t,o,h,l,c,v
2025-08-06T09:30:00,3.065,3.08,3.065,3.0798,50505.0
2025-08-06T09:30:01,3.07,3.1,3.0201,3.095,25097.0
2025-08-06T09:30:02,3.09,3.09,3.06,3.06,13828.0
2025-08-06T09:30:03,3.06,3.08,3.0301,3.0599,14369.0
2025-08-06T09:30:04,3.065,3.07,3.06,3.06,1927.0
2025-08-06T09:30:05,3.065,3.07,3.06,3.0689,4561.0
2025-08-06T09:30:06,3.06,3.0899,3.06,3.07,7198.0
2025-08-06T09:30:07,3.075,3.08,3.06,3.06,14162.0
2025-08-06T09:30:08,3.06,3.06,3.05,3.055,5280.0
2025-08-06T09:30:09,3.05,3.07,3.0001,3.055,11230.0
2025-08-06T09:30:10,3.0589,3.0589,3.0511,3.0511,1046.0
2025-08-06T09:30:11,3.045,3.06,3.04,3.04,11612.0
2025-08-06T09:30:12,3.038,3.06,3.038,3.0599,7272.0
2025-08-06T09:30:13,3.06,3.09,3.0599,3.09,27308.0
2025-08-06T09:30:14,3.09,3.14,3.085,3.13,34009.0
2025-08-06T09:30:15,3.13,3.14,3.11,3.1209,15036.0
2025-08-06T09:30:16,3.1291,3.14,3.1291,3.13,21013.0
2025-08-06T09:30:17,3.1382,3.14,3.125,3.1264,28368.0
2025-08-06T09:30:18,3.1221,3.15,3.12,3.15,33059.0
2025-08-06T09:30:19,3.145,3.17,3.13,3.17,28277.0
2025-08-06T09:30:20,3.165,3.2,3.1611,3.1996,53569.0
2025-08-06T09:30:21,3.198,3.22,3.187137,3.2,56502.0
2025-08-06T09:30:22,3.2,3.22,3.18,3.2,81268.0
2025-08-06T09:30:23,3.1989,3.22,3.19,3.2107,41650.0
2025-08-06T09:30:24,3.2106,3.23,3.195856,3.22,86005.0
2025-08-06T09:30:25,3.22,3.23,3.21,3.22,22932.0
2025-08-06T09:30:26,3.2288,3.23,3.1101,3.205,73225.0
2025-08-06T09:30:27,3.2092,3.226963,3.14,3.145,79693.0
2025-08-06T09:30:28,3.142,3.17,3.12,3.15,32413.0
2025-08-06T09:30:29,3.1599,3.18,3.14,3.16,25491.0
2025-08-06T09:30:30,3.175,3.18,3.165,3.175,15310.0
2025-08-06T09:30:31,3.19,3.2,3.1811,3.19,19689.0
2025-08-06T09:30:32,3.1992,3.205,3.16,3.1709,28894.0
2025-08-06T09:30:33,3.17,3.185,3.14,3.175,26857.0
2025-08-06T09:30:34,3.1499,3.15,3.13,3.15,20907.0
2025-08-06T09:30:35,3.145,3.2199,3.0501,3.14,46992.0
2025-08-06T09:30:36,3.15,3.18,3.1499,3.1799,19462.0
2025-08-06T09:30:37,3.1792,3.2001,3.157497,3.185,20208.0
2025-08-06T09:30:38,3.185,3.2,3.18,3.185,13179.0
2025-08-06T09:30:39,3.185,3.19,3.18,3.1811,16418.0
2025-08-06T09:30:40,3.189,3.189,3.16,3.1609,19408.0
2025-08-06T09:30:41,3.16,3.19,3.16,3.185,20528.0
2025-08-06T09:30:42,3.1799,3.2,3.1799,3.2,9404.0
2025-08-06T09:30:43,3.198,3.21,3.19,3.205,21461.0
2025-08-06T09:30:44,3.2001,3.23,3.2001,3.2201,35559.0
2025-08-06T09:30:45,3.23,3.23,3.21,3.215,38327.0
2025-08-06T09:30:46,3.2101,3.2207,3.1901,3.1989,20375.0
2025-08-06T09:30:47,3.2,3.21,3.18,3.1999,26727.0
2025-08-06T09:30:48,3.19,3.1907,3.18,3.1907,18855.0
2025-08-06T09:30:49,3.19,3.2,3.19,3.1991,15458.0
2025-08-06T09:30:50,3.195,3.2,3.18,3.1963,10233.0
2025-08-06T09:30:51,3.19,3.1993,3.18,3.1806,9788.0
2025-08-06T09:30:52,3.18,3.19,3.16,3.17,34184.0
2025-08-06T09:30:53,3.1808,3.1889,3.17,3.1791,6790.0
2025-08-06T09:30:54,3.165,3.2008,3.165,3.2008,16804.0
2025-08-06T09:30:55,3.2,3.21,3.16,3.205,18455.0
2025-08-06T09:30:56,3.21,3.23,3.2,3.225,22729.0
2025-08-06T09:30:57,3.2201,3.27,3.2201,3.27,61937.0
2025-08-06T09:30:58,3.2608,3.28,3.235,3.265,57626.0
2025-08-06T09:30:59,3.2645,3.28,3.22,3.2299,67701.0
2025-08-06T09:31:00,3.23,3.2391,3.21,3.2288,48343.0
2025-08-06T09:31:01,3.221,3.24,3.21,3.22,16696.0
2025-08-06T09:31:02,3.219,3.24,3.21,3.2399,26781.0
2025-08-06T09:31:03,3.235,3.2692,3.2307,3.2599,40192.0
2025-08-06T09:31:04,3.26,3.335,3.25,3.335,123026.0
2025-08-06T09:31:05,3.335,3.35,3.31,3.3301,152554.0
2025-08-06T09:31:06,3.34,3.3487,3.31,3.33,71129.0
2025-08-06T09:31:07,3.329,3.3495,3.3,3.305,64112.0
2025-08-06T09:31:08,3.3093,3.32,3.28,3.3,64558.0
2025-08-06T09:31:09,3.3,3.31,3.28,3.2845,43787.0
2025-08-06T09:31:10,3.2891,3.29,3.27,3.2885,27916.0
2025-08-06T09:31:11,3.28,3.33,3.27,3.328,30720.0
2025-08-06T09:31:12,3.32,3.33,3.31,3.31,36901.0
2025-08-06T09:31:13,3.3111,3.33,3.3,3.3188,28693.0
2025-08-06T09:31:14,3.32,3.33,3.31,3.3299,34747.0
2025-08-06T09:31:15,3.3212,3.35,3.3,3.3007,52684.0
2025-08-06T09:31:16,3.31,3.31,3.27,3.2799,43112.0
2025-08-06T09:31:17,3.2792,3.3,3.23,3.23,84364.0
2025-08-06T09:31:18,3.23,3.27,3.23,3.27,35477.0
2025-08-06T09:31:19,3.259,3.26,3.23,3.245,21314.0
2025-08-06T09:31:20,3.25,3.2789,3.24,3.27,21516.0
2025-08-06T09:31:21,3.26,3.2788,3.2199,3.23,49973.0
2025-08-06T09:31:22,3.23,3.2557,3.22,3.23,42011.0
2025-08-06T09:31:23,3.24,3.24,3.18,3.2,49930.0
2025-08-06T09:31:24,3.2,3.21,3.18,3.1901,31677.0
2025-08-06T09:31:25,3.195,3.24,3.18,3.23,42308.0
2025-08-06T09:31:26,3.238,3.26,3.238,3.26,23201.0
2025-08-06T09:31:27,3.2599,3.27,3.235,3.2401,22133.0
2025-08-06T09:31:28,3.24,3.26,3.23,3.2396,10322.0
2025-08-06T09:31:29,3.2412,3.2412,3.225,3.225,7815.0
2025-08-06T09:31:30,3.2345,3.26,3.23,3.26,13656.0
2025-08-06T09:31:31,3.2688,3.27,3.255,3.26,20927.0
2025-08-06T09:31:32,3.26,3.3082,3.2591,3.3006,44460.0
2025-08-06T09:31:33,3.308,3.308,3.27,3.2899,24446.0
2025-08-06T09:31:34,3.29,3.3,3.27,3.29,22542.0
2025-08-06T09:31:35,3.3,3.33,3.2999,3.31,25454.0
2025-08-06T09:31:36,3.3045,3.32,3.29,3.32,45973.0
2025-08-06T09:31:37,3.31,3.32,3.29,3.3,18234.0
2025-08-06T09:31:38,3.29,3.31,3.29,3.3,30939.0
2025-08-06T09:31:39,3.2924,3.3088,3.27,3.2883,18293.0
2025-08-06T09:31:40,3.27,3.3,3.27,3.2999,23039.0
2025-08-06T09:31:41,3.3,3.31,3.28,3.3009,10850.0
2025-08-06T09:31:42,3.3001,3.31,3.289,3.3099,18089.0
2025-08-06T09:31:43,3.3099,3.33,3.3099,3.32,22363.0
2025-08-06T09:31:44,3.33,3.33,3.3,3.3212,37725.0
2025-08-06T09:31:45,3.31,3.33,3.28,3.2909,30521.0
2025-08-06T09:31:46,3.2906,3.2999,3.26,3.2601,36471.0
2025-08-06T09:31:47,3.25,3.29,3.25,3.271,33358.0
2025-08-06T09:31:48,3.271,3.3,3.2564,3.3,16378.0
2025-08-06T09:31:49,3.2991,3.3,3.2709,3.289,16541.0
2025-08-06T09:31:50,3.3,3.3,3.28,3.2901,19654.0
2025-08-06T09:31:51,3.2994,3.3,3.28,3.29,11855.0
2025-08-06T09:31:52,3.2801,3.285,3.27,3.2716,9925.0
2025-08-06T09:31:53,3.27,3.28,3.27,3.28,16734.0
2025-08-06T09:31:54,3.2889,3.3,3.28,3.2891,29444.0
2025-08-06T09:31:55,3.29,3.32,3.2812,3.31,22495.0
2025-08-06T09:31:56,3.31,3.33,3.2799,3.29,29747.0
2025-08-06T09:31:57,3.288,3.3,3.27,3.295,20889.0
2025-08-06T09:31:58,3.2801,3.2999,3.28,3.29,16186.0
2025-08-06T09:31:59,3.288,3.29,3.2788,3.285,12370.0
2025-08-06T09:32:00,3.2893,3.3,3.285,3.295,13885.0
2025-08-06T09:32:01,3.2908,3.3,3.29,3.29,50683.0
2025-08-06T09:32:02,3.29,3.2988,3.2505,3.2708,53944.0
2025-08-06T09:32:03,3.2707,3.2788,3.25,3.2509,26978.0
2025-08-06T09:32:04,3.255,3.26,3.24,3.2508,26987.0
2025-08-06T09:32:05,3.26,3.26,3.21,3.22,47160.0
2025-08-06T09:32:06,3.2201,3.24,3.215,3.23,20899.0
2025-08-06T09:32:07,3.2384,3.26,3.22,3.2494,18691.0
2025-08-06T09:32:08,3.25,3.27,3.24,3.2601,24214.0
2025-08-06T09:32:09,3.27,3.27,3.24,3.259,8676.0
2025-08-06T09:32:10,3.25,3.255,3.23,3.2499,19055.0
2025-08-06T09:32:11,3.2489,3.25,3.23,3.235,5815.0
2025-08-06T09:32:12,3.24,3.245,3.23,3.2355,7452.0
2025-08-06T09:32:13,3.2393,3.24,3.23,3.232,3772.0
2025-08-06T09:32:14,3.235,3.24,3.23,3.235,12904.0
2025-08-06T09:32:15,3.24,3.25,3.2332,3.25,13053.0
2025-08-06T09:32:16,3.245,3.26,3.2412,3.255,8360.0
2025-08-06T09:32:17,3.2599,3.27,3.2436,3.25,17520.0
2025-08-06T09:32:18,3.255,3.28,3.255,3.28,8334.0
2025-08-06T09:32:19,3.2701,3.28,3.2501,3.2599,21561.0
2025-08-06T09:32:20,3.26,3.3,3.25,3.291,53144.0
2025-08-06T09:32:21,3.3,3.33,3.28,3.33,43917.0
2025-08-06T09:32:22,3.3255,3.42,3.32,3.4092,136971.0
2025-08-06T09:32:23,3.4092,3.43,3.33,3.39,109156.0
2025-08-06T09:32:24,3.41,3.42,3.38,3.4189,69715.0
2025-08-06T09:32:25,3.4193,3.42,3.38,3.4,89319.0
2025-08-06T09:32:26,3.3901,3.405,3.36,3.38,82142.0
2025-08-06T09:32:27,3.4,3.4,3.35,3.3799,72602.0
2025-08-06T09:32:28,3.38,3.42,3.3588,3.4,48860.0
2025-08-06T09:32:29,3.4099,3.45,3.355,3.45,80143.0
2025-08-06T09:32:30,3.4489,3.49,3.44,3.48,70364.0
2025-08-06T09:32:31,3.48,3.49,3.45,3.4793,94098.0
2025-08-06T09:32:32,3.4701,3.5,3.45,3.4898,90451.0
2025-08-06T09:32:33,3.4855,3.54,3.47,3.5301,79125.0
2025-08-06T09:32:34,3.485,3.55,3.485,3.52,71375.0
2025-08-06T09:32:35,3.5201,3.59,3.52,3.58,101637.0
2025-08-06T09:32:36,3.57,3.605,3.54,3.56,113286.0
2025-08-06T09:32:37,3.57,3.61,3.4801,3.59,82334.0
2025-08-06T09:32:38,3.59,3.61,3.58,3.59,44804.0
2025-08-06T09:32:39,3.59,3.6,3.57,3.5946,71672.0
2025-08-06T09:32:40,3.59,3.6,3.53,3.54,78363.0
2025-08-06T09:32:41,3.54,3.563662,3.51,3.5201,79764.0
2025-08-06T09:32:42,3.52,3.58,3.52,3.565,77807.0
2025-08-06T09:32:43,3.5684,3.58,3.56,3.58,28071.0
2025-08-06T09:32:44,3.5711,3.59,3.57,3.5712,40207.0
2025-08-06T09:32:45,3.58,3.59,3.57,3.57,38991.0
2025-08-06T09:32:46,3.5712,3.5799,3.56,3.5691,40109.0
2025-08-06T09:32:47,3.5611,3.57,3.54,3.5401,42899.0
2025-08-06T09:32:48,3.54,3.57,3.54,3.5512,28202.0
2025-08-06T09:32:49,3.562,3.58,3.56,3.565,38563.0
2025-08-06T09:32:50,3.57,3.57,3.55,3.5555,39710.0
2025-08-06T09:32:51,3.5512,3.56,3.52,3.525,25669.0
2025-08-06T09:32:52,3.525,3.56,3.52,3.5301,41027.0
2025-08-06T09:32:53,3.5393,3.54,3.52,3.535,31672.0
2025-08-06T09:32:54,3.54,3.54,3.52,3.52,38512.0
2025-08-06T09:32:55,3.52,3.53,3.51,3.5199,38935.0
2025-08-06T09:32:56,3.52,3.53,3.51,3.5289,28758.0
2025-08-06T09:32:57,3.5201,3.53,3.52,3.53,28635.0
2025-08-06T09:32:58,3.53,3.54,3.52,3.54,16583.0
2025-08-06T09:32:59,3.539,3.56,3.521,3.5599,42006.0
2025-08-06T09:33:00,3.5582,3.63,3.54,3.63,133949.0
2025-08-06T09:33:01,3.62,3.64,3.6,3.63,92394.0
2025-08-06T09:33:02,3.6245,3.67,3.605,3.6518,89472.0
2025-08-06T09:33:03,3.65,3.68,3.65,3.665,93320.0
2025-08-06T09:33:04,3.66,3.73,3.66,3.7295,118961.0
2025-08-06T09:33:05,3.705,3.73,3.6601,3.7088,70841.0
2025-08-06T09:33:06,3.6892,3.705,3.63,3.649,84562.0
2025-08-06T09:33:07,3.65,3.7,3.63,3.6812,89863.0
2025-08-06T09:33:08,3.6899,3.695,3.65,3.6701,66692.0
2025-08-06T09:33:09,3.68,3.7,3.6588,3.7,49537.0
2025-08-06T09:33:10,3.69,3.7399,3.68,3.7,53902.0
2025-08-06T09:33:11,3.71,3.7799,3.69,3.6911,54423.0
2025-08-06T09:33:12,3.695,3.7,3.67,3.6899,76831.0
2025-08-06T09:33:13,3.69,3.71,3.68,3.69,55927.0
2025-08-06T09:33:14,3.7,3.73,3.6909,3.7245,40915.0
2025-08-06T09:33:15,3.7199,3.74,3.71,3.7399,57219.0
2025-08-06T09:33:16,3.74,3.77,3.73,3.76,81835.0
2025-08-06T09:33:17,3.76,3.77,3.73,3.7498,59422.0
2025-08-06T09:33:18,3.748,3.76,3.73,3.74,46600.0
2025-08-06T09:33:19,3.74,3.77,3.74,3.74,37224.0
2025-08-06T09:33:20,3.75,3.8,3.74,3.787,49132.0
2025-08-06T09:33:21,3.79,3.7945,3.76,3.7688,29419.0
2025-08-06T09:33:22,3.78,3.8,3.76,3.7812,45849.0
2025-08-06T09:33:23,3.799,3.8,3.76,3.8,60217.0
2025-08-06T09:33:24,3.79,3.8,3.78,3.7811,41047.0
2025-08-06T09:33:25,3.7811,3.8,3.78,3.7807,48513.0
2025-08-06T09:33:26,3.79,3.8,3.78,3.785,23708.0
2025-08-06T09:33:27,3.79,3.79,3.75,3.76,56065.0
2025-08-06T09:33:28,3.77,3.7799,3.74,3.76,69091.0
2025-08-06T09:33:29,3.7612,3.8,3.745,3.798,65578.0
2025-08-06T09:33:30,3.79,3.81,3.78,3.7983,64575.0
2025-08-06T09:33:31,3.799,3.84,3.7814,3.83,50490.0
2025-08-06T09:33:32,3.8088,3.86,3.798199,3.84,54594.0
2025-08-06T09:33:33,3.84,3.8508,3.8199,3.8508,68355.0
2025-08-06T09:33:34,3.8506,3.8999,3.8311,3.85,42983.0
2025-08-06T09:33:35,3.8411,3.88,3.84,3.865,30600.0
2025-08-06T09:33:36,3.8611,3.8712,3.815,3.82,60387.0
2025-08-06T09:33:37,3.8297,3.84,3.79,3.8199,96663.0
2025-08-06T09:33:38,3.815,3.85,3.81,3.83,32399.0
2025-08-06T09:33:39,3.83,3.835,3.7963,3.805,53236.0
2025-08-06T09:33:40,3.8007,3.81,3.76,3.7707,116510.0
2025-08-06T09:33:41,3.7702,3.8,3.77,3.7801,57544.0
2025-08-06T09:33:42,3.78,3.8,3.78,3.79,43374.0
2025-08-06T09:33:43,3.79,3.81,3.79,3.8002,55695.0
2025-08-06T09:33:44,3.805,3.84,3.8,3.8209,51352.0
2025-08-06T09:33:45,3.83,3.84,3.81,3.8193,45472.0
2025-08-06T09:33:46,3.8101,3.835,3.8,3.82,51559.0
2025-08-06T09:33:47,3.82,3.83,3.79,3.7945,22614.0
2025-08-06T09:33:48,3.7999,3.8,3.76,3.77,54075.0
2025-08-06T09:33:49,3.77,3.81,3.75,3.765,76215.0
2025-08-06T09:33:50,3.8,3.82,3.75,3.8099,54608.0
2025-08-06T09:33:51,3.8,3.82,3.8,3.81,36111.0
2025-08-06T09:33:52,3.8199,3.82,3.77,3.7707,50252.0
2025-08-06T09:33:53,3.7799,3.7799,3.75,3.7512,42839.0
2025-08-06T09:33:54,3.75,3.78,3.75,3.7745,41042.0
2025-08-06T09:33:55,3.7799,3.78,3.755,3.7788,26844.0
2025-08-06T09:33:56,3.77,3.775,3.72,3.7201,83202.0
2025-08-06T09:33:57,3.725,3.75,3.7101,3.74,38375.0
2025-08-06T09:33:58,3.7478,3.765,3.7213,3.7588,29529.0
2025-08-06T09:33:59,3.7608,3.77,3.75,3.7599,27274.0
2025-08-06T09:34:00,3.755,3.76,3.7345,3.75,19263.0
2025-08-06T09:34:01,3.7492,3.76,3.74,3.75,24874.0
2025-08-06T09:34:02,3.76,3.78,3.74,3.7645,77340.0
2025-08-06T09:34:03,3.7689,3.8,3.763,3.788,34117.0
2025-08-06T09:34:04,3.7807,3.82,3.77,3.8188,68143.0
2025-08-06T09:34:05,3.802,3.85,3.8,3.8499,65003.0
2025-08-06T09:34:06,3.85,3.88,3.83,3.855,81393.0
2025-08-06T09:34:07,3.8545,3.86,3.83,3.85,49538.0
2025-08-06T09:34:08,3.84,3.85,3.82,3.8219,54804.0
2025-08-06T09:34:09,3.825,3.84,3.81,3.815,71831.0
2025-08-06T09:34:10,3.82,3.84,3.81,3.821,40657.0
2025-08-06T09:34:11,3.82,3.84,3.81,3.83,28173.0
2025-08-06T09:34:12,3.83,3.85,3.815,3.8488,71039.0
2025-08-06T09:34:13,3.84,3.8499,3.82,3.821,26801.0
2025-08-06T09:34:14,3.82,3.825,3.77,3.78,107516.0
2025-08-06T09:34:15,3.79,3.8099,3.77,3.79,69197.0
2025-08-06T09:34:16,3.7892,3.79,3.77,3.79,16646.0
2025-08-06T09:34:17,3.7888,3.79,3.77,3.78,28324.0
2025-08-06T09:34:18,3.7888,3.79,3.76,3.77,33229.0
2025-08-06T09:34:19,3.77,3.79,3.7688,3.79,20554.0
2025-08-06T09:34:20,3.7801,3.7971,3.78,3.7971,42160.0
2025-08-06T09:34:21,3.78,3.8,3.78,3.79,17754.0
2025-08-06T09:34:22,3.785,3.7899,3.75,3.77,43546.0
2025-08-06T09:34:23,3.765,3.78,3.75,3.76,19327.0
2025-08-06T09:34:24,3.7693,3.77,3.75,3.75,15170.0
2025-08-06T09:34:25,3.7501,3.76,3.73,3.74,43935.0
2025-08-06T09:34:26,3.7389,3.74,3.6905,3.7054,75335.0
2025-08-06T09:34:27,3.7001,3.7401,3.695,3.715,63863.0
2025-08-06T09:34:28,3.7109,3.7899,3.71,3.725,45217.0
2025-08-06T09:34:29,3.725,3.73,3.69,3.69,52163.0
2025-08-06T09:34:30,3.695,3.72,3.69,3.71,38455.0
2025-08-06T09:34:31,3.7,3.74,3.69,3.74,50628.0
2025-08-06T09:34:32,3.7394,3.78,3.71,3.7612,60032.0
2025-08-06T09:34:33,3.78,3.78,3.7001,3.75,51756.0
2025-08-06T09:34:34,3.755,3.765,3.74,3.75,30458.0
2025-08-06T09:34:35,3.75,3.78,3.74,3.7795,57016.0
2025-08-06T09:34:36,3.778,3.8,3.77,3.7999,34525.0
2025-08-06T09:34:37,3.795,3.81,3.79,3.79,47749.0
2025-08-06T09:34:38,3.7999,3.81,3.75,3.75,44624.0
2025-08-06T09:34:39,3.76,3.78,3.73,3.75,50874.0
2025-08-06T09:34:40,3.74,3.77,3.731,3.7699,30413.0
2025-08-06T09:34:41,3.7699,3.77,3.74,3.76,23520.0
2025-08-06T09:34:42,3.759,3.76,3.73,3.74,18772.0
2025-08-06T09:34:43,3.75,3.76,3.73,3.74,36031.0
2025-08-06T09:34:44,3.748,3.76,3.74,3.7512,18577.0
2025-08-06T09:34:45,3.75,3.7599,3.7401,3.755,11558.0
2025-08-06T09:34:46,3.7599,3.78,3.75,3.77,14555.0
2025-08-06T09:34:47,3.7701,3.7712,3.75,3.77,35223.0
2025-08-06T09:34:48,3.7698,3.77,3.75,3.75,24133.0
2025-08-06T09:34:49,3.7507,3.77,3.7507,3.76,7058.0
2025-08-06T09:34:50,3.76,3.768,3.74,3.742,18631.0
2025-08-06T09:34:51,3.745,3.7501,3.74,3.74,10601.0
2025-08-06T09:34:52,3.75,3.76,3.73,3.73,16441.0
2025-08-06T09:34:53,3.7393,3.74,3.73,3.73,12764.0
2025-08-06T09:34:54,3.73,3.74,3.72,3.722,11162.0
2025-08-06T09:34:55,3.72,3.74,3.72,3.72,7538.0
2025-08-06T09:34:56,3.72,3.73,3.7,3.7289,27884.0
2025-08-06T09:34:57,3.725,3.73,3.71,3.71,21477.0
2025-08-06T09:34:58,3.7145,3.73,3.7,3.72,28933.0
2025-08-06T09:34:59,3.719,3.7199,3.65,3.6699,66845.0
2025-08-06T09:35:00,3.67,3.705,3.65,3.68,57532.0
2025-08-06T09:35:01,3.67,3.7,3.6513,3.69,59646.0
2025-08-06T09:35:02,3.68,3.71,3.665,3.6994,56674.0
2025-08-06T09:35:03,3.6993,3.7399,3.69,3.7399,46378.0
2025-08-06T09:35:04,3.7375,3.75,3.72,3.7378,76884.0
2025-08-06T09:35:05,3.7378,3.75,3.71,3.7404,48919.0
2025-08-06T09:35:06,3.74,3.7599,3.72,3.75,31153.0
2025-08-06T09:35:07,3.74,3.74,3.72,3.735,22575.0
2025-08-06T09:35:08,3.73,3.76,3.73,3.7545,12392.0
2025-08-06T09:35:09,3.7507,3.76,3.73,3.75,27020.0
2025-08-06T09:35:10,3.757,3.757,3.73,3.74,27895.0
2025-08-06T09:35:11,3.7412,3.77,3.74,3.755,36489.0
2025-08-06T09:35:12,3.7599,3.77,3.74,3.7454,31553.0
2025-08-06T09:35:13,3.74,3.7613,3.73,3.745,15205.0
2025-08-06T09:35:14,3.7401,3.76,3.7389,3.76,13643.0
2025-08-06T09:35:15,3.7508,3.77,3.74,3.76,23995.0
2025-08-06T09:35:16,3.761,3.7799,3.76,3.779,19905.0
2025-08-06T09:35:17,3.775,3.79,3.76,3.79,55959.0
2025-08-06T09:35:18,3.79,3.8,3.77,3.79,92429.0
2025-08-06T09:35:19,3.7989,3.8,3.7707,3.7888,75530.0
2025-08-06T09:35:20,3.78,3.79,3.76,3.78,28681.0
2025-08-06T09:35:21,3.79,3.79,3.7201,3.785,38406.0
2025-08-06T09:35:22,3.78,3.79,3.77,3.7892,30851.0
2025-08-06T09:35:23,3.789,3.7991,3.73,3.7393,41368.0
2025-08-06T09:35:24,3.735,3.7688,3.7,3.7345,53798.0
2025-08-06T09:35:25,3.735,3.7399,3.7,3.7099,36861.0
2025-08-06T09:35:26,3.7099,3.74,3.7,3.73,11157.0
2025-08-06T09:35:27,3.73,3.74,3.705,3.72,17778.0
2025-08-06T09:35:28,3.7295,3.7499,3.71,3.71,24868.0
2025-08-06T09:35:29,3.705,3.72,3.67,3.671,63673.0
2025-08-06T09:35:30,3.7012,3.7012,3.66,3.66,28752.0
2025-08-06T09:35:31,3.66,3.67,3.64,3.65,42022.0
2025-08-06T09:35:32,3.6545,3.67,3.65,3.67,30673.0
2025-08-06T09:35:33,3.6612,3.7,3.66,3.6688,35662.0
2025-08-06T09:35:34,3.68,3.68,3.66,3.67,12352.0
2025-08-06T09:35:35,3.66,3.67,3.66,3.67,5819.0
2025-08-06T09:35:36,3.662,3.67,3.6411,3.65,27217.0
2025-08-06T09:35:37,3.64,3.66,3.63,3.66,36670.0
2025-08-06T09:35:38,3.6501,3.6595,3.63,3.6409,28561.0
2025-08-06T09:35:39,3.65,3.66,3.63,3.63,30234.0
2025-08-06T09:35:40,3.63,3.64,3.61,3.62,53733.0
2025-08-06T09:35:41,3.6199,3.63,3.6,3.6006,41892.0
2025-08-06T09:35:42,3.6089,3.65,3.601,3.6499,50022.0
2025-08-06T09:35:43,3.6499,3.68,3.6309,3.665,70684.0
2025-08-06T09:35:44,3.66,3.68,3.65,3.67,35599.0
2025-08-06T09:35:45,3.66,3.71,3.66,3.7,27696.0
2025-08-06T09:35:46,3.695,3.71,3.68,3.6901,35418.0
2025-08-06T09:35:47,3.6901,3.71,3.69,3.71,38844.0
2025-08-06T09:35:48,3.7001,3.73,3.7,3.72,26187.0
2025-08-06T09:35:49,3.73,3.76,3.7188,3.74,36559.0
2025-08-06T09:35:50,3.7492,3.75,3.72,3.7399,27748.0
2025-08-06T09:35:51,3.739,3.77,3.73,3.76,32079.0
2025-08-06T09:35:52,3.76,3.81,3.76,3.805,73521.0
2025-08-06T09:35:53,3.8001,3.8099,3.76,3.7701,53075.0
2025-08-06T09:35:54,3.7799,3.81,3.7701,3.7899,52252.0
2025-08-06T09:35:55,3.79,3.81,3.78,3.8,42644.0
2025-08-06T09:35:56,3.8,3.81,3.79,3.81,36306.0
2025-08-06T09:35:57,3.81,3.8299,3.77,3.7901,70848.0
2025-08-06T09:35:58,3.7901,3.7999,3.75,3.77,95298.0
2025-08-06T09:35:59,3.779,3.79,3.76,3.7899,95177.0
2025-08-06T09:36:00,3.789,3.82,3.77,3.8193,39573.0
2025-08-06T09:36:01,3.8101,3.86,3.805,3.86,105075.0
2025-08-06T09:36:02,3.8581,3.87,3.81,3.8595,105280.0
2025-08-06T09:36:03,3.845,3.9099,3.8,3.8257,168486.0
2025-08-06T09:36:04,3.81,3.83,3.81,3.8207,53438.0
2025-08-06T09:36:05,3.83,3.87,3.8199,3.87,60162.0
2025-08-06T09:36:06,3.86,3.87,3.84,3.865,64881.0
2025-08-06T09:36:07,3.8699,3.89,3.8401,3.865,60519.0
2025-08-06T09:36:08,3.8607,3.88,3.8594,3.87,64807.0
2025-08-06T09:36:09,3.865,3.88,3.8289,3.8289,55874.0
2025-08-06T09:36:10,3.82,3.84,3.81,3.83,67444.0
2025-08-06T09:36:11,3.83,3.88,3.8299,3.8636,65055.0
2025-08-06T09:36:12,3.855,3.869,3.82,3.83,37613.0
2025-08-06T09:36:13,3.8345,3.84,3.82,3.822,28211.0
2025-08-06T09:36:14,3.83,3.86,3.82,3.85,24370.0
2025-08-06T09:36:15,3.8491,3.86,3.84,3.85,40569.0
2025-08-06T09:36:16,3.85,3.86,3.84,3.8489,35649.0
2025-08-06T09:36:17,3.8414,3.855,3.82,3.83,50962.0
2025-08-06T09:36:18,3.82,3.843402,3.81,3.81,37933.0
2025-08-06T09:36:19,3.82,3.83,3.81,3.8111,35808.0
2025-08-06T09:36:20,3.82,3.82,3.79,3.795,36215.0
2025-08-06T09:36:21,3.795,3.8012,3.77,3.7701,53145.0
2025-08-06T09:36:22,3.77,3.78,3.73,3.735,61213.0
2025-08-06T09:36:23,3.735,3.7588,3.7,3.73,80359.0
2025-08-06T09:36:24,3.73,3.75,3.7188,3.749,51961.0
2025-08-06T09:36:25,3.7409,3.77,3.73,3.76,25558.0
2025-08-06T09:36:26,3.76,3.78,3.73,3.7693,46790.0
2025-08-06T09:36:27,3.7699,3.77,3.76,3.77,14916.0
2025-08-06T09:36:28,3.769,3.77,3.7501,3.7612,24017.0
2025-08-06T09:36:29,3.7511,3.76,3.7,3.7388,31769.0
2025-08-06T09:36:30,3.72,3.74,3.7,3.73,25842.0
2025-08-06T09:36:31,3.73,3.8199,3.72,3.73,37395.0
2025-08-06T09:36:32,3.7499,3.77,3.73,3.7699,24269.0
2025-08-06T09:36:33,3.7313,3.77,3.7313,3.765,5698.0
2025-08-06T09:36:34,3.7699,3.77,3.7505,3.7565,25910.0
2025-08-06T09:36:35,3.75,3.75,3.73,3.75,17095.0
2025-08-06T09:36:36,3.742,3.75,3.7404,3.742,5542.0
2025-08-06T09:36:37,3.7497,3.75,3.74,3.7489,4952.0
2025-08-06T09:36:38,3.7454,3.7499,3.73,3.74,8710.0
2025-08-06T09:36:39,3.7365,3.74,3.71,3.71,22521.0
2025-08-06T09:36:40,3.7199,3.7201,3.71,3.71,14656.0
2025-08-06T09:36:41,3.71,3.72,3.71,3.715,20060.0
2025-08-06T09:36:42,3.7191,3.72,3.71,3.7112,14144.0
2025-08-06T09:36:43,3.7199,3.72,3.7,3.7088,17898.0
2025-08-06T09:36:44,3.71,3.71,3.68,3.68,34034.0
2025-08-06T09:36:45,3.685,3.71,3.68,3.7001,38214.0
2025-08-06T09:36:46,3.7,3.72,3.7,3.7101,30654.0
2025-08-06T09:36:47,3.7189,3.72,3.71,3.7198,7866.0
2025-08-06T09:36:48,3.715,3.7499,3.711,3.728,15038.0
2025-08-06T09:36:49,3.735,3.7385,3.7202,3.7213,4644.0
2025-08-06T09:36:50,3.7293,3.73,3.7101,3.7288,11001.0
2025-08-06T09:36:51,3.73,3.73,3.72,3.7299,6574.0
2025-08-06T09:36:52,3.7212,3.73,3.72,3.73,5788.0
2025-08-06T09:36:53,3.7205,3.721,3.71,3.71,12731.0
2025-08-06T09:36:54,3.7212,3.7212,3.691,3.691,17234.0
2025-08-06T09:36:55,3.6999,3.7,3.69,3.7,8943.0
2025-08-06T09:36:56,3.6952,3.7,3.69,3.69,7474.0
2025-08-06T09:36:57,3.69,3.72,3.69,3.705,16881.0
2025-08-06T09:36:58,3.7097,3.71,3.7,3.7099,7687.0
2025-08-06T09:36:59,3.7,3.709,3.7,3.7089,5650.0
2025-08-06T09:37:00,3.7,3.71,3.7,3.7089,15222.0
2025-08-06T09:37:01,3.7001,3.709999,3.68,3.685,36985.0
2025-08-06T09:37:02,3.69,3.71,3.69,3.71,16653.0
2025-08-06T09:37:03,3.711,3.73,3.71,3.7112,26631.0
2025-08-06T09:37:04,3.7389,3.78,3.73,3.77,46848.0
2025-08-06T09:37:05,3.78,3.8,3.77,3.79,43098.0
2025-08-06T09:37:06,3.7942,3.795,3.77,3.77,29439.0
2025-08-06T09:37:07,3.7799,3.7799,3.76,3.77,24364.0
2025-08-06T09:37:08,3.7692,3.79,3.76,3.7807,29078.0
2025-08-06T09:37:09,3.7801,3.79,3.78,3.7808,5181.0
2025-08-06T09:37:10,3.78,3.79,3.77,3.7801,26946.0
2025-08-06T09:37:11,3.7801,3.79,3.77,3.7888,19297.0
2025-08-06T09:37:12,3.7809,3.8,3.76,3.76,44565.0
2025-08-06T09:37:13,3.76,3.789,3.76,3.7809,11986.0
2025-08-06T09:37:14,3.785,3.79,3.778817,3.7891,14578.0
2025-08-06T09:37:15,3.7807,3.81,3.78,3.7912,35229.0
2025-08-06T09:37:16,3.7901,3.83,3.79,3.83,48303.0
2025-08-06T09:37:17,3.8288,3.86,3.8203,3.86,68086.0
2025-08-06T09:37:18,3.8593,3.8895,3.85,3.875,61813.0
2025-08-06T09:37:19,3.871,3.89,3.86,3.8708,42889.0
2025-08-06T09:37:20,3.8701,3.89,3.86,3.86,44981.0
2025-08-06T09:37:21,3.8601,3.886674,3.83,3.8512,35660.0
2025-08-06T09:37:22,3.842,3.89,3.84,3.8893,65422.0
2025-08-06T09:37:23,3.8893,3.93,3.875,3.92,140774.0
2025-08-06T09:37:24,3.9199,3.92,3.87,3.8801,119193.0
2025-08-06T09:37:25,3.89,3.89,3.85,3.8591,73772.0
2025-08-06T09:37:26,3.86,3.8812,3.84,3.86,41404.0
2025-08-06T09:37:27,3.8689,3.9,3.86,3.8906,59042.0
2025-08-06T09:37:28,3.8999,3.92,3.882,3.9001,42188.0
2025-08-06T09:37:29,3.905,3.92,3.87,3.8901,82353.0
2025-08-06T09:37:30,3.8901,3.94,3.88,3.918,72251.0
2025-08-06T09:37:31,3.9151,3.92,3.89,3.89,57540.0
2025-08-06T09:37:32,3.9,3.9,3.87,3.87,46535.0
2025-08-06T09:37:33,3.86,3.8986,3.86,3.87,41584.0
2025-08-06T09:37:34,3.87,3.89,3.85,3.88,54629.0
2025-08-06T09:37:35,3.89,3.89,3.85,3.85,43771.0
2025-08-06T09:37:36,3.8554,3.9,3.85,3.8999,26404.0
2025-08-06T09:37:37,3.8945,3.91,3.88,3.9012,29257.0
2025-08-06T09:37:38,3.8911,3.92,3.89,3.905,34307.0
2025-08-06T09:37:39,3.905,3.9208,3.9,3.9,36694.0
2025-08-06T09:37:40,3.91,3.95,3.9,3.93,65951.0
2025-08-06T09:37:41,3.9388,3.94,3.92,3.9303,31784.0
2025-08-06T09:37:42,3.9317,3.94,3.92,3.9281,27129.0
2025-08-06T09:37:43,3.93,3.9401,3.9,3.9401,69586.0
2025-08-06T09:37:44,3.9401,3.95,3.9088,3.94,33510.0
2025-08-06T09:37:45,3.95,3.95,3.93,3.9312,23940.0
2025-08-06T09:37:46,3.9301,3.949,3.93,3.93,43364.0
2025-08-06T09:37:47,3.9393,3.94,3.92,3.93,49541.0
2025-08-06T09:37:48,3.9207,3.9207,3.9,3.9009,27813.0
2025-08-06T09:37:49,3.9,3.9093,3.88,3.89,34658.0
2025-08-06T09:37:50,3.8988,3.9,3.8001,3.89,40025.0
2025-08-06T09:37:51,3.8823,3.91,3.8807,3.9092,25859.0
2025-08-06T09:37:52,3.91,3.92,3.9012,3.91,34871.0
2025-08-06T09:37:53,3.9,3.93,3.88,3.9135,51064.0
2025-08-06T09:37:54,3.92,3.94,3.91,3.94,21922.0
2025-08-06T09:37:55,3.9386,3.94,3.92,3.925,19602.0
2025-08-06T09:37:56,3.925,3.94,3.92,3.935,27500.0
2025-08-06T09:37:57,3.9307,3.94,3.92,3.92,11791.0
2025-08-06T09:37:58,3.9288,3.93,3.91,3.92,31471.0
2025-08-06T09:37:59,3.9288,3.9288,3.91,3.9188,16684.0
2025-08-06T09:38:00,3.911,3.93,3.9,3.9095,23175.0
2025-08-06T09:38:01,3.9097,3.92,3.9,3.9093,42753.0
2025-08-06T09:38:02,3.9097,3.9097,3.88,3.885,43071.0
2025-08-06T09:38:03,3.8818,3.9,3.85,3.8507,97322.0
2025-08-06T09:38:04,3.8593,3.93,3.83,3.91,109862.0
2025-08-06T09:38:05,3.9001,3.97,3.87,3.97,186278.0
2025-08-06T09:38:06,3.9699,3.98,3.93,3.9799,134852.0
2025-08-06T09:38:07,3.965,3.97,3.92,3.9303,96163.0
2025-08-06T09:38:08,3.9437,3.98,3.929,3.9765,48164.0
2025-08-06T09:38:09,3.975,3.98,3.94,3.9499,34296.0
2025-08-06T09:38:10,3.9445,3.98,3.9345,3.97,79664.0
2025-08-06T09:38:11,3.9709,3.981,3.96,3.968,50077.0
2025-08-06T09:38:12,3.9699,3.98,3.96,3.9797,30357.0
2025-08-06T09:38:13,3.975,4.0,3.97,3.985,56675.0
2025-08-06T09:38:14,3.9805,3.9811,3.94,3.9608,78708.0
2025-08-06T09:38:15,3.97,4.0,3.9601,3.99,30741.0
2025-08-06T09:38:16,4.0,4.0,3.98,3.9901,52844.0
2025-08-06T09:38:17,4.0,4.0,3.97,3.99,54357.0
2025-08-06T09:38:18,4.0,4.0,3.96,3.98,45375.0
2025-08-06T09:38:19,3.972,4.0,3.96,3.9999,61057.0
2025-08-06T09:38:20,3.99,4.0,3.98,3.9999,128086.0
2025-08-06T09:38:21,4.0,4.0,3.9,3.9588,103742.0
2025-08-06T09:38:22,3.9099,3.96,3.9,3.96,81483.0
2025-08-06T09:38:23,3.95,3.958,3.91,3.9314,59547.0
2025-08-06T09:38:24,3.94,3.95,3.92,3.935,24956.0
2025-08-06T09:38:25,3.9307,3.95,3.92,3.935,31466.0
2025-08-06T09:38:26,3.935,3.95,3.92,3.9488,25906.0
2025-08-06T09:38:27,3.9389,3.94,3.92,3.925,26326.0
2025-08-06T09:38:28,3.9299,4.09,3.9,4.04,242931.0
2025-08-06T09:38:29,4.05,4.08,3.9301,4.08,74566.0
2025-08-06T09:38:30,4.0699,4.13,4.0301,4.07,162437.0
2025-08-06T09:38:31,4.07,4.18,4.0612,4.1699,107216.0
2025-08-06T09:38:32,4.1633,4.2399,4.1214,4.14,140469.0
2025-08-06T09:38:33,4.15,4.15,4.09,4.0902,97098.0
2025-08-06T09:38:34,4.1,4.1498,4.08,4.1498,124380.0
2025-08-06T09:38:35,4.1499,4.18,4.13,4.17,97411.0
2025-08-06T09:38:36,4.17,4.18,4.13,4.15,92934.0
2025-08-06T09:38:37,4.15,4.15,4.04,4.08,136500.0
2025-08-06T09:38:38,4.085,4.13,4.045,4.1208,65858.0
2025-08-06T09:38:39,4.122,4.14,4.1,4.14,53056.0
2025-08-06T09:38:40,4.13,4.1352,4.11,4.12,65153.0
2025-08-06T09:38:41,4.126,4.15,4.11,4.14,37458.0
2025-08-06T09:38:42,4.15,4.15,4.11,4.115,41368.0
2025-08-06T09:38:43,4.118,4.1299,4.08,4.08,46575.0
2025-08-06T09:38:44,4.081,4.1,4.08,4.0988,52113.0
2025-08-06T09:38:45,4.1,4.17,4.1,4.17,66206.0
2025-08-06T09:38:46,4.1689,4.1701,4.1311,4.15,56671.0
2025-08-06T09:38:47,4.16,4.17,4.14,4.1468,38814.0
2025-08-06T09:38:48,4.16,4.17,4.11,4.1245,57278.0
2025-08-06T09:38:49,4.13,4.15,4.1199,4.1199,48746.0
2025-08-06T09:38:50,4.1299,4.15,4.12,4.13,40857.0
2025-08-06T09:38:51,4.1306,4.16,4.12,4.1599,23657.0
2025-08-06T09:38:52,4.15,4.18,4.15,4.175,39576.0
2025-08-06T09:38:53,4.18,4.18,4.16,4.161,38527.0
2025-08-06T09:38:54,4.161,4.18,4.145,4.1545,34217.0
2025-08-06T09:38:55,4.155,4.16,4.14,4.1545,34988.0
2025-08-06T09:38:56,4.1545,4.17,4.15,4.15,20511.0
2025-08-06T09:38:57,4.16,4.16,4.12,4.1288,32444.0
2025-08-06T09:38:58,4.13,4.1488,4.12,4.1394,42385.0
2025-08-06T09:38:59,4.135,4.17,4.135,4.16,41557.0
2025-08-06T09:39:00,4.16,4.17,3.9701,4.105,194188.0
2025-08-06T09:39:01,4.105,4.18,4.02,4.0799,186291.0
2025-08-06T09:39:02,4.0701,4.11,4.02,4.0301,110513.0
2025-08-06T09:39:03,4.03,4.06,4.02,4.0499,74909.0
2025-08-06T09:39:04,4.04,4.07,4.02,4.0599,63509.0
2025-08-06T09:39:05,4.0691,4.09,4.05,4.08,33711.0
2025-08-06T09:39:06,4.08,4.1,4.07,4.08,65094.0
2025-08-06T09:39:07,4.09,4.1,4.0708,4.0993,42978.0
2025-08-06T09:39:08,4.1,4.1,4.07,4.08,25194.0
2025-08-06T09:39:09,4.08,4.09,4.06,4.0709,39646.0
2025-08-06T09:39:10,4.0788,4.08,3.95,3.96,160027.0
2025-08-06T09:39:11,3.97,4.01,3.8001,3.83,285221.0
2025-08-06T09:39:12,3.8313,3.9512,3.81,3.875,178092.0
2025-08-06T09:39:13,3.875,3.89,3.85,3.88,83820.0
2025-08-06T09:39:14,3.88,3.92,3.8512,3.89,81011.0
2025-08-06T09:39:15,3.9099,3.92,3.87,3.8701,74954.0
2025-08-06T09:39:16,3.875,3.8999,3.86,3.882,60827.0
2025-08-06T09:39:17,3.8999,3.93,3.88,3.91,38481.0
2025-08-06T09:39:18,3.92,3.93,3.9,3.93,43353.0
2025-08-06T09:39:19,3.94,3.94,3.9112,3.93,31479.0
2025-08-06T09:39:20,3.9254,3.9307,3.91,3.92,31479.0
2025-08-06T09:39:21,3.9299,3.93,3.9,3.9247,47654.0
2025-08-06T09:39:22,3.9112,3.93,3.9012,3.915,17910.0
2025-08-06T09:39:23,3.92,3.96,3.915,3.96,24068.0
2025-08-06T09:39:24,3.96,3.99,3.95,3.95,31101.0
2025-08-06T09:39:25,3.95,3.9612,3.94,3.955,36708.0
2025-08-06T09:39:26,3.95,3.95,3.9001,3.925,24168.0
2025-08-06T09:39:27,3.925,3.93,3.9,3.915,28783.0
2025-08-06T09:39:28,3.915,3.92,3.9,3.91,17441.0
2025-08-06T09:39:29,3.9108,3.92,3.9,3.9099,29672.0
2025-08-06T09:39:30,3.91,3.92,3.9,3.92,14101.0
2025-08-06T09:39:31,3.905,3.92,3.905,3.9135,18192.0
2025-08-06T09:39:32,3.9199,3.93,3.91,3.91,12183.0
2025-08-06T09:39:33,3.93,3.95,3.915,3.9212,17622.0
2025-08-06T09:39:34,3.9312,3.9399,3.92,3.93,8564.0
2025-08-06T09:39:35,3.9299,3.94,3.92,3.92,14300.0
2025-08-06T09:39:36,3.93,3.9599,3.92,3.9406,13776.0
2025-08-06T09:39:37,3.9401,3.95,3.94,3.9412,22757.0
2025-08-06T09:39:38,3.9488,3.95,3.9,3.91,59944.0
2025-08-06T09:39:39,3.905,3.92,3.88,3.885,37362.0
2025-08-06T09:39:40,3.8899,3.917613,3.88,3.9,46007.0
2025-08-06T09:39:41,3.895,3.91,3.8812,3.9,19067.0
2025-08-06T09:39:42,3.9,3.91,3.89,3.8954,10476.0
2025-08-06T09:39:43,3.9,3.9,3.89,3.8993,10744.0
2025-08-06T09:39:44,3.8912,3.91,3.89,3.9099,14800.0
2025-08-06T09:39:45,3.9011,3.91,3.9,3.9012,18369.0
2025-08-06T09:39:46,3.91,3.92,3.9,3.905,18389.0
2025-08-06T09:39:47,3.9093,3.91,3.89,3.9007,11225.0
2025-08-06T09:39:48,3.905,3.905,3.88,3.8899,35411.0
2025-08-06T09:39:49,3.8847,3.9,3.87,3.875,31092.0
2025-08-06T09:39:50,3.8789,3.879,3.85,3.855,29479.0
2025-08-06T09:39:51,3.85,3.89,3.83,3.8612,33064.0
2025-08-06T09:39:52,3.865,3.9,3.86,3.8899,37803.0
2025-08-06T09:39:53,3.89,3.9,3.87,3.881,21875.0
2025-08-06T09:39:54,3.885,3.9,3.88,3.8808,19425.0
2025-08-06T09:39:55,3.8809,3.8899,3.86,3.86,18462.0
2025-08-06T09:39:56,3.865,3.87,3.85,3.8612,19417.0
2025-08-06T09:39:57,3.8599,3.87,3.85,3.8688,7656.0
2025-08-06T09:39:58,3.86,3.8889,3.85,3.87,26027.0
2025-08-06T09:39:59,3.87,3.89,3.86,3.875,34376.0
2025-08-06T09:40:00,3.878,3.88,3.84,3.8499,38499.0
2025-08-06T09:40:01,3.86,3.86,3.84,3.84,24921.0
2025-08-06T09:40:02,3.8411,3.845,3.8,3.8007,64334.0
2025-08-06T09:40:03,3.8088,3.84,3.8,3.815,56571.0
2025-08-06T09:40:04,3.81,3.84,3.8088,3.83,59916.0
2025-08-06T09:40:05,3.83,3.85,3.81,3.82,51929.0
2025-08-06T09:40:06,3.82,3.83,3.81,3.8211,24086.0
2025-08-06T09:40:07,3.83,3.8499,3.83,3.84,17715.0
2025-08-06T09:40:08,3.845,3.85,3.83,3.84,19848.0
2025-08-06T09:40:09,3.85,3.85,3.83,3.84,25884.0
2025-08-06T09:40:10,3.8319,3.85,3.83,3.8399,20048.0
2025-08-06T09:40:11,3.84,3.85,3.83,3.835,21986.0
2025-08-06T09:40:12,3.835,3.84,3.8218,3.84,18279.0
2025-08-06T09:40:13,3.83,3.84,3.82,3.82,12979.0
2025-08-06T09:40:14,3.8211,3.8288,3.79,3.791,40044.0
2025-08-06T09:40:15,3.79,3.8,3.77,3.7911,73914.0
2025-08-06T09:40:16,3.7901,3.81,3.7812,3.7992,55289.0
2025-08-06T09:40:17,3.795,3.81,3.79,3.795,32651.0
2025-08-06T09:40:18,3.7993,3.8,3.78,3.8,26382.0
2025-08-06T09:40:19,3.79,3.82,3.78,3.7998,49537.0
2025-08-06T09:40:20,3.7998,3.83,3.79,3.8199,34561.0
2025-08-06T09:40:21,3.8199,3.83,3.81,3.8135,18027.0
2025-08-06T09:40:22,3.82,3.82,3.8,3.8089,16645.0
2025-08-06T09:40:23,3.8091,3.83,3.8,3.83,20839.0
2025-08-06T09:40:24,3.8299,3.83,3.8,3.8,13175.0
2025-08-06T09:40:25,3.8099,3.82,3.8,3.8101,17955.0
2025-08-06T09:40:26,3.8189,3.8189,3.8,3.8099,12071.0
2025-08-06T09:40:27,3.8012,3.82,3.8,3.8101,24727.0
2025-08-06T09:40:28,3.815,3.8199,3.8,3.8,11381.0
2025-08-06T09:40:29,3.8003,3.81,3.79,3.79,17666.0
2025-08-06T09:40:30,3.79,3.8,3.78,3.7846,17874.0
2025-08-06T09:40:31,3.79,3.8,3.78,3.79,9586.0
2025-08-06T09:40:32,3.79,3.797,3.78,3.79,12537.0
2025-08-06T09:40:33,3.7899,3.8,3.78,3.79,17986.0
2025-08-06T09:40:34,3.79,3.7901,3.78,3.7801,60845.0
2025-08-06T09:40:35,3.7801,3.81,3.78,3.8003,21972.0
2025-08-06T09:40:36,3.8001,3.82,3.7912,3.818,26068.0
2025-08-06T09:40:37,3.8155,3.84,3.81,3.84,26350.0
2025-08-06T09:40:38,3.84,3.87,3.83,3.8693,52444.0
2025-08-06T09:40:39,3.87,3.88,3.86,3.875,34865.0
2025-08-06T09:40:40,3.88,3.9,3.87,3.875,49188.0
2025-08-06T09:40:41,3.88,3.9,3.83,3.8599,67974.0
2025-08-06T09:40:42,3.86,3.88,3.85,3.8793,25912.0
2025-08-06T09:40:43,3.88,3.9,3.87,3.9,24038.0
2025-08-06T09:40:44,3.9,3.91,3.88,3.9088,43474.0
2025-08-06T09:40:45,3.901,3.91,3.88,3.8988,40596.0
2025-08-06T09:40:46,3.89,3.9,3.88,3.8801,35253.0
2025-08-06T09:40:47,3.9,3.92,3.88,3.92,29346.0
2025-08-06T09:40:48,3.8988,3.92,3.89,3.915,28371.0
2025-08-06T09:40:49,3.91,3.92,3.9,3.9041,24721.0
2025-08-06T09:40:50,3.9,3.92,3.89,3.9,30530.0
2025-08-06T09:40:51,3.9001,3.9088,3.88,3.8907,47287.0
2025-08-06T09:40:52,3.8999,3.9,3.84,3.85,35465.0
2025-08-06T09:40:53,3.86,3.89,3.84,3.8806,28749.0
2025-08-06T09:40:54,3.885,3.885,3.87,3.87,15007.0
2025-08-06T09:40:55,3.8691,3.875,3.86,3.87,6402.0
2025-08-06T09:40:56,3.8799,3.88,3.865,3.865,8170.0
2025-08-06T09:40:57,3.8699,3.88,3.85,3.86,17312.0
2025-08-06T09:40:58,3.86,3.8688,3.83,3.86,20715.0
2025-08-06T09:40:59,3.86,3.86,3.84,3.845,18360.0
2025-08-06T09:41:00,3.848,3.8599,3.84,3.8599,11751.0
2025-08-06T09:41:01,3.85,3.9,3.85,3.8899,64368.0
2025-08-06T09:41:02,3.89,3.92,3.8888,3.92,42223.0
2025-08-06T09:41:03,3.92,3.94,3.88,3.898,82131.0
2025-08-06T09:41:04,3.89,3.945,3.88,3.93,49520.0
2025-08-06T09:41:05,3.945,3.958,3.92,3.9508,42198.0
2025-08-06T09:41:06,3.95,3.9588,3.91,3.935,55090.0
2025-08-06T09:41:07,3.94,3.95,3.91,3.911,55709.0
2025-08-06T09:41:08,3.9145,3.92,3.89,3.91,32430.0
2025-08-06T09:41:09,3.909,3.915,3.9,3.9,25113.0
2025-08-06T09:41:10,3.8989,3.92,3.8989,3.9111,27106.0
2025-08-06T09:41:11,3.915,3.93,3.9,3.91,30166.0
2025-08-06T09:41:12,3.919,3.9288,3.8807,3.89,29033.0
2025-08-06T09:41:13,3.89,3.89,3.82,3.82,61976.0
2025-08-06T09:41:14,3.8399,3.8609,3.82,3.8306,52152.0
2025-08-06T09:41:15,3.8311,3.835,3.77,3.79,77092.0
2025-08-06T09:41:16,3.7819,3.8,3.73,3.73,123413.0
2025-08-06T09:41:17,3.731,3.7999,3.73,3.7812,66339.0
2025-08-06T09:41:18,3.7902,3.82,3.7512,3.7999,24946.0
2025-08-06T09:41:19,3.79,3.79,3.78,3.785,22045.0
2025-08-06T09:41:20,3.79,3.81,3.78,3.8011,21099.0
2025-08-06T09:41:21,3.8,3.81,3.79,3.81,20699.0
2025-08-06T09:41:22,3.8001,3.81,3.79,3.805,17560.0
2025-08-06T09:41:23,3.8,3.8,3.781,3.785,26950.0
2025-08-06T09:41:24,3.79,3.8,3.78,3.79,7342.0
2025-08-06T09:41:25,3.7988,3.8,3.77,3.785,20117.0
2025-08-06T09:41:26,3.78,3.785,3.77,3.7701,13444.0
2025-08-06T09:41:27,3.77,3.78,3.76,3.7688,33530.0
2025-08-06T09:41:28,3.76,3.78,3.75,3.76,26008.0
2025-08-06T09:41:29,3.762,3.77,3.75,3.77,16884.0
2025-08-06T09:41:30,3.76,3.77,3.75,3.76,28317.0
2025-08-06T09:41:31,3.77,3.8,3.7512,3.78,16843.0
2025-08-06T09:41:32,3.7808,3.81,3.7806,3.8008,24567.0
2025-08-06T09:41:33,3.81,3.81,3.79,3.8,5073.0
2025-08-06T09:41:34,3.7907,3.8,3.79,3.8,7162.0
2025-08-06T09:41:35,3.795,3.8,3.79,3.7912,3647.0
2025-08-06T09:41:36,3.795,3.7999,3.79,3.7954,6794.0
2025-08-06T09:41:37,3.7988,3.7988,3.77,3.7799,11900.0
2025-08-06T09:41:38,3.77,3.79,3.77,3.77,25119.0
2025-08-06T09:41:39,3.77,3.78,3.75,3.7501,22025.0
2025-08-06T09:41:40,3.7512,3.7599,3.75,3.7501,7654.0
2025-08-06T09:41:41,3.7592,3.7592,3.74,3.75,17392.0
2025-08-06T09:41:42,3.74,3.7489,3.73,3.73,15711.0
2025-08-06T09:41:43,3.73,3.76,3.73,3.75,43991.0
2025-08-06T09:41:44,3.75,3.7699,3.74,3.7692,39456.0
2025-08-06T09:41:45,3.7693,3.78,3.75,3.7601,32291.0
2025-08-06T09:41:46,3.76,3.7693,3.75,3.7501,10074.0
2025-08-06T09:41:47,3.765,3.765,3.75,3.7589,2498.0
2025-08-06T09:41:48,3.755,3.7588,3.7512,3.7588,4726.0
2025-08-06T09:41:49,3.75,3.76,3.75,3.7599,6184.0
2025-08-06T09:41:50,3.755,3.7599,3.75,3.75,11324.0
2025-08-06T09:41:51,3.75,3.76,3.74,3.7411,10536.0
2025-08-06T09:41:52,3.7492,3.7499,3.74,3.74,7941.0
2025-08-06T09:41:53,3.74,3.75,3.74,3.7411,6363.0
2025-08-06T09:41:54,3.74,3.77,3.74,3.77,16365.0
2025-08-06T09:41:55,3.7512,3.77,3.73,3.74,27338.0
2025-08-06T09:41:56,3.74,3.75,3.73,3.7408,20034.0
2025-08-06T09:41:57,3.74,3.7599,3.73,3.74,24529.0
2025-08-06T09:41:58,3.7416,3.77,3.74,3.76,10724.0
2025-08-06T09:41:59,3.7621,3.7699,3.75,3.7699,13999.0
2025-08-06T09:42:00,3.7691,3.7691,3.75,3.76,8899.0
2025-08-06T09:42:01,3.7591,3.77,3.75,3.7689,23334.0
2025-08-06T09:42:02,3.7699,3.7699,3.74,3.7501,15170.0
2025-08-06T09:42:03,3.7554,3.76,3.74,3.7407,20886.0
2025-08-06T09:42:04,3.7408,3.75,3.74,3.74,14207.0
2025-08-06T09:42:05,3.7499,3.7499,3.71,3.7107,53065.0
2025-08-06T09:42:06,3.712,3.74,3.71,3.7112,25114.0
2025-08-06T09:42:07,3.7303,3.745,3.72,3.7212,23680.0
2025-08-06T09:42:08,3.72,3.73,3.71,3.713,28988.0
2025-08-06T09:42:09,3.715,3.7199,3.6701,3.6701,77020.0
2025-08-06T09:42:10,3.679,3.72,3.67,3.705,46567.0
2025-08-06T09:42:11,3.71,3.73,3.671,3.7102,41765.0
2025-08-06T09:42:12,3.72,3.72,3.6903,3.7012,33427.0
2025-08-06T09:42:13,3.71,3.71,3.68,3.6888,27754.0
2025-08-06T09:42:14,3.6809,3.6989,3.67,3.69,26785.0
2025-08-06T09:42:15,3.7,3.7,3.66,3.66,50249.0
2025-08-06T09:42:16,3.6612,3.69,3.66,3.68,34540.0
2025-08-06T09:42:17,3.685,3.7,3.68,3.68,19138.0
2025-08-06T09:42:18,3.6895,3.7,3.68,3.7,29578.0
2025-08-06T09:42:19,3.69,3.6993,3.67,3.6789,25299.0
2025-08-06T09:42:20,3.67,3.68,3.66,3.662,53182.0
2025-08-06T09:42:21,3.66,3.685,3.66,3.66,41341.0
2025-08-06T09:42:22,3.6745,3.68,3.66,3.67,27352.0
2025-08-06T09:42:23,3.6688,3.68,3.66,3.6689,16104.0
2025-08-06T09:42:24,3.6607,3.67,3.66,3.66,9394.0
2025-08-06T09:42:25,3.66,3.67,3.62,3.649,66145.0
2025-08-06T09:42:26,3.64,3.66,3.63,3.66,31954.0
2025-08-06T09:42:27,3.655,3.6899,3.6505,3.68,30923.0
2025-08-06T09:42:28,3.6801,3.7,3.68,3.6999,28265.0
2025-08-06T09:42:29,3.6901,3.7,3.6799,3.695,32537.0
2025-08-06T09:42:30,3.7,3.7,3.6805,3.6904,23257.0
2025-08-06T09:42:31,3.7,3.7,3.69,3.6999,6152.0
2025-08-06T09:42:32,3.7,3.7,3.69,3.7,12339.0
2025-08-06T09:42:33,3.695,3.7,3.69,3.69,14154.0
2025-08-06T09:42:34,3.6993,3.7,3.685,3.6855,13969.0
2025-08-06T09:42:35,3.6893,3.6899,3.68,3.68,8681.0
2025-08-06T09:42:36,3.68,3.6893,3.67,3.6801,13951.0
2025-08-06T09:42:37,3.68,3.68,3.67,3.6775,2466.0
2025-08-06T09:42:38,3.6799,3.68,3.67,3.6701,6922.0
2025-08-06T09:42:39,3.67,3.68,3.67,3.68,8465.0
2025-08-06T09:42:40,3.675,3.68,3.67,3.6701,3012.0
2025-08-06T09:42:41,3.6712,3.68,3.67,3.6796,7688.0
2025-08-06T09:42:42,3.6702,3.68,3.67,3.67,3871.0
2025-08-06T09:42:43,3.6709,3.69,3.6709,3.6801,11065.0
2025-08-06T09:42:44,3.69,3.7,3.68,3.6999,12941.0
2025-08-06T09:42:45,3.6981,3.71,3.69,3.7,27819.0
2025-08-06T09:42:46,3.6999,3.73,3.69,3.725,29222.0
2025-08-06T09:42:47,3.7245,3.75,3.705,3.725,30999.0
2025-08-06T09:42:48,3.73,3.735,3.72,3.721,23763.0
2025-08-06T09:42:49,3.7291,3.73,3.71,3.725,11848.0
2025-08-06T09:42:50,3.715,3.7299,3.715,3.725,6442.0
2025-08-06T09:42:51,3.7291,3.73,3.71,3.715,22951.0
2025-08-06T09:42:52,3.72,3.73,3.72,3.72,12377.0
2025-08-06T09:42:53,3.7289,3.7295,3.72,3.725,3468.0
2025-08-06T09:42:54,3.725,3.7299,3.725,3.725,1653.0
2025-08-06T09:42:55,3.72,3.7291,3.72,3.72,8481.0
2025-08-06T09:42:56,3.72,3.72,3.7101,3.711,11007.0
2025-08-06T09:42:57,3.7199,3.7199,3.71,3.719,2657.0
2025-08-06T09:42:58,3.72,3.7312,3.7112,3.7312,20822.0
2025-08-06T09:42:59,3.74,3.75,3.73,3.7399,18283.0
2025-08-06T09:43:00,3.7389,3.74,3.73,3.735,5499.0
2025-08-06T09:43:01,3.73,3.73,3.7211,3.725,6335.0
2025-08-06T09:43:02,3.7202,3.7202,3.71,3.7191,6664.0
2025-08-06T09:43:03,3.715,3.7255,3.71,3.7208,16492.0
2025-08-06T09:43:04,3.72,3.74,3.72,3.74,19836.0
2025-08-06T09:43:05,3.73,3.7399,3.73,3.7355,8467.0
2025-08-06T09:43:06,3.74,3.74,3.7311,3.7311,4952.0
2025-08-06T09:43:07,3.739,3.74,3.73,3.73,8385.0
2025-08-06T09:43:08,3.735,3.739,3.72,3.73,15384.0
2025-08-06T09:43:09,3.7386,3.7386,3.71,3.725,34902.0
2025-08-06T09:43:10,3.72,3.72,3.71,3.7101,6808.0
2025-08-06T09:43:11,3.71,3.7188,3.7001,3.7012,11514.0
2025-08-06T09:43:12,3.7,3.71,3.7,3.705,16036.0
2025-08-06T09:43:13,3.701,3.7035,3.7,3.7,4225.0
2025-08-06T09:43:14,3.7099,3.71,3.7,3.7,1788.0
2025-08-06T09:43:15,3.7,3.7091,3.7,3.7,12726.0
2025-08-06T09:43:16,3.7,3.7092,3.7,3.7,4822.0
2025-08-06T09:43:17,3.7,3.7012,3.69,3.69,13618.0
2025-08-06T09:43:18,3.7,3.7101,3.7,3.7,18548.0
2025-08-06T09:43:19,3.7001,3.7099,3.6903,3.6903,9577.0
2025-08-06T09:43:20,3.69,3.72,3.69,3.7111,10101.0
2025-08-06T09:43:21,3.7193,3.7193,3.7,3.71,17601.0
2025-08-06T09:43:22,3.72,3.74,3.72,3.74,11009.0
2025-08-06T09:43:23,3.74,3.76,3.74,3.76,34139.0
2025-08-06T09:43:24,3.7591,3.76,3.74,3.7555,19616.0
2025-08-06T09:43:25,3.759,3.76,3.75,3.7508,14082.0
2025-08-06T09:43:26,3.75,3.755,3.7299,3.7299,8359.0
2025-08-06T09:43:27,3.735,3.735,3.71,3.71,21018.0
2025-08-06T09:43:28,3.7154,3.72,3.71,3.71,4461.0
2025-08-06T09:43:29,3.7111,3.72,3.71,3.7101,5601.0
2025-08-06T09:43:30,3.71,3.71,3.71,3.71,1460.0
2025-08-06T09:43:31,3.7189,3.7189,3.71,3.71,824.0
2025-08-06T09:43:32,3.71,3.7191,3.71,3.7191,2714.0
2025-08-06T09:43:33,3.711,3.73,3.7101,3.73,7994.0
2025-08-06T09:43:34,3.7209,3.74,3.72,3.73,11332.0
2025-08-06T09:43:35,3.73,3.74,3.71,3.71,12945.0
2025-08-06T09:43:36,3.7199,3.74,3.7199,3.73,8344.0
2025-08-06T09:43:37,3.73,3.7345,3.72,3.7206,6512.0
2025-08-06T09:43:38,3.7204,3.7204,3.72,3.72,3354.0
2025-08-06T09:43:39,3.72,3.7299,3.72,3.721,1645.0
2025-08-06T09:43:40,3.72,3.7236,3.7001,3.7001,14113.0
2025-08-06T09:43:41,3.7093,3.71,3.69,3.6989,9373.0
2025-08-06T09:43:42,3.69,3.69,3.68,3.685,20346.0
2025-08-06T09:43:43,3.6888,3.7699,3.68,3.69,11669.0
2025-08-06T09:43:44,3.6901,3.71,3.6901,3.701,7209.0
2025-08-06T09:43:45,3.71,3.71,3.69,3.6901,4948.0
2025-08-06T09:43:46,3.6923,3.7,3.69,3.69,1510.0
2025-08-06T09:43:47,3.7,3.71,3.695,3.7,4093.0
2025-08-06T09:43:48,3.7011,3.7291,3.7011,3.7192,7268.0
2025-08-06T09:43:49,3.7145,3.73,3.71,3.725,13445.0
2025-08-06T09:43:50,3.73,3.73,3.72,3.72,1904.0
2025-08-06T09:43:51,3.725,3.735,3.7,3.7,25118.0
2025-08-06T09:43:52,3.7,3.72,3.7,3.7109,5918.0
2025-08-06T09:43:53,3.7194,3.73,3.7105,3.7201,6380.0
2025-08-06T09:43:54,3.7217,3.7299,3.72,3.7299,1268.0
2025-08-06T09:43:55,3.725,3.7293,3.72,3.7206,2542.0
2025-08-06T09:43:56,3.725,3.7288,3.71,3.71,1447.0
2025-08-06T09:43:57,3.7193,3.725,3.7102,3.725,2121.0
2025-08-06T09:43:58,3.7201,3.7299,3.72,3.7299,4302.0
2025-08-06T09:43:59,3.7201,3.7255,3.715,3.7199,7126.0
2025-08-06T09:44:00,3.7282,3.7282,3.715,3.72,5496.0
2025-08-06T09:44:01,3.725,3.7399,3.723155,3.7399,9635.0
2025-08-06T09:44:02,3.735,3.76,3.7312,3.752,38468.0
2025-08-06T09:44:03,3.7563,3.76,3.7355,3.7435,32060.0
2025-08-06T09:44:04,3.7493,3.75,3.7307,3.735,15604.0
2025-08-06T09:44:05,3.73,3.75,3.725,3.7307,20516.0
2025-08-06T09:44:06,3.7309,3.74,3.72,3.72,4048.0
2025-08-06T09:44:07,3.7201,3.7399,3.7201,3.7399,6060.0
2025-08-06T09:44:08,3.7301,3.7388,3.7301,3.7311,4590.0
2025-08-06T09:44:09,3.73,3.74,3.73,3.7301,6091.0
2025-08-06T09:44:10,3.74,3.74,3.72,3.7201,36789.0
2025-08-06T09:44:11,3.72,3.7288,3.71,3.7199,13291.0
2025-08-06T09:44:12,3.71,3.72,3.7,3.7001,18804.0
2025-08-06T09:44:13,3.7,3.7199,3.69,3.71,12052.0
2025-08-06T09:44:14,3.715,3.7188,3.69,3.7,9820.0
2025-08-06T09:44:15,3.701,3.705,3.68,3.6901,18460.0
2025-08-06T09:44:16,3.685,3.7,3.68,3.695,10215.0
2025-08-06T09:44:17,3.69,3.7,3.68,3.68,12171.0
2025-08-06T09:44:18,3.68,3.6811,3.66,3.66,40667.0
2025-08-06T09:44:19,3.66,3.68,3.66,3.6631,16451.0
2025-08-06T09:44:20,3.67,3.69,3.66,3.66,37138.0
2025-08-06T09:44:21,3.663,3.68,3.66,3.665,22888.0
2025-08-06T09:44:22,3.6612,3.67,3.63,3.64,45125.0
2025-08-06T09:44:23,3.65,3.6501,3.63,3.64,22637.0
2025-08-06T09:44:24,3.64,3.6455,3.63,3.6401,6892.0
2025-08-06T09:44:25,3.6496,3.6499,3.63,3.63,23340.0
2025-08-06T09:44:26,3.635,3.6481,3.6301,3.6481,8777.0
2025-08-06T09:44:27,3.645,3.66,3.64,3.6499,20347.0
2025-08-06T09:44:28,3.64,3.7094,3.64,3.7089,45751.0
2025-08-06T09:44:29,3.705,3.74,3.7,3.725,62744.0
2025-08-06T09:44:30,3.72,3.74,3.72,3.725,45274.0
2025-08-06T09:44:31,3.7201,3.74,3.72,3.72,12308.0
2025-08-06T09:44:32,3.73,3.75,3.72,3.74,29005.0
2025-08-06T09:44:33,3.74,3.75,3.74,3.7499,16592.0
2025-08-06T09:44:34,3.75,3.76,3.73,3.7507,45665.0
2025-08-06T09:44:35,3.75,3.76,3.7,3.7399,33064.0
2025-08-06T09:44:36,3.738,3.74,3.72,3.729,26038.0
2025-08-06T09:44:37,3.7245,3.73,3.7,3.7088,35765.0
2025-08-06T09:44:38,3.72,3.73,3.71,3.73,9415.0
2025-08-06T09:44:39,3.72,3.73,3.71,3.72,6505.0
2025-08-06T09:44:40,3.71,3.73,3.7,3.71,11978.0
2025-08-06T09:44:41,3.701,3.71,3.7,3.71,10293.0
2025-08-06T09:44:42,3.7001,3.7089,3.6201,3.6954,8797.0
2025-08-06T09:44:43,3.69,3.693,3.67,3.693,20247.0
2025-08-06T09:44:44,3.6853,3.7,3.685,3.7,14731.0
2025-08-06T09:44:45,3.691,3.6999,3.69,3.6999,4199.0
2025-08-06T09:44:46,3.6989,3.71,3.6989,3.7099,4613.0
2025-08-06T09:44:47,3.7099,3.71,3.7099,3.71,1631.0
2025-08-06T09:44:48,3.71,3.7199,3.709,3.71,5860.0
2025-08-06T09:44:49,3.71,3.725,3.71,3.7201,9167.0
2025-08-06T09:44:50,3.72,3.7292,3.72,3.7292,516.0
2025-08-06T09:44:51,3.7299,3.73,3.72,3.72,5990.0
2025-08-06T09:44:52,3.7201,3.73,3.71,3.7293,9428.0
2025-08-06T09:44:53,3.73,3.73,3.7,3.71,10537.0
2025-08-06T09:44:54,3.71,3.72,3.7,3.7088,9965.0
2025-08-06T09:44:55,3.701,3.71,3.7,3.7099,5741.0
2025-08-06T09:44:56,3.71,3.73,3.71,3.73,10553.0
2025-08-06T09:44:57,3.74,3.7499,3.7212,3.7499,12427.0
2025-08-06T09:44:58,3.749,3.76,3.74,3.7599,20836.0
2025-08-06T09:44:59,3.7599,3.76,3.74,3.755,16016.0
2025-08-06T09:45:00,3.745,3.82,3.745,3.82,78550.0
2025-08-06T09:45:01,3.81,3.82,3.77,3.799,53648.0
2025-08-06T09:45:02,3.8,3.8,3.765,3.78,69716.0
2025-08-06T09:45:03,3.7786,3.78,3.73,3.7308,40364.0
2025-08-06T09:45:04,3.73,3.7688,3.6501,3.735,43297.0
2025-08-06T09:45:05,3.7388,3.749,3.73,3.749,18540.0
2025-08-06T09:45:06,3.745,3.75,3.73,3.749,23717.0
2025-08-06T09:45:07,3.7435,3.78,3.7401,3.76,22844.0
2025-08-06T09:45:08,3.76,3.7994,3.76,3.795,15882.0
2025-08-06T09:45:09,3.7999,3.8,3.78,3.78,33922.0
2025-08-06T09:45:10,3.8,3.8,3.77,3.787,34203.0
2025-08-06T09:45:11,3.7806,3.79,3.76,3.7711,16627.0
2025-08-06T09:45:12,3.7701,3.7791,3.74,3.74,36506.0
2025-08-06T09:45:13,3.7301,3.75,3.73,3.75,18086.0
2025-08-06T09:45:14,3.745,3.75,3.73,3.745,13929.0
2025-08-06T09:45:15,3.7499,3.7499,3.73,3.735,3758.0
2025-08-06T09:45:16,3.74,3.7492,3.73,3.73,7707.0
2025-08-06T09:45:17,3.7356,3.74,3.7307,3.7307,2844.0
2025-08-06T09:45:18,3.731,3.75,3.731,3.7497,3920.0
2025-08-06T09:45:19,3.7497,3.76,3.745,3.755,7882.0
2025-08-06T09:45:20,3.7501,3.78,3.75,3.77,18704.0
2025-08-06T09:45:21,3.77,3.7823,3.76,3.78,12143.0
2025-08-06T09:45:22,3.7791,3.79,3.7616,3.769,22865.0
2025-08-06T09:45:23,3.765,3.79,3.765,3.77,14383.0
2025-08-06T09:45:24,3.76,3.77,3.75,3.7589,9213.0
2025-08-06T09:45:25,3.752,3.765,3.75,3.7589,6837.0
2025-08-06T09:45:26,3.7598,3.77,3.75,3.765,22004.0
2025-08-06T09:45:27,3.7645,3.77,3.75,3.7611,16745.0
2025-08-06T09:45:28,3.77,3.789,3.765,3.789,13575.0
2025-08-06T09:45:29,3.79,3.81,3.79,3.805,30548.0
2025-08-06T09:45:30,3.8099,3.81,3.79,3.798,26542.0
2025-08-06T09:45:31,3.8,3.82,3.79,3.81,40130.0
2025-08-06T09:45:32,3.8,3.82,3.8,3.82,21797.0
2025-08-06T09:45:33,3.82,3.82,3.81,3.82,17549.0
2025-08-06T09:45:34,3.8189,3.82,3.8,3.8107,35765.0
2025-08-06T09:45:35,3.81,3.82,3.79,3.8199,27789.0
2025-08-06T09:45:36,3.82,3.83,3.81,3.83,27496.0
2025-08-06T09:45:37,3.83,3.83,3.815,3.83,23575.0
2025-08-06T09:45:38,3.8212,3.83,3.82,3.8208,13959.0
2025-08-06T09:45:39,3.825,3.83,3.81,3.83,27142.0
2025-08-06T09:45:40,3.83,3.87,3.8212,3.8545,70759.0
2025-08-06T09:45:41,3.859,3.8697,3.84,3.865,38194.0
2025-08-06T09:45:42,3.865,3.8683,3.84,3.84,36077.0
2025-08-06T09:45:43,3.845,3.85,3.82,3.8299,52804.0
2025-08-06T09:45:44,3.825,3.87,3.825,3.855,44365.0
2025-08-06T09:45:45,3.86,3.87,3.855,3.8689,16037.0
2025-08-06T09:45:46,3.86,3.88,3.86,3.86,29801.0
2025-08-06T09:45:47,3.87,3.88,3.86,3.87,34084.0
2025-08-06T09:45:48,3.878,3.89,3.87,3.87,32711.0
2025-08-06T09:45:49,3.8712,3.89,3.87,3.8712,22691.0
2025-08-06T09:45:50,3.885,3.8891,3.86,3.8691,20348.0
2025-08-06T09:45:51,3.87,3.88,3.86,3.87,23759.0
2025-08-06T09:45:52,3.87,3.88,3.86,3.8789,35935.0
2025-08-06T09:45:53,3.87,3.88,3.87,3.8789,11594.0
2025-08-06T09:45:54,3.875,3.88,3.86,3.8645,24216.0
2025-08-06T09:45:55,3.86,3.87,3.8599,3.8599,11687.0
2025-08-06T09:45:56,3.86,3.87,3.85,3.85,30393.0
2025-08-06T09:45:57,3.8501,3.86,3.85,3.86,28030.0
2025-08-06T09:45:58,3.86,3.87,3.86,3.87,15135.0
2025-08-06T09:45:59,3.8699,3.9,3.86,3.9,34025.0
2025-08-06T09:46:00,3.895,3.9,3.88,3.8911,21409.0
2025-08-06T09:46:01,3.8999,3.8999,3.8563,3.8688,59278.0
2025-08-06T09:46:02,3.87,3.8899,3.8601,3.865,29616.0
2025-08-06T09:46:03,3.87,3.88,3.85,3.88,37296.0
2025-08-06T09:46:04,3.88,3.9,3.88,3.9,27851.0
2025-08-06T09:46:05,3.885,3.91,3.885,3.905,38330.0
2025-08-06T09:46:06,3.91,3.96,3.9012,3.96,96680.0
2025-08-06T09:46:07,3.95,3.97,3.8801,3.94,164453.0
2025-08-06T09:46:08,3.955,3.9699,3.93,3.95,52743.0
2025-08-06T09:46:09,3.9589,3.9688,3.93,3.9488,59576.0
2025-08-06T09:46:10,3.9499,3.96,3.931,3.955,36064.0
2025-08-06T09:46:11,3.9599,4.0,3.9407,3.9999,57818.0
2025-08-06T09:46:12,3.998,3.998,3.945,3.9893,23538.0
2025-08-06T09:46:13,3.9802,4.0,3.965,3.9789,43694.0
2025-08-06T09:46:14,3.97,3.99,3.9326,3.95,58118.0
2025-08-06T09:46:15,3.9499,3.96,3.93,3.9595,39122.0
2025-08-06T09:46:16,3.96,3.97,3.95,3.97,40303.0
2025-08-06T09:46:17,3.96,3.9686,3.93,3.9401,27970.0
2025-08-06T09:46:18,3.94,3.9412,3.91,3.9207,26133.0
2025-08-06T09:46:19,3.9299,3.94,3.91,3.9194,35083.0
2025-08-06T09:46:20,3.9112,3.92,3.89,3.9086,36048.0
2025-08-06T09:46:21,3.89,3.91,3.8809,3.9092,37764.0
2025-08-06T09:46:22,3.9,3.915,3.87,3.88,36309.0
2025-08-06T09:46:23,3.87,3.895,3.87,3.87695,23108.0
2025-08-06T09:46:24,3.8899,3.89,3.87,3.885,31246.0
2025-08-06T09:46:25,3.88,3.91,3.87,3.9,41249.0
2025-08-06T09:46:26,3.9,3.905,3.89,3.8901,18379.0
2025-08-06T09:46:27,3.89,3.9599,3.8801,3.9099,23522.0
2025-08-06T09:46:28,3.91,3.9199,3.91,3.915,2142.0
2025-08-06T09:46:29,3.92,3.93,3.9101,3.915,20000.0
2025-08-06T09:46:30,3.925,3.95,3.92,3.9322,21518.0
2025-08-06T09:46:31,3.939,3.95,3.9316,3.94,27174.0
2025-08-06T09:46:32,3.94,3.95,3.93,3.9304,33737.0
2025-08-06T09:46:33,3.93,3.95,3.93,3.9412,18392.0
2025-08-06T09:46:34,3.945,3.9493,3.93,3.931,12916.0
2025-08-06T09:46:35,3.9388,3.96,3.92,3.9592,42801.0
2025-08-06T09:46:36,3.95,3.96,3.94,3.9599,14814.0
2025-08-06T09:46:37,3.95,3.96,3.94,3.9511,15194.0
2025-08-06T09:46:38,3.9599,3.99,3.9599,3.98,43727.0
2025-08-06T09:46:39,3.98,4.02,3.97,4.02,87657.0
2025-08-06T09:46:40,4.02,4.05,3.97,4.0011,89390.0
2025-08-06T09:46:41,4.0,4.0388,3.98,4.0088,64294.0
2025-08-06T09:46:42,4.01,4.02,3.9912,4.0106,33710.0
2025-08-06T09:46:43,4.015,4.03,4.0,4.0,45793.0
2025-08-06T09:46:44,4.02,4.03,4.0,4.02,49209.0
2025-08-06T09:46:45,4.02,4.0301,4.0002,4.01,45925.0
2025-08-06T09:46:46,4.0209,4.04,4.01,4.03,39743.0
2025-08-06T09:46:47,4.035,4.04,4.02,4.03,24292.0
2025-08-06T09:46:48,4.03,4.04,4.0,4.015,45565.0
2025-08-06T09:46:49,4.0,4.02,3.9947,4.0145,30205.0
2025-08-06T09:46:50,4.0109,4.0212,4.0,4.005,34511.0
2025-08-06T09:46:51,4.015,4.015,3.97,3.989,31580.0
2025-08-06T09:46:52,3.985,3.99,3.95,3.96,82407.0
2025-08-06T09:46:53,3.9608,3.99,3.96,3.9899,21917.0
2025-08-06T09:46:54,3.9997,4.01,3.99,3.9912,17848.0
2025-08-06T09:46:55,3.9999,4.0,3.985,3.998,19562.0
2025-08-06T09:46:56,3.99,4.01,3.9888,4.0,23106.0
2025-08-06T09:46:57,4.0081,4.0091,3.985,3.99,20760.0
2025-08-06T09:46:58,3.9993,4.0,3.98,3.99,11726.0
2025-08-06T09:46:59,3.99,3.99,3.97,3.98,28297.0
2025-08-06T09:47:00,3.98,4.0,3.97,3.9901,38369.0
2025-08-06T09:47:01,3.99,4.03,3.98,4.03,59862.0
2025-08-06T09:47:02,4.03,4.05,4.03,4.039,30710.0
2025-08-06T09:47:03,4.0345,4.045,3.98,3.98,64579.0
2025-08-06T09:47:04,3.9845,4.035,3.98,3.99,49881.0
2025-08-06T09:47:05,3.99,4.02,3.97,3.9799,35850.0
2025-08-06T09:47:06,3.9792,4.0,3.9735,3.9945,24769.0
2025-08-06T09:47:07,4.0,4.0,3.98,3.99,19737.0
2025-08-06T09:47:08,3.99,4.0,3.99,3.99,18819.0
2025-08-06T09:47:09,3.99,4.0,3.98,4.0,20025.0
2025-08-06T09:47:10,3.9988,4.0,3.99,3.9901,9456.0
2025-08-06T09:47:11,3.995,4.0,3.98,3.99,14681.0
2025-08-06T09:47:12,3.9811,3.989,3.96,3.9612,30840.0
2025-08-06T09:47:13,3.9665,3.98,3.92,3.92,87007.0
2025-08-06T09:47:14,3.92,3.93,3.9,3.9109,93294.0
2025-08-06T09:47:15,3.91,3.9288,3.9,3.9007,45040.0
2025-08-06T09:47:16,3.91,3.91,3.9,3.9,14382.0
2025-08-06T09:47:17,3.91,3.91,3.85,3.8501,67187.0
2025-08-06T09:47:18,3.86,3.88,3.81,3.8588,93066.0
2025-08-06T09:47:19,3.83,3.89,3.8299,3.86,85418.0
2025-08-06T09:47:20,3.8612,3.8712,3.85,3.8601,32344.0
2025-08-06T09:47:21,3.8699,3.88,3.84,3.87,35890.0
2025-08-06T09:47:22,3.87,3.89,3.87,3.89,11930.0
2025-08-06T09:47:23,3.89,3.91,3.87,3.8801,34196.0
2025-08-06T09:47:24,3.88,3.8999,3.86,3.86,19530.0
2025-08-06T09:47:25,3.8535,3.86,3.85,3.85,15181.0
2025-08-06T09:47:26,3.85,3.86,3.84,3.8415,22709.0
2025-08-06T09:47:27,3.835,3.86,3.83,3.85,29569.0
2025-08-06T09:47:28,3.8501,3.86,3.84,3.86,7438.0
2025-08-06T09:47:29,3.8512,3.87,3.85,3.87,5654.0
2025-08-06T09:47:30,3.87,3.87,3.86,3.87,7787.0
2025-08-06T09:47:31,3.86,3.87,3.8512,3.855,17926.0
2025-08-06T09:47:32,3.8588,3.88,3.85,3.8709,12785.0
2025-08-06T09:47:33,3.875,3.9299,3.86,3.8794,10310.0
2025-08-06T09:47:34,3.88,3.88,3.86,3.879,6086.0
2025-08-06T09:47:35,3.8791,3.88,3.87,3.878773,5610.0
2025-08-06T09:47:36,3.8788,3.879999,3.8645,3.879999,6056.0
2025-08-06T09:47:37,3.8698,3.88,3.86,3.88,5162.0
2025-08-06T09:47:38,3.87,3.8799,3.86,3.8799,9328.0
2025-08-06T09:47:39,3.87,3.8701,3.835,3.8411,22324.0
2025-08-06T09:47:40,3.8409,3.8409,3.82,3.82,23799.0
2025-08-06T09:47:41,3.815,3.82,3.81,3.81,27986.0
2025-08-06T09:47:42,3.8101,3.83,3.8001,3.8107,28579.0
2025-08-06T09:47:43,3.81,3.8288,3.775,3.79,62177.0
2025-08-06T09:47:44,3.7801,3.81,3.78,3.81,36626.0
2025-08-06T09:47:45,3.81,3.83,3.785,3.795,41482.0
2025-08-06T09:47:46,3.79,3.79,3.77,3.78,18306.0
2025-08-06T09:47:47,3.7808,3.79,3.73,3.73,41235.0
2025-08-06T09:47:48,3.73,3.763064,3.7,3.721,54619.0
2025-08-06T09:47:49,3.73,3.73,3.71,3.73,62827.0
2025-08-06T09:47:50,3.7216,3.74,3.715,3.72,43659.0
2025-08-06T09:47:51,3.715,3.7284,3.71,3.721,27276.0
2025-08-06T09:47:52,3.72,3.75,3.7112,3.7388,39516.0
2025-08-06T09:47:53,3.7499,3.77,3.73,3.7612,42414.0
2025-08-06T09:47:54,3.755,3.79,3.75,3.78,47630.0
2025-08-06T09:47:55,3.78,3.79,3.7699,3.78,36037.0
2025-08-06T09:47:56,3.77,3.8,3.7589,3.78,35693.0
2025-08-06T09:47:57,3.7807,3.8,3.78,3.7893,22598.0
2025-08-06T09:47:58,3.7899,3.79,3.775,3.775,11498.0
2025-08-06T09:47:59,3.78,3.7812,3.77,3.77,4676.0
2025-08-06T09:48:00,3.7792,3.7899,3.77,3.78,31756.0
2025-08-06T09:48:01,3.7731,3.79,3.77,3.7889,6807.0
2025-08-06T09:48:02,3.785,3.8,3.7814,3.795,14960.0
2025-08-06T09:48:03,3.79,3.8,3.7812,3.783,18005.0
2025-08-06T09:48:04,3.785,3.8,3.7807,3.79,11332.0
2025-08-06T09:48:05,3.78,3.805,3.78,3.805,28629.0
2025-08-06T09:48:06,3.8099,3.82,3.78,3.7999,37452.0
2025-08-06T09:48:07,3.7999,3.81,3.79,3.7911,15312.0
2025-08-06T09:48:08,3.79,3.81,3.79,3.81,6955.0
2025-08-06T09:48:09,3.8,3.8,3.7811,3.7985,10240.0
2025-08-06T09:48:10,3.79,3.79,3.77,3.78,28338.0
2025-08-06T09:48:11,3.7709,3.7792,3.72,3.7345,44720.0
2025-08-06T09:48:12,3.7399,3.74,3.72,3.72,31638.0
2025-08-06T09:48:13,3.7245,3.74,3.72,3.74,16020.0
2025-08-06T09:48:14,3.74,3.7412,3.72,3.72,15638.0
2025-08-06T09:48:15,3.72,3.73,3.72,3.725,23238.0
2025-08-06T09:48:16,3.725,3.73,3.72,3.72,8581.0
2025-08-06T09:48:17,3.7312,3.76,3.72,3.75,22097.0
2025-08-06T09:48:18,3.745,3.7581,3.74,3.74,7101.0
2025-08-06T09:48:19,3.745,3.75,3.74,3.7417,4153.0
2025-08-06T09:48:20,3.7412,3.76,3.74,3.755,15576.0
2025-08-06T09:48:21,3.755,3.77,3.745,3.7599,17302.0
2025-08-06T09:48:22,3.7599,3.8,3.75,3.7801,22390.0
2025-08-06T09:48:23,3.7711,3.78,3.77,3.77,8162.0
2025-08-06T09:48:24,3.7797,3.79,3.7712,3.79,8414.0
2025-08-06T09:48:25,3.7815,3.7999,3.7802,3.79,5668.0
2025-08-06T09:48:26,3.793,3.8,3.78,3.7801,10665.0
2025-08-06T09:48:27,3.7801,3.79,3.78,3.79,5427.0
2025-08-06T09:48:28,3.79,3.79,3.78,3.79,6091.0
2025-08-06T09:48:29,3.7806,3.79,3.7806,3.79,7164.0
2025-08-06T09:48:30,3.7999,3.8,3.786,3.7999,7467.0
2025-08-06T09:48:31,3.795,3.8,3.78,3.7836,7015.0
2025-08-06T09:48:32,3.79,3.79,3.78,3.7801,5736.0
2025-08-06T09:48:33,3.7811,3.79,3.78,3.78,18771.0
2025-08-06T09:48:34,3.785,3.8,3.77,3.7845,25997.0
2025-08-06T09:48:35,3.7888,3.79,3.77,3.77,5807.0
2025-08-06T09:48:36,3.78,3.79,3.77,3.7798,4579.0
2025-08-06T09:48:37,3.7701,3.78,3.7701,3.7788,3198.0
2025-08-06T09:48:38,3.78,3.78,3.77,3.77,634.0
2025-08-06T09:48:39,3.77,3.77,3.75,3.765,10979.0
2025-08-06T09:48:40,3.76,3.78,3.76,3.77,3153.0
2025-08-06T09:48:41,3.78,3.78,3.77,3.775,7485.0
2025-08-06T09:48:42,3.77,3.78,3.77,3.773065,3164.0
2025-08-06T09:48:43,3.78,3.785,3.7712,3.7812,7408.0
2025-08-06T09:48:44,3.7899,3.7899,3.7807,3.7898,1967.0
2025-08-06T09:48:45,3.7812,3.79,3.78,3.79,2735.0
2025-08-06T09:48:46,3.7888,3.7888,3.78,3.785,1267.0
2025-08-06T09:48:47,3.7811,3.7899,3.78,3.785,3401.0
2025-08-06T09:48:48,3.7806,3.781,3.78,3.7805,3947.0
2025-08-06T09:48:49,3.785,3.79,3.78,3.7809,3289.0
2025-08-06T09:48:50,3.7812,3.785,3.7801,3.785,1432.0
2025-08-06T09:48:51,3.78,3.79,3.7799,3.7801,11207.0
2025-08-06T09:48:52,3.785,3.83,3.7809,3.82,36055.0
2025-08-06T09:48:53,3.8199,3.8199,3.8099,3.81,5331.0
2025-08-06T09:48:54,3.81,3.84,3.81,3.8399,30743.0
2025-08-06T09:48:55,3.8399,3.8399,3.81,3.8199,14110.0
2025-08-06T09:48:56,3.8109,3.82,3.79,3.8086,20995.0
2025-08-06T09:48:57,3.82,3.83,3.815,3.8288,7398.0
2025-08-06T09:48:58,3.825,3.83,3.8201,3.8245,4147.0
2025-08-06T09:48:59,3.83,3.83,3.79,3.815,24473.0
2025-08-06T09:49:00,3.8188,3.8199,3.79,3.8099,7359.0
2025-08-06T09:49:01,3.8,3.8099,3.79,3.7999,3927.0
2025-08-06T09:49:02,3.7988,3.81,3.7301,3.7999,27169.0
2025-08-06T09:49:03,3.8001,3.82,3.79,3.8,25896.0
2025-08-06T09:49:04,3.8,3.81,3.79,3.791,7348.0
2025-08-06T09:49:05,3.8099,3.8099,3.791,3.8,12209.0
2025-08-06T09:49:06,3.8,3.81,3.79,3.7999,8432.0
2025-08-06T09:49:07,3.79,3.82,3.79,3.815,12517.0
2025-08-06T09:49:08,3.8108,3.82,3.8,3.8,11969.0
2025-08-06T09:49:09,3.8,3.81694,3.74,3.76,63298.0
2025-08-06T09:49:10,3.7501,3.78,3.75,3.76,32944.0
2025-08-06T09:49:11,3.765,3.77,3.75,3.76,18522.0
2025-08-06T09:49:12,3.77,3.77,3.76,3.76,10911.0
2025-08-06T09:49:13,3.76,3.8,3.75,3.79,18569.0
2025-08-06T09:49:14,3.78,3.82,3.78,3.82,16573.0
2025-08-06T09:49:15,3.81,3.85,3.8,3.8401,54207.0
2025-08-06T09:49:16,3.85,3.9299,3.83,3.9,49851.0
2025-08-06T09:49:17,3.9,3.94,3.8912,3.9,64387.0
2025-08-06T09:49:18,3.9,3.9299,3.8901,3.92,38665.0
2025-08-06T09:49:19,3.93,3.95,3.9112,3.95,48472.0
2025-08-06T09:49:20,3.94,3.96,3.93,3.94,31092.0
2025-08-06T09:49:21,3.94,3.9545,3.91,3.94,37192.0
2025-08-06T09:49:22,3.9381,3.95,3.9,3.91,33836.0
2025-08-06T09:49:23,3.9099,3.92,3.89,3.9,22541.0
2025-08-06T09:49:24,3.92,3.97,3.92,3.94,42940.0
2025-08-06T09:49:25,3.949,3.9599,3.91,3.93,36828.0
2025-08-06T09:49:26,3.9265,3.94,3.91,3.9199,21344.0
2025-08-06T09:49:27,3.92,3.93,3.91,3.9199,12512.0
2025-08-06T09:49:28,3.9119,3.9199,3.8909,3.8999,17351.0
2025-08-06T09:49:29,3.9,3.93,3.9,3.92,23637.0
2025-08-06T09:49:30,3.901,3.94,3.901,3.93,7758.0
2025-08-06T09:49:31,3.93,3.95,3.93,3.9314,23393.0
2025-08-06T09:49:32,3.9399,3.95,3.92,3.93,34962.0
2025-08-06T09:49:33,3.92,3.9201,3.91,3.9195,18637.0
2025-08-06T09:49:34,3.9193,3.92,3.91,3.92,9478.0
2025-08-06T09:49:35,3.9188,3.93,3.91,3.9209,8490.0
2025-08-06T09:49:36,3.92,3.93,3.92,3.928,2988.0
2025-08-06T09:49:37,3.9299,3.9399,3.9288,3.93,12059.0
2025-08-06T09:49:38,3.94,3.94,3.93,3.939,3184.0
2025-08-06T09:49:39,3.94,3.94,3.92,3.928,11634.0
2025-08-06T09:49:40,3.9245,3.94,3.9245,3.9345,18430.0
2025-08-06T09:49:41,3.93,3.94,3.92,3.92,15718.0
2025-08-06T09:49:42,3.92,3.93,3.91,3.93,17254.0
2025-08-06T09:49:43,3.92,3.9288,3.9045,3.905,17982.0
2025-08-06T09:49:44,3.9098,3.92,3.9054,3.91,12132.0
2025-08-06T09:49:45,3.912,3.93,3.91,3.9135,11705.0
2025-08-06T09:49:46,3.92,3.9293,3.9199,3.9212,5616.0
2025-08-06T09:49:47,3.93,3.93,3.92,3.925,10210.0
2025-08-06T09:49:48,3.9201,3.9299,3.9201,3.9209,1645.0
2025-08-06T09:49:49,3.92,3.94,3.918,3.918,26810.0
2025-08-06T09:49:50,3.91,3.93,3.91,3.92,2942.0
2025-08-06T09:49:51,3.913066,3.9283,3.9035,3.9099,15726.0
2025-08-06T09:49:52,3.9,3.91,3.88,3.8906,60809.0
2025-08-06T09:49:53,3.909999,3.91,3.88,3.9099,20236.0
2025-08-06T09:49:54,3.9,3.91,3.89,3.91,9610.0
2025-08-06T09:49:55,3.908333,3.93,3.908333,3.93,15988.0
2025-08-06T09:49:56,3.917407,3.93,3.917407,3.9201,5565.0
2025-08-06T09:49:57,3.9212,3.93,3.9,3.91,11089.0
2025-08-06T09:49:58,3.923066,3.923066,3.88,3.88,20469.0
2025-08-06T09:49:59,3.8754,3.91,3.8701,3.8999,16905.0
2025-08-06T09:50:00,3.901,3.91,3.89,3.9099,14341.0
2025-08-06T09:50:01,3.91,3.93,3.9,3.921,27697.0
2025-08-06T09:50:02,3.92,3.96,3.92,3.95,75995.0
2025-08-06T09:50:03,3.95,3.96,3.945,3.948,29480.0
2025-08-06T09:50:04,3.9545,3.9545,3.9,3.9111,57259.0
2025-08-06T09:50:05,3.93,3.93,3.91,3.91,15023.0
2025-08-06T09:50:06,3.91,3.91,3.83,3.84,35104.0
2025-08-06T09:50:07,3.85,3.88,3.83,3.853,31578.0
2025-08-06T09:50:08,3.855,3.86,3.82,3.825,35661.0
2025-08-06T09:50:09,3.8244,3.85,3.82,3.85,10559.0
2025-08-06T09:50:10,3.83,3.86,3.83,3.84,14269.0
2025-08-06T09:50:11,3.84,3.88,3.835,3.86,20250.0
2025-08-06T09:50:12,3.86,3.865,3.83,3.84,20721.0
2025-08-06T09:50:13,3.84,3.84,3.8,3.8,20740.0
2025-08-06T09:50:14,3.805,3.81,3.77,3.805,55569.0
2025-08-06T09:50:15,3.791,3.8,3.79,3.795,22140.0
2025-08-06T09:50:16,3.8,3.8,3.78,3.792,15594.0
2025-08-06T09:50:17,3.79,3.8199,3.79,3.8199,7190.0
2025-08-06T09:50:18,3.7912,3.84,3.7912,3.8399,16086.0
2025-08-06T09:50:19,3.829,3.84,3.82,3.8399,15168.0
2025-08-06T09:50:20,3.825,3.83,3.81,3.81,13317.0
2025-08-06T09:50:21,3.81,3.8198,3.8,3.81,5491.0
2025-08-06T09:50:22,3.81,3.8195,3.8,3.811,10481.0
2025-08-06T09:50:23,3.81,3.81,3.785,3.785,9756.0
2025-08-06T09:50:24,3.785,3.8,3.77,3.7709,16273.0
2025-08-06T09:50:25,3.77,3.79,3.7419,3.7419,40304.0
2025-08-06T09:50:26,3.745,3.7948,3.7401,3.7948,43880.0
2025-08-06T09:50:27,3.79,3.8,3.78,3.7892,15138.0
2025-08-06T09:50:28,3.7888,3.8035,3.78,3.8001,10032.0
2025-08-06T09:50:29,3.8,3.81,3.79,3.7999,11058.0
2025-08-06T09:50:30,3.795,3.8,3.79,3.8,18212.0
2025-08-06T09:50:31,3.8,3.81,3.795,3.81,6240.0
2025-08-06T09:50:32,3.805,3.81,3.8,3.8099,10789.0
2025-08-06T09:50:33,3.81,3.81,3.8,3.8089,2697.0
2025-08-06T09:50:34,3.805,3.82,3.8,3.81,9744.0
2025-08-06T09:50:35,3.81,3.83,3.8099,3.81,6681.0
2025-08-06T09:50:36,3.81,3.82,3.81,3.81,10160.0
2025-08-06T09:50:37,3.82,3.82,3.8155,3.82,1918.0
2025-08-06T09:50:38,3.8111,3.82,3.81,3.8107,5926.0
2025-08-06T09:50:39,3.81,3.81,3.8,3.8,15871.0
2025-08-06T09:50:40,3.8,3.805,3.79,3.7988,6866.0
2025-08-06T09:50:41,3.81,3.83,3.8086,3.81,25697.0
2025-08-06T09:50:42,3.81,3.82,3.8,3.8047,4125.0
2025-08-06T09:50:43,3.805,3.8092,3.7988,3.799,1576.0
2025-08-06T09:50:44,3.8,3.8,3.7899,3.7914,16690.0
2025-08-06T09:50:45,3.79,3.7999,3.78,3.79,8783.0
2025-08-06T09:50:46,3.79,3.795,3.7888,3.79,3554.0
2025-08-06T09:50:47,3.7993,3.7993,3.785,3.785,4730.0
2025-08-06T09:50:48,3.7899,3.79,3.7847,3.7888,5808.0
2025-08-06T09:50:49,3.79,3.8099,3.79,3.8,8866.0
2025-08-06T09:50:50,3.81,3.8389,3.81,3.83,20299.0
2025-08-06T09:50:51,3.83,3.83,3.81,3.81,18529.0
2025-08-06T09:50:52,3.82235,3.82235,3.8,3.8,10127.0
2025-08-06T09:50:53,3.8005,3.8088,3.8001,3.8001,2755.0
2025-08-06T09:50:54,3.81,3.82,3.8,3.81,7644.0
2025-08-06T09:50:55,3.8199,3.83,3.81,3.83,9349.0
2025-08-06T09:50:56,3.8292,3.835,3.82,3.8201,6432.0
2025-08-06T09:50:57,3.84,3.84,3.825,3.8299,10719.0
2025-08-06T09:50:58,3.83,3.85,3.825,3.8499,19159.0
2025-08-06T09:50:59,3.84,3.85,3.8399,3.8399,6131.0
2025-08-06T09:51:00,3.83,3.86,3.83,3.86,15917.0
2025-08-06T09:51:01,3.855,3.9399,3.8497,3.91,47466.0
2025-08-06T09:51:02,3.9,3.98,3.875,3.965,95265.0
2025-08-06T09:51:03,3.97,3.99,3.95,3.9889,60085.0
2025-08-06T09:51:04,3.9893,4.0,3.93,4.0,72790.0
2025-08-06T09:51:05,3.96,4.0,3.96,3.99,48066.0
2025-08-06T09:51:06,3.9899,4.0,3.972,3.99,29946.0
2025-08-06T09:51:07,3.9812,4.0,3.89,3.938,64684.0
2025-08-06T09:51:08,3.93,3.99,3.92,3.95,62780.0
2025-08-06T09:51:09,3.97,4.03,3.96,4.0101,109460.0
2025-08-06T09:51:10,4.01,4.01,3.97,3.9899,50361.0
2025-08-06T09:51:11,3.98,4.02,3.9712,3.9912,40111.0
2025-08-06T09:51:12,3.98,4.0,3.94,3.9599,38354.0
2025-08-06T09:51:13,3.96,3.9699,3.94,3.9599,44572.0
2025-08-06T09:51:14,3.97,3.97,3.94,3.97,47100.0
2025-08-06T09:51:15,3.96,3.96,3.92,3.92,25029.0
2025-08-06T09:51:16,3.9299,3.95,3.9,3.9308,42425.0
2025-08-06T09:51:17,3.9307,3.99,3.93,3.99,40430.0
2025-08-06T09:51:18,3.9486,4.01,3.9412,4.01,50939.0
2025-08-06T09:51:19,4.001,4.03,3.999,4.0145,57435.0
2025-08-06T09:51:20,4.01,4.03,3.99,3.995,57052.0
2025-08-06T09:51:21,3.991,4.0,3.98,3.9899,22918.0
2025-08-06T09:51:22,3.985,4.0,3.97,3.98,32202.0
2025-08-06T09:51:23,3.9991,4.03,3.98,4.025,29819.0
2025-08-06T09:51:24,4.029,4.15,4.0,4.13,186311.0
2025-08-06T09:51:25,4.14,4.15,4.1,4.13,185301.0
2025-08-06T09:51:26,4.13,4.1412,4.03,4.04,132891.0
2025-08-06T09:51:27,4.04,4.09,4.02,4.08,75300.0
2025-08-06T09:51:28,4.08,4.1,4.06,4.09,50086.0
2025-08-06T09:51:29,4.081,4.1,4.07,4.0965,46907.0
2025-08-06T09:51:30,4.09,4.11,4.06,4.08,58108.0
2025-08-06T09:51:31,4.07,4.13,4.07,4.125,49354.0
2025-08-06T09:51:32,4.12,4.13,4.095,4.1001,66250.0
2025-08-06T09:51:33,4.1,4.125,4.09,4.0945,36646.0
2025-08-06T09:51:34,4.095,4.1,4.07,4.07,35757.0
2025-08-06T09:51:35,4.07,4.11,4.07,4.095,58890.0
2025-08-06T09:51:36,4.075,4.1,4.070001,4.095,24903.0
2025-08-06T09:51:37,4.0901,4.0999,4.07,4.085,28322.0
2025-08-06T09:51:38,4.08,4.1098,4.07,4.08,45278.0
2025-08-06T09:51:39,4.09,4.0988,4.08,4.085,16005.0
2025-08-06T09:51:40,4.08,4.093094,4.07,4.0793,30685.0
2025-08-06T09:51:41,4.08,4.0893,4.07,4.0801,17672.0
2025-08-06T09:51:42,4.0889,4.1,4.07,4.1,29440.0
2025-08-06T09:51:43,4.0901,4.11,4.08,4.1099,26356.0
2025-08-06T09:51:44,4.08,4.12,4.08,4.1189,53023.0
2025-08-06T09:51:45,4.11,4.14,4.11,4.1389,30411.0
2025-08-06T09:51:46,4.1308,4.14,4.1201,4.14,30699.0
2025-08-06T09:51:47,4.135,4.14,4.12,4.13,25755.0
2025-08-06T09:51:48,4.1245,4.13,4.11,4.11,28968.0
2025-08-06T09:51:49,4.1112,4.12,4.1,4.112,28702.0
2025-08-06T09:51:50,4.1088,4.13,4.1088,4.12,21433.0
2025-08-06T09:51:51,4.12,4.15,4.1111,4.1408,20283.0
2025-08-06T09:51:52,4.1408,4.145,4.12,4.135,30433.0
2025-08-06T09:51:53,4.135,4.15,4.13,4.135,32637.0
2025-08-06T09:51:54,4.13,4.14,4.12,4.12,30749.0
2025-08-06T09:51:55,4.13,4.14,4.12,4.12,41192.0
2025-08-06T09:51:56,4.12,4.13,4.11,4.11,29906.0
2025-08-06T09:51:57,4.12,4.14,4.11,4.14,32920.0
2025-08-06T09:51:58,4.14,4.15,4.13,4.145,55385.0
2025-08-06T09:51:59,4.1405,4.17,4.13,4.13,76663.0
2025-08-06T09:52:00,4.14,4.167,4.13,4.1545,63022.0
2025-08-06T09:52:01,4.1596,4.17,4.15,4.1612,54421.0
2025-08-06T09:52:02,4.165,4.29,4.1601,4.265,309858.0
2025-08-06T09:52:03,4.27,4.28,4.16,4.2398,213293.0
2025-08-06T09:52:04,4.255,4.27,4.13,4.15,134964.0
2025-08-06T09:52:05,4.16,4.24,4.14,4.2295,67321.0
2025-08-06T09:52:06,4.219,4.23,4.2,4.225,64344.0
2025-08-06T09:52:07,4.22,4.25,4.18,4.2097,93298.0
2025-08-06T09:52:08,4.21,4.2191,4.1001,4.17,130876.0
2025-08-06T09:52:09,4.175,4.22,4.1001,4.17,59063.0
2025-08-06T09:52:10,4.1699,4.1885,4.0501,4.1397,91857.0
2025-08-06T09:52:11,4.13,4.17,4.118,4.1199,55809.0
2025-08-06T09:52:12,4.11,4.12,4.07,4.0818,108026.0
2025-08-06T09:52:13,4.09,4.116,3.96,3.98,143856.0
2025-08-06T09:52:14,3.97,4.097552,3.96,4.05,128965.0
2025-08-06T09:52:15,4.04,4.07,3.87,3.9012,175623.0
2025-08-06T09:52:16,3.91,3.9498,3.82,3.8512,101034.0
2025-08-06T09:52:17,3.86,3.89,3.82,3.87,79987.0
2025-08-06T09:52:18,3.87,3.88,3.8,3.85,142592.0
2025-08-06T09:52:19,3.8201,3.88,3.8,3.88,58632.0
2025-08-06T09:52:20,3.88,3.97,3.839305,3.9499,89109.0
2025-08-06T09:52:21,3.94,3.97,3.91,3.92,62806.0
2025-08-06T09:52:22,3.93,3.97,3.92,3.94,48875.0
2025-08-06T09:52:23,3.94,3.94,3.92,3.9391,19933.0
2025-08-06T09:52:24,3.9301,3.9399,3.8501,3.8991,32188.0
2025-08-06T09:52:25,3.89,3.94,3.86,3.9201,45394.0
2025-08-06T09:52:26,3.92,3.95,3.92,3.9494,19346.0
2025-08-06T09:52:27,3.95,3.95,3.91,3.91,25970.0
2025-08-06T09:52:28,3.928,3.93,3.9,3.9021,26267.0
2025-08-06T09:52:29,3.9015,3.93,3.9,3.9186,10206.0
2025-08-06T09:52:30,3.915,3.92,3.89,3.915,43045.0
2025-08-06T09:52:31,3.9154,3.93,3.89,3.9299,36517.0
2025-08-06T09:52:32,3.929,3.9399,3.89,3.9292,11120.0
2025-08-06T09:52:33,3.929,3.9399,3.92,3.92,15779.0
2025-08-06T09:52:34,3.9299,3.94,3.9299,3.935,9667.0
2025-08-06T09:52:35,3.9308,3.94,3.92,3.9377,26999.0
2025-08-06T09:52:36,3.93,3.94,3.9,3.92,37259.0
2025-08-06T09:52:37,3.91,3.92,3.9,3.9014,34032.0
2025-08-06T09:52:38,3.8945,3.92,3.89,3.895,23575.0
2025-08-06T09:52:39,3.9101,3.94,3.91,3.9393,26492.0
2025-08-06T09:52:40,3.93,3.94,3.91,3.94,31891.0
2025-08-06T09:52:41,3.92,3.94,3.9,3.92,44487.0
2025-08-06T09:52:42,3.92,3.9393,3.91,3.9393,15187.0
2025-08-06T09:52:43,3.935,3.94,3.92,3.93,18988.0
2025-08-06T09:52:44,3.9288,3.9288,3.89,3.9,25204.0
2025-08-06T09:52:45,3.91,3.926896,3.85,3.876,67814.0
2025-08-06T09:52:46,3.87,3.9186,3.869,3.89,21342.0
2025-08-06T09:52:47,3.885,3.8999,3.88,3.892,6847.0
2025-08-06T09:52:48,3.89,3.9,3.88,3.8814,10619.0
2025-08-06T09:52:49,3.8811,3.89,3.88,3.8899,15753.0
2025-08-06T09:52:50,3.88,3.89,3.88,3.885,12192.0
2025-08-06T09:52:51,3.8831,3.898,3.87,3.88,16757.0
2025-08-06T09:52:52,3.89,3.9,3.88,3.8801,12483.0
2025-08-06T09:52:53,3.8711,3.8899,3.87,3.885,16916.0
2025-08-06T09:52:54,3.88,3.89,3.86,3.88,26873.0
2025-08-06T09:52:55,3.8856,3.8856,3.87,3.87,7483.0
2025-08-06T09:52:56,3.87,3.8794,3.84,3.8488,38678.0
2025-08-06T09:52:57,3.84,3.868775,3.83,3.835,27919.0
2025-08-06T09:52:58,3.8488,3.85,3.83,3.8301,27799.0
2025-08-06T09:52:59,3.83,3.84,3.82,3.835,22594.0
2025-08-06T09:53:00,3.8393,3.87,3.8301,3.8499,31689.0
2025-08-06T09:53:01,3.855,3.88,3.85,3.872,41432.0
2025-08-06T09:53:02,3.8799,3.94,3.87,3.93,89071.0
2025-08-06T09:53:03,3.9389,3.98,3.91,3.9427,96581.0
2025-08-06T09:53:04,3.9589,3.975,3.94,3.9409,33745.0
2025-08-06T09:53:05,3.95,3.97,3.9401,3.9589,28135.0
2025-08-06T09:53:06,3.9501,3.964,3.93,3.93,14239.0
2025-08-06T09:53:07,3.94,3.95,3.93,3.9392,14589.0
2025-08-06T09:53:08,3.9301,3.9388,3.88,3.89,51616.0
2025-08-06T09:53:09,3.88,3.9,3.87,3.883,21827.0
2025-08-06T09:53:10,3.8792,3.885,3.87,3.8701,21767.0
2025-08-06T09:53:11,3.875,3.9,3.8702,3.88,21735.0
2025-08-06T09:53:12,3.8891,3.91,3.875,3.8999,9180.0
2025-08-06T09:53:13,3.8998,3.93,3.89,3.92,23034.0
2025-08-06T09:53:14,3.9197,3.94,3.9145,3.9215,11877.0
2025-08-06T09:53:15,3.93,3.93,3.91,3.92,16368.0
2025-08-06T09:53:16,3.925,3.9399,3.915,3.93,15543.0
2025-08-06T09:53:17,3.9298,3.9696,3.925,3.9693,41627.0
2025-08-06T09:53:18,3.955,4.01,3.9401,3.9899,85289.0
2025-08-06T09:53:19,3.9707,3.9799,3.95,3.955,20476.0
2025-08-06T09:53:20,3.96,3.98,3.9314,3.95,13958.0
2025-08-06T09:53:21,3.9499,3.97,3.9499,3.9699,13557.0
2025-08-06T09:53:22,3.97,3.99,3.96,3.988,21406.0
2025-08-06T09:53:23,3.9809,4.0,3.9712,3.9999,18028.0
2025-08-06T09:53:24,3.9999,4.01,3.98,3.9816,40893.0
2025-08-06T09:53:25,4.0,4.0,3.96,3.9753,19980.0
2025-08-06T09:53:26,3.9788,3.98,3.9401,3.945,25798.0
2025-08-06T09:53:27,3.95,3.97,3.94,3.965,19195.0
2025-08-06T09:53:28,3.97,3.98,3.96,3.96,26703.0
2025-08-06T09:53:29,3.97,3.98,3.96,3.9617,25971.0
2025-08-06T09:53:30,3.9699,4.0,3.9614,3.99,17379.0
2025-08-06T09:53:31,3.9999,4.03,3.99,4.0291,44723.0
2025-08-06T09:53:32,4.011,4.0299,4.0,4.0014,27446.0
2025-08-06T09:53:33,4.0245,4.03,4.01,4.0111,24225.0
2025-08-06T09:53:34,4.02,4.03,4.01,4.01,31474.0
2025-08-06T09:53:35,4.01,4.0212,3.99,3.9911,26146.0
2025-08-06T09:53:36,3.9909,3.995,3.98,3.99,12928.0
2025-08-06T09:53:37,3.9802,3.9988,3.97,3.97,16506.0
2025-08-06T09:53:38,3.975,4.0,3.97,3.9988,16024.0
2025-08-06T09:53:39,3.9912,4.01,3.99,4.0099,10006.0
2025-08-06T09:53:40,4.0,4.0599,4.0,4.02,19748.0
2025-08-06T09:53:41,4.015,4.03,4.01,4.0193,27263.0
2025-08-06T09:53:42,4.0188,4.03,4.01,4.015,14033.0
2025-08-06T09:53:43,4.0151,4.02,4.0,4.0193,30688.0
2025-08-06T09:53:44,4.0198,4.0198,3.9993,4.0,12266.0
2025-08-06T09:53:45,3.99,4.0088,3.97,3.982,15340.0
2025-08-06T09:53:46,3.99,4.01,3.9788,3.991,40643.0
2025-08-06T09:53:47,3.999,4.02,3.995,4.012,21547.0
2025-08-06T09:53:48,4.0189,4.0199,4.0,4.009,6740.0
2025-08-06T09:53:49,4.005,4.01,4.0,4.0089,5804.0
2025-08-06T09:53:50,4.0011,4.04,4.0011,4.0385,14394.0
2025-08-06T09:53:51,4.04,4.07,4.03,4.041,26258.0
2025-08-06T09:53:52,4.04,4.05,4.01,4.03,37704.0
2025-08-06T09:53:53,4.0313,4.04,4.0207,4.0293,11022.0
2025-08-06T09:53:54,4.0294,4.04,4.0112,4.0112,18758.0
2025-08-06T09:53:55,4.0212,4.03,4.01,4.02,7572.0
2025-08-06T09:53:56,4.01,4.03,4.0,4.01,20842.0
2025-08-06T09:53:57,4.0188,4.03,3.9907,3.9999,32307.0
2025-08-06T09:53:58,4.0,4.014908,3.99,3.9901,21693.0
2025-08-06T09:53:59,4.0088,4.02,3.9988,4.01,18802.0
2025-08-06T09:54:00,4.005,4.04,4.0,4.0399,20110.0
2025-08-06T09:54:01,4.0301,4.055,3.95,3.955,81514.0
2025-08-06T09:54:02,3.959,3.9701,3.92,3.94,70265.0
2025-08-06T09:54:03,3.93,3.98,3.92,3.93,63461.0
2025-08-06T09:54:04,3.93,3.99,3.93,3.98,42390.0
2025-08-06T09:54:05,3.9801,4.005,3.9101,4.0007,47180.0
2025-08-06T09:54:06,4.0011,4.07,3.985,4.05,36332.0
2025-08-06T09:54:07,4.05,4.06,4.03,4.0393,37425.0
2025-08-06T09:54:08,4.04,4.06,4.03,4.035,37561.0
2025-08-06T09:54:09,4.0412,4.0554,4.03,4.0412,25405.0
2025-08-06T09:54:10,4.05,4.07,4.04,4.05,31875.0
2025-08-06T09:54:11,4.04,4.07,4.0398,4.06,30985.0
2025-08-06T09:54:12,4.06,4.1,4.0506,4.09,21653.0
2025-08-06T09:54:13,4.085,4.14,4.065,4.13,53511.0
2025-08-06T09:54:14,4.1201,4.14,4.1112,4.1209,50406.0
2025-08-06T09:54:15,4.1288,4.14,4.1007,4.101,43357.0
2025-08-06T09:54:16,4.115,4.13,4.1,4.13,75117.0
2025-08-06T09:54:17,4.14,4.14,4.12,4.1309,46691.0
2025-08-06T09:54:18,4.136894,4.19,4.1307,4.19,70673.0
2025-08-06T09:54:19,4.19,4.23,4.1788,4.23,90401.0
2025-08-06T09:54:20,4.225,4.23,4.17,4.18,94810.0
2025-08-06T09:54:21,4.1893,4.21,4.16,4.1699,41981.0
2025-08-06T09:54:22,4.1607,4.2,4.16,4.1693,79135.0
2025-08-06T09:54:23,4.161,4.1812,4.14,4.16,66266.0
2025-08-06T09:54:24,4.1691,4.18,4.13,4.1301,59880.0
2025-08-06T09:54:25,4.1391,4.17,4.11,4.16,51670.0
2025-08-06T09:54:26,4.17,4.1899,4.15,4.17,50130.0
2025-08-06T09:54:27,4.172,4.18,4.14,4.14,36276.0
2025-08-06T09:54:28,4.1401,4.15,4.14,4.1499,17637.0
2025-08-06T09:54:29,4.1489,4.15,4.14,4.15,21201.0
2025-08-06T09:54:30,4.1412,4.1493,4.12,4.1288,17080.0
2025-08-06T09:54:31,4.12,4.16,4.12,4.155,17916.0
2025-08-06T09:54:32,4.15,4.17,4.14,4.1663,32629.0
2025-08-06T09:54:33,4.17,4.17,4.14,4.1608,51715.0
2025-08-06T09:54:34,4.16,4.17,4.12,4.13,33602.0
2025-08-06T09:54:35,4.13,4.14,4.1207,4.135,21449.0
2025-08-06T09:54:36,4.13,4.1311,4.11,4.12,22688.0
2025-08-06T09:54:37,4.13,4.14,4.11,4.12,27065.0
2025-08-06T09:54:38,4.12,4.1299,4.05,4.0599,61640.0
2025-08-06T09:54:39,4.06,4.1027,4.05,4.0993,50765.0
2025-08-06T09:54:40,4.1,4.1001,4.07,4.1,44581.0
2025-08-06T09:54:41,4.0991,4.12,4.075,4.105,27437.0
2025-08-06T09:54:42,4.1089,4.12,4.1035,4.115,19655.0
2025-08-06T09:54:43,4.1199,4.12,4.085,4.1,41803.0
2025-08-06T09:54:44,4.09,4.11,4.08,4.08,21061.0
2025-08-06T09:54:45,4.09,4.1045,4.07,4.07,27516.0
2025-08-06T09:54:46,4.072,4.0789,4.01,4.02,47189.0
2025-08-06T09:54:47,4.02,4.0588,4.02,4.045,28238.0
2025-08-06T09:54:48,4.0445,4.05,4.01,4.03,48302.0
2025-08-06T09:54:49,4.0288,4.04,4.0199,4.035,22982.0
2025-08-06T09:54:50,4.035,4.05,4.0227,4.0455,16344.0
2025-08-06T09:54:51,4.045,4.08,4.035,4.0799,30530.0
2025-08-06T09:54:52,4.079,4.08,4.045,4.0788,26246.0
2025-08-06T09:54:53,4.08,4.09,4.075,4.085,14926.0
2025-08-06T09:54:54,4.08,4.09,4.0789,4.09,4540.0
2025-08-06T09:54:55,4.09,4.13,4.09,4.12,25247.0
2025-08-06T09:54:56,4.1206,4.13,4.1,4.12,25588.0
2025-08-06T09:54:57,4.1191,4.12,4.09,4.1098,28762.0
2025-08-06T09:54:58,4.105,4.11,4.07,4.07,28592.0
2025-08-06T09:54:59,4.11,4.11,4.0708,4.08,9704.0
2025-08-06T09:55:00,4.08,4.0911,4.07,4.09,14144.0
2025-08-06T09:55:01,4.09,4.095,4.0812,4.0812,9133.0
2025-08-06T09:55:02,4.08,4.1145,4.08,4.105,46087.0
2025-08-06T09:55:03,4.1012,4.1399,4.1012,4.1397,33031.0
2025-08-06T09:55:04,4.1399,4.1399,4.06,4.0699,35421.0
2025-08-06T09:55:05,4.065,4.0699,4.02,4.02,66115.0
2025-08-06T09:55:06,4.0236,4.04,4.02,4.04,50442.0
2025-08-06T09:55:07,4.0494,4.09,4.03,4.0406,50554.0
2025-08-06T09:55:08,4.045,4.07,4.04,4.07,12087.0
2025-08-06T09:55:09,4.0691,4.0699,4.04,4.05,14137.0
2025-08-06T09:55:10,4.04,4.05,4.02,4.04,17282.0
2025-08-06T09:55:11,4.0346,4.04,4.03,4.0301,2756.0
2025-08-06T09:55:12,4.03,4.0388,4.03,4.0312,2717.0
2025-08-06T09:55:13,4.04,4.05,4.02,4.03,23645.0
2025-08-06T09:55:14,4.0288,4.04,4.02,4.025,22111.0
2025-08-06T09:55:15,4.0254,4.04,4.02,4.0399,11283.0
2025-08-06T09:55:16,4.0209,4.0389,4.02,4.0292,5765.0
2025-08-06T09:55:17,4.0288,4.04,4.02,4.0391,6630.0
2025-08-06T09:55:18,4.04,4.05,4.0312,4.05,5710.0
2025-08-06T09:55:19,4.05,4.07,4.05,4.0593,16700.0
2025-08-06T09:55:20,4.06,4.06,4.04,4.05,6708.0
2025-08-06T09:55:21,4.0412,4.0545,4.041,4.0545,3009.0
2025-08-06T09:55:22,4.0554,4.0554,4.04,4.045,5621.0
2025-08-06T09:55:23,4.0491,4.05,4.0455,4.0455,892.0
2025-08-06T09:55:24,4.0401,4.05,4.04,4.0491,3549.0
2025-08-06T09:55:25,4.04,4.08,4.04,4.061,24391.0
2025-08-06T09:55:26,4.07,4.08,4.068,4.068,4877.0
2025-08-06T09:55:27,4.065,4.1,4.0612,4.0714,23482.0
2025-08-06T09:55:28,4.078,4.1399,4.06,4.082,39899.0
2025-08-06T09:55:29,4.081,4.09,4.0799,4.0899,9974.0
2025-08-06T09:55:30,4.08,4.09,4.07,4.085,12676.0
2025-08-06T09:55:31,4.09,4.11,4.0801,4.11,17164.0
2025-08-06T09:55:32,4.11,4.111,4.0991,4.11,29098.0
2025-08-06T09:55:33,4.1045,4.13,4.1,4.11,33192.0
2025-08-06T09:55:34,4.1001,4.1699,4.1001,4.1135,27551.0
2025-08-06T09:55:35,4.12,4.13,4.1,4.12,25067.0
2025-08-06T09:55:36,4.128,4.13,4.109,4.109,18868.0
2025-08-06T09:55:37,4.11,4.12,4.11,4.1108,7475.0
2025-08-06T09:55:38,4.11,4.12,4.09,4.095,14342.0
2025-08-06T09:55:39,4.1,4.11,4.075,4.1099,33090.0
2025-08-06T09:55:40,4.11,4.12,4.102,4.11,6267.0
2025-08-06T09:55:41,4.1112,4.12,4.1099,4.112,12347.0
2025-08-06T09:55:42,4.1189,4.12,4.11,4.1112,8650.0
2025-08-06T09:55:43,4.1111,4.12,4.1,4.1092,4935.0
2025-08-06T09:55:44,4.1,4.11,4.1,4.11,9636.0
2025-08-06T09:55:45,4.1,4.12,4.092,4.11,17660.0
2025-08-06T09:55:46,4.1,4.1188,4.09,4.1,12141.0
2025-08-06T09:55:47,4.0999,4.11,4.095,4.106,17808.0
2025-08-06T09:55:48,4.1099,4.1298,4.1,4.12,16466.0
2025-08-06T09:55:49,4.12,4.13,4.12,4.1212,16535.0
2025-08-06T09:55:50,4.13,4.14,4.12,4.1312,21062.0
2025-08-06T09:55:51,4.13,4.14,4.12,4.1345,10637.0
2025-08-06T09:55:52,4.1399,4.14,4.12,4.135,19160.0
2025-08-06T09:55:53,4.1201,4.13,4.1201,4.1293,5985.0
2025-08-06T09:55:54,4.13,4.13,4.12,4.122,11159.0
2025-08-06T09:55:55,4.1265,4.1265,4.11,4.11,9369.0
2025-08-06T09:55:56,4.12,4.12,4.07,4.08,44394.0
2025-08-06T09:55:57,4.08,4.0901,4.05,4.065,37171.0
2025-08-06T09:55:58,4.0812,4.0812,4.05,4.05,12145.0
2025-08-06T09:55:59,4.05,4.065,4.03,4.03,33652.0
2025-08-06T09:56:00,4.035,4.04,3.94,3.94,116843.0
2025-08-06T09:56:01,3.94,4.0,3.94,3.9708,48355.0
2025-08-06T09:56:02,3.9799,3.99,3.95,3.9688,53122.0
2025-08-06T09:56:03,3.97,3.971226,3.93,3.94,51579.0
2025-08-06T09:56:04,3.9301,3.97,3.9301,3.9499,40388.0
2025-08-06T09:56:05,3.9411,3.9612,3.9411,3.96,19865.0
2025-08-06T09:56:06,3.9512,3.955,3.93,3.9388,13497.0
2025-08-06T09:56:07,3.94,3.95,3.94,3.95,21940.0
2025-08-06T09:56:08,3.9595,3.97,3.9411,3.95,28402.0
2025-08-06T09:56:09,3.96,3.98,3.9588,3.975,29112.0
2025-08-06T09:56:10,3.9701,3.98,3.97,3.97,13278.0
2025-08-06T09:56:11,3.9791,3.98,3.97,3.98,6958.0
2025-08-06T09:56:12,3.9798,4.0199,3.97,4.0,24373.0
2025-08-06T09:56:13,4.0012,4.09,4.0,4.08,75861.0
2025-08-06T09:56:14,4.09,4.14,4.07,4.125,96733.0
2025-08-06T09:56:15,4.1201,4.13,4.09,4.1001,41818.0
2025-08-06T09:56:16,4.105,4.11,4.08,4.08,34550.0
2025-08-06T09:56:17,4.075,4.13,4.0747,4.12,26557.0
2025-08-06T09:56:18,4.128,4.14,4.12,4.1363,35181.0
2025-08-06T09:56:19,4.14,4.16,4.095,4.105,118281.0
2025-08-06T09:56:20,4.11,4.11,4.0663,4.0709,41412.0
2025-08-06T09:56:21,4.0799,4.11,4.07,4.105,18514.0
2025-08-06T09:56:22,4.11,4.11,4.1001,4.11,17155.0
2025-08-06T09:56:23,4.12,4.12,4.01,4.0891,35940.0
2025-08-06T09:56:24,4.0899,4.118774,4.07,4.0763,17208.0
2025-08-06T09:56:25,4.08,4.4999,4.08,4.47,597584.0
2025-08-06T09:56:26,4.47,4.475,4.22,4.235,163475.0
2025-08-06T09:56:27,4.2345,4.235,4.15,4.16,102429.0
2025-08-06T09:56:28,4.1555,4.18,4.11,4.175,56070.0
2025-08-06T09:56:29,4.17,4.1896,4.08,4.11,100617.0
2025-08-06T09:56:30,4.11,4.17,4.095,4.16,43941.0
2025-08-06T09:56:31,4.17,4.34,4.155,4.2992,76943.0
2025-08-06T09:56:32,4.295,4.35,4.18,4.32,117369.0
2025-08-06T09:56:33,4.34,4.3512,3.97,4.1055,214586.0
2025-08-06T09:56:34,4.053,4.22,3.976,4.2001,75774.0
2025-08-06T09:56:35,4.205,4.28,4.15,4.28,72850.0
2025-08-06T09:56:36,4.28,4.34,4.2012,4.2395,76549.0
2025-08-06T09:56:37,4.235,4.2588,4.1201,4.2311,79196.0
2025-08-06T09:56:38,4.2398,4.24,4.21,4.2388,35626.0
2025-08-06T09:56:39,4.231,4.26,4.23,4.26,22373.0
2025-08-06T09:56:40,4.2509,4.26,4.22,4.23,43058.0
2025-08-06T09:56:41,4.221,4.2383,4.19,4.225,37394.0
2025-08-06T09:56:42,4.2201,4.25,4.22,4.22,31257.0
2025-08-06T09:56:43,4.23,4.2693,4.22,4.2501,27050.0
2025-08-06T09:56:44,4.25,4.27,4.24,4.259,22617.0
2025-08-06T09:56:45,4.2512,4.2642,4.21,4.226,32688.0
2025-08-06T09:56:46,4.22,4.23,4.19,4.195,43903.0
2025-08-06T09:56:47,4.19,4.2,4.16,4.172,42012.0
2025-08-06T09:56:48,4.1746,4.18,4.14,4.155,31988.0
2025-08-06T09:56:49,4.16,4.2,4.15,4.19,39688.0
2025-08-06T09:56:50,4.191,4.21,4.15,4.16,31561.0
2025-08-06T09:56:51,4.1655,4.175336,4.15,4.1511,10444.0
2025-08-06T09:56:52,4.16,4.2,4.1588,4.16,23166.0
2025-08-06T09:56:53,4.17,4.22,4.1689,4.1915,27609.0
2025-08-06T09:56:54,4.21,4.25,4.2099,4.2362,34434.0
2025-08-06T09:56:55,4.239,4.25,4.23,4.2494,15010.0
2025-08-06T09:56:56,4.24,4.25,4.21,4.23,42131.0
2025-08-06T09:56:57,4.22,4.225,4.21,4.2112,14972.0
2025-08-06T09:56:58,4.2189,4.25,4.19,4.241,32812.0
2025-08-06T09:56:59,4.2411,4.25,4.23,4.2315,14644.0
2025-08-06T09:57:00,4.24,4.25,4.21,4.21,20972.0
2025-08-06T09:57:01,4.2188,4.24,4.21,4.22,24177.0
2025-08-06T09:57:02,4.22,4.22,4.21,4.21,19407.0
2025-08-06T09:57:03,4.2193,4.27,4.2,4.27,37542.0
2025-08-06T09:57:04,4.2519,4.28,4.25,4.2702,64942.0
2025-08-06T09:57:05,4.28,4.3,4.25,4.27,66688.0
2025-08-06T09:57:06,4.28,4.3,4.2699,4.2801,43533.0
2025-08-06T09:57:07,4.282,4.33,4.282,4.316,44047.0
2025-08-06T09:57:08,4.32,4.3299,4.25,4.2511,42958.0
2025-08-06T09:57:09,4.2679,4.3389,4.23,4.33,63463.0
2025-08-06T09:57:10,4.3389,4.38,4.33,4.34,76352.0
2025-08-06T09:57:11,4.3356,4.41,4.33,4.382,77373.0
2025-08-06T09:57:12,4.3801,4.399,4.3,4.31,87498.0
2025-08-06T09:57:13,4.32,4.33,4.28,4.28,34282.0
2025-08-06T09:57:14,4.2888,4.35,4.27,4.33,31352.0
2025-08-06T09:57:15,4.31,4.35,4.28,4.33,38538.0
2025-08-06T09:57:16,4.34,4.34,4.29,4.3001,33278.0
2025-08-06T09:57:17,4.31,4.3234,4.3,4.3184,10261.0
2025-08-06T09:57:18,4.305,4.33,4.3,4.3115,50105.0
2025-08-06T09:57:19,4.31,4.35,4.31,4.3363,21026.0
2025-08-06T09:57:20,4.34,4.34,4.3,4.3,39108.0
2025-08-06T09:57:21,4.31,4.35,4.3,4.35,42418.0
2025-08-06T09:57:22,4.3499,4.36,4.33,4.3598,25840.0
2025-08-06T09:57:23,4.35,4.36,4.34,4.3491,24314.0
2025-08-06T09:57:24,4.35,4.36,4.33,4.3399,34009.0
2025-08-06T09:57:25,4.3391,4.3588,4.33,4.34,20613.0
2025-08-06T09:57:26,4.355,4.3691,4.35,4.35,17533.0
2025-08-06T09:57:27,4.36,4.37,4.35,4.3507,15683.0
2025-08-06T09:57:28,4.35,4.3512,4.31,4.3101,56111.0
2025-08-06T09:57:29,4.3384,4.3384,4.29,4.3004,44938.0
2025-08-06T09:57:30,4.2916,4.31,4.27,4.279,35200.0
2025-08-06T09:57:31,4.28,4.2812,4.24,4.2401,63270.0
2025-08-06T09:57:32,4.2599,4.27,4.22,4.2382,47174.0
2025-08-06T09:57:33,4.2399,4.28,4.22,4.25,38058.0
2025-08-06T09:57:34,4.2482,4.27,4.24,4.261,12478.0
2025-08-06T09:57:35,4.26,4.3,4.25,4.295,18151.0
2025-08-06T09:57:36,4.295,4.3113,4.29,4.29,27331.0
2025-08-06T09:57:37,4.29,4.32,4.29,4.29,13523.0
2025-08-06T09:57:38,4.3,4.32,4.29,4.3,17463.0
2025-08-06T09:57:39,4.3,4.3106,4.27,4.27,25298.0
2025-08-06T09:57:40,4.27,4.3,4.24,4.28,34388.0
2025-08-06T09:57:41,4.27,4.2885,4.2315,4.25,20545.0
2025-08-06T09:57:42,4.2686,4.3,4.251,4.285,12716.0
2025-08-06T09:57:43,4.28,4.2801,4.25,4.2501,27775.0
2025-08-06T09:57:44,4.27,4.31,4.2515,4.26,23291.0
2025-08-06T09:57:45,4.2685,4.275,4.25,4.27,6877.0
2025-08-06T09:57:46,4.2799,4.3,4.27,4.29,12261.0
2025-08-06T09:57:47,4.295,4.31,4.2812,4.305,6807.0
2025-08-06T09:57:48,4.3012,4.31,4.29,4.3012,10563.0
2025-08-06T09:57:49,4.3009,4.3012,4.28,4.2855,10243.0
2025-08-06T09:57:50,4.2894,4.3,4.2701,4.28,13223.0
2025-08-06T09:57:51,4.285,4.3,4.27,4.295,11859.0
2025-08-06T09:57:52,4.2909,4.3,4.2801,4.2888,16902.0
2025-08-06T09:57:53,4.3099,4.3099,4.29,4.3005,6533.0
2025-08-06T09:57:54,4.3,4.3,4.2912,4.2912,7828.0
2025-08-06T09:57:55,4.291,4.2988,4.28,4.285,5547.0
2025-08-06T09:57:56,4.2865,4.3,4.28,4.28,6698.0
2025-08-06T09:57:57,4.2888,4.29,4.28,4.2801,7177.0
2025-08-06T09:57:58,4.2888,4.29,4.275,4.285,6904.0
2025-08-06T09:57:59,4.275,4.275,4.25,4.25,25231.0
2025-08-06T09:58:00,4.265,4.265,4.165,4.17,121421.0
2025-08-06T09:58:01,4.17,4.24,4.16,4.2299,57001.0
2025-08-06T09:58:02,4.2201,4.2799,4.17,4.2799,64259.0
2025-08-06T09:58:03,4.2681,4.28,4.23,4.2787,40496.0
2025-08-06T09:58:04,4.26,4.28,4.25,4.27,21416.0
2025-08-06T09:58:05,4.2635,4.28,4.25,4.265,15197.0
2025-08-06T09:58:06,4.265,4.2692,4.22,4.2312,16758.0
2025-08-06T09:58:07,4.2345,4.27,4.22,4.2393,17662.0
2025-08-06T09:58:08,4.2215,4.2399,4.16,4.18,28227.0
2025-08-06T09:58:09,4.1785,4.23,4.1615,4.2298,15481.0
2025-08-06T09:58:10,4.225,4.27,4.2188,4.25,28721.0
2025-08-06T09:58:11,4.2312,4.27,4.21,4.25,29954.0
2025-08-06T09:58:12,4.23,4.27,4.23,4.26,17768.0
2025-08-06T09:58:13,4.25,4.26,4.2401,4.2599,17563.0
2025-08-06T09:58:14,4.2508,4.27,4.24,4.269,35948.0
2025-08-06T09:58:15,4.26,4.27,4.25,4.255,9730.0
2025-08-06T09:58:16,4.25,4.2691,4.22,4.24,26002.0
2025-08-06T09:58:17,4.2318,4.26,4.2288,4.2547,24076.0
2025-08-06T09:58:18,4.259,4.27,4.259,4.2699,3762.0
2025-08-06T09:58:19,4.2699,4.28,4.26,4.2712,23993.0
2025-08-06T09:58:20,4.2647,4.28,4.26,4.275,13771.0
2025-08-06T09:58:21,4.2712,4.28,4.26,4.265,16251.0
2025-08-06T09:58:22,4.26,4.27,4.25,4.2645,30145.0
2025-08-06T09:58:23,4.27,4.29,4.26,4.26,29977.0
2025-08-06T09:58:24,4.2699,4.29,4.2603,4.2899,26857.0
2025-08-06T09:58:25,4.29,4.29,4.27,4.275,17884.0
2025-08-06T09:58:26,4.27,4.29,4.2606,4.2689,12306.0
2025-08-06T09:58:27,4.2693,4.27,4.255,4.255,22810.0
2025-08-06T09:58:28,4.2599,4.2699,4.25,4.2535,7023.0
2025-08-06T09:58:29,4.25,4.2699,4.25,4.255,9833.0
2025-08-06T09:58:30,4.255,4.27,4.25,4.2699,14139.0
2025-08-06T09:58:31,4.2699,4.27,4.26,4.27,4178.0
2025-08-06T09:58:32,4.2699,4.27,4.26,4.265,9202.0
2025-08-06T09:58:33,4.269,4.28,4.26,4.2699,7228.0
2025-08-06T09:58:34,4.265,4.2699,4.25,4.2501,24594.0
2025-08-06T09:58:35,4.2501,4.2581,4.23,4.2406,30349.0
2025-08-06T09:58:36,4.2414,4.26,4.22,4.2385,28099.0
2025-08-06T09:58:37,4.2215,4.2385,4.21,4.22,10067.0
2025-08-06T09:58:38,4.2105,4.23,4.21,4.23,9535.0
2025-08-06T09:58:39,4.2288,4.23,4.22,4.2289,7609.0
2025-08-06T09:58:40,4.2212,4.2393,4.22,4.235,4549.0
2025-08-06T09:58:41,4.235,4.2393,4.16,4.161,61232.0
2025-08-06T09:58:42,4.1612,4.1714,4.0707,4.125,159484.0
2025-08-06T09:58:43,4.11,4.17,4.0915,4.1699,60034.0
2025-08-06T09:58:44,4.165,4.17,4.12,4.13,61295.0
2025-08-06T09:58:45,4.1378,4.16,4.12,4.1413,58182.0
2025-08-06T09:58:46,4.15,4.17,4.15,4.155,25858.0
2025-08-06T09:58:47,4.16,4.17,4.15,4.1699,29853.0
2025-08-06T09:58:48,4.1601,4.17,4.16,4.165,8091.0
2025-08-06T09:58:49,4.17,4.17,4.16,4.1607,11747.0
2025-08-06T09:58:50,4.1612,4.1699,4.14,4.1401,19602.0
2025-08-06T09:58:51,4.1454,4.1689,4.11,4.1192,20702.0
2025-08-06T09:58:52,4.12,4.1488,4.11,4.1345,23557.0
2025-08-06T09:58:53,4.1303,4.1312,4.105,4.105,21110.0
2025-08-06T09:58:54,4.1092,4.11,4.08,4.1012,25193.0
2025-08-06T09:58:55,4.1089,4.13,4.1,4.12,32569.0
2025-08-06T09:58:56,4.13,4.14,4.11,4.14,27706.0
2025-08-06T09:58:57,4.13,4.17,4.1215,4.1691,18842.0
2025-08-06T09:58:58,4.16,4.165,4.1,4.13,51366.0
2025-08-06T09:58:59,4.1299,4.135,4.11,4.135,10980.0
2025-08-06T09:59:00,4.1288,4.1399,4.11,4.1189,11866.0
2025-08-06T09:59:01,4.1188,4.16,4.11,4.1599,22727.0
2025-08-06T09:59:02,4.155,4.2,4.13,4.19,64263.0
2025-08-06T09:59:03,4.18,4.2,4.17,4.185,24115.0
2025-08-06T09:59:04,4.199,4.23,4.199,4.2115,38476.0
2025-08-06T09:59:05,4.23,4.2388,4.2004,4.2054,34254.0
2025-08-06T09:59:06,4.2,4.225,4.19,4.1999,30909.0
2025-08-06T09:59:07,4.1999,4.21,4.18,4.2,35739.0
2025-08-06T09:59:08,4.2078,4.23,4.1901,4.23,33393.0
2025-08-06T09:59:09,4.22,4.23,4.21,4.225,30197.0
2025-08-06T09:59:10,4.225,4.23,4.21,4.225,16822.0
2025-08-06T09:59:11,4.21,4.22,4.2,4.21,12016.0
2025-08-06T09:59:12,4.2012,4.21,4.2,4.2045,21474.0
2025-08-06T09:59:13,4.2099,4.21,4.2,4.2,6940.0
2025-08-06T09:59:14,4.2088,4.23,4.2,4.22,13531.0
2025-08-06T09:59:15,4.2299,4.23,4.2201,4.225,21706.0
2025-08-06T09:59:16,4.2201,4.2299,4.1845,4.1904,21782.0
2025-08-06T09:59:17,4.1888,4.2,4.18,4.1802,30038.0
2025-08-06T09:59:18,4.183,4.19,4.18,4.18,2600.0
2025-08-06T09:59:19,4.1996,4.1999,4.179,4.179,5623.0
2025-08-06T09:59:20,4.1712,4.1899,4.171,4.175,8261.0
2025-08-06T09:59:21,4.173,4.18,4.1711,4.18,2505.0
2025-08-06T09:59:22,4.1899,4.19,4.18,4.1892,3180.0
2025-08-06T09:59:23,4.189,4.1899,4.18,4.1801,5290.0
2025-08-06T09:59:24,4.18,4.19,4.175,4.19,5801.0
2025-08-06T09:59:25,4.19,4.19,4.18,4.1812,5943.0
2025-08-06T09:59:26,4.1807,4.19,4.1807,4.1812,2338.0
2025-08-06T09:59:27,4.1897,4.19,4.17,4.17,23673.0
2025-08-06T09:59:28,4.1708,4.18,4.17,4.1788,3281.0
2025-08-06T09:59:29,4.1789,4.2,4.17,4.1999,15957.0
2025-08-06T09:59:30,4.195,4.2,4.1805,4.185,26068.0
2025-08-06T09:59:31,4.185,4.1999,4.1804,4.19,10570.0
2025-08-06T09:59:32,4.195,4.195,4.1799,4.1799,3010.0
2025-08-06T09:59:33,4.171,4.18,4.17,4.17,11229.0
2025-08-06T09:59:34,4.17,4.18,4.15,4.15,20378.0
2025-08-06T09:59:35,4.16,4.16,4.12,4.13,48851.0
2025-08-06T09:59:36,4.13,4.17,4.1288,4.1609,16824.0
2025-08-06T09:59:37,4.17,4.17,4.16,4.1611,8976.0
2025-08-06T09:59:38,4.16,4.1612,4.15,4.15,7067.0
2025-08-06T09:59:39,4.16,4.17,4.15,4.16,11789.0
2025-08-06T09:59:40,4.1554,4.17,4.15,4.165,7340.0
2025-08-06T09:59:41,4.1607,4.1647,4.15,4.15,12120.0
2025-08-06T09:59:42,4.14,4.18,4.14,4.18,24442.0
2025-08-06T09:59:43,4.1601,4.19,4.16,4.18,9349.0
2025-08-06T09:59:44,4.19,4.19,4.18,4.18,4473.0
2025-08-06T09:59:45,4.1899,4.1899,4.16,4.1601,6075.0
2025-08-06T09:59:46,4.168,4.17,4.16,4.16,2079.0
2025-08-06T09:59:47,4.16,4.17,4.16,4.17,1363.0
2025-08-06T09:59:48,4.17,4.18,4.17,4.1794,2564.0
2025-08-06T09:59:49,4.1799,4.1799,4.17,4.1707,2389.0
2025-08-06T09:59:50,4.1799,4.1799,4.1707,4.1707,2127.0
2025-08-06T09:59:51,4.1799,4.19,4.1712,4.1899,11583.0
2025-08-06T09:59:52,4.1892,4.19,4.1801,4.19,4290.0
2025-08-06T09:59:53,4.1888,4.19,4.18,4.18,1743.0
2025-08-06T09:59:54,4.18,4.1988,4.1799,4.195,15568.0
2025-08-06T09:59:55,4.1999,4.23,4.195,4.23,25679.0
2025-08-06T09:59:56,4.22,4.2299,4.21,4.2199,9759.0
2025-08-06T09:59:57,4.215,4.22,4.2,4.2099,11837.0
2025-08-06T09:59:58,4.2077,4.21,4.19,4.2099,11745.0
2025-08-06T09:59:59,4.21,4.22,4.2099,4.21,7764.0
2025-08-06T10:00:00,4.2199,4.22,4.1911,4.2099,9054.0
2025-08-06T10:00:01,4.21,4.23,4.21,4.2299,26970.0
2025-08-06T10:00:02,4.2207,4.24,4.215,4.2398,32962.0
2025-08-06T10:00:03,4.22,4.24,4.22,4.23,14172.0
2025-08-06T10:00:04,4.23,4.24,4.22,4.2335,38600.0
2025-08-06T10:00:05,4.23,4.24,4.21,4.24,29512.0
2025-08-06T10:00:06,4.23,4.24,4.23,4.235,14116.0
2025-08-06T10:00:07,4.2353,4.24,4.2225,4.2288,8650.0
2025-08-06T10:00:08,4.23,4.24,4.22,4.2263,13585.0
2025-08-06T10:00:09,4.24,4.24,4.225,4.225,16554.0
2025-08-06T10:00:10,4.22,4.221,4.2,4.205,19482.0
2025-08-06T10:00:11,4.2,4.2099,4.17,4.1801,35066.0
2025-08-06T10:00:12,4.175,4.1845,4.17,4.18,18584.0
2025-08-06T10:00:13,4.18,4.2,4.17,4.18,17136.0
2025-08-06T10:00:14,4.18,4.2,4.18,4.185,16778.0
2025-08-06T10:00:15,4.18,4.2,4.18,4.19,14020.0
2025-08-06T10:00:16,4.19,4.2,4.18,4.1899,5008.0
2025-08-06T10:00:17,4.19,4.19,4.17,4.17,15851.0
2025-08-06T10:00:18,4.1699,4.19,4.165,4.1701,33338.0
2025-08-06T10:00:19,4.17,4.1899,4.17,4.1801,7012.0
2025-08-06T10:00:20,4.1889,4.19,4.18,4.1807,20108.0
2025-08-06T10:00:21,4.1812,4.19,4.175,4.19,9930.0
2025-08-06T10:00:22,4.18,4.2,4.18,4.2,7281.0
2025-08-06T10:00:23,4.2,4.2,4.1901,4.2,11174.0
2025-08-06T10:00:24,4.205,4.21,4.2,4.21,5192.0
2025-08-06T10:00:25,4.2,4.23,4.2,4.23,28012.0
2025-08-06T10:00:26,4.2201,4.23,4.22,4.2212,15635.0
2025-08-06T10:00:27,4.2199,4.2399,4.2199,4.23,29007.0
2025-08-06T10:00:28,4.231,4.27,4.2299,4.23,54996.0
2025-08-06T10:00:29,4.23,4.26,4.22,4.2463,28884.0
2025-08-06T10:00:30,4.26,4.26,4.2309,4.2598,25989.0
2025-08-06T10:00:31,4.251,4.27,4.22,4.22,34548.0
2025-08-06T10:00:32,4.225,4.2415,4.2,4.2,17983.0
2025-08-06T10:00:33,4.2,4.2188,4.18,4.18,26781.0
2025-08-06T10:00:34,4.1801,4.19,4.16,4.1699,40214.0
2025-08-06T10:00:35,4.16,4.1799,4.0601,4.14,139336.0
2025-08-06T10:00:36,4.1592,4.18,4.13,4.18,16944.0
2025-08-06T10:00:37,4.175,4.1799,4.15,4.1699,12384.0
2025-08-06T10:00:38,4.1501,4.1698,4.15,4.15,8844.0
2025-08-06T10:00:39,4.1535,4.17,4.14,4.1688,13430.0
2025-08-06T10:00:40,4.1611,4.175,4.16,4.1636,8413.0
2025-08-06T10:00:41,4.16,4.1679,4.16,4.1635,2810.0
2025-08-06T10:00:42,4.165,4.17,4.16,4.16,3412.0
2025-08-06T10:00:43,4.1689,4.1689,4.15,4.15,6275.0
2025-08-06T10:00:44,4.155,4.16,4.15,4.1511,19354.0
2025-08-06T10:00:45,4.16,4.17,4.15,4.17,10160.0
2025-08-06T10:00:46,4.175,4.189,4.159999,4.189,2877.0
2025-08-06T10:00:47,4.1854,4.2,4.18,4.1999,22271.0
2025-08-06T10:00:48,4.189,4.2,4.189,4.1999,11657.0
2025-08-06T10:00:49,4.1911,4.21,4.1901,4.205,15337.0
2025-08-06T10:00:50,4.205,4.2099,4.2,4.2045,7440.0
2025-08-06T10:00:51,4.2,4.21,4.2,4.2012,10399.0
2025-08-06T10:00:52,4.2035,4.2099,4.17,4.18,6614.0
2025-08-06T10:00:53,4.18,4.19,4.17,4.1808,16325.0
2025-08-06T10:00:54,4.1709,4.18,4.15,4.15,32704.0
2025-08-06T10:00:55,4.14,4.16,4.14,4.14,8508.0
2025-08-06T10:00:56,4.14,4.16,4.14,4.1499,7550.0
2025-08-06T10:00:57,4.1507,4.17,4.15,4.15,7078.0
2025-08-06T10:00:58,4.15,4.16,4.15,4.16,9018.0
2025-08-06T10:00:59,4.17,4.17,4.1501,4.16,8097.0
2025-08-06T10:01:00,4.168,4.1726,4.1508,4.1508,17920.0
2025-08-06T10:01:01,4.15,4.1599,4.11,4.12,20329.0
2025-08-06T10:01:02,4.12,4.13,4.1,4.1,50832.0
2025-08-06T10:01:03,4.1,4.13,4.07,4.1,34898.0
2025-08-06T10:01:04,4.08,4.1279,4.07,4.1279,46288.0
2025-08-06T10:01:05,4.1115,4.16,4.11,4.1212,31128.0
2025-08-06T10:01:06,4.14,4.16,4.12,4.1485,21743.0
2025-08-06T10:01:07,4.13,4.18,4.1299,4.1699,20740.0
2025-08-06T10:01:08,4.16,4.18,4.16,4.175,8490.0
2025-08-06T10:01:09,4.175,4.18,4.16,4.16,13407.0
2025-08-06T10:01:10,4.1699,4.18,4.1602,4.17,9716.0
2025-08-06T10:01:11,4.169,4.1799,4.15,4.1594,4319.0
2025-08-06T10:01:12,4.1502,4.17,4.15,4.155,3042.0
2025-08-06T10:01:13,4.155,4.16,4.15,4.16,6639.0
2025-08-06T10:01:14,4.15,4.1691,4.145,4.16,9910.0
2025-08-06T10:01:15,4.16,4.17,4.15,4.17,9397.0
2025-08-06T10:01:16,4.17,4.175,4.1515,4.159,8293.0
2025-08-06T10:01:17,4.16,4.16,4.09,4.1299,39936.0
2025-08-06T10:01:18,4.12,4.13,4.11,4.13,4631.0
2025-08-06T10:01:19,4.1115,4.1388,4.1115,4.1202,10013.0
2025-08-06T10:01:20,4.12,4.1385,4.02,4.022,86726.0
2025-08-06T10:01:21,4.038,4.1,3.96,3.9909,190583.0
2025-08-06T10:01:22,3.995,4.03,3.81,3.82,270810.0
2025-08-06T10:01:23,3.8293,3.9188,3.77,3.8201,164195.0
2025-08-06T10:01:24,3.825,3.85,3.78,3.7999,85303.0
2025-08-06T10:01:25,3.79,3.8388,3.76,3.825,88198.0
2025-08-06T10:01:26,3.83,3.84,3.78,3.8,66042.0
2025-08-06T10:01:27,3.8091,3.8299,3.79,3.8,50829.0
2025-08-06T10:01:28,3.795,3.83,3.79,3.828,35742.0
2025-08-06T10:01:29,3.825,3.84,3.81,3.825,34367.0
2025-08-06T10:01:30,3.82,3.84,3.7601,3.82,33746.0
2025-08-06T10:01:31,3.815,3.83,3.78,3.79,77120.0
2025-08-06T10:01:32,3.78,3.81,3.72,3.72,138575.0
2025-08-06T10:01:33,3.73,3.7688,3.7,3.7112,140711.0
2025-08-06T10:01:34,3.7,3.7599,3.7,3.725,85286.0
2025-08-06T10:01:35,3.7,3.74,3.7,3.731,49928.0
2025-08-06T10:01:36,3.74,3.75,3.68,3.68,139053.0
2025-08-06T10:01:37,3.719,3.745,3.66,3.71,40738.0
2025-08-06T10:01:38,3.71,3.72,3.69,3.7101,31788.0
2025-08-06T10:01:39,3.7189,3.74,3.71,3.7389,41237.0
2025-08-06T10:01:40,3.732,3.76,3.72,3.72,80739.0
2025-08-06T10:01:41,3.7291,3.74,3.72,3.7308,23216.0
2025-08-06T10:01:42,3.74,3.75,3.7307,3.74,28095.0
2025-08-06T10:01:43,3.75,3.78,3.74,3.7501,44625.0
2025-08-06T10:01:44,3.7799,3.78,3.75,3.76,24527.0
2025-08-06T10:01:45,3.76,3.77,3.755,3.77,20477.0
2025-08-06T10:01:46,3.765,3.79,3.76,3.7812,27276.0
2025-08-06T10:01:47,3.7801,3.8,3.78,3.7812,19175.0
2025-08-06T10:01:48,3.78,3.79,3.77,3.7792,20866.0
2025-08-06T10:01:49,3.7788,3.8,3.775,3.7899,24048.0
2025-08-06T10:01:50,3.795,3.8,3.78,3.79,9335.0
2025-08-06T10:01:51,3.799,3.7999,3.77,3.77,19051.0
2025-08-06T10:01:52,3.772,3.79,3.76,3.7709,18208.0
2025-08-06T10:01:53,3.7745,3.78,3.76,3.7749,14411.0
2025-08-06T10:01:54,3.7799,3.7799,3.76,3.77,17148.0
2025-08-06T10:01:55,3.7601,3.77,3.76,3.7635,10994.0
2025-08-06T10:01:56,3.76,3.77,3.74,3.7407,44939.0
2025-08-06T10:01:57,3.7488,3.7599,3.74,3.75,13846.0
2025-08-06T10:01:58,3.7412,3.76,3.74,3.7597,17066.0
2025-08-06T10:01:59,3.755,3.8,3.75,3.78,35638.0
2025-08-06T10:02:00,3.79,3.79,3.77,3.7792,7916.0
2025-08-06T10:02:01,3.7793,3.7895,3.77,3.775,5588.0
2025-08-06T10:02:02,3.7799,3.7799,3.75,3.7501,17827.0
2025-08-06T10:02:03,3.7511,3.76,3.74,3.74,30931.0
2025-08-06T10:02:04,3.7488,3.77,3.74,3.77,10169.0
2025-08-06T10:02:05,3.77,3.77,3.7488,3.7598,17867.0
2025-08-06T10:02:06,3.7512,3.76,3.75,3.75,11175.0
2025-08-06T10:02:07,3.7512,3.755,3.74,3.7454,9091.0
2025-08-06T10:02:08,3.7488,3.75,3.72,3.7201,23513.0
2025-08-06T10:02:09,3.7291,3.73,3.72,3.7212,34939.0
2025-08-06T10:02:10,3.72,3.7201,3.71,3.715,23841.0
2025-08-06T10:02:11,3.715,3.73,3.7,3.71,44963.0
2025-08-06T10:02:12,3.71,3.725,3.6301,3.7,53206.0
2025-08-06T10:02:13,3.695,3.705,3.68,3.68,35754.0
2025-08-06T10:02:14,3.6801,3.69,3.67,3.6888,21083.0
2025-08-06T10:02:15,3.6802,3.6891,3.66,3.6701,39644.0
2025-08-06T10:02:16,3.6745,3.68,3.66,3.665,24051.0
2025-08-06T10:02:17,3.6681,3.68,3.66,3.6612,36071.0
2025-08-06T10:02:18,3.6645,3.675,3.53,3.56,220274.0
2025-08-06T10:02:19,3.56,3.5912,3.54,3.58,84137.0
2025-08-06T10:02:20,3.575,3.6,3.54,3.58,63472.0
2025-08-06T10:02:21,3.5765,3.5912,3.55,3.55,47550.0
2025-08-06T10:02:22,3.55,3.565,3.51,3.52,62612.0
2025-08-06T10:02:23,3.52,3.54,3.47,3.48,113990.0
2025-08-06T10:02:24,3.4865,3.51,3.48,3.5,83438.0
2025-08-06T10:02:25,3.49,3.51,3.48,3.5,69341.0
2025-08-06T10:02:26,3.49,3.56,3.48,3.5415,62567.0
2025-08-06T10:02:27,3.5499,3.58,3.53,3.55,81620.0
2025-08-06T10:02:28,3.55,3.566,3.51,3.52,51336.0
2025-08-06T10:02:29,3.52,3.6499,3.51,3.56,48648.0
2025-08-06T10:02:30,3.561,3.57,3.53,3.53,34564.0
2025-08-06T10:02:31,3.521,3.5599,3.51,3.5599,23164.0
2025-08-06T10:02:32,3.5388,3.56,3.5388,3.55,12086.0
2025-08-06T10:02:33,3.55,3.5588,3.53,3.5399,15732.0
2025-08-06T10:02:34,3.53,3.55,3.52,3.5393,37755.0
2025-08-06T10:02:35,3.54,3.57,3.53,3.5488,23790.0
2025-08-06T10:02:36,3.55,3.56,3.54,3.56,15892.0
2025-08-06T10:02:37,3.552,3.56,3.54,3.5512,6846.0
2025-08-06T10:02:38,3.5499,3.56,3.5423,3.5563,6580.0
2025-08-06T10:02:39,3.56,3.57,3.55,3.56,8766.0
2025-08-06T10:02:40,3.56,3.57,3.55,3.565,10814.0
2025-08-06T10:02:41,3.5694,3.57,3.55,3.5688,30075.0
2025-08-06T10:02:42,3.5688,3.58,3.5645,3.57,15375.0
2025-08-06T10:02:43,3.56,3.57,3.55,3.56,19604.0
2025-08-06T10:02:44,3.5588,3.57,3.54,3.56,12999.0
2025-08-06T10:02:45,3.5512,3.56,3.54,3.55,12019.0
2025-08-06T10:02:46,3.5499,3.55,3.54,3.5414,19290.0
2025-08-06T10:02:47,3.5401,3.55,3.54,3.54,22467.0
2025-08-06T10:02:48,3.54,3.56,3.54,3.56,11115.0
2025-08-06T10:02:49,3.55,3.5502,3.54,3.54,5416.0
2025-08-06T10:02:50,3.545,3.57,3.54,3.565,14646.0
2025-08-06T10:02:51,3.56,3.58,3.555,3.5789,15990.0
2025-08-06T10:02:52,3.57,3.58,3.57,3.5799,18285.0
2025-08-06T10:02:53,3.58,3.58,3.56,3.5701,8321.0
2025-08-06T10:02:54,3.5712,3.575,3.56,3.5601,8319.0
2025-08-06T10:02:55,3.5692,3.5692,3.54,3.5401,16736.0
2025-08-06T10:02:56,3.545,3.56,3.53,3.53,16355.0
2025-08-06T10:02:57,3.54,3.56,3.535,3.56,13628.0
2025-08-06T10:02:58,3.5593,3.57,3.55,3.57,15799.0
2025-08-06T10:02:59,3.56,3.5699,3.55,3.5512,10224.0
2025-08-06T10:03:00,3.56,3.58,3.55,3.55,25490.0
2025-08-06T10:03:01,3.55,3.5599,3.54,3.5501,9033.0
2025-08-06T10:03:02,3.5588,3.5588,3.55,3.5588,3450.0
2025-08-06T10:03:03,3.5592,3.5592,3.54,3.54,13640.0
2025-08-06T10:03:04,3.545,3.55,3.5401,3.55,5666.0
2025-08-06T10:03:05,3.5445,3.55,3.54,3.5401,3889.0
2025-08-06T10:03:06,3.5411,3.552,3.54,3.55,8686.0
2025-08-06T10:03:07,3.55,3.56,3.5411,3.555,8954.0
2025-08-06T10:03:08,3.55,3.56,3.55,3.5512,6659.0
2025-08-06T10:03:09,3.5593,3.56,3.55,3.55,10398.0
2025-08-06T10:03:10,3.5512,3.5512,3.535,3.5385,17280.0
2025-08-06T10:03:11,3.545,3.55,3.5,3.5,60091.0
2025-08-06T10:03:12,3.5,3.53,3.5,3.5,49276.0
2025-08-06T10:03:13,3.5,3.54,3.49,3.5,38812.0
2025-08-06T10:03:14,3.5099,3.53,3.5099,3.51,12987.0
2025-08-06T10:03:15,3.52,3.52,3.5,3.5,19163.0
2025-08-06T10:03:16,3.501,3.51,3.4899,3.49,26836.0
2025-08-06T10:03:17,3.49,3.51,3.48,3.49,33675.0
2025-08-06T10:03:18,3.49,3.5,3.475,3.4812,31936.0
2025-08-06T10:03:19,3.49,3.5,3.48,3.49,8963.0
2025-08-06T10:03:20,3.49,3.5,3.48,3.49,11576.0
2025-08-06T10:03:21,3.49,3.52,3.4802,3.51,19784.0
2025-08-06T10:03:22,3.51,3.54,3.5,3.5312,25797.0
2025-08-06T10:03:23,3.535,3.5399,3.52,3.52,17279.0
2025-08-06T10:03:24,3.5101,3.52,3.5,3.52,14040.0
2025-08-06T10:03:25,3.5154,3.52,3.51,3.52,9250.0
2025-08-06T10:03:26,3.5106,3.5188,3.5,3.5054,4529.0
2025-08-06T10:03:27,3.5012,3.5099,3.49,3.4901,10732.0
2025-08-06T10:03:28,3.5,3.5,3.48,3.5,14265.0
2025-08-06T10:03:29,3.49,3.5,3.49,3.5,2387.0
2025-08-06T10:03:30,3.5,3.505,3.49,3.49,13998.0
2025-08-06T10:03:31,3.49,3.5,3.49,3.4903,9430.0
2025-08-06T10:03:32,3.5,3.5,3.49,3.5,11734.0
2025-08-06T10:03:33,3.5001,3.56,3.5001,3.56,39086.0
2025-08-06T10:03:34,3.55,3.57,3.52,3.57,22360.0
2025-08-06T10:03:35,3.56,3.58,3.56,3.565,21995.0
2025-08-06T10:03:36,3.565,3.579,3.55,3.5692,18511.0
2025-08-06T10:03:37,3.56,3.575,3.5501,3.5598,17441.0
2025-08-06T10:03:38,3.5507,3.555,3.54,3.5401,4641.0
2025-08-06T10:03:39,3.5489,3.55,3.54,3.54,23193.0
2025-08-06T10:03:40,3.55,3.56,3.5401,3.555,19688.0
2025-08-06T10:03:41,3.5509,3.5512,3.54,3.55,11259.0
2025-08-06T10:03:42,3.55,3.56,3.545,3.5591,3676.0
2025-08-06T10:03:43,3.56,3.56,3.55,3.5554,3453.0
2025-08-06T10:03:44,3.55,3.56,3.55,3.555,10651.0
2025-08-06T10:03:45,3.5596,3.57,3.55,3.56,11177.0
2025-08-06T10:03:46,3.551,3.58,3.55,3.5799,19116.0
2025-08-06T10:03:47,3.58,3.59,3.5501,3.58,8991.0
2025-08-06T10:03:48,3.59,3.59,3.57,3.57,7738.0
2025-08-06T10:03:49,3.58,3.58,3.57,3.58,5221.0
2025-08-06T10:03:50,3.5799,3.59,3.565,3.5691,28151.0
2025-08-06T10:03:51,3.57,3.59,3.57,3.5811,11317.0
2025-08-06T10:03:52,3.5898,3.5898,3.5607,3.5607,11049.0
2025-08-06T10:03:53,3.5697,3.5697,3.56,3.5609,5943.0
2025-08-06T10:03:54,3.565,3.5691,3.54,3.54,14316.0
2025-08-06T10:03:55,3.5499,3.55,3.54,3.54,18118.0
2025-08-06T10:03:56,3.55,3.56,3.54,3.555,8659.0
2025-08-06T10:03:57,3.5545,3.57,3.5497,3.55,11508.0
2025-08-06T10:03:58,3.565,3.565,3.54,3.5498,4232.0
2025-08-06T10:03:59,3.5453,3.55,3.54,3.55,5443.0
2025-08-06T10:04:00,3.5491,3.55,3.53,3.54,11379.0
2025-08-06T10:04:01,3.539,3.54,3.52,3.5277,3268.0
2025-08-06T10:04:02,3.52,3.53,3.52,3.53,11474.0
2025-08-06T10:04:03,3.5254,3.545,3.52,3.54,13072.0
2025-08-06T10:04:04,3.5412,3.5412,3.5355,3.5355,5765.0
2025-08-06T10:04:05,3.54,3.55,3.5343,3.54,7565.0
2025-08-06T10:04:06,3.535,3.54,3.53,3.5355,3659.0
2025-08-06T10:04:07,3.53,3.53,3.5212,3.5212,3789.0
2025-08-06T10:04:08,3.525,3.525,3.5,3.5045,32373.0
2025-08-06T10:04:09,3.505,3.52,3.5,3.5012,11872.0
2025-08-06T10:04:10,3.52,3.53,3.509,3.52,10150.0
2025-08-06T10:04:11,3.53,3.53,3.515,3.5201,5231.0
2025-08-06T10:04:12,3.5298,3.53,3.5212,3.53,1666.0
2025-08-06T10:04:13,3.53,3.53,3.53,3.53,1159.0
2025-08-06T10:04:14,3.5301,3.5393,3.53,3.5393,3432.0
2025-08-06T10:04:15,3.54,3.55,3.5312,3.545,12213.0
2025-08-06T10:04:16,3.5409,3.57,3.54,3.5607,27518.0
2025-08-06T10:04:17,3.57,3.57,3.55,3.56,22103.0
2025-08-06T10:04:18,3.57,3.57,3.5602,3.5602,4845.0
2025-08-06T10:04:19,3.58,3.58,3.57,3.575,2333.0
2025-08-06T10:04:20,3.5655,3.57,3.5555,3.5555,11190.0
2025-08-06T10:04:21,3.5593,3.57,3.5588,3.5612,6334.0
2025-08-06T10:04:22,3.57,3.58,3.57,3.5701,6087.0
2025-08-06T10:04:23,3.57,3.58,3.57,3.5772,15160.0
2025-08-06T10:04:24,3.58,3.58,3.57,3.5712,4002.0
2025-08-06T10:04:25,3.58,3.62,3.58,3.61,44360.0
2025-08-06T10:04:26,3.605,3.61,3.57,3.5887,24922.0
2025-08-06T10:04:27,3.58,3.6,3.58,3.59,17779.0
2025-08-06T10:04:28,3.5899,3.59,3.58,3.5897,15719.0
2025-08-06T10:04:29,3.58,3.59,3.58,3.58,3551.0
2025-08-06T10:04:30,3.5897,3.59,3.5812,3.5888,9485.0
2025-08-06T10:04:31,3.5946,3.5998,3.581,3.581,7167.0
2025-08-06T10:04:32,3.5891,3.59,3.58,3.59,9496.0
2025-08-06T10:04:33,3.5899,3.5995,3.58,3.5899,6260.0
2025-08-06T10:04:34,3.585,3.5899,3.58,3.5893,4419.0
2025-08-06T10:04:35,3.59,3.59,3.5712,3.5712,20195.0
2025-08-06T10:04:36,3.5709,3.5812,3.5708,3.5708,5363.0
2025-08-06T10:04:37,3.58,3.58,3.57,3.57,9207.0
2025-08-06T10:04:38,3.5789,3.58,3.57,3.57,13118.0
2025-08-06T10:04:39,3.57,3.5799,3.57,3.57,7352.0
2025-08-06T10:04:40,3.5799,3.5799,3.57,3.5799,9347.0
2025-08-06T10:04:41,3.5707,3.5799,3.57,3.57,3631.0
2025-08-06T10:04:42,3.5799,3.5799,3.57,3.575,5655.0
2025-08-06T10:04:43,3.57,3.5799,3.54,3.56,25854.0
2025-08-06T10:04:44,3.55,3.5501,3.54,3.5401,16114.0
2025-08-06T10:04:45,3.54,3.55,3.53,3.54,23748.0
2025-08-06T10:04:46,3.549,3.549,3.53,3.5312,2112.0
2025-08-06T10:04:47,3.539,3.5477,3.539,3.541,2304.0
2025-08-06T10:04:48,3.55,3.55,3.54,3.5493,1314.0
2025-08-06T10:04:49,3.5412,3.5593,3.5412,3.5593,2179.0
2025-08-06T10:04:50,3.55,3.56,3.55,3.5512,4232.0
2025-08-06T10:04:51,3.5591,3.5591,3.52,3.5292,17847.0
2025-08-06T10:04:52,3.5293,3.54,3.52,3.53,4295.0
2025-08-06T10:04:53,3.5288,3.539,3.51,3.5118,13796.0
2025-08-06T10:04:54,3.51,3.53,3.51,3.5201,26892.0
2025-08-06T10:04:55,3.5265,3.5288,3.51,3.515,8069.0
2025-08-06T10:04:56,3.52,3.52,3.5,3.5,7598.0
2025-08-06T10:04:57,3.5,3.51,3.49,3.49,44811.0
2025-08-06T10:04:58,3.49,3.5,3.48,3.49,39109.0
2025-08-06T10:04:59,3.49,3.5,3.48,3.49,34782.0
2025-08-06T10:05:00,3.49,3.49,3.45,3.46,85534.0
2025-08-06T10:05:01,3.4692,3.49,3.455,3.48,33971.0
2025-08-06T10:05:02,3.4801,3.49,3.46,3.4601,38177.0
2025-08-06T10:05:03,3.4798,3.49,3.46,3.49,28832.0
2025-08-06T10:05:04,3.4993,3.505,3.47,3.5,29398.0
2025-08-06T10:05:05,3.51,3.5201,3.5,3.5201,26017.0
2025-08-06T10:05:06,3.5201,3.5201,3.5,3.515,13778.0
2025-08-06T10:05:07,3.51,3.53,3.5,3.52,25239.0
2025-08-06T10:05:08,3.5254,3.5499,3.51,3.5496,20635.0
2025-08-06T10:05:09,3.54,3.55,3.528,3.5409,12321.0
2025-08-06T10:05:10,3.54,3.5401,3.53,3.53,5552.0
2025-08-06T10:05:11,3.5399,3.55,3.5388,3.55,7592.0
2025-08-06T10:05:12,3.54,3.54,3.53,3.53,10352.0
2025-08-06T10:05:13,3.54,3.54,3.53,3.5399,13743.0
2025-08-06T10:05:14,3.53,3.55,3.53,3.54,2881.0
2025-08-06T10:05:15,3.53,3.5312,3.48,3.4899,60944.0
2025-08-06T10:05:16,3.48,3.4801,3.47,3.47,4281.0
2025-08-06T10:05:17,3.47,3.49,3.46,3.4789,29882.0
2025-08-06T10:05:18,3.46,3.48,3.46,3.465,10762.0
2025-08-06T10:05:19,3.47,3.4912,3.46,3.4897,6724.0
2025-08-06T10:05:20,3.4888,3.49,3.48,3.48,3405.0
2025-08-06T10:05:21,3.5,3.51,3.49,3.4988,13013.0
2025-08-06T10:05:22,3.5099,3.51,3.495,3.5091,2954.0
2025-08-06T10:05:23,3.5089,3.51,3.5,3.5,4611.0
2025-08-06T10:05:24,3.5,3.5,3.49,3.49,5167.0
2025-08-06T10:05:25,3.4999,3.4999,3.49,3.4992,2368.0
2025-08-06T10:05:26,3.49,3.5,3.48,3.4901,4290.0
2025-08-06T10:05:27,3.482,3.49,3.482,3.4898,4972.0
2025-08-06T10:05:28,3.485,3.49,3.48,3.485,3262.0
2025-08-06T10:05:29,3.4812,3.4908,3.48,3.482,9885.0
2025-08-06T10:05:30,3.49,3.5,3.49,3.5,10529.0
2025-08-06T10:05:31,3.4912,3.4988,3.4912,3.4988,780.0
2025-08-06T10:05:32,3.49,3.4988,3.49,3.49,1128.0
2025-08-06T10:05:33,3.495,3.5,3.49,3.495,2770.0
2025-08-06T10:05:34,3.49,3.5,3.4899,3.4899,6789.0
2025-08-06T10:05:35,3.4893,3.49,3.48,3.48,14931.0
2025-08-06T10:05:36,3.48,3.49,3.46,3.475,24639.0
2025-08-06T10:05:37,3.47,3.48,3.46,3.47,24390.0
2025-08-06T10:05:38,3.4885,3.4885,3.47,3.4701,16279.0
2025-08-06T10:05:39,3.4745,3.48,3.47,3.4701,7847.0
2025-08-06T10:05:40,3.4788,3.49,3.47,3.49,8908.0
2025-08-06T10:05:41,3.485,3.49,3.4788,3.49,2383.0
2025-08-06T10:05:42,3.485,3.5,3.48,3.4912,13155.0
2025-08-06T10:05:43,3.4912,3.5,3.4912,3.5,1750.0
2025-08-06T10:05:44,3.4988,3.5,3.49,3.49,14325.0
2025-08-06T10:05:45,3.49,3.49,3.47,3.47,11333.0
2025-08-06T10:05:46,3.4891,3.4891,3.47,3.4745,7387.0
2025-08-06T10:05:47,3.4701,3.4701,3.45,3.4599,13352.0
2025-08-06T10:05:48,3.45,3.46,3.45,3.45,16850.0
2025-08-06T10:05:49,3.46,3.46,3.45,3.45,15223.0
2025-08-06T10:05:50,3.4501,3.455,3.42,3.43,35095.0
2025-08-06T10:05:51,3.43,3.45,3.4202,3.45,22286.0
2025-08-06T10:05:52,3.45,3.48,3.4412,3.46,24340.0
2025-08-06T10:05:53,3.46,3.47,3.45,3.455,14035.0
2025-08-06T10:05:54,3.455,3.46,3.45,3.45,2867.0
2025-08-06T10:05:55,3.45,3.4599,3.45,3.45,4860.0
2025-08-06T10:05:56,3.46,3.46,3.44,3.45,18436.0
2025-08-06T10:05:57,3.4401,3.4401,3.43,3.44,4505.0
2025-08-06T10:05:58,3.43,3.45,3.43,3.44,10296.0
2025-08-06T10:05:59,3.45,3.4599,3.4403,3.45,6495.0
2025-08-06T10:06:00,3.46,3.46,3.44,3.44,6498.0
2025-08-06T10:06:01,3.4502,3.4601,3.44,3.4601,14931.0
2025-08-06T10:06:02,3.46,3.47,3.46,3.4699,4790.0
2025-08-06T10:06:03,3.4692,3.47,3.46,3.465,6316.0
2025-08-06T10:06:04,3.47,3.47,3.46,3.47,13075.0
2025-08-06T10:06:05,3.47,3.48,3.469,3.471,10703.0
2025-08-06T10:06:06,3.4753,3.49,3.47,3.48,12502.0
2025-08-06T10:06:07,3.485,3.49,3.4801,3.4892,5194.0
2025-08-06T10:06:08,3.48,3.48,3.47,3.475,2565.0
2025-08-06T10:06:09,3.4745,3.48,3.4645,3.4688,10838.0
2025-08-06T10:06:10,3.4655,3.48,3.46,3.4645,9195.0
2025-08-06T10:06:11,3.4699,3.47,3.465,3.4688,5523.0
2025-08-06T10:06:12,3.46,3.51,3.46,3.5,61668.0
2025-08-06T10:06:13,3.5091,3.51,3.5,3.5005,13089.0
2025-08-06T10:06:14,3.501,3.52,3.5,3.515,11860.0
2025-08-06T10:06:15,3.515,3.53,3.51,3.53,22264.0
2025-08-06T10:06:16,3.525,3.5391,3.52,3.535,4311.0
2025-08-06T10:06:17,3.5343,3.54,3.53,3.535,39017.0
2025-08-06T10:06:18,3.5301,3.56,3.53,3.56,39146.0
2025-08-06T10:06:19,3.55,3.56,3.53,3.55,15759.0
2025-08-06T10:06:20,3.55,3.55,3.53,3.5302,13286.0
2025-08-06T10:06:21,3.5302,3.55,3.53,3.5398,6811.0
2025-08-06T10:06:22,3.535,3.54,3.5311,3.5311,6164.0
2025-08-06T10:06:23,3.5306,3.57,3.52,3.55,60217.0
2025-08-06T10:06:24,3.545,3.57,3.54,3.56,14669.0
2025-08-06T10:06:25,3.56,3.57,3.5513,3.5612,2580.0
2025-08-06T10:06:26,3.56,3.57,3.53,3.557,25547.0
2025-08-06T10:06:27,3.535,3.56,3.535,3.56,9617.0
2025-08-06T10:06:28,3.5588,3.56,3.5401,3.545,10033.0
2025-08-06T10:06:29,3.5401,3.5488,3.53,3.5307,7516.0
2025-08-06T10:06:30,3.5355,3.5355,3.52,3.5201,14539.0
2025-08-06T10:06:31,3.53,3.54,3.52,3.53,17095.0
2025-08-06T10:06:32,3.54,3.54,3.5312,3.5312,1702.0
2025-08-06T10:06:33,3.5399,3.5399,3.53,3.53,1187.0
2025-08-06T10:06:34,3.53,3.5336,3.53,3.5336,965.0
2025-08-06T10:06:35,3.5349,3.5388,3.5307,3.5388,3549.0
2025-08-06T10:06:36,3.5355,3.5399,3.5312,3.5312,3568.0
2025-08-06T10:06:37,3.54,3.545,3.53,3.5401,10699.0
2025-08-06T10:06:38,3.54,3.54,3.53,3.54,2911.0
2025-08-06T10:06:39,3.53,3.54,3.53,3.53,7376.0
2025-08-06T10:06:40,3.5399,3.54,3.5388,3.54,1778.0
2025-08-06T10:06:41,3.532,3.5388,3.52,3.527,10444.0
2025-08-06T10:06:42,3.53,3.54,3.53,3.53,4731.0
2025-08-06T10:06:43,3.53,3.53,3.52,3.52,1463.0
2025-08-06T10:06:44,3.54,3.54,3.53,3.535,2456.0
2025-08-06T10:06:45,3.5301,3.5307,3.52,3.52,4782.0
2025-08-06T10:06:46,3.52,3.53,3.51,3.51,6183.0
2025-08-06T10:06:47,3.515,3.5188,3.51,3.5112,3091.0
2025-08-06T10:06:48,3.5188,3.5188,3.5188,3.5188,359.0
2025-08-06T10:06:49,3.5198,3.53,3.51,3.5201,5374.0
2025-08-06T10:06:50,3.52,3.53,3.5145,3.515,7813.0
2025-08-06T10:06:51,3.52,3.54,3.51,3.53,9112.0
2025-08-06T10:06:52,3.5393,3.5393,3.5393,3.5393,711.0
2025-08-06T10:06:53,3.5393,3.5393,3.5365,3.5365,1129.0
2025-08-06T10:06:54,3.5301,3.5301,3.53,3.53,638.0
2025-08-06T10:06:55,3.54,3.54,3.52,3.5293,2895.0
2025-08-06T10:06:56,3.5211,3.5211,3.5211,3.5211,1292.0
2025-08-06T10:06:57,3.52,3.5291,3.52,3.5291,6586.0
2025-08-06T10:06:58,3.53,3.53,3.52,3.5236,2752.0
2025-08-06T10:06:59,3.52,3.53,3.52,3.53,1332.0
2025-08-06T10:07:00,3.52,3.5299,3.52,3.5299,2072.0
2025-08-06T10:07:01,3.5288,3.5288,3.5288,3.5288,279.0
2025-08-06T10:07:02,3.525,3.54,3.525,3.54,2091.0
2025-08-06T10:07:03,3.54,3.54,3.53,3.54,2932.0
2025-08-06T10:07:04,3.53,3.54,3.53,3.54,1563.0
2025-08-06T10:07:05,3.539,3.55,3.539,3.55,8614.0
2025-08-06T10:07:06,3.5493,3.55,3.5407,3.545,4256.0
2025-08-06T10:07:07,3.54,3.55,3.54,3.55,6403.0
2025-08-06T10:07:08,3.55,3.55,3.54,3.5401,3422.0
2025-08-06T10:07:09,3.55,3.57,3.55,3.5588,13536.0
2025-08-06T10:07:10,3.55,3.58,3.54,3.58,20704.0
2025-08-06T10:07:11,3.57,3.58,3.56,3.5789,27324.0
2025-08-06T10:07:12,3.5799,3.5799,3.5745,3.5745,1911.0
2025-08-06T10:07:13,3.57,3.58,3.565,3.5709,10795.0
2025-08-06T10:07:14,3.5799,3.58,3.57,3.58,4732.0
2025-08-06T10:07:15,3.5755,3.58,3.56,3.57,13698.0
2025-08-06T10:07:16,3.5693,3.57,3.56,3.5689,7040.0
2025-08-06T10:07:17,3.57,3.57,3.5607,3.5607,2154.0
2025-08-06T10:07:18,3.5607,3.5699,3.5607,3.565,3917.0
2025-08-06T10:07:19,3.5646,3.5646,3.54,3.55,19558.0
2025-08-06T10:07:20,3.5488,3.55,3.54,3.541,2016.0
2025-08-06T10:07:21,3.56,3.56,3.54,3.54,14745.0
2025-08-06T10:07:22,3.5588,3.5588,3.54,3.548,3582.0
2025-08-06T10:07:23,3.54,3.5499,3.535,3.535,9678.0
2025-08-06T10:07:24,3.5391,3.5401,3.4601,3.53,25967.0
2025-08-06T10:07:25,3.5312,3.54,3.5312,3.535,2063.0
2025-08-06T10:07:26,3.54,3.54,3.53,3.535,6570.0
2025-08-06T10:07:27,3.53,3.5388,3.53,3.53,4752.0
2025-08-06T10:07:28,3.53,3.56,3.53,3.56,9326.0
2025-08-06T10:07:29,3.56,3.57,3.56,3.5605,7649.0
2025-08-06T10:07:30,3.56,3.57,3.56,3.5699,3643.0
2025-08-06T10:07:31,3.57,3.58,3.57,3.58,14100.0
2025-08-06T10:07:32,3.58,3.59,3.57,3.58,13599.0
2025-08-06T10:07:33,3.5799,3.5888,3.55,3.566,16087.0
2025-08-06T10:07:34,3.5699,3.578,3.55,3.578,14094.0
2025-08-06T10:07:35,3.58,3.59,3.575,3.5899,12394.0
2025-08-06T10:07:36,3.5899,3.59,3.57,3.57,4520.0
2025-08-06T10:07:37,3.58,3.59,3.5707,3.585,6518.0
2025-08-06T10:07:38,3.585,3.59,3.58,3.58,5311.0
2025-08-06T10:07:39,3.59,3.59,3.58,3.58,7744.0
2025-08-06T10:07:40,3.5788,3.58,3.5701,3.575,4058.0
2025-08-06T10:07:41,3.58,3.58,3.57,3.5799,18938.0
2025-08-06T10:07:42,3.58,3.58,3.565,3.57,2812.0
2025-08-06T10:07:43,3.5698,3.5698,3.56,3.56,3179.0
2025-08-06T10:07:44,3.5512,3.57,3.5512,3.565,7274.0
2025-08-06T10:07:45,3.57,3.58,3.56,3.56,9530.0
2025-08-06T10:07:46,3.57,3.57,3.56,3.5611,3311.0
2025-08-06T10:07:48,3.5604,3.5697,3.5604,3.5697,2521.0
2025-08-06T10:07:49,3.5699,3.5699,3.5695,3.5695,1660.0
2025-08-06T10:07:50,3.569,3.569,3.56,3.5647,613.0
2025-08-06T10:07:51,3.565,3.5754,3.5612,3.5701,10538.0
2025-08-06T10:07:52,3.575,3.58,3.57,3.5799,8373.0
2025-08-06T10:07:53,3.5712,3.58,3.5688,3.58,14530.0
2025-08-06T10:07:54,3.5799,3.59,3.5712,3.585,3483.0
2025-08-06T10:07:55,3.5808,3.59,3.5801,3.5801,3600.0
2025-08-06T10:07:56,3.58,3.5899,3.57,3.5706,10755.0
2025-08-06T10:07:57,3.57,3.58,3.57,3.58,3090.0
2025-08-06T10:07:58,3.5788,3.5899,3.5708,3.5899,5366.0
2025-08-06T10:07:59,3.58,3.59,3.58,3.59,2196.0
2025-08-06T10:08:00,3.58,3.59,3.58,3.59,3851.0
2025-08-06T10:08:01,3.588,3.59,3.5801,3.5809,3024.0
2025-08-06T10:08:02,3.58,3.59,3.56,3.56,11250.0
2025-08-06T10:08:03,3.57,3.57,3.56,3.565,9377.0
2025-08-06T10:08:04,3.562,3.565,3.5401,3.5401,14395.0
2025-08-06T10:08:05,3.55,3.552,3.54,3.5498,15555.0
2025-08-06T10:08:06,3.545,3.548,3.54,3.5409,6207.0
2025-08-06T10:08:07,3.54,3.5499,3.54,3.549,3981.0
2025-08-06T10:08:08,3.5493,3.5498,3.541,3.5498,1739.0
2025-08-06T10:08:09,3.548,3.548,3.52,3.53,19581.0
2025-08-06T10:08:10,3.5389,3.54,3.53,3.5309,1295.0
2025-08-06T10:08:11,3.5312,3.54,3.5301,3.5399,5237.0
2025-08-06T10:08:12,3.535,3.5399,3.53,3.5399,8052.0
2025-08-06T10:08:13,3.54,3.55,3.53,3.535,10520.0
2025-08-06T10:08:14,3.54,3.55,3.54,3.55,3673.0
2025-08-06T10:08:15,3.55,3.56,3.5412,3.55,5744.0
2025-08-06T10:08:16,3.555,3.5599,3.54,3.5435,3273.0
2025-08-06T10:08:17,3.541,3.5499,3.541,3.5499,506.0
2025-08-06T10:08:18,3.54,3.54,3.54,3.54,201.0
2025-08-06T10:08:19,3.54,3.5401,3.5355,3.5355,2757.0
2025-08-06T10:08:20,3.54,3.54,3.53,3.5312,4099.0
2025-08-06T10:08:21,3.52,3.53,3.51,3.51,8595.0
2025-08-06T10:08:22,3.515,3.515,3.5101,3.5101,986.0
2025-08-06T10:08:23,3.515,3.515,3.5,3.51,42009.0
2025-08-06T10:08:24,3.5112,3.5188,3.5,3.5011,19263.0
2025-08-06T10:08:25,3.51,3.51,3.48,3.48,10107.0
2025-08-06T10:08:26,3.4801,3.5,3.48,3.5,13783.0
2025-08-06T10:08:27,3.5,3.52,3.4945,3.5108,9898.0
2025-08-06T10:08:28,3.51,3.52,3.51,3.515,3486.0
2025-08-06T10:08:29,3.52,3.5298,3.52,3.528,2522.0
2025-08-06T10:08:30,3.52,3.5299,3.52,3.5299,1125.0
2025-08-06T10:08:32,3.5299,3.5299,3.52,3.52,680.0
2025-08-06T10:08:33,3.5201,3.53,3.5201,3.5205,2955.0
2025-08-06T10:08:34,3.521,3.521,3.521,3.521,265.0
2025-08-06T10:08:35,3.525,3.5388,3.525,3.5388,4081.0
2025-08-06T10:08:36,3.54,3.54,3.54,3.54,368.0
2025-08-06T10:08:37,3.5391,3.54,3.535,3.535,9634.0
2025-08-06T10:08:38,3.5312,3.55,3.5312,3.5445,2547.0
2025-08-06T10:08:39,3.5489,3.55,3.54,3.5491,4170.0
2025-08-06T10:08:40,3.55,3.56,3.54,3.5499,13158.0
2025-08-06T10:08:41,3.5491,3.56,3.544,3.544,5602.0
2025-08-06T10:08:42,3.55,3.5599,3.5488,3.5599,8726.0
2025-08-06T10:08:43,3.5501,3.56,3.5501,3.56,2102.0
2025-08-06T10:08:44,3.5501,3.5512,3.5501,3.5512,1212.0
2025-08-06T10:08:45,3.5507,3.555,3.5507,3.555,1750.0
2025-08-06T10:08:46,3.55,3.55,3.54,3.54,1430.0
2025-08-06T10:08:47,3.5488,3.5499,3.5488,3.5499,619.0
2025-08-06T10:08:48,3.5493,3.5499,3.5411,3.5499,5753.0
2025-08-06T10:08:49,3.54,3.55,3.54,3.55,4442.0
2025-08-06T10:08:50,3.55,3.55,3.545,3.545,1409.0
2025-08-06T10:08:51,3.55,3.555,3.5499,3.555,3489.0
2025-08-06T10:08:52,3.56,3.56,3.5512,3.5589,1985.0
2025-08-06T10:08:53,3.5545,3.555,3.54,3.54,1458.0
2025-08-06T10:08:54,3.5415,3.5488,3.5412,3.5412,548.0
2025-08-06T10:08:55,3.5498,3.5498,3.54,3.54,487.0
2025-08-06T10:08:56,3.54,3.5436,3.53,3.54,10932.0
2025-08-06T10:08:57,3.5245,3.54,3.5245,3.54,9315.0
2025-08-06T10:08:58,3.54,3.54,3.52,3.52,2121.0
2025-08-06T10:08:59,3.5288,3.5288,3.5288,3.5288,291.0
2025-08-06T10:09:00,3.52,3.54,3.52,3.54,7283.0
2025-08-06T10:09:01,3.53,3.55,3.53,3.55,2132.0
2025-08-06T10:09:02,3.5312,3.5447,3.5312,3.5447,2887.0
2025-08-06T10:09:03,3.5499,3.55,3.54,3.54,7550.0
2025-08-06T10:09:04,3.54,3.54,3.53,3.5399,4082.0
2025-08-06T10:09:05,3.535,3.5398,3.535,3.5398,981.0
2025-08-06T10:09:07,3.535,3.54,3.53,3.53,837.0
2025-08-06T10:09:08,3.5307,3.545,3.52,3.54,19412.0
2025-08-06T10:09:09,3.54,3.545,3.53,3.53,9294.0
2025-08-06T10:09:10,3.54,3.54,3.5312,3.5312,3385.0
2025-08-06T10:09:11,3.53,3.53,3.52,3.52,3185.0
2025-08-06T10:09:12,3.52,3.53,3.52,3.53,2566.0
2025-08-06T10:09:13,3.5297,3.5297,3.52,3.5207,1356.0
2025-08-06T10:09:14,3.5245,3.5289,3.5245,3.5289,1824.0
2025-08-06T10:09:15,3.5212,3.525,3.521,3.525,727.0
2025-08-06T10:09:16,3.525,3.5291,3.5212,3.525,1982.0
2025-08-06T10:09:17,3.52,3.5299,3.49,3.4989,14380.0
2025-08-06T10:09:18,3.49,3.5,3.48,3.495,9875.0
2025-08-06T10:09:19,3.491,3.5,3.481,3.49,10702.0
2025-08-06T10:09:20,3.4945,3.4991,3.49,3.4991,4719.0
2025-08-06T10:09:21,3.4901,3.4999,3.49,3.491,1945.0
2025-08-06T10:09:22,3.49,3.5,3.49,3.4954,2290.0
2025-08-06T10:09:23,3.49,3.5,3.49,3.5,1370.0
2025-08-06T10:09:24,3.49,3.5,3.47,3.4701,14607.0
2025-08-06T10:09:25,3.475,3.49,3.47,3.47,1898.0
2025-08-06T10:09:26,3.4701,3.49,3.47,3.47,20012.0
2025-08-06T10:09:27,3.47,3.48,3.46,3.4688,22133.0
2025-08-06T10:09:28,3.45,3.46,3.45,3.46,16922.0
2025-08-06T10:09:29,3.45,3.46,3.45,3.46,813.0
2025-08-06T10:09:30,3.4599,3.48,3.4545,3.4709,7636.0
2025-08-06T10:09:31,3.4712,3.48,3.46,3.465,17992.0
2025-08-06T10:09:32,3.47,3.48,3.47,3.4798,3008.0
2025-08-06T10:09:33,3.47,3.48,3.47,3.4789,6327.0
2025-08-06T10:09:34,3.4701,3.48,3.47,3.47,3606.0
2025-08-06T10:09:35,3.475,3.475,3.46,3.465,1923.0
2025-08-06T10:09:36,3.4602,3.485,3.4602,3.47,10926.0
2025-08-06T10:09:37,3.472,3.48,3.4601,3.4601,10530.0
2025-08-06T10:09:38,3.47,3.47,3.465,3.465,1324.0
2025-08-06T10:09:39,3.46,3.469,3.45,3.45,5228.0
2025-08-06T10:09:40,3.46,3.46,3.45,3.45,2029.0
2025-08-06T10:09:41,3.45,3.4599,3.45,3.45,13102.0
2025-08-06T10:09:42,3.449,3.449,3.3701,3.4107,75570.0
2025-08-06T10:09:43,3.41,3.44,3.41,3.43,21393.0
2025-08-06T10:09:44,3.4399,3.45,3.4399,3.45,4615.0
2025-08-06T10:09:45,3.45,3.455,3.4409,3.455,5836.0
2025-08-06T10:09:46,3.46,3.47,3.45,3.4501,10600.0
2025-08-06T10:09:47,3.4503,3.4591,3.44,3.442,5820.0
2025-08-06T10:09:48,3.44,3.45,3.44,3.4489,3560.0
2025-08-06T10:09:49,3.445,3.445,3.43,3.4301,5602.0
2025-08-06T10:09:50,3.4395,3.4395,3.43,3.4309,2149.0
2025-08-06T10:09:51,3.43,3.44,3.42,3.4245,9317.0
2025-08-06T10:09:52,3.42,3.4288,3.41,3.42,8255.0
2025-08-06T10:09:53,3.4112,3.42,3.41,3.4198,8588.0
2025-08-06T10:09:54,3.42,3.45,3.42,3.4302,15959.0
2025-08-06T10:09:55,3.4301,3.4399,3.42,3.43,3501.0
2025-08-06T10:09:56,3.42,3.425,3.42,3.42,3549.0
2025-08-06T10:09:57,3.42,3.43,3.4,3.41,10482.0
2025-08-06T10:09:58,3.4,3.41,3.4,3.4,5707.0
2025-08-06T10:09:59,3.4007,3.41,3.4,3.4,5115.0
2025-08-06T10:10:00,3.41,3.41,3.4,3.405,5039.0
2025-08-06T10:10:01,3.4,3.409,3.38,3.404,55661.0
2025-08-06T10:10:02,3.4,3.41,3.39,3.4099,10261.0
2025-08-06T10:10:03,3.41,3.42,3.4,3.4002,14854.0
2025-08-06T10:10:04,3.4,3.42,3.4,3.4001,19893.0
2025-08-06T10:10:05,3.401,3.41,3.4,3.401,8077.0
2025-08-06T10:10:06,3.4,3.402,3.3808,3.3899,11615.0
2025-08-06T10:10:07,3.3999,3.3999,3.37,3.37,37450.0
2025-08-06T10:10:08,3.38,3.38,3.37,3.3788,21735.0
2025-08-06T10:10:09,3.3702,3.38,3.37,3.3701,10153.0
2025-08-06T10:10:10,3.3799,3.4,3.3703,3.3901,24835.0
2025-08-06T10:10:11,3.399,3.41,3.39,3.4,17907.0
2025-08-06T10:10:12,3.4,3.412,3.39,3.41,14889.0
2025-08-06T10:10:13,3.4101,3.42,3.4,3.42,5140.0
2025-08-06T10:10:14,3.42,3.43,3.41,3.422,19059.0
2025-08-06T10:10:15,3.4201,3.43,3.41,3.4288,10133.0
2025-08-06T10:10:16,3.42,3.43,3.4112,3.4201,11364.0
2025-08-06T10:10:17,3.425,3.43,3.41,3.42,15028.0
2025-08-06T10:10:18,3.41,3.42,3.4,3.4003,11488.0
2025-08-06T10:10:19,3.4,3.42,3.4,3.42,5713.0
2025-08-06T10:10:20,3.4155,3.42,3.41,3.41,2055.0
2025-08-06T10:10:21,3.42,3.43,3.4163,3.4293,7567.0
2025-08-06T10:10:22,3.4296,3.43,3.42,3.425,9040.0
2025-08-06T10:10:23,3.42,3.43,3.4019,3.41,20396.0
2025-08-06T10:10:24,3.4007,3.41,3.4,3.41,6034.0
2025-08-06T10:10:25,3.4,3.4093,3.4,3.405,2117.0
2025-08-06T10:10:26,3.41,3.41,3.4007,3.4009,3073.0
2025-08-06T10:10:27,3.4088,3.4091,3.39,3.3936,6583.0
2025-08-06T10:10:28,3.39,3.3902,3.37,3.38,10849.0
2025-08-06T10:10:29,3.3701,3.39,3.36,3.37,18790.0
2025-08-06T10:10:30,3.38,3.39,3.3708,3.3845,12215.0
2025-08-06T10:10:31,3.3834,3.3888,3.38,3.3888,2639.0
2025-08-06T10:10:32,3.385,3.4,3.38,3.39,4782.0
2025-08-06T10:10:33,3.3812,3.4,3.38,3.395,7584.0
2025-08-06T10:10:34,3.395,3.395,3.37,3.37,12564.0
2025-08-06T10:10:35,3.37,3.38,3.36,3.37,8240.0
2025-08-06T10:10:36,3.3699,3.39,3.3601,3.3801,10146.0
2025-08-06T10:10:37,3.382,3.3899,3.38,3.3899,1168.0
2025-08-06T10:10:38,3.39,3.4,3.37,3.3747,15882.0
2025-08-06T10:10:39,3.38,3.39,3.38,3.3893,1859.0
2025-08-06T10:10:40,3.3888,3.39,3.37,3.375,15872.0
2025-08-06T10:10:41,3.375,3.38,3.37,3.38,2147.0
2025-08-06T10:10:42,3.38,3.38,3.35,3.3501,19759.0
2025-08-06T10:10:43,3.351,3.355,3.35,3.35,11301.0
2025-08-06T10:10:44,3.36,3.3655,3.35,3.3601,20940.0
2025-08-06T10:10:45,3.365,3.365,3.35,3.36,15231.0
2025-08-06T10:10:46,3.359,3.3592,3.3501,3.3546,3335.0
2025-08-06T10:10:47,3.3501,3.37,3.35,3.37,8432.0
2025-08-06T10:10:48,3.36,3.38,3.35,3.36,19720.0
2025-08-06T10:10:49,3.365,3.37,3.355,3.355,7501.0
2025-08-06T10:10:50,3.3599,3.37,3.3599,3.3608,4569.0
2025-08-06T10:10:51,3.36,3.37,3.36,3.3605,2476.0
2025-08-06T10:10:52,3.3665,3.3665,3.36,3.36,693.0
2025-08-06T10:10:53,3.36,3.3601,3.35,3.3555,7862.0
2025-08-06T10:10:54,3.3532,3.36,3.3501,3.3595,2683.0
2025-08-06T10:10:55,3.355,3.36,3.35,3.35,5659.0
2025-08-06T10:10:56,3.35,3.36,3.35,3.3501,6713.0
2025-08-06T10:10:57,3.3507,3.37,3.3507,3.365,18203.0
2025-08-06T10:10:58,3.36,3.37,3.35,3.35,12616.0
2025-08-06T10:10:59,3.35,3.38,3.35,3.37,12567.0
2025-08-06T10:11:00,3.355,3.3616,3.35,3.3555,5069.0
2025-08-06T10:11:01,3.35,3.36,3.35,3.3511,7155.0
2025-08-06T10:11:02,3.36,3.37,3.352,3.36,13454.0
2025-08-06T10:11:03,3.355,3.3655,3.355,3.3601,5347.0
2025-08-06T10:11:04,3.365,3.37,3.35,3.35,10108.0
2025-08-06T10:11:05,3.36,3.36,3.35,3.36,7231.0
2025-08-06T10:11:06,3.35,3.3599,3.35,3.3588,7033.0
2025-08-06T10:11:07,3.36,3.36,3.35,3.35,41408.0
2025-08-06T10:11:08,3.35,3.35,3.33,3.33,26632.0
2025-08-06T10:11:09,3.33,3.34,3.33,3.3312,11888.0
2025-08-06T10:11:10,3.335,3.37,3.33,3.3412,26070.0
2025-08-06T10:11:11,3.355,3.36,3.34,3.359,10123.0
2025-08-06T10:11:12,3.36,3.39,3.3599,3.3799,22151.0
2025-08-06T10:11:13,3.38,3.39,3.37,3.3799,11051.0
2025-08-06T10:11:14,3.38,3.38,3.37,3.3793,8710.0
2025-08-06T10:11:15,3.375,3.39,3.37,3.38,14962.0
2025-08-06T10:11:16,3.38,3.3836,3.37,3.38,4145.0
2025-08-06T10:11:17,3.3799,3.38,3.37,3.37,5520.0
2025-08-06T10:11:18,3.38,3.38,3.3799,3.3799,1174.0
2025-08-06T10:11:19,3.3789,3.39,3.372,3.3799,7983.0
2025-08-06T10:11:20,3.39,3.39,3.38,3.3801,2270.0
2025-08-06T10:11:21,3.38,3.39,3.38,3.3888,5900.0
2025-08-06T10:11:22,3.38,3.3811,3.3799,3.3799,3042.0
2025-08-06T10:11:23,3.385,3.39,3.36,3.39,33886.0
2025-08-06T10:11:24,3.3754,3.3788,3.3601,3.3601,1888.0
2025-08-06T10:11:25,3.365,3.37,3.36,3.3688,4822.0
2025-08-06T10:11:26,3.365,3.37,3.35,3.36,4254.0
2025-08-06T10:11:27,3.3555,3.36,3.3555,3.36,2588.0
2025-08-06T10:11:28,3.355,3.355,3.34,3.3489,6237.0
2025-08-06T10:11:29,3.3493,3.3493,3.33,3.33,23920.0
2025-08-06T10:11:30,3.33,3.3399,3.3,3.3,66936.0
2025-08-06T10:11:31,3.305,3.3198,3.3,3.3045,30176.0
2025-08-06T10:11:32,3.305,3.3299,3.3,3.3299,8375.0
2025-08-06T10:11:33,3.3289,3.3289,3.305,3.31,16220.0
2025-08-06T10:11:34,3.32,3.32,3.3101,3.3101,8990.0
2025-08-06T10:11:35,3.3102,3.325,3.31,3.325,7116.0
2025-08-06T10:11:36,3.32,3.3288,3.3101,3.315,4945.0
2025-08-06T10:11:37,3.315,3.32,3.31,3.31,2088.0
2025-08-06T10:11:38,3.3101,3.32,3.31,3.31,5695.0
2025-08-06T10:11:39,3.31,3.32,3.31,3.31,3674.0
2025-08-06T10:11:40,3.3199,3.3199,3.3,3.305,14813.0
2025-08-06T10:11:41,3.3,3.31,3.3,3.3,3916.0
2025-08-06T10:11:42,3.3,3.3101,3.3,3.3101,11038.0
2025-08-06T10:11:43,3.31,3.317415,3.3,3.3097,10071.0
2025-08-06T10:11:44,3.3,3.31,3.3,3.3011,1843.0
2025-08-06T10:11:45,3.3097,3.32,3.3,3.305,10240.0
2025-08-06T10:11:46,3.3088,3.32,3.3,3.32,9184.0
2025-08-06T10:11:47,3.32,3.33,3.32,3.32,14982.0
2025-08-06T10:11:48,3.33,3.33,3.32,3.321,4263.0
2025-08-06T10:11:49,3.3292,3.33,3.32,3.32,3488.0
2025-08-06T10:11:50,3.33,3.33,3.3204,3.3293,9649.0
2025-08-06T10:11:51,3.33,3.35,3.33,3.33,11151.0
2025-08-06T10:11:52,3.33,3.34,3.33,3.34,1789.0
2025-08-06T10:11:53,3.335,3.3365,3.33,3.335,3181.0
2025-08-06T10:11:54,3.3365,3.34,3.33,3.33,5643.0
2025-08-06T10:11:55,3.33,3.33,3.32,3.329,6578.0
2025-08-06T10:11:56,3.33,3.33,3.3219,3.3219,1766.0
2025-08-06T10:11:57,3.33,3.33,3.3254,3.3254,1851.0
2025-08-06T10:11:58,3.32,3.33,3.32,3.3247,6467.0
2025-08-06T10:11:59,3.32,3.3241,3.32,3.3241,738.0
2025-08-06T10:12:00,3.3289,3.33,3.3201,3.3293,3117.0
2025-08-06T10:12:01,3.32,3.3299,3.32,3.325,4782.0
2025-08-06T10:12:02,3.32,3.33,3.32,3.33,7471.0
2025-08-06T10:12:03,3.325,3.4099,3.3201,3.339,14857.0
2025-08-06T10:12:04,3.33,3.35,3.33,3.34,4453.0
2025-08-06T10:12:05,3.34,3.35,3.3399,3.35,7519.0
2025-08-06T10:12:06,3.34,3.36,3.34,3.3599,19017.0
2025-08-06T10:12:07,3.3555,3.3599,3.3499,3.3499,8989.0
2025-08-06T10:12:08,3.3402,3.35,3.3402,3.3409,2801.0
2025-08-06T10:12:09,3.3489,3.35,3.33,3.33,6484.0
2025-08-06T10:12:10,3.33,3.34,3.33,3.3302,1778.0
2025-08-06T10:12:11,3.33,3.3309,3.33,3.3309,706.0
2025-08-06T10:12:12,3.3308,3.3399,3.3308,3.3399,1579.0
2025-08-06T10:12:13,3.3389,3.34,3.3389,3.3399,1397.0
2025-08-06T10:12:14,3.33,3.3399,3.33,3.3399,2158.0
2025-08-06T10:12:15,3.335,3.335,3.33,3.33,1027.0
2025-08-06T10:12:16,3.33,3.3302,3.33,3.33,419.0
2025-08-06T10:12:17,3.33,3.34,3.32,3.3312,18931.0
2025-08-06T10:12:18,3.3188,3.33,3.3188,3.33,4255.0
2025-08-06T10:12:19,3.33,3.33,3.33,3.33,973.0
2025-08-06T10:12:20,3.3301,3.3396,3.33,3.3396,1653.0
2025-08-06T10:12:21,3.335,3.335,3.3301,3.3301,1293.0
2025-08-06T10:12:22,3.33,3.34,3.33,3.3303,1714.0
2025-08-06T10:12:24,3.34,3.34,3.34,3.34,2127.0
2025-08-06T10:12:25,3.341,3.35,3.34,3.3499,4847.0
2025-08-06T10:12:26,3.34,3.34,3.33,3.335,5835.0
2025-08-06T10:12:27,3.34,3.35,3.34,3.34,1639.0
2025-08-06T10:12:28,3.3499,3.3499,3.34,3.34,909.0
2025-08-06T10:12:29,3.3402,3.35,3.3402,3.3481,836.0
2025-08-06T10:12:30,3.34,3.34,3.33,3.34,8330.0
2025-08-06T10:12:31,3.33,3.34,3.33,3.3388,7607.0
2025-08-06T10:12:32,3.3393,3.34,3.33,3.33,928.0
2025-08-06T10:12:33,3.3399,3.3399,3.3399,3.3399,310.0
2025-08-06T10:12:34,3.3392,3.3392,3.33,3.33,738.0
2025-08-06T10:12:35,3.3301,3.3301,3.3301,3.3301,121.0
2025-08-06T10:12:36,3.3308,3.34,3.3307,3.3307,1095.0
2025-08-06T10:12:37,3.3301,3.3301,3.3301,3.3301,1042.0
2025-08-06T10:12:38,3.338,3.338,3.32,3.32,12596.0
2025-08-06T10:12:39,3.32,3.33,3.32,3.3211,1909.0
2025-08-06T10:12:40,3.3207,3.321,3.32,3.32,1895.0
2025-08-06T10:12:41,3.32,3.33,3.32,3.3207,2339.0
2025-08-06T10:12:42,3.3299,3.3299,3.32,3.32,763.0
2025-08-06T10:12:43,3.33,3.335,3.33,3.335,569.0
2025-08-06T10:12:44,3.34,3.34,3.33,3.33,2452.0
2025-08-06T10:12:46,3.34,3.34,3.3388,3.3388,519.0
2025-08-06T10:12:47,3.3312,3.3312,3.33,3.33,2603.0
2025-08-06T10:12:48,3.3288,3.3288,3.3288,3.3288,309.0
2025-08-06T10:12:49,3.3299,3.33,3.32,3.32,3023.0
2025-08-06T10:12:50,3.3201,3.3202,3.3201,3.3202,1243.0
2025-08-06T10:12:51,3.3299,3.3299,3.3299,3.3299,303.0
2025-08-06T10:12:52,3.3199,3.3212,3.31,3.32,5215.0
2025-08-06T10:12:53,3.3101,3.3188,3.3101,3.3188,1456.0
2025-08-06T10:12:54,3.31,3.32,3.31,3.32,5932.0
2025-08-06T10:12:55,3.3199,3.3199,3.3107,3.3107,1245.0
2025-08-06T10:12:56,3.315,3.33,3.3105,3.325,12772.0
2025-08-06T10:12:57,3.321,3.33,3.321,3.33,5274.0
2025-08-06T10:12:58,3.33,3.33,3.33,3.33,604.0
2025-08-06T10:12:59,3.33,3.33,3.32,3.32,1559.0
2025-08-06T10:13:00,3.33,3.33,3.3201,3.3255,804.0
2025-08-06T10:13:01,3.33,3.33,3.325,3.325,511.0
2025-08-06T10:13:02,3.33,3.33,3.325,3.325,6872.0
2025-08-06T10:13:03,3.33,3.34,3.3299,3.34,9732.0
2025-08-06T10:13:04,3.335,3.34,3.335,3.34,10419.0
2025-08-06T10:13:05,3.339,3.34,3.335,3.34,13374.0
2025-08-06T10:13:06,3.34,3.35,3.33,3.35,11349.0
2025-08-06T10:13:07,3.349,3.36,3.349,3.3599,12006.0
2025-08-06T10:13:08,3.36,3.36,3.3545,3.3545,10630.0
2025-08-06T10:13:09,3.36,3.36,3.35,3.36,1047.0
2025-08-06T10:13:10,3.36,3.36,3.3501,3.36,6121.0
2025-08-06T10:13:11,3.355,3.3599,3.355,3.355,4543.0
2025-08-06T10:13:12,3.36,3.36,3.34,3.34,5209.0
2025-08-06T10:13:13,3.3488,3.3488,3.3488,3.3488,240.0
2025-08-06T10:13:14,3.34,3.349,3.33,3.349,5900.0
2025-08-06T10:13:15,3.34,3.34,3.34,3.34,312.0
2025-08-06T10:13:16,3.3493,3.3493,3.3412,3.3412,1048.0
2025-08-06T10:13:17,3.35,3.35,3.345,3.345,1171.0
2025-08-06T10:13:19,3.3491,3.3491,3.3491,3.3491,310.0
2025-08-06T10:13:20,3.34,3.34,3.33,3.33,8461.0
2025-08-06T10:13:21,3.335,3.34,3.3301,3.335,4701.0
2025-08-06T10:13:22,3.3307,3.34,3.3307,3.34,1799.0
2025-08-06T10:13:23,3.335,3.34,3.3302,3.3302,590.0
2025-08-06T10:13:24,3.3301,3.3399,3.33,3.33,5574.0
2025-08-06T10:13:25,3.3399,3.3399,3.3399,3.3399,3391.0
2025-08-06T10:13:26,3.331,3.36,3.331,3.35,12065.0
2025-08-06T10:13:27,3.3388,3.35,3.3388,3.345,815.0
2025-08-06T10:13:28,3.35,3.3599,3.345,3.35,4118.0
2025-08-06T10:13:29,3.36,3.36,3.3598,3.3598,11344.0
2025-08-06T10:13:30,3.36,3.37,3.36,3.3695,2877.0
2025-08-06T10:13:31,3.3607,3.37,3.36,3.37,11126.0
2025-08-06T10:13:32,3.37,3.38,3.3699,3.38,15723.0
2025-08-06T10:13:33,3.38,3.38,3.37,3.378,8729.0
2025-08-06T10:13:34,3.3755,3.39,3.375,3.3801,7730.0
2025-08-06T10:13:35,3.38,3.39,3.3732,3.3899,10463.0
2025-08-06T10:13:36,3.375,3.3888,3.3701,3.38,3208.0
2025-08-06T10:13:37,3.38,3.38,3.375,3.38,3450.0
2025-08-06T10:13:38,3.38,3.38,3.379,3.379,4257.0
2025-08-06T10:13:39,3.38,3.39,3.38,3.39,9525.0
2025-08-06T10:13:40,3.39,3.39,3.3801,3.3801,13966.0
2025-08-06T10:13:41,3.39,3.4,3.3899,3.3908,18759.0
2025-08-06T10:13:42,3.4,3.4,3.399,3.3999,3550.0
2025-08-06T10:13:43,3.4,3.4,3.39,3.3999,11396.0
2025-08-06T10:13:44,3.4,3.4,3.3912,3.3932,4400.0
2025-08-06T10:13:45,3.395,3.4,3.3901,3.3901,6745.0
2025-08-06T10:13:46,3.3954,3.3998,3.389,3.39,8475.0
2025-08-06T10:13:47,3.4,3.4,3.38,3.38,7181.0
2025-08-06T10:13:48,3.385,3.385,3.37,3.3798,9453.0
2025-08-06T10:13:49,3.3798,3.3799,3.37,3.3711,6510.0
2025-08-06T10:13:50,3.3798,3.3799,3.37,3.3799,1614.0
2025-08-06T10:13:51,3.38,3.38,3.37,3.37,2212.0
2025-08-06T10:13:52,3.37,3.38,3.3699,3.37,5101.0
2025-08-06T10:13:53,3.3799,3.38,3.3799,3.3799,3143.0
2025-08-06T10:13:54,3.3789,3.38,3.3712,3.3799,1918.0
2025-08-06T10:13:55,3.38,3.38,3.37,3.38,5610.0
2025-08-06T10:13:56,3.3797,3.3797,3.3797,3.3797,162.0
2025-08-06T10:13:57,3.38,3.3888,3.375,3.3888,2159.0
2025-08-06T10:13:58,3.3899,3.3899,3.38,3.38,5260.0
2025-08-06T10:13:59,3.3788,3.3797,3.3788,3.3797,615.0
2025-08-06T10:14:00,3.375,3.38,3.37,3.38,2109.0
2025-08-06T10:14:01,3.37,3.38,3.37,3.38,1693.0
2025-08-06T10:14:02,3.3711,3.38,3.37,3.3701,3830.0
2025-08-06T10:14:03,3.38,3.38,3.37,3.3701,2739.0
2025-08-06T10:14:04,3.37,3.37,3.3699,3.37,8016.0
2025-08-06T10:14:05,3.3699,3.37,3.36,3.37,6540.0
2025-08-06T10:14:06,3.37,3.37,3.3699,3.3699,3555.0
2025-08-06T10:14:07,3.37,3.38,3.37,3.3799,3114.0
2025-08-06T10:14:08,3.37,3.3701,3.36,3.37,9752.0
2025-08-06T10:14:09,3.37,3.37,3.36,3.37,2571.0
2025-08-06T10:14:10,3.37,3.3791,3.37,3.3791,2156.0
2025-08-06T10:14:11,3.375,3.3788,3.3601,3.3601,3568.0
2025-08-06T10:14:12,3.365,3.37,3.365,3.365,7723.0
2025-08-06T10:14:13,3.36,3.37,3.36,3.37,1398.0
2025-08-06T10:14:14,3.36,3.36,3.36,3.36,263.0
2025-08-06T10:14:15,3.37,3.3712,3.37,3.3712,777.0
2025-08-06T10:14:16,3.3799,3.3799,3.3712,3.375,1433.0
2025-08-06T10:14:17,3.38,3.38,3.3799,3.3799,2615.0
2025-08-06T10:14:18,3.375,3.375,3.37,3.37,933.0
2025-08-06T10:14:19,3.38,3.3809,3.3799,3.3809,6358.0
2025-08-06T10:14:20,3.3899,3.39,3.3888,3.39,1381.0
2025-08-06T10:14:21,3.39,3.39,3.38,3.3812,594.0
2025-08-06T10:14:22,3.39,3.39,3.3803,3.3803,808.0
2025-08-06T10:14:23,3.38,3.38,3.38,3.38,257.0
2025-08-06T10:14:24,3.39,3.39,3.38,3.3812,1431.0
2025-08-06T10:14:25,3.38,3.3899,3.38,3.3899,480.0
2025-08-06T10:14:26,3.3888,3.4,3.3888,3.39,5009.0
2025-08-06T10:14:27,3.39,3.4,3.39,3.3999,8841.0
2025-08-06T10:14:28,3.3902,3.4099,3.3902,3.4099,12607.0
2025-08-06T10:14:29,3.4007,3.4099,3.4007,3.4061,2598.0
2025-08-06T10:14:30,3.4099,3.41,3.405,3.4099,13291.0
2025-08-06T10:14:31,3.4047,3.4096,3.4005,3.405,6982.0
2025-08-06T10:14:32,3.4,3.4099,3.4,3.4001,9660.0
2025-08-06T10:14:33,3.398,3.41,3.398,3.405,14252.0
2025-08-06T10:14:34,3.4002,3.4099,3.4,3.4099,3437.0
2025-08-06T10:14:35,3.4,3.4001,3.39,3.3988,7622.0
2025-08-06T10:14:36,3.39,3.4045,3.39,3.4,5179.0
2025-08-06T10:14:37,3.4099,3.41,3.405,3.41,756.0
2025-08-06T10:14:38,3.4,3.42,3.4,3.42,10253.0
2025-08-06T10:14:39,3.42,3.42,3.41,3.42,3589.0
2025-08-06T10:14:40,3.418,3.42,3.41,3.41,2687.0
2025-08-06T10:14:41,3.415,3.42,3.4101,3.4101,2690.0
2025-08-06T10:14:42,3.41,3.41,3.405,3.4099,7319.0
2025-08-06T10:14:43,3.408,3.41,3.4,3.41,5197.0
2025-08-06T10:14:44,3.4054,3.4054,3.4001,3.4001,1658.0
2025-08-06T10:14:45,3.4088,3.4088,3.4001,3.405,1821.0
2025-08-06T10:14:46,3.41,3.41,3.4,3.4,4483.0
2025-08-06T10:14:47,3.395,3.4,3.39,3.3911,9526.0
2025-08-06T10:14:48,3.4,3.4,3.39,3.395,5690.0
2025-08-06T10:14:49,3.398,3.4,3.39,3.39,3211.0
2025-08-06T10:14:50,3.3995,3.4,3.395,3.395,2262.0
2025-08-06T10:14:51,3.395,3.395,3.39,3.3944,8323.0
2025-08-06T10:14:52,3.39,3.4,3.39,3.4,2636.0
2025-08-06T10:14:53,3.395,3.42,3.395,3.4171,13437.0
2025-08-06T10:14:54,3.4112,3.4188,3.4107,3.4107,2176.0
2025-08-06T10:14:55,3.4191,3.48,3.4191,3.47,60865.0
2025-08-06T10:14:56,3.465,3.47,3.46,3.46,18619.0
2025-08-06T10:14:57,3.457,3.46,3.44,3.4489,14200.0
2025-08-06T10:14:58,3.45,3.45,3.434,3.4481,5859.0
2025-08-06T10:14:59,3.4492,3.4499,3.44,3.4401,9694.0
2025-08-06T10:15:00,3.45,3.45,3.42,3.44,16425.0
2025-08-06T10:15:01,3.44,3.44,3.4345,3.4345,1048.0
2025-08-06T10:15:02,3.435,3.45,3.435,3.4411,3573.0
2025-08-06T10:15:03,3.45,3.45,3.41,3.4299,24790.0
2025-08-06T10:15:04,3.4201,3.4288,3.42,3.425,1611.0
2025-08-06T10:15:05,3.425,3.44,3.4211,3.44,3319.0
2025-08-06T10:15:06,3.44,3.45,3.4301,3.4388,11206.0
2025-08-06T10:15:07,3.4489,3.45,3.4399,3.44,2432.0
2025-08-06T10:15:08,3.43,3.45,3.43,3.44,6236.0
2025-08-06T10:15:09,3.43,3.44,3.43,3.4399,3109.0
2025-08-06T10:15:10,3.436,3.45,3.4301,3.45,4901.0
2025-08-06T10:15:11,3.45,3.46,3.4408,3.45,7313.0
2025-08-06T10:15:12,3.455,3.47,3.45,3.4691,13350.0
2025-08-06T10:15:13,3.465,3.47,3.455,3.4699,21169.0
2025-08-06T10:15:14,3.4699,3.48,3.455,3.4793,8651.0
2025-08-06T10:15:15,3.475,3.48,3.47,3.48,16207.0
2025-08-06T10:15:16,3.48,3.48,3.4707,3.48,5934.0
2025-08-06T10:15:17,3.4701,3.48,3.46,3.4712,12649.0
2025-08-06T10:15:18,3.4781,3.4781,3.4602,3.4688,5709.0
2025-08-06T10:15:19,3.47,3.47,3.46,3.47,9377.0
2025-08-06T10:15:20,3.47,3.48,3.4601,3.4699,7169.0
2025-08-06T10:15:21,3.47,3.47,3.469,3.47,3992.0
2025-08-06T10:15:22,3.47,3.47,3.4607,3.462,2207.0
2025-08-06T10:15:23,3.4689,3.47,3.4689,3.4699,3142.0
2025-08-06T10:15:24,3.4693,3.47,3.46,3.47,4549.0
2025-08-06T10:15:25,3.4699,3.48,3.4601,3.48,6407.0
2025-08-06T10:15:26,3.4791,3.49,3.47,3.4894,6027.0
2025-08-06T10:15:27,3.4889,3.4899,3.47,3.48,10034.0
2025-08-06T10:15:28,3.4799,3.48,3.4799,3.48,332.0
2025-08-06T10:15:29,3.4793,3.48,3.47,3.48,5217.0
2025-08-06T10:15:30,3.4799,3.48,3.47,3.4799,9861.0
2025-08-06T10:15:31,3.475,3.4773,3.4703,3.4745,8024.0
2025-08-06T10:15:32,3.48,3.48,3.46,3.4612,14857.0
2025-08-06T10:15:33,3.47,3.47,3.44,3.44,29614.0
2025-08-06T10:15:34,3.45,3.46,3.4499,3.4599,8742.0
2025-08-06T10:15:35,3.45,3.4588,3.445,3.445,6889.0
2025-08-06T10:15:36,3.441,3.445,3.441,3.445,5647.0
2025-08-06T10:15:37,3.44,3.44,3.43,3.43,1394.0
2025-08-06T10:15:38,3.4392,3.4397,3.43,3.43,7866.0
2025-08-06T10:15:39,3.4302,3.4389,3.41,3.42,21622.0
2025-08-06T10:15:40,3.4212,3.43,3.41,3.4101,15438.0
2025-08-06T10:15:41,3.41,3.4146,3.41,3.41,1976.0
2025-08-06T10:15:42,3.4112,3.4199,3.4112,3.4199,5318.0
2025-08-06T10:15:43,3.41,3.44,3.41,3.4311,12499.0
2025-08-06T10:15:44,3.43,3.43,3.43,3.43,461.0
2025-08-06T10:15:45,3.43,3.45,3.43,3.4301,16124.0
2025-08-06T10:15:46,3.434,3.44,3.434,3.44,245.0
2025-08-06T10:15:47,3.43,3.431,3.42,3.4255,3642.0
2025-08-06T10:15:48,3.425,3.425,3.42,3.42,781.0
2025-08-06T10:15:49,3.42,3.42,3.41,3.42,5270.0
2025-08-06T10:15:50,3.42,3.43,3.41,3.41,10074.0
2025-08-06T10:15:51,3.42,3.42,3.41,3.4199,4156.0
2025-08-06T10:15:52,3.41,3.41,3.41,3.41,1181.0
2025-08-06T10:15:53,3.4107,3.4107,3.41,3.41,727.0
2025-08-06T10:15:54,3.415,3.4199,3.41,3.4101,4404.0
2025-08-06T10:15:55,3.4101,3.4101,3.405,3.4088,2679.0
2025-08-06T10:15:56,3.41,3.41,3.4,3.41,8683.0
2025-08-06T10:15:57,3.4011,3.41,3.4,3.41,3704.0
2025-08-06T10:15:58,3.405,3.405,3.4,3.4,1484.0
2025-08-06T10:15:59,3.4,3.405,3.385,3.39,4456.0
2025-08-06T10:16:00,3.3812,3.39,3.38,3.3853,8651.0
2025-08-06T10:16:01,3.3801,3.3899,3.38,3.3807,12070.0
2025-08-06T10:16:02,3.39,3.4,3.38,3.4,5305.0
2025-08-06T10:16:03,3.4,3.4,3.39,3.4,3112.0
2025-08-06T10:16:04,3.3988,3.3988,3.3912,3.3912,745.0
2025-08-06T10:16:05,3.4,3.4,3.4,3.4,2715.0
2025-08-06T10:16:06,3.3912,3.4,3.3909,3.3999,2289.0
2025-08-06T10:16:07,3.4,3.41,3.3912,3.41,8348.0
2025-08-06T10:16:08,3.41,3.41,3.4093,3.4093,1130.0
2025-08-06T10:16:09,3.4,3.415,3.4,3.415,3419.0
2025-08-06T10:16:10,3.42,3.42,3.41,3.41,1171.0
2025-08-06T10:16:11,3.415,3.43,3.41,3.43,8203.0
2025-08-06T10:16:12,3.4201,3.43,3.4201,3.4299,1790.0
2025-08-06T10:16:13,3.4212,3.4301,3.4212,3.4301,8289.0
2025-08-06T10:16:14,3.435,3.435,3.435,3.435,215.0
2025-08-06T10:16:15,3.437,3.44,3.437,3.44,3262.0
2025-08-06T10:16:17,3.435,3.435,3.435,3.435,436.0
2025-08-06T10:16:18,3.43,3.44,3.43,3.435,3138.0
2025-08-06T10:16:19,3.4388,3.44,3.4388,3.44,1267.0
2025-08-06T10:16:20,3.4335,3.435,3.43,3.435,7315.0
2025-08-06T10:16:21,3.43,3.4335,3.42,3.43,5243.0
2025-08-06T10:16:22,3.42,3.43,3.42,3.43,2965.0
2025-08-06T10:16:23,3.4302,3.44,3.43,3.43,4856.0
2025-08-06T10:16:24,3.43,3.43,3.43,3.43,301.0
2025-08-06T10:16:25,3.435,3.4389,3.43,3.43,4371.0
2025-08-06T10:16:26,3.43,3.4302,3.42,3.425,7440.0
2025-08-06T10:16:27,3.4289,3.4293,3.4199,3.4199,5136.0
2025-08-06T10:16:28,3.4119,3.4119,3.4119,3.4119,349.0
2025-08-06T10:16:29,3.4102,3.4102,3.41,3.41,1000.0
2025-08-06T10:16:30,3.41,3.4158,3.41,3.4158,3030.0
2025-08-06T10:16:31,3.41,3.4198,3.41,3.4112,1272.0
2025-08-06T10:16:32,3.4102,3.4189,3.4102,3.4103,3012.0
2025-08-06T10:16:33,3.41,3.4135,3.41,3.41,9582.0
2025-08-06T10:16:34,3.41,3.4199,3.41,3.4111,1852.0
2025-08-06T10:16:35,3.4111,3.4111,3.41,3.41,3802.0
2025-08-06T10:16:36,3.41,3.41,3.41,3.41,2853.0
2025-08-06T10:16:37,3.4,3.4,3.38,3.38,19676.0
2025-08-06T10:16:38,3.38,3.3988,3.38,3.38,6115.0
2025-08-06T10:16:39,3.38,3.39,3.37,3.37,8415.0
2025-08-06T10:16:40,3.375,3.375,3.36,3.3701,14353.0
2025-08-06T10:16:41,3.375,3.375,3.36,3.3712,10341.0
2025-08-06T10:16:42,3.3688,3.38,3.363133,3.3792,22053.0
2025-08-06T10:16:43,3.375,3.375,3.37,3.37,2633.0
2025-08-06T10:16:44,3.3755,3.3755,3.37,3.3701,920.0
2025-08-06T10:16:45,3.38,3.38,3.37,3.37,921.0
2025-08-06T10:16:46,3.377,3.381,3.3711,3.381,4906.0
2025-08-06T10:16:47,3.38,3.39,3.38,3.39,4372.0
2025-08-06T10:16:48,3.395,3.399,3.3907,3.3989,1920.0
2025-08-06T10:16:49,3.4,3.4,3.39,3.3989,482.0
2025-08-06T10:16:50,3.4,3.4,3.39,3.39,10067.0
2025-08-06T10:16:51,3.395,3.3989,3.39,3.397,593.0
2025-08-06T10:16:52,3.39,3.39,3.39,3.39,201.0
2025-08-06T10:16:53,3.4,3.41,3.4,3.41,999.0
2025-08-06T10:16:54,3.4089,3.41,3.4,3.41,828.0
2025-08-06T10:16:55,3.4,3.4,3.4,3.4,247.0
2025-08-06T10:16:56,3.4,3.4,3.4,3.4,1116.0
2025-08-06T10:16:57,3.39,3.3901,3.38,3.38,5056.0
2025-08-06T10:16:58,3.3888,3.3899,3.38,3.3899,2457.0
2025-08-06T10:16:59,3.3854,3.3854,3.3854,3.3854,321.0
2025-08-06T10:17:01,3.38,3.38,3.36,3.36,8536.0
2025-08-06T10:17:02,3.365,3.365,3.36,3.36,1930.0
2025-08-06T10:17:04,3.36,3.38,3.355,3.36,11606.0
2025-08-06T10:17:05,3.36,3.36,3.34,3.3491,17211.0
2025-08-06T10:17:06,3.34,3.35,3.34,3.35,1978.0
2025-08-06T10:17:07,3.34,3.35,3.33,3.35,24469.0
2025-08-06T10:17:08,3.34,3.3599,3.34,3.351,7019.0
2025-08-06T10:17:09,3.35,3.35,3.34,3.345,9638.0
2025-08-06T10:17:10,3.3494,3.3494,3.33,3.3388,9514.0
2025-08-06T10:17:11,3.33,3.335,3.32,3.32,16129.0
2025-08-06T10:17:12,3.32,3.335,3.32,3.335,9983.0
2025-08-06T10:17:13,3.331,3.3391,3.331,3.331,897.0
2025-08-06T10:17:14,3.33,3.34,3.33,3.34,3170.0
2025-08-06T10:17:15,3.35,3.35,3.33,3.34,3081.0
2025-08-06T10:17:16,3.33,3.3312,3.33,3.33,936.0
2025-08-06T10:17:17,3.33,3.33,3.33,3.33,438.0
2025-08-06T10:17:18,3.333,3.3388,3.333,3.3345,2306.0
2025-08-06T10:17:19,3.33,3.3393,3.33,3.33,1443.0
2025-08-06T10:17:20,3.33,3.339,3.33,3.33,767.0
2025-08-06T10:17:21,3.3399,3.3399,3.333,3.333,1806.0
2025-08-06T10:17:22,3.3312,3.3389,3.33,3.33,1659.0
2025-08-06T10:17:23,3.3301,3.3301,3.33,3.33,869.0
2025-08-06T10:17:24,3.3301,3.3301,3.3227,3.33,8936.0
2025-08-06T10:17:25,3.325,3.33,3.32,3.33,4414.0
2025-08-06T10:17:26,3.32,3.32,3.31,3.31,4404.0
2025-08-06T10:17:27,3.315,3.32,3.3112,3.3112,2859.0
2025-08-06T10:17:28,3.31,3.318,3.31,3.318,6633.0
2025-08-06T10:17:29,3.3109,3.3112,3.26,3.27,44374.0
2025-08-06T10:17:30,3.2712,3.29,3.26,3.265,19331.0
2025-08-06T10:17:31,3.265,3.29,3.26,3.29,7632.0
2025-08-06T10:17:32,3.2812,3.29,3.2812,3.29,5515.0
2025-08-06T10:17:33,3.29,3.3,3.29,3.3,4618.0
2025-08-06T10:17:34,3.2999,3.3,3.29,3.3,4433.0
2025-08-06T10:17:35,3.2993,3.3,3.275,3.28,12442.0
2025-08-06T10:17:36,3.27,3.2789,3.27,3.2788,5976.0
2025-08-06T10:17:37,3.2755,3.28,3.2709,3.2709,6489.0
2025-08-06T10:17:38,3.275,3.285,3.27,3.285,8263.0
2025-08-06T10:17:39,3.28,3.28,3.27,3.28,7756.0
2025-08-06T10:17:40,3.2899,3.3,3.2812,3.2812,3821.0
2025-08-06T10:17:41,3.2988,3.3,3.28,3.29,11674.0
2025-08-06T10:17:42,3.29,3.3,3.29,3.2909,3564.0
2025-08-06T10:17:43,3.3,3.3,3.29,3.3,2416.0
2025-08-06T10:17:44,3.295,3.31,3.29,3.31,19139.0
2025-08-06T10:17:45,3.301,3.31,3.301,3.31,4865.0
2025-08-06T10:17:46,3.31,3.33,3.31,3.311,10332.0
2025-08-06T10:17:47,3.315,3.3199,3.31,3.3189,4100.0
2025-08-06T10:17:48,3.3196,3.3196,3.305,3.305,6073.0
2025-08-06T10:17:49,3.305,3.31,3.3012,3.3068,4259.0
2025-08-06T10:17:50,3.31,3.32,3.3099,3.315,9193.0
2025-08-06T10:17:51,3.31,3.3201,3.3,3.3201,15607.0
2025-08-06T10:17:52,3.33,3.33,3.31,3.3107,12426.0
2025-08-06T10:17:53,3.3199,3.32,3.315,3.32,1309.0
2025-08-06T10:17:54,3.31,3.31,3.3046,3.3046,1682.0
2025-08-06T10:17:55,3.31,3.31,3.3063,3.3063,3035.0
2025-08-06T10:17:56,3.3088,3.3097,3.301,3.3097,1698.0
2025-08-06T10:17:57,3.3091,3.31,3.305,3.31,1634.0
2025-08-06T10:17:58,3.3098,3.3098,3.3098,3.3098,638.0
2025-08-06T10:17:59,3.31,3.31,3.3012,3.3012,699.0
2025-08-06T10:18:00,3.3012,3.31,3.3012,3.3012,946.0
2025-08-06T10:18:01,3.305,3.31,3.3035,3.31,1712.0
2025-08-06T10:18:02,3.31,3.31,3.305,3.31,2018.0
2025-08-06T10:18:03,3.3009,3.3012,3.3009,3.3012,682.0
2025-08-06T10:18:04,3.3004,3.3004,3.2848,3.2848,13204.0
2025-08-06T10:18:05,3.2988,3.2988,3.2804,3.2804,5695.0
2025-08-06T10:18:06,3.285,3.29,3.2801,3.2899,7293.0
2025-08-06T10:18:07,3.285,3.2899,3.28,3.2899,10614.0
2025-08-06T10:18:08,3.2808,3.29,3.2808,3.2812,952.0
2025-08-06T10:18:09,3.2888,3.2888,3.2807,3.2807,756.0
2025-08-06T10:18:10,3.28,3.29,3.28,3.28,1539.0
2025-08-06T10:18:11,3.285,3.29,3.285,3.29,4499.0
2025-08-06T10:18:12,3.285,3.2869,3.28,3.28,1143.0
2025-08-06T10:18:13,3.2882,3.29,3.28,3.29,1791.0
2025-08-06T10:18:14,3.2893,3.2893,3.2889,3.2893,2251.0
2025-08-06T10:18:15,3.2809,3.2899,3.28,3.285,2169.0
2025-08-06T10:18:16,3.28,3.2855,3.28,3.28,2262.0
2025-08-06T10:18:17,3.2803,3.2836,3.28,3.2836,2428.0
2025-08-06T10:18:18,3.2801,3.2807,3.2801,3.2807,1045.0
2025-08-06T10:18:19,3.28,3.2812,3.28,3.2809,2339.0
2025-08-06T10:18:20,3.29,3.29,3.29,3.29,465.0
2025-08-06T10:18:21,3.2802,3.2865,3.28,3.28,2929.0
2025-08-06T10:18:22,3.285,3.2854,3.285,3.2854,601.0
2025-08-06T10:18:23,3.285,3.285,3.28,3.28,3242.0
2025-08-06T10:18:24,3.285,3.285,3.28,3.28,2417.0
2025-08-06T10:18:25,3.28,3.28,3.28,3.28,231.0
2025-08-06T10:18:26,3.28,3.28,3.27,3.27,6465.0
2025-08-06T10:18:27,3.27,3.2736,3.2511,3.2511,32267.0
2025-08-06T10:18:28,3.263,3.263,3.25,3.2501,13602.0
2025-08-06T10:18:29,3.255,3.27,3.25,3.25,11400.0
2025-08-06T10:18:30,3.25,3.27,3.25,3.2632,17035.0
2025-08-06T10:18:31,3.26,3.27,3.26,3.2699,7887.0
2025-08-06T10:18:32,3.2701,3.2736,3.26,3.2601,10602.0
2025-08-06T10:18:33,3.2601,3.2792,3.2601,3.2792,5489.0
2025-08-06T10:18:34,3.27,3.28,3.27,3.28,7053.0
2025-08-06T10:18:35,3.2701,3.28,3.27,3.28,1603.0
2025-08-06T10:18:36,3.2701,3.28,3.27,3.275,5567.0
2025-08-06T10:18:37,3.28,3.29,3.27,3.29,3927.0
2025-08-06T10:18:38,3.289,3.29,3.28,3.2812,4266.0
2025-08-06T10:18:39,3.29,3.29,3.28,3.28,5334.0
2025-08-06T10:18:40,3.28,3.29,3.2791,3.28,1963.0
2025-08-06T10:18:41,3.2803,3.29,3.27,3.285,2135.0
2025-08-06T10:18:42,3.28,3.28,3.2755,3.2755,4581.0
2025-08-06T10:18:43,3.2707,3.28,3.27,3.28,2397.0
2025-08-06T10:18:44,3.2791,3.2803,3.2791,3.2803,1810.0
2025-08-06T10:18:45,3.2812,3.2812,3.28,3.2801,9693.0
2025-08-06T10:18:46,3.28,3.28,3.2754,3.2754,1238.0
2025-08-06T10:18:47,3.2701,3.2755,3.2701,3.2755,1368.0
2025-08-06T10:18:48,3.27,3.28,3.27,3.27,3304.0
2025-08-06T10:18:49,3.28,3.28,3.27,3.27,3282.0
2025-08-06T10:18:50,3.27,3.28,3.26,3.27,7942.0
2025-08-06T10:18:51,3.2662,3.27,3.2662,3.27,612.0
2025-08-06T10:18:52,3.2609,3.2688,3.2609,3.2688,531.0
2025-08-06T10:18:53,3.2688,3.2688,3.26,3.26,675.0
2025-08-06T10:18:54,3.27,3.29,3.27,3.28,11461.0
2025-08-06T10:18:55,3.27,3.27,3.27,3.27,169.0
2025-08-06T10:18:56,3.28,3.28,3.27,3.27,1678.0
2025-08-06T10:18:57,3.2712,3.2712,3.2712,3.2712,410.0
2025-08-06T10:18:58,3.27,3.27,3.26,3.27,2296.0
2025-08-06T10:18:59,3.26,3.26,3.26,3.26,325.0
2025-08-06T10:19:00,3.27,3.29,3.26,3.2751,8130.0
2025-08-06T10:19:01,3.27,3.27,3.27,3.27,344.0
2025-08-06T10:19:02,3.2755,3.29,3.2755,3.2802,11306.0
2025-08-06T10:19:03,3.285,3.3,3.28,3.29,11038.0
2025-08-06T10:19:04,3.3,3.32,3.3,3.3,33424.0
2025-08-06T10:19:05,3.3046,3.318,3.3,3.31,17029.0
2025-08-06T10:19:06,3.3189,3.3311,3.318,3.33,13794.0
2025-08-06T10:19:07,3.34,3.34,3.3301,3.34,7756.0
2025-08-06T10:19:08,3.33,3.34,3.325,3.331,7797.0
2025-08-06T10:19:09,3.33,3.35,3.33,3.34,9960.0
2025-08-06T10:19:10,3.35,3.35,3.33,3.33,3038.0
2025-08-06T10:19:11,3.34,3.34,3.32,3.34,10815.0
2025-08-06T10:19:12,3.33,3.34,3.31,3.33,15918.0
2025-08-06T10:19:13,3.328,3.33,3.3201,3.3299,5276.0
2025-08-06T10:19:14,3.3245,3.33,3.3209,3.33,1997.0
2025-08-06T10:19:15,3.32,3.3299,3.32,3.3299,4500.0
2025-08-06T10:19:16,3.3296,3.33,3.3211,3.33,6963.0
2025-08-06T10:19:17,3.3208,3.3208,3.3208,3.3208,358.0
2025-08-06T10:19:18,3.3209,3.3209,3.3209,3.3209,236.0
2025-08-06T10:19:19,3.3299,3.33,3.3,3.3,11253.0
2025-08-06T10:19:20,3.31,3.31,3.31,3.31,804.0
2025-08-06T10:19:21,3.3109,3.3109,3.31,3.31,1201.0
2025-08-06T10:19:22,3.315,3.32,3.315,3.32,3169.0
2025-08-06T10:19:23,3.3291,3.33,3.32,3.32,2850.0
2025-08-06T10:19:24,3.33,3.33,3.325,3.325,982.0
2025-08-06T10:19:26,3.3299,3.3299,3.315,3.3288,3697.0
2025-08-06T10:19:29,3.32,3.32,3.31,3.31,815.0
2025-08-06T10:19:30,3.31,3.31,3.3,3.3093,2875.0
2025-08-06T10:19:31,3.3045,3.3045,3.3035,3.3035,3640.0
2025-08-06T10:19:32,3.305,3.305,3.305,3.305,580.0
2025-08-06T10:19:33,3.3088,3.3088,3.3088,3.3088,286.0
2025-08-06T10:19:34,3.3,3.3089,3.3,3.3089,1422.0
2025-08-06T10:19:35,3.3093,3.3093,3.3012,3.3093,1856.0
2025-08-06T10:19:37,3.3011,3.31,3.3011,3.31,820.0
2025-08-06T10:19:38,3.31,3.31,3.31,3.31,952.0
2025-08-06T10:19:39,3.31,3.3195,3.31,3.315,2287.0
2025-08-06T10:19:40,3.3112,3.3112,3.3112,3.3112,136.0
2025-08-06T10:19:41,3.315,3.33,3.315,3.3299,4442.0
2025-08-06T10:19:42,3.3299,3.33,3.325,3.33,7487.0
2025-08-06T10:19:43,3.325,3.325,3.325,3.325,165.0
2025-08-06T10:19:44,3.3212,3.3299,3.3212,3.3255,3667.0
2025-08-06T10:19:45,3.33,3.33,3.325,3.325,3196.0
2025-08-06T10:19:46,3.325,3.325,3.32,3.32,1479.0
2025-08-06T10:19:47,3.31,3.32,3.31,3.32,515.0
2025-08-06T10:19:48,3.32,3.32,3.32,3.32,181.0
2025-08-06T10:19:49,3.32,3.32,3.311,3.311,770.0
2025-08-06T10:19:50,3.32,3.32,3.31,3.31,483.0
2025-08-06T10:19:51,3.31,3.3196,3.31,3.315,5512.0
2025-08-06T10:19:52,3.3107,3.3199,3.3107,3.3199,1427.0
2025-08-06T10:19:54,3.3111,3.3111,3.3111,3.3111,203.0
2025-08-06T10:19:55,3.3191,3.3199,3.3191,3.3199,834.0
2025-08-06T10:19:56,3.32,3.32,3.32,3.32,1186.0
2025-08-06T10:19:57,3.32,3.32,3.32,3.32,1160.0
2025-08-06T10:19:58,3.32,3.34,3.32,3.335,20549.0
2025-08-06T10:19:59,3.34,3.34,3.33,3.3393,2249.0
2025-08-06T10:20:00,3.3301,3.3393,3.33,3.3393,4234.0
2025-08-06T10:20:01,3.33,3.33,3.33,3.33,635.0
2025-08-06T10:20:02,3.3353,3.3353,3.335,3.335,9115.0
2025-08-06T10:20:03,3.33,3.3399,3.33,3.3399,961.0
2025-08-06T10:20:04,3.335,3.335,3.335,3.335,100.0
2025-08-06T10:20:05,3.3355,3.3355,3.3201,3.3201,1925.0
2025-08-06T10:20:06,3.3288,3.3299,3.325,3.325,1146.0
2025-08-06T10:20:07,3.3292,3.3292,3.3292,3.3292,425.0
2025-08-06T10:20:08,3.3299,3.3299,3.321,3.321,210.0
2025-08-06T10:20:09,3.3201,3.325,3.32,3.325,3625.0
2025-08-06T10:20:10,3.32,3.32,3.32,3.32,220.0
2025-08-06T10:20:11,3.32,3.32,3.32,3.32,2933.0
2025-08-06T10:20:12,3.325,3.325,3.32,3.32,588.0
2025-08-06T10:20:13,3.325,3.325,3.3212,3.3212,1041.0
2025-08-06T10:20:15,3.32,3.32,3.32,3.32,116.0
2025-08-06T10:20:16,3.32,3.32,3.3,3.3,9758.0
2025-08-06T10:20:18,3.2955,3.2988,3.2945,3.2945,840.0
2025-08-06T10:20:19,3.3,3.3,3.2901,3.3,310.0
2025-08-06T10:20:20,3.2974,3.2974,3.29,3.2901,2186.0
2025-08-06T10:20:21,3.3,3.3,3.29,3.3,1382.0
2025-08-06T10:20:22,3.29,3.2902,3.29,3.29,2503.0
2025-08-06T10:20:23,3.2912,3.295,3.28,3.28,5570.0
2025-08-06T10:20:24,3.285,3.3,3.28,3.2945,15292.0
2025-08-06T10:20:25,3.2955,3.2955,3.29,3.29,4210.0
2025-08-06T10:20:26,3.295,3.3,3.295,3.3,403.0
2025-08-06T10:20:27,3.2999,3.2999,3.2999,3.2999,388.0
2025-08-06T10:20:28,3.2988,3.2988,3.2906,3.2906,1148.0
2025-08-06T10:20:29,3.29,3.2901,3.29,3.2901,772.0
2025-08-06T10:20:30,3.29,3.29,3.29,3.29,236.0
2025-08-06T10:20:32,3.292,3.295,3.292,3.295,435.0
2025-08-06T10:20:33,3.3,3.32,3.3,3.32,2209.0
2025-08-06T10:20:34,3.318,3.3199,3.311,3.311,1774.0
2025-08-06T10:20:35,3.319,3.32,3.31,3.31,2420.0
2025-08-06T10:20:36,3.3199,3.3199,3.315,3.315,4547.0
2025-08-06T10:20:39,3.31,3.31,3.29,3.3001,5758.0
2025-08-06T10:20:40,3.3,3.31,3.3,3.3007,4090.0
2025-08-06T10:20:41,3.3088,3.3088,3.3088,3.3088,260.0
2025-08-06T10:20:42,3.3065,3.3065,3.3065,3.3065,1134.0
2025-08-06T10:20:43,3.3,3.3,3.3,3.3,550.0
2025-08-06T10:20:44,3.3012,3.3012,3.3012,3.3012,563.0
2025-08-06T10:20:45,3.3,3.301,3.3,3.301,1305.0
2025-08-06T10:20:46,3.3,3.31,3.3,3.31,2848.0
2025-08-06T10:20:47,3.32,3.32,3.31,3.31,3762.0
2025-08-06T10:20:49,3.3102,3.3193,3.3102,3.315,1332.0
2025-08-06T10:20:50,3.3188,3.3188,3.3188,3.3188,287.0
2025-08-06T10:20:52,3.315,3.315,3.2911,3.2911,10193.0
2025-08-06T10:20:53,3.2901,3.2901,3.2901,3.2901,3700.0
2025-08-06T10:20:54,3.2901,3.2907,3.2901,3.2907,700.0
2025-08-06T10:20:57,3.2988,3.2988,3.29,3.295,4583.0
2025-08-06T10:20:59,3.3,3.3,3.29,3.29,886.0
2025-08-06T10:21:00,3.2955,3.2993,3.2955,3.2993,678.0
2025-08-06T10:21:01,3.29,3.299,3.29,3.2909,543.0
2025-08-06T10:21:02,3.2993,3.31,3.2993,3.31,5156.0
2025-08-06T10:21:03,3.305,3.305,3.305,3.305,4000.0
2025-08-06T10:21:04,3.3096,3.3096,3.3096,3.3096,2046.0
2025-08-06T10:21:06,3.301,3.31,3.301,3.3055,4600.0
2025-08-06T10:21:07,3.31,3.31,3.305,3.305,766.0
2025-08-06T10:21:08,3.3089,3.3089,3.3089,3.3089,150.0
2025-08-06T10:21:09,3.305,3.31,3.3,3.3078,5043.0
2025-08-06T10:21:11,3.3,3.308,3.3,3.308,370.0
2025-08-06T10:21:12,3.3007,3.31,3.3,3.3,8572.0
2025-08-06T10:21:13,3.3,3.3,3.2991,3.2991,1254.0
2025-08-06T10:21:14,3.2901,3.2901,3.29,3.29,522.0
2025-08-06T10:21:15,3.2989,3.2989,3.2989,3.2989,191.0
2025-08-06T10:21:16,3.295,3.295,3.29,3.29,302.0
2025-08-06T10:21:17,3.29,3.29,3.29,3.29,500.0
2025-08-06T10:21:18,3.29,3.29,3.29,3.29,228.0
2025-08-06T10:21:19,3.2993,3.2993,3.2993,3.2993,1010.0
2025-08-06T10:21:20,3.29,3.295,3.29,3.29,7803.0
2025-08-06T10:21:21,3.29,3.3,3.29,3.3,1138.0
2025-08-06T10:21:22,3.295,3.32,3.295,3.315,8574.0
2025-08-06T10:21:24,3.3155,3.33,3.3155,3.33,9090.0
2025-08-06T10:21:25,3.33,3.34,3.33,3.34,11716.0
2025-08-06T10:21:27,3.3301,3.3302,3.3301,3.3302,344.0
2025-08-06T10:21:28,3.338,3.338,3.335,3.335,3090.0
2025-08-06T10:21:29,3.3392,3.34,3.3392,3.34,1496.0
2025-08-06T10:21:30,3.34,3.34,3.3303,3.3303,480.0
2025-08-06T10:21:31,3.3389,3.3389,3.33,3.33,1555.0
2025-08-06T10:21:32,3.3312,3.335,3.33,3.335,4297.0
2025-08-06T10:21:33,3.33,3.3312,3.32,3.3299,11937.0
2025-08-06T10:21:34,3.32,3.35,3.32,3.3401,19994.0
2025-08-06T10:21:35,3.3302,3.34,3.3302,3.34,526.0
2025-08-06T10:21:36,3.3399,3.34,3.339,3.3399,3881.0
2025-08-06T10:21:37,3.335,3.34,3.33,3.33,879.0
2025-08-06T10:21:38,3.3312,3.34,3.3312,3.34,444.0
2025-08-06T10:21:39,3.34,3.34,3.33,3.33,685.0
2025-08-06T10:21:40,3.335,3.34,3.3301,3.34,4379.0
2025-08-06T10:21:41,3.34,3.34,3.34,3.34,523.0
2025-08-06T10:21:42,3.33,3.34,3.33,3.34,589.0
2025-08-06T10:21:43,3.34,3.3401,3.3363,3.3401,12535.0
2025-08-06T10:21:44,3.345,3.3488,3.34,3.345,3575.0
2025-08-06T10:21:45,3.3412,3.3499,3.3412,3.3412,944.0
2025-08-06T10:21:46,3.345,3.3493,3.345,3.3493,926.0
2025-08-06T10:21:47,3.34,3.34,3.34,3.34,5358.0
2025-08-06T10:21:48,3.3335,3.34,3.33,3.34,8276.0
2025-08-06T10:21:49,3.3304,3.3304,3.3304,3.3304,3239.0
2025-08-06T10:21:50,3.34,3.34,3.34,3.34,2040.0
2025-08-06T10:21:51,3.345,3.345,3.345,3.345,193.0
2025-08-06T10:21:52,3.35,3.35,3.3489,3.3489,300.0
2025-08-06T10:21:53,3.345,3.345,3.34,3.34,1042.0
2025-08-06T10:21:54,3.3442,3.345,3.33,3.3301,7670.0
2025-08-06T10:21:55,3.3391,3.34,3.3391,3.3399,2254.0
2025-08-06T10:21:56,3.332,3.335,3.32,3.32,4379.0
2025-08-06T10:21:57,3.33,3.33,3.33,3.33,8027.0
2025-08-06T10:21:58,3.34,3.34,3.335,3.335,520.0
2025-08-06T10:21:59,3.34,3.35,3.3301,3.3301,10339.0
2025-08-06T10:22:00,3.34,3.38,3.335,3.3709,28159.0
2025-08-06T10:22:01,3.38,3.39,3.3712,3.3894,9875.0
2025-08-06T10:22:02,3.385,3.385,3.37,3.378,9931.0
2025-08-06T10:22:03,3.375,3.38,3.37,3.37,4790.0
2025-08-06T10:22:04,3.38,3.38,3.375,3.375,341.0
2025-08-06T10:22:05,3.37,3.37,3.35,3.37,9529.0
2025-08-06T10:22:06,3.3698,3.37,3.368,3.368,2829.0
2025-08-06T10:22:07,3.36,3.3889,3.36,3.3889,5871.0
2025-08-06T10:22:08,3.385,3.39,3.375,3.389,4571.0
2025-08-06T10:22:09,3.3891,3.39,3.38,3.3801,4687.0
2025-08-06T10:22:10,3.39,3.39,3.3755,3.3799,3466.0
2025-08-06T10:22:11,3.375,3.38,3.3711,3.38,5545.0
2025-08-06T10:22:12,3.3888,3.3888,3.3811,3.3811,384.0
2025-08-06T10:22:13,3.39,3.39,3.375,3.375,3135.0
2025-08-06T10:22:14,3.3799,3.38,3.3703,3.3703,4294.0
2025-08-06T10:22:15,3.37,3.37,3.365,3.37,3366.0
2025-08-06T10:22:16,3.365,3.38,3.365,3.375,2301.0
2025-08-06T10:22:17,3.375,3.3893,3.37,3.3893,7429.0
2025-08-06T10:22:18,3.38,3.3812,3.37,3.3754,4431.0
2025-08-06T10:22:19,3.38,3.39,3.38,3.38,3916.0
2025-08-06T10:22:20,3.385,3.39,3.385,3.3891,615.0
2025-08-06T10:22:21,3.39,3.39,3.385,3.3897,4708.0
2025-08-06T10:22:22,3.385,3.39,3.38,3.38,3308.0
2025-08-06T10:22:23,3.38,3.385,3.38,3.385,2744.0
2025-08-06T10:22:24,3.3807,3.3893,3.37,3.37,9437.0
2025-08-06T10:22:25,3.375,3.39,3.375,3.38,8810.0
2025-08-06T10:22:26,3.3895,3.39,3.3808,3.39,2721.0
2025-08-06T10:22:27,3.385,3.3888,3.38,3.3888,868.0
2025-08-06T10:22:28,3.38,3.3836,3.37,3.3746,2890.0
2025-08-06T10:22:29,3.375,3.38,3.375,3.38,909.0
2025-08-06T10:22:30,3.3755,3.39,3.3755,3.385,5810.0
2025-08-06T10:22:31,3.38,3.39,3.38,3.3801,2553.0
2025-08-06T10:22:32,3.385,3.39,3.3807,3.3807,2155.0
2025-08-06T10:22:33,3.385,3.3899,3.3807,3.3898,1453.0
2025-08-06T10:22:34,3.3891,3.39,3.3888,3.3888,4398.0
2025-08-06T10:22:35,3.3807,3.3879,3.3807,3.3879,2080.0
2025-08-06T10:22:36,3.39,3.4,3.389,3.4,10042.0
2025-08-06T10:22:37,3.39,3.4,3.3885,3.4,3918.0
2025-08-06T10:22:38,3.395,3.3955,3.395,3.3955,1771.0
2025-08-06T10:22:39,3.3981,3.4,3.39,3.4,4605.0
2025-08-06T10:22:40,3.4,3.41,3.3901,3.405,28532.0
2025-08-06T10:22:41,3.4045,3.41,3.4,3.4,2793.0
2025-08-06T10:22:42,3.4,3.41,3.4,3.4,4796.0
2025-08-06T10:22:43,3.4098,3.41,3.4012,3.41,3479.0
2025-08-06T10:22:44,3.41,3.4155,3.4011,3.4045,8247.0
2025-08-06T10:22:45,3.4,3.41,3.39,3.4089,15962.0
2025-08-06T10:22:46,3.405,3.41,3.4009,3.4012,1909.0
2025-08-06T10:22:47,3.405,3.4099,3.4045,3.4088,1459.0
2025-08-06T10:22:48,3.4,3.405,3.39,3.3999,11527.0
2025-08-06T10:22:49,3.3988,3.4,3.3904,3.395,6161.0
2025-08-06T10:22:50,3.39,3.395,3.38,3.3888,9795.0
2025-08-06T10:22:51,3.3801,3.3888,3.3801,3.385,1006.0
2025-08-06T10:22:52,3.39,3.4,3.39,3.4,1828.0
2025-08-06T10:22:53,3.4,3.4,3.382,3.3899,8412.0
2025-08-06T10:22:54,3.39,3.39,3.39,3.39,182.0
2025-08-06T10:22:55,3.39,3.39,3.3863,3.39,1269.0
2025-08-06T10:22:56,3.3979,3.3979,3.382,3.39,5644.0
2025-08-06T10:22:57,3.385,3.4,3.381,3.3904,6514.0
2025-08-06T10:22:58,3.395,3.395,3.395,3.395,148.0
2025-08-06T10:22:59,3.395,3.41,3.395,3.397,9238.0
2025-08-06T10:23:00,3.3999,3.3999,3.39,3.3919,4332.0
2025-08-06T10:23:01,3.3911,3.405,3.3911,3.405,3661.0
2025-08-06T10:23:02,3.4038,3.4098,3.4,3.4089,2356.0
2025-08-06T10:23:03,3.4088,3.41,3.4,3.41,2765.0
2025-08-06T10:23:04,3.4012,3.41,3.4012,3.41,573.0
2025-08-06T10:23:05,3.41,3.41,3.405,3.41,2161.0
2025-08-06T10:23:06,3.4001,3.4089,3.4001,3.4089,1270.0
2025-08-06T10:23:07,3.405,3.405,3.4,3.4012,6704.0
2025-08-06T10:23:08,3.4093,3.4093,3.4093,3.4093,671.0
2025-08-06T10:23:09,3.41,3.41,3.39,3.3901,9256.0
2025-08-06T10:23:10,3.39,3.39,3.38,3.381,15832.0
2025-08-06T10:23:11,3.3888,3.3888,3.38,3.385,1660.0
2025-08-06T10:23:12,3.385,3.39,3.365,3.365,11079.0
2025-08-06T10:23:13,3.37,3.385,3.35,3.35,6738.0
2025-08-06T10:23:14,3.3445,3.36,3.34,3.34,15111.0
2025-08-06T10:23:15,3.34,3.36,3.32,3.34,23048.0
2025-08-06T10:23:16,3.34,3.35,3.33,3.33,3643.0
2025-08-06T10:23:17,3.335,3.36,3.3345,3.3599,4301.0
2025-08-06T10:23:18,3.3545,3.37,3.3545,3.37,9919.0
2025-08-06T10:23:19,3.365,3.379,3.365,3.379,1690.0
2025-08-06T10:23:20,3.3709,3.3709,3.36,3.3691,6189.0
2025-08-06T10:23:21,3.36,3.3654,3.36,3.3654,4131.0
2025-08-06T10:23:23,3.3688,3.3699,3.3688,3.3699,1411.0
2025-08-06T10:23:24,3.36,3.36,3.35,3.36,4290.0
2025-08-06T10:23:25,3.3612,3.38,3.3612,3.38,9255.0
2025-08-06T10:23:26,3.38,3.385,3.38,3.3801,5239.0
2025-08-06T10:23:27,3.39,3.39,3.385,3.3899,3048.0
2025-08-06T10:23:28,3.388,3.39,3.3812,3.3812,1336.0
2025-08-06T10:23:29,3.3812,3.395,3.3812,3.39,6698.0
2025-08-06T10:23:30,3.39,3.3999,3.39,3.3999,8468.0
2025-08-06T10:23:31,3.3901,3.41,3.3901,3.4008,4982.0
2025-08-06T10:23:32,3.4082,3.41,3.39,3.405,13278.0
2025-08-06T10:23:33,3.4046,3.4081,3.39,3.39,7194.0
2025-08-06T10:23:34,3.4,3.4,3.395,3.3999,11907.0
2025-08-06T10:23:35,3.3912,3.4,3.3899,3.3997,14085.0
2025-08-06T10:23:36,3.395,3.395,3.39,3.39,2208.0
2025-08-06T10:23:37,3.39,3.39,3.3855,3.3888,895.0
2025-08-06T10:23:38,3.39,3.39,3.39,3.39,1193.0
2025-08-06T10:23:39,3.395,3.4,3.395,3.4,318.0
2025-08-06T10:23:40,3.3901,3.4,3.39,3.395,5484.0
2025-08-06T10:23:41,3.385,3.39,3.3804,3.39,10932.0
2025-08-06T10:23:42,3.39,3.39,3.38,3.39,530.0
2025-08-06T10:23:43,3.39,3.39,3.39,3.39,329.0
2025-08-06T10:23:45,3.3891,3.39,3.3891,3.39,2988.0
2025-08-06T10:23:46,3.3947,3.395,3.3947,3.395,323.0
2025-08-06T10:23:47,3.4,3.4,3.4,3.4,206.0
2025-08-06T10:23:48,3.3999,3.3999,3.3999,3.3999,522.0
2025-08-06T10:23:49,3.3901,3.3905,3.39,3.39,2168.0
2025-08-06T10:23:50,3.39,3.3988,3.39,3.395,1053.0
2025-08-06T10:23:51,3.39,3.39,3.39,3.39,350.0
2025-08-06T10:23:52,3.397,3.3991,3.39,3.39,2299.0
2025-08-06T10:23:53,3.3999,3.3999,3.39,3.39,1527.0
2025-08-06T10:23:54,3.39,3.4,3.385,3.39,2861.0
2025-08-06T10:23:55,3.39,3.39,3.39,3.39,1292.0
2025-08-06T10:23:56,3.38,3.38,3.38,3.38,351.0
2025-08-06T10:23:57,3.3889,3.3898,3.3889,3.3898,2358.0
2025-08-06T10:23:58,3.3801,3.39,3.3801,3.39,1889.0
2025-08-06T10:23:59,3.3801,3.3801,3.3801,3.3801,263.0
2025-08-06T10:24:02,3.3812,3.3812,3.3812,3.3812,140.0
2025-08-06T10:24:03,3.385,3.385,3.385,3.385,157.0
2025-08-06T10:24:04,3.3892,3.3892,3.3891,3.3891,505.0
2025-08-06T10:24:05,3.3812,3.3812,3.3812,3.3812,622.0
2025-08-06T10:24:06,3.3865,3.3899,3.3801,3.3801,927.0
2025-08-06T10:24:07,3.38,3.3899,3.38,3.3899,2468.0
2025-08-06T10:24:09,3.38,3.385,3.38,3.3846,1128.0
2025-08-06T10:24:11,3.3892,3.3892,3.3892,3.3892,436.0
2025-08-06T10:24:13,3.388,3.4,3.3812,3.4,8577.0
2025-08-06T10:24:14,3.3955,3.4,3.395,3.4,3766.0
2025-08-06T10:24:15,3.3901,3.3901,3.3901,3.3901,193.0
2025-08-06T10:24:16,3.3907,3.4,3.3907,3.4,1366.0
2025-08-06T10:24:17,3.3971,3.4,3.3971,3.4,1171.0
2025-08-06T10:24:18,3.4,3.4,3.39,3.39,3447.0
2025-08-06T10:24:19,3.39,3.395,3.385,3.3912,4183.0
2025-08-06T10:24:20,3.395,3.395,3.395,3.395,182.0
2025-08-06T10:24:21,3.4,3.4,3.395,3.395,2188.0
2025-08-06T10:24:22,3.4,3.405,3.3908,3.4,9354.0
2025-08-06T10:24:25,3.4,3.4,3.4,3.4,209.0
2025-08-06T10:24:26,3.3988,3.4,3.39,3.39,5879.0
2025-08-06T10:24:27,3.3888,3.3888,3.38,3.385,14625.0
2025-08-06T10:24:28,3.38,3.3801,3.36,3.37,21137.0
2025-08-06T10:24:29,3.37,3.3799,3.37,3.375,6790.0
2025-08-06T10:24:30,3.3745,3.3788,3.3601,3.3788,875.0
2025-08-06T10:24:31,3.3688,3.37,3.36,3.37,3480.0
2025-08-06T10:24:32,3.3701,3.3701,3.3701,3.3701,385.0
2025-08-06T10:24:33,3.3701,3.3701,3.3701,3.3701,107.0
2025-08-06T10:24:34,3.37,3.3701,3.36,3.37,3182.0
2025-08-06T10:24:35,3.37,3.38,3.37,3.38,460.0
2025-08-06T10:24:36,3.39,3.39,3.37,3.38,1762.0
2025-08-06T10:24:37,3.3807,3.3807,3.3807,3.3807,333.0
2025-08-06T10:24:38,3.385,3.4,3.385,3.4,9327.0
2025-08-06T10:24:39,3.39,3.39,3.39,3.39,450.0
2025-08-06T10:24:40,3.38,3.38,3.38,3.38,642.0
2025-08-06T10:24:41,3.38,3.38,3.375,3.38,2456.0
2025-08-06T10:24:43,3.3745,3.38,3.3745,3.38,3236.0
2025-08-06T10:24:44,3.3788,3.3788,3.3788,3.3788,202.0
2025-08-06T10:24:45,3.3788,3.38,3.375,3.375,1852.0
2025-08-06T10:24:46,3.38,3.3801,3.38,3.3801,3206.0
2025-08-06T10:24:47,3.38,3.39,3.38,3.38,5569.0
2025-08-06T10:24:48,3.38,3.38,3.38,3.38,1067.0
2025-08-06T10:24:49,3.37,3.3708,3.37,3.3708,3482.0
2025-08-06T10:24:50,3.3794,3.3794,3.3794,3.3794,1130.0
2025-08-06T10:24:53,3.372,3.372,3.372,3.372,384.0
2025-08-06T10:24:55,3.37,3.38,3.37,3.37,945.0
2025-08-06T10:24:56,3.37,3.38,3.37,3.37,3033.0
2025-08-06T10:24:57,3.3712,3.3712,3.37,3.37,330.0
2025-08-06T10:24:58,3.37,3.38,3.37,3.38,2407.0
2025-08-06T10:24:59,3.3812,3.389,3.3812,3.382,1762.0
2025-08-06T10:25:00,3.39,3.39,3.38,3.38,1600.0
2025-08-06T10:25:02,3.39,3.39,3.39,3.39,1369.0
2025-08-06T10:25:03,3.39,3.39,3.3899,3.3899,1144.0
2025-08-06T10:25:04,3.385,3.3864,3.385,3.3864,218.0
2025-08-06T10:25:06,3.39,3.39,3.39,3.39,3996.0
2025-08-06T10:25:07,3.3912,3.3912,3.3912,3.3912,338.0
2025-08-06T10:25:09,3.3991,3.3991,3.3904,3.3904,2892.0
2025-08-06T10:25:10,3.39,3.3999,3.39,3.3997,9025.0
2025-08-06T10:25:11,3.3999,3.41,3.3955,3.41,7895.0
2025-08-06T10:25:12,3.41,3.41,3.4009,3.4009,766.0
2025-08-06T10:25:13,3.4088,3.4301,3.4035,3.43,36352.0
2025-08-06T10:25:14,3.44,3.44,3.4345,3.4345,7975.0
2025-08-06T10:25:15,3.432,3.432,3.42,3.4201,12677.0
2025-08-06T10:25:16,3.42,3.42,3.41,3.415,13750.0
2025-08-06T10:25:17,3.4101,3.4193,3.4101,3.4193,4021.0
2025-08-06T10:25:18,3.42,3.43,3.41,3.4299,15622.0
2025-08-06T10:25:19,3.4299,3.4299,3.41,3.42,18896.0
2025-08-06T10:25:20,3.4289,3.43,3.4245,3.4299,4314.0
2025-08-06T10:25:21,3.422,3.43,3.422,3.43,4028.0
2025-08-06T10:25:22,3.43,3.44,3.43,3.435,6818.0
2025-08-06T10:25:23,3.43,3.44,3.43,3.4399,2526.0
2025-08-06T10:25:24,3.4399,3.44,3.43,3.43,2324.0
2025-08-06T10:25:25,3.435,3.44,3.43,3.4335,1384.0
2025-08-06T10:25:26,3.4399,3.4399,3.4239,3.43,4887.0
2025-08-06T10:25:27,3.43,3.43,3.42,3.428,1825.0
2025-08-06T10:25:28,3.43,3.43,3.425,3.4288,3073.0
2025-08-06T10:25:29,3.425,3.4299,3.425,3.4299,550.0
2025-08-06T10:25:30,3.4245,3.4245,3.4245,3.4245,177.0
2025-08-06T10:25:31,3.4265,3.43,3.422,3.4299,5897.0
2025-08-06T10:25:32,3.4211,3.43,3.4205,3.43,9425.0
2025-08-06T10:25:33,3.4219,3.43,3.42,3.4299,1507.0
2025-08-06T10:25:34,3.43,3.435,3.4219,3.43,8321.0
2025-08-06T10:25:35,3.43,3.43,3.42,3.42,5050.0
2025-08-06T10:25:36,3.43,3.43,3.4209,3.4209,2989.0
2025-08-06T10:25:37,3.42,3.425,3.42,3.42,12470.0
2025-08-06T10:25:38,3.41,3.41,3.37,3.3789,36281.0
2025-08-06T10:25:39,3.375,3.3799,3.37,3.37,2325.0
2025-08-06T10:25:40,3.3701,3.38,3.37,3.3745,2356.0
2025-08-06T10:25:41,3.3799,3.3799,3.36,3.36,11379.0
2025-08-06T10:25:42,3.36,3.3611,3.36,3.3611,1805.0
2025-08-06T10:25:43,3.37,3.37,3.34,3.34,8561.0
2025-08-06T10:25:44,3.34,3.3576,3.34,3.35,1568.0
2025-08-06T10:25:45,3.3402,3.3402,3.3402,3.3402,405.0
2025-08-06T10:25:46,3.347,3.36,3.34,3.36,2176.0
2025-08-06T10:25:47,3.36,3.3792,3.355,3.375,6370.0
2025-08-06T10:25:48,3.3735,3.3793,3.37,3.3735,3197.0
2025-08-06T10:25:49,3.38,3.39,3.375,3.3899,6862.0
2025-08-06T10:25:50,3.39,3.39,3.39,3.39,103.0
2025-08-06T10:25:52,3.385,3.385,3.385,3.385,114.0
2025-08-06T10:25:53,3.3801,3.3888,3.3801,3.3888,1251.0
2025-08-06T10:25:54,3.38,3.39,3.38,3.3873,3908.0
2025-08-06T10:25:55,3.3809,3.4,3.3809,3.3812,6589.0
2025-08-06T10:25:56,3.4,3.4,3.4,3.4,994.0
2025-08-06T10:25:57,3.4,3.4099,3.39,3.39,3066.0
2025-08-06T10:25:58,3.4,3.4,3.4,3.4,2306.0
2025-08-06T10:25:59,3.3954,3.4,3.3945,3.4,2395.0
2025-08-06T10:26:00,3.3998,3.4,3.395,3.395,3396.0
2025-08-06T10:26:01,3.3988,3.3999,3.3988,3.3999,781.0
2025-08-06T10:26:02,3.3997,3.3997,3.37,3.37,8232.0
2025-08-06T10:26:03,3.375,3.38,3.375,3.38,7968.0
2025-08-06T10:26:04,3.375,3.375,3.375,3.375,232.0
2025-08-06T10:26:05,3.375,3.375,3.375,3.375,150.0
2025-08-06T10:26:06,3.3799,3.3799,3.37,3.37,2032.0
2025-08-06T10:26:07,3.3709,3.3793,3.3709,3.3793,1279.0
2025-08-06T10:26:08,3.3799,3.3799,3.3799,3.3799,220.0
2025-08-06T10:26:09,3.375,3.38,3.375,3.38,401.0
2025-08-06T10:26:10,3.3799,3.3799,3.3799,3.3799,186.0
2025-08-06T10:26:11,3.38,3.39,3.38,3.39,1253.0
2025-08-06T10:26:14,3.3811,3.39,3.38,3.39,1320.0
2025-08-06T10:26:17,3.38,3.38,3.38,3.38,126.0
2025-08-06T10:26:18,3.39,3.39,3.39,3.39,2961.0
2025-08-06T10:26:20,3.3891,3.3891,3.385,3.385,2200.0
2025-08-06T10:26:21,3.385,3.385,3.385,3.385,263.0
2025-08-06T10:26:23,3.38,3.385,3.38,3.38,2109.0
2025-08-06T10:26:24,3.38,3.38,3.37,3.3799,2952.0
2025-08-06T10:26:25,3.38,3.38,3.37,3.38,6089.0
2025-08-06T10:26:26,3.38,3.38,3.375,3.375,1315.0
2025-08-06T10:26:27,3.3796,3.38,3.3796,3.38,5351.0
2025-08-06T10:26:28,3.38,3.3897,3.38,3.3897,568.0
2025-08-06T10:26:29,3.38,3.39,3.38,3.39,1255.0
2025-08-06T10:26:31,3.385,3.385,3.38,3.38,2442.0
2025-08-06T10:26:32,3.38,3.38,3.38,3.38,4645.0
2025-08-06T10:26:33,3.38,3.38,3.3755,3.3755,3740.0
2025-08-06T10:26:34,3.38,3.38,3.38,3.38,220.0
2025-08-06T10:26:35,3.38,3.38,3.37,3.37,384.0
2025-08-06T10:26:36,3.375,3.375,3.37,3.37,509.0
2025-08-06T10:26:37,3.3709,3.375,3.37,3.37,1710.0
2025-08-06T10:26:38,3.3712,3.3712,3.3712,3.3712,639.0
2025-08-06T10:26:39,3.3788,3.3788,3.3788,3.3788,363.0
2025-08-06T10:26:40,3.3799,3.38,3.37,3.37,6500.0
2025-08-06T10:26:41,3.37,3.37,3.355,3.3588,17588.0
2025-08-06T10:26:42,3.3545,3.36,3.34,3.3545,16832.0
2025-08-06T10:26:43,3.3593,3.3593,3.33,3.33,7609.0
2025-08-06T10:26:44,3.34,3.3486,3.34,3.342,1094.0
2025-08-06T10:26:45,3.345,3.345,3.345,3.345,247.0
2025-08-06T10:26:47,3.345,3.345,3.345,3.345,233.0
2025-08-06T10:26:49,3.3412,3.3412,3.34,3.341,496.0
2025-08-06T10:26:50,3.345,3.4,3.345,3.3712,32232.0
2025-08-06T10:26:51,3.38,3.38,3.37,3.37,743.0
2025-08-06T10:26:52,3.3755,3.3755,3.3755,3.3755,3020.0
2025-08-06T10:26:53,3.37,3.37,3.37,3.37,217.0
2025-08-06T10:26:55,3.38,3.38,3.3712,3.3712,3714.0
2025-08-06T10:26:56,3.3789,3.38,3.3745,3.3745,451.0
2025-08-06T10:26:57,3.37,3.37,3.3698,3.37,1626.0
2025-08-06T10:26:58,3.36,3.36,3.36,3.36,581.0
2025-08-06T10:26:59,3.355,3.36,3.355,3.36,628.0
2025-08-06T10:27:00,3.35,3.36,3.35,3.36,964.0
2025-08-06T10:27:03,3.362,3.362,3.36,3.36,588.0
2025-08-06T10:27:04,3.36,3.36,3.34,3.34,3527.0
2025-08-06T10:27:05,3.34,3.345,3.34,3.3407,1946.0
2025-08-06T10:27:06,3.34,3.34,3.34,3.34,283.0
2025-08-06T10:27:07,3.345,3.3499,3.345,3.3499,1012.0
2025-08-06T10:27:08,3.35,3.35,3.35,3.35,1652.0
2025-08-06T10:27:09,3.345,3.345,3.345,3.345,2009.0
2025-08-06T10:27:10,3.3412,3.35,3.34,3.34,1499.0
2025-08-06T10:27:11,3.34,3.34,3.33,3.33,5065.0
2025-08-06T10:27:12,3.33,3.3388,3.32,3.323,8806.0
2025-08-06T10:27:13,3.32,3.33,3.31,3.3245,12980.0
2025-08-06T10:27:14,3.325,3.33,3.325,3.33,4877.0
2025-08-06T10:27:15,3.33,3.33,3.33,3.33,239.0
2025-08-06T10:27:16,3.3212,3.3212,3.32,3.32,1146.0
2025-08-06T10:27:17,3.32,3.34,3.32,3.34,15014.0
2025-08-06T10:27:18,3.33,3.3309,3.33,3.33,1094.0
2025-08-06T10:27:20,3.33,3.34,3.3299,3.3299,1774.0
2025-08-06T10:27:22,3.32,3.32,3.31,3.3189,1853.0
2025-08-06T10:27:23,3.32,3.33,3.32,3.3235,2164.0
2025-08-06T10:27:24,3.325,3.33,3.32,3.321,3529.0
2025-08-06T10:27:25,3.3245,3.3245,3.3245,3.3245,160.0
2025-08-06T10:27:26,3.32,3.3291,3.32,3.3291,703.0
2025-08-06T10:27:27,3.3201,3.33,3.3201,3.33,494.0
2025-08-06T10:27:28,3.32,3.3277,3.32,3.3277,1119.0
2025-08-06T10:27:29,3.32,3.33,3.32,3.3298,1698.0
2025-08-06T10:27:30,3.32,3.32,3.32,3.32,480.0
2025-08-06T10:27:32,3.33,3.34,3.33,3.33,5591.0
2025-08-06T10:27:33,3.3399,3.34,3.33,3.33,8811.0
2025-08-06T10:27:34,3.3299,3.34,3.3299,3.3399,4908.0
2025-08-06T10:27:36,3.335,3.335,3.335,3.335,142.0
2025-08-06T10:27:37,3.3391,3.3391,3.3391,3.3391,348.0
2025-08-06T10:27:38,3.335,3.3398,3.335,3.3388,556.0
2025-08-06T10:27:39,3.335,3.34,3.335,3.3363,4449.0
2025-08-06T10:27:40,3.34,3.34,3.34,3.34,829.0
2025-08-06T10:27:41,3.3354,3.35,3.3354,3.3412,4731.0
2025-08-06T10:27:42,3.349,3.349,3.345,3.345,2852.0
2025-08-06T10:27:43,3.34,3.34,3.34,3.34,495.0
2025-08-06T10:27:44,3.3488,3.3488,3.3488,3.3488,143.0
2025-08-06T10:27:45,3.345,3.355,3.3412,3.3412,1773.0
2025-08-06T10:27:46,3.36,3.36,3.3599,3.3599,5859.0
2025-08-06T10:27:47,3.3508,3.36,3.3508,3.36,2746.0
2025-08-06T10:27:48,3.355,3.355,3.355,3.355,367.0
2025-08-06T10:27:49,3.36,3.36,3.355,3.355,1455.0
2025-08-06T10:27:52,3.36,3.36,3.3597,3.3597,901.0
2025-08-06T10:27:53,3.35,3.3545,3.35,3.3545,2155.0
2025-08-06T10:27:54,3.359,3.36,3.3586,3.36,2719.0
2025-08-06T10:27:55,3.3512,3.3599,3.3512,3.3599,2949.0
2025-08-06T10:27:56,3.3599,3.3745,3.3599,3.3745,7524.0
2025-08-06T10:27:57,3.3712,3.3792,3.3712,3.3792,556.0
2025-08-06T10:27:58,3.37,3.38,3.37,3.38,3088.0
2025-08-06T10:27:59,3.38,3.39,3.38,3.38,2734.0
2025-08-06T10:28:01,3.3865,3.3865,3.385,3.385,1631.0
2025-08-06T10:28:02,3.385,3.385,3.38,3.385,744.0
2025-08-06T10:28:03,3.38,3.4,3.38,3.4,8107.0
2025-08-06T10:28:04,3.39,3.4,3.39,3.3945,4713.0
2025-08-06T10:28:05,3.4,3.4,3.385,3.385,2176.0
2025-08-06T10:28:06,3.392,3.392,3.392,3.392,196.0
2025-08-06T10:28:08,3.4,3.4,3.4,3.4,398.0
2025-08-06T10:28:09,3.4,3.4,3.3888,3.3888,3174.0
2025-08-06T10:28:10,3.4,3.4,3.39,3.39,820.0
2025-08-06T10:28:11,3.3912,3.3912,3.3799,3.3799,1731.0
2025-08-06T10:28:12,3.37,3.37,3.36,3.3647,6532.0
2025-08-06T10:28:13,3.361,3.3655,3.3607,3.3607,2834.0
2025-08-06T10:28:14,3.3601,3.3699,3.3601,3.3699,5479.0
2025-08-06T10:28:17,3.37,3.39,3.37,3.385,9291.0
2025-08-06T10:28:19,3.39,3.39,3.389,3.39,913.0
2025-08-06T10:28:20,3.3912,3.3912,3.3912,3.3912,283.0
2025-08-06T10:28:21,3.4,3.4,3.39,3.39,541.0
2025-08-06T10:28:22,3.3899,3.3899,3.3899,3.3899,250.0
2025-08-06T10:28:23,3.39,3.39,3.385,3.385,653.0
2025-08-06T10:28:24,3.38,3.385,3.37,3.38,2210.0
2025-08-06T10:28:25,3.3788,3.3788,3.3788,3.3788,409.0
2025-08-06T10:28:27,3.38,3.38,3.37,3.38,2766.0
2025-08-06T10:28:29,3.37,3.3746,3.37,3.3746,1469.0
2025-08-06T10:28:31,3.3788,3.3788,3.3788,3.3788,639.0
2025-08-06T10:28:32,3.37,3.3755,3.37,3.3755,1261.0
2025-08-06T10:28:33,3.37,3.37,3.37,3.37,1221.0
2025-08-06T10:28:34,3.37,3.38,3.37,3.38,603.0
2025-08-06T10:28:35,3.3799,3.3799,3.3799,3.3799,241.0
2025-08-06T10:28:36,3.3799,3.3799,3.37,3.37,2152.0
2025-08-06T10:28:37,3.37,3.37,3.37,3.37,1018.0
2025-08-06T10:28:38,3.37,3.37,3.3609,3.37,4031.0
2025-08-06T10:28:39,3.365,3.3685,3.365,3.3685,4770.0
2025-08-06T10:28:41,3.368,3.368,3.368,3.368,224.0
2025-08-06T10:28:43,3.3601,3.365,3.3601,3.365,400.0
2025-08-06T10:28:45,3.3611,3.3611,3.3611,3.3611,1024.0
2025-08-06T10:28:46,3.36,3.37,3.36,3.3698,1408.0
2025-08-06T10:28:47,3.3612,3.3612,3.3612,3.3612,186.0
2025-08-06T10:28:48,3.37,3.3712,3.37,3.3712,1392.0
2025-08-06T10:28:50,3.37,3.375,3.36,3.37,8700.0
2025-08-06T10:28:51,3.38,3.38,3.375,3.375,420.0
2025-08-06T10:28:52,3.3712,3.38,3.3712,3.38,2808.0
2025-08-06T10:28:53,3.379,3.38,3.379,3.38,4325.0
2025-08-06T10:28:54,3.3893,3.3893,3.3893,3.3893,574.0
2025-08-06T10:28:56,3.385,3.385,3.385,3.385,500.0
2025-08-06T10:28:58,3.3891,3.3891,3.3891,3.3891,250.0
2025-08-06T10:28:59,3.38,3.3812,3.38,3.3812,471.0
2025-08-06T10:29:02,3.3812,3.3812,3.3812,3.3812,144.0
2025-08-06T10:29:03,3.3788,3.3788,3.3788,3.3788,789.0
2025-08-06T10:29:04,3.375,3.375,3.375,3.375,201.0
2025-08-06T10:29:06,3.375,3.375,3.375,3.375,450.0
2025-08-06T10:29:07,3.37,3.37,3.37,3.37,249.0
2025-08-06T10:29:10,3.375,3.375,3.375,3.375,162.0
2025-08-06T10:29:11,3.37,3.37,3.37,3.37,560.0
2025-08-06T10:29:12,3.37,3.38,3.37,3.38,489.0
2025-08-06T10:29:13,3.37,3.38,3.37,3.38,3857.0
2025-08-06T10:29:14,3.3701,3.3701,3.36,3.36,4684.0
2025-08-06T10:29:15,3.361,3.3699,3.361,3.3699,1152.0
2025-08-06T10:29:16,3.365,3.37,3.36,3.36,2208.0
2025-08-06T10:29:18,3.3699,3.3699,3.3601,3.3601,1188.0
2025-08-06T10:29:20,3.36,3.36,3.36,3.36,120.0
2025-08-06T10:29:21,3.3601,3.3601,3.3601,3.3601,228.0
2025-08-06T10:29:23,3.36,3.36,3.36,3.36,706.0
2025-08-06T10:29:24,3.3609,3.3612,3.3609,3.3612,318.0
2025-08-06T10:29:25,3.3688,3.37,3.36,3.37,743.0
2025-08-06T10:29:26,3.3693,3.3693,3.36,3.36,902.0
2025-08-06T10:29:28,3.369,3.369,3.369,3.369,290.0
2025-08-06T10:29:29,3.3699,3.3699,3.3699,3.3699,1550.0
2025-08-06T10:29:30,3.3693,3.3693,3.3693,3.3693,1117.0
2025-08-06T10:29:31,3.3612,3.365,3.3612,3.365,354.0
2025-08-06T10:29:33,3.365,3.365,3.365,3.365,150.0
2025-08-06T10:29:39,3.3653,3.37,3.36,3.36,6877.0
2025-08-06T10:29:40,3.36,3.365,3.36,3.365,3321.0
2025-08-06T10:29:41,3.365,3.365,3.365,3.365,1628.0
2025-08-06T10:29:44,3.3612,3.3612,3.36,3.36,442.0
2025-08-06T10:29:45,3.36,3.36,3.36,3.36,772.0
2025-08-06T10:29:46,3.37,3.37,3.37,3.37,101.0
2025-08-06T10:29:48,3.37,3.38,3.3612,3.38,2185.0
2025-08-06T10:29:49,3.37,3.37,3.365,3.365,6995.0
2025-08-06T10:29:50,3.37,3.39,3.3699,3.39,12279.0
2025-08-06T10:29:51,3.385,3.385,3.38,3.38,8100.0
2025-08-06T10:29:52,3.39,3.39,3.39,3.39,353.0
2025-08-06T10:29:53,3.39,3.39,3.3845,3.39,9923.0
2025-08-06T10:29:54,3.385,3.41,3.38,3.41,40541.0
2025-08-06T10:29:55,3.42,3.42,3.3902,3.4199,18699.0
2025-08-06T10:29:56,3.419,3.43,3.412,3.43,27910.0
2025-08-06T10:29:57,3.43,3.47,3.425,3.469,44255.0
2025-08-06T10:29:58,3.469,3.469,3.43,3.4401,29353.0
2025-08-06T10:29:59,3.4397,3.45,3.4201,3.449,11990.0
2025-08-06T10:30:00,3.435,3.47,3.4309,3.465,7030.0
2025-08-06T10:30:01,3.46,3.47,3.46,3.4655,12279.0
2025-08-06T10:30:02,3.4692,3.47,3.4692,3.4697,943.0
2025-08-06T10:30:03,3.4607,3.48,3.4607,3.4799,8107.0
2025-08-06T10:30:04,3.465,3.48,3.45,3.47,29080.0
2025-08-06T10:30:05,3.47,3.47,3.4612,3.47,2221.0
2025-08-06T10:30:06,3.461,3.465,3.4454,3.4454,7108.0
2025-08-06T10:30:07,3.4588,3.4588,3.4401,3.45,5575.0
2025-08-06T10:30:08,3.4488,3.45,3.44,3.45,1867.0
2025-08-06T10:30:09,3.445,3.45,3.44,3.44,3761.0
2025-08-06T10:30:10,3.44,3.4436,3.43,3.435,2616.0
2025-08-06T10:30:11,3.4311,3.4445,3.43,3.4445,7254.0
2025-08-06T10:30:12,3.445,3.445,3.43,3.43,12275.0
2025-08-06T10:30:13,3.43,3.44,3.42,3.42,8800.0
2025-08-06T10:30:14,3.423,3.43,3.423,3.43,1661.0
2025-08-06T10:30:15,3.42,3.4255,3.42,3.4207,4360.0
2025-08-06T10:30:16,3.4299,3.4299,3.42,3.42,1587.0
2025-08-06T10:30:17,3.4212,3.4212,3.4212,3.4212,615.0
2025-08-06T10:30:18,3.42,3.43,3.42,3.4288,12856.0
2025-08-06T10:30:20,3.4301,3.438754,3.43,3.43,7877.0
2025-08-06T10:30:21,3.425,3.425,3.42,3.42,3538.0
2025-08-06T10:30:22,3.4189,3.43,3.41,3.42,5066.0
2025-08-06T10:30:23,3.42,3.42,3.42,3.42,471.0
2025-08-06T10:30:24,3.4101,3.4112,3.41,3.4112,785.0
2025-08-06T10:30:25,3.42,3.42,3.42,3.42,2787.0
2025-08-06T10:30:26,3.4208,3.4208,3.42,3.42,676.0
2025-08-06T10:30:27,3.42,3.42,3.42,3.42,201.0
2025-08-06T10:30:28,3.4208,3.4291,3.4208,3.4291,586.0
2025-08-06T10:30:29,3.425,3.4288,3.42,3.4245,2480.0
2025-08-06T10:30:30,3.42,3.42,3.42,3.42,315.0
2025-08-06T10:30:31,3.43,3.44,3.4299,3.43,4366.0
2025-08-06T10:30:32,3.4201,3.43,3.4201,3.43,2934.0
2025-08-06T10:30:33,3.438,3.44,3.438,3.44,612.0
2025-08-06T10:30:34,3.4389,3.4389,3.4389,3.4389,129.0
2025-08-06T10:30:35,3.43,3.4381,3.43,3.4381,352.0
2025-08-06T10:30:36,3.435,3.44,3.435,3.435,4572.0
2025-08-06T10:30:37,3.44,3.44,3.43,3.44,742.0
2025-08-06T10:30:38,3.4399,3.44,3.4309,3.4309,977.0
2025-08-06T10:30:39,3.43,3.44,3.43,3.44,437.0
2025-08-06T10:30:40,3.435,3.435,3.435,3.435,1130.0
2025-08-06T10:30:41,3.44,3.44,3.44,3.44,398.0
2025-08-06T10:30:42,3.44,3.44,3.43,3.4312,3630.0
2025-08-06T10:30:43,3.44,3.4592,3.44,3.4592,5597.0
2025-08-06T10:30:44,3.46,3.46,3.45,3.45,6781.0
2025-08-06T10:30:45,3.45,3.4555,3.45,3.45,4411.0
2025-08-06T10:30:46,3.45,3.455,3.45,3.455,344.0
2025-08-06T10:30:47,3.455,3.4588,3.455,3.4588,336.0
2025-08-06T10:30:48,3.455,3.46,3.45,3.4512,2182.0
2025-08-06T10:30:49,3.455,3.47,3.455,3.465,8326.0
2025-08-06T10:30:50,3.47,3.47,3.46,3.46,2005.0
2025-08-06T10:30:51,3.4699,3.47,3.46,3.47,15260.0
2025-08-06T10:30:52,3.465,3.48,3.465,3.48,4750.0
2025-08-06T10:30:53,3.49,3.5,3.488,3.5,17233.0
2025-08-06T10:30:54,3.5,3.5,3.4797,3.4797,9573.0
2025-08-06T10:30:55,3.47,3.49,3.47,3.4888,7580.0
2025-08-06T10:30:56,3.4899,3.49,3.475,3.475,4885.0
2025-08-06T10:30:57,3.4798,3.54,3.4798,3.54,59094.0
2025-08-06T10:30:58,3.5289,3.54,3.52,3.5395,26627.0
2025-08-06T10:30:59,3.5299,3.53,3.5,3.52,14072.0
2025-08-06T10:31:00,3.5104,3.52,3.5104,3.52,3836.0
2025-08-06T10:31:01,3.5149,3.52,3.5,3.5,10959.0
2025-08-06T10:31:02,3.5008,3.51,3.5007,3.51,3951.0
2025-08-06T10:31:03,3.5012,3.51,3.5,3.5,14239.0
2025-08-06T10:31:04,3.4912,3.5,3.4897,3.49,13928.0
2025-08-06T10:31:05,3.49,3.49,3.4699,3.4699,20845.0
2025-08-06T10:31:06,3.47,3.48,3.4611,3.4706,2857.0
2025-08-06T10:31:07,3.475,3.48,3.4707,3.475,8484.0
2025-08-06T10:31:08,3.47,3.48,3.465,3.48,3446.0
2025-08-06T10:31:09,3.475,3.475,3.46,3.47,4033.0
2025-08-06T10:31:10,3.4655,3.49,3.4655,3.48,13600.0
2025-08-06T10:31:11,3.49,3.49,3.4899,3.49,551.0
2025-08-06T10:31:12,3.49,3.5,3.49,3.4988,2498.0
2025-08-06T10:31:13,3.5,3.5,3.49,3.5,5670.0
2025-08-06T10:31:14,3.49,3.5,3.4899,3.5,7899.0
2025-08-06T10:31:15,3.4901,3.4901,3.4901,3.4901,395.0
2025-08-06T10:31:16,3.5,3.5,3.4854,3.488,3316.0
2025-08-06T10:31:17,3.48,3.49,3.47,3.475,14527.0
2025-08-06T10:31:18,3.47,3.48,3.47,3.4712,3601.0
2025-08-06T10:31:19,3.48,3.48,3.47,3.4711,2952.0
2025-08-06T10:31:20,3.47,3.4799,3.47,3.4701,3296.0
2025-08-06T10:31:21,3.47,3.48,3.47,3.4789,900.0
2025-08-06T10:31:22,3.4701,3.4701,3.4701,3.4701,212.0
2025-08-06T10:31:23,3.48,3.48,3.4777,3.48,2181.0
2025-08-06T10:31:24,3.47,3.4812,3.47,3.475,8836.0
2025-08-06T10:31:25,3.4788,3.4788,3.4788,3.4788,609.0
2025-08-06T10:31:26,3.4712,3.48,3.4701,3.4701,5567.0
2025-08-06T10:31:27,3.4707,3.48,3.47,3.47,3867.0
2025-08-06T10:31:28,3.46,3.47,3.458,3.46,4946.0
2025-08-06T10:31:29,3.45,3.47,3.45,3.46,17003.0
2025-08-06T10:31:30,3.47,3.47,3.4693,3.4699,3986.0
2025-08-06T10:31:31,3.465,3.4688,3.44,3.44,14998.0
2025-08-06T10:31:32,3.4391,3.45,3.43,3.44,7454.0
2025-08-06T10:31:33,3.44,3.46,3.44,3.4563,3369.0
2025-08-06T10:31:34,3.45,3.45,3.45,3.45,1868.0
2025-08-06T10:31:35,3.45,3.46,3.45,3.46,4866.0
2025-08-06T10:31:36,3.46,3.4687,3.45,3.4687,1747.0
2025-08-06T10:31:37,3.46,3.46,3.46,3.46,209.0
2025-08-06T10:31:39,3.465,3.47,3.4511,3.4511,1435.0
2025-08-06T10:31:40,3.46,3.46,3.4599,3.4599,2105.0
2025-08-06T10:31:42,3.4611,3.4611,3.4611,3.4611,131.0
2025-08-06T10:31:43,3.46,3.461,3.46,3.46,1493.0
2025-08-06T10:31:44,3.47,3.47,3.4645,3.4699,750.0
2025-08-06T10:31:45,3.465,3.465,3.46,3.46,9262.0
2025-08-06T10:31:46,3.4571,3.4571,3.4571,3.4571,166.0
2025-08-06T10:31:47,3.45,3.4588,3.45,3.45,1859.0
2025-08-06T10:31:48,3.45,3.4599,3.45,3.45,1901.0
2025-08-06T10:31:49,3.45,3.455,3.45,3.455,1987.0
2025-08-06T10:31:50,3.46,3.46,3.45,3.4512,2150.0
2025-08-06T10:31:51,3.46,3.46,3.46,3.46,1401.0
2025-08-06T10:31:52,3.4699,3.47,3.45,3.4699,7838.0
2025-08-06T10:31:53,3.4689,3.4689,3.4689,3.4689,612.0
2025-08-06T10:31:54,3.465,3.47,3.4608,3.47,2386.0
2025-08-06T10:31:55,3.4665,3.4665,3.46,3.46,510.0
2025-08-06T10:31:56,3.47,3.47,3.468,3.4699,605.0
2025-08-06T10:31:57,3.46,3.46,3.46,3.46,1112.0
2025-08-06T10:31:58,3.4688,3.4699,3.4688,3.4693,1523.0
2025-08-06T10:31:59,3.465,3.48,3.46,3.47,11810.0
2025-08-06T10:32:00,3.47,3.47,3.47,3.47,235.0
2025-08-06T10:32:01,3.47,3.4701,3.46,3.469,7085.0
2025-08-06T10:32:02,3.4693,3.4699,3.4612,3.4699,1966.0
2025-08-06T10:32:03,3.4611,3.4699,3.4611,3.4611,1776.0
2025-08-06T10:32:04,3.4697,3.4697,3.4607,3.4607,1100.0
2025-08-06T10:32:05,3.46,3.49,3.46,3.48,21322.0
2025-08-06T10:32:06,3.49,3.49,3.49,3.49,674.0
2025-08-06T10:32:07,3.48,3.48,3.4701,3.4708,1004.0
2025-08-06T10:32:08,3.48,3.49,3.48,3.49,1116.0
2025-08-06T10:32:09,3.48,3.48,3.4788,3.4788,1604.0
2025-08-06T10:32:10,3.4701,3.4789,3.47,3.475,14320.0
2025-08-06T10:32:11,3.47,3.47,3.47,3.47,940.0
2025-08-06T10:32:12,3.465,3.47,3.4591,3.46,10280.0
2025-08-06T10:32:13,3.45,3.4597,3.45,3.4501,3275.0
2025-08-06T10:32:14,3.46,3.47,3.44,3.449,10850.0
2025-08-06T10:32:15,3.4499,3.45,3.443,3.445,1423.0
2025-08-06T10:32:16,3.45,3.45,3.442,3.45,2372.0
2025-08-06T10:32:17,3.4492,3.45,3.442,3.4488,841.0
2025-08-06T10:32:18,3.44,3.44,3.44,3.44,228.0
2025-08-06T10:32:19,3.4488,3.47,3.4488,3.4499,4155.0
2025-08-06T10:32:20,3.4512,3.4597,3.4512,3.4597,897.0
2025-08-06T10:32:21,3.46,3.46,3.4512,3.4512,236.0
2025-08-06T10:32:22,3.45,3.45,3.45,3.45,2503.0
2025-08-06T10:32:23,3.44,3.44,3.42,3.42,13168.0
2025-08-06T10:32:24,3.42,3.422,3.4107,3.42,7501.0
2025-08-06T10:32:25,3.41,3.42,3.41,3.41,11655.0
2025-08-06T10:32:26,3.41,3.43,3.41,3.43,6037.0
2025-08-06T10:32:27,3.4212,3.4289,3.42,3.425,1864.0
2025-08-06T10:32:28,3.422,3.422,3.4201,3.4201,450.0
2025-08-06T10:32:29,3.42,3.425,3.42,3.42,1223.0
2025-08-06T10:32:30,3.4188,3.4199,3.415,3.4199,901.0
2025-08-06T10:32:31,3.4104,3.4191,3.4,3.4035,12854.0
2025-08-06T10:32:32,3.4009,3.4009,3.371,3.371,11177.0
2025-08-06T10:32:33,3.3701,3.4,3.3699,3.3801,21665.0
2025-08-06T10:32:34,3.39,3.42,3.39,3.4,11760.0
2025-08-06T10:32:35,3.4,3.41,3.4,3.4,3737.0
2025-08-06T10:32:36,3.4007,3.41,3.4,3.4,1268.0
2025-08-06T10:32:37,3.39,3.3999,3.39,3.3901,791.0
2025-08-06T10:32:38,3.4,3.4,3.3911,3.4,1815.0
2025-08-06T10:32:39,3.4001,3.4011,3.39,3.39,4925.0
2025-08-06T10:32:40,3.3999,3.3999,3.3911,3.3988,1184.0
2025-08-06T10:32:41,3.4,3.4,3.3988,3.4,1559.0
2025-08-06T10:32:42,3.405,3.41,3.405,3.41,3723.0
2025-08-06T10:32:43,3.4101,3.42,3.4101,3.4112,2913.0
2025-08-06T10:32:44,3.41,3.41,3.41,3.41,111.0
2025-08-06T10:32:45,3.42,3.43,3.41,3.43,3550.0
2025-08-06T10:32:46,3.43,3.47,3.43,3.44,24405.0
2025-08-06T10:32:47,3.4312,3.4491,3.43,3.4491,3443.0
2025-08-06T10:32:48,3.44,3.44,3.44,3.44,2530.0
2025-08-06T10:32:49,3.43,3.44,3.4201,3.4289,2981.0
2025-08-06T10:32:50,3.4212,3.4212,3.4212,3.4212,150.0
2025-08-06T10:32:53,3.4293,3.43,3.4293,3.43,1906.0
2025-08-06T10:32:54,3.43,3.44,3.4207,3.43,8787.0
2025-08-06T10:32:56,3.4307,3.4312,3.43,3.43,1037.0
2025-08-06T10:32:57,3.42,3.43,3.42,3.43,6708.0
2025-08-06T10:32:58,3.4212,3.4299,3.41,3.42,2295.0
2025-08-06T10:32:59,3.4255,3.4255,3.4255,3.4255,195.0
2025-08-06T10:33:00,3.42,3.42,3.42,3.42,402.0
2025-08-06T10:33:01,3.42,3.44,3.42,3.43,2991.0
2025-08-06T10:33:02,3.43,3.43,3.43,3.43,229.0
2025-08-06T10:33:03,3.43,3.43,3.43,3.43,150.0
2025-08-06T10:33:04,3.4312,3.4312,3.4312,3.4312,143.0
2025-08-06T10:33:05,3.4307,3.4307,3.4307,3.4307,683.0
2025-08-06T10:33:06,3.4347,3.4347,3.43,3.4312,1717.0
2025-08-06T10:33:07,3.4289,3.4289,3.4289,3.4289,139.0
2025-08-06T10:33:08,3.4288,3.4288,3.4288,3.4288,329.0
2025-08-06T10:33:09,3.4201,3.4201,3.4,3.42,7229.0
2025-08-06T10:33:10,3.4101,3.4101,3.4101,3.4101,2571.0
2025-08-06T10:33:11,3.4,3.4199,3.4,3.4101,3408.0
2025-08-06T10:33:12,3.41,3.4102,3.4,3.4,10435.0
2025-08-06T10:33:13,3.4,3.4,3.4,3.4,2428.0
2025-08-06T10:33:14,3.4045,3.4088,3.4,3.4,2357.0
2025-08-06T10:33:15,3.4,3.4,3.4,3.4,3313.0
2025-08-06T10:33:18,3.3988,3.3988,3.3945,3.3945,905.0
2025-08-06T10:33:19,3.3999,3.3999,3.3999,3.3999,226.0
2025-08-06T10:33:20,3.395,3.395,3.38,3.38,1869.0
2025-08-06T10:33:21,3.382,3.3899,3.382,3.3899,1231.0
2025-08-06T10:33:22,3.38,3.39,3.36,3.37,12550.0
2025-08-06T10:33:23,3.37,3.42,3.36,3.39,16081.0
2025-08-06T10:33:24,3.3912,3.43,3.391,3.43,3189.0
2025-08-06T10:33:25,3.43,3.45,3.3912,3.45,21652.0
2025-08-06T10:33:26,3.449,3.4493,3.435,3.435,4652.0
2025-08-06T10:33:27,3.44,3.45,3.43,3.43,2073.0
2025-08-06T10:33:28,3.4312,3.445,3.43,3.44,10756.0
2025-08-06T10:33:29,3.445,3.445,3.43,3.43,4879.0
2025-08-06T10:33:30,3.4288,3.4288,3.4288,3.4288,616.0
2025-08-06T10:33:31,3.42,3.4245,3.42,3.42,1123.0
2025-08-06T10:33:33,3.4299,3.4299,3.41,3.41,2294.0
2025-08-06T10:33:34,3.4101,3.4101,3.4101,3.4101,394.0
2025-08-06T10:33:35,3.4135,3.4135,3.4135,3.4135,293.0
2025-08-06T10:33:37,3.42,3.42,3.42,3.42,211.0
2025-08-06T10:33:38,3.4155,3.4212,3.4155,3.4212,2699.0
2025-08-06T10:33:40,3.42,3.4289,3.42,3.421,595.0
2025-08-06T10:33:41,3.42,3.4211,3.42,3.4211,390.0
2025-08-06T10:33:42,3.42,3.4207,3.42,3.4207,2753.0
2025-08-06T10:33:43,3.42,3.4208,3.42,3.4208,423.0
2025-08-06T10:33:46,3.42,3.42,3.42,3.42,179.0
2025-08-06T10:33:47,3.4209,3.4209,3.41,3.41,3479.0
2025-08-06T10:33:50,3.4012,3.4012,3.4012,3.4012,150.0
2025-08-06T10:33:51,3.401,3.43,3.4,3.42,18745.0
2025-08-06T10:33:52,3.42,3.42,3.41,3.411,1940.0
2025-08-06T10:33:53,3.415,3.42,3.41,3.42,3225.0
2025-08-06T10:33:54,3.4188,3.4188,3.4188,3.4188,667.0
2025-08-06T10:33:56,3.4191,3.4191,3.4191,3.4191,119.0
2025-08-06T10:33:57,3.41,3.42,3.41,3.42,1023.0
2025-08-06T10:33:58,3.4111,3.4192,3.4111,3.4112,569.0
2025-08-06T10:33:59,3.4188,3.4188,3.4112,3.4112,1165.0
2025-08-06T10:34:00,3.4147,3.4189,3.41,3.4189,2578.0
2025-08-06T10:34:01,3.415,3.415,3.415,3.415,1215.0
2025-08-06T10:34:02,3.415,3.415,3.41,3.41,779.0
2025-08-06T10:34:03,3.41,3.41,3.41,3.41,106.0
2025-08-06T10:34:04,3.4188,3.4188,3.4188,3.4188,286.0
2025-08-06T10:34:05,3.42,3.439,3.42,3.43,9309.0
2025-08-06T10:34:06,3.4372,3.4372,3.41,3.41,10491.0
2025-08-06T10:34:07,3.415,3.418,3.415,3.418,2132.0
2025-08-06T10:34:08,3.42,3.46,3.42,3.45,13186.0
2025-08-06T10:34:09,3.459,3.4686,3.459,3.46,13568.0
2025-08-06T10:34:10,3.4519,3.47,3.4511,3.4511,4504.0
2025-08-06T10:34:11,3.46,3.46,3.4594,3.46,6400.0
2025-08-06T10:34:12,3.4699,3.4699,3.4699,3.4699,100.0
2025-08-06T10:34:13,3.4687,3.4687,3.45,3.45,6014.0
2025-08-06T10:34:14,3.45,3.4598,3.45,3.4598,801.0
2025-08-06T10:34:15,3.4588,3.46,3.45,3.45,1183.0
2025-08-06T10:34:16,3.46,3.46,3.45,3.4501,2256.0
2025-08-06T10:34:17,3.4492,3.45,3.4492,3.4499,1648.0
2025-08-06T10:34:18,3.45,3.4786,3.45,3.47,11363.0
2025-08-06T10:34:19,3.48,3.509,3.48,3.5001,28020.0
2025-08-06T10:34:20,3.51,3.52,3.5045,3.5107,16105.0
2025-08-06T10:34:21,3.519,3.5199,3.5,3.5036,6931.0
2025-08-06T10:34:22,3.51,3.51,3.48,3.491,7894.0
2025-08-06T10:34:23,3.4999,3.5,3.4999,3.5,776.0
2025-08-06T10:34:24,3.4993,3.4993,3.49,3.495,1700.0
2025-08-06T10:34:25,3.4902,3.51,3.4902,3.51,3563.0
2025-08-06T10:34:26,3.51,3.51,3.49,3.49,7760.0
2025-08-06T10:34:27,3.5,3.51,3.49,3.5012,9981.0
2025-08-06T10:34:28,3.51,3.51,3.5,3.505,3184.0
2025-08-06T10:34:29,3.5012,3.5088,3.49,3.4919,3722.0
2025-08-06T10:34:30,3.4997,3.5,3.4935,3.5,948.0
2025-08-06T10:34:31,3.5,3.5,3.49,3.495,1127.0
2025-08-06T10:34:32,3.4968,3.5,3.49,3.49,15732.0
2025-08-06T10:34:33,3.495,3.495,3.48,3.48,3727.0
2025-08-06T10:34:34,3.4701,3.48,3.47,3.475,2578.0
2025-08-06T10:34:35,3.48,3.48,3.475,3.475,3488.0
2025-08-06T10:34:36,3.4793,3.4799,3.47,3.4786,1288.0
2025-08-06T10:34:37,3.4799,3.4799,3.475,3.475,720.0
2025-08-06T10:34:38,3.47,3.48,3.465,3.47,2549.0
2025-08-06T10:34:40,3.48,3.49,3.48,3.48,4395.0
2025-08-06T10:34:41,3.4899,3.49,3.48,3.49,2876.0
2025-08-06T10:34:43,3.4899,3.5,3.4899,3.5,13792.0
2025-08-06T10:34:44,3.5099,3.51,3.49,3.51,3363.0
2025-08-06T10:34:45,3.5,3.51,3.5,3.51,14055.0
2025-08-06T10:34:46,3.52,3.52,3.5,3.5,9581.0
2025-08-06T10:34:47,3.5013,3.5199,3.49,3.49,5201.0
2025-08-06T10:34:48,3.5,3.51,3.48,3.494105,14137.0
2025-08-06T10:34:49,3.5,3.51,3.48,3.49,8236.0
2025-08-06T10:34:50,3.49,3.5089,3.4899,3.5089,8919.0
2025-08-06T10:34:51,3.5093,3.5093,3.5093,3.5093,1046.0
2025-08-06T10:34:52,3.505,3.5095,3.5012,3.5095,2631.0
2025-08-06T10:34:53,3.5012,3.5012,3.495,3.495,1409.0
2025-08-06T10:34:54,3.498,3.5,3.49,3.5,5539.0
2025-08-06T10:34:55,3.4918,3.5,3.4918,3.495,1640.0
2025-08-06T10:34:56,3.4919,3.4988,3.49,3.497,1900.0
2025-08-06T10:34:57,3.4912,3.4997,3.4912,3.4997,740.0
2025-08-06T10:34:58,3.4901,3.4999,3.49,3.4999,1980.0
2025-08-06T10:34:59,3.4988,3.5,3.4988,3.5,613.0
2025-08-06T10:35:00,3.4993,3.4993,3.4909,3.4988,1113.0
2025-08-06T10:35:01,3.5,3.5,3.495,3.5,1943.0
2025-08-06T10:35:02,3.495,3.5,3.495,3.5,603.0
2025-08-06T10:35:03,3.49,3.4999,3.49,3.4912,551.0
2025-08-06T10:35:04,3.49,3.49,3.49,3.49,363.0
2025-08-06T10:35:05,3.4901,3.4901,3.49,3.49,1994.0
2025-08-06T10:35:06,3.49,3.4901,3.49,3.4901,1169.0
2025-08-06T10:35:07,3.49,3.49,3.4801,3.4894,7561.0
2025-08-06T10:35:08,3.485,3.485,3.485,3.485,950.0
2025-08-06T10:35:09,3.4888,3.49,3.48,3.48,9160.0
2025-08-06T10:35:10,3.4845,3.4845,3.465,3.4711,10152.0
2025-08-06T10:35:11,3.475,3.475,3.47,3.47,264.0
2025-08-06T10:35:12,3.475,3.475,3.4692,3.4692,1069.0
2025-08-06T10:35:13,3.462,3.465,3.45,3.4512,8755.0
2025-08-06T10:35:14,3.4599,3.4996,3.45,3.49,21488.0
2025-08-06T10:35:15,3.4812,3.499,3.4812,3.4981,2579.0
2025-08-06T10:35:16,3.491,3.4953,3.491,3.4953,225.0
2025-08-06T10:35:17,3.4999,3.4999,3.4909,3.495,1258.0
2025-08-06T10:35:18,3.4901,3.4999,3.48,3.4999,5611.0
2025-08-06T10:35:19,3.4815,3.5,3.48,3.5,3080.0
2025-08-06T10:35:20,3.49,3.5,3.49,3.4993,3153.0
2025-08-06T10:35:21,3.495,3.5,3.4912,3.4912,4133.0
2025-08-06T10:35:22,3.5,3.51,3.5,3.51,4716.0
2025-08-06T10:35:23,3.505,3.51,3.5,3.51,5890.0
2025-08-06T10:35:24,3.51,3.5199,3.51,3.5199,4065.0
2025-08-06T10:35:25,3.52,3.5399,3.515,3.5399,28336.0
2025-08-06T10:35:26,3.5399,3.56,3.53,3.55,38604.0
2025-08-06T10:35:27,3.5586,3.57,3.54,3.55,14479.0
2025-08-06T10:35:28,3.5499,3.6299,3.5499,3.55,17233.0
2025-08-06T10:35:29,3.5588,3.5589,3.54,3.55,6132.0
2025-08-06T10:35:30,3.542,3.56,3.542,3.5501,4738.0
2025-08-06T10:35:31,3.5512,3.57,3.5512,3.565,13424.0
2025-08-06T10:35:32,3.56,3.57,3.56,3.57,7739.0
2025-08-06T10:35:33,3.5647,3.57,3.56,3.56,15959.0
2025-08-06T10:35:34,3.57,3.59,3.56,3.56,54654.0
2025-08-06T10:35:35,3.57,3.59,3.56,3.58,15861.0
2025-08-06T10:35:36,3.59,3.59,3.5701,3.58,13437.0
2025-08-06T10:35:37,3.59,3.59,3.58,3.58,6097.0
2025-08-06T10:35:38,3.58,3.59,3.57,3.5701,7824.0
2025-08-06T10:35:39,3.573,3.58,3.56,3.5694,15050.0
2025-08-06T10:35:40,3.57,3.58,3.56,3.5736,8506.0
2025-08-06T10:35:41,3.58,3.58,3.57,3.58,7263.0
2025-08-06T10:35:42,3.57,3.58,3.56,3.56,7719.0
2025-08-06T10:35:43,3.5612,3.57,3.56,3.565,7668.0
2025-08-06T10:35:44,3.5688,3.57,3.56,3.5688,9324.0
2025-08-06T10:35:45,3.5612,3.5612,3.5501,3.5507,3478.0
2025-08-06T10:35:46,3.5588,3.56,3.54,3.549,3820.0
2025-08-06T10:35:47,3.55,3.55,3.54,3.54,3523.0
2025-08-06T10:35:48,3.54,3.55,3.54,3.5446,2685.0
2025-08-06T10:35:49,3.54,3.56,3.54,3.55,2358.0
2025-08-06T10:35:50,3.55,3.555,3.54,3.5412,2203.0
2025-08-06T10:35:51,3.54,3.5497,3.4601,3.53,12835.0
2025-08-06T10:35:52,3.53,3.56,3.53,3.54,8385.0
2025-08-06T10:35:53,3.545,3.56,3.54,3.56,4388.0
2025-08-06T10:35:54,3.5511,3.56,3.55,3.5592,5038.0
2025-08-06T10:35:55,3.555,3.58,3.5509,3.58,10512.0
2025-08-06T10:35:56,3.57,3.58,3.56,3.57,12714.0
2025-08-06T10:35:57,3.57,3.58,3.56,3.5754,16619.0
2025-08-06T10:35:58,3.57,3.57,3.56,3.5694,5193.0
2025-08-06T10:35:59,3.57,3.57,3.5608,3.5612,1226.0
2025-08-06T10:36:00,3.57,3.57,3.55,3.56,7032.0
2025-08-06T10:36:01,3.555,3.56,3.55,3.56,5887.0
2025-08-06T10:36:02,3.55,3.56,3.55,3.5573,7750.0
2025-08-06T10:36:03,3.55,3.5592,3.55,3.5508,2315.0
2025-08-06T10:36:04,3.55,3.5588,3.5407,3.5407,6947.0
2025-08-06T10:36:05,3.5488,3.55,3.5401,3.5401,1034.0
2025-08-06T10:36:06,3.55,3.559,3.55,3.5501,4641.0
2025-08-06T10:36:07,3.5512,3.5599,3.55,3.55,1789.0
2025-08-06T10:36:08,3.56,3.56,3.54,3.5584,2111.0
2025-08-06T10:36:09,3.55,3.5599,3.55,3.55,932.0
2025-08-06T10:36:10,3.5591,3.5591,3.55,3.555,652.0
2025-08-06T10:36:11,3.56,3.58,3.56,3.575,12478.0
2025-08-06T10:36:12,3.575,3.58,3.57,3.57,8497.0
2025-08-06T10:36:13,3.58,3.58,3.57,3.5793,12690.0
2025-08-06T10:36:14,3.58,3.58,3.57,3.5712,20666.0
2025-08-06T10:36:15,3.58,3.59,3.57,3.5797,24891.0
2025-08-06T10:36:16,3.578,3.5788,3.575,3.5788,596.0
2025-08-06T10:36:17,3.579,3.58,3.57,3.58,5192.0
2025-08-06T10:36:18,3.58,3.58,3.5788,3.58,6069.0
2025-08-06T10:36:19,3.5747,3.58,3.57,3.57,7350.0
2025-08-06T10:36:20,3.58,3.58,3.57,3.57,1388.0
2025-08-06T10:36:21,3.5755,3.5799,3.5712,3.5789,2208.0
2025-08-06T10:36:22,3.575,3.58,3.56,3.57,13514.0
2025-08-06T10:36:23,3.58,3.58,3.5605,3.5605,8996.0
2025-08-06T10:36:24,3.56,3.57,3.56,3.5688,7022.0
2025-08-06T10:36:25,3.5699,3.5699,3.56,3.5607,1722.0
2025-08-06T10:36:26,3.57,3.58,3.5645,3.58,12812.0
2025-08-06T10:36:27,3.58,3.58,3.56,3.5691,10177.0
2025-08-06T10:36:28,3.565,3.5699,3.55,3.55,10816.0
2025-08-06T10:36:29,3.55,3.56,3.55,3.5507,5341.0
2025-08-06T10:36:30,3.55,3.5536,3.52,3.5212,38223.0
2025-08-06T10:36:31,3.53,3.5301,3.53,3.53,3962.0
2025-08-06T10:36:32,3.5301,3.5407,3.53,3.5407,7338.0
2025-08-06T10:36:33,3.54,3.5411,3.53,3.5346,3132.0
2025-08-06T10:36:34,3.53,3.5384,3.53,3.5301,7777.0
2025-08-06T10:36:35,3.53,3.5395,3.52,3.5282,11106.0
2025-08-06T10:36:36,3.5299,3.55,3.5299,3.5405,19394.0
2025-08-06T10:36:37,3.54,3.54,3.54,3.54,3987.0
2025-08-06T10:36:38,3.53,3.55,3.53,3.54,6451.0
2025-08-06T10:36:39,3.5488,3.5488,3.5309,3.54,3588.0
2025-08-06T10:36:40,3.5497,3.5497,3.535,3.5401,2093.0
2025-08-06T10:36:41,3.5389,3.54,3.5301,3.54,1483.0
2025-08-06T10:36:42,3.5345,3.5489,3.5345,3.5489,3103.0
2025-08-06T10:36:43,3.5499,3.5499,3.5499,3.5499,1046.0
2025-08-06T10:36:44,3.5497,3.55,3.54,3.54,5407.0
2025-08-06T10:36:45,3.54,3.54,3.54,3.54,1201.0
2025-08-06T10:36:46,3.54,3.545,3.54,3.5436,3277.0
2025-08-06T10:36:47,3.538,3.54,3.53,3.53,5776.0
2025-08-06T10:36:48,3.5301,3.5454,3.53,3.54,10894.0
2025-08-06T10:36:49,3.5388,3.5399,3.5388,3.5399,345.0
2025-08-06T10:36:50,3.54,3.54,3.5338,3.54,1434.0
2025-08-06T10:36:51,3.5341,3.5341,3.5341,3.5341,122.0
2025-08-06T10:36:52,3.535,3.535,3.52,3.52,4046.0
2025-08-06T10:36:53,3.53,3.53,3.52,3.52,16065.0
2025-08-06T10:36:54,3.5297,3.5297,3.52,3.52,2770.0
2025-08-06T10:36:55,3.525,3.54,3.52,3.5301,20168.0
2025-08-06T10:36:56,3.54,3.542,3.54,3.54,2734.0
2025-08-06T10:36:57,3.53,3.545,3.53,3.5393,2215.0
2025-08-06T10:36:58,3.5345,3.5345,3.52,3.525,8297.0
2025-08-06T10:36:59,3.53,3.53,3.52,3.52,7388.0
2025-08-06T10:37:00,3.52,3.525,3.52,3.52,3086.0
2025-08-06T10:37:01,3.5201,3.53,3.52,3.53,2251.0
2025-08-06T10:37:02,3.5245,3.5245,3.52,3.52,4162.0
2025-08-06T10:37:03,3.5211,3.5299,3.52,3.52,4690.0
2025-08-06T10:37:04,3.525,3.54,3.5208,3.53,1856.0
2025-08-06T10:37:05,3.53,3.53,3.52,3.52,5857.0
2025-08-06T10:37:06,3.5255,3.57,3.52,3.551,45146.0
2025-08-06T10:37:07,3.547,3.5694,3.547,3.5694,20006.0
2025-08-06T10:37:08,3.57,3.59,3.57,3.58,29413.0
2025-08-06T10:37:09,3.58,3.59,3.58,3.58,12318.0
2025-08-06T10:37:10,3.589,3.59,3.58,3.58,1436.0
2025-08-06T10:37:11,3.5797,3.5797,3.5609,3.5609,2185.0
2025-08-06T10:37:12,3.56,3.57,3.55,3.5687,12226.0
2025-08-06T10:37:13,3.56,3.56,3.5501,3.5501,1129.0
2025-08-06T10:37:14,3.56,3.57,3.5513,3.5699,3380.0
2025-08-06T10:37:15,3.565,3.57,3.565,3.5697,766.0
2025-08-06T10:37:16,3.565,3.57,3.56,3.5692,3446.0
2025-08-06T10:37:17,3.5612,3.57,3.5601,3.5601,8373.0
2025-08-06T10:37:18,3.568,3.5786,3.565,3.5786,3792.0
2025-08-06T10:37:19,3.57,3.59,3.57,3.5893,36048.0
2025-08-06T10:37:20,3.5812,3.59,3.5812,3.5898,10038.0
2025-08-06T10:37:21,3.5899,3.59,3.5801,3.5898,1921.0
2025-08-06T10:37:22,3.5899,3.59,3.57,3.58,10222.0
2025-08-06T10:37:23,3.5899,3.59,3.58,3.59,1958.0
2025-08-06T10:37:24,3.58,3.5888,3.58,3.58,5749.0
2025-08-06T10:37:25,3.585,3.59,3.5801,3.5801,1349.0
2025-08-06T10:37:26,3.5854,3.59,3.58,3.585,1386.0
2025-08-06T10:37:27,3.58,3.5899,3.57,3.58,12108.0
2025-08-06T10:37:28,3.5877,3.589906,3.58,3.58,7484.0
2025-08-06T10:37:29,3.5888,3.59,3.58,3.59,4441.0
2025-08-06T10:37:30,3.58,3.5884,3.57,3.5715,11863.0
2025-08-06T10:37:31,3.57,3.59,3.57,3.5788,12830.0
2025-08-06T10:37:32,3.57,3.5799,3.57,3.5701,1826.0
2025-08-06T10:37:33,3.575,3.575,3.5701,3.575,419.0
2025-08-06T10:37:34,3.575,3.5799,3.575,3.5799,1453.0
2025-08-06T10:37:35,3.57,3.5702,3.57,3.5702,1670.0
2025-08-06T10:37:36,3.575,3.575,3.57,3.57,795.0
2025-08-06T10:37:37,3.57,3.59,3.57,3.58,19306.0
2025-08-06T10:37:38,3.5801,3.5899,3.5801,3.5899,3457.0
2025-08-06T10:37:39,3.585,3.59,3.58,3.5801,7167.0
2025-08-06T10:37:40,3.59,3.59,3.5812,3.5812,4656.0
2025-08-06T10:37:41,3.5898,3.59,3.5801,3.59,6643.0
2025-08-06T10:37:42,3.59,3.63,3.59,3.629,65969.0
2025-08-06T10:37:43,3.6299,3.64,3.6212,3.6299,22464.0
2025-08-06T10:37:44,3.6245,3.64,3.61,3.61,10454.0
2025-08-06T10:37:45,3.6199,3.62,3.61,3.6108,20408.0
2025-08-06T10:37:46,3.6188,3.62,3.6135,3.6199,8067.0
2025-08-06T10:37:47,3.6188,3.63,3.6112,3.63,2810.0
2025-08-06T10:37:48,3.6288,3.6292,3.612,3.612,5073.0
2025-08-06T10:37:49,3.6199,3.6199,3.61,3.618,4865.0
2025-08-06T10:37:50,3.6189,3.6189,3.6109,3.6109,543.0
2025-08-06T10:37:51,3.615,3.62,3.61,3.61,2976.0
2025-08-06T10:37:52,3.61,3.6101,3.59,3.5992,20572.0
2025-08-06T10:37:53,3.59,3.59,3.58,3.5845,16174.0
2025-08-06T10:37:54,3.5889,3.6,3.58,3.59,8501.0
2025-08-06T10:37:55,3.5918,3.6,3.5918,3.5988,4590.0
2025-08-06T10:37:56,3.6,3.6,3.597,3.5993,1034.0
2025-08-06T10:37:57,3.6,3.6,3.585,3.5993,30057.0
2025-08-06T10:37:58,3.6,3.61,3.59,3.59,4652.0
2025-08-06T10:37:59,3.6,3.61,3.598798,3.6035,24436.0
2025-08-06T10:38:00,3.61,3.62,3.6088,3.62,7670.0
2025-08-06T10:38:01,3.62,3.63,3.615,3.63,3807.0
2025-08-06T10:38:02,3.63,3.64,3.6289,3.64,11877.0
2025-08-06T10:38:03,3.635,3.64,3.63,3.6392,7131.0
2025-08-06T10:38:04,3.63,3.64,3.63,3.63,19457.0
2025-08-06T10:38:05,3.63,3.6312,3.61,3.6211,31865.0
2025-08-06T10:38:06,3.62,3.62,3.6,3.6111,7056.0
2025-08-06T10:38:07,3.615,3.6186,3.6,3.61,27042.0
2025-08-06T10:38:08,3.607,3.6393,3.607,3.63,6543.0
2025-08-06T10:38:09,3.63,3.64,3.63,3.639,8085.0
2025-08-06T10:38:10,3.6347,3.64,3.63,3.6399,10940.0
2025-08-06T10:38:11,3.635,3.64,3.63,3.64,15907.0
2025-08-06T10:38:12,3.64,3.64,3.63,3.6388,7826.0
2025-08-06T10:38:13,3.63,3.64,3.62,3.635,14939.0
2025-08-06T10:38:14,3.635,3.635,3.62,3.63,1877.0
2025-08-06T10:38:15,3.625,3.63,3.62,3.625,6604.0
2025-08-06T10:38:16,3.6298,3.63,3.62,3.63,7884.0
2025-08-06T10:38:17,3.6207,3.6255,3.59,3.59,28634.0
2025-08-06T10:38:18,3.595,3.605,3.59,3.59,10210.0
2025-08-06T10:38:19,3.6,3.61,3.59,3.61,10289.0
2025-08-06T10:38:20,3.6065,3.62,3.6,3.6107,2408.0
2025-08-06T10:38:21,3.61,3.62,3.6001,3.61,14118.0
2025-08-06T10:38:22,3.61,3.6101,3.5401,3.57,39379.0
2025-08-06T10:38:23,3.5709,3.5883,3.57,3.58,27235.0
2025-08-06T10:38:24,3.59,3.59,3.57,3.5892,7502.0
2025-08-06T10:38:25,3.5894,3.5894,3.57,3.5797,4673.0
2025-08-06T10:38:26,3.57,3.5789,3.57,3.57,1029.0
2025-08-06T10:38:27,3.5709,3.58,3.54,3.545,29381.0
2025-08-06T10:38:28,3.545,3.55,3.54,3.5491,3084.0
2025-08-06T10:38:29,3.5445,3.56,3.54,3.54,7228.0
2025-08-06T10:38:30,3.56,3.5601,3.55,3.555,8100.0
2025-08-06T10:38:31,3.558,3.558,3.53,3.5455,12815.0
2025-08-06T10:38:32,3.54,3.55,3.53,3.55,3868.0
2025-08-06T10:38:33,3.55,3.55,3.54,3.54,6320.0
2025-08-06T10:38:34,3.54,3.545,3.54,3.54,2606.0
2025-08-06T10:38:35,3.54,3.5493,3.54,3.5493,1301.0
2025-08-06T10:38:36,3.545,3.5597,3.545,3.555,3233.0
2025-08-06T10:38:37,3.55,3.55,3.53,3.5393,11222.0
2025-08-06T10:38:38,3.539,3.5493,3.53,3.5493,17249.0
2025-08-06T10:38:39,3.54,3.55,3.54,3.55,5565.0
2025-08-06T10:38:40,3.5412,3.56,3.5412,3.5501,2290.0
2025-08-06T10:38:41,3.56,3.56,3.55,3.55,361.0
2025-08-06T10:38:42,3.5599,3.56,3.55,3.5512,770.0
2025-08-06T10:38:43,3.56,3.57,3.5585,3.56,5061.0
2025-08-06T10:38:44,3.565,3.5699,3.565,3.5699,1452.0
2025-08-06T10:38:45,3.565,3.58,3.565,3.58,2836.0
2025-08-06T10:38:46,3.58,3.58,3.5712,3.58,1040.0
2025-08-06T10:38:47,3.5799,3.59,3.5798,3.59,4149.0
2025-08-06T10:38:48,3.59,3.59,3.59,3.59,9387.0
2025-08-06T10:38:49,3.59,3.6,3.59,3.6,9744.0
2025-08-06T10:38:50,3.6,3.62,3.5999,3.62,19299.0
2025-08-06T10:38:51,3.62,3.62,3.6007,3.62,20718.0
2025-08-06T10:38:52,3.62,3.63,3.62,3.628,12061.0
2025-08-06T10:38:53,3.6254,3.6299,3.62,3.62,8901.0
2025-08-06T10:38:54,3.6101,3.62,3.6101,3.62,11686.0
2025-08-06T10:38:55,3.62,3.62,3.61,3.61,3007.0
2025-08-06T10:38:56,3.61,3.62,3.6,3.61,2589.0
2025-08-06T10:38:57,3.61,3.61,3.59,3.59,3339.0
2025-08-06T10:38:58,3.5905,3.61,3.5905,3.605,8291.0
2025-08-06T10:38:59,3.6,3.61,3.6,3.6,3893.0
2025-08-06T10:39:00,3.6,3.6087,3.6,3.6,6090.0
2025-08-06T10:39:01,3.6095,3.61,3.6007,3.61,2745.0
2025-08-06T10:39:02,3.6009,3.6009,3.5812,3.5812,8432.0
2025-08-06T10:39:03,3.5893,3.59,3.57,3.59,10311.0
2025-08-06T10:39:04,3.59,3.59,3.57,3.58,9565.0
2025-08-06T10:39:05,3.57,3.5736,3.56,3.5601,5696.0
2025-08-06T10:39:06,3.5688,3.5691,3.5612,3.569,1245.0
2025-08-06T10:39:07,3.565,3.565,3.565,3.565,812.0
2025-08-06T10:39:08,3.57,3.57,3.5698,3.57,3016.0
2025-08-06T10:39:09,3.5799,3.5799,3.5701,3.5701,2555.0
2025-08-06T10:39:10,3.5712,3.5712,3.57,3.57,753.0
2025-08-06T10:39:11,3.572,3.58,3.572,3.58,518.0
2025-08-06T10:39:12,3.5709,3.58,3.56,3.56,3673.0
2025-08-06T10:39:13,3.5699,3.575,3.5688,3.57,7301.0
2025-08-06T10:39:14,3.5712,3.5712,3.57,3.57,868.0
2025-08-06T10:39:15,3.58,3.5899,3.58,3.5899,7278.0
2025-08-06T10:39:16,3.59,3.5981,3.59,3.5981,4939.0
2025-08-06T10:39:17,3.5811,3.6,3.5811,3.6,6830.0
2025-08-06T10:39:18,3.5982,3.6,3.5982,3.6,4319.0
2025-08-06T10:39:19,3.61,3.62,3.61,3.62,10210.0
2025-08-06T10:39:20,3.6171,3.6189,3.615,3.615,894.0
2025-08-06T10:39:21,3.6199,3.62,3.61,3.6136,3484.0
2025-08-06T10:39:22,3.61,3.6153,3.6,3.6011,5364.0
2025-08-06T10:39:23,3.61,3.61,3.61,3.61,923.0
2025-08-06T10:39:24,3.605,3.6088,3.605,3.605,2045.0
2025-08-06T10:39:25,3.6012,3.6093,3.6,3.6093,2319.0
2025-08-06T10:39:26,3.6,3.6,3.59,3.5999,9620.0
2025-08-06T10:39:27,3.5907,3.61,3.59,3.6098,12024.0
2025-08-06T10:39:28,3.602,3.61,3.59,3.59,7639.0
2025-08-06T10:39:29,3.59,3.6012,3.58,3.5899,8770.0
2025-08-06T10:39:30,3.59,3.62,3.5888,3.61,26570.0
2025-08-06T10:39:31,3.62,3.63,3.61,3.63,28376.0
2025-08-06T10:39:32,3.63,3.64,3.615,3.6385,24760.0
2025-08-06T10:39:33,3.631,3.66,3.62,3.66,56243.0
2025-08-06T10:39:34,3.66,3.7,3.65,3.67,61258.0
2025-08-06T10:39:35,3.675,3.69,3.67,3.6799,5157.0
2025-08-06T10:39:36,3.6795,3.68,3.66,3.67,9683.0
2025-08-06T10:39:37,3.6653,3.6689,3.65,3.66,18116.0
2025-08-06T10:39:38,3.6609,3.6635,3.65,3.65,10127.0
2025-08-06T10:39:39,3.65,3.66,3.64,3.64,17508.0
2025-08-06T10:39:40,3.6588,3.6588,3.64,3.6488,8389.0
2025-08-06T10:39:41,3.645,3.6499,3.6401,3.6401,3493.0
2025-08-06T10:39:42,3.6401,3.65,3.64,3.64,902.0
2025-08-06T10:39:43,3.6499,3.65,3.64,3.65,8146.0
2025-08-06T10:39:44,3.6507,3.66,3.64,3.66,5722.0
2025-08-06T10:39:45,3.66,3.69,3.65,3.69,16771.0
2025-08-06T10:39:46,3.6809,3.7,3.6809,3.7,14585.0
2025-08-06T10:39:47,3.695,3.7,3.67,3.67,14368.0
2025-08-06T10:39:48,3.68,3.6988,3.6705,3.68,10814.0
2025-08-06T10:39:49,3.685,3.685,3.6601,3.67,32172.0
2025-08-06T10:39:50,3.67,3.6799,3.64,3.65,14765.0
2025-08-06T10:39:51,3.64,3.675,3.64,3.6607,7807.0
2025-08-06T10:39:52,3.665,3.67,3.66,3.6699,8592.0
2025-08-06T10:39:53,3.66,3.69,3.66,3.69,14290.0
2025-08-06T10:39:54,3.69,3.7,3.68,3.68,32260.0
2025-08-06T10:39:55,3.69,3.7,3.68,3.69,15211.0
2025-08-06T10:39:56,3.6891,3.7,3.68,3.68,28334.0
2025-08-06T10:39:57,3.685,3.6899,3.67,3.6888,5820.0
2025-08-06T10:39:58,3.68,3.68,3.671,3.6789,3583.0
2025-08-06T10:39:59,3.675,3.7,3.675,3.6999,18008.0
2025-08-06T10:40:00,3.6912,3.6992,3.67,3.68,18652.0
2025-08-06T10:40:01,3.6707,3.68,3.66,3.66,27681.0
2025-08-06T10:40:02,3.67,3.68,3.66,3.6797,12967.0
2025-08-06T10:40:03,3.67,3.6799,3.66,3.6689,9402.0
2025-08-06T10:40:04,3.67,3.68,3.6001,3.6701,23681.0
2025-08-06T10:40:05,3.67,3.68,3.665,3.6699,3695.0
2025-08-06T10:40:06,3.67,3.68,3.67,3.67,5427.0
2025-08-06T10:40:07,3.67,3.67,3.665,3.6698,3646.0
2025-08-06T10:40:08,3.67,3.68,3.6688,3.67,11151.0
2025-08-06T10:40:09,3.6799,3.68,3.67,3.68,13834.0
2025-08-06T10:40:10,3.67,3.6712,3.66,3.6609,7099.0
2025-08-06T10:40:11,3.6609,3.68,3.6607,3.6712,9859.0
2025-08-06T10:40:12,3.68,3.68,3.67,3.6712,1990.0
2025-08-06T10:40:13,3.6799,3.6799,3.67,3.67,880.0
2025-08-06T10:40:14,3.68,3.72,3.68,3.71,35393.0
2025-08-06T10:40:15,3.72,3.73,3.69,3.72,39349.0
2025-08-06T10:40:16,3.72,3.74,3.71,3.73,24855.0
2025-08-06T10:40:17,3.73,3.74,3.7101,3.72,17814.0
2025-08-06T10:40:18,3.725,3.7355,3.7,3.7012,27632.0
2025-08-06T10:40:19,3.7,3.71,3.7,3.71,16773.0
2025-08-06T10:40:20,3.7,3.7088,3.69,3.6988,11639.0
2025-08-06T10:40:21,3.6899,3.7,3.68,3.7,10551.0
2025-08-06T10:40:22,3.7,3.7,3.6901,3.6999,11176.0
2025-08-06T10:40:23,3.6991,3.7,3.69,3.7,7705.0
2025-08-06T10:40:24,3.7,3.71,3.69,3.7007,9301.0
2025-08-06T10:40:25,3.7,3.71,3.7,3.7,14502.0
2025-08-06T10:40:26,3.7093,3.71,3.7045,3.7045,1469.0
2025-08-06T10:40:27,3.7055,3.71,3.7,3.709,9155.0
2025-08-06T10:40:28,3.71,3.71,3.7,3.7098,2573.0
2025-08-06T10:40:29,3.705,3.71,3.7001,3.7045,6729.0
2025-08-06T10:40:30,3.71,3.73,3.7,3.73,14212.0
2025-08-06T10:40:31,3.725,3.73,3.7073,3.7299,11704.0
2025-08-06T10:40:32,3.73,3.73,3.72,3.725,12222.0
2025-08-06T10:40:33,3.729,3.7393,3.72,3.7389,3264.0
2025-08-06T10:40:34,3.73,3.74,3.73,3.7309,10081.0
2025-08-06T10:40:35,3.73,3.74,3.7299,3.74,15337.0
2025-08-06T10:40:36,3.73,3.74,3.73,3.74,4857.0
2025-08-06T10:40:37,3.7383,3.77,3.73,3.7603,65212.0
2025-08-06T10:40:38,3.769,3.77,3.75,3.76,42244.0
2025-08-06T10:40:39,3.7699,3.77,3.73,3.73,22607.0
2025-08-06T10:40:40,3.7309,3.76,3.73,3.7301,27384.0
2025-08-06T10:40:41,3.74,3.74,3.68,3.68,59169.0
2025-08-06T10:40:42,3.68,3.71,3.68,3.7,12446.0
2025-08-06T10:40:43,3.71,3.71,3.67,3.6792,20785.0
2025-08-06T10:40:44,3.67,3.68,3.67,3.68,16493.0
2025-08-06T10:40:45,3.671,3.69,3.67,3.67,16510.0
2025-08-06T10:40:46,3.6789,3.68,3.67,3.675,3881.0
2025-08-06T10:40:47,3.67,3.68,3.665,3.6699,11669.0
2025-08-06T10:40:48,3.67,3.68,3.66,3.6745,40500.0
2025-08-06T10:40:49,3.6702,3.68,3.66,3.68,18361.0
2025-08-06T10:40:50,3.67,3.7,3.66,3.6688,27548.0
2025-08-06T10:40:51,3.67,3.6799,3.67,3.6712,3538.0
2025-08-06T10:40:52,3.68,3.68,3.67,3.67,6587.0
2025-08-06T10:40:53,3.68,3.68,3.67,3.6701,4651.0
2025-08-06T10:40:54,3.6789,3.68,3.66,3.67,21578.0
2025-08-06T10:40:55,3.6688,3.6712,3.66,3.66,3958.0
2025-08-06T10:40:56,3.67,3.6799,3.6688,3.67,7557.0
2025-08-06T10:40:57,3.67,3.68,3.67,3.6797,8093.0
2025-08-06T10:40:58,3.67,3.69,3.67,3.6847,9027.0
2025-08-06T10:40:59,3.68,3.68,3.6793,3.6793,2353.0
2025-08-06T10:41:00,3.6712,3.6799,3.67,3.675,1395.0
2025-08-06T10:41:01,3.68,3.68,3.67,3.67,2343.0
2025-08-06T10:41:02,3.675,3.675,3.67,3.67,954.0
2025-08-06T10:41:03,3.68,3.68,3.67,3.68,26032.0
2025-08-06T10:41:04,3.6796,3.68,3.66,3.67,15015.0
2025-08-06T10:41:05,3.67,3.67,3.61,3.63,39504.0
2025-08-06T10:41:06,3.63,3.65,3.5401,3.61,34489.0
2025-08-06T10:41:07,3.6193,3.62,3.61,3.615,8836.0
2025-08-06T10:41:08,3.618,3.6211,3.61,3.62,8412.0
2025-08-06T10:41:09,3.6209,3.63,3.61,3.62,4419.0
2025-08-06T10:41:10,3.615,3.64,3.61,3.64,9507.0
2025-08-06T10:41:11,3.64,3.64,3.63,3.64,5543.0
2025-08-06T10:41:12,3.64,3.65,3.6355,3.639,8980.0
2025-08-06T10:41:13,3.635,3.635,3.63,3.63,456.0
2025-08-06T10:41:14,3.63,3.63,3.62,3.6299,16481.0
2025-08-06T10:41:15,3.63,3.63,3.61,3.62,12894.0
2025-08-06T10:41:16,3.62,3.62,3.61,3.62,3206.0
2025-08-06T10:41:17,3.62,3.63,3.6112,3.63,4963.0
2025-08-06T10:41:18,3.63,3.64,3.62,3.63,6276.0
2025-08-06T10:41:19,3.6386,3.64,3.63,3.6302,15640.0
2025-08-06T10:41:20,3.63,3.64,3.63,3.64,9738.0
2025-08-06T10:41:21,3.64,3.64,3.6301,3.635,1953.0
2025-08-06T10:41:22,3.635,3.64,3.63,3.63,3145.0
2025-08-06T10:41:23,3.6218,3.63,3.6201,3.63,1991.0
2025-08-06T10:41:24,3.63,3.63,3.625,3.625,636.0
2025-08-06T10:41:25,3.6212,3.63,3.62,3.63,1442.0
2025-08-06T10:41:26,3.62,3.625,3.61,3.61,5751.0
2025-08-06T10:41:27,3.6105,3.6146,3.61,3.61,10613.0
2025-08-06T10:41:28,3.61,3.63,3.61,3.63,4425.0
2025-08-06T10:41:29,3.62,3.6291,3.62,3.6245,6212.0
2025-08-06T10:41:30,3.6293,3.63,3.62,3.6293,2034.0
2025-08-06T10:41:31,3.6212,3.6212,3.62,3.62,562.0
2025-08-06T10:41:32,3.6205,3.63,3.6201,3.6201,5393.0
2025-08-06T10:41:33,3.6209,3.625,3.62,3.6203,1560.0
2025-08-06T10:41:34,3.6289,3.63,3.6265,3.6265,361.0
2025-08-06T10:41:35,3.62,3.63,3.62,3.6288,2263.0
2025-08-06T10:41:36,3.6201,3.6203,3.62,3.6203,947.0
2025-08-06T10:41:37,3.63,3.6301,3.63,3.6301,8156.0
2025-08-06T10:41:38,3.64,3.64,3.63,3.63,1187.0
2025-08-06T10:41:39,3.63,3.64,3.63,3.6389,909.0
2025-08-06T10:41:40,3.64,3.64,3.6355,3.6355,1125.0
2025-08-06T10:41:41,3.63,3.64,3.63,3.6345,2636.0
2025-08-06T10:41:42,3.6389,3.64,3.63,3.6391,966.0
2025-08-06T10:41:43,3.63,3.64,3.63,3.635,6899.0
2025-08-06T10:41:44,3.631,3.631,3.62,3.62,3508.0
2025-08-06T10:41:45,3.625,3.625,3.615,3.619,5618.0
2025-08-06T10:41:46,3.6101,3.62,3.61,3.6112,1314.0
2025-08-06T10:41:47,3.62,3.62,3.61,3.6147,3884.0
2025-08-06T10:41:48,3.61,3.62,3.61,3.62,1902.0
2025-08-06T10:41:49,3.62,3.625,3.62,3.625,4270.0
2025-08-06T10:41:50,3.62,3.63,3.62,3.6291,6465.0
2025-08-06T10:41:51,3.62,3.63,3.62,3.6299,2224.0
2025-08-06T10:41:52,3.63,3.63,3.62,3.62,2817.0
2025-08-06T10:41:53,3.62,3.62,3.62,3.62,5216.0
2025-08-06T10:41:54,3.62,3.62,3.61,3.61,4581.0
2025-08-06T10:41:55,3.6191,3.6191,3.61,3.615,1213.0
2025-08-06T10:41:56,3.61,3.62,3.61,3.62,1723.0
2025-08-06T10:41:57,3.61,3.6199,3.61,3.61,8589.0
2025-08-06T10:41:58,3.61,3.6199,3.61,3.61,1475.0
2025-08-06T10:41:59,3.62,3.62,3.61,3.61,4502.0
2025-08-06T10:42:00,3.625,3.64,3.6,3.61,29817.0
2025-08-06T10:42:01,3.6055,3.6055,3.58,3.5888,20585.0
2025-08-06T10:42:02,3.58,3.59,3.58,3.585,7306.0
2025-08-06T10:42:03,3.5812,3.59,3.55,3.55,48617.0
2025-08-06T10:42:04,3.55,3.57,3.55,3.56,27927.0
2025-08-06T10:42:05,3.5511,3.5592,3.55,3.5512,12923.0
2025-08-06T10:42:06,3.558,3.56,3.52,3.5207,23193.0
2025-08-06T10:42:07,3.525,3.59,3.525,3.55,17478.0
2025-08-06T10:42:08,3.54,3.56,3.54,3.56,5444.0
2025-08-06T10:42:09,3.55,3.5588,3.55,3.55,2189.0
2025-08-06T10:42:10,3.5455,3.55,3.54,3.5458,3490.0
2025-08-06T10:42:11,3.5412,3.5499,3.54,3.5401,1493.0
2025-08-06T10:42:12,3.5493,3.55,3.54,3.54,2129.0
2025-08-06T10:42:13,3.54,3.55,3.54,3.545,1372.0
2025-08-06T10:42:14,3.54,3.54,3.53,3.5399,11322.0
2025-08-06T10:42:15,3.53,3.53,3.51,3.53,10802.0
2025-08-06T10:42:16,3.5299,3.5299,3.51,3.51,8048.0
2025-08-06T10:42:17,3.52,3.5295,3.51,3.5212,29860.0
2025-08-06T10:42:18,3.52,3.54,3.51,3.54,14548.0
2025-08-06T10:42:19,3.53,3.58,3.525,3.578,27048.0
2025-08-06T10:42:20,3.5741,3.59,3.57,3.5899,9196.0
2025-08-06T10:42:21,3.59,3.6,3.5805,3.595,11267.0
2025-08-06T10:42:22,3.599,3.611,3.5907,3.6099,7117.0
2025-08-06T10:42:23,3.61,3.61,3.601,3.609,3835.0
2025-08-06T10:42:24,3.6,3.61,3.5935,3.6,10834.0
2025-08-06T10:42:25,3.6009,3.6045,3.59,3.59,7979.0
2025-08-06T10:42:26,3.59,3.59,3.59,3.59,435.0
2025-08-06T10:42:27,3.5993,3.6,3.59,3.597,1451.0
2025-08-06T10:42:28,3.5999,3.5999,3.5999,3.5999,551.0
2025-08-06T10:42:29,3.6,3.6096,3.6,3.6089,5286.0
2025-08-06T10:42:30,3.6099,3.61,3.6,3.6099,13734.0
2025-08-06T10:42:31,3.615,3.64,3.615,3.64,10344.0
2025-08-06T10:42:32,3.639,3.639,3.61,3.63,8729.0
2025-08-06T10:42:33,3.63,3.63,3.6,3.6093,9977.0
2025-08-06T10:42:34,3.61,3.61,3.6,3.6,4806.0
2025-08-06T10:42:35,3.6045,3.6045,3.6,3.6,280.0
2025-08-06T10:42:36,3.61,3.61,3.61,3.61,1289.0
2025-08-06T10:42:37,3.605,3.605,3.59,3.6,2568.0
2025-08-06T10:42:38,3.5991,3.6,3.59,3.59,659.0
2025-08-06T10:42:39,3.5988,3.5988,3.5988,3.5988,742.0
2025-08-06T10:42:40,3.59,3.5904,3.57,3.5801,19545.0
2025-08-06T10:42:41,3.58,3.5801,3.57,3.5788,8869.0
2025-08-06T10:42:42,3.57,3.5712,3.56,3.5712,4872.0
2025-08-06T10:42:43,3.5779,3.5779,3.5779,3.5779,570.0
2025-08-06T10:42:44,3.57,3.5701,3.57,3.57,1800.0
2025-08-06T10:42:45,3.56,3.565,3.56,3.565,1882.0
2025-08-06T10:42:46,3.5655,3.5709,3.5612,3.5612,4217.0
2025-08-06T10:42:47,3.58,3.58,3.57,3.57,4230.0
2025-08-06T10:42:48,3.5601,3.5696,3.55,3.5609,14408.0
2025-08-06T10:42:49,3.5601,3.5608,3.56,3.5608,6589.0
2025-08-06T10:42:50,3.565,3.5699,3.565,3.5688,1649.0
2025-08-06T10:42:51,3.565,3.5699,3.56,3.5612,13315.0
2025-08-06T10:42:52,3.5517,3.57,3.55,3.56,3845.0
2025-08-06T10:42:53,3.552,3.56,3.55,3.5503,4896.0
2025-08-06T10:42:54,3.55,3.55,3.54,3.5499,7088.0
2025-08-06T10:42:55,3.5499,3.5603,3.5499,3.5603,6912.0
2025-08-06T10:42:56,3.5645,3.5699,3.56,3.5688,4017.0
2025-08-06T10:42:57,3.5609,3.565,3.56,3.5646,1781.0
2025-08-06T10:42:58,3.565,3.565,3.55,3.55,4746.0
2025-08-06T10:42:59,3.55,3.55,3.55,3.55,1693.0
2025-08-06T10:43:00,3.55,3.55,3.55,3.55,729.0
2025-08-06T10:43:01,3.55,3.56,3.55,3.55,11398.0
2025-08-06T10:43:02,3.5588,3.5588,3.5401,3.5401,382.0
2025-08-06T10:43:03,3.5412,3.555,3.5412,3.555,3573.0
2025-08-06T10:43:04,3.55,3.5695,3.55,3.5695,8403.0
2025-08-06T10:43:05,3.5604,3.5683,3.5601,3.565,7443.0
2025-08-06T10:43:06,3.56,3.58,3.56,3.5793,10828.0
2025-08-06T10:43:07,3.578,3.5899,3.575,3.5899,3857.0
2025-08-06T10:43:08,3.58,3.59,3.58,3.5888,2554.0
2025-08-06T10:43:09,3.59,3.59,3.58,3.5846,3830.0
2025-08-06T10:43:10,3.58,3.5802,3.58,3.5802,358.0
2025-08-06T10:43:11,3.5801,3.588,3.58,3.58,565.0
2025-08-06T10:43:12,3.5801,3.5899,3.5801,3.5899,1543.0
2025-08-06T10:43:13,3.5803,3.59,3.5803,3.585,4400.0
2025-08-06T10:43:14,3.58,3.58,3.57,3.57,2188.0
2025-08-06T10:43:15,3.5792,3.5792,3.5701,3.5703,602.0
2025-08-06T10:43:16,3.57,3.579,3.57,3.5701,3221.0
2025-08-06T10:43:17,3.57,3.57,3.57,3.57,164.0
2025-08-06T10:43:18,3.57,3.57,3.565,3.565,2397.0
2025-08-06T10:43:19,3.57,3.57,3.57,3.57,215.0
2025-08-06T10:43:20,3.565,3.565,3.5606,3.5608,1886.0
2025-08-06T10:43:22,3.56,3.56,3.551,3.551,947.0
2025-08-06T10:43:23,3.555,3.56,3.5501,3.5588,3406.0
2025-08-06T10:43:24,3.551,3.57,3.55,3.565,9966.0
2025-08-06T10:43:25,3.56,3.561,3.53,3.545,15785.0
2025-08-06T10:43:26,3.5445,3.5493,3.5445,3.5493,2757.0
2025-08-06T10:43:27,3.545,3.55,3.53,3.54,3392.0
2025-08-06T10:43:28,3.5301,3.5301,3.52,3.5288,11716.0
2025-08-06T10:43:29,3.5299,3.53,3.52,3.5212,10179.0
2025-08-06T10:43:30,3.52,3.53,3.51,3.52,8982.0
2025-08-06T10:43:31,3.5101,3.52,3.51,3.515,1923.0
2025-08-06T10:43:32,3.5108,3.52,3.43,3.45,95038.0
2025-08-06T10:43:33,3.44,3.46,3.44,3.46,5359.0
2025-08-06T10:43:34,3.47,3.47,3.45,3.4511,9279.0
2025-08-06T10:43:35,3.4599,3.46,3.45,3.46,16254.0
2025-08-06T10:43:36,3.455,3.4692,3.45,3.45,10644.0
2025-08-06T10:43:37,3.4588,3.4599,3.45,3.4545,5306.0
2025-08-06T10:43:38,3.455,3.4593,3.44,3.44,11137.0
2025-08-06T10:43:39,3.44,3.4702,3.44,3.47,10855.0
2025-08-06T10:43:40,3.46,3.48,3.46,3.4799,4131.0
2025-08-06T10:43:41,3.4606,3.4799,3.46,3.47,3008.0
2025-08-06T10:43:42,3.48,3.48,3.46,3.47,4107.0
2025-08-06T10:43:43,3.47,3.47,3.46,3.46,1382.0
2025-08-06T10:43:44,3.46,3.47,3.46,3.461,1897.0
2025-08-06T10:43:45,3.4688,3.4699,3.4612,3.4612,663.0
2025-08-06T10:43:46,3.4607,3.4699,3.4607,3.4609,2392.0
2025-08-06T10:43:47,3.4612,3.49,3.4601,3.4809,11419.0
2025-08-06T10:43:48,3.48,3.4801,3.47,3.48,14577.0
2025-08-06T10:43:49,3.4701,3.485,3.4701,3.485,7457.0
2025-08-06T10:43:50,3.485,3.53,3.485,3.5,19397.0
2025-08-06T10:43:51,3.49,3.5,3.49,3.4999,7545.0
2025-08-06T10:43:52,3.4999,3.4999,3.49,3.491,3364.0
2025-08-06T10:43:53,3.49,3.4988,3.49,3.4988,419.0
2025-08-06T10:43:54,3.49,3.4901,3.47,3.48,6914.0
2025-08-06T10:43:55,3.47,3.4847,3.47,3.47,3192.0
2025-08-06T10:43:56,3.4793,3.48,3.47,3.48,881.0
2025-08-06T10:43:57,3.47,3.48,3.47,3.4765,1511.0
2025-08-06T10:43:58,3.475,3.4799,3.475,3.4799,1743.0
2025-08-06T10:43:59,3.4701,3.4711,3.4701,3.4711,421.0
2025-08-06T10:44:00,3.475,3.475,3.475,3.475,751.0
2025-08-06T10:44:01,3.475,3.475,3.47,3.47,1985.0
2025-08-06T10:44:02,3.4712,3.4712,3.47,3.4711,701.0
2025-08-06T10:44:03,3.47,3.4701,3.47,3.47,2365.0
2025-08-06T10:44:04,3.4789,3.4799,3.47,3.4701,5053.0
2025-08-06T10:44:05,3.47,3.48,3.47,3.48,1478.0
2025-08-06T10:44:06,3.4791,3.4799,3.4701,3.4701,2804.0
2025-08-06T10:44:07,3.47,3.475,3.47,3.475,634.0
2025-08-06T10:44:08,3.48,3.48,3.47,3.4701,1063.0
2025-08-06T10:44:09,3.48,3.48,3.47,3.4712,872.0
2025-08-06T10:44:10,3.47,3.4701,3.45,3.45,17848.0
2025-08-06T10:44:11,3.46,3.46,3.44,3.4401,13860.0
2025-08-06T10:44:12,3.44,3.46,3.44,3.46,14419.0
2025-08-06T10:44:13,3.4601,3.4699,3.4412,3.4699,2799.0
2025-08-06T10:44:14,3.4688,3.4688,3.4688,3.4688,514.0
2025-08-06T10:44:15,3.46,3.46,3.455,3.455,1722.0
2025-08-06T10:44:16,3.4512,3.4612,3.45,3.46,3762.0
2025-08-06T10:44:17,3.4691,3.4691,3.46,3.465,1030.0
2025-08-06T10:44:18,3.4602,3.4616,3.46,3.4611,1604.0
2025-08-06T10:44:19,3.4699,3.4707,3.4612,3.4707,3410.0
2025-08-06T10:44:20,3.4701,3.4712,3.4601,3.4601,2261.0
2025-08-06T10:44:21,3.465,3.47,3.465,3.47,2807.0
2025-08-06T10:44:22,3.4712,3.4789,3.46,3.46,3265.0
2025-08-06T10:44:23,3.465,3.48,3.465,3.4701,3382.0
2025-08-06T10:44:24,3.4788,3.4788,3.472,3.472,672.0
2025-08-06T10:44:25,3.4701,3.4701,3.47,3.47,757.0
2025-08-06T10:44:26,3.475,3.475,3.47,3.475,1516.0
2025-08-06T10:44:27,3.47,3.48,3.47,3.4701,1565.0
2025-08-06T10:44:28,3.48,3.48,3.47,3.47,1231.0
2025-08-06T10:44:29,3.48,3.48,3.471,3.471,1563.0
2025-08-06T10:44:30,3.475,3.48,3.475,3.4799,904.0
2025-08-06T10:44:31,3.4793,3.4793,3.4702,3.4702,824.0
2025-08-06T10:44:32,3.4795,3.4795,3.47,3.47,2195.0
2025-08-06T10:44:33,3.4707,3.48,3.47,3.48,1414.0
2025-08-06T10:44:34,3.48,3.48,3.48,3.48,281.0
2025-08-06T10:44:35,3.4707,3.4707,3.47,3.47,1127.0
2025-08-06T10:44:36,3.475,3.4846,3.475,3.48,12627.0
2025-08-06T10:44:37,3.49,3.49,3.48,3.482,945.0
2025-08-06T10:44:38,3.485,3.485,3.481,3.481,317.0
2025-08-06T10:44:39,3.4855,3.4855,3.4846,3.4846,609.0
2025-08-06T10:44:40,3.4801,3.49,3.4801,3.49,2507.0
2025-08-06T10:44:41,3.485,3.485,3.4788,3.4788,1032.0
2025-08-06T10:44:42,3.475,3.481,3.475,3.48,2207.0
2025-08-06T10:44:44,3.48,3.485,3.48,3.4801,1095.0
2025-08-06T10:44:45,3.48,3.48,3.48,3.48,588.0
2025-08-06T10:44:46,3.4893,3.5,3.475,3.5,14198.0
2025-08-06T10:44:47,3.505,3.505,3.505,3.505,250.0
2025-08-06T10:44:48,3.51,3.52,3.5011,3.5199,7297.0
2025-08-06T10:44:49,3.515,3.52,3.51,3.515,1928.0
2025-08-06T10:44:50,3.51,3.511,3.4945,3.4989,5617.0
2025-08-06T10:44:51,3.4988,3.4988,3.49,3.49,347.0
2025-08-06T10:44:52,3.49,3.491,3.49,3.49,3779.0
2025-08-06T10:44:53,3.48,3.49,3.48,3.49,1198.0
2025-08-06T10:44:54,3.5,3.52,3.5,3.52,12886.0
2025-08-06T10:44:55,3.515,3.53,3.515,3.53,10597.0
2025-08-06T10:44:56,3.535,3.535,3.52,3.53,2563.0
2025-08-06T10:44:57,3.5208,3.5299,3.5208,3.525,3414.0
2025-08-06T10:44:58,3.5165,3.5165,3.5165,3.5165,1174.0
2025-08-06T10:44:59,3.5189,3.52,3.5189,3.52,1397.0
2025-08-06T10:45:00,3.5188,3.5188,3.5188,3.5188,545.0
2025-08-06T10:45:01,3.5164,3.5164,3.5164,3.5164,252.0
2025-08-06T10:45:02,3.5101,3.5112,3.5101,3.5112,329.0
2025-08-06T10:45:03,3.52,3.52,3.5,3.501,4574.0
2025-08-06T10:45:04,3.5093,3.5093,3.5,3.505,2593.0
2025-08-06T10:45:06,3.51,3.51,3.51,3.51,267.0
2025-08-06T10:45:07,3.5012,3.5012,3.48,3.48,8108.0
2025-08-06T10:45:08,3.48,3.48,3.48,3.48,1425.0
2025-08-06T10:45:09,3.4801,3.4888,3.48,3.4855,1522.0
2025-08-06T10:45:10,3.485,3.49,3.485,3.4888,912.0
2025-08-06T10:45:12,3.48,3.48,3.48,3.48,5193.0
2025-08-06T10:45:13,3.485,3.51,3.485,3.505,5539.0
2025-08-06T10:45:14,3.51,3.52,3.51,3.515,3430.0
2025-08-06T10:45:15,3.52,3.52,3.51,3.51,516.0
2025-08-06T10:45:16,3.5101,3.52,3.5101,3.5199,5125.0
2025-08-06T10:45:17,3.5188,3.525,3.5188,3.525,5540.0
2025-08-06T10:45:19,3.529,3.529,3.52,3.52,2524.0
2025-08-06T10:45:20,3.5299,3.5299,3.5299,3.5299,842.0
2025-08-06T10:45:21,3.5288,3.5297,3.525,3.5297,586.0
2025-08-06T10:45:22,3.525,3.53,3.525,3.53,358.0
2025-08-06T10:45:23,3.53,3.53,3.5212,3.53,969.0
2025-08-06T10:45:24,3.5245,3.54,3.5211,3.54,13127.0
2025-08-06T10:45:25,3.535,3.54,3.535,3.54,1440.0
2025-08-06T10:45:26,3.54,3.54,3.53,3.538,11619.0
2025-08-06T10:45:27,3.535,3.535,3.5312,3.535,583.0
2025-08-06T10:45:28,3.54,3.54,3.53,3.535,1679.0
2025-08-06T10:45:29,3.54,3.54,3.53,3.53,10156.0
2025-08-06T10:45:30,3.539,3.539,3.5301,3.5301,373.0
2025-08-06T10:45:31,3.54,3.54,3.535,3.535,1935.0
2025-08-06T10:45:32,3.535,3.55,3.5312,3.54,5522.0
2025-08-06T10:45:33,3.545,3.56,3.545,3.56,7226.0
2025-08-06T10:45:34,3.56,3.6399,3.555,3.5885,27069.0
2025-08-06T10:45:35,3.565,3.58,3.565,3.5701,6557.0
2025-08-06T10:45:36,3.5791,3.59,3.5757,3.58,8888.0
2025-08-06T10:45:37,3.575,3.577,3.57,3.575,6200.0
2025-08-06T10:45:38,3.5799,3.5799,3.555,3.555,7008.0
2025-08-06T10:45:39,3.56,3.57,3.56,3.57,1191.0
2025-08-06T10:45:40,3.5688,3.5688,3.5501,3.5593,2388.0
2025-08-06T10:45:41,3.5591,3.56,3.555,3.56,2209.0
2025-08-06T10:45:42,3.5601,3.5698,3.56,3.5698,2572.0
2025-08-06T10:45:43,3.57,3.57,3.5693,3.5693,643.0
2025-08-06T10:45:44,3.57,3.57,3.555,3.555,2262.0
2025-08-06T10:45:45,3.56,3.56,3.55,3.55,4878.0
2025-08-06T10:45:46,3.55,3.58,3.54,3.5799,26830.0
2025-08-06T10:45:47,3.575,3.575,3.565,3.565,8796.0
2025-08-06T10:45:48,3.5619,3.57,3.56,3.5691,7822.0
2025-08-06T10:45:49,3.565,3.58,3.565,3.5755,5835.0
2025-08-06T10:45:50,3.5788,3.58,3.575,3.58,2848.0
2025-08-06T10:45:51,3.5797,3.58,3.5701,3.58,1370.0
2025-08-06T10:45:53,3.572,3.572,3.57,3.571,3196.0
2025-08-06T10:45:54,3.571,3.571,3.55,3.5599,6584.0
2025-08-06T10:45:55,3.5555,3.5555,3.5555,3.5555,148.0
2025-08-06T10:45:57,3.5545,3.5545,3.5507,3.5512,1308.0
2025-08-06T10:45:58,3.55,3.5591,3.55,3.555,1999.0
2025-08-06T10:45:59,3.5558,3.5558,3.55,3.5512,1406.0
2025-08-06T10:46:00,3.555,3.57,3.555,3.5699,1771.0
2025-08-06T10:46:02,3.57,3.58,3.5646,3.58,8222.0
2025-08-06T10:46:03,3.5707,3.575,3.5707,3.575,1442.0
2025-08-06T10:46:04,3.5799,3.5799,3.5747,3.5747,554.0
2025-08-06T10:46:05,3.5788,3.58,3.5701,3.5729,2026.0
2025-08-06T10:46:06,3.57,3.5701,3.55,3.57,11946.0
2025-08-06T10:46:07,3.565,3.57,3.55,3.55,18918.0
2025-08-06T10:46:08,3.555,3.555,3.5289,3.5289,17619.0
2025-08-06T10:46:09,3.5211,3.53,3.51,3.5292,9311.0
2025-08-06T10:46:10,3.52,3.5299,3.52,3.521,3756.0
2025-08-06T10:46:11,3.52,3.53,3.515,3.5163,3374.0
2025-08-06T10:46:12,3.5389,3.5389,3.5389,3.5389,146.0
2025-08-06T10:46:13,3.535,3.54,3.535,3.54,1390.0
2025-08-06T10:46:14,3.5301,3.535,3.5301,3.535,758.0
2025-08-06T10:46:17,3.522,3.5289,3.52,3.52,653.0
2025-08-06T10:46:18,3.52,3.52,3.4901,3.495,17480.0
2025-08-06T10:46:19,3.4988,3.5,3.49,3.49,7978.0
2025-08-06T10:46:20,3.5,3.5,3.47,3.48,15047.0
2025-08-06T10:46:21,3.4899,3.4899,3.48,3.485,1562.0
2025-08-06T10:46:22,3.49,3.5,3.485,3.4989,2424.0
2025-08-06T10:46:23,3.4912,3.4912,3.4912,3.4912,658.0
2025-08-06T10:46:24,3.4909,3.495,3.49,3.49,877.0
2025-08-06T10:46:25,3.5,3.5,3.495,3.5,2856.0
2025-08-06T10:46:26,3.5,3.5,3.5,3.5,252.0
2025-08-06T10:46:27,3.4901,3.4901,3.4901,3.4901,302.0
2025-08-06T10:46:28,3.49,3.49,3.49,3.49,243.0
2025-08-06T10:46:29,3.5,3.52,3.5,3.5,6292.0
2025-08-06T10:46:30,3.5088,3.5088,3.5088,3.5088,207.0
2025-08-06T10:46:31,3.5,3.51,3.5,3.51,1027.0
2025-08-06T10:46:32,3.51,3.51,3.5099,3.5099,2112.0
2025-08-06T10:46:33,3.515,3.515,3.515,3.515,2117.0
2025-08-06T10:46:34,3.5189,3.52,3.5189,3.5199,6849.0
2025-08-06T10:46:35,3.52,3.53,3.5163,3.5163,7592.0
2025-08-06T10:46:36,3.52,3.5255,3.52,3.5255,7233.0
2025-08-06T10:46:37,3.52,3.525,3.51,3.525,3212.0
2025-08-06T10:46:38,3.52,3.52,3.52,3.52,1924.0
2025-08-06T10:46:39,3.52,3.53,3.515,3.52,6917.0
2025-08-06T10:46:40,3.53,3.53,3.52,3.52,746.0
2025-08-06T10:46:41,3.5212,3.53,3.52,3.52,2092.0
2025-08-06T10:46:42,3.5119,3.5119,3.51,3.51,307.0
2025-08-06T10:46:43,3.52,3.52,3.52,3.52,670.0
2025-08-06T10:46:44,3.5288,3.5288,3.5288,3.5288,195.0
2025-08-06T10:46:46,3.53,3.53,3.53,3.53,473.0
2025-08-06T10:46:47,3.52,3.53,3.52,3.5201,971.0
2025-08-06T10:46:48,3.5201,3.5201,3.52,3.52,3772.0
2025-08-06T10:46:49,3.515,3.53,3.515,3.53,1089.0
2025-08-06T10:46:51,3.53,3.53,3.51,3.51,4242.0
2025-08-06T10:46:52,3.52,3.52,3.52,3.52,358.0
2025-08-06T10:46:53,3.51,3.51,3.5088,3.5088,4193.0
2025-08-06T10:46:54,3.5001,3.51,3.5,3.5099,7238.0
2025-08-06T10:46:55,3.505,3.505,3.5,3.5,914.0
2025-08-06T10:46:56,3.5001,3.5011,3.5001,3.5011,900.0
2025-08-06T10:46:57,3.5009,3.5012,3.5,3.5,1477.0
2025-08-06T10:46:58,3.495,3.51,3.49,3.49,6965.0
2025-08-06T10:46:59,3.49,3.51,3.4801,3.51,9720.0
2025-08-06T10:47:00,3.51,3.5155,3.51,3.5155,5164.0
2025-08-06T10:47:01,3.51,3.5186,3.505,3.505,15665.0
2025-08-06T10:47:02,3.5,3.5036,3.49,3.4999,8296.0
2025-08-06T10:47:03,3.497,3.4999,3.495,3.495,4197.0
2025-08-06T10:47:04,3.495,3.4999,3.49,3.4999,4358.0
2025-08-06T10:47:05,3.4996,3.51,3.4996,3.505,4888.0
2025-08-06T10:47:06,3.5012,3.5012,3.5012,3.5012,226.0
2025-08-06T10:47:07,3.501,3.51,3.501,3.51,264.0
2025-08-06T10:47:08,3.51,3.51,3.5,3.5,6977.0
2025-08-06T10:47:10,3.4988,3.4999,3.49,3.495,2576.0
2025-08-06T10:47:11,3.48,3.48,3.48,3.48,776.0
2025-08-06T10:47:12,3.4854,3.4893,3.4854,3.4893,1397.0
2025-08-06T10:47:13,3.4814,3.4814,3.4814,3.4814,455.0
2025-08-06T10:47:14,3.482,3.4845,3.48,3.4845,1218.0
2025-08-06T10:47:15,3.4832,3.4832,3.48,3.48,404.0
2025-08-06T10:47:16,3.4899,3.4899,3.4899,3.4899,437.0
2025-08-06T10:47:17,3.485,3.485,3.4608,3.4608,6966.0
2025-08-06T10:47:18,3.46,3.46,3.43,3.43,28544.0
2025-08-06T10:47:19,3.43,3.45,3.43,3.4307,5272.0
2025-08-06T10:47:20,3.431,3.44,3.43,3.44,4866.0
2025-08-06T10:47:21,3.44,3.4599,3.43,3.4401,17356.0
2025-08-06T10:47:22,3.45,3.47,3.44,3.46,12022.0
2025-08-06T10:47:23,3.46,3.47,3.441,3.45,17747.0
2025-08-06T10:47:24,3.44,3.45,3.4301,3.44,6956.0
2025-08-06T10:47:25,3.44,3.49,3.435,3.49,47375.0
2025-08-06T10:47:26,3.5,3.5,3.48,3.4899,12942.0
2025-08-06T10:47:27,3.48,3.4899,3.48,3.4899,918.0
2025-08-06T10:47:28,3.4841,3.485,3.48,3.48,944.0
2025-08-06T10:47:29,3.48,3.48,3.48,3.48,920.0
2025-08-06T10:47:32,3.48,3.4899,3.48,3.4899,392.0
2025-08-06T10:47:33,3.48,3.49,3.48,3.49,2327.0
2025-08-06T10:47:34,3.4899,3.54,3.485,3.54,27394.0
2025-08-06T10:47:35,3.549,3.56,3.54,3.54,10411.0
2025-08-06T10:47:36,3.559,3.559,3.5399,3.5399,13736.0
2025-08-06T10:47:37,3.54,3.557,3.54,3.55,11324.0
2025-08-06T10:47:38,3.5599,3.5599,3.5401,3.55,6732.0
2025-08-06T10:47:39,3.555,3.565,3.55,3.565,4795.0
2025-08-06T10:47:40,3.5689,3.5693,3.55,3.5599,8414.0
2025-08-06T10:47:41,3.565,3.565,3.54,3.54,6331.0
2025-08-06T10:47:42,3.5489,3.5489,3.5489,3.5489,484.0
2025-08-06T10:47:43,3.545,3.545,3.5359,3.5359,3171.0
2025-08-06T10:47:44,3.5399,3.5399,3.535,3.535,2106.0
2025-08-06T10:47:45,3.54,3.54,3.54,3.54,498.0
2025-08-06T10:47:46,3.54,3.5499,3.54,3.5499,2954.0
2025-08-06T10:47:47,3.5493,3.5493,3.54,3.54,804.0
2025-08-06T10:47:48,3.55,3.55,3.54,3.5401,9608.0
2025-08-06T10:47:49,3.535,3.54,3.53,3.53,1843.0
2025-08-06T10:47:50,3.53,3.54,3.53,3.54,444.0
2025-08-06T10:47:51,3.5308,3.5308,3.5308,3.5308,305.0
2025-08-06T10:47:52,3.5399,3.5399,3.535,3.535,6136.0
2025-08-06T10:47:54,3.5399,3.5399,3.53,3.53,5005.0
2025-08-06T10:47:55,3.535,3.535,3.53,3.53,439.0
2025-08-06T10:47:56,3.53,3.53,3.53,3.53,246.0
2025-08-06T10:47:57,3.54,3.5465,3.54,3.5465,7718.0
2025-08-06T10:47:58,3.5455,3.5455,3.52,3.52,8370.0
2025-08-06T10:48:00,3.515,3.5188,3.515,3.5188,4627.0
2025-08-06T10:48:02,3.51,3.51,3.51,3.51,227.0
2025-08-06T10:48:03,3.51,3.52,3.51,3.52,1284.0
2025-08-06T10:48:04,3.51,3.52,3.5005,3.51,6771.0
2025-08-06T10:48:05,3.52,3.52,3.51,3.5188,7013.0
2025-08-06T10:48:06,3.52,3.52,3.5199,3.5199,3728.0
2025-08-06T10:48:08,3.521,3.521,3.52,3.52,597.0
2025-08-06T10:48:09,3.51,3.51,3.51,3.51,225.0
2025-08-06T10:48:10,3.51,3.56,3.51,3.56,28125.0
2025-08-06T10:48:11,3.55,3.56,3.55,3.5599,2140.0
2025-08-06T10:48:12,3.55,3.64,3.55,3.63,36142.0
2025-08-06T10:48:13,3.625,3.64,3.61,3.64,5992.0
2025-08-06T10:48:14,3.62,3.63,3.6,3.61,11472.0
2025-08-06T10:48:15,3.605,3.61,3.6,3.6088,10876.0
2025-08-06T10:48:16,3.6065,3.616,3.59,3.59,16902.0
2025-08-06T10:48:17,3.6099,3.61,3.5909,3.6,15042.0
2025-08-06T10:48:18,3.59,3.5988,3.58,3.59,7419.0
2025-08-06T10:48:19,3.58,3.5887,3.57,3.5799,2854.0
2025-08-06T10:48:20,3.581,3.581,3.57,3.57,1805.0
2025-08-06T10:48:21,3.57,3.5701,3.5607,3.5701,2132.0
2025-08-06T10:48:22,3.58,3.59,3.57,3.5793,6083.0
2025-08-06T10:48:23,3.5788,3.59,3.57,3.58,6026.0
2025-08-06T10:48:24,3.58,3.6,3.58,3.6,1622.0
2025-08-06T10:48:25,3.595,3.61,3.588,3.5999,15261.0
2025-08-06T10:48:26,3.6,3.605,3.5955,3.605,7046.0
2025-08-06T10:48:27,3.61,3.61,3.6,3.6006,3424.0
2025-08-06T10:48:28,3.6,3.6,3.59,3.5901,2908.0
2025-08-06T10:48:29,3.58,3.5801,3.58,3.5801,2830.0
2025-08-06T10:48:30,3.58,3.59,3.57,3.57,13027.0
2025-08-06T10:48:31,3.58,3.5854,3.57,3.5707,9722.0
2025-08-06T10:48:32,3.5888,3.5898,3.58,3.5885,1522.0
2025-08-06T10:48:33,3.5702,3.575,3.5701,3.575,2628.0
2025-08-06T10:48:34,3.58,3.58,3.57,3.5701,6495.0
2025-08-06T10:48:35,3.56,3.56,3.55,3.55,5043.0
2025-08-06T10:48:36,3.5494,3.57,3.5494,3.57,14554.0
2025-08-06T10:48:37,3.561,3.561,3.48,3.52,46241.0
2025-08-06T10:48:38,3.5155,3.52,3.51,3.51,5135.0
2025-08-06T10:48:39,3.51,3.526,3.51,3.519,2910.0
2025-08-06T10:48:40,3.5111,3.5111,3.5111,3.5111,228.0
2025-08-06T10:48:41,3.52,3.5347,3.52,3.5347,8204.0
2025-08-06T10:48:42,3.53,3.54,3.52,3.53,8367.0
2025-08-06T10:48:43,3.527,3.54,3.527,3.54,2817.0
2025-08-06T10:48:44,3.55,3.55,3.5401,3.55,1636.0
2025-08-06T10:48:45,3.55,3.5593,3.54,3.5593,6847.0
2025-08-06T10:48:47,3.5565,3.5593,3.5512,3.5593,1862.0
2025-08-06T10:48:48,3.55,3.55,3.55,3.55,188.0
2025-08-06T10:48:49,3.5511,3.5511,3.5501,3.5501,1684.0
2025-08-06T10:48:50,3.55,3.55,3.55,3.55,253.0
2025-08-06T10:48:51,3.55,3.55,3.55,3.55,1008.0
2025-08-06T10:48:52,3.5401,3.5401,3.53,3.5392,7320.0
2025-08-06T10:48:56,3.53,3.54,3.53,3.54,1928.0
2025-08-06T10:48:57,3.5399,3.5399,3.535,3.5399,5204.0
2025-08-06T10:48:58,3.5308,3.55,3.5308,3.55,874.0
2025-08-06T10:48:59,3.54,3.54,3.54,3.54,320.0
2025-08-06T10:49:00,3.5412,3.5489,3.5412,3.5489,433.0
2025-08-06T10:49:01,3.54,3.54,3.54,3.54,4772.0
2025-08-06T10:49:02,3.5388,3.5394,3.53,3.539,1692.0
2025-08-06T10:49:03,3.53,3.5388,3.53,3.5388,798.0
2025-08-06T10:49:04,3.53,3.53,3.5145,3.5145,16805.0
2025-08-06T10:49:05,3.515,3.5188,3.5101,3.5188,3105.0
2025-08-06T10:49:06,3.52,3.53,3.51,3.51,4195.0
2025-08-06T10:49:07,3.5146,3.5146,3.5146,3.5146,1020.0
2025-08-06T10:49:08,3.52,3.52,3.51,3.51,2100.0
2025-08-06T10:49:09,3.5165,3.525,3.5165,3.525,6062.0
2025-08-06T10:49:10,3.5207,3.5207,3.5207,3.5207,535.0
2025-08-06T10:49:11,3.53,3.53,3.53,3.53,1020.0
2025-08-06T10:49:12,3.53,3.53,3.53,3.53,2611.0
2025-08-06T10:49:13,3.53,3.5308,3.53,3.53,1364.0
2025-08-06T10:49:15,3.53,3.5312,3.53,3.5312,496.0
2025-08-06T10:49:17,3.53,3.53,3.52,3.525,11548.0
2025-08-06T10:49:19,3.5288,3.5288,3.5288,3.5288,121.0
2025-08-06T10:49:20,3.5211,3.5211,3.5211,3.5211,1219.0
2025-08-06T10:49:21,3.525,3.528,3.51,3.51,5725.0
2025-08-06T10:49:23,3.51,3.52,3.51,3.5199,1594.0
2025-08-06T10:49:24,3.5101,3.5101,3.5101,3.5101,1001.0
2025-08-06T10:49:26,3.51,3.51,3.48,3.5,11807.0
2025-08-06T10:49:27,3.492,3.4988,3.49,3.4988,1218.0
2025-08-06T10:49:28,3.49,3.4987,3.48,3.4987,5733.0
2025-08-06T10:49:29,3.5,3.505,3.5,3.5012,849.0
2025-08-06T10:49:30,3.51,3.51,3.49,3.495,1826.0
2025-08-06T10:49:31,3.5,3.53,3.49,3.5008,20774.0
2025-08-06T10:49:32,3.5,3.5,3.48,3.49,10116.0
2025-08-06T10:49:33,3.4888,3.4889,3.48,3.4889,5281.0
2025-08-06T10:49:34,3.49,3.495,3.49,3.495,3094.0
2025-08-06T10:49:35,3.5,3.5,3.4801,3.4801,5488.0
2025-08-06T10:49:36,3.4801,3.4801,3.47,3.475,8181.0
2025-08-06T10:49:37,3.4788,3.49,3.4712,3.4712,4824.0
2025-08-06T10:49:38,3.4912,3.4945,3.49,3.49,1786.0
2025-08-06T10:49:39,3.49,3.49,3.49,3.49,1260.0
2025-08-06T10:49:40,3.4812,3.4812,3.4812,3.4812,296.0
2025-08-06T10:49:41,3.49,3.49,3.46,3.46,8116.0
2025-08-06T10:49:42,3.462,3.4688,3.462,3.465,311.0
2025-08-06T10:49:43,3.47,3.5,3.4688,3.48,21869.0
2025-08-06T10:49:44,3.4855,3.4855,3.4801,3.4808,709.0
2025-08-06T10:49:46,3.49,3.49,3.49,3.49,811.0
2025-08-06T10:49:47,3.49,3.4996,3.49,3.4996,3306.0
2025-08-06T10:49:48,3.495,3.52,3.495,3.5191,12994.0
2025-08-06T10:49:49,3.5112,3.52,3.5112,3.5197,4716.0
2025-08-06T10:49:50,3.51,3.51,3.51,3.51,449.0
2025-08-06T10:49:52,3.5099,3.5099,3.5099,3.5099,401.0
2025-08-06T10:49:54,3.4901,3.4901,3.4901,3.4901,1710.0
2025-08-06T10:49:55,3.5,3.5,3.5,3.5,819.0
2025-08-06T10:49:56,3.5,3.5,3.5,3.5,601.0
2025-08-06T10:49:57,3.5099,3.5099,3.5099,3.5099,510.0
2025-08-06T10:49:58,3.51,3.51,3.5002,3.5002,3444.0
2025-08-06T10:49:59,3.5001,3.5001,3.5001,3.5001,1027.0
2025-08-06T10:50:02,3.5,3.5,3.5,3.5,2794.0
2025-08-06T10:50:03,3.5,3.5,3.48,3.485,7827.0
2025-08-06T10:50:04,3.49,3.52,3.4899,3.51,25471.0
2025-08-06T10:50:06,3.52,3.52,3.5145,3.5145,4108.0
2025-08-06T10:50:07,3.52,3.54,3.52,3.5291,12000.0
2025-08-06T10:50:08,3.5211,3.5292,3.5193,3.5292,4357.0
2025-08-06T10:50:09,3.52,3.53,3.51,3.511,3475.0
2025-08-06T10:50:10,3.51,3.51,3.51,3.51,1409.0
2025-08-06T10:50:14,3.51,3.51,3.51,3.51,1010.0
2025-08-06T10:50:15,3.51,3.51,3.51,3.51,321.0
2025-08-06T10:50:17,3.5093,3.5093,3.5,3.5,1146.0
2025-08-06T10:50:19,3.502,3.502,3.502,3.502,2300.0
2025-08-06T10:50:21,3.5003,3.505,3.5003,3.505,2118.0
2025-08-06T10:50:25,3.5,3.5036,3.5,3.5036,3085.0
2025-08-06T10:50:26,3.5,3.5,3.49,3.49,1055.0
2025-08-06T10:50:27,3.5,3.5046,3.4988,3.4988,2425.0
2025-08-06T10:50:28,3.5009,3.5009,3.5009,3.5009,200.0
2025-08-06T10:50:29,3.5088,3.5088,3.5088,3.5088,834.0
2025-08-06T10:50:30,3.51,3.51,3.51,3.51,850.0
2025-08-06T10:50:31,3.5112,3.5112,3.51,3.51,2239.0
2025-08-06T10:50:32,3.5199,3.53,3.5199,3.53,7671.0
2025-08-06T10:50:33,3.525,3.5389,3.52,3.5389,1428.0
2025-08-06T10:50:34,3.5312,3.5312,3.5312,3.5312,117.0
2025-08-06T10:50:35,3.5312,3.54,3.53,3.53,857.0
2025-08-06T10:50:36,3.53,3.53,3.53,3.53,307.0
2025-08-06T10:50:37,3.53,3.5312,3.53,3.53,4251.0
2025-08-06T10:50:38,3.53,3.56,3.5286,3.56,22737.0
2025-08-06T10:50:39,3.5599,3.5599,3.55,3.5599,6349.0
2025-08-06T10:50:40,3.5411,3.5411,3.5411,3.5411,144.0
2025-08-06T10:50:41,3.5499,3.55,3.5488,3.55,3257.0
2025-08-06T10:50:43,3.5509,3.56,3.5509,3.555,1202.0
2025-08-06T10:50:44,3.56,3.57,3.56,3.5699,19440.0
2025-08-06T10:50:45,3.5689,3.5689,3.56,3.56,460.0
2025-08-06T10:50:46,3.56,3.5688,3.5599,3.56,980.0
2025-08-06T10:50:47,3.5689,3.5689,3.5689,3.5689,203.0
2025-08-06T10:50:48,3.5699,3.575,3.5699,3.575,19011.0
2025-08-06T10:50:49,3.58,3.59,3.58,3.5811,7908.0
2025-08-06T10:50:50,3.59,3.59,3.5808,3.585,868.0
2025-08-06T10:50:51,3.58,3.58,3.5706,3.5706,2630.0
2025-08-06T10:50:52,3.57,3.58,3.57,3.5799,2903.0
2025-08-06T10:50:53,3.5799,3.5799,3.56,3.57,3916.0
2025-08-06T10:50:54,3.56,3.57,3.5598,3.56,9930.0
2025-08-06T10:50:55,3.56,3.5687,3.555,3.5589,5702.0
2025-08-06T10:50:56,3.5588,3.5588,3.5588,3.5588,499.0
2025-08-06T10:50:57,3.5501,3.56,3.5501,3.56,722.0
2025-08-06T10:50:58,3.55,3.555,3.55,3.555,6189.0
2025-08-06T10:50:59,3.554,3.5599,3.5509,3.5509,838.0
2025-08-06T10:51:00,3.5599,3.5599,3.5589,3.5589,1220.0
2025-08-06T10:51:01,3.55,3.5536,3.55,3.5536,1226.0
2025-08-06T10:51:02,3.545,3.5492,3.54,3.5492,5354.0
2025-08-06T10:51:03,3.5402,3.5402,3.5402,3.5402,201.0
2025-08-06T10:51:04,3.54,3.54,3.54,3.54,365.0
2025-08-06T10:51:05,3.5411,3.55,3.5411,3.545,551.0
2025-08-06T10:51:06,3.545,3.55,3.53,3.5391,19144.0
2025-08-06T10:51:07,3.53,3.53,3.53,3.53,271.0
2025-08-06T10:51:09,3.538,3.538,3.538,3.538,100.0
2025-08-06T10:51:11,3.5399,3.5399,3.53,3.53,1100.0
2025-08-06T10:51:12,3.5399,3.57,3.5393,3.57,14672.0
2025-08-06T10:51:13,3.57,3.63,3.57,3.59,90646.0
2025-08-06T10:51:14,3.6,3.6,3.5899,3.5999,16153.0
2025-08-06T10:51:15,3.5999,3.61,3.59,3.6011,26072.0
2025-08-06T10:51:16,3.6,3.61,3.5999,3.6035,5055.0
2025-08-06T10:51:17,3.6007,3.61,3.6,3.61,13977.0
2025-08-06T10:51:18,3.62,3.62,3.605,3.605,8502.0
2025-08-06T10:51:19,3.61,3.61,3.5901,3.6,4654.0
2025-08-06T10:51:20,3.609,3.62,3.6,3.6052,3530.0
2025-08-06T10:51:21,3.61,3.63,3.61,3.624,13231.0
2025-08-06T10:51:22,3.6199,3.62,3.61,3.62,10441.0
2025-08-06T10:51:23,3.62,3.64,3.61,3.6212,12266.0
2025-08-06T10:51:24,3.638,3.66,3.63,3.645,23699.0
2025-08-06T10:51:25,3.649,3.67,3.62,3.62,45202.0
2025-08-06T10:51:26,3.6299,3.63,3.61,3.6154,15872.0
2025-08-06T10:51:27,3.61,3.623,3.61,3.6111,1617.0
2025-08-06T10:51:28,3.61,3.61,3.6,3.6099,3748.0
2025-08-06T10:51:29,3.62,3.62,3.61,3.611,3215.0
2025-08-06T10:51:30,3.6191,3.62,3.61,3.62,3183.0
2025-08-06T10:51:31,3.625,3.64,3.62,3.6346,1990.0
2025-08-06T10:51:32,3.63,3.6399,3.6203,3.629,7163.0
2025-08-06T10:51:33,3.63,3.63,3.59,3.59,14547.0
2025-08-06T10:51:34,3.6,3.62,3.5988,3.5988,8482.0
2025-08-06T10:51:35,3.6001,3.6088,3.59,3.6,1545.0
2025-08-06T10:51:36,3.6088,3.63,3.58,3.59,34908.0
2025-08-06T10:51:37,3.58,3.61,3.58,3.6,3127.0
2025-08-06T10:51:38,3.609,3.61,3.6,3.6,12174.0
2025-08-06T10:51:39,3.6,3.6,3.57,3.58,3114.0
2025-08-06T10:51:40,3.59,3.59,3.58,3.59,3662.0
2025-08-06T10:51:41,3.585,3.5901,3.58,3.58,5073.0
2025-08-06T10:51:42,3.57,3.5886,3.57,3.58,3934.0
2025-08-06T10:51:43,3.57,3.5788,3.57,3.5788,1249.0
2025-08-06T10:51:44,3.57,3.57,3.55,3.5501,4314.0
2025-08-06T10:51:45,3.5599,3.56,3.55,3.555,3123.0
2025-08-06T10:51:46,3.5593,3.58,3.555,3.58,17230.0
2025-08-06T10:51:47,3.57,3.6,3.56,3.59,28239.0
2025-08-06T10:51:48,3.599,3.66,3.59,3.6409,67483.0
2025-08-06T10:51:49,3.6401,3.6401,3.6312,3.6399,7590.0
2025-08-06T10:51:50,3.64,3.64,3.62,3.625,3568.0
2025-08-06T10:51:51,3.63,3.65,3.62,3.6201,12736.0
2025-08-06T10:51:52,3.62,3.6287,3.61,3.6101,1799.0
2025-08-06T10:51:53,3.611,3.6184,3.61,3.61,1627.0
2025-08-06T10:51:54,3.6191,3.6191,3.6,3.6,7540.0
2025-08-06T10:51:55,3.61,3.64,3.61,3.6299,11061.0
2025-08-06T10:51:56,3.62,3.62,3.615,3.615,1881.0
2025-08-06T10:51:57,3.615,3.62,3.615,3.6199,3343.0
2025-08-06T10:51:58,3.6145,3.6145,3.6145,3.6145,120.0
2025-08-06T10:51:59,3.62,3.64,3.615,3.63,12523.0
2025-08-06T10:52:00,3.625,3.625,3.62,3.62,2461.0
2025-08-06T10:52:01,3.6193,3.6199,3.6101,3.6101,2674.0
2025-08-06T10:52:02,3.62,3.62,3.61,3.6112,2555.0
2025-08-06T10:52:03,3.6112,3.62,3.61,3.615,4067.0
2025-08-06T10:52:04,3.615,3.63,3.615,3.63,3181.0
2025-08-06T10:52:05,3.64,3.64,3.64,3.64,305.0
2025-08-06T10:52:06,3.635,3.64,3.63,3.63,6740.0
2025-08-06T10:52:07,3.64,3.6499,3.6399,3.64,7294.0
2025-08-06T10:52:08,3.65,3.65,3.64,3.64,3112.0
2025-08-06T10:52:09,3.64,3.66,3.64,3.65,20355.0
2025-08-06T10:52:10,3.6411,3.6799,3.6411,3.66,23584.0
2025-08-06T10:52:11,3.65,3.67,3.63,3.67,19957.0
2025-08-06T10:52:12,3.66,3.666,3.65,3.6507,6103.0
2025-08-06T10:52:13,3.6507,3.67,3.6507,3.6609,5200.0
2025-08-06T10:52:14,3.6689,3.67,3.65,3.6612,4582.0
2025-08-06T10:52:15,3.6613,3.67,3.66,3.665,1823.0
2025-08-06T10:52:16,3.661,3.68,3.65,3.67,18581.0
2025-08-06T10:52:17,3.66,3.67,3.66,3.67,2281.0
2025-08-06T10:52:18,3.665,3.665,3.65,3.665,6905.0
2025-08-06T10:52:19,3.6588,3.66,3.6502,3.66,3700.0
2025-08-06T10:52:20,3.66,3.67,3.66,3.66,2122.0
2025-08-06T10:52:21,3.6603,3.67,3.66,3.6694,7446.0
2025-08-06T10:52:22,3.67,3.67,3.66,3.6603,1774.0
2025-08-06T10:52:23,3.669,3.669,3.6551,3.66,1479.0
2025-08-06T10:52:24,3.6515,3.66,3.6515,3.66,7408.0
2025-08-06T10:52:25,3.6588,3.6588,3.6501,3.6507,1274.0
2025-08-06T10:52:26,3.655,3.655,3.63,3.6499,18341.0
2025-08-06T10:52:27,3.645,3.6488,3.64,3.6488,1443.0
2025-08-06T10:52:28,3.645,3.65,3.61,3.6188,22513.0
2025-08-06T10:52:29,3.62,3.62,3.61,3.6112,9154.0
2025-08-06T10:52:30,3.615,3.63,3.615,3.63,2571.0
2025-08-06T10:52:31,3.6399,3.64,3.6297,3.63,3796.0
2025-08-06T10:52:32,3.625,3.63,3.6212,3.63,6589.0
2025-08-06T10:52:33,3.63,3.63,3.62,3.6288,7033.0
2025-08-06T10:52:34,3.63,3.63,3.6292,3.6292,354.0
2025-08-06T10:52:35,3.63,3.6399,3.63,3.6399,2383.0
2025-08-06T10:52:36,3.63,3.635,3.63,3.635,2340.0
2025-08-06T10:52:37,3.638,3.645,3.6309,3.64,2207.0
2025-08-06T10:52:38,3.64,3.64,3.635,3.635,2991.0
2025-08-06T10:52:39,3.635,3.64,3.63,3.64,1357.0
2025-08-06T10:52:40,3.642,3.65,3.64,3.64,1105.0
2025-08-06T10:52:41,3.6407,3.65,3.6407,3.6412,1783.0
2025-08-06T10:52:42,3.65,3.65,3.64,3.64,2469.0
2025-08-06T10:52:43,3.65,3.655,3.64,3.648,2589.0
2025-08-06T10:52:44,3.64,3.645,3.64,3.645,2256.0
2025-08-06T10:52:45,3.645,3.65,3.64,3.6494,2382.0
2025-08-06T10:52:46,3.645,3.65,3.645,3.65,5262.0
2025-08-06T10:52:47,3.65,3.65,3.64,3.65,1528.0
2025-08-06T10:52:48,3.65,3.65,3.6412,3.6412,616.0
2025-08-06T10:52:49,3.6493,3.6493,3.6412,3.6412,934.0
2025-08-06T10:52:50,3.6488,3.65,3.64,3.65,1383.0
2025-08-06T10:52:51,3.645,3.645,3.64,3.64,7640.0
2025-08-06T10:52:52,3.63,3.65,3.63,3.65,10861.0
2025-08-06T10:52:53,3.64,3.645,3.64,3.645,3231.0
2025-08-06T10:52:54,3.6412,3.65,3.64,3.65,9539.0
2025-08-06T10:52:55,3.65,3.65,3.6412,3.65,482.0
2025-08-06T10:52:56,3.65,3.65,3.6499,3.65,3587.0
2025-08-06T10:52:57,3.64,3.6511,3.64,3.6511,2651.0
2025-08-06T10:52:58,3.6599,3.66,3.65,3.66,2226.0
2025-08-06T10:52:59,3.66,3.6699,3.6599,3.6699,4846.0
2025-08-06T10:53:00,3.6512,3.67,3.65,3.66,2075.0
2025-08-06T10:53:01,3.655,3.655,3.65,3.65,4303.0
2025-08-06T10:53:02,3.6407,3.645,3.64,3.64,2694.0
2025-08-06T10:53:04,3.64,3.6401,3.63,3.6323,4765.0
2025-08-06T10:53:05,3.63,3.6399,3.63,3.6397,2504.0
2025-08-06T10:53:06,3.6301,3.64,3.63,3.64,3356.0
2025-08-06T10:53:07,3.63,3.6412,3.63,3.6388,2928.0
2025-08-06T10:53:08,3.6399,3.66,3.6314,3.65,6103.0
2025-08-06T10:53:09,3.651,3.651,3.647,3.647,1173.0
2025-08-06T10:53:10,3.65,3.6599,3.65,3.6599,350.0
2025-08-06T10:53:11,3.6597,3.6599,3.65,3.65,653.0
2025-08-06T10:53:12,3.65,3.66,3.65,3.65,849.0
2025-08-06T10:53:13,3.65,3.65,3.63,3.63,9380.0
2025-08-06T10:53:14,3.64,3.64,3.6399,3.64,1185.0
2025-08-06T10:53:15,3.63,3.6388,3.63,3.63,2360.0
2025-08-06T10:53:16,3.6318,3.635,3.6318,3.635,1320.0
2025-08-06T10:53:17,3.6397,3.6397,3.6312,3.6312,659.0
2025-08-06T10:53:18,3.645,3.645,3.645,3.645,384.0
2025-08-06T10:53:19,3.6491,3.6497,3.645,3.645,590.0
2025-08-06T10:53:20,3.6401,3.6401,3.6401,3.6401,465.0
2025-08-06T10:53:21,3.6454,3.6454,3.6454,3.6454,460.0
2025-08-06T10:53:22,3.64,3.65,3.63,3.64,20479.0
2025-08-06T10:53:23,3.655,3.6588,3.64,3.6436,5693.0
2025-08-06T10:53:24,3.65,3.65,3.6408,3.6408,565.0
2025-08-06T10:53:25,3.6407,3.6499,3.6407,3.6407,1728.0
2025-08-06T10:53:27,3.6499,3.6499,3.64,3.64,1857.0
2025-08-06T10:53:28,3.6312,3.6312,3.6312,3.6312,396.0
2025-08-06T10:53:29,3.635,3.635,3.58,3.58,65991.0
2025-08-06T10:53:30,3.5801,3.6,3.58,3.591,5929.0
2025-08-06T10:53:31,3.5907,3.5989,3.58,3.5807,7643.0
2025-08-06T10:53:32,3.59,3.5985,3.58,3.5985,4343.0
2025-08-06T10:53:33,3.596,3.609,3.59,3.5999,5796.0
2025-08-06T10:53:34,3.5968,3.61,3.5945,3.5999,5648.0
2025-08-06T10:53:35,3.605,3.61,3.604,3.6088,1732.0
2025-08-06T10:53:36,3.601,3.605,3.601,3.605,371.0
2025-08-06T10:53:37,3.6097,3.61,3.605,3.605,1427.0
2025-08-06T10:53:38,3.6,3.61,3.6,3.6007,6494.0
2025-08-06T10:53:39,3.605,3.61,3.6012,3.6012,4181.0
2025-08-06T10:53:40,3.6,3.6,3.5989,3.5989,1103.0
2025-08-06T10:53:41,3.59,3.5901,3.58,3.59,13833.0
2025-08-06T10:53:42,3.58,3.5888,3.55,3.5888,20691.0
2025-08-06T10:53:43,3.5512,3.57,3.55,3.56,3833.0
2025-08-06T10:53:44,3.56,3.58,3.56,3.5799,13903.0
2025-08-06T10:53:45,3.58,3.58,3.575,3.5799,8409.0
2025-08-06T10:53:46,3.5791,3.58,3.57,3.5799,5423.0
2025-08-06T10:53:47,3.5711,3.58,3.5711,3.58,466.0
2025-08-06T10:53:48,3.57,3.575,3.57,3.575,404.0
2025-08-06T10:53:49,3.57,3.58,3.55,3.5788,6049.0
2025-08-06T10:53:50,3.555,3.56,3.55,3.55,1916.0
2025-08-06T10:53:51,3.55,3.56,3.55,3.5511,3339.0
2025-08-06T10:53:52,3.5599,3.59,3.5599,3.59,23051.0
2025-08-06T10:53:53,3.5892,3.6,3.5889,3.6,4722.0
2025-08-06T10:53:54,3.5987,3.5987,3.5813,3.5899,1920.0
2025-08-06T10:53:55,3.58,3.58,3.57,3.58,2664.0
2025-08-06T10:53:56,3.5899,3.5899,3.575,3.575,3948.0
2025-08-06T10:53:57,3.5799,3.5812,3.5799,3.5806,5526.0
2025-08-06T10:53:58,3.5899,3.5899,3.58,3.5854,953.0
2025-08-06T10:54:00,3.5888,3.5888,3.58,3.58,2117.0
2025-08-06T10:54:02,3.59,3.59,3.59,3.59,1632.0
2025-08-06T10:54:04,3.5912,3.5912,3.59,3.59,1608.0
2025-08-06T10:54:05,3.59,3.59,3.59,3.59,1328.0
2025-08-06T10:54:07,3.58,3.5812,3.576,3.576,1651.0
2025-08-06T10:54:08,3.57,3.57,3.57,3.57,2198.0
2025-08-06T10:54:09,3.5689,3.57,3.5607,3.57,1874.0
2025-08-06T10:54:10,3.5601,3.5601,3.5601,3.5601,107.0
2025-08-06T10:54:11,3.5612,3.58,3.56,3.575,12318.0
2025-08-06T10:54:12,3.5707,3.61,3.5707,3.6,15159.0
2025-08-06T10:54:13,3.61,3.61,3.61,3.61,4070.0
2025-08-06T10:54:14,3.6012,3.6012,3.6012,3.6012,483.0
2025-08-06T10:54:15,3.6,3.6,3.5999,3.5999,2383.0
2025-08-06T10:54:16,3.595,3.595,3.595,3.595,5045.0
2025-08-06T10:54:17,3.59,3.59,3.59,3.59,115.0
2025-08-06T10:54:21,3.5907,3.5912,3.58,3.5899,5627.0
2025-08-06T10:54:22,3.59,3.5954,3.5899,3.5901,3132.0
2025-08-06T10:54:23,3.5953,3.5953,3.59,3.59,1392.0
2025-08-06T10:54:24,3.58,3.58,3.57,3.58,4782.0
2025-08-06T10:54:25,3.5899,3.5899,3.57,3.58,1860.0
2025-08-06T10:54:26,3.59,3.6,3.5899,3.59,9295.0
2025-08-06T10:54:27,3.6,3.6,3.5907,3.5907,739.0
2025-08-06T10:54:28,3.6,3.6,3.6,3.6,2817.0
2025-08-06T10:54:30,3.6,3.61,3.6,3.61,670.0
2025-08-06T10:54:31,3.61,3.61,3.61,3.61,253.0
2025-08-06T10:54:32,3.605,3.605,3.5988,3.5988,1522.0
2025-08-06T10:54:34,3.59,3.59,3.58,3.58,2277.0
2025-08-06T10:54:35,3.58,3.589,3.58,3.589,12207.0
2025-08-06T10:54:36,3.59,3.59,3.58,3.58,2854.0
2025-08-06T10:54:37,3.5801,3.5801,3.57,3.57,7734.0
2025-08-06T10:54:38,3.585,3.5888,3.585,3.5888,553.0
2025-08-06T10:54:40,3.5801,3.5801,3.58,3.58,1749.0
2025-08-06T10:54:41,3.58,3.5812,3.58,3.5812,350.0
2025-08-06T10:54:44,3.585,3.59,3.5808,3.59,1268.0
2025-08-06T10:54:45,3.59,3.61,3.585,3.5999,13118.0
2025-08-06T10:54:46,3.61,3.61,3.6012,3.6099,7895.0
2025-08-06T10:54:47,3.6001,3.61,3.6001,3.605,1735.0
2025-08-06T10:54:48,3.6011,3.61,3.6011,3.61,1006.0
2025-08-06T10:54:49,3.61,3.61,3.6007,3.605,2400.0
2025-08-06T10:54:50,3.61,3.61,3.6,3.6,819.0
2025-08-06T10:54:51,3.6045,3.61,3.595,3.595,9037.0
2025-08-06T10:54:52,3.6,3.6,3.5906,3.5906,1652.0
2025-08-06T10:54:54,3.595,3.62,3.595,3.62,10879.0
2025-08-06T10:54:55,3.61,3.615,3.6,3.61,2816.0
2025-08-06T10:54:56,3.6,3.62,3.5945,3.5999,9016.0
2025-08-06T10:54:57,3.6,3.6,3.59,3.59,2441.0
2025-08-06T10:54:58,3.5988,3.61,3.5988,3.6,3033.0
2025-08-06T10:55:01,3.61,3.65,3.61,3.6399,13919.0
2025-08-06T10:55:02,3.6301,3.6399,3.62,3.63,6754.0
2025-08-06T10:55:03,3.639,3.65,3.6215,3.63,13851.0
2025-08-06T10:55:04,3.64,3.64,3.63,3.6301,3026.0
2025-08-06T10:55:05,3.63,3.64,3.6242,3.64,9740.0
2025-08-06T10:55:06,3.635,3.635,3.635,3.635,414.0
2025-08-06T10:55:07,3.6388,3.6388,3.638,3.638,1148.0
2025-08-06T10:55:08,3.6398,3.6398,3.631,3.631,651.0
2025-08-06T10:55:09,3.63,3.63,3.63,3.63,715.0
2025-08-06T10:55:10,3.6312,3.6312,3.6207,3.63,1667.0
2025-08-06T10:55:11,3.6289,3.6299,3.6289,3.6299,1565.0
2025-08-06T10:55:12,3.6378,3.6378,3.6212,3.635,2121.0
2025-08-06T10:55:13,3.635,3.635,3.635,3.635,316.0
2025-08-06T10:55:14,3.6314,3.6314,3.63,3.63,553.0
2025-08-06T10:55:16,3.62,3.6255,3.62,3.6255,7241.0
2025-08-06T10:55:17,3.6297,3.6297,3.6,3.6,5318.0
2025-08-06T10:55:18,3.605,3.6145,3.6,3.6107,2123.0
2025-08-06T10:55:19,3.62,3.62,3.61,3.61,3500.0
2025-08-06T10:55:20,3.6188,3.6188,3.6101,3.6107,1470.0
2025-08-06T10:55:22,3.6192,3.6192,3.6192,3.6192,250.0
2025-08-06T10:55:23,3.6108,3.6108,3.6108,3.6108,269.0
2025-08-06T10:55:25,3.6129,3.6129,3.6129,3.6129,350.0
2025-08-06T10:55:26,3.61,3.61,3.61,3.61,575.0
2025-08-06T10:55:28,3.6007,3.6007,3.6007,3.6007,540.0
2025-08-06T10:55:29,3.605,3.605,3.6005,3.6005,300.0
2025-08-06T10:55:30,3.6088,3.61,3.6012,3.605,1862.0
2025-08-06T10:55:31,3.6,3.6012,3.6,3.6012,3495.0
2025-08-06T10:55:32,3.605,3.6431,3.605,3.6431,29172.0
2025-08-06T10:55:33,3.63,3.631,3.63,3.63,3048.0
2025-08-06T10:55:34,3.625,3.64,3.6202,3.626,1695.0
2025-08-06T10:55:35,3.6213,3.6213,3.6213,3.6213,172.0
2025-08-06T10:55:39,3.62,3.62,3.615,3.615,1000.0
2025-08-06T10:55:40,3.615,3.625,3.61,3.62,6351.0
2025-08-06T10:55:41,3.6254,3.6254,3.6254,3.6254,821.0
2025-08-06T10:55:42,3.62,3.63,3.6199,3.62,4070.0
2025-08-06T10:55:43,3.6155,3.6155,3.6155,3.6155,1105.0
2025-08-06T10:55:44,3.62,3.62,3.62,3.62,1594.0
2025-08-06T10:55:45,3.6207,3.6207,3.6207,3.6207,300.0
2025-08-06T10:55:46,3.625,3.63,3.62,3.62,3257.0
2025-08-06T10:55:47,3.63,3.63,3.625,3.625,2131.0
2025-08-06T10:55:48,3.6201,3.625,3.62,3.62,1173.0
2025-08-06T10:55:49,3.6291,3.6291,3.62,3.62,504.0
2025-08-06T10:55:50,3.6209,3.63,3.6209,3.63,843.0
2025-08-06T10:55:52,3.63,3.64,3.6299,3.63,6015.0
2025-08-06T10:55:53,3.63,3.63,3.63,3.63,117.0
2025-08-06T10:55:54,3.6255,3.6255,3.6212,3.625,1520.0
2025-08-06T10:55:55,3.625,3.625,3.6201,3.6201,250.0
2025-08-06T10:55:57,3.6288,3.6288,3.62,3.62,3160.0
2025-08-06T10:55:58,3.61,3.61,3.61,3.61,249.0
2025-08-06T10:55:59,3.61,3.6109,3.61,3.61,1841.0
2025-08-06T10:56:00,3.615,3.64,3.615,3.6209,6702.0
2025-08-06T10:56:01,3.6345,3.64,3.63,3.63,2250.0
2025-08-06T10:56:02,3.6299,3.63,3.625,3.6299,6950.0
2025-08-06T10:56:03,3.63,3.63,3.63,3.63,1102.0
2025-08-06T10:56:04,3.6212,3.6288,3.6201,3.6201,1569.0
2025-08-06T10:56:05,3.62,3.62,3.6,3.62,11273.0
2025-08-06T10:56:06,3.6188,3.62,3.61,3.61,4059.0
2025-08-06T10:56:07,3.62,3.62,3.6,3.6,10649.0
2025-08-06T10:56:08,3.61,3.61,3.59,3.59,17733.0
2025-08-06T10:56:09,3.595,3.595,3.59,3.59,5339.0
2025-08-06T10:56:10,3.5901,3.5901,3.5901,3.5901,1268.0
2025-08-06T10:56:11,3.59,3.5901,3.57,3.572,11699.0
2025-08-06T10:56:12,3.57,3.58,3.57,3.58,6591.0
2025-08-06T10:56:13,3.5797,3.5797,3.55,3.5699,14848.0
2025-08-06T10:56:14,3.56,3.57,3.56,3.56,4642.0
2025-08-06T10:56:15,3.56,3.56,3.5,3.52,32276.0
2025-08-06T10:56:16,3.522,3.55,3.521,3.54,19052.0
2025-08-06T10:56:17,3.5476,3.56,3.5476,3.55,3613.0
2025-08-06T10:56:18,3.55,3.56,3.54,3.54,6607.0
2025-08-06T10:56:19,3.54,3.54,3.54,3.54,463.0
2025-08-06T10:56:20,3.545,3.55,3.545,3.545,1260.0
2025-08-06T10:56:21,3.545,3.55,3.54,3.54,1746.0
2025-08-06T10:56:22,3.5494,3.5494,3.52,3.52,8945.0
2025-08-06T10:56:23,3.52,3.5387,3.52,3.5387,878.0
2025-08-06T10:56:24,3.5389,3.5389,3.52,3.5254,1798.0
2025-08-06T10:56:25,3.53,3.5391,3.53,3.5391,1413.0
2025-08-06T10:56:26,3.5312,3.54,3.5312,3.535,1887.0
2025-08-06T10:56:27,3.5355,3.54,3.5307,3.535,3665.0
2025-08-06T10:56:28,3.5308,3.54,3.5308,3.54,716.0
2025-08-06T10:56:29,3.5308,3.5393,3.5308,3.5393,1195.0
2025-08-06T10:56:30,3.5351,3.54,3.53,3.53,1554.0
2025-08-06T10:56:31,3.5347,3.5347,3.5347,3.5347,360.0
2025-08-06T10:56:32,3.5304,3.54,3.52,3.5299,6289.0
2025-08-06T10:56:33,3.52,3.5212,3.5101,3.5188,7961.0
2025-08-06T10:56:34,3.5146,3.52,3.51,3.5108,6579.0
2025-08-06T10:56:35,3.51,3.512,3.51,3.512,383.0
2025-08-06T10:56:36,3.5112,3.5112,3.5112,3.5112,1056.0
2025-08-06T10:56:37,3.5107,3.5189,3.49,3.502,41728.0
2025-08-06T10:56:38,3.505,3.51,3.49,3.5,6833.0
2025-08-06T10:56:39,3.5,3.5,3.49,3.499,3045.0
2025-08-06T10:56:40,3.5,3.5111,3.495,3.51,2374.0
2025-08-06T10:56:41,3.5001,3.51,3.5,3.5007,5643.0
2025-08-06T10:56:42,3.51,3.51,3.5,3.5,3194.0
2025-08-06T10:56:43,3.505,3.5099,3.5,3.5099,1553.0
2025-08-06T10:56:44,3.5,3.52,3.5,3.51,2780.0
2025-08-06T10:56:45,3.52,3.53,3.52,3.53,1369.0
2025-08-06T10:56:46,3.5288,3.54,3.52,3.54,5700.0
2025-08-06T10:56:47,3.5399,3.55,3.5307,3.5411,6907.0
2025-08-06T10:56:48,3.54,3.5489,3.54,3.5489,1213.0
2025-08-06T10:56:49,3.55,3.55,3.5409,3.55,1585.0
2025-08-06T10:56:50,3.5446,3.545,3.54,3.54,1467.0
2025-08-06T10:56:51,3.5401,3.5401,3.5401,3.5401,150.0
2025-08-06T10:56:52,3.5411,3.5411,3.5411,3.5411,128.0
2025-08-06T10:56:53,3.545,3.545,3.54,3.54,2877.0
2025-08-06T10:56:54,3.54,3.54,3.53,3.53,3968.0
2025-08-06T10:56:55,3.53,3.54,3.53,3.535,1063.0
2025-08-06T10:56:57,3.54,3.54,3.535,3.54,2216.0
2025-08-06T10:56:58,3.54,3.54,3.54,3.54,206.0
2025-08-06T10:57:00,3.545,3.545,3.525,3.5255,5428.0
2025-08-06T10:57:01,3.525,3.525,3.515,3.52,1100.0
2025-08-06T10:57:02,3.5201,3.53,3.515,3.53,3840.0
2025-08-06T10:57:03,3.52,3.525,3.52,3.52,1922.0
2025-08-06T10:57:04,3.5288,3.5288,3.5288,3.5288,225.0
2025-08-06T10:57:05,3.525,3.525,3.52,3.525,631.0
2025-08-06T10:57:06,3.5203,3.5203,3.5203,3.5203,570.0
2025-08-06T10:57:07,3.5289,3.5289,3.5201,3.5207,1297.0
2025-08-06T10:57:08,3.52,3.5298,3.52,3.5298,935.0
2025-08-06T10:57:09,3.5269,3.5269,3.52,3.5201,1579.0
2025-08-06T10:57:10,3.525,3.5291,3.5201,3.5201,763.0
2025-08-06T10:57:12,3.5201,3.525,3.52,3.52,1891.0
2025-08-06T10:57:13,3.5255,3.5255,3.5201,3.5201,4061.0
2025-08-06T10:57:15,3.5201,3.5201,3.51,3.51,4301.0
2025-08-06T10:57:16,3.5148,3.52,3.5,3.5,9983.0
2025-08-06T10:57:17,3.5,3.5012,3.5,3.5012,275.0
2025-08-06T10:57:18,3.5019,3.51,3.5,3.5,1696.0
2025-08-06T10:57:19,3.51,3.512,3.51,3.5103,722.0
2025-08-06T10:57:20,3.51,3.51,3.51,3.51,100.0
2025-08-06T10:57:21,3.51,3.5188,3.51,3.5101,1845.0
2025-08-06T10:57:22,3.5112,3.5193,3.5101,3.5101,2018.0
2025-08-06T10:57:23,3.5111,3.5111,3.5111,3.5111,354.0
2025-08-06T10:57:24,3.515,3.515,3.51,3.5101,3629.0
2025-08-06T10:57:25,3.5112,3.5112,3.5112,3.5112,260.0
2025-08-06T10:57:26,3.51,3.51,3.51,3.51,1061.0
2025-08-06T10:57:27,3.515,3.515,3.51,3.51,410.0
2025-08-06T10:57:28,3.5103,3.5103,3.5103,3.5103,234.0
2025-08-06T10:57:30,3.5101,3.5107,3.5101,3.5107,969.0
2025-08-06T10:57:32,3.5101,3.5193,3.5101,3.5193,1265.0
2025-08-06T10:57:33,3.515,3.529,3.515,3.529,3699.0
2025-08-06T10:57:34,3.525,3.5402,3.525,3.5402,6725.0
2025-08-06T10:57:35,3.5403,3.5403,3.53,3.54,8569.0
2025-08-06T10:57:36,3.5301,3.5301,3.525,3.525,1720.0
2025-08-06T10:57:37,3.53,3.53,3.5288,3.5288,622.0
2025-08-06T10:57:39,3.52,3.52,3.52,3.52,100.0
2025-08-06T10:57:40,3.52,3.52,3.52,3.52,100.0
2025-08-06T10:57:41,3.5288,3.5288,3.5288,3.5288,101.0
2025-08-06T10:57:43,3.525,3.525,3.5201,3.5201,1910.0
2025-08-06T10:57:44,3.5299,3.5299,3.5299,3.5299,2885.0
2025-08-06T10:57:45,3.52,3.52,3.52,3.52,134.0
2025-08-06T10:57:47,3.5212,3.5212,3.5212,3.5212,718.0
2025-08-06T10:57:48,3.53,3.5398,3.53,3.5398,1285.0
2025-08-06T10:57:49,3.535,3.54,3.53,3.53,2096.0
2025-08-06T10:57:50,3.5345,3.54,3.52,3.5258,10012.0
2025-08-06T10:57:54,3.525,3.525,3.5203,3.5203,1573.0
2025-08-06T10:57:56,3.52,3.52,3.52,3.52,211.0
2025-08-06T10:57:57,3.525,3.525,3.525,3.525,315.0
2025-08-06T10:57:58,3.5201,3.5201,3.52,3.52,4431.0
2025-08-06T10:57:59,3.515,3.515,3.515,3.515,2002.0
2025-08-06T10:58:00,3.5101,3.5188,3.5101,3.5119,605.0
2025-08-06T10:58:01,3.517,3.517,3.5115,3.5115,540.0
2025-08-06T10:58:02,3.51,3.51,3.51,3.51,169.0
2025-08-06T10:58:06,3.5111,3.5188,3.5101,3.5188,2046.0
2025-08-06T10:58:07,3.51,3.52,3.51,3.52,2694.0
2025-08-06T10:58:08,3.5103,3.5103,3.5103,3.5103,588.0
2025-08-06T10:58:09,3.51,3.51,3.51,3.51,400.0
2025-08-06T10:58:10,3.51,3.51,3.51,3.51,191.0
2025-08-06T10:58:12,3.51,3.51,3.51,3.51,365.0
2025-08-06T10:58:13,3.51,3.511,3.51,3.51,7473.0
2025-08-06T10:58:14,3.5091,3.5091,3.5091,3.5091,307.0
2025-08-06T10:58:15,3.51,3.51,3.5,3.51,5662.0
2025-08-06T10:58:17,3.5112,3.5112,3.51,3.51,902.0
2025-08-06T10:58:18,3.5111,3.5202,3.5111,3.5202,2920.0
2025-08-06T10:58:19,3.5203,3.53,3.52,3.52,5323.0
2025-08-06T10:58:20,3.525,3.525,3.525,3.525,152.0
2025-08-06T10:58:21,3.525,3.53,3.525,3.53,3459.0
2025-08-06T10:58:22,3.52,3.52,3.52,3.52,1030.0
2025-08-06T10:58:23,3.515,3.5188,3.515,3.5188,4087.0
2025-08-06T10:58:24,3.5199,3.5199,3.5199,3.5199,326.0
2025-08-06T10:58:26,3.51,3.51,3.51,3.51,327.0
2025-08-06T10:58:27,3.5112,3.5112,3.5112,3.5112,272.0
2025-08-06T10:58:28,3.5155,3.5155,3.51,3.51,1113.0
2025-08-06T10:58:32,3.51,3.51,3.51,3.51,191.0
2025-08-06T10:58:33,3.5191,3.52,3.515,3.52,1497.0
2025-08-06T10:58:35,3.5112,3.5112,3.5112,3.5112,142.0
2025-08-06T10:58:36,3.52,3.52,3.5112,3.5112,432.0
2025-08-06T10:58:39,3.5112,3.5112,3.51,3.51,384.0
2025-08-06T10:58:40,3.52,3.52,3.52,3.52,155.0
2025-08-06T10:58:41,3.51,3.51,3.51,3.51,161.0
2025-08-06T10:58:42,3.51,3.5112,3.51,3.5112,4952.0
2025-08-06T10:58:43,3.5,3.5001,3.5,3.5001,8097.0
2025-08-06T10:58:44,3.5,3.5,3.49,3.4922,14893.0
2025-08-06T10:58:45,3.49,3.4993,3.49,3.49,701.0
2025-08-06T10:58:46,3.49,3.491,3.49,3.49,4838.0
2025-08-06T10:58:47,3.49,3.49,3.45,3.45,44197.0
2025-08-06T10:58:48,3.4502,3.452,3.44,3.45,23230.0
2025-08-06T10:58:49,3.44,3.44,3.42,3.42,46859.0
2025-08-06T10:58:50,3.42,3.42,3.39,3.3909,39191.0
2025-08-06T10:58:51,3.395,3.402,3.38,3.39,23659.0
2025-08-06T10:58:52,3.3901,3.42,3.385,3.4182,9802.0
2025-08-06T10:58:53,3.41,3.43,3.4,3.415,15934.0
2025-08-06T10:58:54,3.4193,3.42,3.41,3.42,4431.0
2025-08-06T10:58:55,3.4117,3.45,3.4109,3.4311,15783.0
2025-08-06T10:58:56,3.44,3.44,3.432,3.432,396.0
2025-08-06T10:58:57,3.44,3.44,3.44,3.44,1616.0
2025-08-06T10:58:58,3.44,3.44,3.421,3.4399,8631.0
2025-08-06T10:58:59,3.4388,3.4388,3.41,3.43,12738.0
2025-08-06T10:59:00,3.4298,3.4298,3.41,3.41,1686.0
2025-08-06T10:59:01,3.42,3.43,3.41,3.42,2119.0
2025-08-06T10:59:02,3.425,3.4299,3.37,3.3801,23784.0
2025-08-06T10:59:03,3.39,3.39,3.37,3.38,7342.0
2025-08-06T10:59:04,3.3788,3.39,3.3788,3.3801,7630.0
2025-08-06T10:59:05,3.38,3.39,3.38,3.38,4727.0
2025-08-06T10:59:06,3.3893,3.39,3.36,3.37,18253.0
2025-08-06T10:59:07,3.3799,3.3799,3.3712,3.375,1352.0
2025-08-06T10:59:08,3.37,3.38,3.37,3.38,3234.0
2025-08-06T10:59:09,3.3711,3.385,3.37,3.37,7925.0
2025-08-06T10:59:10,3.371,3.39,3.371,3.38,4906.0
2025-08-06T10:59:11,3.385,3.39,3.38,3.3811,2273.0
2025-08-06T10:59:12,3.39,3.39,3.38,3.385,1056.0
2025-08-06T10:59:13,3.38,3.39,3.37,3.38,6282.0
2025-08-06T10:59:14,3.3899,3.3899,3.38,3.3801,1805.0
2025-08-06T10:59:15,3.381,3.3893,3.38,3.38,2940.0
2025-08-06T10:59:16,3.38,3.38,3.37,3.38,8592.0
2025-08-06T10:59:17,3.3799,3.38,3.37,3.38,3582.0
2025-08-06T10:59:18,3.37,3.4,3.37,3.38,7671.0
2025-08-06T10:59:19,3.39,3.41,3.36,3.41,8362.0
2025-08-06T10:59:20,3.4,3.405,3.39,3.405,2890.0
2025-08-06T10:59:21,3.4012,3.42,3.4012,3.41,9110.0
2025-08-06T10:59:22,3.41,3.41,3.4007,3.4007,1817.0
2025-08-06T10:59:23,3.4012,3.4012,3.391,3.391,1130.0
2025-08-06T10:59:24,3.3999,3.4,3.39,3.39,6235.0
2025-08-06T10:59:27,3.39,3.3901,3.39,3.39,6364.0
2025-08-06T10:59:28,3.38,3.39,3.38,3.39,6662.0
2025-08-06T10:59:29,3.385,3.4,3.382,3.39,2554.0
2025-08-06T10:59:30,3.395,3.4,3.395,3.3993,8019.0
2025-08-06T10:59:31,3.3946,3.3946,3.3912,3.3912,2327.0
2025-08-06T10:59:32,3.3955,3.4,3.3955,3.4,5402.0
2025-08-06T10:59:33,3.4,3.4099,3.4,3.4099,1456.0
2025-08-06T10:59:34,3.4,3.41,3.4,3.41,603.0
2025-08-06T10:59:35,3.4,3.4099,3.4,3.4099,1904.0
2025-08-06T10:59:36,3.4002,3.42,3.4002,3.41,7750.0
2025-08-06T10:59:37,3.4103,3.4103,3.4,3.4045,2322.0
2025-08-06T10:59:38,3.4099,3.4099,3.405,3.4089,1350.0
2025-08-06T10:59:40,3.4055,3.41,3.4055,3.41,2101.0
2025-08-06T10:59:41,3.4112,3.4112,3.4,3.41,8626.0
2025-08-06T10:59:42,3.4101,3.4102,3.41,3.41,1471.0
2025-08-06T10:59:43,3.42,3.42,3.41,3.41,823.0
2025-08-06T10:59:45,3.4154,3.4154,3.4101,3.4101,1161.0
2025-08-06T10:59:46,3.415,3.4199,3.415,3.4199,787.0
2025-08-06T10:59:47,3.415,3.415,3.4101,3.4101,1622.0
2025-08-06T10:59:48,3.411,3.4135,3.411,3.4135,977.0
2025-08-06T10:59:50,3.4199,3.4199,3.4199,3.4199,268.0
2025-08-06T10:59:52,3.4111,3.4111,3.4103,3.4103,249.0
2025-08-06T10:59:54,3.4107,3.415,3.4101,3.4101,3027.0
2025-08-06T10:59:55,3.41,3.411,3.41,3.4102,420.0
2025-08-06T10:59:56,3.4193,3.4195,3.4103,3.4195,3549.0
2025-08-06T10:59:58,3.4107,3.4107,3.4107,3.4107,534.0
2025-08-06T10:59:59,3.41,3.4101,3.41,3.4101,753.0
2025-08-06T11:00:00,3.415,3.415,3.415,3.415,1024.0
2025-08-06T11:00:01,3.41,3.41,3.41,3.41,5185.0
2025-08-06T11:00:03,3.4001,3.405,3.4001,3.405,1737.0
2025-08-06T11:00:04,3.4089,3.4095,3.4089,3.4095,2852.0
2025-08-06T11:00:05,3.405,3.4099,3.4,3.4,7620.0
2025-08-06T11:00:06,3.395,3.395,3.395,3.395,306.0
2025-08-06T11:00:07,3.3912,3.4,3.3907,3.3988,1881.0
2025-08-06T11:00:08,3.3988,3.3988,3.39,3.39,8848.0
2025-08-06T11:00:09,3.38,3.381,3.38,3.38,831.0
2025-08-06T11:00:10,3.385,3.385,3.38,3.38,1460.0
2025-08-06T11:00:11,3.38,3.3899,3.38,3.385,4945.0
2025-08-06T11:00:12,3.38,3.38,3.38,3.38,126.0
2025-08-06T11:00:13,3.3899,3.39,3.38,3.39,1160.0
2025-08-06T11:00:14,3.39,3.4007,3.3812,3.3911,7075.0
2025-08-06T11:00:15,3.395,3.3999,3.3912,3.3999,1374.0
2025-08-06T11:00:16,3.4,3.41,3.3912,3.4099,4609.0
2025-08-06T11:00:17,3.405,3.41,3.405,3.41,3074.0
2025-08-06T11:00:18,3.401,3.405,3.4001,3.4001,740.0
2025-08-06T11:00:19,3.41,3.41,3.41,3.41,182.0
2025-08-06T11:00:20,3.405,3.41,3.38,3.39,23183.0
2025-08-06T11:00:21,3.395,3.41,3.395,3.41,7417.0
2025-08-06T11:00:23,3.4,3.4,3.3901,3.3901,630.0
2025-08-06T11:00:24,3.3999,3.3999,3.39,3.39,1138.0
2025-08-06T11:00:27,3.39,3.3901,3.39,3.3901,511.0
2025-08-06T11:00:28,3.39,3.39,3.39,3.39,539.0
2025-08-06T11:00:29,3.4,3.4,3.395,3.395,854.0
2025-08-06T11:00:31,3.3946,3.3946,3.39,3.39,1101.0
2025-08-06T11:00:32,3.3993,3.3993,3.39,3.39,864.0
2025-08-06T11:00:33,3.39,3.395,3.39,3.395,478.0
2025-08-06T11:00:34,3.39,3.41,3.39,3.4054,5382.0
2025-08-06T11:00:35,3.4005,3.4099,3.4005,3.4099,2539.0
2025-08-06T11:00:37,3.41,3.41,3.41,3.41,155.0
2025-08-06T11:00:38,3.405,3.405,3.405,3.405,507.0
2025-08-06T11:00:39,3.41,3.41,3.4,3.4,661.0
2025-08-06T11:00:41,3.41,3.4191,3.41,3.4191,4143.0
2025-08-06T11:00:42,3.415,3.4199,3.415,3.4199,603.0
2025-08-06T11:00:43,3.4189,3.4189,3.4101,3.4101,1342.0
2025-08-06T11:00:44,3.42,3.4299,3.42,3.4245,5384.0
2025-08-06T11:00:45,3.4291,3.4299,3.4246,3.4246,1852.0
2025-08-06T11:00:46,3.425,3.425,3.425,3.425,399.0
2025-08-06T11:00:47,3.4299,3.4299,3.421,3.421,3091.0
2025-08-06T11:00:48,3.4201,3.4201,3.4201,3.4201,324.0
2025-08-06T11:00:49,3.425,3.425,3.42,3.42,300.0
2025-08-06T11:00:51,3.425,3.425,3.425,3.425,383.0
2025-08-06T11:00:52,3.4201,3.43,3.42,3.43,7714.0
2025-08-06T11:00:53,3.42,3.425,3.42,3.4201,6882.0
2025-08-06T11:00:54,3.4235,3.4235,3.4235,3.4235,810.0
2025-08-06T11:00:55,3.4254,3.4254,3.42,3.4201,8384.0
2025-08-06T11:00:56,3.4201,3.4201,3.4201,3.4201,222.0
2025-08-06T11:00:57,3.429,3.429,3.429,3.429,1960.0
2025-08-06T11:00:59,3.425,3.4255,3.425,3.4255,2261.0
2025-08-06T11:01:00,3.4203,3.4203,3.4203,3.4203,239.0
2025-08-06T11:01:02,3.42,3.4201,3.42,3.4201,653.0
2025-08-06T11:01:03,3.4207,3.4235,3.4207,3.421,750.0
2025-08-06T11:01:04,3.42,3.42,3.42,3.42,320.0
2025-08-06T11:01:05,3.42,3.43,3.42,3.43,1001.0
2025-08-06T11:01:06,3.4201,3.43,3.4201,3.425,3103.0
2025-08-06T11:01:07,3.4299,3.4299,3.4299,3.4299,525.0
2025-08-06T11:01:08,3.42,3.43,3.42,3.43,1195.0
2025-08-06T11:01:09,3.435,3.435,3.425,3.425,2526.0
2025-08-06T11:01:10,3.43,3.4308,3.43,3.4308,660.0
2025-08-06T11:01:11,3.435,3.435,3.43,3.43,3770.0
2025-08-06T11:01:13,3.4399,3.4399,3.4399,3.4399,339.0
2025-08-06T11:01:14,3.44,3.44,3.435,3.4391,4025.0
2025-08-06T11:01:15,3.43,3.45,3.43,3.45,10186.0
2025-08-06T11:01:16,3.45,3.46,3.45,3.46,7015.0
2025-08-06T11:01:17,3.4512,3.46,3.44,3.44,4235.0
2025-08-06T11:01:18,3.4301,3.4399,3.4301,3.4399,1870.0
2025-08-06T11:01:19,3.44,3.44,3.4399,3.4399,445.0
2025-08-06T11:01:20,3.435,3.4389,3.4345,3.4358,1335.0
2025-08-06T11:01:21,3.43,3.4391,3.43,3.435,2419.0
2025-08-06T11:01:22,3.435,3.438,3.43,3.435,4522.0
2025-08-06T11:01:23,3.44,3.45,3.44,3.45,8040.0
2025-08-06T11:01:24,3.44,3.44,3.44,3.44,852.0
2025-08-06T11:01:25,3.45,3.45,3.45,3.45,320.0
2025-08-06T11:01:26,3.4497,3.4497,3.4497,3.4497,158.0
2025-08-06T11:01:28,3.4499,3.4499,3.4488,3.4488,454.0
2025-08-06T11:01:29,3.445,3.4489,3.445,3.4468,746.0
2025-08-06T11:01:30,3.4499,3.4499,3.4499,3.4499,522.0
2025-08-06T11:01:31,3.4488,3.4488,3.4488,3.4488,500.0
2025-08-06T11:01:32,3.445,3.445,3.445,3.445,1033.0
2025-08-06T11:01:33,3.45,3.46,3.45,3.45,2048.0
2025-08-06T11:01:34,3.45,3.47,3.44,3.455,25194.0
2025-08-06T11:01:35,3.4399,3.47,3.4399,3.44,6274.0
2025-08-06T11:01:36,3.445,3.45,3.445,3.45,624.0
2025-08-06T11:01:37,3.4499,3.45,3.44,3.4497,2810.0
2025-08-06T11:01:38,3.4412,3.45,3.4412,3.45,498.0
2025-08-06T11:01:40,3.445,3.445,3.4401,3.4401,2042.0
2025-08-06T11:01:41,3.4497,3.4497,3.445,3.4488,748.0
2025-08-06T11:01:42,3.44,3.4401,3.42,3.43,12109.0
2025-08-06T11:01:43,3.429,3.429,3.4288,3.4288,525.0
2025-08-06T11:01:44,3.4254,3.44,3.4254,3.44,8951.0
2025-08-06T11:01:45,3.435,3.4386,3.43,3.431,3396.0
2025-08-06T11:01:46,3.43,3.43,3.43,3.43,487.0
2025-08-06T11:01:47,3.4399,3.4399,3.4399,3.4399,1546.0
2025-08-06T11:01:48,3.4395,3.4395,3.431,3.4388,1777.0
2025-08-06T11:01:49,3.4399,3.4399,3.435,3.435,646.0
2025-08-06T11:01:51,3.4389,3.4389,3.4389,3.4389,100.0
2025-08-06T11:01:52,3.4399,3.4399,3.4346,3.4346,808.0
2025-08-06T11:01:53,3.4397,3.4397,3.4397,3.4397,227.0
2025-08-06T11:01:54,3.44,3.44,3.44,3.44,100.0
2025-08-06T11:01:56,3.43,3.43,3.4211,3.4211,3124.0
2025-08-06T11:01:58,3.43,3.43,3.4245,3.4245,305.0
2025-08-06T11:01:59,3.43,3.44,3.43,3.44,2125.0
2025-08-06T11:02:01,3.44,3.44,3.4389,3.4389,217.0
2025-08-06T11:02:02,3.43,3.43,3.43,3.43,1623.0
2025-08-06T11:02:04,3.44,3.44,3.43,3.43,410.0
2025-08-06T11:02:06,3.43,3.43,3.43,3.43,884.0
2025-08-06T11:02:07,3.43,3.43,3.43,3.43,1066.0
2025-08-06T11:02:08,3.4203,3.4203,3.42,3.42,5096.0
2025-08-06T11:02:09,3.4199,3.42,3.4199,3.42,2665.0
2025-08-06T11:02:10,3.42,3.42,3.415,3.415,508.0
2025-08-06T11:02:11,3.4155,3.4155,3.3201,3.411,9895.0
2025-08-06T11:02:12,3.41,3.415,3.41,3.4112,2494.0
2025-08-06T11:02:13,3.4112,3.4188,3.41,3.415,828.0
2025-08-06T11:02:14,3.41,3.41,3.4,3.4,1082.0
2025-08-06T11:02:15,3.4099,3.4099,3.4,3.4,11785.0
2025-08-06T11:02:16,3.395,3.3955,3.39,3.395,957.0
2025-08-06T11:02:18,3.3912,3.3999,3.3912,3.3999,970.0
2025-08-06T11:02:19,3.39,3.39,3.39,3.39,230.0
2025-08-06T11:02:21,3.4,3.405,3.4,3.4,1794.0
2025-08-06T11:02:22,3.41,3.42,3.4098,3.4109,5390.0
2025-08-06T11:02:23,3.41,3.415,3.41,3.411,1203.0
2025-08-06T11:02:24,3.4188,3.4188,3.415,3.415,335.0
2025-08-06T11:02:25,3.4193,3.4193,3.4112,3.4112,682.0
2025-08-06T11:02:26,3.415,3.415,3.41,3.4112,1894.0
2025-08-06T11:02:28,3.415,3.415,3.415,3.415,221.0
2025-08-06T11:02:29,3.415,3.415,3.4109,3.4109,1087.0
2025-08-06T11:02:31,3.42,3.42,3.42,3.42,640.0
2025-08-06T11:02:32,3.4107,3.4107,3.4107,3.4107,1021.0
2025-08-06T11:02:33,3.42,3.42,3.42,3.42,1247.0
2025-08-06T11:02:34,3.415,3.42,3.41,3.42,2696.0
2025-08-06T11:02:35,3.42,3.42,3.42,3.42,800.0
2025-08-06T11:02:37,3.425,3.425,3.42,3.42,1232.0
2025-08-06T11:02:38,3.4101,3.415,3.4,3.4001,7400.0
2025-08-06T11:02:40,3.4098,3.4098,3.405,3.405,1449.0
2025-08-06T11:02:41,3.41,3.42,3.41,3.42,1443.0
2025-08-06T11:02:42,3.4111,3.4111,3.41,3.41,310.0
2025-08-06T11:02:43,3.41,3.43,3.4063,3.425,9459.0
2025-08-06T11:02:44,3.425,3.425,3.425,3.425,160.0
2025-08-06T11:02:45,3.43,3.43,3.43,3.43,2533.0
2025-08-06T11:02:46,3.42,3.4254,3.42,3.4208,936.0
2025-08-06T11:02:47,3.42,3.42,3.42,3.42,310.0
2025-08-06T11:02:48,3.42,3.422,3.42,3.422,1236.0
2025-08-06T11:02:49,3.425,3.425,3.41,3.415,2846.0
2025-08-06T11:02:50,3.4101,3.42,3.41,3.42,3692.0
2025-08-06T11:02:51,3.4296,3.4296,3.4296,3.4296,2025.0
2025-08-06T11:02:55,3.4208,3.4208,3.4208,3.4208,325.0
2025-08-06T11:02:56,3.4201,3.4293,3.4201,3.4293,1186.0
2025-08-06T11:02:59,3.4299,3.4299,3.425,3.425,2300.0
2025-08-06T11:03:01,3.42,3.42,3.4,3.4,18919.0
2025-08-06T11:03:02,3.41,3.41,3.41,3.41,2181.0
2025-08-06T11:03:03,3.42,3.43,3.4199,3.42,10495.0
2025-08-06T11:03:04,3.42,3.42,3.42,3.42,1324.0
2025-08-06T11:03:05,3.42,3.42,3.42,3.42,2100.0
2025-08-06T11:03:06,3.415,3.42,3.415,3.4189,6644.0
2025-08-06T11:03:07,3.42,3.42,3.42,3.42,1200.0
2025-08-06T11:03:08,3.425,3.425,3.42,3.425,4622.0
2025-08-06T11:03:10,3.4212,3.43,3.4212,3.43,348.0
2025-08-06T11:03:11,3.425,3.43,3.425,3.43,2243.0
2025-08-06T11:03:13,3.439,3.439,3.439,3.439,3063.0
2025-08-06T11:03:14,3.43,3.43,3.43,3.43,180.0
2025-08-06T11:03:15,3.4399,3.4399,3.4399,3.4399,400.0
2025-08-06T11:03:16,3.4307,3.4307,3.42,3.43,7417.0
2025-08-06T11:03:17,3.43,3.44,3.43,3.44,400.0
2025-08-06T11:03:18,3.42,3.42,3.42,3.42,168.0
2025-08-06T11:03:20,3.4306,3.4306,3.4306,3.4306,700.0
2025-08-06T11:03:22,3.44,3.44,3.44,3.44,129.0
2025-08-06T11:03:25,3.4301,3.4397,3.4301,3.4397,500.0
2025-08-06T11:03:27,3.4345,3.4345,3.4345,3.4345,500.0
2025-08-06T11:03:28,3.43,3.43,3.43,3.43,2220.0
2025-08-06T11:03:29,3.4301,3.4301,3.4301,3.4301,422.0
2025-08-06T11:03:30,3.43,3.4301,3.42,3.4301,8831.0
2025-08-06T11:03:31,3.42,3.4312,3.42,3.42,1865.0
2025-08-06T11:03:32,3.4145,3.4145,3.4145,3.4145,1500.0
2025-08-06T11:03:33,3.4112,3.4112,3.4112,3.4112,117.0
2025-08-06T11:03:34,3.419,3.419,3.415,3.415,250.0
2025-08-06T11:03:35,3.4188,3.4188,3.411,3.415,3248.0
2025-08-06T11:03:36,3.4193,3.4193,3.4193,3.4193,1000.0
2025-08-06T11:03:37,3.41,3.4112,3.41,3.41,1261.0
2025-08-06T11:03:39,3.41,3.42,3.41,3.42,2523.0
2025-08-06T11:03:40,3.41,3.415,3.41,3.415,262.0
2025-08-06T11:03:42,3.41,3.4193,3.41,3.4193,607.0
2025-08-06T11:03:43,3.415,3.415,3.415,3.415,117.0
2025-08-06T11:03:44,3.4112,3.4112,3.4112,3.4112,213.0
2025-08-06T11:03:45,3.4101,3.4101,3.4101,3.4101,366.0
2025-08-06T11:03:46,3.41,3.41,3.37,3.3814,43138.0
2025-08-06T11:03:47,3.3801,3.3988,3.3801,3.39,2439.0
2025-08-06T11:03:48,3.381,3.39,3.381,3.39,1066.0
2025-08-06T11:03:49,3.3945,3.3945,3.3945,3.3945,600.0
2025-08-06T11:03:50,3.395,3.4,3.39,3.3904,1721.0
2025-08-06T11:03:51,3.3908,3.3908,3.3845,3.3845,1825.0
2025-08-06T11:03:52,3.3899,3.3899,3.3801,3.3801,2537.0
2025-08-06T11:03:53,3.38,3.39,3.38,3.39,829.0
2025-08-06T11:03:54,3.38,3.39,3.38,3.39,1732.0
2025-08-06T11:03:55,3.3812,3.3954,3.3812,3.3954,6483.0
2025-08-06T11:03:56,3.39,3.4,3.39,3.4,2609.0
2025-08-06T11:03:57,3.4003,3.4003,3.3901,3.3901,1866.0
2025-08-06T11:03:58,3.41,3.42,3.4,3.42,5090.0
2025-08-06T11:03:59,3.41,3.4153,3.41,3.4153,2203.0
2025-08-06T11:04:00,3.41,3.4193,3.41,3.4112,6265.0
2025-08-06T11:04:01,3.41,3.4101,3.3301,3.4,9198.0
2025-08-06T11:04:02,3.405,3.405,3.405,3.405,168.0
2025-08-06T11:04:04,3.4,3.4098,3.4,3.4098,823.0
2025-08-06T11:04:05,3.4,3.4,3.4,3.4,310.0
2025-08-06T11:04:07,3.402,3.402,3.4,3.4,2307.0
2025-08-06T11:04:08,3.409,3.41,3.4,3.4001,2974.0
2025-08-06T11:04:09,3.402,3.41,3.402,3.41,2921.0
2025-08-06T11:04:11,3.4,3.41,3.3999,3.4,8726.0
2025-08-06T11:04:12,3.415,3.415,3.41,3.41,6389.0
2025-08-06T11:04:13,3.409,3.409,3.408,3.408,305.0
2025-08-06T11:04:14,3.4088,3.4088,3.4088,3.4088,200.0
2025-08-06T11:04:15,3.4012,3.4012,3.4012,3.4012,230.0
2025-08-06T11:04:16,3.4,3.4,3.4,3.4,412.0
2025-08-06T11:04:18,3.405,3.405,3.405,3.405,155.0
2025-08-06T11:04:19,3.41,3.41,3.41,3.41,560.0
2025-08-06T11:04:22,3.405,3.4088,3.405,3.4088,1570.0
2025-08-06T11:04:23,3.405,3.405,3.405,3.405,2017.0
2025-08-06T11:04:24,3.4055,3.4097,3.4055,3.4097,1110.0
2025-08-06T11:04:25,3.4089,3.4089,3.4089,3.4089,100.0
2025-08-06T11:04:26,3.4,3.405,3.39,3.3909,4496.0
2025-08-06T11:04:27,3.3999,3.3999,3.39,3.39,1100.0
2025-08-06T11:04:28,3.3901,3.3901,3.38,3.39,5867.0
2025-08-06T11:04:29,3.38,3.39,3.38,3.39,1106.0
2025-08-06T11:04:30,3.395,3.4,3.39,3.39,1491.0
2025-08-06T11:04:31,3.39,3.4,3.385,3.385,3531.0
2025-08-06T11:04:32,3.385,3.385,3.385,3.385,698.0
2025-08-06T11:04:33,3.38,3.38,3.38,3.38,1257.0
2025-08-06T11:04:34,3.38,3.3895,3.38,3.3895,299.0
2025-08-06T11:04:35,3.385,3.3898,3.3811,3.3811,737.0
2025-08-06T11:04:36,3.39,3.4,3.38,3.4,6575.0
2025-08-06T11:04:38,3.39,3.39,3.39,3.39,334.0
2025-08-06T11:04:39,3.395,3.395,3.395,3.395,102.0
2025-08-06T11:04:40,3.39,3.39,3.39,3.39,1160.0
2025-08-06T11:04:41,3.3835,3.39,3.38,3.38,1584.0
2025-08-06T11:04:42,3.3825,3.385,3.36,3.36,6552.0
2025-08-06T11:04:43,3.3699,3.38,3.3699,3.37,6333.0
2025-08-06T11:04:44,3.3742,3.3742,3.3742,3.3742,2584.0
2025-08-06T11:04:45,3.38,3.38,3.37,3.37,587.0
2025-08-06T11:04:46,3.3712,3.3712,3.3712,3.3712,790.0
2025-08-06T11:04:47,3.3789,3.3789,3.375,3.375,2143.0
2025-08-06T11:04:48,3.37,3.37,3.37,3.37,272.0
2025-08-06T11:04:49,3.3788,3.3788,3.37,3.37,4487.0
2025-08-06T11:04:50,3.3712,3.375,3.3701,3.3701,952.0
2025-08-06T11:04:51,3.3703,3.3788,3.3703,3.3788,223.0
2025-08-06T11:04:52,3.3706,3.375,3.3706,3.375,1704.0
2025-08-06T11:04:53,3.37,3.375,3.36,3.375,1187.0
2025-08-06T11:04:54,3.36,3.3689,3.36,3.3688,6435.0
2025-08-06T11:04:55,3.365,3.3698,3.3646,3.3646,4537.0
2025-08-06T11:04:56,3.3699,3.37,3.362,3.365,5579.0
2025-08-06T11:04:57,3.3693,3.37,3.36,3.37,1157.0
2025-08-06T11:04:58,3.3612,3.3612,3.3612,3.3612,343.0
2025-08-06T11:04:59,3.3655,3.37,3.365,3.365,1230.0
2025-08-06T11:05:00,3.36,3.37,3.36,3.37,3193.0
2025-08-06T11:05:01,3.37,3.37,3.37,3.37,6118.0
2025-08-06T11:05:02,3.3781,3.3781,3.3781,3.3781,100.0
2025-08-06T11:05:03,3.37,3.38,3.37,3.38,1892.0
2025-08-06T11:05:05,3.38,3.38,3.375,3.375,350.0
2025-08-06T11:05:06,3.3707,3.38,3.3707,3.38,1594.0
2025-08-06T11:05:07,3.3831,3.385,3.3803,3.3803,1052.0
2025-08-06T11:05:08,3.3899,3.3899,3.38,3.38,6600.0
2025-08-06T11:05:09,3.385,3.3853,3.385,3.3853,555.0
2025-08-06T11:05:10,3.3846,3.3897,3.3846,3.3897,2800.0
2025-08-06T11:05:11,3.385,3.385,3.385,3.385,298.0
2025-08-06T11:05:14,3.3855,3.3855,3.385,3.385,1421.0
2025-08-06T11:05:16,3.3897,3.3897,3.3897,3.3897,2005.0
2025-08-06T11:05:17,3.39,3.39,3.39,3.39,5240.0
2025-08-06T11:05:18,3.3855,3.3855,3.3855,3.3855,5600.0
2025-08-06T11:05:19,3.39,3.4099,3.385,3.4099,10735.0
2025-08-06T11:05:20,3.41,3.4201,3.41,3.4201,4808.0
2025-08-06T11:05:21,3.43,3.43,3.428,3.428,2144.0
2025-08-06T11:05:22,3.428,3.428,3.4209,3.4209,301.0
2025-08-06T11:05:23,3.43,3.43,3.4209,3.4209,6751.0
2025-08-06T11:05:24,3.4208,3.43,3.4208,3.4299,1659.0
2025-08-06T11:05:26,3.425,3.425,3.42,3.42,2926.0
2025-08-06T11:05:27,3.42,3.42,3.4145,3.4145,700.0
2025-08-06T11:05:28,3.4193,3.4193,3.4193,3.4193,906.0
2025-08-06T11:05:29,3.42,3.42,3.42,3.42,2000.0
2025-08-06T11:05:30,3.415,3.415,3.415,3.415,123.0
2025-08-06T11:05:31,3.4107,3.4107,3.4107,3.4107,768.0
2025-08-06T11:05:32,3.42,3.42,3.42,3.42,140.0
2025-08-06T11:05:33,3.42,3.42,3.42,3.42,280.0
2025-08-06T11:05:34,3.42,3.42,3.415,3.415,3848.0
2025-08-06T11:05:35,3.4101,3.4101,3.4101,3.4101,100.0
2025-08-06T11:05:36,3.415,3.415,3.415,3.415,174.0
2025-08-06T11:05:38,3.4109,3.4109,3.4109,3.4109,221.0
2025-08-06T11:05:41,3.412,3.415,3.412,3.415,1786.0
2025-08-06T11:05:42,3.415,3.4189,3.4101,3.4189,400.0
2025-08-06T11:05:43,3.42,3.42,3.42,3.42,341.0
2025-08-06T11:05:45,3.4188,3.4188,3.4188,3.4188,201.0
2025-08-06T11:05:46,3.4111,3.4111,3.4111,3.4111,146.0
2025-08-06T11:05:47,3.41,3.41,3.41,3.41,101.0
2025-08-06T11:05:48,3.415,3.415,3.4109,3.4109,1221.0
2025-08-06T11:05:50,3.42,3.42,3.41,3.41,847.0
2025-08-06T11:05:52,3.41,3.41,3.41,3.41,457.0
2025-08-06T11:05:53,3.415,3.42,3.415,3.42,600.0
2025-08-06T11:05:54,3.4199,3.4199,3.4199,3.4199,185.0
2025-08-06T11:05:55,3.4109,3.4109,3.4109,3.4109,277.0
2025-08-06T11:05:56,3.4188,3.4188,3.4132,3.4132,511.0
2025-08-06T11:05:57,3.4189,3.44,3.415,3.44,16293.0
2025-08-06T11:05:58,3.44,3.4401,3.435,3.44,9674.0
2025-08-06T11:05:59,3.44,3.44,3.4301,3.4301,1000.0
2025-08-06T11:06:00,3.43,3.45,3.43,3.45,1073.0
2025-08-06T11:06:03,3.4401,3.4401,3.44,3.44,7103.0
2025-08-06T11:06:04,3.4388,3.4388,3.43,3.43,300.0
2025-08-06T11:06:05,3.43,3.43,3.43,3.43,1004.0
2025-08-06T11:06:06,3.4387,3.4387,3.4387,3.4387,878.0
2025-08-06T11:06:09,3.4399,3.4399,3.4388,3.4388,869.0
2025-08-06T11:06:10,3.43,3.43,3.42,3.42,400.0
2025-08-06T11:06:11,3.4298,3.4299,3.42,3.42,670.0
2025-08-06T11:06:12,3.42,3.42,3.4165,3.4165,850.0
2025-08-06T11:06:13,3.4109,3.415,3.4109,3.415,1387.0
2025-08-06T11:06:15,3.411,3.411,3.4,3.4,12092.0
2025-08-06T11:06:16,3.4,3.4,3.4,3.4,500.0
2025-08-06T11:06:17,3.4,3.4,3.4,3.4,2118.0
2025-08-06T11:06:20,3.3999,3.3999,3.3988,3.3988,519.0
2025-08-06T11:06:22,3.39,3.395,3.39,3.3916,3111.0
2025-08-06T11:06:23,3.3999,3.41,3.3999,3.41,5337.0
2025-08-06T11:06:24,3.41,3.41,3.41,3.41,1040.0
2025-08-06T11:06:28,3.42,3.42,3.42,3.42,1409.0
2025-08-06T11:06:30,3.42,3.4212,3.42,3.4212,1256.0
2025-08-06T11:06:31,3.43,3.43,3.43,3.43,1146.0
2025-08-06T11:06:32,3.42,3.42,3.42,3.42,2011.0
2025-08-06T11:06:33,3.4289,3.4289,3.4289,3.4289,105.0
2025-08-06T11:06:34,3.4201,3.4299,3.4201,3.4299,200.0
2025-08-06T11:06:35,3.423,3.423,3.423,3.423,100.0
2025-08-06T11:06:36,3.4288,3.4288,3.4288,3.4288,105.0
2025-08-06T11:06:37,3.43,3.43,3.43,3.43,500.0
2025-08-06T11:06:38,3.4296,3.4296,3.4201,3.4201,2223.0
2025-08-06T11:06:44,3.425,3.425,3.42,3.4207,8500.0
2025-08-06T11:06:45,3.4207,3.4207,3.4207,3.4207,308.0
2025-08-06T11:06:47,3.43,3.43,3.425,3.4265,2200.0
2025-08-06T11:06:48,3.4212,3.4293,3.4212,3.4293,922.0
2025-08-06T11:06:50,3.42,3.42,3.42,3.42,101.0
2025-08-06T11:06:52,3.4212,3.4212,3.42,3.42,530.0
2025-08-06T11:06:53,3.4208,3.43,3.4208,3.43,7040.0
2025-08-06T11:07:00,3.425,3.4299,3.425,3.4299,511.0
2025-08-06T11:07:02,3.43,3.43,3.43,3.43,5366.0
2025-08-06T11:07:03,3.44,3.44,3.4335,3.4335,301.0
2025-08-06T11:07:05,3.435,3.435,3.42,3.42,2033.0
2025-08-06T11:07:07,3.4219,3.4219,3.4219,3.4219,101.0
2025-08-06T11:07:08,3.42,3.42,3.4114,3.4114,1838.0
2025-08-06T11:07:11,3.415,3.4197,3.415,3.4197,250.0
2025-08-06T11:07:13,3.4191,3.4191,3.4191,3.4191,231.0
2025-08-06T11:07:15,3.41,3.41,3.41,3.41,210.0
2025-08-06T11:07:16,3.42,3.42,3.42,3.42,1136.0
2025-08-06T11:07:17,3.41,3.41,3.41,3.41,584.0
2025-08-06T11:07:19,3.4099,3.4099,3.4099,3.4099,3042.0
2025-08-06T11:07:22,3.4068,3.4068,3.4068,3.4068,100.0
2025-08-06T11:07:23,3.4045,3.4095,3.4012,3.4095,7878.0
2025-08-06T11:07:25,3.4001,3.4001,3.4001,3.4001,115.0
2025-08-06T11:07:26,3.405,3.4098,3.405,3.4098,987.0
2025-08-06T11:07:28,3.41,3.41,3.41,3.41,566.0
2025-08-06T11:07:31,3.4,3.41,3.4,3.4,12473.0
2025-08-06T11:07:32,3.395,3.395,3.39,3.39,651.0
2025-08-06T11:07:34,3.39,3.395,3.38,3.3801,5722.0
2025-08-06T11:07:35,3.3816,3.3893,3.3804,3.3893,3475.0
2025-08-06T11:07:36,3.39,3.4,3.39,3.4,2179.0
2025-08-06T11:07:37,3.39,3.39,3.39,3.39,105.0
2025-08-06T11:07:40,3.39,3.3992,3.39,3.3911,581.0
2025-08-06T11:07:42,3.3912,3.3912,3.3912,3.3912,214.0
2025-08-06T11:07:43,3.4,3.4,3.4,3.4,225.0
2025-08-06T11:07:45,3.4,3.4,3.4,3.4,471.0
2025-08-06T11:07:46,3.395,3.395,3.395,3.395,143.0
2025-08-06T11:07:47,3.3912,3.3912,3.3912,3.3912,190.0
2025-08-06T11:07:48,3.39,3.39,3.3899,3.39,6891.0
2025-08-06T11:07:49,3.39,3.3909,3.39,3.3909,793.0
2025-08-06T11:07:50,3.39,3.3999,3.39,3.3999,2398.0
2025-08-06T11:07:52,3.39,3.3912,3.39,3.3912,417.0
2025-08-06T11:07:53,3.39,3.3901,3.39,3.3901,915.0
2025-08-06T11:07:56,3.395,3.395,3.39,3.39,548.0
2025-08-06T11:07:57,3.385,3.385,3.38,3.3801,7481.0
2025-08-06T11:07:59,3.385,3.385,3.385,3.385,213.0
2025-08-06T11:08:00,3.38,3.3899,3.38,3.3899,1661.0
2025-08-06T11:08:01,3.385,3.385,3.385,3.385,600.0
2025-08-06T11:08:03,3.3849,3.39,3.3849,3.39,902.0
2025-08-06T11:08:04,3.39,3.39,3.39,3.39,192.0
2025-08-06T11:08:05,3.3981,3.3981,3.3981,3.3981,100.0
2025-08-06T11:08:07,3.3945,3.3945,3.3912,3.3912,406.0
2025-08-06T11:08:10,3.395,3.395,3.395,3.395,534.0
2025-08-06T11:08:11,3.3907,3.3907,3.3907,3.3907,1000.0
2025-08-06T11:08:12,3.39,3.3964,3.39,3.3964,858.0
2025-08-06T11:08:14,3.4,3.4,3.4,3.4,351.0
2025-08-06T11:08:15,3.395,3.395,3.395,3.395,1687.0
2025-08-06T11:08:16,3.4,3.4,3.3999,3.3999,810.0
2025-08-06T11:08:17,3.3907,3.3907,3.39,3.39,715.0
2025-08-06T11:08:18,3.4,3.4,3.4,3.4,511.0
2025-08-06T11:08:19,3.3993,3.3993,3.395,3.395,995.0
2025-08-06T11:08:21,3.3901,3.3901,3.3901,3.3901,212.0
2025-08-06T11:08:22,3.395,3.395,3.395,3.395,354.0
2025-08-06T11:08:23,3.39,3.39,3.39,3.39,261.0
2025-08-06T11:08:25,3.39,3.39,3.39,3.39,732.0
2025-08-06T11:08:27,3.39,3.39,3.39,3.39,506.0
2025-08-06T11:08:28,3.3999,3.3999,3.3999,3.3999,100.0
2025-08-06T11:08:29,3.391,3.395,3.391,3.3911,351.0
2025-08-06T11:08:35,3.39,3.39,3.39,3.39,500.0
2025-08-06T11:08:39,3.3901,3.3901,3.3901,3.3901,226.0
2025-08-06T11:08:42,3.3908,3.3908,3.3908,3.3908,434.0
2025-08-06T11:08:44,3.3901,3.3901,3.3901,3.3901,273.0
2025-08-06T11:08:45,3.39,3.395,3.39,3.395,1435.0
2025-08-06T11:08:46,3.3911,3.3911,3.3911,3.3911,110.0
2025-08-06T11:08:48,3.4,3.4,3.3999,3.3999,4175.0
2025-08-06T11:08:49,3.39,3.39,3.39,3.39,679.0
2025-08-06T11:08:50,3.4,3.4,3.4,3.4,6013.0
2025-08-06T11:08:51,3.41,3.41,3.38,3.395,15866.0
2025-08-06T11:08:58,3.3901,3.3901,3.3901,3.3901,420.0
2025-08-06T11:09:00,3.4,3.4,3.4,3.4,1503.0
2025-08-06T11:09:04,3.4088,3.4088,3.4012,3.4012,308.0
2025-08-06T11:09:05,3.41,3.41,3.41,3.41,1377.0
2025-08-06T11:09:07,3.415,3.4196,3.415,3.4196,5036.0
2025-08-06T11:09:10,3.41,3.41,3.41,3.41,288.0
2025-08-06T11:09:11,3.41,3.42,3.41,3.42,1307.0
2025-08-06T11:09:12,3.4101,3.4101,3.4101,3.4101,100.0
2025-08-06T11:09:14,3.4191,3.42,3.415,3.42,2181.0
2025-08-06T11:09:15,3.415,3.425,3.415,3.425,7855.0
2025-08-06T11:09:16,3.4201,3.4201,3.4201,3.4201,236.0
2025-08-06T11:09:19,3.4204,3.4204,3.4204,3.4204,2000.0
2025-08-06T11:09:21,3.42,3.42,3.415,3.415,4037.0
2025-08-06T11:09:22,3.4101,3.4101,3.4101,3.4101,2000.0
2025-08-06T11:09:26,3.4189,3.4189,3.4189,3.4189,150.0
2025-08-06T11:09:28,3.417,3.417,3.417,3.417,100.0
2025-08-06T11:09:30,3.42,3.42,3.415,3.42,673.0
2025-08-06T11:09:33,3.41,3.41,3.41,3.41,2297.0
2025-08-06T11:09:38,3.415,3.415,3.415,3.415,250.0
2025-08-06T11:09:39,3.4189,3.4189,3.4189,3.4189,1527.0
2025-08-06T11:09:41,3.41,3.4153,3.41,3.4153,762.0
2025-08-06T11:09:42,3.4188,3.4188,3.41,3.41,2895.0
2025-08-06T11:09:44,3.405,3.41,3.405,3.4099,1802.0
2025-08-06T11:09:45,3.41,3.42,3.405,3.42,8013.0
2025-08-06T11:09:46,3.4145,3.42,3.4145,3.42,3032.0
2025-08-06T11:09:47,3.42,3.43,3.42,3.43,17068.0
2025-08-06T11:09:48,3.44,3.45,3.425,3.45,11419.0
2025-08-06T11:09:49,3.4499,3.4499,3.44,3.44,2954.0
2025-08-06T11:09:50,3.4399,3.44,3.4312,3.44,1226.0
2025-08-06T11:09:51,3.44,3.44,3.4397,3.4397,3902.0
2025-08-06T11:09:53,3.44,3.44,3.44,3.44,441.0
2025-08-06T11:09:54,3.4311,3.4311,3.4311,3.4311,129.0
2025-08-06T11:09:55,3.43,3.4399,3.43,3.4399,201.0
2025-08-06T11:09:56,3.4311,3.4311,3.43,3.43,749.0
2025-08-06T11:09:57,3.4303,3.4303,3.4303,3.4303,2005.0
2025-08-06T11:10:02,3.43,3.435,3.42,3.42,11304.0
2025-08-06T11:10:03,3.41,3.41,3.41,3.41,318.0
2025-08-06T11:10:04,3.41,3.44,3.41,3.43,9346.0
2025-08-06T11:10:05,3.425,3.425,3.425,3.425,100.0
2025-08-06T11:10:07,3.42,3.4211,3.42,3.4211,1500.0
2025-08-06T11:10:08,3.42,3.42,3.42,3.42,2002.0
2025-08-06T11:10:09,3.42,3.4201,3.41,3.41,5289.0
2025-08-06T11:10:10,3.42,3.42,3.42,3.42,1417.0
2025-08-06T11:10:11,3.4245,3.4245,3.4245,3.4245,2552.0
2025-08-06T11:10:12,3.425,3.425,3.425,3.425,101.0
2025-08-06T11:10:13,3.42,3.42,3.42,3.42,1046.0
2025-08-06T11:10:15,3.42,3.43,3.42,3.43,1296.0
2025-08-06T11:10:16,3.43,3.43,3.43,3.43,1639.0
2025-08-06T11:10:20,3.4299,3.4299,3.4202,3.4299,7340.0
2025-08-06T11:10:21,3.43,3.43,3.43,3.43,882.0
2025-08-06T11:10:23,3.43,3.44,3.43,3.4392,14246.0
2025-08-06T11:10:24,3.44,3.44,3.44,3.44,163.0
2025-08-06T11:10:26,3.4345,3.4345,3.4345,3.4345,400.0
2025-08-06T11:10:27,3.43,3.435,3.43,3.43,1553.0
2025-08-06T11:10:28,3.4289,3.4289,3.4289,3.4289,100.0
2025-08-06T11:10:29,3.42,3.42,3.42,3.42,4001.0
2025-08-06T11:10:32,3.42,3.42,3.42,3.42,908.0
2025-08-06T11:10:33,3.4199,3.425,3.4199,3.425,1138.0
2025-08-06T11:10:35,3.41,3.41,3.4,3.4,6327.0
2025-08-06T11:10:36,3.4,3.4,3.4,3.4,500.0
2025-08-06T11:10:38,3.405,3.405,3.4,3.4,5164.0
2025-08-06T11:10:40,3.4089,3.4089,3.4,3.4,826.0
2025-08-06T11:10:41,3.4,3.4,3.4,3.4,2052.0
2025-08-06T11:10:42,3.401,3.401,3.4,3.4,3615.0
2025-08-06T11:10:43,3.3948,3.3948,3.3948,3.3948,2056.0
2025-08-06T11:10:48,3.3988,3.3988,3.3988,3.3988,138.0
2025-08-06T11:10:51,3.39,3.3901,3.39,3.3901,302.0
2025-08-06T11:10:54,3.395,3.395,3.395,3.395,372.0
2025-08-06T11:10:55,3.3902,3.395,3.3902,3.395,601.0
2025-08-06T11:10:56,3.3912,3.3912,3.3912,3.3912,113.0
2025-08-06T11:10:57,3.39,3.39,3.39,3.39,1126.0
2025-08-06T11:10:58,3.3812,3.3812,3.3812,3.3812,242.0
2025-08-06T11:10:59,3.38,3.3801,3.37,3.38,19372.0
2025-08-06T11:11:01,3.38,3.39,3.379,3.38,2109.0
2025-08-06T11:11:07,3.39,3.4,3.39,3.4,3700.0
2025-08-06T11:11:08,3.4,3.4,3.4,3.4,844.0
2025-08-06T11:11:09,3.4099,3.41,3.4099,3.41,4619.0
2025-08-06T11:11:10,3.4,3.4,3.4,3.4,521.0
2025-08-06T11:11:11,3.405,3.405,3.405,3.405,150.0
2025-08-06T11:11:13,3.4012,3.41,3.4,3.4,3450.0
2025-08-06T11:11:14,3.3946,3.3946,3.3946,3.3946,150.0
2025-08-06T11:11:16,3.4,3.4,3.4,3.4,2007.0
2025-08-06T11:11:18,3.39,3.39,3.39,3.39,341.0
2025-08-06T11:11:22,3.3908,3.3908,3.39,3.39,1247.0
2025-08-06T11:11:25,3.39,3.39,3.3893,3.3893,601.0
2025-08-06T11:11:27,3.38,3.3888,3.38,3.3888,578.0
2025-08-06T11:11:30,3.3893,3.3893,3.3893,3.3893,969.0
2025-08-06T11:11:31,3.3801,3.3801,3.3801,3.3801,2500.0
2025-08-06T11:11:32,3.38,3.4,3.38,3.4,12087.0
2025-08-06T11:11:33,3.3912,3.3912,3.3912,3.3912,235.0
2025-08-06T11:11:34,3.395,3.41,3.395,3.4,8160.0
2025-08-06T11:11:35,3.3912,3.42,3.3912,3.41,4668.0
2025-08-06T11:11:37,3.42,3.43,3.4199,3.4199,10218.0
2025-08-06T11:11:38,3.425,3.425,3.425,3.425,5000.0
2025-08-06T11:11:41,3.42,3.42,3.4,3.4,5728.0
2025-08-06T11:11:42,3.4,3.41,3.3992,3.3992,1691.0
2025-08-06T11:11:43,3.39,3.4,3.39,3.4,1359.0
2025-08-06T11:11:45,3.4093,3.4093,3.4093,3.4093,650.0
2025-08-06T11:11:46,3.4091,3.4091,3.4091,3.4091,236.0
2025-08-06T11:11:47,3.409,3.42,3.409,3.41,13359.0
2025-08-06T11:11:48,3.409,3.409,3.4,3.4,2150.0
2025-08-06T11:11:49,3.4,3.41,3.4,3.405,14407.0
2025-08-06T11:11:52,3.4,3.4,3.4,3.4,211.0
2025-08-06T11:11:53,3.405,3.42,3.405,3.42,22401.0
2025-08-06T11:11:54,3.4102,3.4102,3.4102,3.4102,105.0
2025-08-06T11:11:55,3.41,3.415,3.41,3.415,650.0
2025-08-06T11:11:56,3.4103,3.4103,3.41,3.41,691.0
2025-08-06T11:11:57,3.413,3.413,3.41,3.41,720.0
2025-08-06T11:11:58,3.41,3.41,3.4,3.4,4058.0
2025-08-06T11:12:00,3.4,3.4,3.4,3.4,151.0
2025-08-06T11:12:01,3.4012,3.4012,3.4001,3.4001,2487.0
2025-08-06T11:12:03,3.4,3.4,3.4,3.4,377.0
2025-08-06T11:12:04,3.4001,3.4001,3.4001,3.4001,134.0
2025-08-06T11:12:06,3.4001,3.4001,3.4001,3.4001,870.0
2025-08-06T11:12:08,3.4,3.405,3.4,3.405,712.0
2025-08-06T11:12:09,3.41,3.41,3.405,3.41,5000.0
2025-08-06T11:12:11,3.41,3.41,3.41,3.41,2000.0
2025-08-06T11:12:12,3.4099,3.4099,3.4099,3.4099,1060.0
2025-08-06T11:12:13,3.41,3.42,3.41,3.42,1340.0
2025-08-06T11:12:14,3.41,3.42,3.4099,3.41,34304.0
2025-08-06T11:12:15,3.42,3.45,3.41,3.4499,29134.0
2025-08-06T11:12:16,3.445,3.445,3.4355,3.4399,6150.0
2025-08-06T11:12:17,3.4399,3.4499,3.4399,3.4499,10936.0
2025-08-06T11:12:18,3.45,3.45,3.44,3.45,14512.0
2025-08-06T11:12:19,3.45,3.46,3.44,3.45,5639.0
2025-08-06T11:12:20,3.451,3.451,3.4412,3.4412,856.0
2025-08-06T11:12:21,3.45,3.46,3.43,3.43,8939.0
2025-08-06T11:12:24,3.4309,3.44,3.4101,3.4193,15703.0
2025-08-06T11:12:25,3.415,3.42,3.4101,3.42,5225.0
2025-08-06T11:12:26,3.41,3.46,3.41,3.45,35013.0
2025-08-06T11:12:27,3.45,3.5,3.45,3.4607,27096.0
2025-08-06T11:12:28,3.469,3.49,3.465,3.49,2496.0
2025-08-06T11:12:29,3.49,3.53,3.4712,3.5,28266.0
2025-08-06T11:12:30,3.5,3.51,3.5,3.51,11547.0
2025-08-06T11:12:31,3.5,3.52,3.5,3.52,6780.0
2025-08-06T11:12:32,3.53,3.53,3.52,3.5299,10966.0
2025-08-06T11:12:33,3.52,3.52,3.51,3.515,11755.0
2025-08-06T11:12:34,3.52,3.52,3.5,3.52,9341.0
2025-08-06T11:12:35,3.5002,3.5101,3.49,3.4989,9695.0
2025-08-06T11:12:36,3.4992,3.51,3.4992,3.51,8360.0
2025-08-06T11:12:37,3.5,3.5054,3.47,3.48,6536.0
2025-08-06T11:12:38,3.4899,3.5699,3.47,3.48,19825.0
2025-08-06T11:12:39,3.4891,3.51,3.48,3.51,8366.0
2025-08-06T11:12:40,3.51,3.51,3.5,3.5,5621.0
2025-08-06T11:12:41,3.505,3.52,3.5,3.52,8473.0
2025-08-06T11:12:42,3.52,3.52,3.51,3.5188,2188.0
2025-08-06T11:12:43,3.5102,3.52,3.505,3.5088,2017.0
2025-08-06T11:12:44,3.5093,3.52,3.5,3.51,9860.0
2025-08-06T11:12:45,3.52,3.52,3.515,3.515,1335.0
2025-08-06T11:12:46,3.515,3.52,3.515,3.52,2811.0
2025-08-06T11:12:47,3.5199,3.5199,3.5199,3.5199,213.0
2025-08-06T11:12:48,3.5188,3.5188,3.515,3.515,637.0
2025-08-06T11:12:49,3.51,3.5188,3.51,3.5188,932.0
2025-08-06T11:12:50,3.51,3.5199,3.51,3.5199,1908.0
2025-08-06T11:12:52,3.5101,3.5145,3.51,3.51,1256.0
2025-08-06T11:12:53,3.52,3.52,3.51,3.51,6587.0
2025-08-06T11:12:54,3.52,3.52,3.51,3.5112,2239.0
2025-08-06T11:12:56,3.51,3.5101,3.51,3.51,1982.0
2025-08-06T11:12:57,3.51,3.51,3.5,3.5,5064.0
2025-08-06T11:12:58,3.515,3.515,3.5,3.5,13109.0
2025-08-06T11:12:59,3.49,3.5,3.47,3.490549,16169.0
2025-08-06T11:13:00,3.5095,3.52,3.5085,3.51,9840.0
2025-08-06T11:13:01,3.5101,3.5101,3.5101,3.5101,322.0
2025-08-06T11:13:02,3.52,3.52,3.51,3.52,7496.0
2025-08-06T11:13:03,3.5,3.5,3.5,3.5,250.0
2025-08-06T11:13:04,3.5,3.5,3.5,3.5,158.0
2025-08-06T11:13:05,3.5054,3.5054,3.5054,3.5054,2518.0
2025-08-06T11:13:06,3.509,3.509,3.5,3.5,550.0
2025-08-06T11:13:07,3.5,3.5,3.5,3.5,186.0
2025-08-06T11:13:08,3.5,3.5001,3.5,3.5001,633.0
2025-08-06T11:13:09,3.505,3.505,3.505,3.505,300.0
2025-08-06T11:13:10,3.5093,3.51,3.5,3.51,2235.0
2025-08-06T11:13:11,3.5,3.51,3.5,3.51,2590.0
2025-08-06T11:13:12,3.52,3.52,3.515,3.515,2116.0
2025-08-06T11:13:13,3.52,3.522,3.52,3.52,13502.0
2025-08-06T11:13:14,3.525,3.53,3.52,3.525,3181.0
2025-08-06T11:13:15,3.5288,3.53,3.5202,3.53,8485.0
2025-08-06T11:13:16,3.5299,3.54,3.5207,3.53,25646.0
2025-08-06T11:13:17,3.525,3.59,3.525,3.5892,43617.0
2025-08-06T11:13:18,3.59,3.59,3.54,3.56,69065.0
2025-08-06T11:13:19,3.5412,3.58,3.5412,3.56,9542.0
2025-08-06T11:13:20,3.5607,3.565,3.56,3.56,3872.0
2025-08-06T11:13:21,3.5599,3.5599,3.5501,3.5501,1703.0
2025-08-06T11:13:22,3.555,3.555,3.555,3.555,362.0
2025-08-06T11:13:23,3.56,3.56,3.55,3.5589,2111.0
2025-08-06T11:13:24,3.56,3.56,3.5509,3.5509,1572.0
2025-08-06T11:13:25,3.56,3.56,3.5599,3.56,2682.0
2025-08-06T11:13:26,3.56,3.56,3.5588,3.5588,656.0
2025-08-06T11:13:27,3.555,3.56,3.5507,3.5507,1431.0
2025-08-06T11:13:28,3.555,3.555,3.52,3.53,14230.0
2025-08-06T11:13:29,3.52,3.52,3.52,3.52,560.0
2025-08-06T11:13:30,3.54,3.54,3.527,3.535,12805.0
2025-08-06T11:13:31,3.5309,3.54,3.5301,3.5301,7361.0
2025-08-06T11:13:32,3.54,3.54,3.54,3.54,554.0
2025-08-06T11:13:33,3.5399,3.54,3.5399,3.54,4495.0
2025-08-06T11:13:34,3.54,3.55,3.5363,3.5363,10805.0
2025-08-06T11:13:35,3.55,3.55,3.5499,3.5499,382.0
2025-08-06T11:13:36,3.55,3.56,3.53,3.53,8784.0
2025-08-06T11:13:37,3.54,3.54,3.53,3.53,781.0
2025-08-06T11:13:38,3.53,3.53,3.53,3.53,521.0
2025-08-06T11:13:39,3.521,3.53,3.52,3.5203,3487.0
2025-08-06T11:13:40,3.525,3.53,3.52,3.52,1019.0
2025-08-06T11:13:41,3.52,3.52,3.52,3.52,357.0
2025-08-06T11:13:42,3.5291,3.5299,3.525,3.525,1020.0
2025-08-06T11:13:43,3.53,3.53,3.5212,3.5212,397.0
2025-08-06T11:13:44,3.52,3.53,3.52,3.5299,5386.0
2025-08-06T11:13:45,3.53,3.53,3.52,3.52,2800.0
2025-08-06T11:13:46,3.52,3.52,3.5035,3.5035,7157.0
2025-08-06T11:13:47,3.5,3.5009,3.49,3.49,23131.0
2025-08-06T11:13:48,3.49,3.495,3.48,3.49,11027.0
2025-08-06T11:13:49,3.49,3.501,3.46,3.485,21549.0
2025-08-06T11:13:50,3.4899,3.49,3.47,3.4899,7604.0
2025-08-06T11:13:51,3.5,3.5,3.4899,3.49,12306.0
2025-08-06T11:13:52,3.49,3.529,3.49,3.529,11069.0
2025-08-06T11:13:53,3.5299,3.5299,3.5299,3.5299,2096.0
2025-08-06T11:13:54,3.5281,3.5281,3.5192,3.52,1299.0
2025-08-06T11:13:55,3.5294,3.5294,3.5294,3.5294,500.0
2025-08-06T11:13:56,3.52,3.52,3.5146,3.52,2966.0
2025-08-06T11:13:57,3.51,3.52,3.5,3.5101,3282.0
2025-08-06T11:13:59,3.51,3.51,3.51,3.51,713.0
2025-08-06T11:14:00,3.5097,3.51,3.5097,3.51,510.0
2025-08-06T11:14:01,3.51,3.5189,3.51,3.5189,1008.0
2025-08-06T11:14:04,3.5188,3.5188,3.5188,3.5188,180.0
2025-08-06T11:14:06,3.5111,3.5111,3.51,3.5101,1729.0
2025-08-06T11:14:07,3.5199,3.52,3.515,3.5199,3937.0
2025-08-06T11:14:08,3.52,3.531,3.51,3.51,12642.0
2025-08-06T11:14:09,3.52,3.53,3.52,3.53,1106.0
2025-08-06T11:14:10,3.5207,3.5207,3.5207,3.5207,520.0
2025-08-06T11:14:11,3.53,3.53,3.51,3.51,4250.0
2025-08-06T11:14:12,3.5199,3.52,3.5199,3.52,525.0
2025-08-06T11:14:14,3.5109,3.55,3.5109,3.54,17138.0
2025-08-06T11:14:15,3.54,3.54,3.53,3.53,5400.0
2025-08-06T11:14:16,3.5313,3.55,3.5313,3.535,4092.0
2025-08-06T11:14:17,3.53,3.5355,3.53,3.5355,276.0
2025-08-06T11:14:18,3.5365,3.54,3.535,3.54,10776.0
2025-08-06T11:14:19,3.5499,3.55,3.54,3.5407,7150.0
2025-08-06T11:14:20,3.548,3.56,3.548,3.56,3681.0
2025-08-06T11:14:21,3.56,3.56,3.55,3.56,3017.0
2025-08-06T11:14:22,3.56,3.58,3.5599,3.57,18738.0
2025-08-06T11:14:23,3.58,3.59,3.56,3.58,15439.0
2025-08-06T11:14:24,3.5601,3.5799,3.5601,3.576,6939.0
2025-08-06T11:14:25,3.576,3.6,3.576,3.588,15948.0
2025-08-06T11:14:26,3.59,3.599,3.5801,3.599,3956.0
2025-08-06T11:14:27,3.59,3.59,3.57,3.57,12647.0
2025-08-06T11:14:28,3.565,3.57,3.56,3.5688,5461.0
2025-08-06T11:14:29,3.56,3.57,3.53,3.535,13821.0
2025-08-06T11:14:30,3.54,3.55,3.5301,3.5389,5165.0
2025-08-06T11:14:31,3.535,3.5498,3.5309,3.5498,3136.0
2025-08-06T11:14:32,3.545,3.545,3.53,3.53,7404.0
2025-08-06T11:14:33,3.54,3.55,3.535,3.535,13645.0
2025-08-06T11:14:34,3.54,3.54,3.53,3.53,7222.0
2025-08-06T11:14:35,3.5205,3.5205,3.52,3.52,4744.0
2025-08-06T11:14:36,3.5297,3.5297,3.51,3.519,8545.0
2025-08-06T11:14:37,3.5193,3.5193,3.51,3.5101,4518.0
2025-08-06T11:14:38,3.511,3.5199,3.511,3.5199,239.0
2025-08-06T11:14:39,3.51,3.52,3.51,3.51,3571.0
2025-08-06T11:14:40,3.51,3.519,3.51,3.519,2259.0
2025-08-06T11:14:41,3.512,3.5199,3.512,3.5199,253.0
2025-08-06T11:14:42,3.5198,3.52,3.5155,3.5189,5488.0
2025-08-06T11:14:44,3.5168,3.5168,3.5168,3.5168,101.0
2025-08-06T11:14:45,3.517699,3.52,3.517699,3.52,515.0
2025-08-06T11:14:46,3.52,3.525,3.52,3.52,2514.0
2025-08-06T11:14:47,3.53,3.53,3.53,3.53,490.0
2025-08-06T11:14:48,3.53,3.53,3.5212,3.5212,659.0
2025-08-06T11:14:50,3.53,3.53,3.53,3.53,359.0
2025-08-06T11:14:51,3.5212,3.5212,3.5212,3.5212,183.0
2025-08-06T11:14:52,3.52,3.52,3.52,3.52,2796.0
2025-08-06T11:14:53,3.5189,3.52,3.5189,3.52,1152.0
2025-08-06T11:14:54,3.51,3.52,3.51,3.5188,1210.0
2025-08-06T11:14:55,3.52,3.53,3.52,3.5208,7079.0
2025-08-06T11:14:57,3.53,3.53,3.5201,3.525,567.0
2025-08-06T11:14:58,3.5299,3.5299,3.5299,3.5299,787.0
2025-08-06T11:14:59,3.5212,3.53,3.5212,3.53,1041.0
2025-08-06T11:15:00,3.5299,3.53,3.5299,3.53,2517.0
2025-08-06T11:15:01,3.53,3.53,3.53,3.53,140.0
2025-08-06T11:15:02,3.52,3.52,3.52,3.52,1000.0
2025-08-06T11:15:03,3.5245,3.5245,3.5245,3.5245,700.0
2025-08-06T11:15:04,3.52,3.53,3.52,3.5211,7131.0
2025-08-06T11:15:07,3.525,3.525,3.5208,3.5208,360.0
2025-08-06T11:15:08,3.52,3.52,3.5111,3.5111,1224.0
2025-08-06T11:15:09,3.5153,3.5153,3.5111,3.5111,6602.0
2025-08-06T11:15:10,3.5101,3.5101,3.51,3.51,4102.0
2025-08-06T11:15:11,3.5099,3.51,3.5099,3.51,957.0
2025-08-06T11:15:12,3.5055,3.5055,3.5055,3.5055,5026.0
2025-08-06T11:15:13,3.5088,3.5088,3.5088,3.5088,393.0
2025-08-06T11:15:14,3.5,3.5,3.5,3.5,171.0
2025-08-06T11:15:15,3.505,3.505,3.505,3.505,146.0
2025-08-06T11:15:16,3.5012,3.5012,3.5012,3.5012,322.0
2025-08-06T11:15:17,3.5,3.5,3.49,3.49,7914.0
2025-08-06T11:15:18,3.49,3.4901,3.48,3.49,12207.0
2025-08-06T11:15:19,3.4888,3.5,3.4801,3.481,6137.0
2025-08-06T11:15:20,3.47,3.49,3.47,3.49,2635.0
2025-08-06T11:15:21,3.4911,3.4955,3.4911,3.4955,1644.0
2025-08-06T11:15:22,3.495,3.495,3.48,3.485,13609.0
2025-08-06T11:15:23,3.49,3.5,3.49,3.5,2302.0
2025-08-06T11:15:24,3.4912,3.5,3.4912,3.5,2652.0
2025-08-06T11:15:25,3.495,3.51,3.495,3.5099,6897.0
2025-08-06T11:15:27,3.5099,3.52,3.5099,3.52,3170.0
2025-08-06T11:15:28,3.5101,3.5101,3.5101,3.5101,210.0
2025-08-06T11:15:29,3.52,3.52,3.52,3.52,967.0
2025-08-06T11:15:30,3.53,3.53,3.525,3.525,359.0
2025-08-06T11:15:32,3.5255,3.54,3.5255,3.54,10030.0
2025-08-06T11:15:33,3.54,3.54,3.535,3.535,1482.0
2025-08-06T11:15:34,3.54,3.55,3.54,3.54,6231.0
2025-08-06T11:15:35,3.55,3.55,3.5302,3.55,9200.0
2025-08-06T11:15:36,3.545,3.5499,3.53,3.5499,3665.0
2025-08-06T11:15:37,3.545,3.545,3.535,3.54,1732.0
2025-08-06T11:15:38,3.539,3.539,3.539,3.539,198.0
2025-08-06T11:15:39,3.539,3.539,3.539,3.539,150.0
2025-08-06T11:15:40,3.538,3.5494,3.535,3.5494,3691.0
2025-08-06T11:15:42,3.54,3.54,3.54,3.54,270.0
2025-08-06T11:15:43,3.5409,3.55,3.53,3.55,2342.0
2025-08-06T11:15:44,3.53,3.5398,3.52,3.5381,7079.0
2025-08-06T11:15:45,3.5201,3.5203,3.49,3.5,16876.0
2025-08-06T11:15:47,3.51,3.51,3.509,3.51,2185.0
2025-08-06T11:15:48,3.51,3.51,3.51,3.51,301.0
2025-08-06T11:15:53,3.511,3.511,3.511,3.511,500.0
2025-08-06T11:15:54,3.51,3.51,3.51,3.51,750.0
2025-08-06T11:15:56,3.52,3.52,3.52,3.52,400.0
2025-08-06T11:15:57,3.52,3.525,3.52,3.525,801.0
2025-08-06T11:15:58,3.5108,3.5108,3.5107,3.5107,1056.0
2025-08-06T11:15:59,3.519,3.519,3.519,3.519,189.0
2025-08-06T11:16:00,3.511,3.511,3.511,3.511,212.0
2025-08-06T11:16:01,3.5112,3.5112,3.51,3.51,281.0
2025-08-06T11:16:02,3.52,3.52,3.52,3.52,799.0
2025-08-06T11:16:07,3.52,3.52,3.51,3.51,8243.0
2025-08-06T11:16:08,3.502,3.502,3.47,3.4701,13936.0
2025-08-06T11:16:09,3.48,3.49,3.474,3.4801,1885.0
2025-08-06T11:16:10,3.48,3.565,3.47,3.56,65063.0
2025-08-06T11:16:11,3.565,3.565,3.56,3.56,835.0
2025-08-06T11:16:12,3.5654,3.5699,3.56,3.5699,1942.0
2025-08-06T11:16:13,3.56,3.5601,3.56,3.56,6857.0
2025-08-06T11:16:14,3.56,3.56,3.56,3.56,654.0
2025-08-06T11:16:15,3.5645,3.57,3.56,3.57,4823.0
2025-08-06T11:16:16,3.5654,3.57,3.565,3.5699,2860.0
2025-08-06T11:16:17,3.565,3.5689,3.56,3.565,3084.0
2025-08-06T11:16:19,3.56,3.5693,3.56,3.56,7892.0
2025-08-06T11:16:20,3.56,3.56,3.56,3.56,764.0
2025-08-06T11:16:22,3.56,3.5601,3.55,3.56,11689.0
2025-08-06T11:16:23,3.56,3.57,3.56,3.56,5361.0
2025-08-06T11:16:24,3.56,3.5655,3.56,3.56,2271.0
2025-08-06T11:16:25,3.57,3.57,3.56,3.56,1114.0
2025-08-06T11:16:26,3.56,3.5601,3.56,3.5601,1973.0
2025-08-06T11:16:27,3.5601,3.5601,3.56,3.56,2272.0
2025-08-06T11:16:29,3.5691,3.5691,3.56,3.56,983.0
2025-08-06T11:16:30,3.56,3.565,3.56,3.56,2378.0
2025-08-06T11:16:31,3.56,3.56,3.56,3.56,503.0
2025-08-06T11:16:32,3.565,3.59,3.565,3.5899,55298.0
2025-08-06T11:16:33,3.59,3.59,3.57,3.5801,4402.0
2025-08-06T11:16:34,3.585,3.59,3.58,3.59,3706.0
2025-08-06T11:16:35,3.59,3.63,3.5899,3.61,91805.0
2025-08-06T11:16:36,3.6009,3.63,3.595,3.62,43408.0
2025-08-06T11:16:37,3.6107,3.62,3.61,3.6188,5862.0
2025-08-06T11:16:38,3.6199,3.63,3.618,3.618,3678.0
2025-08-06T11:16:39,3.618,3.63,3.618,3.6206,10700.0
2025-08-06T11:16:40,3.6255,3.63,3.6255,3.6299,9803.0
2025-08-06T11:16:41,3.63,3.63,3.6201,3.6212,5140.0
2025-08-06T11:16:42,3.6207,3.63,3.59,3.595,29637.0
2025-08-06T11:16:43,3.595,3.595,3.57,3.58,11053.0
2025-08-06T11:16:44,3.5899,3.59,3.56,3.576,6838.0
2025-08-06T11:16:45,3.575,3.58,3.57,3.58,1592.0
2025-08-06T11:16:46,3.5788,3.5788,3.57,3.57,1292.0
2025-08-06T11:16:47,3.575,3.6,3.575,3.6,4393.0
2025-08-06T11:16:48,3.6,3.61,3.59,3.59,3256.0
2025-08-06T11:16:49,3.6,3.6,3.6,3.6,570.0
2025-08-06T11:16:50,3.595,3.5988,3.5899,3.5988,1446.0
2025-08-06T11:16:51,3.5808,3.59,3.58,3.59,1499.0
2025-08-06T11:16:52,3.58,3.5893,3.58,3.5893,620.0
2025-08-06T11:16:53,3.5893,3.59,3.5863,3.5863,1280.0
2025-08-06T11:16:54,3.6,3.6,3.5947,3.5947,5728.0
2025-08-06T11:16:55,3.6,3.6,3.6,3.6,1461.0
2025-08-06T11:16:56,3.5909,3.62,3.5909,3.62,2918.0
2025-08-06T11:16:57,3.61,3.62,3.61,3.61,1688.0
2025-08-06T11:16:58,3.6145,3.6145,3.6145,3.6145,256.0
2025-08-06T11:16:59,3.6181,3.6199,3.6,3.6099,9137.0
2025-08-06T11:17:00,3.6099,3.62,3.6088,3.62,4896.0
2025-08-06T11:17:01,3.62,3.62,3.6108,3.6191,2538.0
2025-08-06T11:17:02,3.6191,3.63,3.6191,3.63,8525.0
2025-08-06T11:17:03,3.63,3.63,3.59,3.5988,33025.0
2025-08-06T11:17:04,3.5993,3.61,3.5963,3.6096,4718.0
2025-08-06T11:17:05,3.6002,3.61,3.6,3.6,3333.0
2025-08-06T11:17:06,3.6004,3.6004,3.5999,3.5999,1018.0
2025-08-06T11:17:08,3.5902,3.6,3.5902,3.6,591.0
2025-08-06T11:17:09,3.595,3.61,3.595,3.61,13235.0
2025-08-06T11:17:10,3.6099,3.6099,3.6001,3.6001,2640.0
2025-08-06T11:17:11,3.6,3.62,3.6,3.6,11856.0
2025-08-06T11:17:12,3.6,3.61,3.6,3.6007,2200.0
2025-08-06T11:17:13,3.6,3.6,3.56,3.57,23517.0
2025-08-06T11:17:14,3.5714,3.5714,3.56,3.5688,2952.0
2025-08-06T11:17:15,3.56,3.5601,3.56,3.5601,653.0
2025-08-06T11:17:16,3.56,3.56,3.56,3.56,325.0
2025-08-06T11:17:17,3.565,3.58,3.565,3.58,3117.0
2025-08-06T11:17:18,3.58,3.59,3.5763,3.58,3065.0
2025-08-06T11:17:19,3.57,3.57,3.57,3.57,2829.0
2025-08-06T11:17:20,3.58,3.58,3.5701,3.5701,2858.0
2025-08-06T11:17:21,3.5792,3.5792,3.5707,3.5707,887.0
2025-08-06T11:17:22,3.58,3.58,3.57,3.5799,2646.0
2025-08-06T11:17:23,3.5716,3.5716,3.5712,3.5712,739.0
2025-08-06T11:17:24,3.5712,3.5745,3.57,3.57,2051.0
2025-08-06T11:17:25,3.58,3.58,3.56,3.5692,6555.0
2025-08-06T11:17:26,3.57,3.57,3.56,3.565,8256.0
2025-08-06T11:17:27,3.561,3.58,3.561,3.57,6045.0
2025-08-06T11:17:28,3.57,3.57,3.57,3.57,346.0
2025-08-06T11:17:29,3.58,3.58,3.5799,3.5799,209.0
2025-08-06T11:17:30,3.57,3.57,3.56,3.57,5402.0
2025-08-06T11:17:31,3.56,3.5608,3.55,3.56,9645.0
2025-08-06T11:17:32,3.57,3.57,3.56,3.565,1203.0
2025-08-06T11:17:33,3.5601,3.57,3.5601,3.57,6630.0
2025-08-06T11:17:34,3.57,3.5789,3.57,3.5789,548.0
2025-08-06T11:17:35,3.58,3.58,3.58,3.58,300.0
2025-08-06T11:17:36,3.58,3.59,3.58,3.59,2000.0
2025-08-06T11:17:37,3.58,3.6,3.58,3.5981,6014.0
2025-08-06T11:17:38,3.6,3.6088,3.595,3.6088,7157.0
2025-08-06T11:17:39,3.6093,3.61,3.6001,3.6001,3995.0
2025-08-06T11:17:40,3.6099,3.6099,3.605,3.605,931.0
2025-08-06T11:17:41,3.61,3.61,3.6,3.6,971.0
2025-08-06T11:17:42,3.608,3.6088,3.58,3.6088,6464.0
2025-08-06T11:17:43,3.591,3.5988,3.591,3.5988,920.0
2025-08-06T11:17:44,3.5988,3.5988,3.581,3.581,1161.0
2025-08-06T11:17:46,3.588,3.59,3.585,3.59,1845.0
2025-08-06T11:17:47,3.5946,3.5946,3.5901,3.5911,854.0
2025-08-06T11:17:48,3.59,3.595,3.588,3.5899,2491.0
2025-08-06T11:17:49,3.59,3.59,3.57,3.5899,4669.0
2025-08-06T11:17:51,3.57,3.58,3.55,3.56,13270.0
2025-08-06T11:17:53,3.57,3.57,3.57,3.57,500.0
2025-08-06T11:17:54,3.5788,3.5788,3.57,3.57,697.0
2025-08-06T11:17:55,3.57,3.57,3.56,3.56,5398.0
2025-08-06T11:17:56,3.5609,3.5699,3.56,3.5699,1297.0
2025-08-06T11:17:57,3.56,3.56,3.56,3.56,301.0
2025-08-06T11:17:58,3.5646,3.5646,3.56,3.56,1722.0
2025-08-06T11:17:59,3.565,3.565,3.56,3.56,3401.0
2025-08-06T11:18:01,3.5606,3.5606,3.56,3.56,2672.0
2025-08-06T11:18:02,3.5607,3.5607,3.56,3.56,1067.0
2025-08-06T11:18:03,3.57,3.57,3.57,3.57,753.0
2025-08-06T11:18:05,3.565,3.565,3.56,3.56,1987.0
2025-08-06T11:18:06,3.565,3.58,3.565,3.5712,3276.0
2025-08-06T11:18:07,3.572,3.5797,3.57,3.57,1491.0
2025-08-06T11:18:09,3.58,3.59,3.58,3.5892,1737.0
2025-08-06T11:18:10,3.585,3.59,3.55,3.57,15741.0
2025-08-06T11:18:12,3.5646,3.5699,3.5646,3.5699,1158.0
2025-08-06T11:18:13,3.5609,3.57,3.56,3.57,2679.0
2025-08-06T11:18:14,3.5703,3.5703,3.5703,3.5703,741.0
2025-08-06T11:18:15,3.57,3.5754,3.57,3.575,5077.0
2025-08-06T11:18:16,3.56,3.57,3.56,3.57,2089.0
2025-08-06T11:18:17,3.56,3.56,3.56,3.56,377.0
2025-08-06T11:18:20,3.5612,3.5688,3.5612,3.5688,290.0
2025-08-06T11:18:21,3.56,3.56,3.56,3.56,260.0
2025-08-06T11:18:23,3.56,3.57,3.56,3.57,2806.0
2025-08-06T11:18:24,3.575,3.58,3.57,3.575,4679.0
2025-08-06T11:18:25,3.57,3.57,3.57,3.57,500.0
2025-08-06T11:18:26,3.58,3.58,3.58,3.58,760.0
2025-08-06T11:18:27,3.58,3.58,3.575,3.575,504.0
2025-08-06T11:18:28,3.5707,3.58,3.5707,3.5712,2677.0
2025-08-06T11:18:29,3.5799,3.6,3.5799,3.595,12376.0
2025-08-06T11:18:30,3.585,3.6,3.585,3.6,1651.0
2025-08-06T11:18:31,3.595,3.5988,3.595,3.5988,457.0
2025-08-06T11:18:32,3.6,3.6,3.59,3.59,6213.0
2025-08-06T11:18:33,3.59,3.59,3.585,3.585,5500.0
2025-08-06T11:18:34,3.5805,3.59,3.5805,3.59,3362.0
2025-08-06T11:18:35,3.5888,3.5888,3.5888,3.5888,385.0
2025-08-06T11:18:36,3.5855,3.59,3.58,3.58,4087.0
2025-08-06T11:18:37,3.58,3.58,3.56,3.56,3576.0
2025-08-06T11:18:38,3.5607,3.5688,3.56,3.5688,2852.0
2025-08-06T11:18:39,3.56,3.57,3.55,3.5514,14334.0
2025-08-06T11:18:40,3.55,3.55,3.55,3.55,960.0
2025-08-06T11:18:41,3.55,3.55,3.55,3.55,121.0
2025-08-06T11:18:42,3.55,3.55,3.55,3.55,170.0
2025-08-06T11:18:43,3.55,3.55,3.52,3.52,14328.0
2025-08-06T11:18:44,3.515,3.53,3.51,3.5291,10290.0
2025-08-06T11:18:45,3.53,3.53,3.53,3.53,453.0
2025-08-06T11:18:46,3.54,3.55,3.5312,3.5499,3224.0
2025-08-06T11:18:47,3.5401,3.5401,3.5401,3.5401,204.0
2025-08-06T11:18:48,3.5412,3.56,3.54,3.56,14288.0
2025-08-06T11:18:49,3.56,3.56,3.56,3.56,3097.0
2025-08-06T11:18:50,3.56,3.57,3.56,3.5699,7177.0
2025-08-06T11:18:51,3.57,3.57,3.57,3.57,2348.0
2025-08-06T11:18:52,3.56,3.57,3.56,3.56,9096.0
2025-08-06T11:18:53,3.5601,3.5601,3.56,3.56,3954.0
2025-08-06T11:18:54,3.5612,3.5684,3.5612,3.565,595.0
2025-08-06T11:18:55,3.57,3.57,3.565,3.5688,3612.0
2025-08-06T11:18:56,3.57,3.57,3.57,3.57,800.0
2025-08-06T11:18:57,3.5782,3.58,3.57,3.5794,3215.0
2025-08-06T11:18:58,3.57,3.6499,3.57,3.59,8216.0
2025-08-06T11:18:59,3.59,3.6,3.589,3.5991,6329.0
2025-08-06T11:19:00,3.6,3.6,3.595,3.595,6863.0
2025-08-06T11:19:01,3.6,3.619,3.6,3.6099,10519.0
2025-08-06T11:19:02,3.6193,3.62,3.6,3.6097,5865.0
2025-08-06T11:19:03,3.6098,3.61,3.6019,3.6019,5764.0
2025-08-06T11:19:04,3.605,3.6099,3.6017,3.605,2198.0
2025-08-06T11:19:05,3.605,3.605,3.6,3.6,1695.0
2025-08-06T11:19:06,3.59,3.5999,3.59,3.5988,1189.0
2025-08-06T11:19:07,3.59,3.59,3.59,3.59,534.0
2025-08-06T11:19:08,3.58,3.59,3.58,3.59,625.0
2025-08-06T11:19:09,3.585,3.585,3.585,3.585,102.0
2025-08-06T11:19:10,3.5888,3.59,3.5888,3.59,936.0
2025-08-06T11:19:11,3.59,3.595,3.59,3.59,545.0
2025-08-06T11:19:12,3.59,3.59,3.59,3.59,306.0
2025-08-06T11:19:14,3.59,3.59,3.59,3.59,1509.0
2025-08-06T11:19:15,3.5811,3.5811,3.5811,3.5811,146.0
2025-08-06T11:19:16,3.5888,3.5888,3.581,3.581,446.0
2025-08-06T11:19:19,3.581,3.581,3.581,3.581,200.0
2025-08-06T11:19:21,3.5898,3.5898,3.5711,3.5711,2530.0
2025-08-06T11:19:23,3.57,3.58,3.57,3.58,619.0
2025-08-06T11:19:24,3.5812,3.5812,3.5812,3.5812,157.0
2025-08-06T11:19:25,3.58,3.59,3.56,3.5799,9725.0
2025-08-06T11:19:26,3.5799,3.5799,3.5788,3.5788,342.0
2025-08-06T11:19:27,3.58,3.58,3.58,3.58,973.0
2025-08-06T11:19:28,3.5897,3.5897,3.58,3.58,1544.0
2025-08-06T11:19:29,3.58,3.59,3.58,3.581,864.0
2025-08-06T11:19:30,3.58,3.58,3.5755,3.5755,298.0
2025-08-06T11:19:31,3.57,3.57,3.57,3.57,717.0
2025-08-06T11:19:32,3.5712,3.5712,3.5712,3.5712,489.0
2025-08-06T11:19:33,3.5711,3.5711,3.57,3.57,2035.0
2025-08-06T11:19:34,3.56,3.56,3.56,3.56,409.0
2025-08-06T11:19:36,3.5601,3.5601,3.54,3.55,21479.0
2025-08-06T11:19:37,3.5591,3.56,3.53,3.545,7162.0
2025-08-06T11:19:38,3.545,3.545,3.545,3.545,365.0
2025-08-06T11:19:40,3.54,3.54,3.54,3.54,144.0
2025-08-06T11:19:41,3.5445,3.55,3.54,3.54,5117.0
2025-08-06T11:19:42,3.5399,3.5399,3.5399,3.5399,260.0
2025-08-06T11:19:43,3.53,3.53,3.52,3.52,1614.0
2025-08-06T11:19:44,3.5297,3.53,3.5288,3.53,3506.0
2025-08-06T11:19:45,3.54,3.54,3.54,3.54,451.0
2025-08-06T11:19:46,3.5355,3.5399,3.53,3.53,1751.0
2025-08-06T11:19:47,3.54,3.54,3.53,3.53,2663.0
2025-08-06T11:19:48,3.54,3.55,3.5363,3.5407,9525.0
2025-08-06T11:19:49,3.55,3.55,3.53,3.53,14619.0
2025-08-06T11:19:50,3.537,3.537,3.52,3.52,1901.0
2025-08-06T11:19:51,3.521,3.521,3.48,3.49,25855.0
2025-08-06T11:19:52,3.49,3.49,3.48,3.49,10554.0
2025-08-06T11:19:53,3.49,3.49,3.48,3.4889,8271.0
2025-08-06T11:19:54,3.485,3.49,3.485,3.49,739.0
2025-08-06T11:19:55,3.49,3.49,3.4812,3.4812,12060.0
2025-08-06T11:19:56,3.485,3.485,3.48,3.4801,9185.0
2025-08-06T11:19:57,3.485,3.4892,3.48,3.4892,4930.0
2025-08-06T11:19:58,3.48,3.48,3.48,3.48,4105.0
2025-08-06T11:19:59,3.4747,3.4899,3.4747,3.4801,11133.0
2025-08-06T11:20:00,3.49,3.5,3.485,3.4912,10746.0
2025-08-06T11:20:01,3.499,3.53,3.4901,3.521,24519.0
2025-08-06T11:20:02,3.52,3.54,3.52,3.53,3131.0
2025-08-06T11:20:03,3.5265,3.5297,3.5245,3.5297,930.0
2025-08-06T11:20:04,3.525,3.53,3.52,3.52,2528.0
2025-08-06T11:20:05,3.521,3.5288,3.52,3.52,2081.0
2025-08-06T11:20:06,3.5101,3.5165,3.5101,3.5165,6026.0
2025-08-06T11:20:07,3.52,3.52,3.49,3.4989,9412.0
2025-08-06T11:20:08,3.495,3.52,3.495,3.52,8283.0
2025-08-06T11:20:09,3.51,3.5101,3.5088,3.5088,3653.0
2025-08-06T11:20:10,3.52,3.52,3.51,3.5112,1304.0
2025-08-06T11:20:11,3.51,3.51,3.5001,3.5001,1538.0
2025-08-06T11:20:12,3.5,3.5,3.5,3.5,253.0
2025-08-06T11:20:13,3.5055,3.5055,3.5055,3.5055,452.0
2025-08-06T11:20:14,3.5093,3.5097,3.5093,3.5097,1302.0
2025-08-06T11:20:15,3.5055,3.5055,3.5055,3.5055,1040.0
2025-08-06T11:20:17,3.5,3.5,3.48,3.48,20235.0
2025-08-06T11:20:18,3.48,3.4888,3.48,3.4801,7511.0
2025-08-06T11:20:19,3.4745,3.48,3.47,3.48,3350.0
2025-08-06T11:20:20,3.48,3.48,3.48,3.48,5242.0
2025-08-06T11:20:21,3.48,3.49,3.48,3.485,2660.0
2025-08-06T11:20:22,3.49,3.5,3.4863,3.49,778.0
2025-08-06T11:20:23,3.49,3.49,3.48,3.49,1056.0
2025-08-06T11:20:24,3.49,3.49,3.49,3.49,248.0
2025-08-06T11:20:25,3.4901,3.4901,3.49,3.49,444.0
2025-08-06T11:20:26,3.495,3.495,3.495,3.495,298.0
2025-08-06T11:20:27,3.4888,3.4888,3.48,3.48,1386.0
2025-08-06T11:20:28,3.4812,3.4812,3.48,3.48,500.0
2025-08-06T11:20:29,3.4802,3.4812,3.4802,3.4812,310.0
2025-08-06T11:20:30,3.481,3.49,3.48,3.49,4034.0
2025-08-06T11:20:31,3.48,3.4891,3.4799,3.4891,5241.0
2025-08-06T11:20:32,3.49,3.49,3.48,3.48,590.0
2025-08-06T11:20:33,3.4888,3.49,3.4888,3.49,728.0
2025-08-06T11:20:34,3.48,3.48,3.48,3.48,200.0
2025-08-06T11:20:35,3.48,3.48,3.48,3.48,811.0
2025-08-06T11:20:36,3.4788,3.4788,3.4788,3.4788,323.0
2025-08-06T11:20:38,3.4712,3.4793,3.47,3.47,4267.0
2025-08-06T11:20:39,3.47,3.49,3.47,3.4801,7268.0
2025-08-06T11:20:40,3.48,3.4845,3.48,3.4845,412.0
2025-08-06T11:20:41,3.485,3.485,3.48,3.48,3726.0
2025-08-06T11:20:42,3.48,3.48,3.48,3.48,1343.0
2025-08-06T11:20:44,3.4899,3.4899,3.485,3.485,341.0
2025-08-06T11:20:45,3.4899,3.4899,3.4899,3.4899,421.0
2025-08-06T11:20:47,3.49,3.49,3.49,3.49,594.0
2025-08-06T11:20:48,3.4901,3.4901,3.49,3.49,2053.0
2025-08-06T11:20:49,3.49,3.49,3.489,3.489,772.0
2025-08-06T11:20:50,3.485,3.485,3.48,3.48,1734.0
2025-08-06T11:20:52,3.48,3.49,3.475,3.49,15160.0
2025-08-06T11:20:54,3.5,3.5,3.4912,3.4912,1185.0
2025-08-06T11:20:55,3.5,3.5,3.4902,3.4902,653.0
2025-08-06T11:20:56,3.4904,3.495,3.4845,3.4845,8745.0
2025-08-06T11:20:57,3.49,3.49,3.46,3.47,7709.0
2025-08-06T11:20:58,3.4788,3.48,3.4788,3.48,2015.0
2025-08-06T11:20:59,3.475,3.48,3.47,3.479,2843.0
2025-08-06T11:21:00,3.4712,3.4712,3.4712,3.4712,216.0
2025-08-06T11:21:01,3.4788,3.4788,3.4788,3.4788,407.0
2025-08-06T11:21:02,3.47,3.48,3.47,3.4712,1012.0
2025-08-06T11:21:03,3.47,3.48,3.47,3.47,6348.0
2025-08-06T11:21:04,3.47,3.47,3.47,3.47,485.0
2025-08-06T11:21:07,3.475,3.4788,3.475,3.4788,430.0
2025-08-06T11:21:08,3.475,3.4799,3.47,3.4799,4967.0
2025-08-06T11:21:09,3.47,3.4747,3.47,3.4747,8005.0
2025-08-06T11:21:10,3.4709,3.475,3.47,3.475,600.0
2025-08-06T11:21:11,3.47,3.47,3.46,3.46,2071.0
2025-08-06T11:21:12,3.47,3.49,3.47,3.4711,14147.0
2025-08-06T11:21:13,3.4701,3.4701,3.4701,3.4701,580.0
2025-08-06T11:21:14,3.48,3.48,3.4799,3.4799,205.0
2025-08-06T11:21:17,3.47,3.48,3.47,3.48,2324.0
2025-08-06T11:21:21,3.48,3.48,3.48,3.48,100.0
2025-08-06T11:21:22,3.49,3.49,3.4812,3.4812,575.0
2025-08-06T11:21:24,3.485,3.485,3.485,3.485,5093.0
2025-08-06T11:21:25,3.4812,3.4812,3.4812,3.4812,784.0
2025-08-06T11:21:26,3.48,3.49,3.48,3.49,758.0
2025-08-06T11:21:27,3.49,3.5,3.49,3.5,2771.0
2025-08-06T11:21:28,3.5,3.5099,3.5,3.5,3627.0
2025-08-06T11:21:29,3.51,3.52,3.51,3.51,8968.0
2025-08-06T11:21:30,3.505,3.51,3.505,3.5099,2254.0
2025-08-06T11:21:31,3.5055,3.51,3.505,3.51,2487.0
2025-08-06T11:21:34,3.51,3.51,3.49,3.5,2539.0
2025-08-06T11:21:35,3.5,3.5,3.49,3.49,1046.0
2025-08-06T11:21:36,3.4999,3.4999,3.4999,3.4999,135.0
2025-08-06T11:21:37,3.5,3.5,3.4946,3.4946,1170.0
2025-08-06T11:21:38,3.5,3.52,3.4999,3.51,8289.0
2025-08-06T11:21:39,3.5193,3.5193,3.5193,3.5193,1000.0
2025-08-06T11:21:40,3.52,3.53,3.52,3.53,2762.0
2025-08-06T11:21:41,3.521,3.521,3.521,3.521,217.0
2025-08-06T11:21:42,3.52,3.54,3.52,3.53,10464.0
2025-08-06T11:21:43,3.528,3.528,3.525,3.528,1141.0
2025-08-06T11:21:44,3.528,3.54,3.528,3.54,3001.0
2025-08-06T11:21:45,3.54,3.54,3.5399,3.5399,599.0
2025-08-06T11:21:46,3.5304,3.5399,3.53,3.5345,10424.0
2025-08-06T11:21:47,3.5398,3.54,3.53,3.5312,4927.0
2025-08-06T11:21:48,3.531,3.5388,3.5254,3.5254,3135.0
2025-08-06T11:21:49,3.525,3.525,3.525,3.525,252.0
2025-08-06T11:21:50,3.525,3.525,3.525,3.525,272.0
2025-08-06T11:21:52,3.525,3.5255,3.525,3.5255,1223.0
2025-08-06T11:21:55,3.52,3.53,3.52,3.52,5620.0
2025-08-06T11:21:56,3.525,3.525,3.525,3.525,2010.0
2025-08-06T11:21:57,3.52,3.52,3.52,3.52,109.0
2025-08-06T11:21:58,3.52,3.525,3.52,3.525,708.0
2025-08-06T11:22:00,3.53,3.53,3.525,3.525,272.0
2025-08-06T11:22:02,3.5211,3.5211,3.5211,3.5211,160.0
2025-08-06T11:22:05,3.53,3.53,3.53,3.53,1500.0
2025-08-06T11:22:06,3.5288,3.5288,3.5288,3.5288,326.0
2025-08-06T11:22:07,3.52,3.52,3.5155,3.5155,1105.0
2025-08-06T11:22:08,3.52,3.52,3.52,3.52,141.0
2025-08-06T11:22:11,3.5188,3.5188,3.5188,3.5188,624.0
2025-08-06T11:22:13,3.51,3.52,3.51,3.52,6635.0
2025-08-06T11:22:14,3.51,3.52,3.51,3.52,6572.0
2025-08-06T11:22:15,3.5199,3.5199,3.5112,3.5112,2142.0
2025-08-06T11:22:17,3.52,3.52,3.52,3.52,4310.0
2025-08-06T11:22:19,3.515,3.515,3.5,3.5,7256.0
2025-08-06T11:22:20,3.5188,3.5188,3.5188,3.5188,153.0
2025-08-06T11:22:23,3.51,3.51,3.51,3.51,851.0
2025-08-06T11:22:25,3.5001,3.5001,3.49,3.49,5548.0
2025-08-06T11:22:26,3.49,3.5,3.49,3.49,8199.0
2025-08-06T11:22:27,3.4917,3.495,3.4917,3.495,523.0
2025-08-06T11:22:29,3.4901,3.495,3.47,3.48,14227.0
2025-08-06T11:22:30,3.4845,3.4845,3.4811,3.4811,678.0
2025-08-06T11:22:31,3.48,3.48,3.48,3.48,219.0
2025-08-06T11:22:32,3.48,3.49,3.48,3.49,780.0
2025-08-06T11:22:33,3.48,3.49,3.47,3.475,5428.0
2025-08-06T11:22:34,3.47,3.4706,3.47,3.4706,4079.0
2025-08-06T11:22:35,3.48,3.49,3.48,3.4812,2487.0
2025-08-06T11:22:36,3.4812,3.4812,3.4812,3.4812,176.0
2025-08-06T11:22:37,3.4811,3.4811,3.4811,3.4811,120.0
2025-08-06T11:22:38,3.48,3.48,3.48,3.48,5368.0
2025-08-06T11:22:39,3.4746,3.4755,3.4746,3.4755,4650.0
2025-08-06T11:22:40,3.47,3.47,3.47,3.47,900.0
2025-08-06T11:22:42,3.475,3.475,3.475,3.475,200.0
2025-08-06T11:22:43,3.475,3.48,3.46,3.4616,10387.0
2025-08-06T11:22:45,3.46,3.4601,3.4517,3.4599,5256.0
2025-08-06T11:22:46,3.46,3.49,3.46,3.49,12005.0
2025-08-06T11:22:47,3.4812,3.485,3.48,3.48,629.0
2025-08-06T11:22:49,3.48,3.48,3.48,3.48,150.0
2025-08-06T11:22:50,3.48,3.48,3.48,3.48,574.0
2025-08-06T11:22:52,3.4788,3.4788,3.475,3.475,304.0
2025-08-06T11:22:53,3.475,3.48,3.475,3.48,659.0
2025-08-06T11:22:54,3.4899,3.4899,3.4899,3.4899,300.0
2025-08-06T11:22:57,3.48,3.48,3.48,3.48,132.0
2025-08-06T11:22:59,3.4855,3.4855,3.4855,3.4855,3010.0
2025-08-06T11:23:00,3.4812,3.4899,3.4812,3.4899,1208.0
2025-08-06T11:23:01,3.485,3.485,3.485,3.485,101.0
2025-08-06T11:23:03,3.485,3.485,3.485,3.485,145.0
2025-08-06T11:23:05,3.4817,3.49,3.48,3.49,640.0
2025-08-06T11:23:06,3.4799,3.48,3.4799,3.48,1200.0
2025-08-06T11:23:09,3.48,3.48,3.48,3.48,1031.0
2025-08-06T11:23:10,3.4701,3.48,3.4701,3.4788,6375.0
2025-08-06T11:23:11,3.48,3.5093,3.48,3.509,24800.0
2025-08-06T11:23:12,3.51,3.51,3.5046,3.5046,3000.0
2025-08-06T11:23:13,3.51,3.51,3.5099,3.5099,4200.0
2025-08-06T11:23:14,3.5096,3.5099,3.5084,3.5099,4643.0
2025-08-06T11:23:15,3.5,3.5,3.5,3.5,253.0
2025-08-06T11:23:18,3.509,3.509,3.509,3.509,131.0
2025-08-06T11:23:19,3.505,3.505,3.505,3.505,5521.0
2025-08-06T11:23:20,3.5098,3.52,3.5098,3.52,4371.0
2025-08-06T11:23:21,3.5199,3.5199,3.5199,3.5199,200.0
2025-08-06T11:23:22,3.5196,3.53,3.5196,3.53,10241.0
2025-08-06T11:23:24,3.5235,3.529,3.5235,3.529,1285.0
2025-08-06T11:23:25,3.5299,3.54,3.5204,3.5204,11691.0
2025-08-06T11:23:26,3.5299,3.5299,3.5299,3.5299,589.0
2025-08-06T11:23:29,3.525,3.5288,3.51,3.52,14567.0
2025-08-06T11:23:30,3.515,3.52,3.51,3.5188,2325.0
2025-08-06T11:23:31,3.5188,3.5188,3.51,3.51,633.0
2025-08-06T11:23:32,3.51,3.51,3.51,3.51,714.0
2025-08-06T11:23:33,3.505,3.505,3.505,3.505,271.0
2025-08-06T11:23:34,3.505,3.505,3.505,3.505,206.0
2025-08-06T11:23:39,3.5012,3.5012,3.5012,3.5012,817.0
2025-08-06T11:23:41,3.51,3.51,3.51,3.51,365.0
2025-08-06T11:23:43,3.5088,3.5088,3.5088,3.5088,178.0
2025-08-06T11:23:44,3.5093,3.5093,3.5093,3.5093,500.0
2025-08-06T11:23:45,3.5001,3.505,3.5001,3.505,2767.0
2025-08-06T11:23:47,3.51,3.51,3.51,3.51,124.0
2025-08-06T11:23:48,3.5097,3.5097,3.5097,3.5097,2963.0
2025-08-06T11:23:50,3.5,3.5093,3.5,3.5,2579.0
2025-08-06T11:23:55,3.5099,3.52,3.5099,3.52,1945.0
2025-08-06T11:23:56,3.5191,3.5191,3.5191,3.5191,918.0
2025-08-06T11:23:57,3.5188,3.5188,3.5188,3.5188,248.0
2025-08-06T11:23:59,3.515,3.52,3.51,3.515,1930.0
2025-08-06T11:24:00,3.51,3.515,3.51,3.515,200.0
2025-08-06T11:24:01,3.51,3.51,3.51,3.51,137.0
2025-08-06T11:24:02,3.52,3.54,3.515,3.53,12120.0
2025-08-06T11:24:03,3.5247,3.525,3.52,3.525,5400.0
2025-08-06T11:24:04,3.52,3.54,3.52,3.54,21707.0
2025-08-06T11:24:05,3.5396,3.5396,3.5388,3.5388,3323.0
2025-08-06T11:24:06,3.5389,3.5389,3.5389,3.5389,218.0
2025-08-06T11:24:07,3.54,3.55,3.54,3.545,15772.0
2025-08-06T11:24:08,3.5499,3.55,3.545,3.545,5474.0
2025-08-06T11:24:09,3.5489,3.56,3.5488,3.56,17414.0
2025-08-06T11:24:10,3.56,3.56,3.5546,3.5546,3722.0
2025-08-06T11:24:11,3.5588,3.5588,3.5512,3.5512,748.0
2025-08-06T11:24:12,3.55,3.56,3.545,3.548,9111.0
2025-08-06T11:24:13,3.5499,3.56,3.5499,3.5545,14581.0
2025-08-06T11:24:14,3.5588,3.56,3.555,3.555,5744.0
2025-08-06T11:24:15,3.5589,3.5589,3.5493,3.55,9032.0
2025-08-06T11:24:16,3.545,3.55,3.54,3.55,1928.0
2025-08-06T11:24:17,3.55,3.555,3.54,3.55,16747.0
2025-08-06T11:24:18,3.5489,3.5489,3.5446,3.5446,933.0
2025-08-06T11:24:19,3.5497,3.55,3.5497,3.55,1653.0
2025-08-06T11:24:20,3.55,3.55,3.55,3.55,671.0
2025-08-06T11:24:21,3.56,3.56,3.56,3.56,125.0
2025-08-06T11:24:22,3.5565,3.56,3.5565,3.56,1295.0
2025-08-06T11:24:23,3.56,3.56,3.56,3.56,271.0
2025-08-06T11:24:25,3.5512,3.5512,3.5512,3.5512,150.0
2025-08-06T11:24:27,3.5593,3.5593,3.55,3.55,4146.0
2025-08-06T11:24:29,3.55,3.55,3.55,3.55,175.0
2025-08-06T11:24:31,3.55,3.5565,3.55,3.5565,2225.0
2025-08-06T11:24:32,3.5588,3.5588,3.555,3.555,275.0
2025-08-06T11:24:33,3.555,3.5592,3.555,3.555,612.0
2025-08-06T11:24:34,3.56,3.56,3.56,3.56,157.0
2025-08-06T11:24:35,3.551,3.5512,3.551,3.5512,390.0
2025-08-06T11:24:36,3.5599,3.5599,3.5599,3.5599,152.0
2025-08-06T11:24:38,3.5588,3.5588,3.5588,3.5588,355.0
2025-08-06T11:24:41,3.555,3.555,3.54,3.55,6607.0
2025-08-06T11:24:42,3.545,3.545,3.53,3.535,5976.0
2025-08-06T11:24:43,3.5345,3.5345,3.5345,3.5345,120.0
2025-08-06T11:24:47,3.5345,3.5345,3.5345,3.5345,2000.0
2025-08-06T11:24:48,3.5388,3.5388,3.5388,3.5388,218.0
2025-08-06T11:24:49,3.5388,3.5388,3.53,3.53,708.0
2025-08-06T11:24:51,3.54,3.54,3.54,3.54,810.0
2025-08-06T11:24:52,3.5312,3.5312,3.5312,3.5312,499.0
2025-08-06T11:24:53,3.5355,3.5392,3.5355,3.5392,4783.0
2025-08-06T11:24:55,3.5388,3.5388,3.5388,3.5388,873.0
2025-08-06T11:24:56,3.53,3.53,3.53,3.53,1802.0
2025-08-06T11:24:57,3.5398,3.5399,3.5398,3.5399,3501.0
2025-08-06T11:24:58,3.5312,3.535,3.525,3.525,4539.0
2025-08-06T11:24:59,3.525,3.525,3.515,3.515,7003.0
2025-08-06T11:25:00,3.51,3.525,3.51,3.5108,3610.0
2025-08-06T11:25:01,3.51,3.52,3.51,3.515,2595.0
2025-08-06T11:25:02,3.51,3.52,3.51,3.52,4039.0
2025-08-06T11:25:03,3.5254,3.54,3.5254,3.5399,5135.0
2025-08-06T11:25:04,3.5311,3.5311,3.5311,3.5311,100.0
2025-08-06T11:25:06,3.535,3.535,3.535,3.535,191.0
2025-08-06T11:25:07,3.535,3.535,3.5299,3.5299,986.0
2025-08-06T11:25:08,3.5293,3.5293,3.5293,3.5293,464.0
2025-08-06T11:25:12,3.5212,3.5212,3.5212,3.5212,316.0
2025-08-06T11:25:13,3.525,3.53,3.525,3.53,1473.0
2025-08-06T11:25:14,3.52,3.525,3.52,3.5212,3148.0
2025-08-06T11:25:15,3.5212,3.5212,3.52,3.52,2048.0
2025-08-06T11:25:17,3.5212,3.54,3.52,3.5299,18461.0
2025-08-06T11:25:20,3.5301,3.5346,3.5301,3.5346,343.0
2025-08-06T11:25:23,3.535,3.535,3.535,3.535,158.0
2025-08-06T11:25:24,3.5309,3.539,3.5309,3.539,349.0
2025-08-06T11:25:26,3.5301,3.5301,3.5301,3.5301,258.0
2025-08-06T11:25:27,3.539,3.539,3.539,3.539,605.0
2025-08-06T11:25:28,3.535,3.54,3.51,3.52,7938.0
2025-08-06T11:25:29,3.5104,3.515,3.5104,3.5145,6257.0
2025-08-06T11:25:30,3.5145,3.5145,3.5145,3.5145,4514.0
2025-08-06T11:25:31,3.52,3.52,3.52,3.52,447.0
2025-08-06T11:25:32,3.5299,3.5299,3.5299,3.5299,741.0
2025-08-06T11:25:35,3.53,3.53,3.53,3.53,358.0
2025-08-06T11:25:38,3.5204,3.5204,3.5204,3.5204,3010.0
2025-08-06T11:25:39,3.525,3.5293,3.52,3.5293,1997.0
2025-08-06T11:25:40,3.52,3.52,3.52,3.52,412.0
2025-08-06T11:25:46,3.53,3.53,3.53,3.53,765.0
2025-08-06T11:25:47,3.52,3.52,3.52,3.52,136.0
2025-08-06T11:25:48,3.53,3.53,3.53,3.53,132.0
2025-08-06T11:25:49,3.52,3.52,3.52,3.52,291.0
2025-08-06T11:25:52,3.52,3.52,3.51,3.51,3287.0
2025-08-06T11:25:53,3.51,3.51,3.51,3.51,221.0
2025-08-06T11:25:56,3.5011,3.51,3.5011,3.51,613.0
2025-08-06T11:25:57,3.5099,3.52,3.505,3.52,1877.0
2025-08-06T11:26:01,3.515,3.515,3.515,3.515,163.0
2025-08-06T11:26:02,3.51,3.51,3.5093,3.5093,4805.0
2025-08-06T11:26:03,3.501,3.51,3.5,3.5001,8483.0
2025-08-06T11:26:04,3.501,3.501,3.501,3.501,238.0
2025-08-06T11:26:05,3.505,3.505,3.5001,3.5001,583.0
2025-08-06T11:26:06,3.5001,3.51,3.5001,3.5099,3446.0
2025-08-06T11:26:07,3.5008,3.5098,3.5008,3.5098,610.0
2025-08-06T11:26:09,3.5155,3.5155,3.5155,3.5155,4596.0
2025-08-06T11:26:10,3.5196,3.5196,3.5196,3.5196,2002.0
2025-08-06T11:26:13,3.515,3.515,3.51,3.51,2122.0
2025-08-06T11:26:14,3.51,3.5199,3.51,3.5199,7000.0
2025-08-06T11:26:15,3.52,3.52,3.51,3.52,2141.0
2025-08-06T11:26:16,3.5288,3.5288,3.525,3.525,1279.0
2025-08-06T11:26:19,3.5212,3.5212,3.5207,3.5207,776.0
2025-08-06T11:26:20,3.5235,3.525,3.5235,3.525,714.0
2025-08-06T11:26:21,3.5299,3.53,3.525,3.53,770.0
2025-08-06T11:26:24,3.52,3.53,3.52,3.53,310.0
2025-08-06T11:26:26,3.5292,3.5292,3.5292,3.5292,400.0
2025-08-06T11:26:30,3.5245,3.5245,3.5245,3.5245,119.0
2025-08-06T11:26:31,3.525,3.5299,3.525,3.5299,858.0
2025-08-06T11:26:32,3.5299,3.54,3.5299,3.54,3580.0
2025-08-06T11:26:33,3.535,3.5393,3.5309,3.5393,1514.0
2025-08-06T11:26:35,3.5392,3.5392,3.5392,3.5392,390.0
2025-08-06T11:26:37,3.53,3.53,3.53,3.53,1000.0
2025-08-06T11:26:38,3.5399,3.5399,3.5399,3.5399,2500.0
2025-08-06T11:26:39,3.5397,3.55,3.535,3.535,15380.0
2025-08-06T11:26:40,3.5391,3.54,3.535,3.5399,5100.0
2025-08-06T11:26:43,3.54,3.54,3.54,3.54,1761.0
2025-08-06T11:26:44,3.54,3.54,3.54,3.54,1657.0
2025-08-06T11:26:45,3.532,3.535,3.532,3.535,644.0
2025-08-06T11:26:47,3.54,3.54,3.54,3.54,1158.0
2025-08-06T11:26:49,3.5389,3.54,3.5389,3.54,482.0
2025-08-06T11:26:50,3.549,3.5491,3.547,3.5491,1260.0
2025-08-06T11:26:52,3.55,3.5599,3.55,3.5599,4459.0
2025-08-06T11:26:53,3.5599,3.56,3.5501,3.56,9795.0
2025-08-06T11:26:54,3.56,3.5799,3.551271,3.5799,23759.0
2025-08-06T11:26:55,3.5799,3.58,3.55,3.56,16180.0
2025-08-06T11:26:56,3.56,3.58,3.56,3.5701,20473.0
2025-08-06T11:26:57,3.57,3.575,3.56,3.57,2325.0
2025-08-06T11:26:58,3.5701,3.58,3.5701,3.58,3608.0
2025-08-06T11:26:59,3.57,3.57,3.565,3.565,1338.0
2025-08-06T11:27:00,3.5693,3.57,3.565,3.57,3439.0
2025-08-06T11:27:01,3.5701,3.58,3.5654,3.5654,3163.0
2025-08-06T11:27:02,3.5675,3.57,3.56,3.57,8483.0
2025-08-06T11:27:03,3.57,3.58,3.57,3.5789,707.0
2025-08-06T11:27:04,3.57,3.5793,3.57,3.575,1897.0
2025-08-06T11:27:05,3.575,3.5799,3.575,3.5799,1185.0
2025-08-06T11:27:06,3.57,3.5799,3.57,3.5799,421.0
2025-08-06T11:27:07,3.5793,3.5798,3.57,3.57,1579.0
2025-08-06T11:27:08,3.575,3.58,3.57,3.57,551.0
2025-08-06T11:27:09,3.57,3.5789,3.57,3.5788,4013.0
2025-08-06T11:27:10,3.5788,3.58,3.57,3.57,595.0
2025-08-06T11:27:11,3.57,3.5799,3.57,3.5789,2560.0
2025-08-06T11:27:12,3.57,3.57,3.57,3.57,150.0
2025-08-06T11:27:14,3.58,3.58,3.5701,3.5701,6846.0
2025-08-06T11:27:15,3.5755,3.5755,3.5755,3.5755,872.0
2025-08-06T11:27:17,3.5745,3.58,3.57,3.57,2577.0
2025-08-06T11:27:18,3.5791,3.5791,3.575,3.5788,3139.0
2025-08-06T11:27:19,3.575,3.575,3.575,3.575,165.0
2025-08-06T11:27:20,3.5789,3.5789,3.5788,3.5788,375.0
2025-08-06T11:27:21,3.5791,3.5791,3.57,3.5712,2466.0
2025-08-06T11:27:22,3.5665,3.5665,3.56,3.56,533.0
2025-08-06T11:27:24,3.5699,3.5699,3.56,3.56,304.0
2025-08-06T11:27:25,3.56,3.57,3.55,3.57,3372.0
2025-08-06T11:27:27,3.5797,3.5797,3.57,3.57,842.0
2025-08-06T11:27:28,3.5799,3.5799,3.5799,3.5799,208.0
2025-08-06T11:27:29,3.5747,3.58,3.5747,3.58,13535.0
2025-08-06T11:27:30,3.5801,3.5891,3.58,3.58,3012.0
2025-08-06T11:27:31,3.5894,3.59,3.585,3.59,2707.0
2025-08-06T11:27:32,3.58,3.58,3.58,3.58,3728.0
2025-08-06T11:27:33,3.58,3.5836,3.57,3.58,1485.0
2025-08-06T11:27:34,3.58,3.59,3.58,3.5889,4438.0
2025-08-06T11:27:36,3.585,3.59,3.585,3.59,1050.0
2025-08-06T11:27:37,3.59,3.59,3.5812,3.5899,3763.0
2025-08-06T11:27:39,3.5899,3.5899,3.5899,3.5899,300.0
2025-08-06T11:27:40,3.59,3.59,3.585,3.588,2318.0
2025-08-06T11:27:41,3.5889,3.6,3.5889,3.6,5939.0
2025-08-06T11:27:43,3.6,3.6,3.59,3.59,8668.0
2025-08-06T11:27:44,3.6,3.6,3.6,3.6,268.0
2025-08-06T11:27:45,3.595,3.6,3.595,3.6,7677.0
2025-08-06T11:27:46,3.59,3.5988,3.59,3.595,607.0
2025-08-06T11:27:47,3.5995,3.6,3.5801,3.5801,7724.0
2025-08-06T11:27:48,3.58,3.58,3.58,3.58,1178.0
2025-08-06T11:27:49,3.585,3.589,3.57,3.57,1147.0
2025-08-06T11:27:50,3.575,3.6,3.575,3.6,8104.0
2025-08-06T11:27:51,3.598,3.6,3.58,3.585,1745.0
2025-08-06T11:27:52,3.585,3.585,3.585,3.585,510.0
2025-08-06T11:27:53,3.5891,3.5891,3.58,3.58,1734.0
2025-08-06T11:27:55,3.58,3.58,3.5725,3.5725,1217.0
2025-08-06T11:27:56,3.57,3.585,3.57,3.5812,7108.0
2025-08-06T11:27:57,3.59,3.59,3.575,3.575,3075.0
2025-08-06T11:27:59,3.58,3.58,3.58,3.58,222.0
2025-08-06T11:28:01,3.58,3.58,3.575,3.58,3467.0
2025-08-06T11:28:02,3.59,3.59,3.59,3.59,101.0
2025-08-06T11:28:04,3.59,3.59,3.5807,3.5807,4880.0
2025-08-06T11:28:05,3.5899,3.5899,3.5899,3.5899,699.0
2025-08-06T11:28:06,3.5899,3.5899,3.5812,3.585,1001.0
2025-08-06T11:28:07,3.59,3.6,3.59,3.6,2328.0
2025-08-06T11:28:08,3.5901,3.6,3.5901,3.6,4131.0
2025-08-06T11:28:09,3.6,3.6,3.59,3.59,1201.0
2025-08-06T11:28:10,3.598,3.6,3.59,3.6,2224.0
2025-08-06T11:28:11,3.6,3.6,3.59,3.6,4735.0
2025-08-06T11:28:12,3.6,3.6,3.5909,3.595,4225.0
2025-08-06T11:28:13,3.6,3.6,3.595,3.6,1512.0
2025-08-06T11:28:14,3.6,3.6,3.6,3.6,308.0
2025-08-06T11:28:15,3.5912,3.6,3.5901,3.6,2111.0
2025-08-06T11:28:16,3.5954,3.5954,3.59,3.59,2016.0
2025-08-06T11:28:17,3.59,3.6,3.59,3.595,4584.0
2025-08-06T11:28:18,3.5901,3.6,3.59,3.6,6116.0
2025-08-06T11:28:19,3.5901,3.5995,3.59,3.5995,7246.0
2025-08-06T11:28:20,3.59,3.6,3.59,3.59,4299.0
2025-08-06T11:28:21,3.595,3.595,3.59,3.59,2216.0
2025-08-06T11:28:22,3.59,3.59,3.58,3.58,4471.0
2025-08-06T11:28:23,3.5801,3.5801,3.58,3.58,1446.0
2025-08-06T11:28:24,3.59,3.59,3.5889,3.5889,200.0
2025-08-06T11:28:25,3.5801,3.5801,3.57,3.57,2736.0
2025-08-06T11:28:26,3.573,3.58,3.5701,3.58,4213.0
2025-08-06T11:28:27,3.58,3.59,3.58,3.59,1017.0
2025-08-06T11:28:28,3.59,3.59,3.58,3.58,2325.0
2025-08-06T11:28:29,3.5812,3.59,3.5812,3.59,1257.0
2025-08-06T11:28:30,3.5855,3.5855,3.57,3.58,1081.0
2025-08-06T11:28:31,3.585,3.59,3.585,3.59,1186.0
2025-08-06T11:28:32,3.58,3.59,3.58,3.5863,2315.0
2025-08-06T11:28:34,3.59,3.59,3.59,3.59,1307.0
2025-08-06T11:28:36,3.59,3.6,3.59,3.595,3281.0
2025-08-06T11:28:37,3.595,3.595,3.5911,3.5911,1372.0
2025-08-06T11:28:38,3.5995,3.6,3.5955,3.5955,6015.0
2025-08-06T11:28:39,3.5901,3.595,3.58,3.5899,5039.0
2025-08-06T11:28:40,3.58,3.59,3.57,3.57,2995.0
2025-08-06T11:28:41,3.5745,3.5745,3.57,3.57,2452.0
2025-08-06T11:28:42,3.58,3.59,3.58,3.59,483.0
2025-08-06T11:28:46,3.585,3.585,3.5801,3.5801,485.0
2025-08-06T11:28:47,3.5807,3.5807,3.5807,3.5807,1052.0
2025-08-06T11:28:48,3.58,3.5899,3.575,3.575,2258.0
2025-08-06T11:28:49,3.58,3.58,3.575,3.58,1063.0
2025-08-06T11:28:50,3.59,3.59,3.58,3.58,899.0
2025-08-06T11:28:51,3.59,3.59,3.58,3.58,325.0
2025-08-06T11:28:52,3.58,3.58,3.58,3.58,125.0
2025-08-06T11:28:53,3.58,3.58,3.58,3.58,1497.0
2025-08-06T11:28:54,3.5888,3.5888,3.5888,3.5888,501.0
2025-08-06T11:28:55,3.58,3.58,3.57,3.57,746.0
2025-08-06T11:28:58,3.5708,3.5708,3.5708,3.5708,300.0
2025-08-06T11:28:59,3.572,3.575,3.56,3.56,17697.0
2025-08-06T11:29:00,3.562,3.562,3.5619,3.5619,234.0
2025-08-06T11:29:01,3.56,3.56,3.56,3.56,148.0
2025-08-06T11:29:03,3.565,3.565,3.56,3.56,834.0
2025-08-06T11:29:04,3.5611,3.5611,3.5611,3.5611,1009.0
2025-08-06T11:29:05,3.56,3.56,3.56,3.56,212.0
2025-08-06T11:29:07,3.56,3.56,3.56,3.56,362.0
2025-08-06T11:29:08,3.5699,3.5699,3.56,3.56,1505.0
2025-08-06T11:29:10,3.5611,3.565,3.56,3.56,3092.0
2025-08-06T11:29:11,3.5692,3.5692,3.56,3.56,793.0
2025-08-06T11:29:14,3.56,3.56,3.56,3.56,133.0
2025-08-06T11:29:15,3.56,3.5695,3.56,3.5695,1899.0
2025-08-06T11:29:17,3.5603,3.5603,3.5603,3.5603,3030.0
2025-08-06T11:29:18,3.57,3.57,3.57,3.57,1528.0
2025-08-06T11:29:20,3.565,3.565,3.565,3.565,136.0
2025-08-06T11:29:22,3.565,3.565,3.565,3.565,200.0
2025-08-06T11:29:23,3.56,3.57,3.56,3.56,1589.0
2025-08-06T11:29:24,3.565,3.565,3.56,3.565,681.0
2025-08-06T11:29:26,3.565,3.565,3.565,3.565,1030.0
2025-08-06T11:29:27,3.5655,3.5655,3.5655,3.5655,2000.0
2025-08-06T11:29:30,3.5611,3.5611,3.5611,3.5611,100.0
2025-08-06T11:29:33,3.56,3.56,3.56,3.56,191.0
2025-08-06T11:29:34,3.56,3.57,3.55,3.555,5131.0
2025-08-06T11:29:35,3.551,3.555,3.53,3.531,7160.0
2025-08-06T11:29:36,3.53,3.56,3.53,3.56,6700.0
2025-08-06T11:29:37,3.56,3.58,3.5599,3.579,11217.0
2025-08-06T11:29:38,3.58,3.59,3.5701,3.59,9398.0
2025-08-06T11:29:39,3.59,3.6,3.59,3.595,17006.0
2025-08-06T11:29:40,3.6,3.6,3.595,3.5999,8584.0
2025-08-06T11:29:41,3.595,3.6,3.595,3.6,2226.0
2025-08-06T11:29:42,3.595,3.6,3.59,3.59,4435.0
2025-08-06T11:29:43,3.5953,3.5988,3.595,3.5988,1075.0
2025-08-06T11:29:44,3.595,3.6,3.5912,3.5912,3259.0
2025-08-06T11:29:45,3.59,3.598,3.59,3.59,5897.0
2025-08-06T11:29:46,3.58,3.59,3.58,3.59,8590.0
2025-08-06T11:29:47,3.595,3.6,3.59,3.59,9715.0
2025-08-06T11:29:48,3.6,3.6,3.5947,3.5947,7154.0
2025-08-06T11:29:49,3.5912,3.5912,3.5912,3.5912,373.0
2025-08-06T11:29:50,3.5912,3.5912,3.59,3.59,366.0
2025-08-06T11:29:51,3.6,3.6,3.5999,3.6,2411.0
2025-08-06T11:29:52,3.595,3.5995,3.59,3.5995,5563.0
2025-08-06T11:29:53,3.6,3.6,3.5907,3.6,3384.0
2025-08-06T11:29:54,3.5998,3.6,3.5908,3.6,2616.0
2025-08-06T11:29:55,3.6,3.6,3.595,3.6,25944.0
2025-08-06T11:29:56,3.61,3.62,3.61,3.62,54608.0
2025-08-06T11:29:57,3.62,3.62,3.6,3.6098,18993.0
2025-08-06T11:29:58,3.6055,3.61,3.595,3.5997,6794.0
2025-08-06T11:29:59,3.5988,3.6,3.59,3.59,5224.0
2025-08-06T11:30:00,3.5802,3.595,3.5802,3.5857,5435.0
2025-08-06T11:30:01,3.585,3.585,3.56,3.585,9528.0
2025-08-06T11:30:02,3.58,3.5895,3.5789,3.58,3066.0
2025-08-06T11:30:03,3.58,3.59,3.58,3.58,2939.0
2025-08-06T11:30:04,3.59,3.59,3.585,3.585,942.0
2025-08-06T11:30:05,3.585,3.61,3.585,3.6,8373.0
2025-08-06T11:30:06,3.6099,3.6099,3.6,3.605,1387.0
2025-08-06T11:30:07,3.6088,3.6099,3.6,3.6099,975.0
2025-08-06T11:30:08,3.605,3.6092,3.6,3.6092,2517.0
2025-08-06T11:30:09,3.61,3.62,3.605,3.62,12502.0
2025-08-06T11:30:10,3.62,3.62,3.61,3.6112,3422.0
2025-08-06T11:30:11,3.62,3.62,3.61,3.6199,2357.0
2025-08-06T11:30:12,3.615,3.62,3.58,3.5897,11485.0
2025-08-06T11:30:13,3.585,3.5888,3.585,3.585,2388.0
2025-08-06T11:30:14,3.5888,3.5888,3.5888,3.5888,224.0
2025-08-06T11:30:16,3.5801,3.6,3.5801,3.6,5244.0
2025-08-06T11:30:17,3.59,3.6,3.5899,3.59,2058.0
2025-08-06T11:30:19,3.585,3.61,3.585,3.5901,6187.0
2025-08-06T11:30:20,3.5999,3.6,3.59,3.6,3878.0
2025-08-06T11:30:21,3.59,3.595,3.59,3.59,815.0
2025-08-06T11:30:22,3.6,3.6,3.6,3.6,565.0
2025-08-06T11:30:23,3.595,3.61,3.59,3.5999,6950.0
2025-08-06T11:30:24,3.59,3.6,3.59,3.6,3394.0
2025-08-06T11:30:25,3.6,3.6,3.59,3.599,4295.0
2025-08-06T11:30:26,3.595,3.605,3.5901,3.5901,1485.0
2025-08-06T11:30:27,3.6,3.6,3.5945,3.5945,390.0
2025-08-06T11:30:29,3.6,3.61,3.6,3.605,3459.0
2025-08-06T11:30:30,3.6009,3.6009,3.6,3.6,1261.0
2025-08-06T11:30:33,3.605,3.605,3.581,3.581,9129.0
2025-08-06T11:30:34,3.5809,3.5899,3.5801,3.5889,1584.0
2025-08-06T11:30:35,3.585,3.61,3.58,3.61,18209.0
2025-08-06T11:30:36,3.59,3.59,3.5801,3.5801,376.0
2025-08-06T11:30:37,3.5998,3.5998,3.5998,3.5998,1229.0
2025-08-06T11:30:38,3.59,3.59,3.59,3.59,201.0
2025-08-06T11:30:40,3.59,3.59,3.585,3.59,1061.0
2025-08-06T11:30:41,3.5881,3.5881,3.580767,3.580767,1911.0
2025-08-06T11:30:43,3.59,3.59,3.588,3.588,621.0
2025-08-06T11:30:44,3.585,3.5899,3.585,3.5899,386.0
2025-08-06T11:30:47,3.59,3.59,3.58,3.58,702.0
2025-08-06T11:30:48,3.585,3.585,3.58,3.585,1252.0
2025-08-06T11:30:49,3.58,3.58,3.58,3.58,157.0
2025-08-06T11:30:51,3.5889,3.59,3.58,3.5812,3009.0
2025-08-06T11:30:56,3.58,3.58,3.5704,3.5704,10586.0
2025-08-06T11:30:57,3.57,3.5701,3.55,3.55,12078.0
2025-08-06T11:30:58,3.55,3.5512,3.51,3.52,22981.0
2025-08-06T11:30:59,3.51,3.52,3.51,3.511,16686.0
2025-08-06T11:31:00,3.52,3.53,3.519,3.5246,7946.0
2025-08-06T11:31:01,3.5212,3.5212,3.51,3.515,10806.0
2025-08-06T11:31:02,3.51,3.51,3.46,3.48,55129.0
2025-08-06T11:31:03,3.475,3.4901,3.475,3.489,4088.0
2025-08-06T11:31:04,3.49,3.51,3.48,3.51,19412.0
2025-08-06T11:31:05,3.51,3.58,3.4901,3.5592,35919.0
2025-08-06T11:31:06,3.56,3.56,3.54,3.55,5720.0
2025-08-06T11:31:07,3.56,3.56,3.54,3.54,6838.0
2025-08-06T11:31:08,3.53,3.5301,3.515,3.5301,7599.0
2025-08-06T11:31:09,3.5301,3.5301,3.52,3.52,5019.0
2025-08-06T11:31:10,3.535,3.535,3.52,3.5211,1156.0
2025-08-06T11:31:11,3.526,3.526,3.526,3.526,282.0
2025-08-06T11:31:12,3.53,3.55,3.525,3.55,9321.0
2025-08-06T11:31:13,3.55,3.5591,3.55,3.555,759.0
2025-08-06T11:31:14,3.545,3.55,3.54,3.545,1792.0
2025-08-06T11:31:15,3.545,3.56,3.545,3.5499,11213.0
2025-08-06T11:31:16,3.555,3.5589,3.555,3.5589,318.0
2025-08-06T11:31:17,3.555,3.5599,3.55,3.5599,6377.0
2025-08-06T11:31:18,3.5591,3.5591,3.5508,3.5508,600.0
2025-08-06T11:31:19,3.56,3.57,3.555,3.56,6159.0
2025-08-06T11:31:20,3.56,3.56,3.559,3.559,2509.0
2025-08-06T11:31:21,3.555,3.56,3.555,3.56,2007.0
2025-08-06T11:31:22,3.57,3.61,3.565,3.5857,27829.0
2025-08-06T11:31:23,3.5811,3.6,3.58,3.59,11954.0
2025-08-06T11:31:24,3.5999,3.61,3.59,3.6,9027.0
2025-08-06T11:31:25,3.59,3.6,3.5501,3.5601,26252.0
2025-08-06T11:31:26,3.57,3.5782,3.57,3.5708,5701.0
2025-08-06T11:31:27,3.5708,3.5708,3.5692,3.5692,704.0
2025-08-06T11:31:28,3.57,3.58,3.57,3.57,871.0
2025-08-06T11:31:29,3.565,3.5691,3.565,3.5691,522.0
2025-08-06T11:31:30,3.5688,3.5688,3.5688,3.5688,414.0
2025-08-06T11:31:31,3.5691,3.5691,3.5689,3.5689,324.0
2025-08-06T11:31:32,3.565,3.565,3.565,3.565,219.0
2025-08-06T11:31:33,3.565,3.57,3.565,3.57,299.0
2025-08-06T11:31:35,3.5688,3.5688,3.5612,3.5612,321.0
2025-08-06T11:31:36,3.57,3.57,3.57,3.57,6026.0
2025-08-06T11:31:37,3.5689,3.5689,3.56,3.56,1150.0
2025-08-06T11:31:38,3.56,3.56,3.56,3.56,401.0
2025-08-06T11:31:40,3.5608,3.5608,3.5608,3.5608,310.0
2025-08-06T11:31:42,3.5612,3.5612,3.55,3.55,2257.0
2025-08-06T11:31:43,3.55,3.55,3.55,3.55,114.0
2025-08-06T11:31:44,3.5599,3.5599,3.5599,3.5599,306.0
2025-08-06T11:31:45,3.56,3.56,3.56,3.56,173.0
2025-08-06T11:31:46,3.5511,3.5511,3.5511,3.5511,1139.0
2025-08-06T11:31:47,3.5589,3.5589,3.5501,3.5501,315.0
2025-08-06T11:31:49,3.5508,3.5508,3.55,3.55,387.0
2025-08-06T11:31:51,3.555,3.555,3.555,3.555,101.0
2025-08-06T11:31:54,3.55,3.56,3.54,3.54,12836.0
2025-08-06T11:31:55,3.545,3.545,3.54,3.54,7407.0
2025-08-06T11:31:56,3.545,3.5489,3.545,3.5489,5130.0
2025-08-06T11:31:59,3.5499,3.56,3.54,3.54,8510.0
2025-08-06T11:32:00,3.5488,3.56,3.54,3.5599,4792.0
2025-08-06T11:32:01,3.55,3.55,3.54,3.5455,3123.0
2025-08-06T11:32:04,3.53,3.53,3.52,3.52,3962.0
2025-08-06T11:32:05,3.52,3.52,3.5105,3.52,6466.0
2025-08-06T11:32:06,3.51,3.5154,3.51,3.515,5806.0
2025-08-06T11:32:08,3.5102,3.54,3.49,3.52,26862.0
2025-08-06T11:32:09,3.52,3.53,3.52,3.53,1070.0
2025-08-06T11:32:10,3.5201,3.5289,3.5201,3.5235,370.0
2025-08-06T11:32:11,3.52,3.52,3.52,3.52,734.0
2025-08-06T11:32:12,3.525,3.525,3.52,3.52,549.0
2025-08-06T11:32:13,3.5209,3.5209,3.5209,3.5209,252.0
2025-08-06T11:32:14,3.525,3.525,3.52,3.52,334.0
2025-08-06T11:32:15,3.5201,3.5201,3.5201,3.5201,251.0
2025-08-06T11:32:17,3.5294,3.5294,3.5294,3.5294,1010.0
2025-08-06T11:32:18,3.52,3.52,3.52,3.52,3585.0
2025-08-06T11:32:19,3.515,3.515,3.51,3.51,213.0
2025-08-06T11:32:20,3.51,3.5199,3.51,3.5101,508.0
2025-08-06T11:32:21,3.51,3.51,3.49,3.5,4758.0
2025-08-06T11:32:22,3.5088,3.5088,3.505,3.505,542.0
2025-08-06T11:32:23,3.5091,3.5091,3.5091,3.5091,110.0
2025-08-06T11:32:24,3.5,3.505,3.4855,3.4855,13117.0
2025-08-06T11:32:25,3.4809,3.481,3.48,3.481,4123.0
2025-08-06T11:32:26,3.4855,3.5,3.47,3.49,7257.0
2025-08-06T11:32:27,3.4899,3.5,3.4899,3.498,2142.0
2025-08-06T11:32:28,3.5,3.505,3.5,3.505,604.0
2025-08-06T11:32:30,3.5099,3.5099,3.5099,3.5099,585.0
2025-08-06T11:32:31,3.5,3.5,3.5,3.5,264.0
2025-08-06T11:32:33,3.5,3.5,3.495,3.495,1892.0
2025-08-06T11:32:34,3.5,3.505,3.49,3.495,3868.0
2025-08-06T11:32:37,3.5,3.5,3.5,3.5,512.0
2025-08-06T11:32:38,3.4901,3.495,3.4901,3.495,851.0
2025-08-06T11:32:40,3.4901,3.495,3.4901,3.495,1797.0
2025-08-06T11:32:41,3.495,3.495,3.46,3.47,18731.0
2025-08-06T11:32:42,3.46,3.48,3.46,3.48,2714.0
2025-08-06T11:32:43,3.4789,3.4789,3.475,3.475,1540.0
2025-08-06T11:32:44,3.48,3.48,3.48,3.48,442.0
2025-08-06T11:32:45,3.4701,3.4701,3.4701,3.4701,230.0
2025-08-06T11:32:46,3.48,3.48,3.475,3.48,2439.0
2025-08-06T11:32:48,3.481,3.481,3.48,3.48,1145.0
2025-08-06T11:32:50,3.4899,3.4899,3.48,3.48,1555.0
2025-08-06T11:32:51,3.48,3.4899,3.48,3.4899,1658.0
2025-08-06T11:32:52,3.49,3.49,3.49,3.49,2554.0
2025-08-06T11:32:53,3.49,3.5,3.49,3.5,2461.0
2025-08-06T11:32:54,3.495,3.5,3.495,3.5,500.0
2025-08-06T11:32:56,3.5,3.5,3.5,3.5,1561.0
2025-08-06T11:32:58,3.4907,3.5,3.4907,3.4911,1518.0
2025-08-06T11:33:00,3.4989,3.5,3.49,3.495,500.0
2025-08-06T11:33:01,3.4925,3.5,3.4925,3.5,759.0
2025-08-06T11:33:02,3.495,3.4988,3.4901,3.4988,616.0
2025-08-06T11:33:03,3.4945,3.4945,3.4945,3.4945,1028.0
2025-08-06T11:33:04,3.495,3.5499,3.49,3.51,7130.0
2025-08-06T11:33:05,3.4945,3.495,3.49,3.49,1389.0
2025-08-06T11:33:07,3.495,3.495,3.4701,3.4701,8698.0
2025-08-06T11:33:08,3.475,3.475,3.475,3.475,510.0
2025-08-06T11:33:09,3.47,3.47,3.46,3.47,2864.0
2025-08-06T11:33:10,3.4607,3.47,3.46,3.465,1630.0
2025-08-06T11:33:12,3.4601,3.461,3.4601,3.461,366.0
2025-08-06T11:33:13,3.47,3.47,3.47,3.47,2188.0
2025-08-06T11:33:14,3.4754,3.48,3.47,3.47,450.0
2025-08-06T11:33:15,3.475,3.48,3.461,3.4616,6570.0
2025-08-06T11:33:16,3.465,3.47,3.46,3.46,957.0
2025-08-06T11:33:17,3.47,3.47,3.47,3.47,401.0
2025-08-06T11:33:18,3.4793,3.48,3.475,3.475,2068.0
2025-08-06T11:33:19,3.4764,3.4764,3.47,3.47,2365.0
2025-08-06T11:33:20,3.48,3.48,3.4701,3.4701,459.0
2025-08-06T11:33:21,3.47,3.4789,3.47,3.47,1806.0
2025-08-06T11:33:22,3.4701,3.471,3.47,3.471,1612.0
2025-08-06T11:33:23,3.4701,3.4789,3.4701,3.4789,1176.0
2025-08-06T11:33:25,3.473,3.473,3.4709,3.472,1158.0
2025-08-06T11:33:26,3.47,3.47,3.47,3.47,500.0
2025-08-06T11:33:27,3.47,3.48,3.46,3.46,9526.0
2025-08-06T11:33:28,3.45,3.45,3.41,3.42,45738.0
2025-08-06T11:33:29,3.4101,3.44,3.41,3.42,20934.0
2025-08-06T11:33:30,3.425,3.44,3.41,3.43,27595.0
2025-08-06T11:33:31,3.44,3.5,3.435,3.49,25506.0
2025-08-06T11:33:32,3.48,3.49,3.47,3.47,1495.0
2025-08-06T11:33:33,3.4798,3.4798,3.47,3.475,404.0
2025-08-06T11:33:35,3.4709,3.55,3.4701,3.53,26229.0
2025-08-06T11:33:36,3.53,3.53,3.53,3.53,280.0
2025-08-06T11:33:37,3.53,3.54,3.5201,3.53,1614.0
2025-08-06T11:33:38,3.525,3.525,3.525,3.525,553.0
2025-08-06T11:33:39,3.5201,3.528,3.52,3.528,3823.0
2025-08-06T11:33:40,3.52,3.52,3.52,3.52,111.0
2025-08-06T11:33:41,3.52,3.52,3.51,3.51,531.0
2025-08-06T11:33:42,3.51,3.511,3.5089,3.5089,1065.0
2025-08-06T11:33:43,3.5099,3.5099,3.5,3.5,514.0
2025-08-06T11:33:45,3.51,3.51,3.51,3.51,820.0
2025-08-06T11:33:46,3.5199,3.53,3.5199,3.5299,12839.0
2025-08-06T11:33:47,3.525,3.53,3.52,3.52,6750.0
2025-08-06T11:33:48,3.525,3.525,3.525,3.525,1000.0
2025-08-06T11:33:49,3.52,3.52,3.52,3.52,556.0
2025-08-06T11:33:50,3.52,3.5219,3.52,3.5219,711.0
2025-08-06T11:33:51,3.515,3.515,3.515,3.515,400.0
2025-08-06T11:33:52,3.525,3.5289,3.525,3.5289,285.0
2025-08-06T11:33:53,3.5293,3.5293,3.5293,3.5293,532.0
2025-08-06T11:33:54,3.525,3.525,3.525,3.525,132.0
2025-08-06T11:33:55,3.525,3.525,3.525,3.525,200.0
2025-08-06T11:33:56,3.53,3.53,3.53,3.53,956.0
2025-08-06T11:33:57,3.5298,3.53,3.5298,3.53,10984.0
2025-08-06T11:33:58,3.5201,3.5254,3.52,3.52,4738.0
2025-08-06T11:33:59,3.52,3.52,3.52,3.52,15553.0
2025-08-06T11:34:00,3.52,3.54,3.51,3.54,15983.0
2025-08-06T11:34:01,3.53,3.535,3.5299,3.5299,1553.0
2025-08-06T11:34:02,3.53,3.53,3.52,3.52,5679.0
2025-08-06T11:34:03,3.52,3.52,3.52,3.52,560.0
2025-08-06T11:34:04,3.53,3.56,3.5201,3.54,13744.0
2025-08-06T11:34:05,3.549,3.549,3.549,3.549,3000.0
2025-08-06T11:34:06,3.54,3.56,3.53,3.56,9386.0
2025-08-06T11:34:07,3.57,3.6,3.5512,3.595,47771.0
2025-08-06T11:34:08,3.6,3.61,3.58,3.58,63419.0
2025-08-06T11:34:09,3.58,3.59,3.58,3.59,1926.0
2025-08-06T11:34:10,3.585,3.585,3.55,3.57,14629.0
2025-08-06T11:34:11,3.565,3.58,3.55,3.57,20219.0
2025-08-06T11:34:12,3.5699,3.575,3.5663,3.575,3019.0
2025-08-06T11:34:13,3.565,3.565,3.53,3.54,7601.0
2025-08-06T11:34:14,3.54,3.54,3.54,3.54,709.0
2025-08-06T11:34:15,3.54,3.55,3.54,3.55,2314.0
2025-08-06T11:34:16,3.55,3.57,3.54,3.5588,12869.0
2025-08-06T11:34:17,3.5599,3.56,3.5588,3.5588,1667.0
2025-08-06T11:34:18,3.5512,3.56,3.5512,3.56,810.0
2025-08-06T11:34:19,3.57,3.578,3.568,3.578,3149.0
2025-08-06T11:34:20,3.58,3.59,3.57,3.59,16661.0
2025-08-06T11:34:21,3.59,3.6,3.59,3.6,8620.0
2025-08-06T11:34:22,3.5906,3.595,3.58,3.58,9448.0
2025-08-06T11:34:23,3.5799,3.5799,3.55,3.55,12595.0
2025-08-06T11:34:24,3.56,3.57,3.56,3.57,2647.0
2025-08-06T11:34:25,3.57,3.57,3.57,3.57,1091.0
2025-08-06T11:34:26,3.5688,3.5688,3.5688,3.5688,169.0
2025-08-06T11:34:27,3.56,3.5688,3.56,3.5688,1108.0
2025-08-06T11:34:28,3.5689,3.5689,3.56,3.56,307.0
2025-08-06T11:34:30,3.5699,3.5699,3.5699,3.5699,129.0
2025-08-06T11:34:31,3.57,3.57,3.57,3.57,1549.0
2025-08-06T11:34:32,3.58,3.58,3.5799,3.5799,2844.0
2025-08-06T11:34:33,3.5796,3.589,3.57,3.58,5025.0
2025-08-06T11:34:34,3.575,3.58,3.575,3.58,800.0
2025-08-06T11:34:35,3.5792,3.58,3.579,3.58,789.0
2025-08-06T11:34:37,3.5748,3.5748,3.5707,3.5707,1500.0
2025-08-06T11:34:38,3.57,3.58,3.56,3.56,2147.0
2025-08-06T11:34:39,3.5788,3.5788,3.5698,3.5699,3404.0
2025-08-06T11:34:40,3.565,3.57,3.56,3.57,320.0
2025-08-06T11:34:41,3.565,3.57,3.565,3.5692,8503.0
2025-08-06T11:34:42,3.5612,3.5701,3.56,3.5701,8898.0
2025-08-06T11:34:43,3.5688,3.5688,3.565,3.565,574.0
2025-08-06T11:34:44,3.561,3.57,3.561,3.57,1919.0
2025-08-06T11:34:47,3.5653,3.5653,3.5601,3.5601,904.0
2025-08-06T11:34:49,3.5699,3.5699,3.5699,3.5699,259.0
2025-08-06T11:34:51,3.5693,3.5693,3.569,3.569,927.0
2025-08-06T11:34:54,3.565,3.57,3.565,3.57,200.0
2025-08-06T11:34:55,3.5607,3.5607,3.55,3.55,4239.0
2025-08-06T11:34:56,3.555,3.57,3.555,3.56,11171.0
2025-08-06T11:34:57,3.5601,3.5601,3.5601,3.5601,250.0
2025-08-06T11:35:00,3.56,3.56,3.56,3.56,312.0
2025-08-06T11:35:01,3.551,3.551,3.55,3.55,7968.0
2025-08-06T11:35:03,3.5401,3.5401,3.53,3.53,10707.0
2025-08-06T11:35:04,3.524,3.53,3.51,3.52,15177.0
2025-08-06T11:35:05,3.52,3.5209,3.52,3.5209,789.0
2025-08-06T11:35:06,3.52,3.53,3.52,3.53,3200.0
2025-08-06T11:35:07,3.5299,3.5299,3.5299,3.5299,1012.0
2025-08-06T11:35:08,3.5289,3.5289,3.5289,3.5289,111.0
2025-08-06T11:35:09,3.515,3.52,3.515,3.5199,1215.0
2025-08-06T11:35:10,3.515,3.52,3.5,3.5,23102.0
2025-08-06T11:35:11,3.5,3.51,3.5,3.51,2994.0
2025-08-06T11:35:12,3.5099,3.5099,3.5001,3.5001,1905.0
2025-08-06T11:35:13,3.51,3.51,3.505,3.505,286.0
2025-08-06T11:35:14,3.5099,3.5099,3.5099,3.5099,1000.0
2025-08-06T11:35:15,3.5005,3.5005,3.5005,3.5005,1810.0
2025-08-06T11:35:16,3.5088,3.5088,3.5,3.5012,2929.0
2025-08-06T11:35:17,3.5088,3.5088,3.5088,3.5088,180.0
2025-08-06T11:35:18,3.5092,3.5092,3.5,3.5,3578.0
2025-08-06T11:35:19,3.5001,3.5001,3.5001,3.5001,671.0
2025-08-06T11:35:21,3.5001,3.51,3.5001,3.5063,4223.0
2025-08-06T11:35:22,3.51,3.53,3.51,3.52,15036.0
2025-08-06T11:35:23,3.51,3.51,3.51,3.51,1525.0
2025-08-06T11:35:24,3.5189,3.5189,3.5189,3.5189,129.0
2025-08-06T11:35:26,3.5199,3.52,3.5199,3.52,290.0
2025-08-06T11:35:28,3.5155,3.5155,3.49,3.5099,5341.0
2025-08-06T11:35:31,3.5011,3.5011,3.5011,3.5011,136.0
2025-08-06T11:35:32,3.51,3.51,3.5063,3.51,2534.0
2025-08-06T11:35:33,3.5101,3.5101,3.51,3.51,1231.0
2025-08-06T11:35:37,3.51,3.5101,3.5,3.5,1244.0
2025-08-06T11:35:40,3.508,3.508,3.505,3.505,1196.0
2025-08-06T11:35:41,3.51,3.51,3.509,3.509,2541.0
2025-08-06T11:35:42,3.51,3.5245,3.51,3.52,6442.0
2025-08-06T11:35:43,3.5208,3.525,3.52,3.525,1701.0
2025-08-06T11:35:44,3.5189,3.5189,3.5101,3.5101,200.0
2025-08-06T11:35:47,3.5112,3.5112,3.5112,3.5112,193.0
2025-08-06T11:35:48,3.51,3.51,3.51,3.51,600.0
2025-08-06T11:35:50,3.52,3.52,3.52,3.52,279.0
2025-08-06T11:35:51,3.5107,3.5107,3.5107,3.5107,524.0
2025-08-06T11:35:54,3.51,3.51,3.51,3.51,120.0
2025-08-06T11:35:55,3.515,3.52,3.515,3.5177,709.0
2025-08-06T11:35:58,3.5171,3.52,3.5171,3.52,1027.0
2025-08-06T11:35:59,3.53,3.53,3.53,3.53,1207.0
2025-08-06T11:36:00,3.535,3.54,3.52,3.54,7998.0
2025-08-06T11:36:01,3.55,3.55,3.53,3.53,2595.0
2025-08-06T11:36:03,3.535,3.535,3.535,3.535,200.0
2025-08-06T11:36:04,3.54,3.55,3.54,3.54,4700.0
2025-08-06T11:36:05,3.54,3.54,3.54,3.54,147.0
2025-08-06T11:36:07,3.5399,3.5399,3.5309,3.5309,1210.0
2025-08-06T11:36:08,3.53,3.53,3.53,3.53,201.0
2025-08-06T11:36:09,3.54,3.54,3.54,3.54,110.0
2025-08-06T11:36:11,3.54,3.54,3.54,3.54,240.0
2025-08-06T11:36:12,3.5399,3.5399,3.5399,3.5399,200.0
2025-08-06T11:36:16,3.537,3.537,3.537,3.537,300.0
2025-08-06T11:36:20,3.54,3.54,3.54,3.54,175.0
2025-08-06T11:36:22,3.5399,3.5399,3.5399,3.5399,636.0
2025-08-06T11:36:23,3.53,3.54,3.52,3.54,3776.0
2025-08-06T11:36:24,3.525,3.525,3.525,3.525,3501.0
2025-08-06T11:36:25,3.52,3.52,3.52,3.52,1170.0
2025-08-06T11:36:29,3.52,3.5236,3.52,3.5236,257.0
2025-08-06T11:36:30,3.5201,3.5201,3.5201,3.5201,1356.0
2025-08-06T11:36:33,3.52,3.52,3.52,3.52,317.0
2025-08-06T11:36:34,3.52,3.52,3.52,3.52,201.0
2025-08-06T11:36:36,3.51,3.51,3.51,3.51,2216.0
2025-08-06T11:36:38,3.5088,3.51,3.49,3.49,7015.0
2025-08-06T11:36:39,3.49,3.49,3.48,3.49,5443.0
2025-08-06T11:36:40,3.48,3.49,3.48,3.49,1596.0
2025-08-06T11:36:41,3.5,3.52,3.4999,3.51,10217.0
2025-08-06T11:36:42,3.5199,3.5199,3.5,3.5,2541.0
2025-08-06T11:36:43,3.5,3.5,3.5,3.5,714.0
2025-08-06T11:36:46,3.5092,3.5092,3.5092,3.5092,215.0
2025-08-06T11:36:47,3.5092,3.5092,3.5092,3.5092,300.0
2025-08-06T11:36:48,3.5094,3.5094,3.5094,3.5094,1000.0
2025-08-06T11:36:51,3.519,3.519,3.519,3.519,240.0
2025-08-06T11:36:55,3.52,3.55,3.51,3.53,28687.0
2025-08-06T11:36:58,3.5212,3.5248,3.5212,3.5248,702.0
2025-08-06T11:36:59,3.525,3.5299,3.525,3.5299,500.0
2025-08-06T11:37:04,3.52,3.53,3.52,3.53,2630.0
2025-08-06T11:37:05,3.52,3.53,3.52,3.53,1025.0
2025-08-06T11:37:06,3.5204,3.5204,3.5204,3.5204,3378.0
2025-08-06T11:37:08,3.53,3.53,3.52,3.52,800.0
2025-08-06T11:37:09,3.5145,3.5145,3.5145,3.5145,4542.0
2025-08-06T11:37:10,3.52,3.53,3.52,3.5299,1617.0
2025-08-06T11:37:11,3.54,3.54,3.53,3.53,1912.0
2025-08-06T11:37:17,3.53,3.53,3.53,3.53,581.0
2025-08-06T11:37:21,3.539,3.539,3.539,3.539,243.0
2025-08-06T11:37:22,3.53,3.5301,3.53,3.5301,7700.0
2025-08-06T11:37:23,3.53,3.53,3.51,3.51,8283.0
2025-08-06T11:37:24,3.5188,3.5188,3.51,3.51,4168.0
2025-08-06T11:37:25,3.51,3.52,3.5012,3.51,2890.0
2025-08-06T11:37:26,3.51,3.51,3.51,3.51,122.0
2025-08-06T11:37:27,3.5011,3.5011,3.5011,3.5011,400.0
2025-08-06T11:37:29,3.5,3.5,3.5,3.5,1035.0
2025-08-06T11:37:30,3.505,3.505,3.5,3.5,2670.0
2025-08-06T11:37:31,3.493,3.495,3.49,3.495,4000.0
2025-08-06T11:37:33,3.49,3.49,3.49,3.49,1000.0
2025-08-06T11:37:34,3.5,3.5,3.49,3.49,5655.0
2025-08-06T11:37:36,3.48,3.485,3.48,3.48,23425.0
2025-08-06T11:37:37,3.4799,3.48,3.4799,3.48,9400.0
2025-08-06T11:37:38,3.4801,3.52,3.4801,3.5,12730.0
2025-08-06T11:37:40,3.5,3.51,3.5,3.51,1821.0
2025-08-06T11:37:41,3.5189,3.5189,3.51,3.51,701.0
2025-08-06T11:37:42,3.52,3.55,3.5199,3.54,17717.0
2025-08-06T11:37:44,3.54,3.54,3.531,3.531,1763.0
2025-08-06T11:37:45,3.53,3.53,3.525,3.53,1223.0
2025-08-06T11:37:46,3.54,3.54,3.54,3.54,1200.0
2025-08-06T11:37:47,3.54,3.54,3.54,3.54,259.0
2025-08-06T11:37:48,3.54,3.5499,3.54,3.5499,782.0
2025-08-06T11:37:49,3.55,3.55,3.55,3.55,3233.0
2025-08-06T11:37:50,3.5498,3.55,3.5498,3.5499,1244.0
2025-08-06T11:37:51,3.55,3.55,3.55,3.55,307.0
2025-08-06T11:37:52,3.55,3.55,3.55,3.55,240.0
2025-08-06T11:37:54,3.5488,3.5488,3.5409,3.5409,354.0
2025-08-06T11:37:55,3.5408,3.5408,3.5408,3.5408,307.0
2025-08-06T11:37:56,3.5407,3.5407,3.5407,3.5407,1005.0
2025-08-06T11:38:02,3.54,3.55,3.54,3.5412,2422.0
2025-08-06T11:38:03,3.532,3.54,3.5263,3.53,7157.0
2025-08-06T11:38:04,3.5301,3.5301,3.5301,3.5301,3066.0
2025-08-06T11:38:05,3.5333,3.5333,3.5333,3.5333,300.0
2025-08-06T11:38:07,3.5308,3.5308,3.53,3.53,314.0
2025-08-06T11:38:09,3.54,3.54,3.54,3.54,300.0
2025-08-06T11:38:10,3.535,3.54,3.535,3.5399,526.0
2025-08-06T11:38:14,3.54,3.54,3.54,3.54,230.0
2025-08-06T11:38:17,3.535,3.535,3.53,3.53,702.0
2025-08-06T11:38:20,3.54,3.54,3.53,3.54,388.0
2025-08-06T11:38:25,3.538,3.538,3.535,3.535,1740.0
2025-08-06T11:38:26,3.5399,3.5399,3.5399,3.5399,2540.0
2025-08-06T11:38:30,3.5345,3.5345,3.5345,3.5345,504.0
2025-08-06T11:38:32,3.5399,3.54,3.53,3.53,492.0
2025-08-06T11:38:36,3.53,3.53,3.53,3.53,716.0
2025-08-06T11:38:37,3.53,3.53,3.5211,3.5211,1266.0
2025-08-06T11:38:40,3.525,3.525,3.525,3.525,200.0
2025-08-06T11:38:43,3.53,3.55,3.53,3.54,12706.0
2025-08-06T11:38:44,3.55,3.55,3.54,3.55,5400.0
2025-08-06T11:38:48,3.55,3.59,3.54,3.59,47190.0
2025-08-06T11:38:49,3.5808,3.5899,3.55,3.57,10290.0
2025-08-06T11:38:50,3.57,3.59,3.57,3.59,4060.0
2025-08-06T11:38:51,3.58,3.59,3.58,3.5887,890.0
2025-08-06T11:38:52,3.59,3.59,3.59,3.59,161.0
2025-08-06T11:38:53,3.5801,3.59,3.56,3.57,11147.0
2025-08-06T11:38:54,3.565,3.565,3.5601,3.5601,446.0
2025-08-06T11:38:55,3.5688,3.57,3.5635,3.57,3264.0
2025-08-06T11:38:57,3.565,3.565,3.54,3.56,9978.0
2025-08-06T11:38:58,3.56,3.5688,3.555,3.5594,3060.0
2025-08-06T11:38:59,3.56,3.5601,3.56,3.5601,601.0
2025-08-06T11:39:00,3.56,3.56,3.55,3.55,2341.0
2025-08-06T11:39:01,3.56,3.56,3.56,3.56,520.0
2025-08-06T11:39:03,3.57,3.57,3.57,3.57,854.0
2025-08-06T11:39:04,3.56,3.56,3.56,3.56,2400.0
2025-08-06T11:39:05,3.56,3.56,3.56,3.56,624.0
2025-08-06T11:39:07,3.565,3.57,3.55,3.555,4475.0
2025-08-06T11:39:08,3.558,3.558,3.555,3.555,1601.0
2025-08-06T11:39:10,3.56,3.56,3.56,3.56,779.0
2025-08-06T11:39:13,3.5612,3.5688,3.5612,3.565,1368.0
2025-08-06T11:39:14,3.5668,3.5668,3.5668,3.5668,250.0
2025-08-06T11:39:16,3.57,3.58,3.57,3.58,8683.0
2025-08-06T11:39:17,3.588,3.588,3.58,3.58,2825.0
2025-08-06T11:39:18,3.5892,3.5892,3.5892,3.5892,316.0
2025-08-06T11:39:19,3.5899,3.5899,3.5899,3.5899,103.0
2025-08-06T11:39:20,3.5899,3.5899,3.5899,3.5899,100.0
2025-08-06T11:39:21,3.59,3.59,3.585,3.585,3413.0
2025-08-06T11:39:22,3.585,3.585,3.57,3.5799,8101.0
2025-08-06T11:39:23,3.5799,3.5799,3.57,3.5799,850.0
2025-08-06T11:39:26,3.58,3.58,3.58,3.58,1858.0
2025-08-06T11:39:27,3.5712,3.5712,3.5712,3.5712,401.0
2025-08-06T11:39:29,3.5799,3.5799,3.5799,3.5799,100.0
2025-08-06T11:39:32,3.5712,3.5712,3.5712,3.5712,614.0
2025-08-06T11:39:35,3.5701,3.5745,3.5701,3.5745,1203.0
2025-08-06T11:39:36,3.57,3.5701,3.57,3.5701,610.0
2025-08-06T11:39:37,3.57,3.57,3.5698,3.5698,550.0
2025-08-06T11:39:38,3.565,3.565,3.565,3.565,150.0
2025-08-06T11:39:39,3.56,3.56,3.55,3.56,4103.0
2025-08-06T11:39:41,3.55,3.555,3.55,3.555,207.0
2025-08-06T11:39:42,3.56,3.56,3.56,3.56,999.0
2025-08-06T11:39:43,3.5512,3.565,3.5512,3.56,1193.0
2025-08-06T11:39:45,3.56,3.57,3.56,3.5699,7029.0
2025-08-06T11:39:48,3.57,3.57,3.57,3.57,167.0
2025-08-06T11:39:52,3.56,3.59,3.56,3.59,21090.0
2025-08-06T11:39:53,3.5801,3.5893,3.5801,3.5893,600.0
2025-08-06T11:39:54,3.59,3.59,3.5893,3.5893,706.0
2025-08-06T11:39:55,3.58,3.58,3.58,3.58,199.0
2025-08-06T11:39:56,3.59,3.59,3.58,3.59,2391.0
2025-08-06T11:39:57,3.5899,3.59,3.5888,3.5888,8705.0
2025-08-06T11:39:58,3.59,3.6,3.59,3.6,11977.0
2025-08-06T11:39:59,3.6,3.6,3.58,3.59,8527.0
2025-08-06T11:40:00,3.585,3.6,3.585,3.59,8725.0
2025-08-06T11:40:01,3.5945,3.6,3.5945,3.5991,10916.0
2025-08-06T11:40:02,3.6,3.62,3.598,3.62,28921.0
2025-08-06T11:40:03,3.62,3.62,3.61,3.62,8520.0
2025-08-06T11:40:04,3.61,3.615,3.582,3.582,28124.0
2025-08-06T11:40:05,3.5987,3.5987,3.575,3.5797,6658.0
2025-08-06T11:40:06,3.58,3.59,3.578,3.58,5643.0
2025-08-06T11:40:07,3.59,3.59,3.57,3.57,2786.0
2025-08-06T11:40:08,3.58,3.6,3.5799,3.6,5519.0
2025-08-06T11:40:09,3.6,3.6,3.6,3.6,529.0
2025-08-06T11:40:10,3.61,3.61,3.605,3.605,399.0
2025-08-06T11:40:11,3.61,3.61,3.605,3.605,6410.0
2025-08-06T11:40:12,3.61,3.62,3.6099,3.61,16366.0
2025-08-06T11:40:13,3.6112,3.6112,3.6092,3.6092,1872.0
2025-08-06T11:40:14,3.6099,3.6099,3.605,3.6091,3267.0
2025-08-06T11:40:15,3.6,3.605,3.585,3.59,11783.0
2025-08-06T11:40:16,3.59,3.5999,3.59,3.5998,1357.0
2025-08-06T11:40:17,3.599,3.599,3.58,3.58,3437.0
2025-08-06T11:40:18,3.585,3.6,3.585,3.5901,4304.0
2025-08-06T11:40:19,3.6,3.6,3.59,3.59,506.0
2025-08-06T11:40:20,3.5999,3.6,3.58,3.59,5183.0
2025-08-06T11:40:21,3.588,3.588,3.588,3.588,442.0
2025-08-06T11:40:22,3.59,3.59,3.59,3.59,2848.0
2025-08-06T11:40:24,3.5908,3.5908,3.5908,3.5908,352.0
2025-08-06T11:40:25,3.5912,3.6,3.59,3.5998,2050.0
2025-08-06T11:40:27,3.59,3.59,3.59,3.59,1158.0
2025-08-06T11:40:28,3.6,3.6,3.5988,3.5988,584.0
2025-08-06T11:40:29,3.59,3.591,3.59,3.591,700.0
2025-08-06T11:40:30,3.5911,3.5984,3.5908,3.5984,2716.0
2025-08-06T11:40:31,3.6,3.6,3.59,3.59,609.0
2025-08-06T11:40:32,3.59,3.59,3.58,3.59,4862.0
2025-08-06T11:40:33,3.58,3.581,3.56,3.575,13011.0
2025-08-06T11:40:34,3.57,3.58,3.56,3.56,6917.0
2025-08-06T11:40:35,3.56,3.57,3.51,3.535,50089.0
2025-08-06T11:40:36,3.52,3.52,3.51,3.52,14528.0
2025-08-06T11:40:37,3.521,3.521,3.5,3.5001,26319.0
2025-08-06T11:40:38,3.5199,3.5289,3.5,3.5289,4277.0
2025-08-06T11:40:39,3.5291,3.53,3.52,3.5201,1007.0
2025-08-06T11:40:40,3.53,3.535,3.525,3.535,1028.0
2025-08-06T11:40:41,3.54,3.55,3.5399,3.55,13281.0
2025-08-06T11:40:42,3.54,3.5401,3.54,3.5401,1145.0
2025-08-06T11:40:43,3.54,3.54,3.53,3.532,3421.0
2025-08-06T11:40:44,3.535,3.535,3.5345,3.5345,1141.0
2025-08-06T11:40:45,3.53,3.5399,3.53,3.5301,1159.0
2025-08-06T11:40:46,3.54,3.54,3.54,3.54,1159.0
2025-08-06T11:40:47,3.5301,3.5301,3.5301,3.5301,779.0
2025-08-06T11:40:48,3.54,3.54,3.535,3.54,580.0
2025-08-06T11:40:49,3.53,3.535,3.5288,3.5288,3596.0
2025-08-06T11:40:50,3.52,3.53,3.46,3.47,38453.0
2025-08-06T11:40:51,3.47,3.49,3.42,3.4387,34108.0
2025-08-06T11:40:52,3.44,3.465,3.41,3.42,29809.0
2025-08-06T11:40:53,3.41,3.43,3.41,3.4288,9884.0
2025-08-06T11:40:54,3.4295,3.43,3.4201,3.425,6244.0
2025-08-06T11:40:55,3.43,3.44,3.4263,3.43,10097.0
2025-08-06T11:40:56,3.42,3.45,3.42,3.4412,5296.0
2025-08-06T11:40:57,3.44,3.44,3.43,3.4312,2598.0
2025-08-06T11:40:58,3.4301,3.45,3.43,3.45,6316.0
2025-08-06T11:40:59,3.45,3.4599,3.45,3.45,2020.0
2025-08-06T11:41:00,3.46,3.4691,3.45,3.46,3240.0
2025-08-06T11:41:01,3.46,3.46,3.45,3.455,3302.0
2025-08-06T11:41:02,3.46,3.46,3.45,3.45,1633.0
2025-08-06T11:41:03,3.4599,3.4599,3.4599,3.4599,1180.0
2025-08-06T11:41:04,3.4507,3.4593,3.45,3.4593,2107.0
2025-08-06T11:41:05,3.45,3.4599,3.44,3.44,9195.0
2025-08-06T11:41:06,3.4491,3.4491,3.41,3.41,17484.0
2025-08-06T11:41:07,3.41,3.42,3.41,3.4199,1803.0
2025-08-06T11:41:08,3.415,3.43,3.41,3.411272,13573.0
2025-08-06T11:41:09,3.4278,3.43,3.4278,3.43,6798.0
2025-08-06T11:41:10,3.433,3.44,3.433,3.44,1143.0
2025-08-06T11:41:11,3.4499,3.45,3.44,3.45,2637.0
2025-08-06T11:41:12,3.445,3.46,3.445,3.4501,11396.0
2025-08-06T11:41:13,3.4501,3.4575,3.45,3.457,3989.0
2025-08-06T11:41:14,3.4599,3.4699,3.45,3.4699,2911.0
2025-08-06T11:41:15,3.46,3.4612,3.46,3.4612,832.0
2025-08-06T11:41:16,3.4607,3.4699,3.46,3.465,2065.0
2025-08-06T11:41:17,3.4699,3.4799,3.46,3.4792,5408.0
2025-08-06T11:41:18,3.475,3.4901,3.4702,3.4807,20856.0
2025-08-06T11:41:19,3.485,3.49,3.48,3.4891,6650.0
2025-08-06T11:41:20,3.4899,3.4999,3.48,3.495,2375.0
2025-08-06T11:41:21,3.495,3.5,3.4912,3.4912,524.0
2025-08-06T11:41:22,3.495,3.5,3.4912,3.4912,1876.0
2025-08-06T11:41:23,3.4989,3.4989,3.48,3.49,8927.0
2025-08-06T11:41:24,3.49,3.499,3.48,3.4909,7797.0
2025-08-06T11:41:26,3.499,3.5,3.499,3.5,1009.0
2025-08-06T11:41:27,3.4901,3.5,3.48,3.48,2019.0
2025-08-06T11:41:28,3.4801,3.485,3.46,3.46,10050.0
2025-08-06T11:41:29,3.46,3.46,3.45,3.45,3905.0
2025-08-06T11:41:30,3.4588,3.4699,3.455,3.4699,1716.0
2025-08-06T11:41:31,3.4616,3.4692,3.4607,3.4607,2330.0
2025-08-06T11:41:32,3.4601,3.465,3.4601,3.465,622.0
2025-08-06T11:41:33,3.4691,3.47,3.4691,3.47,991.0
2025-08-06T11:41:34,3.48,3.49,3.47,3.4724,8255.0
2025-08-06T11:41:36,3.48,3.48,3.48,3.48,125.0
2025-08-06T11:41:37,3.473,3.473,3.473,3.473,100.0
2025-08-06T11:41:38,3.471,3.4812,3.471,3.4812,2290.0
2025-08-06T11:41:39,3.4899,3.49,3.4808,3.485,5659.0
2025-08-06T11:41:40,3.4807,3.49,3.4807,3.49,1329.0
2025-08-06T11:41:41,3.4812,3.4888,3.4812,3.4888,586.0
2025-08-06T11:41:42,3.489,3.489,3.489,3.489,1549.0
2025-08-06T11:41:43,3.4845,3.4845,3.4801,3.4801,561.0
2025-08-06T11:41:44,3.4812,3.4812,3.4812,3.4812,350.0
2025-08-06T11:41:45,3.4811,3.4811,3.4811,3.4811,205.0
2025-08-06T11:41:46,3.48,3.48,3.48,3.48,655.0
2025-08-06T11:41:49,3.49,3.5,3.49,3.5,1722.0
2025-08-06T11:41:50,3.5,3.51,3.5,3.51,6951.0
2025-08-06T11:41:53,3.49,3.51,3.49,3.51,3800.0
2025-08-06T11:41:55,3.495,3.4999,3.4932,3.4932,3600.0
2025-08-06T11:41:57,3.5,3.5,3.495,3.4965,3650.0
2025-08-06T11:41:59,3.5,3.5,3.5,3.5,513.0
2025-08-06T11:42:00,3.505,3.51,3.5,3.51,831.0
2025-08-06T11:42:01,3.5001,3.505,3.5001,3.505,206.0
2025-08-06T11:42:02,3.5099,3.5099,3.5,3.5,2462.0
2025-08-06T11:42:04,3.5054,3.5099,3.505,3.5099,1121.0
2025-08-06T11:42:05,3.5,3.505,3.5,3.505,299.0
2025-08-06T11:42:06,3.5,3.5,3.5,3.5,325.0
2025-08-06T11:42:07,3.5012,3.51,3.5012,3.5099,491.0
2025-08-06T11:42:08,3.5,3.5,3.5,3.5,1140.0
2025-08-06T11:42:09,3.5,3.5,3.5,3.5,694.0
2025-08-06T11:42:10,3.495,3.495,3.48,3.4899,2362.0
2025-08-06T11:42:11,3.4814,3.485,3.48,3.485,510.0
2025-08-06T11:42:12,3.48,3.48,3.48,3.48,789.0
2025-08-06T11:42:13,3.48,3.49,3.48,3.4881,485.0
2025-08-06T11:42:14,3.49,3.499,3.49,3.499,730.0
2025-08-06T11:42:16,3.4982,3.4982,3.4982,3.4982,153.0
2025-08-06T11:42:17,3.4903,3.4911,3.4903,3.4911,756.0
2025-08-06T11:42:18,3.49,3.49,3.48,3.48,519.0
2025-08-06T11:42:19,3.485,3.485,3.485,3.485,740.0
2025-08-06T11:42:23,3.48,3.48,3.48,3.48,300.0
2025-08-06T11:42:25,3.48,3.48,3.48,3.48,159.0
2025-08-06T11:42:26,3.485,3.485,3.485,3.485,145.0
2025-08-06T11:42:27,3.48,3.48,3.48,3.48,1092.0
2025-08-06T11:42:28,3.49,3.51,3.4812,3.49,7754.0
2025-08-06T11:42:30,3.5,3.5,3.5,3.5,185.0
2025-08-06T11:42:31,3.5,3.5,3.49,3.5,576.0
2025-08-06T11:42:37,3.505,3.505,3.505,3.505,400.0
2025-08-06T11:42:38,3.5012,3.5012,3.5012,3.5012,308.0
2025-08-06T11:42:39,3.5,3.5,3.49,3.49,1429.0
2025-08-06T11:42:43,3.49,3.49,3.49,3.49,250.0
2025-08-06T11:42:44,3.49,3.49,3.49,3.49,250.0
2025-08-06T11:42:48,3.4912,3.4912,3.4912,3.4912,479.0
2025-08-06T11:42:49,3.495,3.5,3.49,3.5,2287.0
2025-08-06T11:42:50,3.49,3.49,3.48,3.48,12573.0
2025-08-06T11:42:52,3.4811,3.4811,3.4811,3.4811,100.0
2025-08-06T11:42:53,3.485,3.485,3.485,3.485,100.0
2025-08-06T11:42:54,3.48,3.485,3.47,3.47,6277.0
2025-08-06T11:42:55,3.48,3.48,3.4701,3.475,935.0
2025-08-06T11:42:56,3.47,3.47,3.47,3.47,272.0
2025-08-06T11:42:58,3.473,3.473,3.473,3.473,184.0
2025-08-06T11:42:59,3.4707,3.4707,3.47,3.47,1394.0
2025-08-06T11:43:00,3.4789,3.4789,3.4789,3.4789,1092.0
2025-08-06T11:43:01,3.475,3.475,3.475,3.475,2117.0
2025-08-06T11:43:05,3.475,3.5,3.47,3.5,7662.0
2025-08-06T11:43:06,3.499,3.499,3.4912,3.495,1298.0
2025-08-06T11:43:07,3.4911,3.4911,3.4911,3.4911,103.0
2025-08-06T11:43:08,3.5,3.5,3.49,3.5,546.0
2025-08-06T11:43:10,3.4802,3.4802,3.4802,3.4802,237.0
2025-08-06T11:43:11,3.48,3.48,3.48,3.48,5419.0
2025-08-06T11:43:12,3.48,3.49,3.48,3.48,1782.0
2025-08-06T11:43:15,3.48,3.48,3.48,3.48,200.0
2025-08-06T11:43:16,3.48,3.48,3.48,3.48,234.0
2025-08-06T11:43:17,3.47,3.47,3.47,3.47,107.0
2025-08-06T11:43:18,3.475,3.475,3.47,3.47,362.0
2025-08-06T11:43:19,3.47,3.47,3.47,3.47,750.0
2025-08-06T11:43:21,3.47,3.47,3.47,3.47,1100.0
2025-08-06T11:43:22,3.47,3.47,3.47,3.47,773.0
2025-08-06T11:43:23,3.47,3.4712,3.47,3.4712,945.0
2025-08-06T11:43:26,3.47,3.47,3.47,3.47,335.0
2025-08-06T11:43:27,3.4796,3.4796,3.47,3.47,2382.0
2025-08-06T11:43:28,3.48,3.48,3.47,3.47,2079.0
2025-08-06T11:43:29,3.4793,3.4812,3.4793,3.4812,2790.0
2025-08-06T11:43:30,3.48,3.48,3.48,3.48,120.0
2025-08-06T11:43:32,3.49,3.49,3.49,3.49,130.0
2025-08-06T11:43:34,3.49,3.49,3.49,3.49,413.0
2025-08-06T11:43:35,3.4912,3.4912,3.4912,3.4912,106.0
2025-08-06T11:43:38,3.4909,3.495,3.49,3.49,2212.0
2025-08-06T11:43:39,3.48,3.49,3.48,3.49,8931.0
2025-08-06T11:43:42,3.48,3.48,3.48,3.48,380.0
2025-08-06T11:43:45,3.4754,3.4754,3.4754,3.4754,1000.0
2025-08-06T11:43:47,3.47,3.47,3.47,3.47,295.0
2025-08-06T11:43:48,3.47,3.47,3.47,3.47,108.0
2025-08-06T11:43:50,3.4708,3.475,3.4708,3.475,1300.0
2025-08-06T11:43:51,3.47,3.47,3.47,3.47,626.0
2025-08-06T11:43:52,3.48,3.48,3.48,3.48,154.0
2025-08-06T11:43:55,3.475,3.475,3.47,3.47,9813.0
2025-08-06T11:43:58,3.4688,3.4688,3.4688,3.4688,105.0
2025-08-06T11:44:00,3.46,3.465,3.46,3.465,424.0
2025-08-06T11:44:01,3.46,3.47,3.45,3.4691,3830.0
2025-08-06T11:44:02,3.4602,3.4602,3.4602,3.4602,413.0
2025-08-06T11:44:03,3.47,3.47,3.46,3.46,2663.0
2025-08-06T11:44:04,3.46,3.461,3.46,3.46,1365.0
2025-08-06T11:44:06,3.46,3.46,3.45,3.45,621.0
2025-08-06T11:44:09,3.4509,3.4509,3.4509,3.4509,230.0
2025-08-06T11:44:10,3.452,3.4588,3.44,3.445,10861.0
2025-08-06T11:44:11,3.45,3.45,3.45,3.45,222.0
2025-08-06T11:44:12,3.45,3.452,3.44,3.45,17034.0
2025-08-06T11:44:13,3.44,3.445,3.41,3.4212,24970.0
2025-08-06T11:44:14,3.44,3.44,3.43,3.43,674.0
2025-08-06T11:44:15,3.4216,3.438,3.42,3.42,19006.0
2025-08-06T11:44:16,3.42,3.4288,3.42,3.4288,738.0
2025-08-06T11:44:17,3.4288,3.4399,3.42,3.4399,1133.0
2025-08-06T11:44:18,3.44,3.4493,3.44,3.44,3932.0
2025-08-06T11:44:19,3.4389,3.45,3.4389,3.45,365.0
2025-08-06T11:44:20,3.4499,3.4499,3.445,3.445,317.0
2025-08-06T11:44:21,3.445,3.445,3.445,3.445,120.0
2025-08-06T11:44:24,3.44,3.44,3.44,3.44,503.0
2025-08-06T11:44:26,3.445,3.445,3.445,3.445,354.0
2025-08-06T11:44:27,3.45,3.45,3.45,3.45,2050.0
2025-08-06T11:44:29,3.445,3.445,3.445,3.445,105.0
2025-08-06T11:44:31,3.445,3.445,3.445,3.445,254.0
2025-08-06T11:44:32,3.4401,3.4401,3.4401,3.4401,181.0
2025-08-06T11:44:34,3.44,3.442624,3.44,3.44,2170.0
2025-08-06T11:44:35,3.4493,3.4493,3.4493,3.4493,626.0
2025-08-06T11:44:36,3.4488,3.4488,3.4488,3.4488,755.0
2025-08-06T11:44:38,3.4412,3.445,3.44,3.445,329.0
2025-08-06T11:44:39,3.44,3.44,3.44,3.44,150.0
2025-08-06T11:44:40,3.4492,3.4492,3.44,3.44,668.0
2025-08-06T11:44:43,3.45,3.45,3.44,3.4412,1291.0
2025-08-06T11:44:44,3.44,3.44,3.44,3.44,413.0
2025-08-06T11:44:45,3.442,3.45,3.44,3.45,1264.0
2025-08-06T11:44:47,3.44,3.45,3.41,3.41,20520.0
2025-08-06T11:44:48,3.42,3.42,3.42,3.42,105.0
2025-08-06T11:44:49,3.43,3.44,3.43,3.437,5700.0
2025-08-06T11:44:50,3.43,3.43,3.425,3.425,525.0
2025-08-06T11:44:51,3.42,3.425,3.38,3.3903,49932.0
2025-08-06T11:44:52,3.39,3.4,3.39,3.39,7850.0
2025-08-06T11:44:53,3.39,3.395,3.38,3.3813,5837.0
2025-08-06T11:44:54,3.39,3.39,3.39,3.39,245.0
2025-08-06T11:44:55,3.399,3.4,3.39,3.4,4778.0
2025-08-06T11:44:56,3.3945,3.41,3.3945,3.41,4821.0
2025-08-06T11:44:57,3.405,3.405,3.405,3.405,1684.0
2025-08-06T11:44:58,3.41,3.41,3.4001,3.4001,863.0
2025-08-06T11:44:59,3.41,3.41,3.4,3.4,2092.0
2025-08-06T11:45:00,3.41,3.41,3.4088,3.4088,373.0
2025-08-06T11:45:01,3.4088,3.4088,3.39,3.3988,13628.0
2025-08-06T11:45:02,3.39,3.3993,3.39,3.3993,754.0
2025-08-06T11:45:03,3.395,3.4,3.39,3.3912,1604.0
2025-08-06T11:45:04,3.395,3.395,3.38,3.39,9667.0
2025-08-06T11:45:05,3.3907,3.3999,3.3907,3.3999,1300.0
2025-08-06T11:45:06,3.4,3.405,3.4,3.405,2680.0
2025-08-06T11:45:07,3.401,3.405,3.401,3.405,520.0
2025-08-06T11:45:08,3.41,3.41,3.41,3.41,2304.0
2025-08-06T11:45:09,3.42,3.42,3.41,3.419,6265.0
2025-08-06T11:45:10,3.41,3.415,3.41,3.415,2717.0
2025-08-06T11:45:11,3.42,3.42,3.41,3.415,3760.0
2025-08-06T11:45:12,3.4199,3.4199,3.415,3.415,700.0
2025-08-06T11:45:13,3.418,3.418,3.41,3.41,678.0
2025-08-06T11:45:15,3.41,3.41,3.41,3.41,160.0
2025-08-06T11:45:16,3.42,3.42,3.4188,3.4188,1103.0
2025-08-06T11:45:17,3.41,3.42,3.41,3.42,744.0
2025-08-06T11:45:18,3.41,3.41,3.41,3.41,561.0
2025-08-06T11:45:20,3.4191,3.42,3.41,3.42,7555.0
2025-08-06T11:45:21,3.4099,3.43,3.4099,3.43,12228.0
2025-08-06T11:45:22,3.435,3.435,3.43,3.4301,4062.0
2025-08-06T11:45:23,3.4345,3.455,3.4345,3.455,20450.0
2025-08-06T11:45:24,3.4501,3.4501,3.4499,3.4499,6866.0
2025-08-06T11:45:25,3.45,3.4699,3.45,3.4699,10416.0
2025-08-06T11:45:26,3.4655,3.488,3.46,3.488,17711.0
2025-08-06T11:45:27,3.4801,3.485,3.48,3.48,2157.0
2025-08-06T11:45:28,3.48,3.5,3.48,3.49,6847.0
2025-08-06T11:45:29,3.49,3.55,3.47,3.53,53128.0
2025-08-06T11:45:30,3.535,3.55,3.535,3.5499,7339.0
2025-08-06T11:45:31,3.54,3.55,3.52,3.55,7954.0
2025-08-06T11:45:32,3.555,3.555,3.55,3.55,26452.0
2025-08-06T11:45:33,3.555,3.56,3.55,3.55,1873.0
2025-08-06T11:45:34,3.555,3.56,3.5512,3.555,7411.0
2025-08-06T11:45:35,3.555,3.555,3.55,3.55,2640.0
2025-08-06T11:45:36,3.55,3.5596,3.53,3.5487,16010.0
2025-08-06T11:45:37,3.5301,3.55,3.53,3.549,5881.0
2025-08-06T11:45:38,3.54,3.55,3.54,3.55,1500.0
2025-08-06T11:45:39,3.5498,3.5498,3.53,3.53,1547.0
2025-08-06T11:45:40,3.53,3.53,3.51,3.51,10448.0
2025-08-06T11:45:41,3.52,3.52,3.5,3.51,18245.0
2025-08-06T11:45:42,3.52,3.53,3.52,3.5287,2716.0
2025-08-06T11:45:43,3.5287,3.5287,3.5287,3.5287,306.0
2025-08-06T11:45:44,3.5212,3.55,3.5211,3.5499,6028.0
2025-08-06T11:45:45,3.55,3.55,3.54,3.54,2378.0
2025-08-06T11:45:46,3.545,3.55,3.5383,3.5494,13171.0
2025-08-06T11:45:47,3.5445,3.55,3.54,3.54,2983.0
2025-08-06T11:45:48,3.5307,3.54,3.49,3.4948,22196.0
2025-08-06T11:45:49,3.5084,3.5084,3.5,3.5,708.0
2025-08-06T11:45:50,3.52,3.52,3.51,3.51,733.0
2025-08-06T11:45:51,3.5,3.52,3.5,3.52,2135.0
2025-08-06T11:45:52,3.5,3.519,3.5,3.517,1060.0
2025-08-06T11:45:53,3.51,3.52,3.5,3.52,1613.0
2025-08-06T11:45:54,3.5013,3.5013,3.5013,3.5013,198.0
2025-08-06T11:45:55,3.5,3.5001,3.5,3.5,2766.0
2025-08-06T11:45:57,3.52,3.52,3.51,3.51,919.0
2025-08-06T11:45:59,3.519,3.52,3.519,3.52,356.0
2025-08-06T11:46:00,3.5199,3.52,3.515,3.5191,2701.0
2025-08-06T11:46:03,3.52,3.52,3.52,3.52,124.0
2025-08-06T11:46:04,3.51,3.5112,3.51,3.5112,863.0
2025-08-06T11:46:05,3.5199,3.5199,3.5199,3.5199,150.0
2025-08-06T11:46:06,3.5197,3.5197,3.515,3.515,672.0
2025-08-06T11:46:07,3.5146,3.5146,3.5111,3.5111,601.0
2025-08-06T11:46:08,3.5101,3.52,3.5101,3.5197,2503.0
2025-08-06T11:46:09,3.5192,3.5192,3.5192,3.5192,307.0
2025-08-06T11:46:10,3.51,3.51,3.51,3.51,2425.0
2025-08-06T11:46:12,3.5099,3.5099,3.5,3.5001,11450.0
2025-08-06T11:46:13,3.505,3.51,3.505,3.5099,1255.0
2025-08-06T11:46:14,3.51,3.5193,3.51,3.5193,3845.0
2025-08-06T11:46:15,3.51,3.515,3.5,3.5,1947.0
2025-08-06T11:46:17,3.5,3.5,3.5,3.5,664.0
2025-08-06T11:46:18,3.4901,3.4901,3.49,3.49,212.0
2025-08-06T11:46:19,3.4999,3.4999,3.4999,3.4999,1000.0
2025-08-06T11:46:20,3.5,3.5,3.5,3.5,293.0
2025-08-06T11:46:21,3.491,3.491,3.491,3.491,130.0
2025-08-06T11:46:24,3.4901,3.4901,3.4901,3.4901,100.0
2025-08-06T11:46:25,3.49,3.495,3.4899,3.49,9106.0
2025-08-06T11:46:26,3.49,3.49,3.4899,3.4899,1401.0
2025-08-06T11:46:27,3.5,3.52,3.4963,3.51,7037.0
2025-08-06T11:46:28,3.505,3.505,3.505,3.505,190.0
2025-08-06T11:46:29,3.505,3.505,3.505,3.505,200.0
2025-08-06T11:46:30,3.51,3.51,3.51,3.51,200.0
2025-08-06T11:46:31,3.505,3.505,3.505,3.505,600.0
2025-08-06T11:46:32,3.5035,3.5035,3.5035,3.5035,114.0
2025-08-06T11:46:33,3.505,3.51,3.5,3.5,5402.0
2025-08-06T11:46:34,3.5099,3.5099,3.5099,3.5099,150.0
2025-08-06T11:46:37,3.51,3.51,3.5063,3.51,327.0
2025-08-06T11:46:39,3.5,3.5,3.5,3.5,485.0
2025-08-06T11:46:40,3.51,3.52,3.51,3.52,1201.0
2025-08-06T11:46:41,3.515,3.515,3.51,3.515,5003.0
2025-08-06T11:46:42,3.5193,3.5193,3.5193,3.5193,1000.0
2025-08-06T11:46:43,3.515,3.515,3.515,3.515,2055.0
2025-08-06T11:46:44,3.5101,3.515,3.5101,3.515,800.0
2025-08-06T11:46:45,3.52,3.52,3.52,3.52,302.0
2025-08-06T11:46:46,3.51,3.51,3.51,3.51,300.0
2025-08-06T11:46:47,3.5,3.5101,3.5,3.51,1200.0
2025-08-06T11:46:48,3.505,3.515,3.49,3.51,9179.0
2025-08-06T11:46:51,3.5,3.5,3.4999,3.5,1110.0
2025-08-06T11:46:52,3.505,3.505,3.505,3.505,100.0
2025-08-06T11:46:54,3.51,3.51,3.51,3.51,338.0
2025-08-06T11:46:55,3.5002,3.5099,3.5002,3.5099,1117.0
2025-08-06T11:46:56,3.505,3.505,3.505,3.505,107.0
2025-08-06T11:46:57,3.5012,3.5012,3.5012,3.5012,192.0
2025-08-06T11:46:59,3.5,3.51,3.49,3.49,12129.0
2025-08-06T11:47:02,3.4901,3.495,3.4901,3.495,310.0
2025-08-06T11:47:04,3.495,3.495,3.49,3.49,1282.0
2025-08-06T11:47:05,3.4902,3.4902,3.4902,3.4902,654.0
2025-08-06T11:47:08,3.4901,3.4901,3.4901,3.4901,1554.0
2025-08-06T11:47:10,3.49,3.49,3.49,3.49,195.0
2025-08-06T11:47:12,3.5,3.5,3.4999,3.4999,3630.0
2025-08-06T11:47:14,3.5,3.515,3.4901,3.51,9434.0
2025-08-06T11:47:16,3.505,3.505,3.5,3.5006,1818.0
2025-08-06T11:47:17,3.5093,3.5093,3.5093,3.5093,1000.0
2025-08-06T11:47:18,3.51,3.51,3.51,3.51,770.0
2025-08-06T11:47:20,3.515,3.515,3.51,3.51,644.0
2025-08-06T11:47:21,3.5002,3.5002,3.5002,3.5002,886.0
2025-08-06T11:47:22,3.505,3.505,3.505,3.505,400.0
2025-08-06T11:47:24,3.51,3.52,3.51,3.52,1655.0
2025-08-06T11:47:25,3.52,3.52,3.52,3.52,870.0
2025-08-06T11:47:26,3.5197,3.5197,3.5107,3.5107,1100.0
2025-08-06T11:47:28,3.515,3.515,3.515,3.515,900.0
2025-08-06T11:47:29,3.51,3.51,3.51,3.51,641.0
2025-08-06T11:47:30,3.51,3.52,3.4901,3.4901,3680.0
2025-08-06T11:47:31,3.5,3.5,3.5,3.5,871.0
2025-08-06T11:47:34,3.5,3.5,3.5,3.5,392.0
2025-08-06T11:47:36,3.495,3.495,3.48,3.49,4628.0
2025-08-06T11:47:38,3.48,3.48,3.48,3.48,110.0
2025-08-06T11:47:40,3.4801,3.4811,3.4801,3.4811,860.0
2025-08-06T11:47:43,3.485,3.485,3.485,3.485,1006.0
2025-08-06T11:47:45,3.4846,3.5,3.4846,3.5,3227.0
2025-08-06T11:47:46,3.5,3.5,3.4902,3.4902,310.0
2025-08-06T11:47:52,3.495,3.495,3.4908,3.4908,493.0
2025-08-06T11:47:54,3.49,3.5,3.49,3.49,656.0
2025-08-06T11:47:58,3.4855,3.492113,3.4855,3.492113,2796.0
2025-08-06T11:48:02,3.4903,3.4903,3.4903,3.4903,216.0
2025-08-06T11:48:03,3.49,3.49,3.49,3.49,885.0
2025-08-06T11:48:06,3.4955,3.4955,3.4955,3.4955,1010.0
2025-08-06T11:48:07,3.4912,3.4912,3.4912,3.4912,150.0
2025-08-06T11:48:08,3.5,3.5,3.5,3.5,137.0
2025-08-06T11:48:12,3.5,3.5,3.5,3.5,100.0
2025-08-06T11:48:14,3.4945,3.4945,3.4945,3.4945,1100.0
2025-08-06T11:48:15,3.4901,3.4901,3.4901,3.4901,440.0
2025-08-06T11:48:19,3.4954,3.4954,3.4954,3.4954,700.0
2025-08-06T11:48:20,3.4997,3.4997,3.4997,3.4997,429.0
2025-08-06T11:48:21,3.4903,3.4903,3.4903,3.4903,154.0
2025-08-06T11:48:27,3.49,3.49,3.49,3.49,1009.0
2025-08-06T11:48:28,3.49,3.49,3.49,3.49,500.0
2025-08-06T11:48:29,3.495,3.495,3.495,3.495,200.0
2025-08-06T11:48:30,3.49,3.5,3.48,3.48,14409.0
2025-08-06T11:48:31,3.4889,3.4889,3.4889,3.4889,110.0
2025-08-06T11:48:32,3.4889,3.4889,3.4889,3.4889,110.0
2025-08-06T11:48:40,3.485,3.485,3.4801,3.4801,329.0
2025-08-06T11:48:44,3.485,3.485,3.485,3.485,1164.0
2025-08-06T11:48:45,3.4899,3.51,3.4899,3.495,10588.0
2025-08-06T11:48:54,3.49,3.5,3.49,3.49,810.0
2025-08-06T11:48:55,3.5,3.5,3.495,3.5,751.0
2025-08-06T11:48:56,3.5006,3.51,3.5,3.5,1967.0
2025-08-06T11:48:57,3.505,3.505,3.5,3.5,491.0
2025-08-06T11:49:00,3.5099,3.5099,3.5099,3.5099,500.0
2025-08-06T11:49:03,3.5,3.5,3.5,3.5,311.0
2025-08-06T11:49:04,3.5,3.5,3.5,3.5,405.0
2025-08-06T11:49:05,3.495,3.495,3.495,3.495,225.0
2025-08-06T11:49:06,3.49,3.495,3.49,3.495,561.0
2025-08-06T11:49:08,3.49,3.49,3.49,3.49,100.0
2025-08-06T11:49:11,3.49,3.49,3.49,3.49,1150.0
2025-08-06T11:49:15,3.485,3.485,3.47,3.485,19226.0
2025-08-06T11:49:16,3.47,3.4793,3.47,3.4793,1816.0
2025-08-06T11:49:21,3.47,3.47,3.47,3.47,503.0
2025-08-06T11:49:22,3.47,3.47,3.47,3.47,809.0
2025-08-06T11:49:23,3.4712,3.4712,3.4712,3.4712,173.0
2025-08-06T11:49:24,3.4745,3.4745,3.4745,3.4745,1000.0
2025-08-06T11:49:30,3.48,3.48,3.48,3.48,1541.0
2025-08-06T11:49:37,3.4835,3.4835,3.4835,3.4835,500.0
2025-08-06T11:49:38,3.48,3.48,3.48,3.48,556.0
2025-08-06T11:49:41,3.4801,3.481,3.48,3.48,1274.0
2025-08-06T11:49:43,3.49,3.49,3.49,3.49,1018.0
2025-08-06T11:49:44,3.48,3.48,3.48,3.48,442.0
2025-08-06T11:49:45,3.4801,3.4801,3.4801,3.4801,400.0
2025-08-06T11:49:46,3.48,3.48,3.48,3.48,702.0
2025-08-06T11:49:48,3.482,3.482,3.48,3.48,3000.0
2025-08-06T11:49:49,3.48,3.4801,3.48,3.4801,339.0
2025-08-06T11:49:50,3.48,3.48,3.48,3.48,940.0
2025-08-06T11:49:51,3.47,3.47,3.47,3.47,200.0
2025-08-06T11:49:53,3.47,3.47,3.47,3.47,210.0
2025-08-06T11:49:54,3.47,3.47,3.47,3.47,1001.0
2025-08-06T11:49:55,3.47,3.4722,3.47,3.4722,6393.0
2025-08-06T11:49:56,3.4712,3.4799,3.47,3.4799,1300.0
2025-08-06T11:49:59,3.47,3.47,3.44,3.45,16286.0
2025-08-06T11:50:00,3.44,3.46,3.44,3.45,3163.0
2025-08-06T11:50:01,3.45,3.45,3.45,3.45,344.0
2025-08-06T11:50:02,3.45,3.46,3.45,3.4546,1904.0
2025-08-06T11:50:03,3.46,3.46,3.4501,3.4501,5274.0
2025-08-06T11:50:04,3.45,3.45,3.45,3.45,1784.0
2025-08-06T11:50:05,3.44,3.44,3.43,3.4301,4157.0
2025-08-06T11:50:06,3.43,3.43,3.43,3.43,1510.0
2025-08-06T11:50:07,3.4393,3.4399,3.4317,3.4317,2200.0
2025-08-06T11:50:09,3.4302,3.4389,3.43,3.431,3464.0
2025-08-06T11:50:10,3.432,3.435,3.4303,3.4303,4960.0
2025-08-06T11:50:11,3.43,3.43,3.4,3.4003,24462.0
2025-08-06T11:50:12,3.4005,3.43,3.4005,3.415,4939.0
2025-08-06T11:50:13,3.42,3.44,3.42,3.43,2966.0
2025-08-06T11:50:14,3.43,3.43,3.4299,3.4299,451.0
2025-08-06T11:50:15,3.425,3.4294,3.42,3.4294,1270.0
2025-08-06T11:50:17,3.4288,3.43,3.4288,3.43,1260.0
2025-08-06T11:50:19,3.43,3.43,3.4,3.41,34108.0
2025-08-06T11:50:20,3.41,3.41,3.4007,3.4007,1400.0
2025-08-06T11:50:21,3.4,3.41,3.4,3.41,9671.0
2025-08-06T11:50:22,3.4,3.4,3.4,3.4,578.0
2025-08-06T11:50:23,3.4,3.42,3.4,3.41,6132.0
2025-08-06T11:50:24,3.42,3.42,3.41,3.41,506.0
2025-08-06T11:50:26,3.4191,3.4191,3.4191,3.4191,200.0
2025-08-06T11:50:27,3.4191,3.4191,3.4,3.4,5653.0
2025-08-06T11:50:28,3.4,3.4089,3.4,3.4089,750.0
2025-08-06T11:50:29,3.4,3.42,3.4,3.42,318.0
2025-08-06T11:50:30,3.42,3.42,3.42,3.42,1474.0
2025-08-06T11:50:31,3.41,3.4168,3.41,3.4168,662.0
2025-08-06T11:50:32,3.4107,3.4199,3.4107,3.4199,1744.0
2025-08-06T11:50:33,3.4188,3.4188,3.4188,3.4188,722.0
2025-08-06T11:50:34,3.41,3.42,3.4,3.4112,22953.0
2025-08-06T11:50:35,3.405,3.405,3.4,3.4,4484.0
2025-08-06T11:50:36,3.395,3.4,3.395,3.4,3774.0
2025-08-06T11:50:37,3.39,3.3999,3.39,3.3901,810.0
2025-08-06T11:50:38,3.4,3.4,3.3903,3.4,5714.0
2025-08-06T11:50:39,3.4,3.41,3.4,3.4089,1238.0
2025-08-06T11:50:41,3.4038,3.4038,3.4038,3.4038,500.0
2025-08-06T11:50:42,3.4012,3.42,3.4012,3.4108,5310.0
2025-08-06T11:50:44,3.4199,3.4199,3.4107,3.4107,798.0
2025-08-06T11:50:45,3.4117,3.4117,3.4117,3.4117,300.0
2025-08-06T11:50:46,3.415,3.42,3.415,3.42,5268.0
2025-08-06T11:50:49,3.41,3.411,3.4,3.4,7291.0
2025-08-06T11:50:50,3.395,3.3988,3.395,3.3988,396.0
2025-08-06T11:50:51,3.3901,3.4,3.39,3.39,10091.0
2025-08-06T11:50:52,3.4,3.4001,3.4,3.4,2401.0
2025-08-06T11:50:54,3.41,3.41,3.4008,3.4008,605.0
2025-08-06T11:50:55,3.4099,3.4099,3.405,3.405,2272.0
2025-08-06T11:50:56,3.405,3.41,3.405,3.4088,1573.0
2025-08-06T11:50:57,3.4,3.4,3.4,3.4,861.0
2025-08-06T11:50:58,3.401,3.41,3.401,3.41,202.0
2025-08-06T11:50:59,3.4011,3.4011,3.4011,3.4011,135.0
2025-08-06T11:51:00,3.41,3.41,3.41,3.41,300.0
2025-08-06T11:51:01,3.4,3.41,3.4,3.4,7878.0
2025-08-06T11:51:03,3.3988,3.3988,3.3988,3.3988,554.0
2025-08-06T11:51:04,3.3912,3.4,3.385,3.4,11558.0
2025-08-06T11:51:05,3.3988,3.3988,3.39,3.395,2144.0
2025-08-06T11:51:06,3.3945,3.3945,3.38,3.38,5577.0
2025-08-06T11:51:07,3.385,3.3898,3.38,3.3898,2138.0
2025-08-06T11:51:08,3.385,3.39,3.385,3.39,500.0
2025-08-06T11:51:09,3.38,3.38,3.38,3.38,254.0
2025-08-06T11:51:11,3.3899,3.3899,3.3899,3.3899,152.0
2025-08-06T11:51:12,3.3899,3.3899,3.3809,3.3809,1291.0
2025-08-06T11:51:13,3.3897,3.39,3.38,3.3899,1739.0
2025-08-06T11:51:14,3.38,3.389,3.38,3.38,3380.0
2025-08-06T11:51:15,3.39,3.39,3.39,3.39,422.0
2025-08-06T11:51:16,3.38,3.38,3.38,3.38,301.0
2025-08-06T11:51:17,3.39,3.4,3.39,3.39,5300.0
2025-08-06T11:51:18,3.39,3.4,3.3,3.3112,125090.0
2025-08-06T11:51:19,3.3012,3.35,3.3012,3.35,10958.0
2025-08-06T11:51:20,3.35,3.36,3.345,3.3553,11102.0
2025-08-06T11:51:21,3.37,3.37,3.37,3.37,232.0
2025-08-06T11:51:22,3.3608,3.3608,3.3608,3.3608,110.0
2025-08-06T11:51:23,3.37,3.37,3.37,3.37,300.0
2025-08-06T11:51:24,3.3601,3.39,3.36,3.38,11954.0
2025-08-06T11:51:25,3.37,3.37,3.36,3.36,3911.0
2025-08-06T11:51:26,3.36,3.37,3.36,3.365,639.0
2025-08-06T11:51:27,3.3601,3.3601,3.3601,3.3601,550.0
2025-08-06T11:51:28,3.37,3.37,3.37,3.37,998.0
2025-08-06T11:51:29,3.3618,3.368,3.3601,3.3601,1552.0
2025-08-06T11:51:30,3.361,3.361,3.36,3.36,872.0
2025-08-06T11:51:31,3.3699,3.3699,3.3612,3.3612,266.0
2025-08-06T11:51:32,3.37,3.37,3.3692,3.3692,2803.0
2025-08-06T11:51:33,3.37,3.37,3.36,3.36,928.0
2025-08-06T11:51:34,3.37,3.37,3.3699,3.37,5895.0
2025-08-06T11:51:35,3.38,3.38,3.36,3.3609,4028.0
2025-08-06T11:51:37,3.365,3.365,3.365,3.365,125.0
2025-08-06T11:51:38,3.365,3.365,3.36,3.36,2622.0
2025-08-06T11:51:39,3.36,3.36,3.35,3.35,4660.0
2025-08-06T11:51:40,3.35,3.35,3.33,3.3309,10518.0
2025-08-06T11:51:41,3.34,3.35,3.33,3.331,12200.0
2025-08-06T11:51:42,3.3391,3.34,3.33,3.3399,5759.0
2025-08-06T11:51:43,3.33,3.34,3.33,3.3317,3454.0
2025-08-06T11:51:44,3.33,3.33,3.32,3.32,1887.0
2025-08-06T11:51:45,3.31,3.32,3.31,3.32,1473.0
2025-08-06T11:51:46,3.31,3.32,3.31,3.3155,7036.0
2025-08-06T11:51:47,3.3112,3.33,3.3112,3.33,3899.0
2025-08-06T11:51:48,3.33,3.3399,3.31,3.32,15536.0
2025-08-06T11:51:49,3.33,3.34,3.33,3.34,1744.0
2025-08-06T11:51:50,3.34,3.3495,3.33,3.3495,4634.0
2025-08-06T11:51:51,3.34,3.3412,3.34,3.3412,3264.0
2025-08-06T11:51:52,3.3488,3.3488,3.34,3.3445,652.0
2025-08-06T11:51:53,3.35,3.35,3.34,3.34,4090.0
2025-08-06T11:51:54,3.345,3.3536,3.34,3.34,3857.0
2025-08-06T11:51:55,3.35,3.35,3.35,3.35,1039.0
2025-08-06T11:51:56,3.3509,3.3512,3.3505,3.3505,2147.0
2025-08-06T11:51:58,3.35,3.35,3.345,3.345,1839.0
2025-08-06T11:51:59,3.345,3.36,3.345,3.35,3104.0
2025-08-06T11:52:00,3.35,3.36,3.35,3.35,2407.0
2025-08-06T11:52:01,3.3512,3.36,3.3512,3.36,1374.0
2025-08-06T11:52:02,3.35,3.35,3.35,3.35,3638.0
2025-08-06T11:52:03,3.3465,3.3465,3.34,3.345,1827.0
2025-08-06T11:52:04,3.3408,3.3488,3.34,3.34,635.0
2025-08-06T11:52:05,3.3492,3.35,3.341,3.341,1788.0
2025-08-06T11:52:06,3.345,3.3516,3.3435,3.3516,8927.0
2025-08-06T11:52:09,3.35,3.36,3.35,3.3593,5504.0
2025-08-06T11:52:10,3.3547,3.3547,3.3547,3.3547,5046.0
2025-08-06T11:52:11,3.3503,3.3503,3.3503,3.3503,697.0
2025-08-06T11:52:14,3.355,3.36,3.3512,3.36,7889.0
2025-08-06T11:52:15,3.36,3.37,3.36,3.37,1412.0
2025-08-06T11:52:16,3.36,3.36,3.36,3.36,1829.0
2025-08-06T11:52:18,3.36,3.37,3.36,3.36,5286.0
2025-08-06T11:52:19,3.3655,3.3655,3.365,3.365,2507.0
2025-08-06T11:52:20,3.3699,3.3699,3.3699,3.3699,737.0
2025-08-06T11:52:21,3.36,3.38,3.36,3.37,2486.0
2025-08-06T11:52:22,3.375,3.375,3.375,3.375,327.0
2025-08-06T11:52:23,3.3707,3.3707,3.3707,3.3707,778.0
2025-08-06T11:52:24,3.3792,3.38,3.37,3.38,1822.0
2025-08-06T11:52:25,3.3793,3.38,3.37,3.379,3845.0
2025-08-06T11:52:26,3.3799,3.3799,3.37,3.37,10150.0
2025-08-06T11:52:27,3.38,3.41,3.38,3.41,22049.0
2025-08-06T11:52:28,3.41,3.42,3.41,3.41,3228.0
2025-08-06T11:52:29,3.4,3.43,3.39,3.42,17750.0
2025-08-06T11:52:30,3.42,3.4245,3.395,3.3999,26850.0
2025-08-06T11:52:31,3.395,3.395,3.395,3.395,353.0
2025-08-06T11:52:32,3.395,3.395,3.395,3.395,268.0
2025-08-06T11:52:33,3.39,3.4,3.39,3.4,1250.0
2025-08-06T11:52:35,3.3999,3.3999,3.3999,3.3999,1124.0
2025-08-06T11:52:36,3.3988,3.4,3.3988,3.4,810.0
2025-08-06T11:52:37,3.395,3.395,3.39,3.39,5028.0
2025-08-06T11:52:38,3.3898,3.39,3.385,3.385,3180.0
2025-08-06T11:52:39,3.3899,3.3899,3.385,3.3899,1000.0
2025-08-06T11:52:42,3.38,3.39,3.38,3.39,587.0
2025-08-06T11:52:43,3.3882,3.3882,3.3882,3.3882,229.0
2025-08-06T11:52:44,3.385,3.4,3.385,3.39,10748.0
2025-08-06T11:52:45,3.3899,3.4699,3.3812,3.4,9386.0
2025-08-06T11:52:46,3.4,3.4,3.39,3.39,5000.0
2025-08-06T11:52:47,3.3909,3.3909,3.3909,3.3909,200.0
2025-08-06T11:52:48,3.3965,3.4,3.39,3.4,7616.0
2025-08-06T11:52:51,3.4,3.4,3.4,3.4,726.0
2025-08-06T11:52:52,3.4,3.4,3.395,3.4,1762.0
2025-08-06T11:52:53,3.39,3.39,3.39,3.39,1015.0
2025-08-06T11:52:55,3.3988,3.3988,3.3988,3.3988,143.0
2025-08-06T11:52:56,3.39,3.39,3.39,3.39,101.0
2025-08-06T11:52:59,3.39,3.3901,3.39,3.3901,806.0
2025-08-06T11:53:04,3.3912,3.3912,3.3912,3.3912,500.0
2025-08-06T11:53:06,3.39,3.39,3.39,3.39,5000.0
2025-08-06T11:53:07,3.3912,3.3912,3.39,3.39,229.0
2025-08-06T11:53:08,3.39,3.39,3.39,3.39,588.0
2025-08-06T11:53:12,3.3808,3.3808,3.3808,3.3808,447.0
2025-08-06T11:53:13,3.3899,3.3899,3.38,3.38,5045.0
2025-08-06T11:53:14,3.375,3.38,3.375,3.38,449.0
2025-08-06T11:53:15,3.3746,3.3746,3.37,3.37,9736.0
2025-08-06T11:53:16,3.37,3.37,3.37,3.37,615.0
2025-08-06T11:53:17,3.375,3.375,3.35,3.36,13299.0
2025-08-06T11:53:19,3.355,3.355,3.355,3.355,100.0
2025-08-06T11:53:20,3.36,3.3688,3.36,3.3688,1670.0
2025-08-06T11:53:21,3.3694,3.3694,3.3694,3.3694,1040.0
2025-08-06T11:53:22,3.37,3.37,3.37,3.37,600.0
2025-08-06T11:53:23,3.3711,3.38,3.36,3.36,2368.0
2025-08-06T11:53:25,3.3688,3.3688,3.3688,3.3688,134.0
2025-08-06T11:53:26,3.3698,3.3698,3.3612,3.3612,652.0
2025-08-06T11:53:30,3.3699,3.3699,3.3699,3.3699,342.0
2025-08-06T11:53:31,3.3612,3.3612,3.3612,3.3612,100.0
2025-08-06T11:53:34,3.36,3.36,3.36,3.36,116.0
2025-08-06T11:53:35,3.3699,3.3699,3.3601,3.3601,5347.0
2025-08-06T11:53:36,3.36,3.369,3.36,3.369,7925.0
2025-08-06T11:53:37,3.3646,3.3646,3.3646,3.3646,2139.0
2025-08-06T11:53:38,3.3609,3.3609,3.36,3.3601,2013.0
2025-08-06T11:53:40,3.36,3.37,3.36,3.36,4917.0
2025-08-06T11:53:41,3.36,3.36,3.355,3.355,9641.0
2025-08-06T11:53:42,3.355,3.3588,3.35,3.35,2150.0
2025-08-06T11:53:45,3.35,3.35,3.35,3.35,166.0
2025-08-06T11:53:46,3.3588,3.3588,3.3512,3.3512,591.0
2025-08-06T11:53:48,3.355,3.355,3.355,3.355,1102.0
2025-08-06T11:53:49,3.352,3.352,3.3506,3.3506,1202.0
2025-08-06T11:53:50,3.36,3.36,3.36,3.36,807.0
2025-08-06T11:53:51,3.355,3.355,3.355,3.355,401.0
2025-08-06T11:53:52,3.355,3.355,3.355,3.355,210.0
2025-08-06T11:53:53,3.35,3.35,3.35,3.35,100.0
2025-08-06T11:53:54,3.35,3.35,3.35,3.35,253.0
2025-08-06T11:53:55,3.355,3.36,3.355,3.36,423.0
2025-08-06T11:53:56,3.3592,3.3592,3.3592,3.3592,321.0
2025-08-06T11:53:57,3.35,3.35,3.35,3.35,1190.0
2025-08-06T11:54:03,3.358,3.36,3.358,3.36,1529.0
2025-08-06T11:54:04,3.36,3.36,3.36,3.36,1096.0
2025-08-06T11:54:05,3.3645,3.3645,3.3645,3.3645,125.0
2025-08-06T11:54:06,3.37,3.37,3.37,3.37,519.0
2025-08-06T11:54:09,3.3611,3.3699,3.36,3.3699,1182.0
2025-08-06T11:54:10,3.36,3.36,3.36,3.36,246.0
2025-08-06T11:54:11,3.365,3.365,3.365,3.365,200.0
2025-08-06T11:54:13,3.37,3.37,3.37,3.37,503.0
2025-08-06T11:54:14,3.37,3.39,3.365,3.39,11403.0
2025-08-06T11:54:16,3.39,3.39,3.37,3.39,5738.0
2025-08-06T11:54:17,3.38,3.38,3.38,3.38,101.0
2025-08-06T11:54:18,3.3701,3.3745,3.3701,3.3745,401.0
2025-08-06T11:54:19,3.3788,3.3788,3.3788,3.3788,155.0
2025-08-06T11:54:20,3.371,3.371,3.37,3.37,420.0
2025-08-06T11:54:23,3.37,3.37,3.37,3.37,423.0
2025-08-06T11:54:24,3.38,3.38,3.3701,3.3701,1150.0
2025-08-06T11:54:28,3.3793,3.3793,3.3793,3.3793,1037.0
2025-08-06T11:54:30,3.37,3.37,3.37,3.37,300.0
2025-08-06T11:54:32,3.375,3.375,3.375,3.375,484.0
2025-08-06T11:54:37,3.37,3.37,3.37,3.37,100.0
2025-08-06T11:54:38,3.375,3.39,3.375,3.38,3941.0
2025-08-06T11:54:39,3.3851,3.3851,3.3851,3.3851,4210.0
2025-08-06T11:54:42,3.3807,3.39,3.3807,3.39,940.0
2025-08-06T11:54:47,3.381,3.381,3.381,3.381,300.0
2025-08-06T11:54:49,3.381,3.381,3.381,3.381,300.0
2025-08-06T11:54:50,3.38,3.3836,3.37,3.3789,1521.0
2025-08-06T11:54:52,3.3701,3.3701,3.3701,3.3701,101.0
2025-08-06T11:54:53,3.38,3.38,3.38,3.38,500.0
2025-08-06T11:54:56,3.3799,3.3799,3.3799,3.3799,200.0
2025-08-06T11:54:59,3.3799,3.38,3.3799,3.38,5200.0
2025-08-06T11:55:02,3.37,3.37,3.365,3.365,1274.0
2025-08-06T11:55:05,3.37,3.37,3.37,3.37,100.0
2025-08-06T11:55:06,3.37,3.37,3.37,3.37,200.0
2025-08-06T11:55:08,3.37,3.37,3.365,3.365,6636.0
2025-08-06T11:55:14,3.3646,3.3646,3.3646,3.3646,120.0
2025-08-06T11:55:15,3.36,3.3612,3.36,3.3612,330.0
2025-08-06T11:55:17,3.3612,3.3612,3.3612,3.3612,189.0
2025-08-06T11:55:18,3.36,3.3699,3.35,3.35,6049.0
2025-08-06T11:55:19,3.35,3.3501,3.35,3.35,4655.0
2025-08-06T11:55:20,3.355,3.36,3.3507,3.3507,900.0
2025-08-06T11:55:21,3.36,3.36,3.36,3.36,3530.0
2025-08-06T11:55:23,3.3611,3.3611,3.3611,3.3611,178.0
2025-08-06T11:55:25,3.3699,3.3699,3.3699,3.3699,2800.0
2025-08-06T11:55:26,3.36,3.36,3.28,3.29,67378.0
2025-08-06T11:55:27,3.28,3.29,3.28,3.28,10042.0
2025-08-06T11:55:28,3.2999,3.3,3.29,3.3,1631.0
2025-08-06T11:55:29,3.3,3.32,3.3,3.32,4696.0
2025-08-06T11:55:30,3.32,3.32,3.315,3.32,6326.0
2025-08-06T11:55:31,3.3111,3.3173,3.3111,3.3173,4254.0
2025-08-06T11:55:32,3.3112,3.32,3.3101,3.3189,852.0
2025-08-06T11:55:33,3.32,3.32,3.3108,3.3108,1953.0
2025-08-06T11:55:34,3.31,3.315,3.31,3.31,2057.0
2025-08-06T11:55:35,3.3196,3.32,3.3108,3.3108,3841.0
2025-08-06T11:55:36,3.3188,3.3188,3.305,3.305,1847.0
2025-08-06T11:55:37,3.3,3.3001,3.2907,3.295,8523.0
2025-08-06T11:55:38,3.3,3.305,3.2902,3.2991,4800.0
2025-08-06T11:55:39,3.29,3.2991,3.29,3.2904,3471.0
2025-08-06T11:55:40,3.3,3.3,3.26,3.27,23497.0
2025-08-06T11:55:41,3.2709,3.2793,3.26,3.27,17959.0
2025-08-06T11:55:42,3.271,3.2888,3.27,3.28,2926.0
2025-08-06T11:55:43,3.28,3.28,3.16,3.1812,199001.0
2025-08-06T11:55:44,3.17,3.24,3.16,3.1912,19481.0
2025-08-06T11:55:45,3.23,3.23,3.15,3.16,70037.0
2025-08-06T11:55:46,3.155,3.155,3.1,3.13,93436.0
2025-08-06T11:55:47,3.135,3.16,3.08,3.085,61462.0
2025-08-06T11:55:48,3.09,3.12,3.05,3.1089,66328.0
2025-08-06T11:55:49,3.09,3.1093,3.05,3.09,42365.0
2025-08-06T11:55:50,3.0855,3.18,3.0855,3.1609,70310.0
2025-08-06T11:55:51,3.16,3.17,3.15,3.1699,26545.0
2025-08-06T11:55:52,3.1654,3.18,3.1605,3.1701,12337.0
2025-08-06T11:55:53,3.18,3.1898,3.14,3.1645,38067.0
2025-08-06T11:55:54,3.16,3.18,3.15,3.18,18592.0
2025-08-06T11:55:55,3.1702,3.2,3.1702,3.1899,28867.0
2025-08-06T11:55:56,3.1805,3.19,3.16,3.19,32808.0
2025-08-06T11:55:57,3.19,3.1936,3.17,3.17,27221.0
2025-08-06T11:55:58,3.1789,3.1789,3.1752,3.1752,5190.0
2025-08-06T11:55:59,3.17,3.18,3.14,3.15,12645.0
2025-08-06T11:56:00,3.16,3.16,3.13,3.1489,14788.0
2025-08-06T11:56:01,3.13,3.14,3.13,3.13,4238.0
2025-08-06T11:56:02,3.1301,3.135,3.13,3.1301,7690.0
2025-08-06T11:56:03,3.135,3.1799,3.13,3.1465,10011.0
2025-08-06T11:56:04,3.145,3.15,3.145,3.1489,1870.0
2025-08-06T11:56:05,3.16,3.16,3.14,3.145,5439.0
2025-08-06T11:56:06,3.14,3.16,3.14,3.1404,2362.0
2025-08-06T11:56:07,3.15,3.1595,3.14,3.15,24868.0
2025-08-06T11:56:08,3.1499,3.15,3.1405,3.15,4054.0
2025-08-06T11:56:09,3.145,3.1499,3.14,3.1499,4856.0
2025-08-06T11:56:10,3.141,3.155,3.141,3.1501,24738.0
2025-08-06T11:56:11,3.15,3.1511,3.12,3.12,24854.0
2025-08-06T11:56:12,3.1299,3.13,3.12,3.12,4679.0
2025-08-06T11:56:13,3.1299,3.14,3.128,3.14,4067.0
2025-08-06T11:56:14,3.13,3.14,3.13,3.1345,3005.0
2025-08-06T11:56:15,3.135,3.14,3.09,3.09,37214.0
2025-08-06T11:56:16,3.08,3.09,3.04,3.07,46351.0
2025-08-06T11:56:17,3.08,3.09,3.07,3.09,6971.0
2025-08-06T11:56:18,3.0899,3.11,3.0899,3.1,6991.0
2025-08-06T11:56:19,3.09,3.09,2.98,3.0005,90250.0
2025-08-06T11:56:20,3.0,3.04,3.0,3.04,31497.0
2025-08-06T11:56:21,3.0399,3.08,3.0399,3.07,30864.0
2025-08-06T11:56:22,3.07,3.08,3.0611,3.075,6243.0
2025-08-06T11:56:23,3.08,3.09,3.07,3.0899,15097.0
2025-08-06T11:56:24,3.0817,3.0908,3.08,3.0811,7115.0
2025-08-06T11:56:25,3.0977,3.0977,3.03,3.03,31527.0
2025-08-06T11:56:26,3.02,3.0511,2.96,3.03,72326.0
2025-08-06T11:56:27,3.02,3.04,3.01,3.0394,3751.0
2025-08-06T11:56:28,3.02,3.04,3.02,3.04,12887.0
2025-08-06T11:56:29,3.04,3.04,3.01,3.04,40073.0
2025-08-06T11:56:30,3.04,3.06,3.04,3.04,15704.0
2025-08-06T11:56:31,3.0499,3.05,3.04,3.0472,2236.0
2025-08-06T11:56:32,3.04,3.075,3.03,3.03,16568.0
2025-08-06T11:56:33,3.07,3.09,3.0389,3.0899,8249.0
2025-08-06T11:56:34,3.0801,3.09,3.08,3.08,19846.0
2025-08-06T11:56:35,3.08,3.09,3.06,3.0786,9827.0
2025-08-06T11:56:36,3.0789,3.1399,3.07,3.08,10426.0
2025-08-06T11:56:37,3.085,3.09,3.07,3.07,3505.0
2025-08-06T11:56:38,3.07,3.079,3.06,3.06,10461.0
2025-08-06T11:56:39,3.065,3.065,3.0602,3.0602,587.0
2025-08-06T11:56:40,3.0693,3.0693,3.0,3.02,64469.0
2025-08-06T11:56:41,3.03,3.0707,3.025,3.05,33557.0
2025-08-06T11:56:42,3.059,3.06,3.05,3.06,2548.0
2025-08-06T11:56:43,3.06,3.07,3.06,3.07,3427.0
2025-08-06T11:56:44,3.0689,3.08,3.055,3.0589,8536.0
2025-08-06T11:56:45,3.06,3.06,3.0,3.0,26167.0
2025-08-06T11:56:46,3.0,3.01,3.0,3.0,7236.0
2025-08-06T11:56:47,3.0,3.01,2.98,3.0,54408.0
2025-08-06T11:56:48,3.0,3.0,2.96,2.97,33458.0
2025-08-06T11:56:49,2.9799,3.0,2.9705,2.9999,10826.0
2025-08-06T11:56:50,2.9998,3.0,2.9899,2.99,15302.0
2025-08-06T11:56:51,2.9846,3.01,2.98,3.01,35030.0
2025-08-06T11:56:52,3.01,3.03,3.01,3.02,6358.0
2025-08-06T11:56:53,3.03,3.0399,3.01,3.03,8989.0
2025-08-06T11:56:54,3.0341,3.0436,3.0311,3.0436,3324.0
2025-08-06T11:56:55,3.04,3.045,3.03,3.03,7934.0
2025-08-06T11:56:56,3.04,3.05,3.03,3.0499,10754.0
2025-08-06T11:56:57,3.045,3.045,3.03,3.03,1438.0
2025-08-06T11:56:58,3.03,3.0311,2.99,3.0,40875.0
2025-08-06T11:56:59,3.0,3.0,2.96,3.0,12171.0
2025-08-06T11:57:00,3.0,3.0,2.995,2.995,4118.0
2025-08-06T11:57:01,3.0,3.02,2.995,3.02,27067.0
2025-08-06T11:57:02,3.01,3.02,2.98,2.98,19528.0
2025-08-06T11:57:03,2.98,3.02,2.97,3.02,23934.0
2025-08-06T11:57:04,3.01,3.02,3.01,3.01,4382.0
2025-08-06T11:57:05,3.017,3.0299,3.017,3.0299,6236.0
2025-08-06T11:57:06,3.0293,3.04,3.0199,3.03,9948.0
2025-08-06T11:57:07,3.0262,3.04,3.02,3.04,4874.0
2025-08-06T11:57:08,3.03,3.04,3.03,3.03,7321.0
2025-08-06T11:57:09,3.0489,3.0489,3.02,3.03,12093.0
2025-08-06T11:57:10,3.03,3.04,3.0201,3.03,5249.0
2025-08-06T11:57:11,3.0399,3.04,3.02,3.04,3981.0
2025-08-06T11:57:12,3.0378,3.0393,3.03,3.03,4600.0
2025-08-06T11:57:13,3.0389,3.04,3.0301,3.0389,2896.0
2025-08-06T11:57:14,3.0389,3.05,3.035,3.045,5981.0
2025-08-06T11:57:15,3.045,3.05,3.04,3.05,3151.0
2025-08-06T11:57:16,3.0491,3.06,3.0491,3.055,8650.0
2025-08-06T11:57:17,3.0507,3.07,3.0507,3.0671,4924.0
2025-08-06T11:57:18,3.0601,3.07,3.06,3.07,5052.0
2025-08-06T11:57:19,3.065,3.07,3.05,3.069,19633.0
2025-08-06T11:57:20,3.0611,3.08,3.06,3.0744,20337.0
2025-08-06T11:57:21,3.08,3.09,3.066,3.09,6003.0
2025-08-06T11:57:22,3.0899,3.09,3.08,3.09,10311.0
2025-08-06T11:57:23,3.091,3.1,3.09,3.0901,11784.0
2025-08-06T11:57:24,3.09,3.095,3.08,3.09,3697.0
2025-08-06T11:57:25,3.08,3.08,3.0769,3.0769,2514.0
2025-08-06T11:57:26,3.07,3.0701,3.06,3.06,14714.0
2025-08-06T11:57:27,3.07,3.0799,3.07,3.07,1227.0
2025-08-06T11:57:28,3.06,3.069,3.0509,3.0509,11757.0
2025-08-06T11:57:29,3.0685,3.07,3.06,3.07,2546.0
2025-08-06T11:57:30,3.065,3.0699,3.065,3.0699,311.0
2025-08-06T11:57:31,3.065,3.07,3.06,3.07,3656.0
2025-08-06T11:57:32,3.065,3.07,3.061,3.07,1544.0
2025-08-06T11:57:33,3.07,3.07,3.0601,3.0601,2723.0
2025-08-06T11:57:34,3.06,3.07,3.04,3.06,30402.0
2025-08-06T11:57:35,3.0599,3.06,3.04,3.042,6209.0
2025-08-06T11:57:36,3.042,3.06,3.04,3.06,1993.0
2025-08-06T11:57:37,3.06,3.06,3.055,3.055,258.0
2025-08-06T11:57:38,3.0593,3.06,3.0593,3.06,3652.0
2025-08-06T11:57:39,3.06,3.07,3.06,3.07,1877.0
2025-08-06T11:57:40,3.0606,3.07,3.0606,3.0607,5459.0
2025-08-06T11:57:41,3.06,3.07,3.055,3.055,3764.0
2025-08-06T11:57:42,3.0589,3.0589,3.0589,3.0589,135.0
2025-08-06T11:57:43,3.0599,3.08,3.0598,3.08,12217.0
2025-08-06T11:57:44,3.071,3.08,3.06,3.0798,5031.0
2025-08-06T11:57:45,3.0799,3.0799,3.0768,3.0768,400.0
2025-08-06T11:57:46,3.07,3.07,3.07,3.07,642.0
2025-08-06T11:57:47,3.0706,3.08,3.07,3.08,1569.0
2025-08-06T11:57:48,3.07,3.08,3.07,3.08,5872.0
2025-08-06T11:57:49,3.08,3.08,3.08,3.08,1040.0
2025-08-06T11:57:50,3.08,3.085,3.0753,3.085,7596.0
2025-08-06T11:57:51,3.08,3.085,3.0602,3.0602,10810.0
2025-08-06T11:57:52,3.075,3.08,3.075,3.075,520.0
2025-08-06T11:57:53,3.08,3.08,3.08,3.08,172.0
2025-08-06T11:57:55,3.07,3.07,3.05,3.05,7784.0
2025-08-06T11:57:56,3.0552,3.0552,3.0552,3.0552,1000.0
2025-08-06T11:57:57,3.05,3.0599,3.05,3.0599,5471.0
2025-08-06T11:57:58,3.055,3.055,3.055,3.055,150.0
2025-08-06T11:57:59,3.0547,3.06,3.05,3.055,5812.0
2025-08-06T11:58:00,3.0597,3.0599,3.05,3.055,1636.0
2025-08-06T11:58:01,3.055,3.06,3.05,3.06,1596.0
2025-08-06T11:58:02,3.0595,3.06,3.03,3.05,10760.0
2025-08-06T11:58:03,3.055,3.0598,3.04,3.0598,4126.0
2025-08-06T11:58:04,3.0501,3.06,3.02,3.02,24773.0
2025-08-06T11:58:05,3.03,3.03,3.03,3.03,152.0
2025-08-06T11:58:06,3.03,3.04,3.03,3.03,968.0
2025-08-06T11:58:08,3.0289,3.0289,3.0289,3.0289,115.0
2025-08-06T11:58:09,3.02,3.03,3.02,3.0298,1952.0
2025-08-06T11:58:10,3.02,3.03,3.02,3.03,6241.0
2025-08-06T11:58:11,3.03,3.044,3.0289,3.0289,3938.0
2025-08-06T11:58:12,3.03,3.035,3.03,3.0301,4936.0
2025-08-06T11:58:13,3.0393,3.04,3.035,3.04,935.0
2025-08-06T11:58:15,3.0401,3.05,3.04,3.05,5739.0
2025-08-06T11:58:16,3.0491,3.0491,3.0408,3.0408,511.0
2025-08-06T11:58:17,3.045,3.06,3.0411,3.0501,3855.0
2025-08-06T11:58:18,3.05,3.05,3.05,3.05,152.0
2025-08-06T11:58:19,3.059,3.059,3.059,3.059,1088.0
2025-08-06T11:58:20,3.06,3.06,3.0546,3.0546,347.0
2025-08-06T11:58:22,3.06,3.06,3.05,3.05,257.0
2025-08-06T11:58:23,3.0592,3.0593,3.0592,3.0593,860.0
2025-08-06T11:58:24,3.0589,3.1399,3.0509,3.0611,7415.0
2025-08-06T11:58:25,3.0635,3.0899,3.0635,3.0899,19550.0
2025-08-06T11:58:26,3.085,3.085,3.085,3.085,710.0
2025-08-06T11:58:27,3.0889,3.095,3.085,3.09,6032.0
2025-08-06T11:58:28,3.09,3.11,3.09,3.1,9317.0
2025-08-06T11:58:29,3.1,3.11,3.0892,3.0892,6533.0
2025-08-06T11:58:30,3.09,3.1,3.0801,3.0891,6040.0
2025-08-06T11:58:31,3.08,3.09,3.08,3.09,401.0
2025-08-06T11:58:32,3.08,3.08,3.05,3.0501,19534.0
2025-08-06T11:58:33,3.0516,3.07,3.05,3.055,2746.0
2025-08-06T11:58:34,3.0593,3.0655,3.0593,3.0655,884.0
2025-08-06T11:58:35,3.065,3.07,3.065,3.07,1342.0
2025-08-06T11:58:37,3.065,3.07,3.0646,3.07,568.0
2025-08-06T11:58:38,3.065,3.0899,3.06,3.0899,4071.0
2025-08-06T11:58:40,3.08,3.1,3.07,3.0891,10446.0
2025-08-06T11:58:41,3.08,3.09,3.08,3.088,1218.0
2025-08-06T11:58:42,3.0801,3.0801,3.08,3.08,1002.0
2025-08-06T11:58:43,3.07,3.075,3.07,3.07,2859.0
2025-08-06T11:58:44,3.07,3.075,3.07,3.07,2011.0
2025-08-06T11:58:45,3.0789,3.08,3.0789,3.08,1955.0
2025-08-06T11:58:47,3.075,3.075,3.075,3.075,152.0
2025-08-06T11:58:48,3.07,3.07,3.07,3.07,266.0
2025-08-06T11:58:52,3.07,3.0801,3.07,3.0801,5502.0
2025-08-06T11:58:53,3.08,3.0899,3.08,3.0811,436.0
2025-08-06T11:58:54,3.085,3.09,3.075,3.075,11134.0
2025-08-06T11:58:55,3.0799,3.08,3.0794,3.08,2300.0
2025-08-06T11:58:58,3.0791,3.08,3.0791,3.08,2519.0
2025-08-06T11:58:59,3.0708,3.08,3.07,3.07,781.0
2025-08-06T11:59:00,3.0701,3.08,3.0701,3.08,391.0
2025-08-06T11:59:01,3.08,3.085,3.0701,3.0701,2604.0
2025-08-06T11:59:02,3.09,3.09,3.09,3.09,423.0
2025-08-06T11:59:03,3.0893,3.09,3.085,3.085,1500.0
2025-08-06T11:59:04,3.09,3.09,3.0853,3.0853,5200.0
2025-08-06T11:59:06,3.088,3.088,3.0835,3.0835,1307.0
2025-08-06T11:59:07,3.08,3.09,3.08,3.09,2014.0
2025-08-06T11:59:08,3.08,3.0806,3.0714,3.0714,3907.0
2025-08-06T11:59:09,3.08,3.08,3.08,3.08,1287.0
2025-08-06T11:59:10,3.075,3.08,3.071,3.071,4688.0
2025-08-06T11:59:11,3.0709,3.0789,3.0709,3.0789,436.0
2025-08-06T11:59:13,3.0756,3.0756,3.0756,3.0756,586.0
2025-08-06T11:59:14,3.0794,3.0794,3.0794,3.0794,1328.0
2025-08-06T11:59:15,3.0789,3.0789,3.075,3.075,400.0
2025-08-06T11:59:16,3.0711,3.08,3.0711,3.079,4462.0
2025-08-06T11:59:17,3.07,3.0711,3.07,3.07,1430.0
2025-08-06T11:59:18,3.08,3.08,3.06,3.0635,9674.0
2025-08-06T11:59:19,3.06,3.0601,3.05,3.0507,8377.0
2025-08-06T11:59:20,3.05,3.08,3.0493,3.06,34233.0
2025-08-06T11:59:21,3.07,3.07,3.06,3.06,1955.0
2025-08-06T11:59:23,3.065,3.065,3.065,3.065,1646.0
2025-08-06T11:59:24,3.0699,3.0781,3.0699,3.0781,1795.0
2025-08-06T11:59:25,3.0747,3.08,3.06,3.08,5766.0
2025-08-06T11:59:27,3.07,3.075,3.07,3.075,564.0
2025-08-06T11:59:28,3.07,3.08,3.07,3.08,3491.0
2025-08-06T11:59:29,3.085,3.1,3.085,3.09,5169.0
2025-08-06T11:59:30,3.0811,3.0811,3.0811,3.0811,198.0
2025-08-06T11:59:32,3.08,3.08,3.08,3.08,232.0
2025-08-06T11:59:33,3.09,3.09,3.09,3.09,335.0
2025-08-06T11:59:34,3.085,3.085,3.085,3.085,1000.0
2025-08-06T11:59:35,3.0801,3.0801,3.07,3.075,5718.0
2025-08-06T11:59:36,3.0711,3.0711,3.071,3.071,336.0
2025-08-06T11:59:39,3.07,3.075,3.07,3.075,650.0
2025-08-06T11:59:40,3.075,3.08,3.075,3.08,2708.0
2025-08-06T11:59:41,3.0802,3.09,3.08,3.09,9425.0
2025-08-06T11:59:42,3.085,3.085,3.085,3.085,151.0
2025-08-06T11:59:43,3.0803,3.0803,3.07,3.08,3539.0
2025-08-06T11:59:44,3.0846,3.0846,3.0846,3.0846,133.0
2025-08-06T11:59:45,3.0881,3.0881,3.0881,3.0881,101.0
2025-08-06T11:59:46,3.0811,3.0811,3.0811,3.0811,153.0
2025-08-06T11:59:47,3.08,3.09,3.06,3.07,6100.0
2025-08-06T11:59:48,3.07,3.07,3.065,3.07,10522.0
2025-08-06T11:59:49,3.06,3.07,3.06,3.07,1833.0
2025-08-06T11:59:50,3.065,3.08,3.065,3.0799,4720.0
2025-08-06T11:59:51,3.08,3.08,3.08,3.08,166.0
2025-08-06T11:59:52,3.0601,3.08,3.0601,3.08,448.0
2025-08-06T11:59:54,3.0799,3.0799,3.0799,3.0799,500.0
2025-08-06T11:59:55,3.0711,3.0791,3.0711,3.0791,1072.0
2025-08-06T11:59:56,3.0701,3.0746,3.05,3.06,14430.0
2025-08-06T11:59:57,3.0593,3.08,3.05,3.08,5516.0
2025-08-06T11:59:58,3.07,3.07,3.07,3.07,1091.0
2025-08-06T12:00:00,3.07,3.07,3.0599,3.0599,8530.0
2025-08-06T12:00:01,3.06,3.07,3.06,3.07,1120.0
2025-08-06T12:00:04,3.0689,3.08,3.0646,3.08,1995.0
2025-08-06T12:00:05,3.07,3.0799,3.07,3.0757,2712.0
2025-08-06T12:00:06,3.07,3.0745,3.07,3.0745,1359.0
2025-08-06T12:00:07,3.0799,3.0799,3.0799,3.0799,200.0
2025-08-06T12:00:08,3.07,3.0789,3.07,3.0789,702.0
2025-08-06T12:00:09,3.0755,3.0799,3.0701,3.0701,1528.0
2025-08-06T12:00:10,3.07,3.08,3.07,3.08,1350.0
2025-08-06T12:00:11,3.072,3.075,3.072,3.075,1100.0
2025-08-06T12:00:12,3.075,3.08,3.0717,3.0793,1601.0
2025-08-06T12:00:13,3.0793,3.08,3.0703,3.08,4811.0
2025-08-06T12:00:16,3.0755,3.08,3.0755,3.0768,2078.0
2025-08-06T12:00:17,3.085,3.085,3.0811,3.0811,205.0
2025-08-06T12:00:18,3.0899,3.0899,3.0899,3.0899,170.0
2025-08-06T12:00:19,3.0891,3.0891,3.0891,3.0891,200.0
2025-08-06T12:00:20,3.08,3.0893,3.08,3.0893,4772.0
2025-08-06T12:00:21,3.08,3.1,3.08,3.09,16725.0
2025-08-06T12:00:22,3.0907,3.095,3.0901,3.0901,1225.0
2025-08-06T12:00:23,3.1,3.11,3.095,3.11,22947.0
2025-08-06T12:00:24,3.11,3.11,3.1008,3.105,6587.0
2025-08-06T12:00:25,3.1,3.1093,3.1,3.1,3869.0
2025-08-06T12:00:26,3.1,3.1,3.1,3.1,325.0
2025-08-06T12:00:27,3.105,3.11,3.1,3.1,3879.0
2025-08-06T12:00:29,3.09,3.095,3.09,3.09,3426.0
2025-08-06T12:00:30,3.085,3.09,3.0801,3.085,1870.0
2025-08-06T12:00:31,3.0889,3.0891,3.08,3.08,542.0
2025-08-06T12:00:33,3.085,3.085,3.07,3.07,4186.0
2025-08-06T12:00:34,3.0793,3.09,3.074,3.074,5308.0
2025-08-06T12:00:35,3.085,3.0889,3.0717,3.0717,1027.0
2025-08-06T12:00:36,3.0701,3.0793,3.0701,3.0793,5551.0
2025-08-06T12:00:37,3.0799,3.0799,3.0799,3.0799,500.0
2025-08-06T12:00:39,3.08,3.08,3.08,3.08,600.0
2025-08-06T12:00:41,3.0896,3.0896,3.0896,3.0896,2010.0
2025-08-06T12:00:42,3.0889,3.09,3.0889,3.09,1304.0
2025-08-06T12:00:43,3.0801,3.09,3.0801,3.09,849.0
2025-08-06T12:00:44,3.09,3.09,3.0811,3.0898,2012.0
2025-08-06T12:00:45,3.0899,3.09,3.0899,3.0899,1384.0
2025-08-06T12:00:47,3.09,3.09,3.08,3.08,5055.0
2025-08-06T12:00:48,3.09,3.09,3.08,3.0855,12099.0
2025-08-06T12:00:49,3.088,3.088,3.085,3.088,800.0
2025-08-06T12:00:50,3.08,3.08,3.08,3.08,407.0
2025-08-06T12:00:51,3.0893,3.0899,3.08,3.08,1300.0
2025-08-06T12:00:52,3.085,3.085,3.08,3.08,501.0
2025-08-06T12:00:53,3.0893,3.0893,3.0893,3.0893,618.0
2025-08-06T12:00:54,3.0899,3.0899,3.0899,3.0899,176.0
2025-08-06T12:00:55,3.0899,3.0899,3.0854,3.0854,1701.0
2025-08-06T12:00:57,3.0802,3.0802,3.0802,3.0802,541.0
2025-08-06T12:00:58,3.08,3.0803,3.08,3.0803,3035.0
2025-08-06T12:00:59,3.085,3.085,3.085,3.085,846.0
2025-08-06T12:01:00,3.085,3.085,3.085,3.085,236.0
2025-08-06T12:01:01,3.0811,3.085,3.0811,3.085,1109.0
2025-08-06T12:01:03,3.08,3.09,3.08,3.085,2420.0
2025-08-06T12:01:04,3.085,3.0858,3.08,3.0858,2045.0
2025-08-06T12:01:05,3.08,3.08,3.07,3.075,5109.0
2025-08-06T12:01:06,3.07,3.07,3.0686,3.0686,3889.0
2025-08-06T12:01:07,3.0645,3.0645,3.0645,3.0645,350.0
2025-08-06T12:01:09,3.0655,3.0655,3.0655,3.0655,614.0
2025-08-06T12:01:10,3.06,3.065,3.05,3.06,7432.0
2025-08-06T12:01:11,3.0589,3.0589,3.055,3.055,240.0
2025-08-06T12:01:12,3.0545,3.07,3.0545,3.07,8193.0
2025-08-06T12:01:13,3.07,3.08,3.07,3.08,5491.0
2025-08-06T12:01:15,3.085,3.085,3.08,3.0811,364.0
2025-08-06T12:01:16,3.0811,3.0811,3.0811,3.0811,100.0
2025-08-06T12:01:17,3.09,3.09,3.09,3.09,2437.0
2025-08-06T12:01:20,3.0901,3.0901,3.0901,3.0901,3545.0
2025-08-06T12:01:21,3.0911,3.1,3.09,3.09,4994.0
2025-08-06T12:01:22,3.1,3.1,3.09,3.09,774.0
2025-08-06T12:01:23,3.095,3.095,3.07,3.08,8961.0
2025-08-06T12:01:25,3.0792,3.0792,3.0792,3.0792,337.0
2025-08-06T12:01:26,3.08,3.09,3.07,3.07,1215.0
2025-08-06T12:01:27,3.08,3.081,3.08,3.081,412.0
2025-08-06T12:01:28,3.08,3.08,3.07,3.07,1196.0
2025-08-06T12:01:29,3.0765,3.0799,3.0765,3.0799,1705.0
2025-08-06T12:01:31,3.0789,3.0789,3.0789,3.0789,100.0
2025-08-06T12:01:32,3.075,3.075,3.07,3.07,402.0
2025-08-06T12:01:33,3.0799,3.08,3.0796,3.08,425.0
2025-08-06T12:01:34,3.0799,3.0799,3.07,3.07,210.0
2025-08-06T12:01:35,3.07,3.07,3.07,3.07,100.0
2025-08-06T12:01:36,3.0789,3.0789,3.07,3.07,306.0
2025-08-06T12:01:37,3.0793,3.0799,3.0702,3.0702,1906.0
2025-08-06T12:01:38,3.0799,3.0799,3.075,3.075,373.0
2025-08-06T12:01:39,3.07,3.0799,3.07,3.0799,250.0
2025-08-06T12:01:40,3.0799,3.0799,3.0799,3.0799,100.0
2025-08-06T12:01:42,3.0799,3.0799,3.0799,3.0799,3077.0
2025-08-06T12:01:43,3.0754,3.0754,3.0754,3.0754,115.0
2025-08-06T12:01:45,3.0789,3.0789,3.0789,3.0789,110.0
2025-08-06T12:01:46,3.0799,3.0799,3.0799,3.0799,100.0
2025-08-06T12:01:49,3.075,3.075,3.075,3.075,202.0
2025-08-06T12:01:50,3.08,3.09,3.08,3.08,5956.0
2025-08-06T12:01:51,3.09,3.09,3.09,3.09,2005.0
2025-08-06T12:01:52,3.09,3.09,3.089,3.089,1100.0
2025-08-06T12:01:53,3.0847,3.0847,3.0847,3.0847,3100.0
2025-08-06T12:01:54,3.09,3.11,3.09,3.11,25201.0
2025-08-06T12:01:55,3.11,3.11,3.1089,3.1089,220.0
2025-08-06T12:01:56,3.11,3.11,3.1011,3.1092,696.0
2025-08-06T12:01:57,3.11,3.11,3.11,3.11,2225.0
2025-08-06T12:01:58,3.1,3.1035,3.1,3.1035,5197.0
2025-08-06T12:01:59,3.105,3.12,3.1,3.12,15771.0
2025-08-06T12:02:00,3.1101,3.1101,3.1101,3.1101,165.0
2025-08-06T12:02:01,3.12,3.13,3.119,3.13,3050.0
2025-08-06T12:02:02,3.1272,3.13,3.1,3.11,5484.0
2025-08-06T12:02:03,3.11,3.1199,3.11,3.1199,1415.0
2025-08-06T12:02:05,3.115,3.115,3.1,3.1,3212.0
2025-08-06T12:02:06,3.0995,3.1099,3.0995,3.1089,6491.0
2025-08-06T12:02:07,3.1008,3.11,3.1008,3.11,525.0
2025-08-06T12:02:09,3.1,3.105,3.081,3.09,9904.0
2025-08-06T12:02:10,3.0997,3.1,3.09,3.1,2277.0
2025-08-06T12:02:11,3.0899,3.11,3.0875,3.11,3666.0
2025-08-06T12:02:12,3.1099,3.1099,3.09,3.1085,6696.0
2025-08-06T12:02:13,3.1078,3.1078,3.1078,3.1078,965.0
2025-08-06T12:02:15,3.102,3.102,3.1,3.1,256.0
2025-08-06T12:02:16,3.11,3.11,3.098,3.0989,1343.0
2025-08-06T12:02:17,3.09,3.09,3.09,3.09,620.0
2025-08-06T12:02:18,3.0994,3.0994,3.0994,3.0994,1201.0
2025-08-06T12:02:19,3.0989,3.1,3.0989,3.1,345.0
2025-08-06T12:02:20,3.1,3.1041,3.1,3.1,452.0
2025-08-06T12:02:21,3.0901,3.099,3.0901,3.099,250.0
2025-08-06T12:02:23,3.1,3.1,3.1,3.1,507.0
2025-08-06T12:02:24,3.0901,3.1,3.09,3.1,1171.0
2025-08-06T12:02:25,3.1,3.1,3.1,3.1,1527.0
2025-08-06T12:02:29,3.109,3.12,3.109,3.11,7958.0
2025-08-06T12:02:30,3.11,3.12,3.09,3.09,3431.0
2025-08-06T12:02:32,3.09,3.09,3.09,3.09,2483.0
2025-08-06T12:02:33,3.0989,3.0989,3.08,3.08,12042.0
2025-08-06T12:02:34,3.08,3.0899,3.08,3.0899,678.0
2025-08-06T12:02:37,3.0893,3.0893,3.0893,3.0893,623.0
2025-08-06T12:02:38,3.08,3.08,3.08,3.08,222.0
2025-08-06T12:02:39,3.0892,3.0892,3.0892,3.0892,300.0
2025-08-06T12:02:40,3.09,3.1,3.09,3.1,438.0
2025-08-06T12:02:41,3.1,3.1,3.1,3.1,155.0
2025-08-06T12:02:42,3.1,3.1099,3.0993,3.1099,650.0
2025-08-06T12:02:44,3.11,3.11,3.105,3.108,410.0
2025-08-06T12:02:45,3.1007,3.1007,3.1007,3.1007,1120.0
2025-08-06T12:02:46,3.1007,3.1007,3.1007,3.1007,1064.0
2025-08-06T12:02:48,3.1011,3.1011,3.1011,3.1011,261.0
2025-08-06T12:02:49,3.1001,3.1001,3.1001,3.1001,521.0
2025-08-06T12:02:50,3.1089,3.11,3.1089,3.11,445.0
2025-08-06T12:02:51,3.11,3.11,3.11,3.11,227.0
2025-08-06T12:02:52,3.115,3.12,3.11,3.11,5629.0
2025-08-06T12:02:53,3.119,3.119,3.08,3.08,9314.0
2025-08-06T12:02:54,3.085,3.0899,3.08,3.0899,7204.0
2025-08-06T12:02:56,3.0889,3.0889,3.0889,3.0889,120.0
2025-08-06T12:02:57,3.09,3.09,3.09,3.09,2645.0
2025-08-06T12:02:58,3.0994,3.0994,3.0994,3.0994,1200.0
2025-08-06T12:02:59,3.095,3.095,3.095,3.095,270.0
2025-08-06T12:03:01,3.0911,3.0911,3.0911,3.0911,191.0
2025-08-06T12:03:02,3.1,3.1,3.1,3.1,200.0
2025-08-06T12:03:04,3.1,3.1,3.1,3.1,1080.0
2025-08-06T12:03:05,3.0901,3.0901,3.0901,3.0901,403.0
2025-08-06T12:03:07,3.0907,3.0907,3.0907,3.0907,750.0
2025-08-06T12:03:10,3.0901,3.095,3.09,3.09,3886.0
2025-08-06T12:03:11,3.09,3.09,3.09,3.09,160.0
2025-08-06T12:03:12,3.09,3.09,3.0799,3.0799,8277.0
2025-08-06T12:03:13,3.0889,3.0889,3.085,3.085,1864.0
2025-08-06T12:03:14,3.0892,3.09,3.0892,3.09,700.0
2025-08-06T12:03:16,3.085,3.085,3.08,3.0801,900.0
2025-08-06T12:03:18,3.08,3.08,3.08,3.08,320.0
2025-08-06T12:03:19,3.0793,3.0793,3.0793,3.0793,778.0
2025-08-06T12:03:20,3.08,3.08,3.08,3.08,203.0
2025-08-06T12:03:21,3.08,3.08,3.08,3.08,220.0
2025-08-06T12:03:22,3.0799,3.08,3.071,3.08,8366.0
2025-08-06T12:03:23,3.075,3.075,3.075,3.075,249.0
2025-08-06T12:03:24,3.0899,3.0899,3.0801,3.0801,631.0
2025-08-06T12:03:25,3.0894,3.0894,3.0894,3.0894,1021.0
2025-08-06T12:03:26,3.0811,3.0811,3.0811,3.0811,225.0
2025-08-06T12:03:28,3.0811,3.0811,3.0811,3.0811,135.0
2025-08-06T12:03:29,3.0868,3.0896,3.0868,3.0896,2120.0
2025-08-06T12:03:34,3.09,3.1,3.09,3.1,1925.0
2025-08-06T12:03:35,3.09,3.09,3.09,3.09,1558.0
2025-08-06T12:03:38,3.1,3.1,3.09,3.09,310.0
2025-08-06T12:03:39,3.095,3.095,3.09,3.09,557.0
2025-08-06T12:03:41,3.1,3.1,3.1,3.1,100.0
2025-08-06T12:03:42,3.0945,3.0945,3.0945,3.0945,311.0
2025-08-06T12:03:44,3.1,3.1,3.1,3.1,5000.0
2025-08-06T12:03:48,3.0901,3.0901,3.0901,3.0901,1087.0
2025-08-06T12:03:49,3.1,3.1,3.1,3.1,100.0
2025-08-06T12:03:50,3.095,3.1,3.091,3.1,9245.0
2025-08-06T12:03:51,3.11,3.11,3.11,3.11,5031.0
2025-08-06T12:03:52,3.12,3.13,3.1199,3.12,4398.0
2025-08-06T12:03:53,3.13,3.13,3.115,3.115,408.0
2025-08-06T12:03:54,3.119,3.119,3.119,3.119,163.0
2025-08-06T12:03:57,3.11,3.1199,3.11,3.1199,1400.0
2025-08-06T12:03:58,3.11,3.11,3.1,3.105,12724.0
2025-08-06T12:03:59,3.1,3.1,3.1,3.1,152.0
2025-08-06T12:04:03,3.11,3.11,3.11,3.11,134.0
2025-08-06T12:04:06,3.11,3.11,3.11,3.11,756.0
2025-08-06T12:04:08,3.115,3.115,3.1,3.1108,5623.0
2025-08-06T12:04:09,3.12,3.12,3.12,3.12,100.0
2025-08-06T12:04:10,3.115,3.115,3.11,3.11,2217.0
2025-08-06T12:04:11,3.115,3.115,3.1,3.1,1375.0
2025-08-06T12:04:12,3.105,3.11,3.105,3.11,583.0
2025-08-06T12:04:13,3.1,3.105,3.1,3.1,3084.0
2025-08-06T12:04:14,3.1,3.1,3.1,3.1,125.0
2025-08-06T12:04:16,3.1097,3.11,3.1097,3.11,300.0
2025-08-06T12:04:17,3.11,3.11,3.11,3.11,428.0
2025-08-06T12:04:19,3.11,3.11,3.11,3.11,299.0
2025-08-06T12:04:21,3.105,3.105,3.081,3.085,14777.0
2025-08-06T12:04:22,3.085,3.1008,3.085,3.1,5672.0
2025-08-06T12:04:23,3.105,3.105,3.1,3.1001,3498.0
2025-08-06T12:04:28,3.1009,3.1009,3.1009,3.1009,284.0
2025-08-06T12:04:30,3.1,3.11,3.1,3.1,1101.0
2025-08-06T12:04:31,3.1,3.1,3.1,3.1,798.0
2025-08-06T12:04:33,3.105,3.105,3.09,3.09,1895.0
2025-08-06T12:04:35,3.09,3.09,3.09,3.09,500.0
2025-08-06T12:04:37,3.095,3.1,3.095,3.1,1669.0
2025-08-06T12:04:38,3.09,3.09,3.09,3.09,141.0
2025-08-06T12:04:39,3.0994,3.0994,3.0994,3.0994,1000.0
2025-08-06T12:04:41,3.09,3.09,3.09,3.09,400.0
2025-08-06T12:04:43,3.095,3.095,3.095,3.095,456.0
2025-08-06T12:04:44,3.09,3.09,3.09,3.09,449.0
2025-08-06T12:04:46,3.095,3.095,3.0911,3.0911,1202.0
2025-08-06T12:04:48,3.09,3.105,3.09,3.105,4864.0
2025-08-06T12:04:49,3.105,3.11,3.1,3.11,400.0
2025-08-06T12:04:50,3.1,3.1,3.1,3.1,800.0
2025-08-06T12:04:52,3.09,3.09,3.09,3.09,210.0
2025-08-06T12:04:53,3.1,3.105,3.08,3.08,12470.0
2025-08-06T12:04:54,3.0897,3.0897,3.085,3.085,2170.0
2025-08-06T12:04:56,3.09,3.09,3.09,3.09,100.0
2025-08-06T12:04:58,3.09,3.09,3.08,3.08,1257.0
2025-08-06T12:04:59,3.088,3.088,3.085,3.085,310.0
2025-08-06T12:05:01,3.0807,3.0807,3.0807,3.0807,565.0
2025-08-06T12:05:02,3.08,3.08,3.08,3.08,5839.0
2025-08-06T12:05:03,3.0854,3.0854,3.08,3.08,299.0
2025-08-06T12:05:04,3.08,3.085,3.08,3.085,4870.0
2025-08-06T12:05:05,3.0899,3.0899,3.0899,3.0899,300.0
2025-08-06T12:05:07,3.0899,3.0899,3.0899,3.0899,100.0
2025-08-06T12:05:08,3.0889,3.09,3.0889,3.09,914.0
2025-08-06T12:05:09,3.095,3.1,3.08,3.08,1884.0
2025-08-06T12:05:11,3.0899,3.09,3.0899,3.09,2903.0
2025-08-06T12:05:13,3.095,3.0999,3.0901,3.0901,2300.0
2025-08-06T12:05:14,3.0911,3.0911,3.0911,3.0911,100.0
2025-08-06T12:05:16,3.0981,3.099,3.0981,3.099,1617.0
2025-08-06T12:05:18,3.1,3.1,3.1,3.1,2200.0
2025-08-06T12:05:19,3.0999,3.1,3.099,3.1,3835.0
2025-08-06T12:05:20,3.0993,3.0993,3.0993,3.0993,975.0
2025-08-06T12:05:23,3.1,3.1,3.1,3.1,1232.0
2025-08-06T12:05:26,3.1,3.1,3.1,3.1,3400.0
2025-08-06T12:05:28,3.0989,3.0989,3.0989,3.0989,101.0
2025-08-06T12:05:29,3.095,3.095,3.095,3.095,172.0
2025-08-06T12:05:30,3.09,3.09,3.09,3.09,884.0
2025-08-06T12:05:33,3.095,3.1,3.09,3.09,4358.0
2025-08-06T12:05:35,3.0893,3.0893,3.088,3.088,587.0
2025-08-06T12:05:36,3.08,3.08,3.08,3.08,451.0
2025-08-06T12:05:37,3.0899,3.0899,3.0899,3.0899,270.0
2025-08-06T12:05:38,3.09,3.09,3.085,3.085,260.0
2025-08-06T12:05:39,3.08,3.0819,3.08,3.08,2350.0
2025-08-06T12:05:40,3.08,3.085,3.08,3.08,1924.0
2025-08-06T12:05:41,3.085,3.085,3.0831,3.0831,2418.0
2025-08-06T12:05:43,3.08,3.08,3.08,3.08,400.0
2025-08-06T12:05:44,3.0811,3.085,3.08,3.08,856.0
2025-08-06T12:05:45,3.08,3.085,3.08,3.08,2868.0
2025-08-06T12:05:46,3.08,3.08,3.071,3.071,2400.0
2025-08-06T12:05:47,3.07,3.07,3.06,3.07,5329.0
2025-08-06T12:05:48,3.0601,3.0601,3.0601,3.0601,1000.0
2025-08-06T12:05:49,3.06,3.06,3.06,3.06,342.0
2025-08-06T12:05:50,3.065,3.07,3.065,3.0663,1312.0
2025-08-06T12:05:51,3.072,3.075,3.07,3.07,1623.0
2025-08-06T12:05:52,3.0799,3.0799,3.07,3.07,2120.0
2025-08-06T12:05:54,3.0707,3.0753,3.07,3.07,1047.0
2025-08-06T12:05:55,3.07,3.08,3.0601,3.0601,601.0
2025-08-06T12:05:56,3.068,3.07,3.0609,3.0609,2401.0
2025-08-06T12:05:57,3.065,3.065,3.06,3.06,1000.0
2025-08-06T12:05:58,3.065,3.065,3.06,3.06,600.0
2025-08-06T12:05:59,3.0699,3.07,3.0653,3.07,1118.0
2025-08-06T12:06:00,3.07,3.0711,3.07,3.0711,391.0
2025-08-06T12:06:01,3.075,3.075,3.07,3.07,868.0
2025-08-06T12:06:02,3.07,3.07,3.06,3.0689,618.0
2025-08-06T12:06:03,3.065,3.065,3.065,3.065,469.0
2025-08-06T12:06:05,3.06,3.07,3.06,3.06,8170.0
2025-08-06T12:06:07,3.0654,3.0654,3.0654,3.0654,501.0
2025-08-06T12:06:09,3.07,3.07,3.07,3.07,439.0
2025-08-06T12:06:11,3.06,3.065,3.06,3.0611,583.0
2025-08-06T12:06:12,3.0689,3.0689,3.0689,3.0689,100.0
2025-08-06T12:06:13,3.07,3.07,3.07,3.07,1304.0
2025-08-06T12:06:14,3.0756,3.0756,3.0756,3.0756,586.0
2025-08-06T12:06:15,3.0789,3.0789,3.0789,3.0789,219.0
2025-08-06T12:06:18,3.0753,3.0753,3.0753,3.0753,5000.0
2025-08-06T12:06:19,3.07,3.07,3.07,3.07,200.0
2025-08-06T12:06:20,3.0704,3.0704,3.0704,3.0704,2000.0
2025-08-06T12:06:22,3.0706,3.0706,3.0706,3.0706,587.0
2025-08-06T12:06:23,3.07,3.08,3.07,3.08,3216.0
2025-08-06T12:06:25,3.0747,3.0747,3.0747,3.0747,100.0
2025-08-06T12:06:26,3.08,3.08,3.08,3.08,459.0
2025-08-06T12:06:28,3.0799,3.08,3.0799,3.08,1624.0
2025-08-06T12:06:29,3.0899,3.0899,3.0899,3.0899,278.0
2025-08-06T12:06:30,3.0891,3.0999,3.087,3.095,7420.0
2025-08-06T12:06:31,3.0907,3.1,3.09,3.0989,5387.0
2025-08-06T12:06:32,3.0904,3.0904,3.09,3.0904,2501.0
2025-08-06T12:06:33,3.09,3.11,3.08,3.105,13844.0
2025-08-06T12:06:34,3.1099,3.11,3.09,3.09,1444.0
2025-08-06T12:06:35,3.095,3.1,3.095,3.095,6786.0
2025-08-06T12:06:36,3.108,3.118,3.105,3.115,6246.0
2025-08-06T12:06:37,3.118,3.1199,3.1108,3.1108,600.0
2025-08-06T12:06:38,3.115,3.1195,3.11,3.115,2928.0
2025-08-06T12:06:39,3.1189,3.13,3.1111,3.13,4772.0
2025-08-06T12:06:40,3.12,3.125,3.12,3.12,701.0
2025-08-06T12:06:41,3.1193,3.12,3.11,3.11,2263.0
2025-08-06T12:06:42,3.115,3.1186,3.115,3.118,1290.0
2025-08-06T12:06:43,3.12,3.12,3.115,3.115,900.0
2025-08-06T12:06:44,3.1184,3.13,3.115,3.13,4335.0
2025-08-06T12:06:45,3.12,3.12,3.1199,3.1199,6025.0
2025-08-06T12:06:46,3.1199,3.1199,3.11,3.111,965.0
2025-08-06T12:06:48,3.1136,3.1136,3.11,3.11,200.0
2025-08-06T12:06:49,3.11,3.1101,3.11,3.11,798.0
2025-08-06T12:06:50,3.1099,3.1099,3.1,3.1095,1439.0
2025-08-06T12:06:51,3.11,3.11,3.11,3.11,110.0
2025-08-06T12:06:55,3.1089,3.1089,3.1089,3.1089,280.0
2025-08-06T12:06:56,3.102,3.105,3.1,3.1,8410.0
2025-08-06T12:06:57,3.1,3.1,3.1,3.1,300.0
2025-08-06T12:06:58,3.09,3.09,3.09,3.09,1737.0
2025-08-06T12:07:00,3.0809,3.0809,3.0809,3.0809,275.0
2025-08-06T12:07:01,3.09,3.09,3.08,3.09,1090.0
2025-08-06T12:07:02,3.0999,3.0999,3.0999,3.0999,3036.0
2025-08-06T12:07:03,3.1,3.1,3.1,3.1,705.0
2025-08-06T12:07:04,3.09,3.09,3.09,3.09,5005.0
2025-08-06T12:07:05,3.09,3.09,3.09,3.09,996.0
2025-08-06T12:07:06,3.0975,3.0975,3.0975,3.0975,224.0
2025-08-06T12:07:08,3.09,3.09,3.09,3.09,100.0
2025-08-06T12:07:09,3.1,3.1,3.0993,3.0993,5710.0
2025-08-06T12:07:10,3.0905,3.0991,3.0905,3.0991,2546.0
2025-08-06T12:07:11,3.095,3.0992,3.095,3.0992,393.0
2025-08-06T12:07:16,3.0989,3.0989,3.0989,3.0989,100.0
2025-08-06T12:07:18,3.0999,3.1,3.0999,3.1,1257.0
2025-08-06T12:07:20,3.09,3.09,3.09,3.09,1847.0
2025-08-06T12:07:21,3.0802,3.0802,3.0802,3.0802,3005.0
2025-08-06T12:07:22,3.08,3.08,3.08,3.08,2147.0
2025-08-06T12:07:24,3.072,3.072,3.072,3.072,100.0
2025-08-06T12:07:28,3.075,3.075,3.075,3.075,126.0
2025-08-06T12:07:30,3.07,3.0701,3.07,3.0701,745.0
2025-08-06T12:07:31,3.0711,3.0711,3.0711,3.0711,236.0
2025-08-06T12:07:32,3.07,3.08,3.06,3.06,8395.0
2025-08-06T12:07:33,3.06,3.07,3.06,3.0608,936.0
2025-08-06T12:07:35,3.061,3.07,3.06,3.06,1760.0
2025-08-06T12:07:36,3.065,3.065,3.065,3.065,530.0
2025-08-06T12:07:37,3.07,3.07,3.07,3.07,1681.0
2025-08-06T12:07:39,3.08,3.08,3.08,3.08,4613.0
2025-08-06T12:07:40,3.08,3.08,3.0754,3.0754,573.0
2025-08-06T12:07:44,3.075,3.075,3.075,3.075,235.0
2025-08-06T12:07:46,3.07,3.08,3.07,3.08,522.0
2025-08-06T12:07:48,3.0799,3.0799,3.0799,3.0799,5001.0
2025-08-06T12:07:53,3.0799,3.0799,3.0799,3.0799,699.0
2025-08-06T12:07:54,3.08,3.08,3.07,3.07,300.0
2025-08-06T12:07:56,3.071,3.071,3.071,3.071,243.0
2025-08-06T12:07:58,3.0793,3.0793,3.0793,3.0793,1064.0
2025-08-06T12:07:59,3.075,3.075,3.0707,3.0707,1801.0
2025-08-06T12:08:00,3.07,3.08,3.0603,3.07,6426.0
2025-08-06T12:08:01,3.06,3.06,3.05,3.05,11644.0
2025-08-06T12:08:03,3.055,3.0599,3.055,3.0599,2108.0
2025-08-06T12:08:04,3.05,3.0551,3.05,3.0511,6524.0
2025-08-06T12:08:05,3.055,3.055,3.0508,3.055,1335.0
2025-08-06T12:08:06,3.05,3.0503,3.05,3.0503,434.0
2025-08-06T12:08:07,3.0501,3.0501,3.0501,3.0501,780.0
2025-08-06T12:08:08,3.0502,3.0502,3.0502,3.0502,3026.0
2025-08-06T12:08:10,3.055,3.055,3.055,3.055,1009.0
2025-08-06T12:08:12,3.055,3.055,3.055,3.055,113.0
2025-08-06T12:08:13,3.06,3.06,3.05,3.05,1503.0
2025-08-06T12:08:14,3.05,3.059,3.05,3.059,528.0
2025-08-06T12:08:15,3.0594,3.0594,3.0594,3.0594,1056.0
2025-08-06T12:08:19,3.0501,3.06,3.05,3.05,4971.0
2025-08-06T12:08:20,3.06,3.06,3.0501,3.0501,697.0
2025-08-06T12:08:21,3.055,3.055,3.055,3.055,300.0
2025-08-06T12:08:22,3.055,3.06,3.055,3.06,1500.0
2025-08-06T12:08:23,3.06,3.06,3.06,3.06,2102.0
2025-08-06T12:08:26,3.0607,3.0607,3.0607,3.0607,766.0
2025-08-06T12:08:29,3.07,3.07,3.0601,3.0601,1510.0
2025-08-06T12:08:30,3.0699,3.07,3.0699,3.07,5250.0
2025-08-06T12:08:31,3.0601,3.0601,3.0601,3.0601,123.0
2025-08-06T12:08:32,3.0693,3.0693,3.0693,3.0693,1000.0
2025-08-06T12:08:33,3.07,3.07,3.07,3.07,1130.0
2025-08-06T12:08:34,3.0692,3.0692,3.0692,3.0692,300.0
2025-08-06T12:08:39,3.06,3.06,3.06,3.06,400.0
2025-08-06T12:08:41,3.0689,3.0689,3.0689,3.0689,122.0
2025-08-06T12:08:46,3.06,3.0612,3.06,3.0612,437.0
2025-08-06T12:08:48,3.0699,3.0699,3.0699,3.0699,150.0
2025-08-06T12:08:50,3.0601,3.0601,3.0601,3.0601,400.0
2025-08-06T12:08:54,3.065,3.07,3.06,3.07,3307.0
2025-08-06T12:08:55,3.0608,3.061,3.0608,3.061,476.0
2025-08-06T12:08:56,3.0699,3.0699,3.0699,3.0699,100.0
2025-08-06T12:08:57,3.06,3.0601,3.06,3.06,3150.0
2025-08-06T12:09:00,3.065,3.065,3.05,3.05,5299.0
2025-08-06T12:09:01,3.05,3.05,3.05,3.05,179.0
2025-08-06T12:09:02,3.055,3.055,3.055,3.055,300.0
2025-08-06T12:09:06,3.055,3.06,3.055,3.06,1239.0
2025-08-06T12:09:07,3.0593,3.06,3.055,3.06,2165.0
2025-08-06T12:09:08,3.055,3.058,3.05,3.058,640.0
2025-08-06T12:09:10,3.0589,3.06,3.0589,3.06,1340.0
2025-08-06T12:09:11,3.06,3.06,3.05,3.05,507.0
2025-08-06T12:09:14,3.0593,3.0593,3.0593,3.0593,1015.0
2025-08-06T12:09:18,3.06,3.06,3.06,3.06,108.0
2025-08-06T12:09:23,3.0511,3.0511,3.0511,3.0511,140.0
2025-08-06T12:09:24,3.0589,3.0589,3.0589,3.0589,201.0
2025-08-06T12:09:25,3.05,3.06,3.04,3.06,10030.0
2025-08-06T12:09:26,3.0389,3.04,3.03,3.04,2123.0
2025-08-06T12:09:27,3.035,3.035,3.02,3.0207,21264.0
2025-08-06T12:09:28,3.0211,3.025,3.0211,3.025,1552.0
2025-08-06T12:09:29,3.025,3.025,3.02,3.025,1993.0
2025-08-06T12:09:30,3.0202,3.028,3.02,3.0211,1104.0
2025-08-06T12:09:31,3.025,3.025,3.025,3.025,273.0
2025-08-06T12:09:32,3.0201,3.0265,3.0201,3.025,1709.0
2025-08-06T12:09:33,3.0293,3.0293,3.02,3.02,1400.0
2025-08-06T12:09:34,3.025,3.025,3.02,3.0202,4323.0
2025-08-06T12:09:35,3.02,3.025,3.02,3.025,690.0
2025-08-06T12:09:36,3.03,3.06,3.03,3.0592,7860.0
2025-08-06T12:09:37,3.05,3.05,3.0407,3.05,2767.0
2025-08-06T12:09:38,3.0401,3.0401,3.0401,3.0401,100.0
2025-08-06T12:09:40,3.0499,3.0499,3.045,3.045,1311.0
2025-08-06T12:09:41,3.04,3.045,3.04,3.045,675.0
2025-08-06T12:09:42,3.045,3.0499,3.045,3.0499,654.0
2025-08-06T12:09:43,3.0401,3.0499,3.0401,3.0499,495.0
2025-08-06T12:09:44,3.045,3.045,3.045,3.045,300.0
2025-08-06T12:09:45,3.045,3.045,3.04,3.04,1135.0
2025-08-06T12:09:46,3.0407,3.0407,3.0407,3.0407,1008.0
2025-08-06T12:09:48,3.04,3.05,3.04,3.05,202.0
2025-08-06T12:09:49,3.045,3.0499,3.04,3.0499,773.0
2025-08-06T12:09:50,3.0489,3.0489,3.04,3.0489,967.0
2025-08-06T12:09:51,3.045,3.05,3.04,3.045,1366.0
2025-08-06T12:09:52,3.0411,3.045,3.0411,3.0435,3001.0
2025-08-06T12:09:53,3.045,3.045,3.045,3.045,217.0
2025-08-06T12:09:54,3.045,3.0499,3.045,3.0499,7002.0
2025-08-06T12:09:55,3.04,3.045,3.04,3.045,999.0
2025-08-06T12:09:56,3.045,3.045,3.035,3.04,5835.0
2025-08-06T12:09:57,3.035,3.035,3.03,3.03,939.0
2025-08-06T12:09:58,3.03,3.03,3.03,3.03,224.0
2025-08-06T12:09:59,3.0307,3.0307,3.0307,3.0307,1023.0
2025-08-06T12:10:00,3.035,3.035,3.035,3.035,421.0
2025-08-06T12:10:02,3.0399,3.0399,3.0399,3.0399,187.0
2025-08-06T12:10:04,3.04,3.04,3.04,3.04,981.0
2025-08-06T12:10:05,3.0307,3.0307,3.0307,3.0307,500.0
2025-08-06T12:10:06,3.037,3.037,3.02,3.0299,4758.0
2025-08-06T12:10:07,3.0299,3.03,3.02,3.03,8356.0
2025-08-06T12:10:08,3.025,3.035,3.025,3.025,3062.0
2025-08-06T12:10:09,3.03,3.03,3.025,3.025,698.0
2025-08-06T12:10:11,3.025,3.0283,3.025,3.0283,2348.0
2025-08-06T12:10:12,3.0249,3.03,3.0205,3.03,5620.0
2025-08-06T12:10:13,3.0299,3.0299,3.0299,3.0299,1007.0
2025-08-06T12:10:14,3.023,3.035,3.023,3.035,663.0
2025-08-06T12:10:15,3.035,3.035,3.03,3.03,752.0
2025-08-06T12:10:16,3.03,3.03,3.02,3.02,1040.0
2025-08-06T12:10:17,3.02,3.02,3.02,3.02,300.0
2025-08-06T12:10:19,3.03,3.0308,3.025,3.025,6601.0
2025-08-06T12:10:20,3.025,3.03,3.02,3.03,2246.0
2025-08-06T12:10:21,3.02,3.02,3.02,3.02,260.0
2025-08-06T12:10:22,3.0291,3.03,3.0291,3.03,574.0
2025-08-06T12:10:23,3.025,3.03,3.02,3.02,2488.0
2025-08-06T12:10:24,3.0206,3.0206,3.0206,3.0206,1174.0
2025-08-06T12:10:25,3.025,3.025,3.0201,3.025,736.0
2025-08-06T12:10:26,3.025,3.03,3.015,3.02,8249.0
2025-08-06T12:10:27,3.021,3.025,3.0,3.01,18543.0
2025-08-06T12:10:28,3.0001,3.0099,2.99,2.99,14719.0
2025-08-06T12:10:29,2.995,3.0,2.99,3.0,6490.0
2025-08-06T12:10:30,3.01,3.01,3.0001,3.0001,2262.0
2025-08-06T12:10:31,3.005,3.01,3.0,3.0099,4442.0
2025-08-06T12:10:32,3.01,3.03,3.01,3.0201,19216.0
2025-08-06T12:10:33,3.02,3.0201,3.01,3.0101,10569.0
2025-08-06T12:10:35,3.0199,3.0199,3.01,3.0101,8640.0
2025-08-06T12:10:36,3.015,3.02,3.015,3.0199,488.0
2025-08-06T12:10:37,3.02,3.02,3.02,3.02,1678.0
2025-08-06T12:10:38,3.0299,3.0299,3.0219,3.0219,600.0
2025-08-06T12:10:39,3.03,3.03,3.02,3.0201,2400.0
2025-08-06T12:10:40,3.025,3.03,3.015,3.015,4380.0
2025-08-06T12:10:41,3.015,3.02,3.015,3.02,800.0
2025-08-06T12:10:42,3.01,3.01,3.01,3.01,403.0
2025-08-06T12:10:43,3.015,3.015,3.0091,3.0091,9260.0
2025-08-06T12:10:44,3.0,3.0093,3.0,3.0093,1380.0
2025-08-06T12:10:45,3.0001,3.01,3.0001,3.005,2295.0
2025-08-06T12:10:46,3.0,3.0,3.0,3.0,313.0
2025-08-06T12:10:47,3.005,3.0102,3.0,3.0102,3407.0
2025-08-06T12:10:48,3.015,3.03,3.015,3.03,713.0
2025-08-06T12:10:49,3.0245,3.0245,3.0245,3.0245,218.0
2025-08-06T12:10:50,3.0211,3.03,3.02,3.0211,1761.0
2025-08-06T12:10:52,3.0291,3.03,3.0291,3.03,1147.0
2025-08-06T12:10:53,3.03,3.03,3.0201,3.0201,447.0
2025-08-06T12:10:54,3.03,3.03,3.03,3.03,151.0
2025-08-06T12:10:55,3.025,3.025,3.025,3.025,1020.0
2025-08-06T12:10:56,3.02,3.03,3.02,3.02,7812.0
2025-08-06T12:10:57,3.025,3.025,3.025,3.025,293.0
2025-08-06T12:10:59,3.0254,3.0254,3.02,3.02,800.0
2025-08-06T12:11:00,3.02,3.02,3.02,3.02,103.0
2025-08-06T12:11:04,3.02,3.0293,3.02,3.0293,1317.0
2025-08-06T12:11:05,3.025,3.025,3.025,3.025,1140.0
2025-08-06T12:11:06,3.02,3.03,3.02,3.03,2694.0
2025-08-06T12:11:07,3.025,3.03,3.025,3.03,4105.0
2025-08-06T12:11:08,3.025,3.0299,3.025,3.0299,790.0
2025-08-06T12:11:11,3.03,3.03,3.03,3.03,1208.0
2025-08-06T12:11:12,3.02,3.025,3.02,3.025,1292.0
2025-08-06T12:11:14,3.03,3.03,3.021,3.021,1300.0
2025-08-06T12:11:15,3.03,3.03,3.0263,3.0263,809.0
2025-08-06T12:11:16,3.0265,3.0265,3.0265,3.0265,100.0
2025-08-06T12:11:17,3.025,3.025,3.0201,3.0201,1893.0
2025-08-06T12:11:18,3.02,3.0296,3.02,3.0296,4271.0
2025-08-06T12:11:20,3.0205,3.0205,3.0205,3.0205,1259.0
2025-08-06T12:11:23,3.0299,3.0299,3.0299,3.0299,101.0
2025-08-06T12:11:24,3.0299,3.0299,3.025,3.025,262.0
2025-08-06T12:11:25,3.028,3.03,3.02,3.02,9934.0
2025-08-06T12:11:26,3.02,3.02,3.02,3.02,6976.0
2025-08-06T12:11:27,3.02,3.02,3.02,3.02,1239.0
2025-08-06T12:11:29,3.02,3.0299,3.01,3.02,3187.0
2025-08-06T12:11:31,3.01,3.0108,3.01,3.0108,1062.0
2025-08-06T12:11:32,3.0101,3.0101,3.0101,3.0101,100.0
2025-08-06T12:11:33,3.01,3.0199,3.01,3.0199,1365.0
2025-08-06T12:11:34,3.01,3.015,3.01,3.015,400.0
2025-08-06T12:11:35,3.0199,3.02,3.01,3.02,3989.0
2025-08-06T12:11:36,3.03,3.03,3.03,3.03,300.0
2025-08-06T12:11:39,3.02,3.02,3.02,3.02,591.0
2025-08-06T12:11:41,3.02,3.025,3.02,3.025,668.0
2025-08-06T12:11:42,3.025,3.025,3.025,3.025,161.0
2025-08-06T12:11:44,3.03,3.03,3.03,3.03,100.0
2025-08-06T12:11:45,3.02,3.02,3.02,3.02,500.0
2025-08-06T12:11:47,3.029,3.029,3.02,3.02,917.0
2025-08-06T12:11:48,3.025,3.0295,3.0211,3.0295,4039.0
2025-08-06T12:11:49,3.03,3.03,3.0201,3.0201,3250.0
2025-08-06T12:11:50,3.03,3.03,3.03,3.03,6936.0
2025-08-06T12:11:51,3.03,3.04,3.02,3.025,2815.0
2025-08-06T12:11:52,3.0247,3.03,3.0247,3.0289,1826.0
2025-08-06T12:11:56,3.025,3.025,3.025,3.025,105.0
2025-08-06T12:11:57,3.0299,3.04,3.02,3.03,4311.0
2025-08-06T12:11:59,3.0393,3.0393,3.0393,3.0393,650.0
2025-08-06T12:12:01,3.03,3.035,3.02,3.02,5209.0
2025-08-06T12:12:02,3.025,3.025,3.025,3.025,125.0
2025-08-06T12:12:03,3.0289,3.0289,3.0289,3.0289,438.0
2025-08-06T12:12:06,3.02,3.02,3.02,3.02,120.0
2025-08-06T12:12:07,3.02,3.025,3.02,3.023,630.0
2025-08-06T12:12:08,3.025,3.025,3.025,3.025,100.0
2025-08-06T12:12:10,3.0299,3.03,3.025,3.0299,2532.0
2025-08-06T12:12:11,3.0389,3.0389,3.0389,3.0389,291.0
2025-08-06T12:12:13,3.0301,3.0301,3.03,3.03,10011.0
2025-08-06T12:12:14,3.038,3.038,3.035,3.035,314.0
2025-08-06T12:12:15,3.03,3.03,3.03,3.03,309.0
2025-08-06T12:12:16,3.0311,3.0311,3.0311,3.0311,223.0
2025-08-06T12:12:20,3.0307,3.0307,3.0307,3.0307,1040.0
2025-08-06T12:12:21,3.04,3.04,3.0301,3.0301,1445.0
2025-08-06T12:12:22,3.0311,3.0311,3.0311,3.0311,328.0
2025-08-06T12:12:23,3.04,3.05,3.04,3.05,1071.0
2025-08-06T12:12:24,3.05,3.05,3.05,3.05,533.0
2025-08-06T12:12:25,3.04,3.04,3.04,3.04,200.0
2025-08-06T12:12:26,3.05,3.05,3.03,3.03,6910.0
2025-08-06T12:12:27,3.03,3.03,3.03,3.03,3492.0
2025-08-06T12:12:29,3.0331,3.0331,3.0331,3.0331,363.0
2025-08-06T12:12:30,3.0396,3.0396,3.0396,3.0396,2000.0
2025-08-06T12:12:31,3.0353,3.04,3.035,3.04,8743.0
2025-08-06T12:12:33,3.0311,3.0311,3.0311,3.0311,2400.0
2025-08-06T12:12:34,3.0307,3.0307,3.03,3.03,1187.0
2025-08-06T12:12:39,3.03,3.03,3.03,3.03,231.0
2025-08-06T12:12:40,3.0306,3.0399,3.03,3.03,2330.0
2025-08-06T12:12:41,3.039,3.0398,3.039,3.0398,294.0
2025-08-06T12:12:42,3.035,3.038,3.03,3.03,728.0
2025-08-06T12:12:44,3.0307,3.04,3.03,3.04,1200.0
2025-08-06T12:12:47,3.031,3.0399,3.03,3.0399,1272.0
2025-08-06T12:12:49,3.0389,3.04,3.0389,3.04,200.0
2025-08-06T12:12:51,3.0345,3.04,3.0345,3.0399,500.0
2025-08-06T12:12:52,3.03,3.03,3.03,3.03,200.0
2025-08-06T12:12:53,3.04,3.04,3.04,3.04,567.0
2025-08-06T12:12:55,3.0397,3.0399,3.0383,3.0383,7125.0
2025-08-06T12:12:57,3.03,3.04,3.025,3.03,8263.0
2025-08-06T12:12:58,3.03,3.03,3.03,3.03,330.0
2025-08-06T12:12:59,3.03,3.03,3.0299,3.0299,1560.0
2025-08-06T12:13:00,3.035,3.035,3.021,3.021,1253.0
2025-08-06T12:13:02,3.025,3.025,3.025,3.025,2009.0
2025-08-06T12:13:03,3.0299,3.0299,3.0299,3.0299,102.0
2025-08-06T12:13:05,3.02,3.0299,3.02,3.0205,2635.0
2025-08-06T12:13:06,3.0295,3.0295,3.0295,3.0295,1500.0
2025-08-06T12:13:07,3.025,3.03,3.025,3.03,1241.0
2025-08-06T12:13:08,3.04,3.04,3.04,3.04,1645.0
2025-08-06T12:13:10,3.03,3.03,3.025,3.025,1834.0
2025-08-06T12:13:11,3.03,3.03,3.025,3.025,665.0
2025-08-06T12:13:13,3.0293,3.03,3.0293,3.03,991.0
2025-08-06T12:13:14,3.0306,3.0306,3.0306,3.0306,1100.0
2025-08-06T12:13:16,3.035,3.035,3.035,3.035,100.0
2025-08-06T12:13:18,3.0399,3.0399,3.0399,3.0399,330.0
2025-08-06T12:13:19,3.0301,3.0301,3.0301,3.0301,5000.0
2025-08-06T12:13:20,3.0304,3.035,3.0304,3.035,3089.0
2025-08-06T12:13:22,3.04,3.04,3.04,3.04,2601.0
2025-08-06T12:13:23,3.0499,3.0499,3.0499,3.0499,121.0
2025-08-06T12:13:25,3.0499,3.05,3.0499,3.05,6958.0
2025-08-06T12:13:26,3.04,3.05,3.04,3.0401,5863.0
2025-08-06T12:13:27,3.041,3.041,3.0407,3.0407,489.0
2025-08-06T12:13:28,3.04,3.04,3.04,3.04,4022.0
2025-08-06T12:13:31,3.05,3.05,3.05,3.05,516.0
2025-08-06T12:13:32,3.0411,3.05,3.04,3.04,1688.0
2025-08-06T12:13:33,3.04,3.04,3.032,3.032,1556.0
2025-08-06T12:13:40,3.0309,3.0309,3.0309,3.0309,282.0
2025-08-06T12:13:41,3.0399,3.0399,3.0399,3.0399,502.0
2025-08-06T12:13:47,3.035,3.035,3.035,3.035,500.0
2025-08-06T12:13:48,3.035,3.035,3.035,3.035,100.0
2025-08-06T12:13:49,3.035,3.05,3.035,3.04,16774.0
2025-08-06T12:13:50,3.04,3.04,3.04,3.04,121.0
2025-08-06T12:13:51,3.035,3.035,3.035,3.035,100.0
2025-08-06T12:13:52,3.0397,3.0397,3.0397,3.0397,1000.0
2025-08-06T12:13:54,3.03,3.04,3.03,3.04,4771.0
2025-08-06T12:13:55,3.0393,3.04,3.0393,3.04,1020.0
2025-08-06T12:13:57,3.04,3.0494,3.035,3.0494,3407.0
2025-08-06T12:13:58,3.05,3.05,3.05,3.05,229.0
2025-08-06T12:13:59,3.05,3.05,3.0499,3.05,1216.0
2025-08-06T12:14:02,3.0499,3.05,3.0499,3.05,6200.0
2025-08-06T12:14:04,3.05,3.05,3.0489,3.05,1573.0
2025-08-06T12:14:06,3.05,3.05,3.0499,3.05,2100.0
2025-08-06T12:14:07,3.05,3.07,3.05,3.07,6508.0
2025-08-06T12:14:08,3.07,3.07,3.0689,3.07,495.0
2025-08-06T12:14:09,3.07,3.08,3.07,3.0789,7484.0
2025-08-06T12:14:10,3.08,3.08,3.07,3.07,1909.0
2025-08-06T12:14:11,3.0695,3.07,3.065,3.065,2536.0
2025-08-06T12:14:14,3.0697,3.07,3.065,3.07,2678.0
2025-08-06T12:14:15,3.0699,3.08,3.0635,3.08,15086.0
2025-08-06T12:14:16,3.08,3.08,3.07,3.07,9409.0
2025-08-06T12:14:17,3.0691,3.07,3.0691,3.07,1206.0
2025-08-06T12:14:18,3.065,3.08,3.065,3.08,7811.0
2025-08-06T12:14:19,3.08,3.09,3.08,3.09,9630.0
2025-08-06T12:14:20,3.09,3.09,3.0809,3.0809,3339.0
2025-08-06T12:14:21,3.0847,3.0865,3.08,3.08,6258.0
2025-08-06T12:14:22,3.0899,3.0899,3.08,3.08,2913.0
2025-08-06T12:14:23,3.09,3.09,3.0806,3.0806,1533.0
2025-08-06T12:14:25,3.082,3.09,3.082,3.0889,3598.0
2025-08-06T12:14:26,3.0811,3.085,3.075,3.085,1289.0
2025-08-06T12:14:27,3.0701,3.0701,3.0701,3.0701,118.0
2025-08-06T12:14:28,3.075,3.075,3.07,3.07,5140.0
2025-08-06T12:14:29,3.0799,3.0799,3.075,3.075,5050.0
2025-08-06T12:14:30,3.07,3.07,3.06,3.06,2967.0
2025-08-06T12:14:31,3.06,3.0696,3.06,3.0696,3025.0
2025-08-06T12:14:32,3.06,3.07,3.06,3.065,612.0
2025-08-06T12:14:33,3.07,3.07,3.0608,3.0608,1833.0
2025-08-06T12:14:35,3.065,3.07,3.065,3.07,1200.0
2025-08-06T12:14:36,3.061,3.061,3.061,3.061,200.0
2025-08-06T12:14:37,3.07,3.07,3.07,3.07,261.0
2025-08-06T12:14:40,3.0699,3.0699,3.065,3.065,315.0
2025-08-06T12:14:44,3.06,3.06,3.05,3.06,6601.0
2025-08-06T12:14:45,3.06,3.06,3.06,3.06,660.0
2025-08-06T12:14:47,3.07,3.07,3.07,3.07,300.0
2025-08-06T12:14:48,3.065,3.065,3.05,3.05,2486.0
2025-08-06T12:14:49,3.06,3.065,3.06,3.065,503.0
2025-08-06T12:14:51,3.0635,3.0635,3.0635,3.0635,114.0
2025-08-06T12:14:55,3.065,3.065,3.065,3.065,1000.0
2025-08-06T12:14:56,3.065,3.0699,3.065,3.0699,2500.0
2025-08-06T12:14:59,3.0658,3.0658,3.0658,3.0658,1000.0
2025-08-06T12:15:00,3.0699,3.0699,3.0699,3.0699,300.0
2025-08-06T12:15:01,3.07,3.075,3.0677,3.0677,1027.0
2025-08-06T12:15:02,3.0793,3.0793,3.075,3.075,1278.0
2025-08-06T12:15:03,3.0799,3.0799,3.075,3.0799,2304.0
2025-08-06T12:15:04,3.0711,3.0799,3.0711,3.0799,1778.0
2025-08-06T12:15:06,3.0799,3.0799,3.0799,3.0799,100.0
2025-08-06T12:15:07,3.07,3.07,3.07,3.07,1050.0
2025-08-06T12:15:08,3.0714,3.08,3.0714,3.0799,433.0
2025-08-06T12:15:11,3.0701,3.0701,3.0701,3.0701,1201.0
2025-08-06T12:15:12,3.0796,3.0796,3.075,3.075,3263.0
2025-08-06T12:15:14,3.075,3.08,3.0745,3.0745,1350.0
2025-08-06T12:15:15,3.075,3.08,3.07,3.07,4347.0
2025-08-06T12:15:16,3.0699,3.0699,3.065,3.065,220.0
2025-08-06T12:15:17,3.07,3.07,3.07,3.07,100.0
2025-08-06T12:15:19,3.06,3.06,3.06,3.06,6829.0
2025-08-06T12:15:20,3.0699,3.0699,3.065,3.065,826.0
2025-08-06T12:15:21,3.06,3.06,3.06,3.06,100.0
2025-08-06T12:15:23,3.06,3.0699,3.06,3.06,1123.0
2025-08-06T12:15:24,3.05,3.06,3.05,3.05,730.0
2025-08-06T12:15:26,3.0593,3.0593,3.0593,3.0593,510.0
2025-08-06T12:15:28,3.06,3.06,3.06,3.06,688.0
2025-08-06T12:15:36,3.0699,3.0699,3.0699,3.0699,1000.0
2025-08-06T12:15:38,3.065,3.0698,3.05,3.05,3552.0
2025-08-06T12:15:39,3.0555,3.0555,3.0555,3.0555,200.0
2025-08-06T12:15:40,3.0589,3.0589,3.0589,3.0589,600.0
2025-08-06T12:15:41,3.0512,3.0512,3.0512,3.0512,130.0
2025-08-06T12:15:44,3.05,3.05,3.05,3.05,608.0
2025-08-06T12:15:45,3.055,3.06,3.055,3.0593,2502.0
2025-08-06T12:15:48,3.06,3.06,3.05,3.05,2745.0
2025-08-06T12:15:49,3.055,3.06,3.055,3.06,600.0
2025-08-06T12:15:52,3.055,3.055,3.055,3.055,620.0
2025-08-06T12:15:55,3.0508,3.0508,3.0508,3.0508,1000.0
2025-08-06T12:15:56,3.06,3.06,3.06,3.06,100.0
2025-08-06T12:15:59,3.055,3.055,3.055,3.055,300.0
2025-08-06T12:16:00,3.06,3.06,3.055,3.055,252.0
2025-08-06T12:16:04,3.0553,3.0553,3.0553,3.0553,160.0
2025-08-06T12:16:06,3.0504,3.0504,3.0504,3.0504,2000.0
2025-08-06T12:16:07,3.0589,3.0589,3.0589,3.0589,100.0
2025-08-06T12:16:10,3.0511,3.0511,3.0511,3.0511,266.0
2025-08-06T12:16:17,3.055,3.055,3.055,3.055,1840.0
2025-08-06T12:16:20,3.0597,3.0597,3.0597,3.0597,500.0
2025-08-06T12:16:22,3.0511,3.0511,3.0511,3.0511,386.0
2025-08-06T12:16:24,3.0501,3.0501,3.0501,3.0501,691.0
2025-08-06T12:16:27,3.06,3.06,3.06,3.06,188.0
2025-08-06T12:16:31,3.05,3.05,3.05,3.05,200.0
2025-08-06T12:16:33,3.0541,3.0541,3.0541,3.0541,130.0
2025-08-06T12:16:35,3.05,3.06,3.04,3.0411,9687.0
2025-08-06T12:16:36,3.045,3.045,3.045,3.045,506.0
2025-08-06T12:16:38,3.0492,3.0492,3.0492,3.0492,400.0
2025-08-06T12:16:39,3.045,3.045,3.045,3.045,2010.0
2025-08-06T12:16:41,3.045,3.045,3.045,3.045,163.0
2025-08-06T12:16:43,3.05,3.05,3.041,3.041,4175.0
2025-08-06T12:16:47,3.045,3.05,3.045,3.05,350.0
2025-08-06T12:16:49,3.04,3.04,3.04,3.04,347.0
2025-08-06T12:16:53,3.05,3.05,3.0499,3.05,939.0
2025-08-06T12:16:56,3.05,3.051,3.0463,3.051,4093.0
2025-08-06T12:16:57,3.0599,3.0599,3.0599,3.0599,501.0
2025-08-06T12:16:58,3.0593,3.0593,3.0593,3.0593,1002.0
2025-08-06T12:17:02,3.05,3.06,3.05,3.06,538.0
2025-08-06T12:17:03,3.0599,3.0599,3.0599,3.0599,150.0
2025-08-06T12:17:04,3.05,3.06,3.05,3.06,600.0
2025-08-06T12:17:05,3.059,3.06,3.05,3.06,1025.0
2025-08-06T12:17:06,3.06,3.06,3.05,3.06,8908.0
2025-08-06T12:17:07,3.07,3.07,3.07,3.07,763.0
2025-08-06T12:17:09,3.07,3.07,3.07,3.07,319.0
2025-08-06T12:17:11,3.0789,3.0789,3.0789,3.0789,450.0
2025-08-06T12:17:17,3.07,3.07,3.07,3.07,663.0
2025-08-06T12:17:18,3.0799,3.0799,3.0799,3.0799,500.0
2025-08-06T12:17:19,3.08,3.08,3.08,3.08,200.0
2025-08-06T12:17:23,3.07,3.08,3.07,3.08,2914.0
2025-08-06T12:17:24,3.08,3.08,3.08,3.08,370.0
2025-08-06T12:17:29,3.08,3.08,3.075,3.078,1735.0
2025-08-06T12:17:30,3.075,3.09,3.075,3.09,6978.0
2025-08-06T12:17:32,3.0845,3.0845,3.0845,3.0845,1001.0
2025-08-06T12:17:34,3.09,3.09,3.07,3.0799,9764.0
2025-08-06T12:17:35,3.07,3.07,3.07,3.07,351.0
2025-08-06T12:17:38,3.07,3.07,3.07,3.07,559.0
2025-08-06T12:17:40,3.0755,3.0755,3.0755,3.0755,100.0
2025-08-06T12:17:44,3.075,3.075,3.075,3.075,200.0
2025-08-06T12:17:47,3.08,3.08,3.08,3.08,100.0
2025-08-06T12:17:48,3.07,3.07,3.07,3.07,1469.0
2025-08-06T12:17:49,3.069,3.075,3.065,3.075,3965.0
2025-08-06T12:17:50,3.0706,3.0706,3.0706,3.0706,1023.0
2025-08-06T12:17:51,3.07,3.07,3.07,3.07,200.0
2025-08-06T12:17:52,3.07,3.07,3.07,3.07,1314.0
2025-08-06T12:17:54,3.07,3.07,3.07,3.07,501.0
2025-08-06T12:17:56,3.065,3.07,3.06,3.06,6679.0
2025-08-06T12:17:57,3.06,3.06,3.06,3.06,2271.0
2025-08-06T12:17:58,3.05,3.05,3.045,3.05,11331.0
2025-08-06T12:18:00,3.0599,3.0599,3.0599,3.0599,120.0
2025-08-06T12:18:03,3.06,3.06,3.06,3.06,1457.0
2025-08-06T12:18:06,3.06,3.06,3.06,3.06,289.0
2025-08-06T12:18:07,3.065,3.0699,3.065,3.0699,540.0
2025-08-06T12:18:08,3.065,3.07,3.065,3.07,4500.0
2025-08-06T12:18:13,3.075,3.08,3.075,3.08,5000.0
2025-08-06T12:18:14,3.0797,3.0798,3.07,3.0798,518.0
2025-08-06T12:18:15,3.0799,3.0799,3.0799,3.0799,250.0
2025-08-06T12:18:16,3.079,3.079,3.075,3.075,1000.0
2025-08-06T12:18:17,3.0707,3.0707,3.0707,3.0707,1000.0
2025-08-06T12:18:18,3.0799,3.08,3.06,3.06,2085.0
2025-08-06T12:18:20,3.0692,3.0692,3.0692,3.0692,300.0
2025-08-06T12:18:23,3.06,3.06,3.06,3.06,400.0
2025-08-06T12:18:25,3.05,3.05,3.05,3.05,1582.0
2025-08-06T12:18:26,3.05,3.05,3.05,3.05,261.0
2025-08-06T12:18:27,3.06,3.065,3.06,3.06,1868.0
2025-08-06T12:18:35,3.061,3.061,3.061,3.061,174.0
2025-08-06T12:18:37,3.06,3.06,3.06,3.06,1228.0
2025-08-06T12:18:41,3.065,3.065,3.06,3.06,807.0
2025-08-06T12:18:42,3.06,3.07,3.06,3.07,1481.0
2025-08-06T12:18:45,3.07,3.07,3.0601,3.0601,1433.0
2025-08-06T12:18:46,3.0645,3.0645,3.06,3.06,5871.0
2025-08-06T12:18:47,3.0699,3.0699,3.0699,3.0699,100.0
2025-08-06T12:18:48,3.07,3.07,3.07,3.07,135.0
2025-08-06T12:18:49,3.06,3.06,3.06,3.06,173.0
2025-08-06T12:18:57,3.0611,3.0611,3.0611,3.0611,500.0
2025-08-06T12:19:03,3.06,3.06,3.06,3.06,161.0
2025-08-06T12:19:06,3.065,3.065,3.065,3.065,552.0
2025-08-06T12:19:09,3.07,3.07,3.065,3.065,1100.0
2025-08-06T12:19:10,3.062,3.062,3.062,3.062,100.0
2025-08-06T12:19:12,3.06,3.06,3.06,3.06,448.0
2025-08-06T12:19:14,3.06,3.06,3.06,3.06,111.0
2025-08-06T12:19:16,3.0601,3.07,3.06,3.07,12429.0
2025-08-06T12:19:17,3.055,3.0598,3.055,3.055,1515.0
2025-08-06T12:19:18,3.06,3.06,3.06,3.06,270.0
2025-08-06T12:19:19,3.0525,3.0525,3.0525,3.0525,200.0
2025-08-06T12:19:21,3.055,3.055,3.055,3.055,200.0
2025-08-06T12:19:22,3.06,3.06,3.06,3.06,251.0
2025-08-06T12:19:24,3.055,3.055,3.055,3.055,3526.0
2025-08-06T12:19:26,3.06,3.06,3.06,3.06,157.0
2025-08-06T12:19:27,3.052,3.052,3.052,3.052,261.0
2025-08-06T12:19:28,3.0509,3.0509,3.0509,3.0509,250.0
2025-08-06T12:19:29,3.055,3.055,3.055,3.055,400.0
2025-08-06T12:19:32,3.051265,3.051265,3.051265,3.051265,260.0
2025-08-06T12:19:34,3.05,3.05,3.05,3.05,600.0
2025-08-06T12:19:35,3.0512,3.0512,3.0512,3.0512,100.0
2025-08-06T12:19:36,3.05,3.05,3.05,3.05,4259.0
2025-08-06T12:19:38,3.0545,3.0545,3.0545,3.0545,172.0
2025-08-06T12:19:40,3.05,3.05,3.05,3.05,368.0
2025-08-06T12:19:41,3.06,3.07,3.06,3.06,2518.0
2025-08-06T12:19:44,3.0507,3.06,3.0507,3.06,2819.0
2025-08-06T12:19:45,3.0555,3.0555,3.0555,3.0555,155.0
2025-08-06T12:19:46,3.0589,3.0589,3.0545,3.0545,520.0
2025-08-06T12:19:47,3.055,3.055,3.055,3.055,306.0
2025-08-06T12:19:49,3.06,3.06,3.06,3.06,110.0
2025-08-06T12:19:51,3.0599,3.0599,3.0599,3.0599,2023.0
2025-08-06T12:19:54,3.0512,3.0512,3.0512,3.0512,105.0
2025-08-06T12:19:58,3.05,3.0599,3.05,3.0599,611.0
2025-08-06T12:20:01,3.055,3.0599,3.055,3.0599,5251.0
2025-08-06T12:20:02,3.0593,3.0593,3.0593,3.0593,500.0
2025-08-06T12:20:03,3.05,3.05,3.05,3.05,2000.0
2025-08-06T12:20:04,3.055,3.06,3.055,3.06,715.0
2025-08-06T12:20:05,3.05,3.05,3.05,3.05,450.0
2025-08-06T12:20:08,3.0542,3.06,3.04,3.06,14036.0
2025-08-06T12:20:09,3.0447,3.0447,3.0447,3.0447,2475.0
2025-08-06T12:20:10,3.0401,3.0401,3.0401,3.0401,1000.0
2025-08-06T12:20:12,3.04,3.0401,3.04,3.0401,3955.0
2025-08-06T12:20:14,3.04,3.04,3.04,3.04,308.0
2025-08-06T12:20:16,3.0405,3.0405,3.0405,3.0405,1525.0
2025-08-06T12:20:17,3.04,3.0401,3.03,3.0301,11751.0
2025-08-06T12:20:18,3.03,3.04,3.03,3.04,1485.0
2025-08-06T12:20:19,3.0318,3.0318,3.0301,3.0301,1687.0
2025-08-06T12:20:20,3.03,3.03,3.03,3.03,3779.0
2025-08-06T12:20:21,3.03,3.03,3.03,3.03,387.0
2025-08-06T12:20:23,3.03,3.03,3.01,3.01,7985.0
2025-08-06T12:20:24,3.02,3.02,3.0101,3.0101,420.0
2025-08-06T12:20:25,3.011,3.011,3.011,3.011,1000.0
2025-08-06T12:20:26,3.01,3.02,3.01,3.0163,3720.0
2025-08-06T12:20:27,3.02,3.02,3.02,3.02,1114.0
2025-08-06T12:20:28,3.02,3.02,3.02,3.02,589.0
2025-08-06T12:20:29,3.018,3.018,3.018,3.018,125.0
2025-08-06T12:20:30,3.015,3.03,3.015,3.03,2969.0
2025-08-06T12:20:32,3.0201,3.0201,3.0201,3.0201,10018.0
2025-08-06T12:20:33,3.02,3.02,3.02,3.02,550.0
2025-08-06T12:20:34,3.025,3.025,3.02,3.02,7218.0
2025-08-06T12:20:36,3.02,3.02,3.02,3.02,752.0
2025-08-06T12:20:37,3.0193,3.0193,3.0193,3.0193,1100.0
2025-08-06T12:20:38,3.017,3.02,3.015,3.02,1415.0
2025-08-06T12:20:39,3.01,3.02,3.01,3.02,1350.0
2025-08-06T12:20:40,3.015,3.015,3.01,3.01,485.0
2025-08-06T12:20:42,3.0198,3.0198,3.0198,3.0198,250.0
2025-08-06T12:20:43,3.0186,3.0199,3.0186,3.0199,3035.0
2025-08-06T12:20:44,3.0145,3.0145,3.0145,3.0145,640.0
2025-08-06T12:20:45,3.0141,3.0141,3.0141,3.0141,5000.0
2025-08-06T12:20:46,3.01,3.01,3.01,3.01,2000.0
2025-08-06T12:20:47,3.02,3.02,3.0199,3.0199,1620.0
2025-08-06T12:20:48,3.0109,3.0109,3.01,3.01,3206.0
2025-08-06T12:20:49,3.01,3.02,3.01,3.01,5488.0
2025-08-06T12:20:50,3.01,3.01,3.01,3.01,19236.0
2025-08-06T12:20:51,3.01,3.01,3.01,3.01,601.0
2025-08-06T12:20:52,3.01,3.01,2.98,2.98,30991.0
2025-08-06T12:20:53,2.99,2.99,2.98,2.98,2542.0
2025-08-06T12:20:54,2.98,2.99,2.97,2.98,22600.0
2025-08-06T12:20:55,2.99,3.0,2.99,3.0,6744.0
2025-08-06T12:20:56,2.995,2.995,2.995,2.995,1039.0
2025-08-06T12:20:57,2.9999,3.0,2.995,2.9999,3768.0
2025-08-06T12:20:58,2.998,2.998,2.998,2.998,1020.0
2025-08-06T12:20:59,2.9965,2.998,2.9899,2.99,12187.0
2025-08-06T12:21:00,2.995,3.0,2.9903,2.9911,2781.0
2025-08-06T12:21:01,2.9903,3.0,2.99,2.99,7132.0
2025-08-06T12:21:03,2.99,2.99,2.985,2.985,3100.0
2025-08-06T12:21:04,2.99,2.99,2.9845,2.9845,363.0
2025-08-06T12:21:05,2.9892,2.9892,2.9853,2.9853,5052.0
2025-08-06T12:21:06,2.9893,2.9893,2.9893,2.9893,533.0
2025-08-06T12:21:07,2.9803,2.99,2.9803,2.985,1192.0
2025-08-06T12:21:09,2.9811,2.985,2.9807,2.9807,1509.0
2025-08-06T12:21:11,2.9811,2.9811,2.9811,2.9811,265.0
2025-08-06T12:21:12,2.985,2.99,2.985,2.99,4777.0
2025-08-06T12:21:13,2.99,2.99,2.99,2.99,1022.0
2025-08-06T12:21:14,3.0,3.0,2.992,2.992,2740.0
2025-08-06T12:21:15,2.9999,2.9999,2.99,2.99,6024.0
2025-08-06T12:21:16,3.0,3.0,2.9911,2.9954,1474.0
2025-08-06T12:21:17,3.0,3.0,2.995,2.995,362.0
2025-08-06T12:21:18,2.99,2.99,2.99,2.99,312.0
2025-08-06T12:21:19,2.995,3.01,2.995,3.005,8875.0
2025-08-06T12:21:20,3.01,3.01,2.995,3.0002,10101.0
2025-08-06T12:21:21,3.0005,3.0099,3.0001,3.0099,11653.0
2025-08-06T12:21:23,3.005,3.005,3.005,3.005,108.0
2025-08-06T12:21:24,3.01,3.01,3.005,3.009,1040.0
2025-08-06T12:21:25,3.0007,3.0007,3.0007,3.0007,700.0
2025-08-06T12:21:27,3.01,3.01,3.005,3.005,1130.0
2025-08-06T12:21:28,3.0,3.0001,3.0,3.0,2115.0
2025-08-06T12:21:29,3.0099,3.01,3.0,3.0011,5070.0
2025-08-06T12:21:30,3.0089,3.0089,3.0089,3.0089,131.0
2025-08-06T12:21:32,3.0011,3.0011,3.0011,3.0011,120.0
2025-08-06T12:21:35,3.0091,3.0091,3.005,3.005,3200.0
2025-08-06T12:21:36,3.0,3.0,3.0,3.0,2572.0
2025-08-06T12:21:37,3.0,3.0,3.0,3.0,266.0
2025-08-06T12:21:39,3.0001,3.0007,3.0,3.0007,1201.0
2025-08-06T12:21:41,3.0,3.0,3.0,3.0,5200.0
2025-08-06T12:21:42,3.0,3.0,3.0,3.0,601.0
2025-08-06T12:21:43,3.0007,3.0007,3.0007,3.0007,902.0
2025-08-06T12:21:44,3.0011,3.0011,3.0011,3.0011,818.0
2025-08-06T12:21:45,3.0002,3.0099,3.0002,3.0011,1327.0
2025-08-06T12:21:47,3.005,3.01,3.005,3.01,4449.0
2025-08-06T12:21:48,3.0061,3.01,3.005,3.01,1850.0
2025-08-06T12:21:49,3.0089,3.0089,3.005,3.005,1170.0
2025-08-06T12:21:50,3.0089,3.0089,3.0089,3.0089,132.0
2025-08-06T12:21:52,3.0008,3.0008,3.0003,3.0003,700.0
2025-08-06T12:21:54,3.0,3.0,3.0,3.0,541.0
2025-08-06T12:21:55,3.01,3.01,3.005,3.01,1535.0
2025-08-06T12:21:56,3.0199,3.0199,3.01,3.01,365.0
2025-08-06T12:21:57,3.015,3.015,3.015,3.015,1005.0
2025-08-06T12:21:59,3.015,3.02,3.015,3.02,1395.0
2025-08-06T12:22:00,3.02,3.02,3.02,3.02,4000.0
2025-08-06T12:22:03,3.0211,3.0211,3.0211,3.0211,100.0
2025-08-06T12:22:05,3.0207,3.0207,3.0207,3.0207,800.0
2025-08-06T12:22:06,3.02,3.02,3.01,3.01,9681.0
2025-08-06T12:22:07,3.02,3.02,3.02,3.02,611.0
2025-08-06T12:22:08,3.01,3.01,3.01,3.01,121.0
2025-08-06T12:22:10,3.01,3.01,3.0,3.0,3111.0
2025-08-06T12:22:11,3.0089,3.0089,3.0089,3.0089,108.0
2025-08-06T12:22:12,3.0,3.0007,3.0,3.0007,4000.0
2025-08-06T12:22:14,3.005,3.005,3.005,3.005,100.0
2025-08-06T12:22:15,3.005,3.01,3.005,3.01,318.0
2025-08-06T12:22:21,3.0008,3.0008,3.0008,3.0008,325.0
2025-08-06T12:22:23,3.001,3.001,3.001,3.001,562.0
2025-08-06T12:22:25,3.005,3.01,3.0,3.0,3350.0
2025-08-06T12:22:26,3.0055,3.0055,3.0055,3.0055,100.0
2025-08-06T12:22:29,3.0,3.0001,3.0,3.0001,1193.0
2025-08-06T12:22:30,3.0011,3.0011,3.0011,3.0011,150.0
2025-08-06T12:22:33,3.0,3.0,3.0,3.0,1000.0
2025-08-06T12:22:35,3.0,3.0,3.0,3.0,103.0
2025-08-06T12:22:36,3.005,3.005,3.005,3.005,610.0
2025-08-06T12:22:38,3.005,3.005,3.0001,3.0001,1361.0
2025-08-06T12:22:39,3.005,3.005,3.0001,3.0001,1669.0
2025-08-06T12:22:42,3.005,3.005,3.005,3.005,175.0
2025-08-06T12:22:46,3.0,3.0,2.99,2.9901,4745.0
2025-08-06T12:22:49,2.9989,2.9989,2.96,2.96,16274.0
2025-08-06T12:22:50,2.962,2.962,2.96,2.9607,1701.0
2025-08-06T12:22:51,2.9604,2.9604,2.9604,2.9604,2100.0
2025-08-06T12:22:52,2.96,2.9693,2.96,2.965,3439.0
2025-08-06T12:22:53,2.96,2.97,2.96,2.97,3138.0
2025-08-06T12:22:54,2.9601,2.9601,2.9601,2.9601,711.0
2025-08-06T12:22:56,2.965,2.97,2.9601,2.9601,1695.0
2025-08-06T12:22:57,2.9699,2.97,2.9699,2.97,4623.0
2025-08-06T12:22:58,2.97,2.973,2.96,2.96,7502.0
2025-08-06T12:22:59,2.97,2.98,2.97,2.9701,2762.0
2025-08-06T12:23:00,2.97,2.9799,2.97,2.9799,2795.0
2025-08-06T12:23:01,2.97,2.97,2.97,2.97,159.0
2025-08-06T12:23:02,2.975,2.975,2.975,2.975,301.0
2025-08-06T12:23:04,2.97,2.9701,2.97,2.97,1450.0
2025-08-06T12:23:05,2.9689,2.9689,2.965,2.965,510.0
2025-08-06T12:23:06,2.965,2.965,2.965,2.965,231.0
2025-08-06T12:23:07,2.9602,2.97,2.9602,2.97,8197.0
2025-08-06T12:23:08,2.9701,2.9702,2.97,2.9702,659.0
2025-08-06T12:23:09,2.9707,2.98,2.9707,2.98,1280.0
2025-08-06T12:23:10,2.9701,2.9701,2.9701,2.9701,400.0
2025-08-06T12:23:11,2.98,2.98,2.98,2.98,792.0
2025-08-06T12:23:12,2.9796,2.98,2.9789,2.98,2452.0
2025-08-06T12:23:13,2.9701,2.9799,2.9701,2.9799,1199.0
2025-08-06T12:23:14,2.97,2.98,2.97,2.98,4104.0
2025-08-06T12:23:15,2.97,2.971,2.96,2.96,16670.0
2025-08-06T12:23:16,2.96,2.9601,2.96,2.9601,6258.0
2025-08-06T12:23:18,2.9699,2.9699,2.9699,2.9699,129.0
2025-08-06T12:23:19,2.962,2.965,2.962,2.965,483.0
2025-08-06T12:23:20,2.9611,2.9611,2.9611,2.9611,202.0
2025-08-06T12:23:21,2.9609,2.9609,2.95,2.95,13286.0
2025-08-06T12:23:22,2.9511,2.9511,2.95,2.9505,5018.0
2025-08-06T12:23:23,2.9507,2.9599,2.95,2.955,7693.0
2025-08-06T12:23:24,2.95,2.9501,2.93,2.93,30128.0
2025-08-06T12:23:25,2.9312,2.95,2.93,2.95,4266.0
2025-08-06T12:23:26,2.95,2.95,2.93,2.9499,6615.0
2025-08-06T12:23:27,2.945,2.95,2.94,2.95,3030.0
2025-08-06T12:23:28,2.94,2.945,2.93,2.93,4891.0
2025-08-06T12:23:29,2.935,2.9499,2.93,2.9499,9897.0
2025-08-06T12:23:30,2.9401,2.945,2.935,2.9399,9371.0
2025-08-06T12:23:31,2.93,2.9389,2.93,2.9389,333.0
2025-08-06T12:23:32,2.93,2.9311,2.93,2.9311,1482.0
2025-08-06T12:23:33,2.93,2.93,2.9203,2.9209,6656.0
2025-08-06T12:23:34,2.925,2.9289,2.925,2.9289,1871.0
2025-08-06T12:23:35,2.92,2.9301,2.915,2.9211,19128.0
2025-08-06T12:23:36,2.9354,2.9354,2.9354,2.9354,511.0
2025-08-06T12:23:37,2.93,2.9389,2.92,2.9389,10783.0
2025-08-06T12:23:38,2.93,2.93,2.93,2.93,1544.0
2025-08-06T12:23:39,2.931,2.94,2.92,2.93,8201.0
2025-08-06T12:23:40,2.9399,2.9399,2.9209,2.93,3500.0
2025-08-06T12:23:41,2.925,2.93,2.92,2.92,4086.0
2025-08-06T12:23:42,2.92,2.9201,2.92,2.9201,525.0
2025-08-06T12:23:43,2.9295,2.93,2.9295,2.93,1600.0
2025-08-06T12:23:44,2.92,2.92,2.92,2.92,401.0
2025-08-06T12:23:45,2.92,2.9291,2.92,2.9291,1866.0
2025-08-06T12:23:46,2.9254,2.94,2.925,2.9311,3980.0
2025-08-06T12:23:47,2.935,2.9399,2.935,2.9399,301.0
2025-08-06T12:23:48,2.935,2.94,2.93,2.931,3579.0
2025-08-06T12:23:49,2.94,2.94,2.9302,2.9399,1626.0
2025-08-06T12:23:50,2.9309,2.9309,2.9301,2.9301,958.0
2025-08-06T12:23:51,2.935,2.935,2.935,2.935,1349.0
2025-08-06T12:23:52,2.935,2.935,2.935,2.935,583.0
2025-08-06T12:23:53,2.9311,2.9311,2.93,2.93,526.0
2025-08-06T12:23:54,2.93,2.94,2.925,2.935,6256.0
2025-08-06T12:23:55,2.9307,2.9307,2.93,2.93,1453.0
2025-08-06T12:23:56,2.935,2.935,2.92,2.925,14537.0
2025-08-06T12:23:58,2.9255,2.9255,2.91,2.92,14493.0
2025-08-06T12:23:59,2.92,2.92,2.9101,2.9101,692.0
2025-08-06T12:24:00,2.9199,2.9199,2.915,2.915,392.0
2025-08-06T12:24:01,2.9101,2.9101,2.9101,2.9101,180.0
2025-08-06T12:24:02,2.915,2.9293,2.915,2.9293,1961.0
2025-08-06T12:24:03,2.92,2.9211,2.92,2.92,930.0
2025-08-06T12:24:04,2.9289,2.94,2.92,2.93,5793.0
2025-08-06T12:24:05,2.92,2.9218,2.92,2.9218,7541.0
2025-08-06T12:24:06,2.925,2.9293,2.925,2.9293,1140.0
2025-08-06T12:24:07,2.928,2.928,2.925,2.925,1000.0
2025-08-06T12:24:08,2.9299,2.9299,2.9201,2.9201,7470.0
2025-08-06T12:24:09,2.9255,2.9255,2.925,2.925,5201.0
2025-08-06T12:24:11,2.9208,2.9208,2.9208,2.9208,369.0
2025-08-06T12:24:12,2.92,2.92,2.92,2.92,261.0
2025-08-06T12:24:13,2.92,2.9201,2.92,2.9201,8562.0
2025-08-06T12:24:14,2.915,2.92,2.915,2.92,1787.0
2025-08-06T12:24:15,2.92,2.92,2.92,2.92,342.0
2025-08-06T12:24:16,2.9155,2.9155,2.911,2.911,2421.0
2025-08-06T12:24:20,2.92,2.94,2.92,2.93,13367.0
2025-08-06T12:24:21,2.9348,2.94,2.9308,2.9311,1512.0
2025-08-06T12:24:22,2.93,2.9302,2.9299,2.9299,2698.0
2025-08-06T12:24:23,2.93,2.93,2.93,2.93,431.0
2025-08-06T12:24:24,2.9393,2.9393,2.9393,2.9393,317.0
2025-08-06T12:24:25,2.935,2.935,2.935,2.935,316.0
2025-08-06T12:24:26,2.93,2.93,2.93,2.93,250.0
2025-08-06T12:24:27,2.9307,2.9394,2.9307,2.9394,2239.0
2025-08-06T12:24:28,2.93,2.93,2.93,2.93,1157.0
2025-08-06T12:24:29,2.92,2.92,2.91,2.9155,3096.0
2025-08-06T12:24:32,2.91,2.915,2.91,2.9109,5627.0
2025-08-06T12:24:33,2.9101,2.9101,2.9101,2.9101,4000.0
2025-08-06T12:24:34,2.92,2.92,2.9111,2.9193,1591.0
2025-08-06T12:24:35,2.92,2.93,2.91,2.92,7889.0
2025-08-06T12:24:36,2.919,2.919,2.919,2.919,827.0
2025-08-06T12:24:38,2.9199,2.9199,2.91,2.91,371.0
2025-08-06T12:24:39,2.915,2.92,2.9,2.92,15459.0
2025-08-06T12:24:40,2.905,2.925,2.905,2.9247,5617.0
2025-08-06T12:24:41,2.9212,2.925,2.92,2.925,1401.0
2025-08-06T12:24:42,2.925,2.925,2.91,2.91,9957.0
2025-08-06T12:24:43,2.9092,2.9095,2.9,2.9,2070.0
2025-08-06T12:24:44,2.9,2.9099,2.9,2.9099,10566.0
2025-08-06T12:24:45,2.9096,2.91,2.905,2.91,2600.0
2025-08-06T12:24:46,2.9091,2.9091,2.9091,2.9091,200.0
2025-08-06T12:24:47,2.905,2.91,2.905,2.9063,1442.0
2025-08-06T12:24:48,2.9007,2.91,2.9,2.9,2901.0
2025-08-06T12:24:49,2.905,2.91,2.905,2.91,3562.0
2025-08-06T12:24:51,2.9,2.91,2.9,2.91,5637.0
2025-08-06T12:24:52,2.92,2.925,2.92,2.92,1098.0
2025-08-06T12:24:53,2.93,2.93,2.9207,2.9211,1101.0
2025-08-06T12:24:54,2.9297,2.93,2.92,2.93,5500.0
2025-08-06T12:24:55,2.9299,2.9299,2.9291,2.9299,2017.0
2025-08-06T12:24:57,2.93,2.93,2.93,2.93,2000.0
2025-08-06T12:24:58,2.9299,2.9299,2.9299,2.9299,1530.0
2025-08-06T12:24:59,2.93,2.93,2.92,2.9211,644.0
2025-08-06T12:25:00,2.92,2.93,2.92,2.9263,7689.0
2025-08-06T12:25:01,2.94,2.94,2.94,2.94,2000.0
2025-08-06T12:25:02,2.9311,2.94,2.9311,2.9355,858.0
2025-08-06T12:25:03,2.935,2.935,2.935,2.935,304.0
2025-08-06T12:25:05,2.93,2.9336,2.93,2.9336,1040.0
2025-08-06T12:25:06,2.93,2.9301,2.93,2.93,4195.0
2025-08-06T12:25:07,2.9399,2.9399,2.9399,2.9399,1000.0
2025-08-06T12:25:08,2.9311,2.9311,2.9311,2.9311,222.0
2025-08-06T12:25:09,2.9311,2.9399,2.9311,2.9399,304.0
2025-08-06T12:25:10,2.94,2.94,2.93,2.9389,862.0
2025-08-06T12:25:11,2.935,2.935,2.935,2.935,200.0
2025-08-06T12:25:12,2.94,2.94,2.93,2.93,552.0
2025-08-06T12:25:15,2.9345,2.9345,2.93,2.93,460.0
2025-08-06T12:25:16,2.9393,2.9399,2.9393,2.9399,4114.0
2025-08-06T12:25:18,2.933,2.933,2.933,2.933,162.0
2025-08-06T12:25:19,2.9301,2.9393,2.9301,2.9393,2781.0
2025-08-06T12:25:23,2.9399,2.9399,2.9399,2.9399,220.0
2025-08-06T12:25:25,2.9346,2.935,2.9346,2.935,2000.0
2025-08-06T12:25:27,2.94,2.94,2.94,2.94,290.0
2025-08-06T12:25:28,2.94,2.96,2.9399,2.95,11659.0
2025-08-06T12:25:29,2.955,2.9595,2.95,2.9595,2834.0
2025-08-06T12:25:30,2.9499,2.95,2.9499,2.95,1101.0
2025-08-06T12:25:31,2.96,2.96,2.9589,2.9589,300.0
2025-08-06T12:25:32,2.9599,2.9599,2.9599,2.9599,150.0
2025-08-06T12:25:33,2.959,2.96,2.95,2.95,2312.0
2025-08-06T12:25:34,2.95,2.9599,2.95,2.9599,2020.0
2025-08-06T12:25:35,2.9589,2.9589,2.9589,2.9589,180.0
2025-08-06T12:25:36,2.95,2.9501,2.95,2.9501,1449.0
2025-08-06T12:25:37,2.9489,2.9489,2.9489,2.9489,197.0
2025-08-06T12:25:38,2.94,2.95,2.94,2.94,10662.0
2025-08-06T12:25:41,2.9359,2.9397,2.9359,2.9397,3200.0
2025-08-06T12:25:43,2.948,2.9499,2.948,2.9499,1250.0
2025-08-06T12:25:45,2.9411,2.9411,2.9411,2.9411,100.0
2025-08-06T12:25:48,2.9456,2.9456,2.9456,2.9456,734.0
2025-08-06T12:25:51,2.945,2.945,2.945,2.945,207.0
2025-08-06T12:25:55,2.9411,2.945,2.9411,2.945,211.0
2025-08-06T12:25:56,2.94,2.94,2.94,2.94,400.0
2025-08-06T12:26:00,2.9493,2.9493,2.9493,2.9493,1000.0
2025-08-06T12:26:01,2.95,2.95,2.95,2.95,223.0
2025-08-06T12:26:02,2.9401,2.945,2.9401,2.945,4136.0
2025-08-06T12:26:07,2.9493,2.9493,2.9493,2.9493,800.0
2025-08-06T12:26:08,2.945,2.945,2.9411,2.9411,304.0
2025-08-06T12:26:09,2.948,2.95,2.94,2.94,6230.0
2025-08-06T12:26:11,2.94,2.94,2.94,2.94,955.0
2025-08-06T12:26:13,2.95,2.95,2.95,2.95,590.0
2025-08-06T12:26:14,2.95,2.95,2.95,2.95,100.0
2025-08-06T12:26:15,2.9472,2.95,2.9472,2.95,480.0
2025-08-06T12:26:17,2.95,2.95,2.945,2.945,401.0
2025-08-06T12:26:18,2.9455,2.9489,2.94,2.94,700.0
2025-08-06T12:26:21,2.9446,2.95,2.94,2.9411,1066.0
2025-08-06T12:26:22,2.94,2.94,2.93,2.93,10327.0
2025-08-06T12:26:26,2.9299,2.9299,2.9299,2.9299,4000.0
2025-08-06T12:26:27,2.93,2.93,2.93,2.93,100.0
2025-08-06T12:26:29,2.93,2.93,2.93,2.93,200.0
2025-08-06T12:26:30,2.93,2.93,2.93,2.93,2333.0
2025-08-06T12:26:35,2.9209,2.9209,2.9209,2.9209,284.0
2025-08-06T12:26:36,2.93,2.93,2.93,2.93,855.0
2025-08-06T12:26:37,2.9311,2.9311,2.9311,2.9311,100.0
2025-08-06T12:26:40,2.935,2.935,2.9301,2.9301,255.0
2025-08-06T12:26:41,2.93,2.94,2.92,2.92,1190.0
2025-08-06T12:26:42,2.9299,2.9299,2.9211,2.9211,669.0
2025-08-06T12:26:47,2.9299,2.9299,2.9289,2.9289,200.0
2025-08-06T12:26:50,2.92,2.924,2.92,2.924,1000.0
2025-08-06T12:26:52,2.93,2.935,2.925,2.93,1916.0
2025-08-06T12:26:53,2.925,2.925,2.925,2.925,3500.0
2025-08-06T12:26:59,2.93,2.93,2.93,2.93,1401.0
2025-08-06T12:27:00,2.9296,2.9296,2.9207,2.9207,1969.0
2025-08-06T12:27:04,2.925,2.93,2.92,2.92,5726.0
2025-08-06T12:27:09,2.9201,2.9201,2.9201,2.9201,1010.0
2025-08-06T12:27:15,2.93,2.93,2.9211,2.9211,313.0
2025-08-06T12:27:17,2.9299,2.9299,2.9299,2.9299,4503.0
2025-08-06T12:27:18,2.93,2.93,2.9245,2.9245,510.0
2025-08-06T12:27:19,2.925,2.925,2.925,2.925,276.0
2025-08-06T12:27:20,2.93,2.93,2.93,2.93,317.0
2025-08-06T12:27:23,2.925,2.925,2.925,2.925,1230.0
2025-08-06T12:27:24,2.9211,2.9211,2.9211,2.9211,100.0
2025-08-06T12:27:27,2.9254,2.9254,2.9254,2.9254,205.0
2025-08-06T12:27:28,2.925,2.93,2.925,2.93,200.0
2025-08-06T12:27:30,2.9212,2.9212,2.9212,2.9212,100.0
2025-08-06T12:27:31,2.93,2.9311,2.93,2.9311,2563.0
2025-08-06T12:27:33,2.935,2.935,2.935,2.935,300.0
2025-08-06T12:27:36,2.94,2.94,2.94,2.94,657.0
2025-08-06T12:27:37,2.945,2.945,2.945,2.945,469.0
2025-08-06T12:27:38,2.945,2.945,2.945,2.945,210.0
2025-08-06T12:27:43,2.9411,2.9411,2.9411,2.9411,201.0
2025-08-06T12:27:47,2.9498,2.9498,2.9498,2.9498,2500.0
2025-08-06T12:27:49,2.9401,2.9401,2.9401,2.9401,413.0
2025-08-06T12:27:53,2.94,2.95,2.93,2.9392,2439.0
2025-08-06T12:27:54,2.9301,2.9301,2.9301,2.9301,4500.0
2025-08-06T12:27:56,2.93,2.93,2.93,2.93,174.0
2025-08-06T12:27:58,2.9396,2.9396,2.9396,2.9396,3020.0
2025-08-06T12:28:00,2.93,2.935,2.93,2.93,1009.0
2025-08-06T12:28:02,2.9299,2.9299,2.9299,2.9299,420.0
2025-08-06T12:28:03,2.9217,2.9217,2.9217,2.9217,200.0
2025-08-06T12:28:07,2.9201,2.9201,2.9201,2.9201,482.0
2025-08-06T12:28:08,2.925,2.925,2.925,2.925,2000.0
2025-08-06T12:28:09,2.93,2.93,2.93,2.93,100.0
2025-08-06T12:28:10,2.9218,2.9218,2.92,2.92,476.0
2025-08-06T12:28:12,2.92,2.92,2.92,2.92,3000.0
2025-08-06T12:28:15,2.9252,2.9252,2.9252,2.9252,581.0
2025-08-06T12:28:19,2.9247,2.9247,2.9247,2.9247,101.0
2025-08-06T12:28:21,2.9201,2.9201,2.9201,2.9201,1000.0
2025-08-06T12:28:22,2.925,2.925,2.925,2.925,1170.0
2025-08-06T12:28:23,2.9201,2.9201,2.9201,2.9201,250.0
2025-08-06T12:28:25,2.92,2.92,2.92,2.92,2137.0
2025-08-06T12:28:26,2.9204,2.9204,2.9204,2.9204,3109.0
2025-08-06T12:28:27,2.92,2.92,2.92,2.92,4082.0
2025-08-06T12:28:30,2.9245,2.9245,2.9245,2.9245,100.0
2025-08-06T12:28:31,2.93,2.93,2.92,2.93,500.0
2025-08-06T12:28:32,2.925,2.925,2.925,2.925,4500.0
2025-08-06T12:28:33,2.929,2.929,2.929,2.929,822.0
2025-08-06T12:28:36,2.925,2.925,2.925,2.925,500.0
2025-08-06T12:28:39,2.9289,2.9289,2.9289,2.9289,102.0
2025-08-06T12:28:41,2.9211,2.9245,2.9211,2.9245,1105.0
2025-08-06T12:28:44,2.925,2.925,2.925,2.925,500.0
2025-08-06T12:28:45,2.93,2.93,2.93,2.93,200.0
2025-08-06T12:28:46,2.9211,2.9211,2.9211,2.9211,192.0
2025-08-06T12:28:47,2.9203,2.9203,2.9203,2.9203,415.0
2025-08-06T12:28:48,2.9297,2.9297,2.9297,2.9297,300.0
2025-08-06T12:28:49,2.9297,2.9297,2.9297,2.9297,200.0
2025-08-06T12:28:56,2.9211,2.9211,2.9201,2.9201,254.0
2025-08-06T12:28:57,2.93,2.93,2.93,2.93,210.0
2025-08-06T12:28:58,2.9299,2.9299,2.9299,2.9299,300.0
2025-08-06T12:29:01,2.9211,2.9299,2.9211,2.9254,2500.0
2025-08-06T12:29:08,2.9297,2.9297,2.9297,2.9297,321.0
2025-08-06T12:29:10,2.92,2.92,2.92,2.92,141.0
2025-08-06T12:29:11,2.9296,2.9296,2.9296,2.9296,5144.0
2025-08-06T12:29:13,2.925,2.925,2.925,2.925,551.0
2025-08-06T12:29:14,2.9296,2.9296,2.9296,2.9296,3009.0
2025-08-06T12:29:17,2.925,2.925,2.925,2.925,4539.0
2025-08-06T12:29:18,2.9299,2.9299,2.9299,2.9299,864.0
2025-08-06T12:29:19,2.9208,2.9208,2.9208,2.9208,315.0
2025-08-06T12:29:21,2.93,2.93,2.93,2.93,11730.0
2025-08-06T12:29:23,2.935,2.935,2.935,2.935,301.0
2025-08-06T12:29:24,2.93,2.93,2.93,2.93,220.0
2025-08-06T12:29:25,2.93,2.94,2.92,2.93,12063.0
2025-08-06T12:29:26,2.93,2.94,2.93,2.9301,6112.0
2025-08-06T12:29:28,2.9353,2.9353,2.9353,2.9353,100.0
2025-08-06T12:29:35,2.94,2.94,2.94,2.94,252.0
2025-08-06T12:29:36,2.94,2.94,2.93,2.93,13219.0
2025-08-06T12:29:40,2.9397,2.9397,2.9397,2.9397,403.0
2025-08-06T12:29:44,2.935,2.935,2.935,2.935,182.0
2025-08-06T12:29:47,2.931,2.931,2.931,2.931,244.0
2025-08-06T12:29:48,2.94,2.94,2.94,2.94,120.0
2025-08-06T12:29:51,2.932,2.935,2.932,2.9345,5445.0
2025-08-06T12:29:52,2.9393,2.9393,2.9393,2.9393,590.0
2025-08-06T12:29:54,2.9311,2.9311,2.9311,2.9311,290.0
2025-08-06T12:29:55,2.9301,2.94,2.92,2.92,5201.0
2025-08-06T12:29:56,2.9299,2.9299,2.9299,2.9299,425.0
2025-08-06T12:29:57,2.9201,2.93,2.9201,2.93,3030.0
2025-08-06T12:29:58,2.93,2.93,2.93,2.93,322.0
2025-08-06T12:30:00,2.9308,2.9308,2.9308,2.9308,301.0
2025-08-06T12:30:03,2.93,2.93,2.93,2.93,205.0
2025-08-06T12:30:04,2.93,2.9398,2.92,2.9398,3550.0
2025-08-06T12:30:05,2.94,2.94,2.9349,2.94,8315.0
2025-08-06T12:30:06,2.9411,2.9411,2.9411,2.9411,109.0
2025-08-06T12:30:07,2.945,2.945,2.945,2.945,122.0
2025-08-06T12:30:12,2.9499,2.9499,2.945,2.945,897.0
2025-08-06T12:30:13,2.95,2.95,2.9405,2.9405,2188.0
2025-08-06T12:30:17,2.9481,2.9481,2.9481,2.9481,110.0
2025-08-06T12:30:19,2.942679,2.942679,2.942679,2.942679,4079.0
2025-08-06T12:30:21,2.94,2.95,2.94,2.94,2357.0
2025-08-06T12:30:25,2.94,2.95,2.94,2.95,3992.0
2025-08-06T12:30:29,2.94,2.94,2.94,2.94,2813.0
2025-08-06T12:30:31,2.9392,2.9392,2.9392,2.9392,433.0
2025-08-06T12:30:32,2.9393,2.9393,2.9393,2.9393,1052.0
2025-08-06T12:30:36,2.9393,2.9393,2.9393,2.9393,690.0
2025-08-06T12:30:37,2.93,2.93,2.9253,2.9253,9515.0
2025-08-06T12:30:38,2.93,2.94,2.93,2.935,1100.0
2025-08-06T12:30:41,2.9308,2.9345,2.9308,2.9345,482.0
2025-08-06T12:30:42,2.94,2.94,2.94,2.94,688.0
2025-08-06T12:30:50,2.94,2.94,2.94,2.94,1000.0
2025-08-06T12:30:51,2.9311,2.9311,2.9311,2.9311,100.0
2025-08-06T12:30:52,2.9391,2.94,2.937,2.9398,850.0
2025-08-06T12:31:01,2.94,2.94,2.94,2.94,745.0
2025-08-06T12:31:04,2.9311,2.9396,2.9311,2.9396,4600.0
2025-08-06T12:31:11,2.93,2.93,2.93,2.93,341.0
2025-08-06T12:31:14,2.9301,2.9301,2.9301,2.9301,4500.0
2025-08-06T12:31:22,2.94,2.94,2.94,2.94,100.0
2025-08-06T12:31:23,2.93,2.93,2.93,2.93,430.0
2025-08-06T12:31:29,2.9345,2.9345,2.9345,2.9345,145.0
2025-08-06T12:31:30,2.94,2.95,2.94,2.95,7212.0
2025-08-06T12:31:32,2.945,2.945,2.945,2.945,500.0
2025-08-06T12:31:37,2.94,2.94,2.94,2.94,1610.0
2025-08-06T12:31:40,2.945,2.945,2.94,2.94,326.0
2025-08-06T12:31:42,2.941,2.941,2.941,2.941,100.0
2025-08-06T12:31:47,2.9499,2.9499,2.9499,2.9499,100.0
2025-08-06T12:31:49,2.945,2.945,2.9411,2.9411,239.0
2025-08-06T12:31:51,2.95,2.95,2.95,2.95,500.0
2025-08-06T12:31:54,2.945,2.945,2.945,2.945,150.0
2025-08-06T12:31:56,2.9486,2.9486,2.9486,2.9486,700.0
2025-08-06T12:31:58,2.95,2.98,2.95,2.975,19092.0
2025-08-06T12:31:59,2.975,2.98,2.9702,2.9702,4623.0
2025-08-06T12:32:02,2.97,2.98,2.96,2.96,3922.0
2025-08-06T12:32:03,2.9691,2.9691,2.965,2.965,1715.0
2025-08-06T12:32:09,2.965,2.965,2.965,2.965,3000.0
2025-08-06T12:32:10,2.96,2.96,2.95,2.95,1916.0
2025-08-06T12:32:16,2.94,2.94,2.93,2.93,4970.0
2025-08-06T12:32:17,2.9392,2.9399,2.9392,2.9399,792.0
2025-08-06T12:32:19,2.931,2.931,2.931,2.931,364.0
2025-08-06T12:32:22,2.9391,2.9391,2.9391,2.9391,200.0
2025-08-06T12:32:36,2.931,2.931,2.931,2.931,620.0
2025-08-06T12:32:37,2.93,2.93,2.93,2.93,600.0
2025-08-06T12:32:38,2.93,2.93,2.93,2.93,550.0
2025-08-06T12:32:39,2.93,2.93,2.92,2.92,2695.0
2025-08-06T12:32:43,2.92,2.92,2.92,2.92,601.0
2025-08-06T12:32:44,2.9299,2.9299,2.9299,2.9299,555.0
2025-08-06T12:32:47,2.925,2.925,2.925,2.925,503.0
2025-08-06T12:32:48,2.92,2.92,2.92,2.92,137.0
2025-08-06T12:32:50,2.925,2.925,2.925,2.925,1000.0
2025-08-06T12:32:53,2.93,2.93,2.93,2.93,390.0
2025-08-06T12:32:59,2.92,2.92,2.92,2.92,1000.0
2025-08-06T12:33:01,2.922,2.922,2.92,2.92,6670.0
2025-08-06T12:33:02,2.9145,2.9145,2.9145,2.9145,100.0
2025-08-06T12:33:08,2.92,2.92,2.911,2.911,1827.0
2025-08-06T12:33:09,2.915,2.92,2.915,2.92,600.0
2025-08-06T12:33:10,2.91,2.915,2.91,2.915,3231.0
2025-08-06T12:33:12,2.915,2.915,2.915,2.915,200.0
2025-08-06T12:33:15,2.915,2.9211,2.915,2.9211,5522.0
2025-08-06T12:33:16,2.925,2.925,2.92,2.92,9521.0
2025-08-06T12:33:21,2.92,2.93,2.92,2.92,3374.0
2025-08-06T12:33:22,2.92,2.92,2.92,2.92,200.0
2025-08-06T12:33:25,2.9247,2.9247,2.9247,2.9247,5002.0
2025-08-06T12:33:26,2.925,2.925,2.925,2.925,200.0
2025-08-06T12:33:28,2.925,2.93,2.925,2.93,758.0
2025-08-06T12:33:29,2.92,2.92,2.92,2.92,245.0
2025-08-06T12:33:34,2.9289,2.9289,2.9289,2.9289,100.0
2025-08-06T12:33:35,2.9201,2.9299,2.9201,2.9299,6510.0
2025-08-06T12:33:38,2.9209,2.9209,2.9209,2.9209,200.0
2025-08-06T12:33:42,2.925,2.93,2.925,2.93,255.0
2025-08-06T12:33:44,2.9298,2.9298,2.9298,2.9298,1240.0
2025-08-06T12:33:48,2.93,2.93,2.93,2.93,572.0
2025-08-06T12:33:50,2.92,2.92,2.92,2.92,400.0
2025-08-06T12:33:52,2.93,2.93,2.93,2.93,828.0
2025-08-06T12:34:00,2.925,2.925,2.925,2.925,110.0
2025-08-06T12:34:01,2.9298,2.9298,2.927,2.927,2103.0
2025-08-06T12:34:04,2.9208,2.9208,2.9208,2.9208,325.0
2025-08-06T12:34:10,2.93,2.93,2.93,2.93,500.0
2025-08-06T12:34:14,2.93,2.93,2.93,2.93,5000.0
2025-08-06T12:34:18,2.93,2.93,2.93,2.93,3549.0
2025-08-06T12:34:19,2.93,2.94,2.93,2.94,300.0
2025-08-06T12:34:20,2.9309,2.9309,2.9309,2.9309,231.0
2025-08-06T12:34:24,2.93,2.93,2.93,2.93,185.0
2025-08-06T12:34:29,2.93,2.93,2.93,2.93,110.0
2025-08-06T12:34:32,2.93,2.94,2.93,2.94,1411.0
2025-08-06T12:34:35,2.9255,2.9255,2.9255,2.9255,350.0
2025-08-06T12:34:40,2.92,2.92,2.92,2.92,5000.0
2025-08-06T12:34:45,2.92,2.92,2.92,2.92,522.0
2025-08-06T12:34:46,2.92,2.92,2.92,2.92,3190.0
2025-08-06T12:34:51,2.91,2.91,2.91,2.91,500.0
2025-08-06T12:34:53,2.9196,2.9196,2.9196,2.9196,2060.0
2025-08-06T12:34:56,2.9111,2.9111,2.9111,2.9111,100.0
2025-08-06T12:35:04,2.9109,2.9109,2.9109,2.9109,202.0
2025-08-06T12:35:05,2.9198,2.9198,2.9198,2.9198,301.0
2025-08-06T12:35:09,2.92,2.93,2.92,2.93,4548.0
2025-08-06T12:35:11,2.919,2.919,2.919,2.919,820.0
2025-08-06T12:35:13,2.915,2.915,2.915,2.915,100.0
2025-08-06T12:35:14,2.9104,2.9104,2.9104,2.9104,5000.0
2025-08-06T12:35:19,2.92,2.92,2.92,2.92,187.0
2025-08-06T12:35:20,2.9101,2.9101,2.9101,2.9101,207.0
2025-08-06T12:35:25,2.9108,2.91732,2.9108,2.91732,4400.0
2025-08-06T12:35:27,2.915,2.915,2.91,2.91,550.0
2025-08-06T12:35:32,2.92,2.92,2.91,2.91,4118.0
2025-08-06T12:35:33,2.91,2.92,2.91,2.91,12280.0
2025-08-06T12:35:34,2.9199,2.9199,2.9199,2.9199,400.0
2025-08-06T12:35:38,2.91,2.91,2.9,2.901,4053.0
2025-08-06T12:35:40,2.91,2.91,2.91,2.91,330.0
2025-08-06T12:35:41,2.905,2.91,2.905,2.91,300.0
2025-08-06T12:35:42,2.9008,2.9008,2.9008,2.9008,400.0
2025-08-06T12:35:45,2.905,2.905,2.905,2.905,100.0
2025-08-06T12:35:46,2.9004,2.9004,2.9004,2.9004,2730.0
2025-08-06T12:35:47,2.9,2.9099,2.9,2.9099,736.0
2025-08-06T12:35:48,2.905,2.905,2.905,2.905,435.0
2025-08-06T12:35:49,2.91,2.91,2.91,2.91,100.0
2025-08-06T12:35:51,2.9055,2.9055,2.9055,2.9055,100.0
2025-08-06T12:35:53,2.9016,2.91,2.9016,2.91,1313.0
2025-08-06T12:35:55,2.901,2.901,2.9005,2.9005,1750.0
2025-08-06T12:35:56,2.9,2.9,2.9,2.9,566.0
2025-08-06T12:35:58,2.9,2.91,2.9,2.91,1687.0
2025-08-06T12:36:01,2.905,2.905,2.9,2.9,1000.0
2025-08-06T12:36:02,2.905,2.905,2.9,2.905,1443.0
2025-08-06T12:36:05,2.901,2.901,2.901,2.901,199.0
2025-08-06T12:36:06,2.9,2.9,2.9,2.9,2063.0
2025-08-06T12:36:07,2.9,2.91,2.9,2.905,3245.0
2025-08-06T12:36:08,2.9,2.9099,2.9,2.9099,5219.0
2025-08-06T12:36:09,2.91,2.9289,2.91,2.9289,1622.0
2025-08-06T12:36:12,2.9299,2.9299,2.9299,2.9299,500.0
2025-08-06T12:36:13,2.9299,2.93,2.9299,2.93,2287.0
2025-08-06T12:36:15,2.92,2.92,2.92,2.92,100.0
2025-08-06T12:36:16,2.92,2.93,2.91,2.93,1300.0
2025-08-06T12:36:17,2.92,2.93,2.92,2.93,3796.0
2025-08-06T12:36:18,2.9201,2.9201,2.9201,2.9201,665.0
2025-08-06T12:36:22,2.9211,2.9211,2.9211,2.9211,191.0
2025-08-06T12:36:23,2.9211,2.9211,2.9211,2.9211,120.0
2025-08-06T12:36:27,2.9209,2.9209,2.9209,2.9209,200.0
2025-08-06T12:36:31,2.9299,2.9299,2.9299,2.9299,150.0
2025-08-06T12:36:32,2.92,2.93,2.92,2.93,4382.0
2025-08-06T12:36:36,2.94,2.94,2.9345,2.9345,1319.0
2025-08-06T12:36:39,2.93,2.931,2.93,2.931,370.0
2025-08-06T12:36:40,2.94,2.94,2.94,2.94,171.0
2025-08-06T12:36:45,2.935,2.935,2.935,2.935,220.0
2025-08-06T12:36:47,2.93,2.94,2.93,2.94,1270.0
2025-08-06T12:36:50,2.9301,2.9301,2.9301,2.9301,4500.0
2025-08-06T12:36:53,2.93,2.93,2.93,2.93,1047.0
2025-08-06T12:36:55,2.92,2.92,2.92,2.92,200.0
2025-08-06T12:37:05,2.929,2.93,2.929,2.93,1115.0
2025-08-06T12:37:06,2.9398,2.9398,2.93,2.93,1185.0
2025-08-06T12:37:07,2.925,2.93,2.925,2.93,1718.0
2025-08-06T12:37:14,2.93,2.9302,2.92,2.92,5429.0
2025-08-06T12:37:22,2.92,2.92,2.92,2.92,553.0
2025-08-06T12:37:25,2.9145,2.9145,2.91,2.91,601.0
2025-08-06T12:37:26,2.91,2.91,2.91,2.91,200.0
2025-08-06T12:37:27,2.91,2.92,2.91,2.92,201.0
2025-08-06T12:37:35,2.91,2.91,2.91,2.91,100.0
2025-08-06T12:37:36,2.9191,2.9191,2.9191,2.9191,206.0
2025-08-06T12:37:40,2.91,2.93,2.91,2.925,5540.0
2025-08-06T12:37:47,2.925,2.925,2.9245,2.9245,431.0
2025-08-06T12:37:50,2.92,2.9299,2.92,2.9299,304.0
2025-08-06T12:37:51,2.93,2.93,2.93,2.93,103.0
2025-08-06T12:37:53,2.9245,2.9245,2.9245,2.9245,450.0
2025-08-06T12:38:00,2.925,2.925,2.925,2.925,615.0
2025-08-06T12:38:08,2.9245,2.9245,2.9245,2.9245,910.0
2025-08-06T12:38:12,2.9289,2.9289,2.9289,2.9289,100.0
2025-08-06T12:38:15,2.9201,2.9201,2.9201,2.9201,1350.0
2025-08-06T12:38:20,2.9246,2.925,2.9246,2.925,1750.0
2025-08-06T12:38:24,2.92,2.92,2.92,2.92,1005.0
2025-08-06T12:38:28,2.925,2.925,2.925,2.925,707.0
2025-08-06T12:38:36,2.925,2.925,2.925,2.925,2000.0
2025-08-06T12:38:39,2.9299,2.9299,2.9299,2.9299,401.0
2025-08-06T12:38:46,2.9201,2.9201,2.9201,2.9201,1944.0
2025-08-06T12:38:52,2.9211,2.9211,2.9211,2.9211,160.0
2025-08-06T12:38:56,2.9203,2.9203,2.9203,2.9203,317.0
2025-08-06T12:39:06,2.93,2.93,2.9211,2.9211,543.0
2025-08-06T12:39:08,2.9231,2.9231,2.9231,2.9231,262.0
2025-08-06T12:39:11,2.93,2.93,2.93,2.93,282.0
2025-08-06T12:39:12,2.93,2.93,2.93,2.93,282.0
2025-08-06T12:39:19,2.9201,2.9201,2.9201,2.9201,270.0
2025-08-06T12:39:36,2.925,2.93,2.925,2.925,550.0
2025-08-06T12:39:38,2.9299,2.9299,2.9299,2.9299,600.0
2025-08-06T12:39:44,2.93,2.93,2.93,2.93,508.0
2025-08-06T12:39:46,2.9293,2.9293,2.9293,2.9293,500.0
2025-08-06T12:39:50,2.93,2.93,2.93,2.93,100.0
2025-08-06T12:39:59,2.9289,2.9289,2.9289,2.9289,300.0
2025-08-06T12:40:05,2.9201,2.9201,2.9201,2.9201,205.0
2025-08-06T12:40:10,2.925,2.925,2.925,2.925,190.0
2025-08-06T12:40:11,2.93,2.93,2.93,2.93,101.0
2025-08-06T12:40:19,2.9207,2.9207,2.9207,2.9207,700.0
2025-08-06T12:40:21,2.925,2.925,2.925,2.925,223.0
2025-08-06T12:40:26,2.93,2.93,2.93,2.93,7884.0
2025-08-06T12:40:27,2.9399,2.9399,2.9399,2.9399,4500.0
2025-08-06T12:40:28,2.935,2.935,2.935,2.935,232.0
2025-08-06T12:40:29,2.93,2.93,2.93,2.93,219.0
2025-08-06T12:40:33,2.9311,2.9311,2.9311,2.9311,189.0
2025-08-06T12:40:44,2.9301,2.9301,2.9301,2.9301,1615.0
2025-08-06T12:40:48,2.935,2.935,2.935,2.935,207.0
2025-08-06T12:40:55,2.9301,2.9301,2.9301,2.9301,1000.0
2025-08-06T12:40:57,2.9399,2.9399,2.9399,2.9399,5000.0
2025-08-06T12:41:04,2.93,2.93,2.93,2.93,200.0
2025-08-06T12:41:05,2.935,2.935,2.935,2.935,4500.0
2025-08-06T12:41:10,2.94,2.94,2.94,2.94,237.0
2025-08-06T12:41:11,2.94,2.95,2.93,2.94,14294.0
2025-08-06T12:41:12,2.947634,2.949427,2.947634,2.949427,7000.0
2025-08-06T12:41:14,2.94,2.94,2.94,2.94,200.0
2025-08-06T12:41:16,2.9389,2.9389,2.9389,2.9389,525.0
2025-08-06T12:41:18,2.9399,2.9399,2.9399,2.9399,300.0
2025-08-06T12:41:20,2.935,2.935,2.935,2.935,1000.0
2025-08-06T12:41:21,2.9301,2.9389,2.9301,2.9389,206.0
2025-08-06T12:41:22,2.9345,2.9345,2.9345,2.9345,2000.0
2025-08-06T12:41:25,2.9311,2.9311,2.9311,2.9311,100.0
2025-08-06T12:41:28,2.935,2.94,2.935,2.94,5098.0
2025-08-06T12:41:29,2.95,2.95,2.95,2.95,2003.0
2025-08-06T12:41:32,2.945,2.945,2.945,2.945,2000.0
2025-08-06T12:41:35,2.9499,2.95,2.9499,2.95,6541.0
2025-08-06T12:41:36,2.95,2.95,2.95,2.95,2034.0
2025-08-06T12:41:37,2.9496,2.9499,2.9496,2.9499,5000.0
2025-08-06T12:41:38,2.95,2.96,2.95,2.9589,2312.0
2025-08-06T12:41:39,2.959,2.97,2.959,2.97,5000.0
2025-08-06T12:41:40,2.96,2.97,2.96,2.97,411.0
2025-08-06T12:41:41,2.965,2.97,2.965,2.97,3296.0
2025-08-06T12:41:42,2.969,2.97,2.969,2.97,3330.0
2025-08-06T12:41:44,2.97,2.98,2.9699,2.98,9924.0
2025-08-06T12:41:45,2.98,2.98,2.9799,2.9799,3050.0
2025-08-06T12:41:46,2.9704,2.975,2.96,2.96,15524.0
2025-08-06T12:41:47,2.96,2.96,2.96,2.96,3427.0
2025-08-06T12:41:52,2.955,2.96,2.955,2.96,1879.0
2025-08-06T12:41:54,2.965,2.99,2.965,2.9854,13147.0
2025-08-06T12:41:55,2.985,2.99,2.97,2.99,9429.0
2025-08-06T12:41:58,2.9745,2.9745,2.9745,2.9745,110.0
2025-08-06T12:41:59,2.98,2.98,2.9702,2.9702,6504.0
2025-08-06T12:42:00,2.975,2.975,2.97,2.97,1200.0
2025-08-06T12:42:02,2.97,2.975,2.96,2.96,9867.0
2025-08-06T12:42:05,2.9654,2.9654,2.9654,2.9654,335.0
2025-08-06T12:42:08,2.97,2.97,2.97,2.97,956.0
2025-08-06T12:42:10,2.975,2.98,2.975,2.98,2317.0
2025-08-06T12:42:11,2.9801,2.9801,2.9801,2.9801,4036.0
2025-08-06T12:42:13,2.98,2.98,2.9799,2.9799,1352.0
2025-08-06T12:42:15,2.9755,2.9799,2.9755,2.9789,9370.0
2025-08-06T12:42:16,2.975,2.98,2.975,2.98,1681.0
2025-08-06T12:42:17,2.99,2.99,2.99,2.99,144.0
2025-08-06T12:42:18,2.9899,2.9899,2.9899,2.9899,154.0
2025-08-06T12:42:19,2.98,2.98,2.98,2.98,110.0
2025-08-06T12:42:20,2.9804,2.9804,2.98,2.98,5002.0
2025-08-06T12:42:21,2.98,2.98,2.98,2.98,126.0
2025-08-06T12:42:22,2.9789,2.9789,2.9789,2.9789,110.0
2025-08-06T12:42:23,2.9704,2.9704,2.9704,2.9704,3000.0
2025-08-06T12:42:26,2.9711,2.99,2.9711,2.99,4167.0
2025-08-06T12:42:27,2.99,2.99,2.98,2.98,4798.0
2025-08-06T12:42:29,2.9855,2.9855,2.9855,2.9855,1322.0
2025-08-06T12:42:30,2.98,2.985,2.98,2.985,2935.0
2025-08-06T12:42:32,2.9899,2.99,2.9897,2.9897,8483.0
2025-08-06T12:42:35,2.9897,2.9899,2.9897,2.9899,6201.0
2025-08-06T12:42:36,2.99,2.99,2.99,2.99,286.0
2025-08-06T12:42:37,2.9804,2.9804,2.9804,2.9804,6000.0
2025-08-06T12:42:38,2.9889,2.9889,2.9889,2.9889,100.0
2025-08-06T12:42:39,2.98,2.9801,2.98,2.98,1757.0
2025-08-06T12:42:40,2.99,2.99,2.99,2.99,615.0
2025-08-06T12:42:41,2.9837,2.9837,2.98,2.98,600.0
2025-08-06T12:42:43,2.985,2.985,2.98,2.98,1700.0
2025-08-06T12:42:44,2.985,2.985,2.98,2.983,2060.0
2025-08-06T12:42:45,2.985,2.99,2.985,2.99,308.0
2025-08-06T12:42:47,2.99,2.99,2.99,2.99,1021.0
2025-08-06T12:42:49,2.985,2.985,2.98,2.98,2020.0
2025-08-06T12:42:51,2.9801,2.9801,2.9798,2.9798,10423.0
2025-08-06T12:42:52,2.975,2.98,2.9697,2.9697,3774.0
2025-08-06T12:42:56,2.9693,2.9697,2.9673,2.9673,2120.0
2025-08-06T12:42:57,2.97,2.9798,2.97,2.9798,3344.0
2025-08-06T12:42:58,2.9749,2.9749,2.9749,2.9749,5000.0
2025-08-06T12:42:59,2.9747,2.98,2.9747,2.98,10916.0
2025-08-06T12:43:01,2.98,2.98,2.9793,2.9793,1300.0
2025-08-06T12:43:03,2.97,2.97,2.97,2.97,700.0
2025-08-06T12:43:04,2.975,2.975,2.975,2.975,495.0
2025-08-06T12:43:07,2.9709,2.98,2.9709,2.98,2949.0
2025-08-06T12:43:09,2.9899,2.99,2.9855,2.9855,1467.0
2025-08-06T12:43:14,2.99,3.0,2.99,2.99,13459.0
2025-08-06T12:43:15,2.9999,2.9999,2.9999,2.9999,114.0
2025-08-06T12:43:17,3.0,3.0,3.0,3.0,229.0
2025-08-06T12:43:18,2.99,3.005,2.99,3.005,8029.0
2025-08-06T12:43:19,3.01,3.03,3.0,3.0,26375.0
2025-08-06T12:43:21,3.01,3.01,3.0,3.0,3872.0
2025-08-06T12:43:23,3.0045,3.01,3.0,3.01,5683.0
2025-08-06T12:43:24,3.015,3.02,3.015,3.0199,1766.0
2025-08-06T12:43:25,3.02,3.02,3.02,3.02,766.0
2025-08-06T12:43:27,3.0104,3.0104,3.0104,3.0104,2374.0
2025-08-06T12:43:28,3.0111,3.0111,3.0111,3.0111,170.0
2025-08-06T12:43:29,3.0175,3.0199,3.0175,3.0199,3100.0
2025-08-06T12:43:30,3.02,3.02,3.015,3.015,1400.0
2025-08-06T12:43:33,3.010052,3.010052,3.010052,3.010052,5000.0
2025-08-06T12:43:34,3.0101,3.0101,3.01,3.0101,439.0
2025-08-06T12:43:35,3.0199,3.0199,3.0199,3.0199,400.0
2025-08-06T12:43:36,3.0196,3.02,3.0196,3.02,3228.0
2025-08-06T12:43:37,3.015,3.02,3.015,3.02,4221.0
2025-08-06T12:43:38,3.0211,3.0211,3.0211,3.0211,944.0
2025-08-06T12:43:39,3.025,3.03,3.025,3.03,333.0
2025-08-06T12:43:40,3.0283,3.0283,3.0283,3.0283,200.0
2025-08-06T12:43:41,3.02,3.02,3.01,3.0145,5177.0
2025-08-06T12:43:42,3.0189,3.0189,3.0189,3.0189,260.0
2025-08-06T12:43:43,3.015,3.015,2.99,2.9901,11130.0
2025-08-06T12:43:44,2.9997,2.9997,2.9997,2.9997,2050.0
2025-08-06T12:43:45,3.0,3.0,2.9901,2.9901,2998.0
2025-08-06T12:43:46,2.9945,2.9945,2.9945,2.9945,2500.0
2025-08-06T12:43:47,2.9999,2.9999,2.9999,2.9999,3000.0
2025-08-06T12:43:48,2.998,2.998,2.998,2.998,250.0
2025-08-06T12:43:50,2.995,3.0,2.995,3.0,1531.0
2025-08-06T12:43:51,3.0,3.0,2.995,3.0,3143.0
2025-08-06T12:43:52,3.0,3.0,3.0,3.0,1700.0
2025-08-06T12:43:53,2.995,2.995,2.995,2.995,1000.0
2025-08-06T12:43:54,2.9989,3.0,2.9989,3.0,5114.0
2025-08-06T12:43:56,3.0,3.0,3.0,3.0,703.0
2025-08-06T12:44:01,3.005,3.005,3.0002,3.0002,1020.0
2025-08-06T12:44:02,3.005,3.005,3.005,3.005,1253.0
2025-08-06T12:44:07,3.0,3.0,3.0,3.0,2435.0
2025-08-06T12:44:09,3.0,3.0,3.0,3.0,380.0
2025-08-06T12:44:15,2.99,3.0,2.98,2.99,9849.0
2025-08-06T12:44:16,2.9899,2.9899,2.9889,2.9889,300.0
2025-08-06T12:44:18,2.988,2.988,2.988,2.988,2000.0
2025-08-06T12:44:21,2.9899,2.9899,2.9899,2.9899,100.0
2025-08-06T12:44:22,2.99,2.99,2.985,2.9889,300.0
2025-08-06T12:44:27,2.9899,2.9899,2.9899,2.9899,100.0
2025-08-06T12:44:30,2.99,2.99,2.985,2.985,1300.0
2025-08-06T12:44:40,2.98,2.98,2.98,2.98,1250.0
2025-08-06T12:44:42,2.985,2.985,2.985,2.985,2725.0
2025-08-06T12:44:43,2.98,2.98,2.98,2.98,125.0
2025-08-06T12:44:44,2.98,2.99,2.965,2.975,24039.0
2025-08-06T12:44:45,2.98,2.98,2.97,2.97,2800.0
2025-08-06T12:44:47,2.9754,2.9754,2.9754,2.9754,175.0
2025-08-06T12:44:48,2.975,2.975,2.9701,2.9701,230.0
2025-08-06T12:44:50,2.975,2.9799,2.975,2.9755,7066.0
2025-08-06T12:44:51,2.975,2.975,2.975,2.975,502.0
2025-08-06T12:44:55,2.9793,2.9793,2.9793,2.9793,500.0
2025-08-06T12:44:56,2.98,2.98,2.98,2.98,3981.0
2025-08-06T12:44:59,2.9894,2.9894,2.9894,2.9894,1000.0
2025-08-06T12:45:00,2.98,2.98,2.98,2.98,1000.0
2025-08-06T12:45:03,2.99,2.9941,2.99,2.9941,939.0
2025-08-06T12:45:04,2.9945,2.9945,2.9945,2.9945,1800.0
2025-08-06T12:45:06,2.995,3.0,2.995,3.0,272.0
2025-08-06T12:45:08,2.99,2.995,2.99,2.995,380.0
2025-08-06T12:45:14,3.0,3.0,3.0,3.0,400.0
2025-08-06T12:45:15,2.995,2.995,2.995,2.995,601.0
2025-08-06T12:45:17,2.9989,2.9989,2.9989,2.9989,100.0
2025-08-06T12:45:20,3.0,3.02,3.0,3.02,4736.0
2025-08-06T12:45:21,3.01,3.01,3.01,3.01,500.0
2025-08-06T12:45:22,3.005,3.005,3.005,3.005,3000.0
2025-08-06T12:45:24,3.0093,3.01,3.005,3.01,1530.0
2025-08-06T12:45:25,3.01,3.01,3.01,3.01,458.0
2025-08-06T12:45:27,3.015,3.02,3.01,3.02,11407.0
2025-08-06T12:45:29,3.0,3.0,2.99,2.99,9808.0
2025-08-06T12:45:30,2.9991,2.9991,2.9991,2.9991,200.0
2025-08-06T12:45:34,2.9991,2.9991,2.9991,2.9991,250.0
2025-08-06T12:45:37,3.0,3.0,3.0,3.0,300.0
2025-08-06T12:45:41,3.0,3.0,3.0,3.0,3358.0
2025-08-06T12:45:42,2.9955,2.9991,2.9955,2.9991,300.0
2025-08-06T12:45:43,3.0,3.0,3.0,3.0,1796.0
2025-08-06T12:45:47,2.9989,2.9989,2.9989,2.9989,120.0
2025-08-06T12:45:49,3.0,3.0,3.0,3.0,1140.0
2025-08-06T12:45:54,2.9955,2.9955,2.9955,2.9955,100.0
2025-08-06T12:45:55,2.99,2.9901,2.98,2.98,5907.0
2025-08-06T12:45:59,2.985,2.985,2.985,2.985,384.0
2025-08-06T12:46:03,2.989,2.989,2.989,2.989,721.0
2025-08-06T12:46:06,2.9893,2.9893,2.9893,2.9893,1000.0
2025-08-06T12:46:16,2.9893,2.9893,2.9893,2.9893,528.0
2025-08-06T12:46:18,2.9808,2.9808,2.9808,2.9808,428.0
2025-08-06T12:46:28,2.9889,2.9889,2.9889,2.9889,401.0
2025-08-06T12:46:30,2.985,2.985,2.985,2.985,1010.0
2025-08-06T12:46:31,2.985,2.985,2.985,2.985,600.0
2025-08-06T12:46:41,2.9807,2.9807,2.9807,2.9807,501.0
2025-08-06T12:46:49,2.985,2.985,2.985,2.985,160.0
2025-08-06T12:46:50,2.98,2.99,2.98,2.99,1194.0
2025-08-06T12:46:58,2.97,2.975,2.97,2.975,7046.0
2025-08-06T12:47:00,2.97,2.97,2.97,2.97,1355.0
2025-08-06T12:47:04,2.97,2.975,2.97,2.975,1444.0
2025-08-06T12:47:05,2.9796,2.9796,2.9796,2.9796,5041.0
2025-08-06T12:47:06,2.9711,2.98,2.96,2.975,14112.0
2025-08-06T12:47:08,2.981,2.981,2.981,2.981,3000.0
2025-08-06T12:47:10,2.98,2.98,2.97,2.98,9265.0
2025-08-06T12:47:11,2.9701,2.9701,2.9701,2.9701,401.0
2025-08-06T12:47:12,2.98,2.98,2.98,2.98,500.0
2025-08-06T12:47:19,2.97,2.97,2.97,2.97,200.0
2025-08-06T12:47:20,2.973,2.975,2.97,2.975,5010.0
2025-08-06T12:47:22,2.9793,2.9793,2.9793,2.9793,500.0
2025-08-06T12:47:26,2.99,2.99,2.99,2.99,1144.0
2025-08-06T12:47:29,2.9846,2.9846,2.9817,2.9817,1100.0
2025-08-06T12:47:30,2.985,2.985,2.985,2.985,250.0
2025-08-06T12:47:36,2.985,2.99,2.985,2.99,1704.0
2025-08-06T12:47:37,2.99,2.99,2.99,2.99,100.0
2025-08-06T12:47:41,2.985,2.985,2.985,2.985,400.0
2025-08-06T12:47:43,2.99,2.99,2.99,2.99,1100.0
2025-08-06T12:47:44,2.985,2.985,2.985,2.985,303.0
2025-08-06T12:47:49,2.9808,2.9808,2.9808,2.9808,370.0
2025-08-06T12:47:51,2.9845,2.9845,2.9845,2.9845,200.0
2025-08-06T12:47:53,2.9809,2.9809,2.9809,2.9809,200.0
2025-08-06T12:47:55,2.99,3.0,2.99,2.995,4399.0
2025-08-06T12:47:56,2.99,3.0,2.99,3.0,1314.0
2025-08-06T12:47:57,3.0,3.0,2.9989,2.9989,1207.0
2025-08-06T12:47:58,2.999,2.999,2.999,2.999,100.0
2025-08-06T12:47:59,2.99,3.0,2.99,2.995,2565.0
2025-08-06T12:48:01,3.0,3.0,2.9999,2.9999,3110.0
2025-08-06T12:48:02,2.9911,2.9911,2.9911,2.9911,100.0
2025-08-06T12:48:03,2.995,2.995,2.995,2.995,3000.0
2025-08-06T12:48:05,3.0,3.0,3.0,3.0,860.0
2025-08-06T12:48:09,3.005,3.005,3.005,3.005,4068.0
2025-08-06T12:48:10,3.0045,3.0045,3.0045,3.0045,100.0
2025-08-06T12:48:11,3.0,3.01,2.9901,3.01,3702.0
2025-08-06T12:48:12,2.9947,2.9947,2.9947,2.9947,5000.0
2025-08-06T12:48:13,2.995,2.995,2.995,2.995,200.0
2025-08-06T12:48:15,2.9989,2.9989,2.9989,2.9989,168.0
2025-08-06T12:48:16,2.995,3.0,2.995,3.0,15038.0
2025-08-06T12:48:19,3.0,3.0,3.0,3.0,294.0
2025-08-06T12:48:21,3.0099,3.0099,3.005,3.005,1290.0
2025-08-06T12:48:22,3.0089,3.0089,3.0089,3.0089,363.0
2025-08-06T12:48:24,3.0011,3.0011,3.0011,3.0011,133.0
2025-08-06T12:48:25,3.0098,3.0098,3.0098,3.0098,610.0
2025-08-06T12:48:26,3.0,3.0,3.0,3.0,1827.0
2025-08-06T12:48:27,3.0,3.01,3.0,3.0099,1957.0
2025-08-06T12:48:29,3.01,3.01,3.01,3.01,4058.0
2025-08-06T12:48:33,3.015,3.015,3.015,3.015,108.0
2025-08-06T12:48:35,3.015,3.02,3.0,3.02,2165.0
2025-08-06T12:48:36,2.9996,2.9996,2.9996,2.9996,2510.0
2025-08-06T12:48:38,3.0,3.0,2.9907,2.9907,5603.0
2025-08-06T12:48:44,2.9992,2.9992,2.995,2.995,1500.0
2025-08-06T12:48:47,2.99,2.99,2.99,2.99,243.0
2025-08-06T12:48:51,3.0,3.01,3.0,3.0,7532.0
2025-08-06T12:48:52,2.999,2.999,2.999,2.999,100.0
2025-08-06T12:49:02,3.0,3.0,3.0,3.0,173.0
2025-08-06T12:49:03,2.99,2.99,2.99,2.99,210.0
2025-08-06T12:49:15,2.9911,2.9911,2.9911,2.9911,111.0
2025-08-06T12:49:21,2.995,2.995,2.995,2.995,200.0
2025-08-06T12:49:23,2.998,2.998,2.995,2.995,500.0
2025-08-06T12:49:24,2.9945,2.9945,2.9945,2.9945,3000.0
2025-08-06T12:49:26,2.9999,2.9999,2.9999,2.9999,208.0
2025-08-06T12:49:29,2.9997,2.9997,2.9997,2.9997,103.0
2025-08-06T12:49:31,2.9904,2.9904,2.9904,2.9904,2500.0
2025-08-06T12:49:33,2.9911,2.9911,2.9911,2.9911,300.0
2025-08-06T12:49:34,2.9991,2.9991,2.9991,2.9991,200.0
2025-08-06T12:49:39,2.9991,2.9991,2.9991,2.9991,221.0
2025-08-06T12:49:44,3.0,3.0,3.0,3.0,5856.0
2025-08-06T12:49:52,3.0092,3.0092,3.0092,3.0092,285.0
2025-08-06T12:49:54,3.0002,3.01,3.0,3.0,4892.0
2025-08-06T12:49:55,2.9989,2.9989,2.9989,2.9989,247.0
2025-08-06T12:49:56,3.0,3.0,3.0,3.0,12584.0
2025-08-06T12:50:02,3.0,3.005,3.0,3.005,246.0
2025-08-06T12:50:04,3.01,3.01,3.01,3.01,1413.0
2025-08-06T12:50:05,3.0111,3.0111,3.0111,3.0111,100.0
2025-08-06T12:50:09,3.02,3.025,3.02,3.02,16584.0
2025-08-06T12:50:11,3.0198,3.0198,3.0198,3.0198,285.0
2025-08-06T12:50:13,3.0109,3.0109,3.0109,3.0109,200.0
2025-08-06T12:50:16,3.01,3.02,3.0,3.01,13370.0
2025-08-06T12:50:18,3.01,3.01,3.0096,3.0096,3692.0
2025-08-06T12:50:22,3.0099,3.0099,3.0099,3.0099,3000.0
2025-08-06T12:50:28,3.01,3.01,3.01,3.01,719.0
2025-08-06T12:50:30,3.01,3.01,3.0077,3.0077,531.0
2025-08-06T12:50:32,3.0099,3.01,3.0099,3.01,5684.0
2025-08-06T12:50:36,3.01,3.01,3.01,3.01,1210.0
2025-08-06T12:50:41,3.01,3.01,3.01,3.01,588.0
2025-08-06T12:50:46,3.01,3.02,3.01,3.02,2662.0
2025-08-06T12:50:47,3.005,3.01,3.005,3.01,1200.0
2025-08-06T12:50:55,3.01,3.01,3.005,3.01,4524.0
2025-08-06T12:50:59,3.015,3.015,3.01,3.0101,955.0
2025-08-06T12:51:00,3.0101,3.02,3.0101,3.02,2589.0
2025-08-06T12:51:01,3.018,3.02,3.018,3.02,941.0
2025-08-06T12:51:02,3.02,3.02,3.02,3.02,796.0
2025-08-06T12:51:04,3.0196,3.0196,3.01,3.01,2691.0
2025-08-06T12:51:05,3.015,3.015,3.015,3.015,100.0
2025-08-06T12:51:06,3.02,3.02,3.02,3.02,100.0
2025-08-06T12:51:07,3.02,3.02,3.02,3.02,801.0
2025-08-06T12:51:08,3.0199,3.02,3.0199,3.02,4745.0
2025-08-06T12:51:09,3.02,3.05,3.02,3.05,9420.0
2025-08-06T12:51:10,3.045,3.06,3.045,3.06,4738.0
2025-08-06T12:51:11,3.05,3.0509,3.05,3.0509,2176.0
2025-08-06T12:51:12,3.055,3.06,3.055,3.0599,939.0
2025-08-06T12:51:13,3.06,3.06,3.055,3.0555,5816.0
2025-08-06T12:51:14,3.0509,3.06,3.0409,3.0493,4457.0
2025-08-06T12:51:15,3.04,3.0499,3.04,3.0499,928.0
2025-08-06T12:51:17,3.05,3.05,3.05,3.05,3657.0
2025-08-06T12:51:18,3.05,3.05,3.04,3.04,1660.0
2025-08-06T12:51:19,3.04,3.04,3.04,3.04,5000.0
2025-08-06T12:51:20,3.04,3.04,3.04,3.04,100.0
2025-08-06T12:51:22,3.04,3.0411,3.04,3.0411,450.0
2025-08-06T12:51:23,3.04,3.05,3.04,3.05,6884.0
2025-08-06T12:51:26,3.045,3.045,3.045,3.045,196.0
2025-08-06T12:51:31,3.04,3.05,3.04,3.05,373.0
2025-08-06T12:51:32,3.0492,3.0492,3.0492,3.0492,406.0
2025-08-06T12:51:33,3.05,3.05,3.04,3.0492,2538.0
2025-08-06T12:51:34,3.045,3.045,3.045,3.045,100.0
2025-08-06T12:51:35,3.0409,3.049,3.04,3.04,2551.0
2025-08-06T12:51:36,3.033,3.033,3.03,3.03,4750.0
2025-08-06T12:51:37,3.035,3.035,3.035,3.035,100.0
2025-08-06T12:51:38,3.03,3.03,3.03,3.03,1900.0
2025-08-06T12:51:39,3.0354,3.04,3.0354,3.04,370.0
2025-08-06T12:51:40,3.03,3.03,3.03,3.03,196.0
2025-08-06T12:51:41,3.0396,3.04,3.0396,3.04,2245.0
2025-08-06T12:51:42,3.0391,3.0391,3.0391,3.0391,200.0
2025-08-06T12:51:44,3.03,3.03,3.03,3.03,300.0
2025-08-06T12:51:46,3.0394,3.0394,3.0394,3.0394,1177.0
2025-08-06T12:51:49,3.0393,3.0393,3.0393,3.0393,1139.0
2025-08-06T12:51:52,3.0411,3.0411,3.0411,3.0411,292.0
2025-08-06T12:51:53,3.045,3.045,3.045,3.045,310.0
2025-08-06T12:51:54,3.0407,3.0407,3.0407,3.0407,1000.0
2025-08-06T12:51:57,3.0445,3.0445,3.0445,3.0445,540.0
2025-08-06T12:51:58,3.045,3.045,3.045,3.045,177.0
2025-08-06T12:51:59,3.04,3.0446,3.04,3.0446,300.0
2025-08-06T12:52:00,3.04,3.04,3.04,3.04,6579.0
2025-08-06T12:52:01,3.0407,3.0489,3.0407,3.0489,610.0
2025-08-06T12:52:03,3.0496,3.05,3.045,3.0499,7746.0
2025-08-06T12:52:05,3.0489,3.0489,3.045,3.045,298.0
2025-08-06T12:52:07,3.045,3.05,3.045,3.05,610.0
2025-08-06T12:52:09,3.045,3.045,3.045,3.045,101.0
2025-08-06T12:52:13,3.045,3.05,3.045,3.05,638.0
2025-08-06T12:52:15,3.0493,3.0493,3.0493,3.0493,500.0
2025-08-06T12:52:16,3.045,3.045,3.045,3.045,500.0
2025-08-06T12:52:19,3.05,3.06,3.05,3.06,3960.0
2025-08-06T12:52:21,3.055,3.07,3.055,3.0699,9685.0
2025-08-06T12:52:22,3.06,3.06,3.06,3.06,1376.0
2025-08-06T12:52:23,3.065,3.0699,3.0645,3.0699,519.0
2025-08-06T12:52:24,3.07,3.07,3.07,3.07,2535.0
2025-08-06T12:52:25,3.0689,3.0689,3.0689,3.0689,132.0
2025-08-06T12:52:26,3.06,3.07,3.06,3.065,9115.0
2025-08-06T12:52:27,3.0689,3.0689,3.0689,3.0689,165.0
2025-08-06T12:52:28,3.06,3.065,3.05,3.05,9620.0
2025-08-06T12:52:29,3.05,3.07,3.05,3.051,14509.0
2025-08-06T12:52:30,3.0501,3.055,3.0501,3.055,2618.0
2025-08-06T12:52:32,3.05,3.05,3.05,3.05,100.0
2025-08-06T12:52:33,3.06,3.06,3.0599,3.06,2278.0
2025-08-06T12:52:35,3.0699,3.0699,3.0699,3.0699,300.0
2025-08-06T12:52:36,3.07,3.07,3.07,3.07,500.0
2025-08-06T12:52:38,3.07,3.07,3.07,3.07,100.0
2025-08-06T12:52:40,3.0699,3.0699,3.065,3.065,510.0
2025-08-06T12:52:42,3.0609,3.063,3.0601,3.0601,1000.0
2025-08-06T12:52:43,3.07,3.07,3.06,3.06,633.0
2025-08-06T12:52:44,3.065,3.065,3.065,3.065,100.0
2025-08-06T12:52:46,3.0691,3.0691,3.065,3.065,421.0
2025-08-06T12:52:49,3.07,3.07,3.07,3.07,227.0
2025-08-06T12:52:51,3.065,3.065,3.065,3.065,565.0
2025-08-06T12:52:52,3.065,3.0698,3.065,3.0698,362.0
2025-08-06T12:52:54,3.0607,3.065,3.06,3.065,1340.0
2025-08-06T12:52:55,3.065,3.07,3.065,3.07,400.0
2025-08-06T12:52:58,3.07,3.07,3.065,3.065,327.0
2025-08-06T12:52:59,3.07,3.07,3.0699,3.07,1179.0
2025-08-06T12:53:04,3.065,3.068,3.065,3.068,698.0
2025-08-06T12:53:05,3.0693,3.07,3.0693,3.07,1250.0
2025-08-06T12:53:08,3.0692,3.0692,3.06,3.06,500.0
2025-08-06T12:53:09,3.07,3.07,3.0647,3.0647,510.0
2025-08-06T12:53:10,3.07,3.07,3.06,3.06,4726.0
2025-08-06T12:53:11,3.065,3.07,3.065,3.07,2310.0
2025-08-06T12:53:14,3.065,3.065,3.065,3.065,599.0
2025-08-06T12:53:16,3.06,3.07,3.03,3.04,24832.0
2025-08-06T12:53:18,3.05,3.05,3.05,3.05,100.0
2025-08-06T12:53:19,3.04,3.04,3.04,3.04,287.0
2025-08-06T12:53:20,3.05,3.05,3.05,3.05,101.0
2025-08-06T12:53:23,3.0409,3.0409,3.0409,3.0409,250.0
2025-08-06T12:53:26,3.0445,3.0445,3.0404,3.0404,3700.0
2025-08-06T12:53:29,3.04,3.04,3.04,3.04,302.0
2025-08-06T12:53:30,3.0447,3.0447,3.0447,3.0447,6569.0
2025-08-06T12:53:31,3.04,3.05,3.04,3.05,987.0
2025-08-06T12:53:35,3.04,3.04,3.0335,3.0335,3285.0
2025-08-06T12:53:36,3.0311,3.035,3.0301,3.035,4834.0
2025-08-06T12:53:38,3.03,3.03,3.03,3.03,100.0
2025-08-06T12:53:42,3.0311,3.0311,3.0311,3.0311,282.0
2025-08-06T12:53:51,3.039,3.039,3.039,3.039,160.0
2025-08-06T12:53:54,3.03,3.03,3.03,3.03,310.0
2025-08-06T12:53:56,3.0399,3.0399,3.0399,3.0399,296.0
2025-08-06T12:53:58,3.04,3.04,3.04,3.04,345.0
2025-08-06T12:54:00,3.0399,3.0399,3.0399,3.0399,1570.0
2025-08-06T12:54:04,3.0399,3.0399,3.0399,3.0399,100.0
2025-08-06T12:54:11,3.0399,3.0399,3.037,3.037,4200.0
2025-08-06T12:54:13,3.04,3.04,3.04,3.04,101.0
2025-08-06T12:54:14,3.04,3.04,3.04,3.04,1090.0
2025-08-06T12:54:16,3.05,3.05,3.0407,3.0407,1000.0
2025-08-06T12:54:21,3.04,3.04,3.04,3.04,600.0
2025-08-06T12:54:23,3.0493,3.0493,3.0493,3.0493,510.0
2025-08-06T12:54:25,3.0407,3.0407,3.0407,3.0407,1000.0
2025-08-06T12:54:28,3.04,3.05,3.04,3.05,6794.0
2025-08-06T12:54:29,3.04,3.04,3.04,3.04,110.0
2025-08-06T12:54:30,3.04,3.04,3.0389,3.0389,911.0
2025-08-06T12:54:35,3.0355,3.0355,3.0355,3.0355,100.0
2025-08-06T12:54:42,3.035,3.035,3.035,3.035,227.0
2025-08-06T12:54:50,3.0345,3.0345,3.0345,3.0345,200.0
2025-08-06T12:54:55,3.03,3.03,3.03,3.03,660.0
2025-08-06T12:54:56,3.0392,3.0392,3.0392,3.0392,300.0
2025-08-06T12:54:57,3.03,3.04,3.03,3.04,200.0
2025-08-06T12:55:00,3.03,3.03,3.02,3.02,6706.0
2025-08-06T12:55:01,3.0201,3.0201,3.0201,3.0201,504.0
2025-08-06T12:55:02,3.025,3.025,3.025,3.025,255.0
2025-08-06T12:55:04,3.025,3.025,3.025,3.025,5000.0
2025-08-06T12:55:05,3.03,3.03,3.03,3.03,200.0
2025-08-06T12:55:09,3.0289,3.0289,3.0289,3.0289,150.0
2025-08-06T12:55:10,3.03,3.03,3.0299,3.0299,300.0
2025-08-06T12:55:14,3.023,3.025,3.0209,3.023,1000.0
2025-08-06T12:55:15,3.0289,3.0289,3.0289,3.0289,1067.0
2025-08-06T12:55:17,3.025,3.025,3.025,3.025,194.0
2025-08-06T12:55:19,3.03,3.06,3.03,3.05,15357.0
2025-08-06T12:55:21,3.04,3.041,3.04,3.04,6886.0
2025-08-06T12:55:22,3.045,3.045,3.045,3.045,500.0
2025-08-06T12:55:29,3.04,3.04,3.04,3.04,114.0
2025-08-06T12:55:32,3.04,3.05,3.04,3.05,210.0
2025-08-06T12:55:35,3.05,3.05,3.05,3.05,210.0
2025-08-06T12:55:41,3.04,3.04,3.04,3.04,1111.0
2025-08-06T12:55:42,3.03,3.03,3.03,3.03,230.0
2025-08-06T12:55:43,3.03,3.03,3.03,3.03,107.0
2025-08-06T12:55:47,3.02,3.02,3.02,3.02,100.0
2025-08-06T12:55:49,3.0296,3.03,3.025,3.025,6311.0
2025-08-06T12:55:50,3.03,3.03,3.03,3.03,100.0
2025-08-06T12:55:55,3.02,3.03,3.01,3.01,15636.0
2025-08-06T12:55:56,3.015,3.02,3.015,3.02,724.0
2025-08-06T12:55:57,3.02,3.02,3.02,3.02,1726.0
2025-08-06T12:55:59,3.01,3.01,3.01,3.01,199.0
2025-08-06T12:56:00,3.02,3.02,3.015,3.015,341.0
2025-08-06T12:56:04,3.015,3.015,3.015,3.015,127.0
2025-08-06T12:56:10,3.02,3.02,3.0193,3.0193,1954.0
2025-08-06T12:56:11,3.0104,3.0104,3.0104,3.0104,2010.0
2025-08-06T12:56:16,3.01,3.01,3.01,3.01,200.0
2025-08-06T12:56:17,3.018,3.018,3.018,3.018,1022.0
2025-08-06T12:56:19,3.01,3.01,3.0,3.0,6820.0
2025-08-06T12:56:20,3.005,3.005,3.005,3.005,252.0
2025-08-06T12:56:25,3.0001,3.0045,3.0001,3.0045,450.0
2025-08-06T12:56:26,3.0,3.0,3.0,3.0,1483.0
2025-08-06T12:56:28,3.0011,3.0011,3.0011,3.0011,316.0
2025-08-06T12:56:29,3.005,3.005,2.995,3.0,7789.0
2025-08-06T12:56:31,3.0001,3.0001,3.0001,3.0001,776.0
2025-08-06T12:56:34,3.01,3.01,3.01,3.01,110.0
2025-08-06T12:56:36,3.0055,3.0055,3.0055,3.0055,200.0
2025-08-06T12:56:37,3.0,3.0,3.0,3.0,100.0
2025-08-06T12:56:39,3.0,3.0007,3.0,3.0007,1222.0
2025-08-06T12:56:41,3.0,3.01,3.0,3.01,1534.0
2025-08-06T12:56:45,3.01,3.02,3.01,3.02,2260.0
2025-08-06T12:56:47,3.01,3.01,3.0089,3.0089,597.0
2025-08-06T12:56:48,3.0099,3.0099,3.0099,3.0099,100.0
2025-08-06T12:56:56,3.01,3.01,3.01,3.01,1238.0
2025-08-06T12:56:57,3.0092,3.0092,3.0092,3.0092,300.0
2025-08-06T12:57:05,3.0,3.0,3.0,3.0,100.0
2025-08-06T12:57:06,3.0099,3.0099,3.0099,3.0099,171.0
2025-08-06T12:57:08,3.0,3.0,2.98,2.99,6330.0
2025-08-06T12:57:09,3.0,3.0,2.99,2.9998,2750.0
2025-08-06T12:57:10,2.99,3.0,2.98,2.99,6400.0
2025-08-06T12:57:11,2.988,2.988,2.988,2.988,322.0
2025-08-06T12:57:12,2.9891,2.9891,2.9891,2.9891,302.0
2025-08-06T12:57:13,2.9899,2.9899,2.9899,2.9899,2010.0
2025-08-06T12:57:14,2.985,2.985,2.985,2.985,300.0
2025-08-06T12:57:16,2.98,2.99,2.98,2.99,1369.0
2025-08-06T12:57:17,2.9809,2.9809,2.9809,2.9809,210.0
2025-08-06T12:57:18,2.99,2.99,2.99,2.99,200.0
2025-08-06T12:57:21,2.985,2.985,2.98,2.98,1200.0
2025-08-06T12:57:22,2.99,2.99,2.99,2.99,836.0
2025-08-06T12:57:23,2.98,2.98,2.98,2.98,100.0
2025-08-06T12:57:28,2.9899,2.9899,2.9899,2.9899,127.0
2025-08-06T12:57:33,2.9807,2.9835,2.9807,2.9835,1100.0
2025-08-06T12:57:35,2.9801,2.9801,2.9801,2.9801,934.0
2025-08-06T12:57:37,2.985,2.99,2.985,2.99,2550.0
2025-08-06T12:57:46,2.98,2.98,2.97,2.9707,6718.0
2025-08-06T12:57:47,2.97,2.97,2.97,2.97,359.0
2025-08-06T12:57:48,2.98,2.98,2.98,2.98,100.0
2025-08-06T12:57:51,2.97,2.97,2.97,2.97,100.0
2025-08-06T12:57:52,2.98,2.98,2.98,2.98,200.0
2025-08-06T12:57:53,2.9711,2.9711,2.9711,2.9711,169.0
2025-08-06T12:57:54,2.975,2.98,2.975,2.9799,1200.0
2025-08-06T12:57:57,2.98,2.98,2.975,2.98,915.0
2025-08-06T12:57:58,2.98,2.99,2.98,2.99,2370.0
2025-08-06T12:57:59,2.975,2.975,2.975,2.975,100.0
2025-08-06T12:58:06,2.9809,2.9809,2.9809,2.9809,268.0
2025-08-06T12:58:07,2.989,2.989,2.989,2.989,873.0
2025-08-06T12:58:10,2.99,2.99,2.99,2.99,1538.0
2025-08-06T12:58:11,2.991,2.991,2.991,2.991,168.0
2025-08-06T12:58:12,2.995,2.995,2.995,2.995,500.0
2025-08-06T12:58:13,2.9911,2.9996,2.9911,2.9996,2503.0
2025-08-06T12:58:17,3.0,3.0,3.0,3.0,2345.0
2025-08-06T12:58:18,2.9911,2.9911,2.9911,2.9911,103.0
2025-08-06T12:58:22,2.9903,2.9903,2.9903,2.9903,1375.0
2025-08-06T12:58:23,3.0,3.0,3.0,3.0,306.0
2025-08-06T12:58:24,2.9908,2.9908,2.9908,2.9908,354.0
2025-08-06T12:58:28,3.0,3.0,3.0,3.0,100.0
2025-08-06T12:58:31,2.99,2.99,2.99,2.99,174.0
2025-08-06T12:58:33,3.0,3.0,3.0,3.0,426.0
2025-08-06T12:58:37,3.0,3.0,2.9988,2.9988,8192.0
2025-08-06T12:58:49,2.9989,2.9989,2.99,2.99,473.0
2025-08-06T12:58:50,2.992,2.992,2.992,2.992,1000.0
2025-08-06T12:58:54,2.9994,2.9994,2.9911,2.9911,2091.0
2025-08-06T12:58:59,2.99,2.99,2.99,2.99,794.0
2025-08-06T12:59:09,2.9891,2.9891,2.98,2.98,510.0
2025-08-06T12:59:10,2.9859,2.9859,2.9859,2.9859,250.0
2025-08-06T12:59:19,2.9808,2.9808,2.9808,2.9808,405.0
2025-08-06T12:59:20,2.9809,2.9809,2.9809,2.9809,298.0
2025-08-06T12:59:22,2.9811,2.9811,2.9811,2.9811,425.0
2025-08-06T12:59:24,2.9811,2.9811,2.9811,2.9811,427.0
2025-08-06T12:59:29,2.985,2.985,2.985,2.985,814.0
2025-08-06T12:59:36,2.98,2.98,2.98,2.98,4483.0
2025-08-06T12:59:37,2.98,2.98,2.98,2.98,956.0
2025-08-06T12:59:38,2.98,2.99,2.98,2.99,400.0
2025-08-06T12:59:39,2.985,2.985,2.985,2.985,1000.0
2025-08-06T12:59:50,2.9845,2.9845,2.9845,2.9845,100.0
2025-08-06T12:59:57,2.99,2.99,2.99,2.99,101.0
2025-08-06T12:59:58,2.9807,2.9807,2.9807,2.9807,666.0
2025-08-06T12:59:59,2.9801,2.9801,2.9801,2.9801,205.0
2025-08-06T13:00:00,2.985,2.985,2.985,2.985,313.0
2025-08-06T13:00:01,2.985,2.985,2.985,2.985,194.0
2025-08-06T13:00:09,2.985,2.985,2.985,2.985,131.0
2025-08-06T13:00:16,2.987,2.987,2.987,2.987,408.0
2025-08-06T13:00:18,2.985,2.9893,2.985,2.9893,1101.0
2025-08-06T13:00:29,2.985,2.99,2.985,2.9899,1075.0
2025-08-06T13:00:33,2.9901,2.9901,2.9901,2.9901,1481.0
2025-08-06T13:00:37,2.99,2.99,2.99,2.99,262.0
2025-08-06T13:00:46,2.9902,2.9902,2.9902,2.9902,714.0
2025-08-06T13:00:53,2.99,3.0,2.99,3.0,4470.0
2025-08-06T13:00:58,2.98,2.98,2.98,2.98,988.0
2025-08-06T13:01:06,2.97,2.97,2.97,2.97,953.0
2025-08-06T13:01:07,2.98,2.98,2.98,2.98,100.0
2025-08-06T13:01:08,2.97,2.98,2.97,2.98,220.0
2025-08-06T13:01:12,2.9791,2.9791,2.9791,2.9791,200.0
2025-08-06T13:01:19,2.975,2.975,2.975,2.975,169.0
2025-08-06T13:01:20,2.975,2.975,2.975,2.975,2000.0
2025-08-06T13:01:23,2.9791,2.9791,2.9791,2.9791,105.0
2025-08-06T13:01:33,2.98,2.98,2.975,2.975,250.0
2025-08-06T13:01:34,2.975,2.98,2.975,2.98,250.0
2025-08-06T13:01:35,2.975,2.98,2.975,2.9763,621.0
2025-08-06T13:01:36,2.97,2.97,2.97,2.97,690.0
2025-08-06T13:01:44,2.98,2.98,2.98,2.98,104.0
2025-08-06T13:01:45,2.9707,2.9707,2.9707,2.9707,613.0
2025-08-06T13:01:49,2.975,2.975,2.97,2.97,896.0
2025-08-06T13:01:53,2.975,2.98,2.975,2.98,2083.0
2025-08-06T13:01:58,2.97,2.97,2.97,2.97,103.0
2025-08-06T13:02:00,2.975,2.975,2.975,2.975,600.0
2025-08-06T13:02:01,2.98,2.98,2.98,2.98,100.0
2025-08-06T13:02:03,2.98,2.98,2.98,2.98,145.0
2025-08-06T13:02:05,2.97,2.97,2.97,2.97,241.0
2025-08-06T13:02:07,2.9704,2.9704,2.9704,2.9704,4010.0
2025-08-06T13:02:08,2.9755,2.9755,2.9755,2.9755,2000.0
2025-08-06T13:02:12,2.9701,2.9701,2.9701,2.9701,180.0
2025-08-06T13:02:13,2.975,2.975,2.975,2.975,400.0
2025-08-06T13:02:20,2.972,2.972,2.972,2.972,119.0
2025-08-06T13:02:30,2.9703,2.9703,2.9703,2.9703,250.0
2025-08-06T13:02:32,2.9717,2.9717,2.9717,2.9717,110.0
2025-08-06T13:02:34,2.972,2.98,2.97,2.98,1712.0
2025-08-06T13:02:38,2.97,2.98,2.97,2.97,1122.0
2025-08-06T13:02:41,2.9789,2.9789,2.9789,2.9789,687.0
2025-08-06T13:02:48,2.9701,2.9701,2.97,2.97,354.0
2025-08-06T13:02:55,2.98,2.98,2.98,2.98,100.0
2025-08-06T13:02:56,2.97,2.97,2.97,2.97,4280.0
2025-08-06T13:02:57,2.97,2.97,2.97,2.97,100.0
2025-08-06T13:02:58,2.97,2.97,2.95,2.9611,15265.0
2025-08-06T13:02:59,2.965,2.965,2.9602,2.9602,413.0
2025-08-06T13:03:05,2.9607,2.9607,2.9607,2.9607,800.0
2025-08-06T13:03:07,2.96,2.96,2.96,2.96,110.0
2025-08-06T13:03:10,2.9601,2.9601,2.955,2.96,9462.0
2025-08-06T13:03:13,2.96,2.96,2.955,2.9563,3272.0
2025-08-06T13:03:16,2.9511,2.9511,2.9511,2.9511,115.0
2025-08-06T13:03:17,2.95,2.95,2.95,2.95,100.0
2025-08-06T13:03:19,2.95,2.95,2.95,2.95,636.0
2025-08-06T13:03:21,2.955,2.955,2.955,2.955,200.0
2025-08-06T13:03:25,2.9593,2.9593,2.9593,2.9593,500.0
2025-08-06T13:03:26,2.9589,2.9589,2.955,2.955,1249.0
2025-08-06T13:03:32,2.95,2.95,2.95,2.95,1000.0
2025-08-06T13:03:33,2.96,2.96,2.96,2.96,150.0
2025-08-06T13:03:34,2.9596,2.9596,2.95,2.95,2419.0
2025-08-06T13:03:38,2.96,2.96,2.96,2.96,105.0
2025-08-06T13:03:51,2.9596,2.9596,2.9596,2.9596,2000.0
2025-08-06T13:03:55,2.96,2.97,2.96,2.97,13092.0
2025-08-06T13:03:56,2.955,2.96,2.955,2.96,4859.0
2025-08-06T13:03:57,2.9689,2.9689,2.9635,2.9635,600.0
2025-08-06T13:03:58,2.97,2.97,2.97,2.97,175.0
2025-08-06T13:03:59,2.97,2.97,2.97,2.97,760.0
2025-08-06T13:04:04,2.965,2.965,2.96,2.96,829.0
2025-08-06T13:04:05,2.9611,2.9611,2.9611,2.9611,166.0
2025-08-06T13:04:10,2.97,2.97,2.97,2.97,1900.0
2025-08-06T13:04:11,2.9717,2.9717,2.9717,2.9717,200.0
2025-08-06T13:04:12,2.9704,2.9704,2.9704,2.9704,4500.0
2025-08-06T13:04:14,2.9795,2.9795,2.9795,2.9795,1500.0
2025-08-06T13:04:16,2.97,2.97,2.97,2.97,100.0
2025-08-06T13:04:17,2.975,2.98,2.975,2.98,673.0
2025-08-06T13:04:19,2.98,2.98,2.98,2.98,179.0
2025-08-06T13:04:20,2.9755,2.9755,2.9755,2.9755,1666.0
2025-08-06T13:04:23,2.98,2.98,2.98,2.98,502.0
2025-08-06T13:04:24,2.98,2.98,2.98,2.98,300.0
2025-08-06T13:04:26,2.98,2.98,2.98,2.98,1003.0
2025-08-06T13:04:27,2.979,2.979,2.979,2.979,839.0
2025-08-06T13:04:28,2.9755,2.9755,2.9755,2.9755,503.0
2025-08-06T13:04:29,2.98,2.98,2.98,2.98,500.0
2025-08-06T13:04:32,2.98,2.98,2.98,2.98,970.0
2025-08-06T13:04:33,2.9755,2.9755,2.9711,2.9711,845.0
2025-08-06T13:04:40,2.972,2.975,2.972,2.975,1243.0
2025-08-06T13:04:41,2.9711,2.9711,2.9711,2.9711,373.0
2025-08-06T13:04:44,2.972,2.972,2.972,2.972,257.0
2025-08-06T13:04:46,2.9707,2.9707,2.9707,2.9707,500.0
2025-08-06T13:04:47,2.9755,2.9755,2.9755,2.9755,100.0
2025-08-06T13:04:49,2.978,2.978,2.978,2.978,607.0
2025-08-06T13:04:51,2.98,2.98,2.98,2.98,16802.0
2025-08-06T13:04:53,2.98,2.98,2.98,2.98,442.0
2025-08-06T13:04:54,2.985,2.985,2.985,2.985,190.0
2025-08-06T13:04:56,2.9892,2.9892,2.9892,2.9892,400.0
2025-08-06T13:04:57,2.9807,2.9807,2.9807,2.9807,1306.0
2025-08-06T13:05:00,2.99,2.99,2.985,2.985,1612.0
2025-08-06T13:05:03,2.98,2.99,2.98,2.98,2674.0
2025-08-06T13:05:04,2.98,2.99,2.98,2.99,8884.0
2025-08-06T13:05:06,2.99,3.0,2.99,2.99,5625.0
2025-08-06T13:05:07,3.0,3.0,3.0,3.0,150.0
2025-08-06T13:05:09,2.9905,2.9905,2.9905,2.9905,1500.0
2025-08-06T13:05:10,2.9999,2.9999,2.9999,2.9999,300.0
2025-08-06T13:05:11,2.99,2.9997,2.99,2.9997,400.0
2025-08-06T13:05:13,3.0,3.0,3.0,3.0,100.0
2025-08-06T13:05:18,3.0,3.0,3.0,3.0,200.0
2025-08-06T13:05:19,3.0,3.0,3.0,3.0,1010.0
2025-08-06T13:05:23,2.9998,2.9999,2.9997,2.9997,2204.0
2025-08-06T13:05:24,2.9953,2.9953,2.99,2.99,5100.0
2025-08-06T13:05:29,2.995,2.995,2.995,2.995,260.0
2025-08-06T13:05:30,2.99,2.99,2.99,2.99,340.0
2025-08-06T13:05:39,2.9911,2.9911,2.9911,2.9911,242.0
2025-08-06T13:05:42,2.995,2.995,2.995,2.995,4010.0
2025-08-06T13:05:43,2.995,2.995,2.995,2.995,118.0
2025-08-06T13:05:44,3.0,3.0,3.0,3.0,726.0
2025-08-06T13:05:46,3.0,3.0,3.0,3.0,967.0
2025-08-06T13:05:48,3.0,3.0,2.9935,2.9935,6014.0
2025-08-06T13:05:49,2.9999,3.0011,2.9999,3.0011,3533.0
2025-08-06T13:05:50,3.008,3.02,3.005,3.01,2273.0
2025-08-06T13:05:51,3.015,3.015,3.015,3.015,101.0
2025-08-06T13:05:52,3.01,3.02,3.0,3.0,3919.0
2025-08-06T13:05:53,3.005,3.02,3.005,3.01,1327.0
2025-08-06T13:05:54,3.01,3.01,3.01,3.01,2446.0
2025-08-06T13:05:55,3.01,3.0101,3.0,3.0099,10068.0
2025-08-06T13:05:59,3.01,3.01,3.005,3.008,4100.0
2025-08-06T13:06:03,3.0,3.0055,3.0,3.0055,200.0
2025-08-06T13:06:09,3.01,3.01,3.01,3.01,2453.0
2025-08-06T13:06:10,3.0111,3.0111,3.0111,3.0111,195.0
2025-08-06T13:06:11,3.0195,3.0195,3.0195,3.0195,2001.0
2025-08-06T13:06:12,3.02,3.02,3.015,3.015,2993.0
2025-08-06T13:06:13,3.0155,3.0155,3.0155,3.0155,2060.0
2025-08-06T13:06:14,3.0101,3.0199,3.0101,3.0199,1800.0
2025-08-06T13:06:15,3.02,3.02,3.02,3.02,110.0
2025-08-06T13:06:17,3.015,3.015,3.015,3.015,510.0
2025-08-06T13:06:18,3.01,3.01,3.01,3.01,110.0
2025-08-06T13:06:22,3.0107,3.0107,3.0107,3.0107,829.0
2025-08-06T13:06:23,3.01,3.02,3.01,3.02,1495.0
2025-08-06T13:06:24,3.01,3.01,3.01,3.01,100.0
2025-08-06T13:06:25,3.0089,3.0089,3.0089,3.0089,100.0
2025-08-06T13:06:26,3.0089,3.0089,3.0089,3.0089,100.0
2025-08-06T13:06:29,3.0089,3.0089,3.0089,3.0089,235.0
2025-08-06T13:06:30,3.005,3.01,3.005,3.01,3650.0
2025-08-06T13:06:34,3.015,3.02,3.015,3.015,2159.0
2025-08-06T13:06:36,3.02,3.03,3.02,3.0201,3137.0
2025-08-06T13:06:37,3.03,3.03,3.025,3.03,2570.0
2025-08-06T13:06:38,3.025,3.025,3.02,3.02,300.0
2025-08-06T13:06:40,3.025,3.03,3.025,3.03,1011.0
2025-08-06T13:06:41,3.02,3.02,3.02,3.02,240.0
2025-08-06T13:06:48,3.022,3.03,3.015,3.03,3651.0
2025-08-06T13:06:49,3.0299,3.0299,3.0299,3.0299,2000.0
2025-08-06T13:06:50,3.025,3.025,3.025,3.025,2008.0
2025-08-06T13:06:51,3.025,3.03,3.025,3.03,1601.0
2025-08-06T13:06:53,3.03,3.04,3.02,3.04,5946.0
2025-08-06T13:06:54,3.0355,3.0355,3.0355,3.0355,336.0
2025-08-06T13:06:55,3.035,3.04,3.035,3.04,810.0
2025-08-06T13:06:56,3.0399,3.0399,3.0399,3.0399,1850.0
2025-08-06T13:06:58,3.035,3.04,3.035,3.04,216.0
2025-08-06T13:06:59,3.0389,3.04,3.035,3.04,410.0
2025-08-06T13:07:00,3.0399,3.0399,3.0399,3.0399,100.0
2025-08-06T13:07:01,3.035,3.035,3.035,3.035,201.0
2025-08-06T13:07:03,3.03,3.03,3.03,3.03,411.0
2025-08-06T13:07:08,3.04,3.04,3.04,3.04,193.0
2025-08-06T13:07:12,3.0355,3.0389,3.0355,3.0389,2610.0
2025-08-06T13:07:13,3.0355,3.0355,3.03,3.03,483.0
2025-08-06T13:07:25,3.03,3.04,3.01,3.015,11688.0
2025-08-06T13:07:27,3.015,3.015,3.01,3.01,300.0
2025-08-06T13:07:29,3.015,3.015,3.015,3.015,102.0
2025-08-06T13:07:31,3.01,3.0199,3.01,3.0199,479.0
2025-08-06T13:07:33,3.02,3.02,3.02,3.02,1005.0
2025-08-06T13:07:36,3.015,3.015,3.015,3.015,100.0
2025-08-06T13:07:37,3.02,3.02,3.02,3.02,561.0
2025-08-06T13:07:39,3.03,3.03,3.03,3.03,100.0
2025-08-06T13:07:40,3.0207,3.0207,3.0207,3.0207,1001.0
2025-08-06T13:07:47,3.02,3.025,3.02,3.025,300.0
2025-08-06T13:07:49,3.0281,3.0281,3.0281,3.0281,100.0
2025-08-06T13:07:56,3.0299,3.0299,3.0299,3.0299,818.0
2025-08-06T13:08:06,3.03,3.03,3.03,3.03,1782.0
2025-08-06T13:08:07,3.03,3.03,3.03,3.03,500.0
2025-08-06T13:08:08,3.0311,3.0311,3.0311,3.0311,200.0
2025-08-06T13:08:11,3.04,3.04,3.04,3.04,425.0
2025-08-06T13:08:14,3.04,3.04,3.0399,3.0399,876.0
2025-08-06T13:08:17,3.035,3.035,3.035,3.035,130.0
2025-08-06T13:08:25,3.03,3.03,3.03,3.03,100.0
2025-08-06T13:08:28,3.03,3.03,3.03,3.03,280.0
2025-08-06T13:08:32,3.04,3.04,3.0399,3.0399,200.0
2025-08-06T13:08:34,3.04,3.04,3.04,3.04,1600.0
2025-08-06T13:08:37,3.045,3.0499,3.045,3.0499,410.0
2025-08-06T13:08:39,3.0493,3.07,3.0493,3.06,10389.0
2025-08-06T13:08:41,3.06,3.07,3.06,3.07,2241.0
2025-08-06T13:08:42,3.065,3.07,3.065,3.0699,1323.0
2025-08-06T13:08:43,3.0697,3.0699,3.0645,3.0645,3716.0
2025-08-06T13:08:44,3.06,3.06,3.06,3.06,5007.0
2025-08-06T13:08:45,3.065,3.07,3.0589,3.0589,1816.0
2025-08-06T13:08:47,3.0501,3.06,3.05,3.05,2443.0
2025-08-06T13:08:48,3.06,3.06,3.06,3.06,105.0
2025-08-06T13:08:49,3.0591,3.0591,3.0591,3.0591,210.0
2025-08-06T13:08:50,3.05,3.05,3.05,3.05,110.0
2025-08-06T13:08:51,3.05,3.0599,3.05,3.0599,1620.0
2025-08-06T13:08:52,3.06,3.06,3.06,3.06,100.0
2025-08-06T13:08:54,3.05,3.05,3.05,3.05,2640.0
2025-08-06T13:08:55,3.05,3.05,3.05,3.05,1034.0
2025-08-06T13:08:56,3.04,3.0401,3.03,3.0401,9592.0
2025-08-06T13:08:57,3.0399,3.0399,3.0399,3.0399,200.0
2025-08-06T13:08:58,3.0389,3.04,3.0389,3.04,735.0
2025-08-06T13:09:02,3.03,3.04,3.03,3.04,516.0
2025-08-06T13:09:03,3.04,3.04,3.04,3.04,594.0
2025-08-06T13:09:04,3.04,3.04,3.04,3.04,168.0
2025-08-06T13:09:06,3.04,3.04,3.04,3.04,225.0
2025-08-06T13:09:08,3.0389,3.0389,3.0389,3.0389,100.0
2025-08-06T13:09:11,3.0301,3.0301,3.0301,3.0301,400.0
2025-08-06T13:09:20,3.04,3.04,3.04,3.04,100.0
2025-08-06T13:09:23,3.03,3.03,3.03,3.03,110.0
2025-08-06T13:09:26,3.04,3.04,3.0399,3.0399,600.0
2025-08-06T13:09:28,3.035,3.035,3.035,3.035,105.0
2025-08-06T13:09:30,3.04,3.04,3.0399,3.0399,2171.0
2025-08-06T13:09:31,3.05,3.05,3.05,3.05,160.0
2025-08-06T13:09:34,3.0489,3.0489,3.0489,3.0489,114.0
2025-08-06T13:09:41,3.043,3.043,3.04,3.04,2671.0
2025-08-06T13:09:42,3.043,3.043,3.0409,3.0409,467.0
2025-08-06T13:09:53,3.04,3.05,3.04,3.05,1571.0
2025-08-06T13:09:54,3.035,3.0389,3.035,3.0389,3659.0
2025-08-06T13:09:56,3.0346,3.0346,3.0346,3.0346,1648.0
2025-08-06T13:09:59,3.035,3.05,3.035,3.04,6085.0
2025-08-06T13:10:00,3.04,3.04,3.04,3.04,141.0
2025-08-06T13:10:01,3.04,3.04,3.04,3.04,125.0
2025-08-06T13:10:03,3.0311,3.0311,3.0311,3.0311,150.0
2025-08-06T13:10:08,3.038,3.04,3.038,3.04,1128.0
2025-08-06T13:10:09,3.045,3.05,3.045,3.05,300.0
2025-08-06T13:10:10,3.0499,3.0499,3.0499,3.0499,200.0
2025-08-06T13:10:14,3.05,3.05,3.0499,3.0499,1494.0
2025-08-06T13:10:15,3.0489,3.0489,3.0489,3.0489,100.0
2025-08-06T13:10:16,3.04,3.04,3.04,3.04,105.0
2025-08-06T13:10:20,3.0445,3.0445,3.0445,3.0445,1008.0
2025-08-06T13:10:21,3.04,3.04,3.04,3.04,4946.0
2025-08-06T13:10:23,3.04,3.04,3.04,3.04,100.0
2025-08-06T13:10:25,3.03,3.03,3.03,3.03,210.0
2025-08-06T13:10:26,3.03,3.04,3.011,3.011,11332.0
2025-08-06T13:10:27,3.0145,3.0145,3.0145,3.0145,1000.0
2025-08-06T13:10:28,3.01,3.01,3.01,3.01,100.0
2025-08-06T13:10:29,3.0199,3.0199,3.0199,3.0199,205.0
2025-08-06T13:10:34,3.01,3.015,3.01,3.01,1600.0
2025-08-06T13:10:36,3.0111,3.0111,3.0111,3.0111,140.0
2025-08-06T13:10:38,3.02,3.02,3.02,3.02,1949.0
2025-08-06T13:10:40,3.02,3.02,3.02,3.02,900.0
2025-08-06T13:10:43,3.02,3.02,3.02,3.02,2912.0
2025-08-06T13:10:45,3.0132,3.0132,3.01,3.01,1260.0
2025-08-06T13:10:51,3.01,3.01,2.99,2.99,22714.0
2025-08-06T13:10:52,2.991,3.0,2.99,2.99,3481.0
2025-08-06T13:10:53,2.99,3.0,2.99,3.0,3679.0
2025-08-06T13:10:54,2.99,2.99,2.99,2.99,1001.0
2025-08-06T13:10:55,2.99,3.0,2.99,2.99,500.0
2025-08-06T13:10:58,2.995,2.995,2.995,2.995,151.0
2025-08-06T13:10:59,2.9917,2.9917,2.99,2.99,1440.0
2025-08-06T13:11:01,2.99,2.9901,2.99,2.99,2233.0
2025-08-06T13:11:02,2.99,3.0,2.99,3.0,200.0
2025-08-06T13:11:09,2.995,2.995,2.995,2.995,370.0
2025-08-06T13:11:10,2.9991,2.9991,2.9991,2.9991,200.0
2025-08-06T13:11:15,2.9996,2.9996,2.9996,2.9996,2006.0
2025-08-06T13:11:20,2.99,2.99,2.99,2.99,247.0
2025-08-06T13:11:25,2.99,3.0,2.99,3.0,210.0
2025-08-06T13:11:26,2.99,2.99,2.99,2.99,105.0
2025-08-06T13:11:29,2.9999,2.9999,2.9999,2.9999,260.0
2025-08-06T13:11:30,2.99,2.99,2.99,2.99,191.0
2025-08-06T13:11:36,2.9945,2.9945,2.9945,2.9945,5228.0
2025-08-06T13:11:37,2.99,2.99,2.99,2.99,417.0
2025-08-06T13:11:38,2.99,2.99,2.99,2.99,100.0
2025-08-06T13:11:44,2.9817,2.9817,2.9817,2.9817,300.0
2025-08-06T13:11:45,2.985,2.985,2.985,2.985,2000.0
2025-08-06T13:11:47,2.98,2.985,2.98,2.985,653.0
2025-08-06T13:11:49,2.99,2.99,2.985,2.99,1638.0
2025-08-06T13:11:50,2.998,3.0,2.998,3.0,500.0
2025-08-06T13:11:55,2.99,2.99,2.99,2.99,100.0
2025-08-06T13:11:58,2.9999,2.9999,2.9999,2.9999,5010.0
2025-08-06T13:12:00,2.9989,2.9989,2.9989,2.9989,105.0
2025-08-06T13:12:04,2.9911,2.9911,2.9911,2.9911,507.0
2025-08-06T13:12:06,3.0,3.02,3.0,3.02,7782.0
2025-08-06T13:12:08,3.02,3.02,3.02,3.02,105.0
2025-08-06T13:12:10,3.01,3.02,3.0,3.0,8500.0
2025-08-06T13:12:12,3.0099,3.0099,3.0099,3.0099,100.0
2025-08-06T13:12:13,3.008,3.01,3.005,3.008,1400.0
2025-08-06T13:12:14,3.005,3.005,3.005,3.005,158.0
2025-08-06T13:12:17,3.0,3.0,3.0,3.0,659.0
2025-08-06T13:12:18,2.99,2.99,2.99,2.99,100.0
2025-08-06T13:12:19,3.0,3.0,3.0,3.0,1165.0
2025-08-06T13:12:20,3.0,3.01,3.0,3.01,1772.0
2025-08-06T13:12:21,3.0045,3.0045,3.0,3.0,1210.0
2025-08-06T13:12:24,2.9989,2.9989,2.9955,2.9955,1600.0
2025-08-06T13:12:26,2.995,2.995,2.99,2.99,933.0
2025-08-06T13:12:27,2.99,2.99,2.99,2.99,100.0
2025-08-06T13:12:31,2.99,2.99,2.99,2.99,210.0
2025-08-06T13:12:32,3.0,3.0,3.0,3.0,300.0
2025-08-06T13:12:42,2.9917,2.9917,2.9917,2.9917,100.0
2025-08-06T13:12:44,2.9999,3.01,2.9998,3.01,3820.0
2025-08-06T13:12:45,3.02,3.02,3.02,3.02,100.0
2025-08-06T13:13:00,3.015,3.015,3.015,3.015,100.0
2025-08-06T13:13:01,3.0107,3.0107,3.0107,3.0107,1000.0
2025-08-06T13:13:08,3.01,3.02,3.0,3.02,9450.0
2025-08-06T13:13:09,3.0093,3.0093,3.0093,3.0093,1010.0
2025-08-06T13:13:10,3.01,3.015,3.01,3.015,1108.0
2025-08-06T13:13:17,3.0116,3.0116,3.0116,3.0116,2458.0
2025-08-06T13:13:20,3.011,3.011,3.011,3.011,275.0
2025-08-06T13:13:21,3.02,3.02,3.02,3.02,2384.0
2025-08-06T13:13:22,3.0111,3.0199,3.0111,3.0199,591.0
2025-08-06T13:13:23,3.015,3.015,3.015,3.015,100.0
2025-08-06T13:13:28,3.0199,3.0199,3.01,3.01,950.0
2025-08-06T13:13:30,3.01,3.02,3.01,3.02,455.0
2025-08-06T13:13:39,3.015,3.015,3.015,3.015,267.0
2025-08-06T13:13:47,3.01,3.02,3.0,3.0,2092.0
2025-08-06T13:13:48,3.0,3.0,3.0,3.0,100.0
2025-08-06T13:13:56,3.0,3.0015,3.0,3.0015,1500.0
2025-08-06T13:13:57,3.01,3.02,3.01,3.02,3895.0
2025-08-06T13:14:00,3.005,3.005,3.005,3.005,895.0
2025-08-06T13:14:02,3.0092,3.0092,3.0092,3.0092,400.0
2025-08-06T13:14:08,3.01,3.01,3.01,3.01,100.0
2025-08-06T13:14:15,3.0011,3.0011,3.0011,3.0011,112.0
2025-08-06T13:14:20,3.0017,3.005,3.0017,3.005,200.0
2025-08-06T13:14:28,3.0,3.01,2.99,2.9998,3779.0
2025-08-06T13:14:50,2.9901,2.9999,2.9901,2.995,4947.0
2025-08-06T13:14:57,2.9989,2.9989,2.9989,2.9989,108.0
2025-08-06T13:15:00,2.9917,2.995,2.9917,2.995,200.0
2025-08-06T13:15:01,2.9911,2.9911,2.9911,2.9911,100.0
2025-08-06T13:15:03,2.99,2.99,2.99,2.99,100.0
2025-08-06T13:15:04,3.0,3.0,3.0,3.0,2200.0
2025-08-06T13:15:06,2.99,3.0,2.99,3.0,2009.0
2025-08-06T13:15:08,2.98,2.98,2.98,2.98,2000.0
2025-08-06T13:15:11,2.98,2.98,2.98,2.98,262.0
2025-08-06T13:15:12,2.98,2.99,2.98,2.99,600.0
2025-08-06T13:15:21,2.98,2.98,2.98,2.98,1000.0
2025-08-06T13:15:26,2.9801,2.9801,2.9801,2.9801,3050.0
2025-08-06T13:15:33,2.9811,2.9811,2.9811,2.9811,100.0
2025-08-06T13:15:35,2.9845,2.9845,2.9845,2.9845,250.0
2025-08-06T13:15:36,2.99,2.99,2.9811,2.9811,735.0
2025-08-06T13:15:37,2.99,2.99,2.99,2.99,1333.0
2025-08-06T13:15:38,2.98,2.9802,2.98,2.9802,2377.0
2025-08-06T13:15:39,2.99,2.99,2.99,2.99,500.0
2025-08-06T13:15:40,2.9817,2.9817,2.9817,2.9817,200.0
2025-08-06T13:15:53,2.985,2.985,2.9845,2.9845,260.0
2025-08-06T13:15:55,2.99,2.99,2.99,2.99,152.0
2025-08-06T13:15:57,2.99,2.99,2.9897,2.9897,1552.0
2025-08-06T13:15:58,2.9801,2.985,2.9801,2.985,620.0
2025-08-06T13:16:07,2.98,2.99,2.98,2.98,16417.0
2025-08-06T13:16:09,2.98,2.98,2.98,2.98,197.0
2025-08-06T13:16:12,2.98,2.98,2.98,2.98,942.0
2025-08-06T13:16:14,2.99,2.99,2.99,2.99,2108.0
2025-08-06T13:16:15,2.99,2.99,2.99,2.99,200.0
2025-08-06T13:16:21,2.99,2.99,2.99,2.99,199.0
2025-08-06T13:16:24,2.99,2.99,2.99,2.99,200.0
2025-08-06T13:16:27,2.99,2.99,2.99,2.99,1200.0
2025-08-06T13:16:30,3.0,3.0,3.0,3.0,100.0
2025-08-06T13:16:33,2.998,3.0,2.995,3.0,5107.0
2025-08-06T13:16:34,3.008,3.01,3.008,3.01,3205.0
2025-08-06T13:16:35,3.018,3.018,3.018,3.018,3369.0
2025-08-06T13:16:37,3.01,3.01,3.01,3.01,100.0
2025-08-06T13:16:38,3.0117,3.0117,3.0117,3.0117,200.0
2025-08-06T13:16:41,3.015,3.015,3.01,3.01,431.0
2025-08-06T13:16:44,3.0156,3.0156,3.0156,3.0156,120.0
2025-08-06T13:16:48,3.02,3.02,3.02,3.02,100.0
2025-08-06T13:16:55,3.018,3.018,3.018,3.018,601.0
2025-08-06T13:17:01,3.01,3.01,3.01,3.01,100.0
2025-08-06T13:17:03,3.01,3.01,3.01,3.01,166.0
2025-08-06T13:17:09,3.0199,3.0199,3.0199,3.0199,110.0
2025-08-06T13:17:16,3.02,3.02,3.02,3.02,956.0
2025-08-06T13:17:17,3.02,3.03,3.02,3.03,4790.0
2025-08-06T13:17:19,3.02,3.02,3.02,3.02,100.0
2025-08-06T13:17:21,3.0105,3.0105,3.0105,3.0105,1666.0
2025-08-06T13:17:23,3.01,3.02,3.01,3.02,360.0
2025-08-06T13:17:35,3.01,3.01,3.01,3.01,127.0
2025-08-06T13:17:42,3.02,3.02,3.02,3.02,217.0
2025-08-06T13:17:46,3.0155,3.0155,3.0155,3.0155,2000.0
2025-08-06T13:18:02,3.0147,3.02,2.99,2.99,4563.0
2025-08-06T13:18:03,3.0,3.0,3.0,3.0,679.0
2025-08-06T13:18:04,3.0,3.0,3.0,3.0,131.0
2025-08-06T13:18:06,3.0,3.0,3.0,3.0,400.0
2025-08-06T13:18:07,2.9999,2.9999,2.9999,2.9999,100.0
2025-08-06T13:18:24,2.9999,3.01,2.995,3.01,1815.0
2025-08-06T13:19:15,3.0111,3.0111,3.0111,3.0111,127.0
2025-08-06T13:19:16,3.01,3.01,3.01,3.01,186.0
2025-08-06T13:19:18,3.01,3.01,3.01,3.01,574.0
2025-08-06T13:19:19,3.01,3.0193,3.01,3.0193,2437.0
2025-08-06T13:19:29,3.01,3.01,3.01,3.01,100.0
2025-08-06T13:19:34,3.0135,3.0135,3.0135,3.0135,100.0
2025-08-06T13:19:45,3.0193,3.0193,3.0193,3.0193,550.0
2025-08-06T13:19:46,3.01,3.01,3.01,3.01,123.0
2025-08-06T13:20:03,3.02,3.02,3.02,3.02,550.0
2025-08-06T13:20:09,3.015,3.02,3.015,3.02,1201.0
2025-08-06T13:20:11,3.0199,3.0199,3.0199,3.0199,1000.0
2025-08-06T13:20:18,3.02,3.02,3.02,3.02,2159.0
2025-08-06T13:20:20,3.015,3.02,3.015,3.02,200.0
2025-08-06T13:20:21,3.02,3.03,3.02,3.025,5147.0
2025-08-06T13:20:34,3.02,3.02,3.02,3.02,200.0
2025-08-06T13:20:40,3.03,3.03,3.02,3.02,598.0
2025-08-06T13:20:44,3.03,3.03,3.03,3.03,192.0
2025-08-06T13:20:45,3.025,3.0299,3.025,3.0297,5000.0
2025-08-06T13:20:46,3.0291,3.0291,3.0291,3.0291,100.0
2025-08-06T13:20:48,3.0218,3.03,3.02,3.03,466.0
2025-08-06T13:20:52,3.03,3.03,3.03,3.03,1000.0
2025-08-06T13:20:57,3.02,3.02,3.02,3.02,100.0
2025-08-06T13:20:58,3.02,3.03,3.02,3.02,5402.0
2025-08-06T13:21:02,3.01,3.015,3.0,3.0,10092.0
2025-08-06T13:21:05,3.0089,3.0089,3.0089,3.0089,1099.0
2025-08-06T13:21:07,3.01,3.01,3.01,3.01,200.0
2025-08-06T13:21:17,3.0,3.0,3.0,3.0,2500.0
2025-08-06T13:21:18,3.01,3.01,3.01,3.01,200.0
2025-08-06T13:21:31,3.0,3.01,2.99,3.01,8397.0
2025-08-06T13:21:33,2.99,2.99,2.99,2.99,300.0
2025-08-06T13:21:46,2.9901,2.9901,2.9901,2.9901,100.0
2025-08-06T13:21:51,3.0,3.01,3.0,3.01,6190.0
2025-08-06T13:21:54,3.015,3.0199,3.01,3.01,403.0
2025-08-06T13:21:58,3.02,3.02,3.02,3.02,322.0
2025-08-06T13:22:20,3.01,3.02,3.01,3.01,2380.0
2025-08-06T13:22:25,3.02,3.02,3.02,3.02,100.0
2025-08-06T13:22:29,3.01,3.01,3.01,3.01,100.0
2025-08-06T13:22:35,3.015,3.015,3.015,3.015,2000.0
2025-08-06T13:22:46,3.01,3.01,3.01,3.01,737.0
2025-08-06T13:22:47,3.01,3.01,3.01,3.01,110.0
2025-08-06T13:22:53,3.01,3.01,3.01,3.01,147.0
2025-08-06T13:22:55,3.0,3.0,3.0,3.0,1000.0
2025-08-06T13:22:58,3.01,3.01,3.01,3.01,318.0
2025-08-06T13:23:05,3.0001,3.0001,3.0001,3.0001,5010.0
2025-08-06T13:23:22,3.01,3.01,3.01,3.01,198.0
2025-08-06T13:23:33,3.0046,3.0046,3.0046,3.0046,343.0
2025-08-06T13:23:36,3.0083,3.0083,3.0083,3.0083,600.0
2025-08-06T13:23:49,3.0007,3.0007,3.0007,3.0007,812.0
2025-08-06T13:23:51,3.005,3.005,3.005,3.005,500.0
2025-08-06T13:23:57,3.0097,3.0097,3.0097,3.0097,250.0
2025-08-06T13:24:12,3.0053,3.01,3.0053,3.01,8407.0
2025-08-06T13:24:14,3.0009,3.0009,3.0009,3.0009,327.0
2025-08-06T13:24:19,3.005,3.005,3.005,3.005,2003.0
2025-08-06T13:24:21,3.01,3.01,3.01,3.01,200.0
2025-08-06T13:24:28,3.005,3.005,3.005,3.005,121.0
2025-08-06T13:24:47,3.0,3.0,3.0,3.0,126.0
2025-08-06T13:24:52,3.005,3.005,3.005,3.005,131.0
2025-08-06T13:25:05,3.0,3.0,3.0,3.0,578.0
2025-08-06T13:25:07,3.0003,3.0003,3.0003,3.0003,500.0
2025-08-06T13:25:17,3.005,3.0086,3.005,3.0086,2123.0
2025-08-06T13:25:22,3.0,3.0001,3.0,3.0,627.0
2025-08-06T13:25:23,3.0,3.01,3.0,3.01,497.0
2025-08-06T13:25:25,3.0,3.01,2.99,3.01,2170.0
2025-08-06T13:25:29,2.9917,2.9917,2.9917,2.9917,100.0
2025-08-06T13:25:32,2.995,2.995,2.995,2.995,132.0
2025-08-06T13:25:44,2.99,2.99,2.99,2.99,152.0
2025-08-06T13:25:45,2.99,2.99,2.99,2.99,132.0
2025-08-06T13:25:47,2.99,2.99,2.99,2.99,132.0
2025-08-06T13:25:51,2.9901,2.9901,2.9901,2.9901,295.0
2025-08-06T13:26:01,2.9901,2.9901,2.9901,2.9901,3120.0
2025-08-06T13:26:07,2.99,2.99,2.99,2.99,135.0
2025-08-06T13:26:09,2.9917,2.9917,2.9917,2.9917,200.0
2025-08-06T13:26:14,3.0,3.01,3.0,3.01,7776.0
2025-08-06T13:26:15,3.01,3.01,3.01,3.01,100.0
2025-08-06T13:26:25,3.01,3.01,3.01,3.01,352.0
2025-08-06T13:26:26,3.02,3.02,3.02,3.02,202.0
2025-08-06T13:26:31,3.015,3.02,3.0,3.02,8393.0
2025-08-06T13:26:37,3.01,3.01,3.01,3.01,100.0
2025-08-06T13:26:41,3.0099,3.0099,3.0,3.0,300.0
2025-08-06T13:26:56,3.005,3.01,3.005,3.01,600.0
2025-08-06T13:27:16,3.01,3.01,3.01,3.01,400.0
2025-08-06T13:27:18,3.01,3.01,3.01,3.01,888.0
2025-08-06T13:27:20,3.0003,3.0003,3.0003,3.0003,100.0
2025-08-06T13:27:24,3.0099,3.0099,3.0099,3.0099,500.0
2025-08-06T13:27:43,3.0003,3.0003,3.0003,3.0003,221.0
2025-08-06T13:27:44,3.0002,3.0002,3.0002,3.0002,202.0
2025-08-06T13:27:46,3.005,3.01,3.0,3.0,9509.0
2025-08-06T13:27:49,3.005,3.005,3.0,3.0,6334.0
2025-08-06T13:27:50,3.01,3.01,3.0,3.0,2027.0
2025-08-06T13:27:53,2.99,2.99,2.9806,2.9806,3073.0
2025-08-06T13:27:56,2.9804,2.9804,2.9804,2.9804,701.0
2025-08-06T13:27:59,2.98,2.981,2.97,2.975,4642.0
2025-08-06T13:28:00,2.98,2.98,2.98,2.98,1362.0
2025-08-06T13:28:04,2.98,2.98,2.98,2.98,966.0
2025-08-06T13:28:15,2.97,2.9789,2.97,2.9789,605.0
2025-08-06T13:28:17,2.98,2.99,2.98,2.99,5062.0
2025-08-06T13:28:18,3.0,3.0,3.0,3.0,100.0
2025-08-06T13:28:23,2.995,2.995,2.9901,2.9901,215.0
2025-08-06T13:28:25,2.99,2.99,2.99,2.99,100.0
2025-08-06T13:28:26,2.99,2.99,2.99,2.99,310.0
2025-08-06T13:28:28,2.9917,2.9917,2.9917,2.9917,100.0
2025-08-06T13:28:39,2.99,3.0,2.99,2.99,3482.0
2025-08-06T13:29:13,2.9801,2.9801,2.9801,2.9801,200.0
2025-08-06T13:29:20,2.98,2.98,2.98,2.98,343.0
2025-08-06T13:29:45,2.9807,2.9807,2.98,2.98,1600.0
2025-08-06T13:29:47,2.9801,2.9801,2.9801,2.9801,1241.0
2025-08-06T13:29:55,2.98,2.98,2.98,2.98,307.0
2025-08-06T13:30:01,2.98,2.98,2.98,2.98,300.0
2025-08-06T13:30:04,2.98,2.98,2.98,2.98,109.0
2025-08-06T13:30:07,2.9899,2.9899,2.9899,2.9899,110.0
2025-08-06T13:30:08,2.99,2.99,2.99,2.99,200.0
2025-08-06T13:30:38,2.99,2.99,2.99,2.99,100.0
2025-08-06T13:30:50,2.9808,2.99,2.98,2.99,3249.0
2025-08-06T13:30:56,2.9807,2.9807,2.98,2.98,1794.0
2025-08-06T13:30:59,2.99,2.99,2.99,2.99,5252.0
2025-08-06T13:31:01,2.9908,2.9908,2.9908,2.9908,336.0
2025-08-06T13:31:04,3.0,3.0,2.995,2.995,550.0
2025-08-06T13:31:05,2.9999,2.9999,2.9999,2.9999,150.0
2025-08-06T13:31:08,2.99,2.99,2.99,2.99,175.0
2025-08-06T13:31:09,2.995,3.0,2.995,3.0,400.0
2025-08-06T13:31:12,3.0,3.0,3.0,3.0,3374.0
2025-08-06T13:31:29,2.995,2.995,2.995,2.995,100.0
2025-08-06T13:31:38,3.0,3.0,3.0,3.0,250.0
2025-08-06T13:32:09,2.9911,2.9911,2.9911,2.9911,100.0
2025-08-06T13:32:19,2.9911,2.9911,2.9911,2.9911,140.0
2025-08-06T13:32:22,2.9993,2.9993,2.9993,2.9993,547.0
2025-08-06T13:32:23,2.99,2.99,2.99,2.99,211.0
2025-08-06T13:32:30,2.999,3.0,2.999,3.0,245.0
2025-08-06T13:32:42,2.995,2.995,2.995,2.995,100.0
2025-08-06T13:32:44,3.0,3.0,3.0,3.0,1200.0
2025-08-06T13:32:47,3.0,3.0,3.0,3.0,100.0
2025-08-06T13:33:05,2.9901,2.9901,2.9901,2.9901,100.0
2025-08-06T13:33:08,2.9901,2.9901,2.9901,2.9901,1105.0
2025-08-06T13:33:32,2.9969,2.9969,2.9969,2.9969,100.0
2025-08-06T13:33:45,2.99,3.0,2.99,3.0,14668.0
2025-08-06T13:33:46,3.0,3.0,3.0,3.0,253.0
2025-08-06T13:33:47,3.0,3.0,3.0,3.0,4652.0
2025-08-06T13:33:48,3.005,3.005,3.005,3.005,271.0
2025-08-06T13:34:00,3.0099,3.0099,3.0099,3.0099,600.0
2025-08-06T13:34:04,3.0005,3.0005,3.0005,3.0005,2400.0
2025-08-06T13:34:22,3.0011,3.0011,3.0011,3.0011,106.0
2025-08-06T13:34:24,3.0092,3.01,3.0092,3.01,777.0
2025-08-06T13:34:27,3.01,3.01,3.0,3.0,681.0
2025-08-06T13:34:55,3.005,3.01,3.005,3.01,2269.0
2025-08-06T13:35:21,3.01,3.02,3.01,3.02,2366.0
2025-08-06T13:35:22,3.0061,3.0061,3.0061,3.0061,2000.0
2025-08-06T13:35:57,3.005,3.005,3.005,3.005,172.0
2025-08-06T13:36:08,3.0099,3.01,3.0099,3.01,2645.0
2025-08-06T13:36:19,3.0199,3.0199,3.0199,3.0199,103.0
2025-08-06T13:36:21,3.0196,3.02,3.0,3.02,7438.0
2025-08-06T13:36:24,3.0093,3.0093,3.0035,3.0035,730.0
2025-08-06T13:36:38,3.0,3.0,3.0,3.0,100.0
2025-08-06T13:36:45,3.0,3.0,3.0,3.0,100.0
2025-08-06T13:36:59,3.0017,3.0017,3.0017,3.0017,100.0
2025-08-06T13:37:09,3.0,3.0,3.0,3.0,2203.0
2025-08-06T13:37:17,3.0,3.0,3.0,3.0,300.0
2025-08-06T13:37:19,3.0,3.01,3.0,3.01,811.0
2025-08-06T13:37:25,2.99,2.99,2.99,2.99,1690.0
2025-08-06T13:37:26,3.0,3.0,3.0,3.0,1868.0
2025-08-06T13:37:34,2.9955,2.9955,2.9955,2.9955,1000.0
2025-08-06T13:37:42,2.995,3.0,2.995,3.0,200.0
2025-08-06T13:38:04,3.0,3.0,3.0,3.0,3502.0
2025-08-06T13:38:07,3.01,3.01,3.01,3.01,1000.0
2025-08-06T13:38:09,3.0008,3.0008,3.0008,3.0008,345.0
2025-08-06T13:38:17,3.0,3.0,3.0,3.0,100.0
2025-08-06T13:38:35,3.005,3.01,3.0,3.0,4833.0
2025-08-06T13:38:46,3.0,3.0,3.0,3.0,1482.0
2025-08-06T13:38:57,2.9917,2.9917,2.9917,2.9917,100.0
2025-08-06T13:38:58,2.99,2.99,2.99,2.99,100.0
2025-08-06T13:39:01,3.0,3.0,3.0,3.0,100.0
2025-08-06T13:39:06,2.99,3.0,2.98,3.0,8457.0
2025-08-06T13:39:10,2.9795,2.9795,2.9795,2.9795,1673.0
2025-08-06T13:39:11,2.97,2.97,2.97,2.97,700.0
2025-08-06T13:39:17,2.97,2.97,2.97,2.97,100.0
2025-08-06T13:39:20,2.975,2.975,2.9701,2.9701,324.0
2025-08-06T13:39:21,2.9706,2.9706,2.9706,2.9706,2838.0
2025-08-06T13:39:24,2.98,2.98,2.98,2.98,100.0
2025-08-06T13:39:28,2.975,2.975,2.975,2.975,100.0
2025-08-06T13:39:29,2.98,2.98,2.98,2.98,100.0
2025-08-06T13:39:32,2.98,2.98,2.975,2.975,2565.0
2025-08-06T13:39:34,2.9799,2.9799,2.97,2.97,1106.0
2025-08-06T13:39:37,2.9717,2.9717,2.9717,2.9717,100.0
2025-08-06T13:39:42,2.9701,2.98,2.97,2.97,7119.0
2025-08-06T13:39:43,2.96,2.9602,2.96,2.9602,752.0
2025-08-06T13:39:44,2.962,2.962,2.95,2.951,9548.0
2025-08-06T13:39:45,2.9501,2.9505,2.9501,2.9505,4077.0
2025-08-06T13:39:46,2.9545,2.9545,2.9545,2.9545,200.0
2025-08-06T13:39:47,2.9545,2.9545,2.9545,2.9545,150.0
2025-08-06T13:39:48,2.9589,2.9589,2.95,2.95,200.0
2025-08-06T13:39:50,2.9501,2.9501,2.95,2.95,2000.0
2025-08-06T13:39:52,2.9502,2.96,2.9502,2.96,5300.0
2025-08-06T13:39:57,2.9517,2.9517,2.9517,2.9517,100.0
2025-08-06T13:40:00,2.95,2.95,2.95,2.95,400.0
2025-08-06T13:40:01,2.9555,2.9555,2.9555,2.9555,2000.0
2025-08-06T13:40:02,2.9595,2.96,2.9595,2.96,1700.0
2025-08-06T13:40:04,2.95,2.95,2.95,2.95,350.0
2025-08-06T13:40:05,2.9501,2.9501,2.9501,2.9501,685.0
2025-08-06T13:40:07,2.95,2.95,2.95,2.95,681.0
2025-08-06T13:40:08,2.952,2.952,2.952,2.952,100.0
2025-08-06T13:40:09,2.951,2.951,2.951,2.951,700.0
2025-08-06T13:40:10,2.96,2.96,2.96,2.96,300.0
2025-08-06T13:40:11,2.9501,2.9501,2.9501,2.9501,1000.0
2025-08-06T13:40:16,2.96,2.96,2.96,2.96,100.0
2025-08-06T13:40:20,2.9555,2.9555,2.9545,2.9545,6600.0
2025-08-06T13:40:21,2.952,2.952,2.952,2.952,100.0
2025-08-06T13:40:22,2.955,2.955,2.95,2.955,2300.0
2025-08-06T13:40:23,2.955,2.955,2.9501,2.9501,547.0
2025-08-06T13:40:29,2.9501,2.96,2.95,2.96,4461.0
2025-08-06T13:40:30,2.95,2.96,2.95,2.96,200.0
2025-08-06T13:40:32,2.9599,2.9599,2.9599,2.9599,1050.0
2025-08-06T13:40:33,2.95,2.95,2.92,2.93,18941.0
2025-08-06T13:40:34,2.93,2.93,2.93,2.93,1063.0
2025-08-06T13:40:38,2.935,2.95,2.935,2.94,3871.0
2025-08-06T13:40:39,2.945,2.945,2.945,2.945,200.0
2025-08-06T13:40:40,2.942,2.942,2.942,2.942,800.0
2025-08-06T13:40:44,2.945,2.96,2.945,2.95,3440.0
2025-08-06T13:40:50,2.95,2.95,2.95,2.95,116.0
2025-08-06T13:40:53,2.95,2.95,2.95,2.95,112.0
2025-08-06T13:40:55,2.9517,2.96,2.95,2.95,1740.0
2025-08-06T13:40:56,2.945,2.945,2.945,2.945,200.0
2025-08-06T13:40:57,2.95,2.95,2.95,2.95,310.0
2025-08-06T13:41:00,2.94,2.94,2.94,2.94,136.0
2025-08-06T13:41:01,2.9409,2.9409,2.9401,2.9401,327.0
2025-08-06T13:41:04,2.94,2.94,2.94,2.94,301.0
2025-08-06T13:41:05,2.9399,2.94,2.9399,2.94,2600.0
2025-08-06T13:41:07,2.93,2.93,2.93,2.93,110.0
2025-08-06T13:41:12,2.935,2.95,2.935,2.94,8137.0
2025-08-06T13:41:13,2.9495,2.9495,2.9495,2.9495,1400.0
2025-08-06T13:41:18,2.95,2.95,2.95,2.95,536.0
2025-08-06T13:41:28,2.96,2.96,2.96,2.96,134.0
2025-08-06T13:41:31,2.95,2.96,2.95,2.96,1531.0
2025-08-06T13:41:35,2.9409,2.95,2.9409,2.95,300.0
2025-08-06T13:41:38,2.94,2.94,2.94,2.94,100.0
2025-08-06T13:41:44,2.95,2.96,2.95,2.958,2701.0
2025-08-06T13:41:45,2.955,2.96,2.955,2.96,202.0
2025-08-06T13:41:46,2.9599,2.9599,2.9599,2.9599,100.0
2025-08-06T13:41:48,2.95,2.95,2.95,2.95,100.0
2025-08-06T13:41:49,2.95,2.95,2.95,2.95,100.0
2025-08-06T13:41:51,2.96,2.96,2.96,2.96,100.0
2025-08-06T13:41:52,2.955,2.96,2.955,2.959,672.0
2025-08-06T13:42:02,2.9501,2.9501,2.9501,2.9501,496.0
2025-08-06T13:42:07,2.955,2.955,2.955,2.955,100.0
2025-08-06T13:42:14,2.96,2.96,2.96,2.96,100.0
2025-08-06T13:42:21,2.95,2.96,2.95,2.95,10801.0
2025-08-06T13:42:22,2.95,2.95,2.949,2.949,1280.0
2025-08-06T13:42:29,2.95,2.95,2.95,2.95,100.0
2025-08-06T13:42:32,2.95,2.95,2.95,2.95,387.0
2025-08-06T13:42:34,2.95,2.95,2.95,2.95,170.0
2025-08-06T13:42:35,2.96,2.96,2.96,2.96,100.0
2025-08-06T13:42:37,2.9507,2.9507,2.9507,2.9507,1000.0
2025-08-06T13:42:39,2.9545,2.9569,2.9545,2.9569,500.0
2025-08-06T13:43:03,2.96,2.96,2.96,2.96,300.0
2025-08-06T13:43:07,2.95,2.95,2.95,2.95,100.0
2025-08-06T13:43:13,2.955,2.955,2.955,2.955,100.0
2025-08-06T13:43:14,2.9555,2.9555,2.9555,2.9555,500.0
2025-08-06T13:43:16,2.95,2.96,2.95,2.96,6150.0
2025-08-06T13:43:22,2.95,2.95,2.95,2.95,8000.0
2025-08-06T13:43:23,2.94,2.95,2.94,2.95,1120.0
2025-08-06T13:43:25,2.955,2.955,2.955,2.955,2000.0
2025-08-06T13:43:27,2.955,2.955,2.955,2.955,100.0
2025-08-06T13:43:30,2.955,2.99,2.955,2.98,17878.0
2025-08-06T13:43:31,2.98,2.98,2.98,2.98,163.0
2025-08-06T13:43:34,2.975,2.975,2.975,2.975,271.0
2025-08-06T13:43:38,2.97,2.97,2.97,2.97,100.0
2025-08-06T13:43:39,2.975,2.975,2.975,2.975,558.0
2025-08-06T13:43:40,2.97,2.98,2.97,2.98,1535.0
2025-08-06T13:44:02,2.97,2.97,2.97,2.97,547.0
2025-08-06T13:44:06,2.9791,2.9791,2.9791,2.9791,1000.0
2025-08-06T13:44:10,2.98,2.98,2.98,2.98,100.0
2025-08-06T13:44:12,2.97,2.9702,2.97,2.9702,634.0
2025-08-06T13:44:14,2.9705,2.9705,2.9705,2.9705,2261.0
2025-08-06T13:44:15,2.97,2.97,2.97,2.97,174.0
2025-08-06T13:44:29,2.975,2.975,2.975,2.975,300.0
2025-08-06T13:44:31,2.9706,2.9706,2.9706,2.9706,1225.0
2025-08-06T13:44:42,2.97,2.98,2.97,2.98,1785.0
2025-08-06T13:44:47,2.965,2.965,2.965,2.965,198.0
2025-08-06T13:44:54,2.9699,2.97,2.965,2.97,10619.0
2025-08-06T13:45:01,2.975,2.98,2.975,2.98,437.0
2025-08-06T13:45:06,2.9866,2.9866,2.9866,2.9866,300.0
2025-08-06T13:45:14,2.98,2.98,2.98,2.98,3694.0
2025-08-06T13:45:18,2.9846,2.9846,2.9846,2.9846,916.0
2025-08-06T13:45:23,2.9846,2.9846,2.9846,2.9846,1000.0
2025-08-06T13:45:32,2.98,2.99,2.98,2.99,1689.0
2025-08-06T13:45:39,2.97,2.97,2.97,2.97,118.0
2025-08-06T13:45:45,2.97,2.97,2.97,2.97,192.0
2025-08-06T13:45:54,2.9793,2.9793,2.975,2.975,1100.0
2025-08-06T13:46:07,2.9754,2.9754,2.9754,2.9754,1000.0
2025-08-06T13:46:11,2.98,2.99,2.98,2.99,3735.0
2025-08-06T13:46:13,2.9946,3.0,2.99,2.99,683.0
2025-08-06T13:46:15,2.9981,2.9981,2.99,2.99,300.0
2025-08-06T13:46:17,2.99,3.0,2.99,2.99,1156.0
2025-08-06T13:46:18,2.98,2.98,2.98,2.98,100.0
2025-08-06T13:46:23,2.98,2.98,2.98,2.98,125.0
2025-08-06T13:46:31,2.99,2.99,2.99,2.99,264.0
2025-08-06T13:46:33,2.985,2.985,2.985,2.985,100.0
2025-08-06T13:46:40,2.9801,2.9801,2.9801,2.9801,990.0
2025-08-06T13:46:41,2.985,2.99,2.985,2.99,200.0
2025-08-06T13:46:43,2.98,2.98,2.98,2.98,1000.0
2025-08-06T13:46:44,2.9899,2.9899,2.9899,2.9899,400.0
2025-08-06T13:47:00,2.98,2.99,2.98,2.985,3230.0
2025-08-06T13:47:01,2.99,2.99,2.99,2.99,100.0
2025-08-06T13:47:16,2.99,2.99,2.99,2.99,100.0
2025-08-06T13:47:21,2.99,2.99,2.99,2.99,105.0
2025-08-06T13:47:25,2.99,2.99,2.99,2.99,100.0
2025-08-06T13:47:31,2.99,2.99,2.99,2.99,101.0
2025-08-06T13:47:34,2.99,2.99,2.99,2.99,101.0
2025-08-06T13:47:37,2.985,2.99,2.98,2.985,5694.0
2025-08-06T13:47:39,2.97,2.97,2.97,2.97,626.0
2025-08-06T13:47:41,2.96,2.967,2.96,2.967,610.0
2025-08-06T13:47:46,2.97,2.97,2.97,2.97,100.0
2025-08-06T13:47:50,2.97,2.98,2.965,2.965,1343.0
2025-08-06T13:47:57,2.96,2.96,2.96,2.96,400.0
2025-08-06T13:48:08,2.965,2.965,2.95,2.965,4273.0
2025-08-06T13:48:13,2.9693,2.9693,2.965,2.965,800.0
2025-08-06T13:48:18,2.961,2.961,2.961,2.961,159.0
2025-08-06T13:48:24,2.97,2.97,2.97,2.97,205.0
2025-08-06T13:48:26,2.96,2.965,2.96,2.965,600.0
2025-08-06T13:48:35,2.97,2.97,2.97,2.97,326.0
2025-08-06T13:48:38,2.98,2.98,2.97,2.97,400.0
2025-08-06T13:48:40,2.97,2.97,2.97,2.97,300.0
2025-08-06T13:48:41,2.97,2.97,2.97,2.97,120.0
2025-08-06T13:48:45,2.98,2.98,2.98,2.98,102.0
2025-08-06T13:48:46,2.9755,2.98,2.9755,2.98,250.0
2025-08-06T13:48:48,2.98,2.98,2.98,2.98,255.0
2025-08-06T13:48:50,2.975,2.975,2.9701,2.9701,500.0
2025-08-06T13:48:52,2.9799,2.9799,2.9799,2.9799,752.0
2025-08-06T13:48:58,2.98,2.98,2.98,2.98,220.0
2025-08-06T13:48:59,2.98,2.98,2.975,2.975,637.0
2025-08-06T13:49:10,2.9799,2.9799,2.9799,2.9799,150.0
2025-08-06T13:49:13,2.97,2.975,2.97,2.975,300.0
2025-08-06T13:49:17,2.9705,2.9705,2.9705,2.9705,1200.0
2025-08-06T13:49:22,2.98,2.98,2.98,2.98,100.0
2025-08-06T13:49:24,2.9755,2.9755,2.9755,2.9755,100.0
2025-08-06T13:49:30,2.975,2.975,2.975,2.975,1000.0
2025-08-06T13:49:35,2.98,2.98,2.98,2.98,100.0
2025-08-06T13:49:40,2.9711,2.9711,2.9711,2.9711,157.0
2025-08-06T13:50:10,2.9745,2.9745,2.9745,2.9745,400.0
2025-08-06T13:50:16,2.97,2.97,2.97,2.97,127.0
2025-08-06T13:50:32,2.98,2.98,2.98,2.98,11926.0
2025-08-06T13:50:33,2.99,2.99,2.99,2.99,100.0
2025-08-06T13:50:39,2.98,2.98,2.98,2.98,342.0
2025-08-06T13:50:41,2.985,2.985,2.985,2.985,100.0
2025-08-06T13:50:49,2.98,2.98,2.98,2.98,500.0
2025-08-06T13:51:03,2.985,2.985,2.985,2.985,131.0
2025-08-06T13:51:09,2.985,2.985,2.985,2.985,175.0
2025-08-06T13:51:10,2.985,2.985,2.985,2.985,400.0
2025-08-06T13:51:11,2.9802,2.9802,2.9802,2.9802,158.0
2025-08-06T13:51:13,2.98,2.98,2.98,2.98,252.0
2025-08-06T13:51:15,2.985,2.985,2.985,2.985,100.0
2025-08-06T13:51:29,2.985,2.985,2.985,2.985,1039.0
2025-08-06T13:51:56,2.99,3.01,2.99,3.005,15772.0
2025-08-06T13:51:57,3.01,3.01,3.01,3.01,100.0
2025-08-06T13:52:00,3.005,3.0099,3.005,3.0099,1634.0
2025-08-06T13:52:01,3.0099,3.0099,3.0099,3.0099,1001.0
2025-08-06T13:52:04,3.01,3.01,3.0047,3.0047,4301.0
2025-08-06T13:52:06,3.015,3.02,3.0102,3.0102,1721.0
2025-08-06T13:52:07,3.015,3.02,3.015,3.02,1640.0
2025-08-06T13:52:08,3.0199,3.0199,3.0199,3.0199,2000.0
2025-08-06T13:52:09,3.02,3.02,3.02,3.02,2683.0
2025-08-06T13:52:10,3.02,3.02,3.02,3.02,4404.0
2025-08-06T13:52:11,3.015,3.02,3.015,3.02,3321.0
2025-08-06T13:52:12,3.028,3.028,3.025,3.025,4100.0
2025-08-06T13:52:14,3.025,3.03,3.02,3.02,2268.0
2025-08-06T13:52:15,3.025,3.025,3.025,3.025,123.0
2025-08-06T13:52:16,3.03,3.04,3.03,3.035,3188.0
2025-08-06T13:52:17,3.04,3.04,3.03,3.03,2658.0
2025-08-06T13:52:18,3.04,3.04,3.035,3.035,2100.0
2025-08-06T13:52:20,3.03,3.03,3.03,3.03,201.0
2025-08-06T13:52:21,3.03,3.04,3.01,3.04,9166.0
2025-08-06T13:52:22,3.025,3.04,3.025,3.0399,13124.0
2025-08-06T13:52:24,3.0391,3.04,3.0391,3.04,2156.0
2025-08-06T13:52:26,3.045,3.045,3.045,3.045,711.0
2025-08-06T13:52:27,3.05,3.055,3.05,3.0501,3666.0
2025-08-06T13:52:28,3.055,3.055,3.04,3.04,1672.0
2025-08-06T13:52:29,3.0484,3.06,3.04,3.06,5560.0
2025-08-06T13:52:30,3.058,3.058,3.055,3.058,544.0
2025-08-06T13:52:32,3.0599,3.0599,3.0599,3.0599,3520.0
2025-08-06T13:52:33,3.0599,3.0599,3.0599,3.0599,5001.0
2025-08-06T13:52:34,3.0501,3.0501,3.0501,3.0501,125.0
2025-08-06T13:52:35,3.055,3.055,3.045,3.045,1327.0
2025-08-06T13:52:37,3.0493,3.0493,3.0493,3.0493,500.0
2025-08-06T13:52:38,3.0435,3.0435,3.0435,3.0435,1080.0
2025-08-06T13:52:42,3.049,3.049,3.049,3.049,159.0
2025-08-06T13:52:43,3.04,3.04,3.04,3.04,301.0
2025-08-06T13:52:46,3.04,3.0493,3.04,3.0493,1280.0
2025-08-06T13:52:47,3.04,3.04,3.04,3.04,358.0
2025-08-06T13:52:48,3.05,3.05,3.05,3.05,1025.0
2025-08-06T13:52:50,3.045,3.045,3.045,3.045,1500.0
2025-08-06T13:52:54,3.0401,3.05,3.04,3.04,3530.0
2025-08-06T13:52:55,3.05,3.055,3.048,3.05,2736.0
2025-08-06T13:52:58,3.0499,3.0499,3.0499,3.0499,352.0
2025-08-06T13:52:59,3.0492,3.0492,3.0492,3.0492,263.0
2025-08-06T13:53:02,3.0491,3.0491,3.0491,3.0491,1887.0
2025-08-06T13:53:03,3.04,3.04,3.04,3.04,542.0
2025-08-06T13:53:12,3.0411,3.0411,3.0411,3.0411,100.0
2025-08-06T13:53:15,3.0489,3.05,3.0489,3.05,464.0
2025-08-06T13:53:16,3.06,3.06,3.06,3.06,200.0
2025-08-06T13:53:17,3.053,3.053,3.0511,3.0511,1325.0
2025-08-06T13:53:18,3.055,3.055,3.055,3.055,5030.0
2025-08-06T13:53:22,3.06,3.06,3.06,3.06,1047.0
2025-08-06T13:53:25,3.05,3.0501,3.05,3.0501,355.0
2025-08-06T13:53:26,3.0593,3.0593,3.0593,3.0593,958.0
2025-08-06T13:53:27,3.06,3.06,3.06,3.06,183.0
2025-08-06T13:53:28,3.055,3.06,3.05,3.06,3719.0
2025-08-06T13:53:29,3.045,3.05,3.04,3.04,4537.0
2025-08-06T13:53:30,3.035,3.038,3.035,3.035,5258.0
2025-08-06T13:53:31,3.035,3.035,3.035,3.035,100.0
2025-08-06T13:53:34,3.03,3.04,3.03,3.04,3497.0
2025-08-06T13:53:35,3.03,3.03,3.03,3.03,100.0
2025-08-06T13:53:37,3.04,3.04,3.04,3.04,560.0
2025-08-06T13:53:38,3.05,3.05,3.05,3.05,100.0
2025-08-06T13:53:40,3.04,3.04,3.03,3.04,4420.0
2025-08-06T13:53:41,3.03,3.03,3.03,3.03,220.0
2025-08-06T13:53:42,3.03,3.03,3.03,3.03,1795.0
2025-08-06T13:53:45,3.0389,3.0389,3.0389,3.0389,174.0
2025-08-06T13:53:53,3.03,3.04,3.03,3.04,1509.0
2025-08-06T13:53:55,3.04,3.0401,2.9601,3.03,7382.0
2025-08-06T13:53:58,3.03,3.035,3.03,3.035,533.0
2025-08-06T13:54:01,3.03,3.03,3.02,3.02,2526.0
2025-08-06T13:54:02,3.03,3.03,3.01,3.012,6402.0
2025-08-06T13:54:03,3.015,3.019,3.015,3.019,1700.0
2025-08-06T13:54:04,3.02,3.02,3.02,3.02,1339.0
2025-08-06T13:54:06,3.0255,3.0255,3.0255,3.0255,1000.0
2025-08-06T13:54:09,3.025,3.025,3.0203,3.0203,2558.0
2025-08-06T13:54:11,3.02,3.02,3.02,3.02,433.0
2025-08-06T13:54:14,3.0111,3.0111,3.0111,3.0111,100.0
2025-08-06T13:54:16,3.01,3.02,3.01,3.02,849.0
2025-08-06T13:54:17,3.02,3.03,3.02,3.03,798.0
2025-08-06T13:54:19,3.0246,3.0246,3.0246,3.0246,600.0
2025-08-06T13:54:22,3.02,3.02,3.02,3.02,100.0
2025-08-06T13:54:28,3.025,3.025,3.02,3.02,3300.0
2025-08-06T13:54:29,3.02,3.03,3.01,3.03,3126.0
2025-08-06T13:54:30,3.015,3.015,3.01,3.01,5850.0
2025-08-06T13:54:31,3.01,3.0155,3.01,3.0155,4200.0
2025-08-06T13:54:33,3.01,3.01,3.01,3.01,100.0
2025-08-06T13:54:37,3.015,3.02,3.015,3.02,400.0
2025-08-06T13:54:41,3.02,3.02,3.0191,3.0191,600.0
2025-08-06T13:54:44,3.02,3.02,3.02,3.02,522.0
2025-08-06T13:54:45,3.03,3.03,3.03,3.03,100.0
2025-08-06T13:54:50,3.02,3.03,3.02,3.0299,2135.0
2025-08-06T13:55:00,3.025,3.025,3.025,3.025,100.0
2025-08-06T13:55:03,3.025,3.025,3.025,3.025,100.0
2025-08-06T13:55:05,3.0211,3.0211,3.0211,3.0211,220.0
2025-08-06T13:55:06,3.03,3.035,3.03,3.035,9096.0
2025-08-06T13:55:08,3.03,3.03,3.025,3.025,1009.0
2025-08-06T13:55:10,3.025,3.03,3.025,3.03,1856.0
2025-08-06T13:55:13,3.0293,3.0293,3.02,3.02,950.0
2025-08-06T13:55:24,3.025,3.025,3.025,3.025,180.0
2025-08-06T13:55:25,3.0289,3.0289,3.0289,3.0289,218.0
2025-08-06T13:55:26,3.0255,3.0255,3.0255,3.0255,300.0
2025-08-06T13:55:31,3.02,3.02,3.02,3.02,275.0
2025-08-06T13:55:35,3.0211,3.0211,3.0211,3.0211,391.0
2025-08-06T13:55:40,3.025,3.025,3.025,3.025,355.0
2025-08-06T13:55:49,3.0208,3.0208,3.0208,3.0208,140.0
2025-08-06T13:55:52,3.03,3.03,3.025,3.03,2107.0
2025-08-06T13:55:53,3.0291,3.0291,3.0291,3.0291,170.0
2025-08-06T13:55:59,3.02,3.02,3.02,3.02,300.0
2025-08-06T13:56:05,3.025,3.03,3.02,3.0203,4726.0
2025-08-06T13:56:10,3.025,3.025,3.02,3.02,1573.0
2025-08-06T13:56:11,3.02,3.02,3.02,3.02,1553.0
2025-08-06T13:56:17,3.03,3.03,3.03,3.03,100.0
2025-08-06T13:56:26,3.0293,3.0293,3.0293,3.0293,900.0
2025-08-06T13:56:28,3.0211,3.0211,3.0211,3.0211,100.0
2025-08-06T13:56:29,3.02,3.02,3.02,3.02,1008.0
2025-08-06T13:56:38,3.0201,3.0201,3.0201,3.0201,342.0
2025-08-06T13:56:41,3.02,3.02,3.02,3.02,4971.0
2025-08-06T13:56:42,3.03,3.03,3.03,3.03,200.0
2025-08-06T13:56:43,3.0211,3.0211,3.0211,3.0211,110.0
2025-08-06T13:56:45,3.0243,3.0243,3.0243,3.0243,2000.0
2025-08-06T13:56:51,3.02,3.02,3.02,3.02,100.0
2025-08-06T13:56:54,3.02,3.03,3.02,3.02,4619.0
2025-08-06T13:56:55,3.025,3.025,3.02,3.02,1783.0
2025-08-06T13:56:56,3.025,3.025,3.02,3.02,621.0
2025-08-06T13:56:57,3.025,3.025,3.02,3.02,575.0
2025-08-06T13:56:58,3.0292,3.0292,3.0292,3.0292,344.0
2025-08-06T13:56:59,3.02,3.02,3.02,3.02,194.0
2025-08-06T13:57:13,3.03,3.03,3.03,3.03,131.0
2025-08-06T13:57:14,3.03,3.03,3.0246,3.0246,566.0
2025-08-06T13:57:19,3.03,3.03,3.03,3.03,200.0
2025-08-06T13:57:24,3.0201,3.0201,3.0201,3.0201,1902.0
2025-08-06T13:57:31,3.0211,3.0211,3.0211,3.0211,100.0
2025-08-06T13:57:33,3.03,3.03,3.03,3.03,100.0
2025-08-06T13:57:34,3.02,3.02,3.02,3.02,631.0
2025-08-06T13:57:41,3.0245,3.0245,3.0245,3.0245,200.0
2025-08-06T13:57:59,3.0201,3.0201,3.0201,3.0201,2000.0
2025-08-06T13:58:04,3.02,3.02,3.02,3.02,487.0
2025-08-06T13:58:09,3.025,3.025,3.025,3.025,260.0
2025-08-06T13:58:24,3.0289,3.0289,3.0289,3.0289,100.0
2025-08-06T13:58:25,3.02,3.02,3.02,3.02,417.0
2025-08-06T13:58:30,3.0265,3.03,3.02,3.02,13125.0
2025-08-06T13:58:34,3.02,3.02,3.02,3.02,218.0
2025-08-06T13:58:39,3.01,3.01,3.01,3.01,100.0
2025-08-06T13:58:50,3.012,3.012,3.012,3.012,500.0
2025-08-06T13:58:53,3.018,3.018,3.018,3.018,190.0
2025-08-06T13:59:09,3.02,3.02,3.02,3.02,2000.0
2025-08-06T13:59:13,3.01,3.01,3.01,3.01,100.0
2025-08-06T13:59:16,3.01,3.02,3.01,3.0106,6492.0
2025-08-06T13:59:21,3.02,3.02,3.02,3.02,100.0
2025-08-06T13:59:26,3.01,3.018,3.01,3.018,500.0
2025-08-06T13:59:27,3.0154,3.0154,3.0154,3.0154,1575.0
2025-08-06T13:59:31,3.015,3.015,3.015,3.015,425.0
2025-08-06T13:59:38,3.01,3.01,3.01,3.01,361.0
2025-08-06T13:59:41,3.0199,3.0199,3.0199,3.0199,100.0
2025-08-06T13:59:50,3.0111,3.0111,3.0111,3.0111,252.0
2025-08-06T13:59:53,3.0189,3.0189,3.0122,3.0122,1150.0
2025-08-06T13:59:58,3.01,3.01,3.01,3.01,100.0
2025-08-06T14:00:01,3.02,3.02,3.0193,3.0193,938.0
2025-08-06T14:00:04,3.02,3.02,3.02,3.02,3895.0
2025-08-06T14:00:06,3.01,3.02,2.99,3.0,18538.0
2025-08-06T14:00:07,3.01,3.01,3.01,3.01,1072.0
2025-08-06T14:00:08,3.01,3.01,3.01,3.01,175.0
2025-08-06T14:00:18,3.005,3.005,3.005,3.005,1575.0
2025-08-06T14:00:21,3.005,3.01,3.005,3.005,594.0
2025-08-06T14:00:26,3.01,3.01,3.01,3.01,1500.0
2025-08-06T14:00:32,3.005,3.005,3.0,3.0,3729.0
2025-08-06T14:00:33,3.005,3.01,3.005,3.01,492.0
2025-08-06T14:00:34,3.01,3.01,3.01,3.01,1386.0
2025-08-06T14:00:35,3.01,3.01,3.01,3.01,1000.0
2025-08-06T14:00:39,3.0001,3.0001,3.0001,3.0001,1000.0
2025-08-06T14:00:52,3.0,3.0,3.0,3.0,100.0
2025-08-06T14:01:06,3.01,3.01,3.01,3.01,116.0
2025-08-06T14:01:13,3.01,3.01,3.01,3.01,120.0
2025-08-06T14:01:15,3.02,3.02,3.02,3.02,200.0
2025-08-06T14:01:16,3.015,3.015,3.015,3.015,300.0
2025-08-06T14:01:20,3.02,3.02,3.02,3.02,2090.0
2025-08-06T14:01:28,3.025,3.025,3.025,3.025,310.0
2025-08-06T14:01:29,3.03,3.03,3.03,3.03,100.0
2025-08-06T14:01:34,3.025,3.03,3.025,3.03,1201.0
2025-08-06T14:01:35,3.03,3.04,3.03,3.04,2289.0
2025-08-06T14:01:36,3.0311,3.0311,3.0311,3.0311,100.0
2025-08-06T14:01:38,3.04,3.04,3.04,3.04,175.0
2025-08-06T14:01:45,3.035,3.035,3.035,3.035,200.0
2025-08-06T14:01:54,3.035,3.035,3.03,3.03,1899.0
2025-08-06T14:01:56,3.04,3.04,3.04,3.04,100.0
2025-08-06T14:02:03,3.03,3.03,3.03,3.03,110.0
2025-08-06T14:02:04,3.04,3.04,3.04,3.04,126.0
2025-08-06T14:02:05,3.035,3.035,3.03,3.03,200.0
2025-08-06T14:02:07,3.04,3.04,3.04,3.04,1060.0
2025-08-06T14:02:10,3.04,3.06,3.04,3.05,14993.0
2025-08-06T14:02:11,3.05,3.05,3.05,3.05,3034.0
2025-08-06T14:02:15,3.05,3.05,3.045,3.05,4454.0
2025-08-06T14:02:16,3.05,3.05,3.05,3.05,141.0
2025-08-06T14:02:17,3.05,3.05,3.05,3.05,1275.0
2025-08-06T14:02:19,3.04,3.04,3.04,3.04,100.0
2025-08-06T14:02:29,3.04,3.04,3.04,3.04,100.0
2025-08-06T14:02:33,3.0401,3.0401,3.0401,3.0401,104.0
2025-08-06T14:02:34,3.045,3.045,3.045,3.045,110.0
2025-08-06T14:02:36,3.05,3.05,3.0455,3.0455,1600.0
2025-08-06T14:02:41,3.0411,3.0411,3.0411,3.0411,200.0
2025-08-06T14:02:43,3.0499,3.0499,3.0499,3.0499,200.0
2025-08-06T14:02:48,3.045,3.045,3.04,3.04,1000.0
2025-08-06T14:02:59,3.04,3.04,3.04,3.04,264.0
2025-08-06T14:03:04,3.05,3.05,3.05,3.05,212.0
2025-08-06T14:03:10,3.05,3.05,3.0407,3.0407,1100.0
2025-08-06T14:03:14,3.05,3.05,3.05,3.05,241.0
2025-08-06T14:03:15,3.05,3.05,3.05,3.05,276.0
2025-08-06T14:03:16,3.05,3.05,3.05,3.05,135.0
2025-08-06T14:03:20,3.05,3.05,3.05,3.05,303.0
2025-08-06T14:03:21,3.045,3.045,3.045,3.045,215.0
2025-08-06T14:03:26,3.0489,3.05,3.0489,3.05,900.0
2025-08-06T14:03:29,3.05,3.05,3.05,3.05,200.0
2025-08-06T14:03:30,3.0411,3.0411,3.0411,3.0411,197.0
2025-08-06T14:03:33,3.05,3.05,3.05,3.05,247.0
2025-08-06T14:03:34,3.045,3.045,3.045,3.045,200.0
2025-08-06T14:03:44,3.045,3.05,3.04,3.05,3372.0
2025-08-06T14:03:47,3.04,3.04,3.04,3.04,670.0
2025-08-06T14:03:48,3.03,3.0301,3.03,3.0301,1906.0
2025-08-06T14:03:57,3.0355,3.0355,3.0355,3.0355,100.0
2025-08-06T14:04:11,3.04,3.04,3.04,3.04,100.0
2025-08-06T14:04:18,3.04,3.04,3.04,3.04,200.0
2025-08-06T14:04:23,3.04,3.04,3.04,3.04,200.0
2025-08-06T14:04:28,3.04,3.04,3.04,3.04,100.0
2025-08-06T14:04:32,3.035,3.035,3.035,3.035,200.0
2025-08-06T14:04:34,3.04,3.04,3.04,3.04,100.0
2025-08-06T14:04:37,3.035,3.035,3.035,3.035,100.0
2025-08-06T14:04:39,3.04,3.04,3.0346,3.0346,500.0
2025-08-06T14:04:44,3.04,3.04,3.04,3.04,200.0
2025-08-06T14:04:48,3.04,3.04,3.04,3.04,275.0
2025-08-06T14:04:52,3.03,3.04,3.02,3.04,3560.0
2025-08-06T14:04:56,3.02,3.02,3.015,3.015,1876.0
2025-08-06T14:04:59,3.02,3.02,3.02,3.02,210.0
2025-08-06T14:05:00,3.01,3.01,3.01,3.01,1621.0
2025-08-06T14:05:03,3.02,3.02,3.015,3.02,3740.0
2025-08-06T14:05:08,3.0112,3.0112,3.0112,3.0112,100.0
2025-08-06T14:05:17,3.0189,3.0189,3.0189,3.0189,100.0
2025-08-06T14:05:22,3.02,3.02,3.015,3.02,1200.0
2025-08-06T14:05:23,3.02,3.02,3.02,3.02,100.0
2025-08-06T14:05:24,3.0111,3.0111,3.0103,3.0103,643.0
2025-08-06T14:05:25,3.01,3.01,3.01,3.01,1000.0
2025-08-06T14:05:28,3.01,3.01,3.01,3.01,1935.0
2025-08-06T14:05:29,3.0107,3.02,3.0107,3.015,847.0
2025-08-06T14:05:38,3.01,3.01,3.01,3.01,150.0
2025-08-06T14:06:06,3.01,3.02,3.01,3.02,481.0
2025-08-06T14:06:10,3.015,3.015,3.015,3.015,150.0
2025-08-06T14:06:12,3.015,3.015,3.015,3.015,260.0
2025-08-06T14:06:14,3.0189,3.0189,3.0111,3.0111,1006.0
2025-08-06T14:06:25,3.01,3.02,3.01,3.01,10068.0
2025-08-06T14:06:27,3.0103,3.0103,3.0103,3.0103,400.0
2025-08-06T14:06:33,3.0193,3.0193,3.0193,3.0193,700.0
2025-08-06T14:06:42,3.02,3.02,3.02,3.02,1270.0
2025-08-06T14:06:45,3.0237,3.0237,3.02,3.02,1274.0
2025-08-06T14:06:51,3.02,3.02,3.02,3.02,382.0
2025-08-06T14:06:59,3.0289,3.0289,3.0289,3.0289,100.0
2025-08-06T14:07:02,3.02,3.0201,3.02,3.0201,911.0
2025-08-06T14:07:08,3.025,3.025,3.025,3.025,175.0
2025-08-06T14:07:14,3.03,3.03,3.03,3.03,870.0
2025-08-06T14:07:19,3.02,3.02,3.02,3.02,2318.0
2025-08-06T14:07:57,3.025,3.025,3.02,3.0201,5000.0
2025-08-06T14:08:16,3.025,3.025,3.025,3.025,134.0
2025-08-06T14:09:01,3.03,3.03,3.0235,3.0235,723.0
2025-08-06T14:09:12,3.02,3.02,3.02,3.02,604.0
2025-08-06T14:09:55,3.0207,3.0207,3.0207,3.0207,920.0
2025-08-06T14:10:02,3.0245,3.0245,3.0245,3.0245,1000.0
2025-08-06T14:10:14,3.02,3.02,3.02,3.02,500.0
2025-08-06T14:10:16,3.02,3.02,3.02,3.02,539.0
2025-08-06T14:10:30,3.0255,3.0255,3.0255,3.0255,1000.0
2025-08-06T14:10:50,3.0211,3.0211,3.0211,3.0211,206.0
2025-08-06T14:10:52,3.02,3.02,3.02,3.02,300.0
2025-08-06T14:11:01,3.0299,3.03,3.0299,3.03,6818.0
2025-08-06T14:11:10,3.0393,3.0393,3.0393,3.0393,1000.0
2025-08-06T14:11:13,3.03,3.03,3.03,3.03,2321.0
2025-08-06T14:11:14,3.03,3.03,3.03,3.03,400.0
2025-08-06T14:11:16,3.03,3.04,3.03,3.04,1222.0
2025-08-06T14:11:19,3.03,3.04,3.03,3.04,205.0
2025-08-06T14:11:21,3.03,3.03,3.01,3.01,4870.0
2025-08-06T14:11:23,3.02,3.02,3.02,3.02,824.0
2025-08-06T14:11:32,3.02,3.02,3.02,3.02,468.0
2025-08-06T14:11:34,3.0191,3.0191,3.0191,3.0191,195.0
2025-08-06T14:11:35,3.015,3.015,3.015,3.015,600.0
2025-08-06T14:11:50,3.01,3.01,3.01,3.01,4397.0
2025-08-06T14:11:51,3.01,3.01,3.01,3.01,303.0
2025-08-06T14:11:54,3.01,3.01,3.01,3.01,100.0
2025-08-06T14:11:59,3.01,3.01,3.01,3.01,100.0
2025-08-06T14:12:00,3.01,3.01,3.01,3.01,100.0
2025-08-06T14:12:03,3.0101,3.0101,3.0101,3.0101,3315.0
2025-08-06T14:12:05,3.01,3.01,3.01,3.01,775.0
2025-08-06T14:12:10,3.01,3.01,3.01,3.01,239.0
2025-08-06T14:12:16,3.0147,3.0147,3.0147,3.0147,3323.0
2025-08-06T14:12:23,3.01,3.01,2.99,3.0,10729.0
2025-08-06T14:12:28,2.9901,2.9901,2.9901,2.9901,327.0
2025-08-06T14:12:30,2.992,2.992,2.992,2.992,100.0
2025-08-06T14:12:32,2.99,2.99,2.99,2.99,175.0
2025-08-06T14:12:33,2.99,2.99,2.99,2.99,1000.0
2025-08-06T14:12:42,3.0,3.01,2.99,3.01,2116.0
2025-08-06T14:12:43,2.995,3.0,2.995,3.0,250.0
2025-08-06T14:12:51,2.9901,2.9901,2.9901,2.9901,121.0
2025-08-06T14:13:00,2.99,2.99,2.99,2.99,1309.0
2025-08-06T14:13:08,2.99,3.0,2.99,2.99,5462.0
2025-08-06T14:13:22,2.99,2.99,2.99,2.99,3000.0
2025-08-06T14:13:27,2.9946,2.9946,2.9946,2.9946,100.0
2025-08-06T14:13:33,3.0,3.0,3.0,3.0,977.0
2025-08-06T14:13:34,3.0,3.0,3.0,3.0,245.0
2025-08-06T14:13:45,3.0,3.0,3.0,3.0,1500.0
2025-08-06T14:13:48,3.005,3.005,3.005,3.005,174.0
2025-08-06T14:13:53,3.0011,3.0011,3.0011,3.0011,114.0
2025-08-06T14:14:03,3.0089,3.0089,3.0089,3.0089,100.0
2025-08-06T14:14:17,3.0,3.0,3.0,3.0,4500.0
2025-08-06T14:14:21,3.005,3.005,3.005,3.005,300.0
2025-08-06T14:14:37,3.0001,3.0001,3.0001,3.0001,160.0
2025-08-06T14:14:58,3.0,3.0,3.0,3.0,691.0
2025-08-06T14:14:59,3.0,3.01,3.0,3.01,400.0
2025-08-06T14:15:11,3.009,3.009,3.009,3.009,150.0
2025-08-06T14:15:13,3.005,3.005,3.005,3.005,200.0
2025-08-06T14:15:15,3.0017,3.0017,3.0017,3.0017,300.0
2025-08-06T14:15:16,3.005,3.005,3.005,3.005,500.0
2025-08-06T14:15:38,3.005,3.005,3.0001,3.0014,3297.0
2025-08-06T14:15:47,3.0099,3.0099,3.0099,3.0099,1000.0
2025-08-06T14:15:48,3.0002,3.0002,3.0002,3.0002,341.0
2025-08-06T14:15:49,3.01,3.03,3.01,3.03,3493.0
2025-08-06T14:15:50,3.03,3.05,3.03,3.04,6927.0
2025-08-06T14:15:53,3.03,3.04,3.03,3.04,1619.0
2025-08-06T14:16:00,3.03,3.03,3.03,3.03,243.0
2025-08-06T14:16:02,3.0201,3.0201,3.0201,3.0201,1190.0
2025-08-06T14:16:03,3.025,3.025,3.025,3.025,1190.0
2025-08-06T14:16:18,3.0289,3.0289,3.0289,3.0289,100.0
2025-08-06T14:16:27,3.025,3.025,3.025,3.025,200.0
2025-08-06T14:16:31,3.025,3.025,3.025,3.025,300.0
2025-08-06T14:16:35,3.03,3.06,3.03,3.05,30686.0
2025-08-06T14:16:36,3.0485,3.06,3.04,3.05,25744.0
2025-08-06T14:16:39,3.05,3.05,3.04,3.05,26939.0
2025-08-06T14:16:40,3.0401,3.0401,3.0401,3.0401,105.0
2025-08-06T14:16:42,3.049,3.049,3.049,3.049,1295.0
2025-08-06T14:16:46,3.04,3.05,3.02,3.03,14960.0
2025-08-06T14:16:54,3.0394,3.0394,3.0394,3.0394,828.0
2025-08-06T14:17:00,3.035,3.035,3.035,3.035,476.0
2025-08-06T14:17:01,3.035,3.04,3.035,3.04,2054.0
2025-08-06T14:17:14,3.0389,3.0389,3.0389,3.0389,400.0
2025-08-06T14:17:20,3.0311,3.0311,3.0311,3.0311,203.0
2025-08-06T14:17:57,3.0393,3.0393,3.0393,3.0393,1000.0
2025-08-06T14:18:22,3.03,3.03,3.03,3.03,253.0
2025-08-06T14:18:30,3.04,3.04,3.04,3.04,752.0
2025-08-06T14:18:31,3.0455,3.0455,3.0455,3.0455,2986.0
2025-08-06T14:18:38,3.05,3.05,3.05,3.05,916.0
2025-08-06T14:18:42,3.05,3.05,3.05,3.05,1049.0
2025-08-06T14:18:43,3.05,3.05,3.05,3.05,140.0
2025-08-06T14:18:46,3.05,3.05,3.05,3.05,220.0
2025-08-06T14:18:50,3.05,3.0504,3.05,3.0504,3415.0
2025-08-06T14:18:51,3.0511,3.0511,3.0511,3.0511,219.0
2025-08-06T14:18:52,3.055,3.055,3.05,3.055,5935.0
2025-08-06T14:18:57,3.055,3.055,3.055,3.055,575.0
2025-08-06T14:18:58,3.058,3.06,3.05,3.06,2289.0
2025-08-06T14:19:01,3.0501,3.0501,3.0501,3.0501,125.0
2025-08-06T14:19:02,3.06,3.06,3.055,3.055,300.0
2025-08-06T14:19:05,3.055,3.055,3.055,3.055,332.0
2025-08-06T14:19:08,3.0501,3.0501,3.0501,3.0501,305.0
2025-08-06T14:19:10,3.05,3.06,3.05,3.06,6484.0
2025-08-06T14:19:15,3.05,3.05,3.05,3.05,611.0
2025-08-06T14:19:17,3.0554,3.0554,3.0554,3.0554,661.0
2025-08-06T14:19:22,3.0512,3.0512,3.0512,3.0512,100.0
2025-08-06T14:19:23,3.055,3.055,3.055,3.055,500.0
2025-08-06T14:19:28,3.05,3.06,3.05,3.06,1163.0
2025-08-06T14:19:29,3.0501,3.0501,3.05,3.05,1608.0
2025-08-06T14:19:30,3.05,3.05,3.0485,3.0485,1090.0
2025-08-06T14:19:35,3.045,3.045,3.045,3.045,500.0
2025-08-06T14:19:37,3.045,3.045,3.045,3.045,100.0
2025-08-06T14:19:41,3.0499,3.0499,3.02,3.02,6575.0
2025-08-06T14:19:42,3.0211,3.0211,3.0211,3.0211,102.0
2025-08-06T14:19:43,3.03,3.04,3.0296,3.04,6448.0
2025-08-06T14:19:47,3.03,3.03,3.03,3.03,1008.0
2025-08-06T14:19:49,3.0393,3.0393,3.0393,3.0393,1000.0
2025-08-06T14:20:02,3.0307,3.0307,3.0307,3.0307,500.0
2025-08-06T14:20:08,3.0301,3.0301,3.0301,3.0301,170.0
2025-08-06T14:20:24,3.04,3.04,3.04,3.04,100.0
2025-08-06T14:20:25,3.035,3.035,3.035,3.035,500.0
2025-08-06T14:20:38,3.0345,3.0345,3.0345,3.0345,1500.0
2025-08-06T14:20:41,3.035,3.035,3.035,3.035,500.0
2025-08-06T14:20:53,3.0393,3.0393,3.0393,3.0393,984.0
2025-08-06T14:21:06,3.04,3.06,3.04,3.05,10219.0
2025-08-06T14:21:14,3.0401,3.05,3.04,3.05,7458.0
2025-08-06T14:21:15,3.0493,3.0493,3.0493,3.0493,1000.0
2025-08-06T14:21:16,3.0489,3.0489,3.0489,3.0489,700.0
2025-08-06T14:21:19,3.0401,3.0401,3.0401,3.0401,5000.0
2025-08-06T14:21:20,3.045,3.045,3.0309,3.04,7713.0
2025-08-06T14:21:26,3.035,3.035,3.035,3.035,501.0
2025-08-06T14:21:32,3.03,3.03,3.03,3.03,827.0
2025-08-06T14:21:38,3.0255,3.0255,3.0255,3.0255,200.0
2025-08-06T14:21:42,3.0299,3.0299,3.0299,3.0299,200.0
2025-08-06T14:21:44,3.022,3.025,3.022,3.022,1000.0
2025-08-06T14:21:52,3.02,3.03,3.02,3.02,1224.0
2025-08-06T14:22:23,3.02,3.02,3.02,3.02,1094.0
2025-08-06T14:22:24,3.025,3.025,3.025,3.025,1000.0
2025-08-06T14:22:26,3.0201,3.0201,3.0201,3.0201,195.0
2025-08-06T14:22:27,3.021,3.021,3.021,3.021,170.0
2025-08-06T14:22:37,3.025,3.025,3.025,3.025,500.0
2025-08-06T14:22:38,3.03,3.035,3.03,3.035,1962.0
2025-08-06T14:22:41,3.022,3.022,3.022,3.022,174.0
2025-08-06T14:22:49,3.02,3.02,3.02,3.02,200.0
2025-08-06T14:22:57,3.02,3.03,3.01,3.01,5920.0
2025-08-06T14:23:02,3.0107,3.0107,3.0107,3.0107,776.0
2025-08-06T14:23:11,3.0108,3.0108,3.0108,3.0108,320.0
2025-08-06T14:23:17,3.01,3.01,3.01,3.01,1603.0
2025-08-06T14:23:18,3.01,3.01,3.01,3.01,1887.0
2025-08-06T14:23:39,3.0199,3.0199,3.0199,3.0199,400.0
2025-08-06T14:23:45,3.015,3.0198,3.015,3.015,300.0
2025-08-06T14:23:49,3.01,3.01,3.01,3.01,100.0
2025-08-06T14:24:00,3.0108,3.0108,3.0108,3.0108,300.0
2025-08-06T14:24:13,3.0103,3.0103,3.0103,3.0103,1329.0
2025-08-06T14:24:20,3.012,3.012,3.012,3.012,200.0
2025-08-06T14:24:24,3.02,3.025,3.02,3.025,2474.0
2025-08-06T14:24:26,3.02,3.02,3.02,3.02,400.0
2025-08-06T14:24:33,3.0199,3.0199,3.0199,3.0199,800.0
2025-08-06T14:24:39,3.0193,3.0193,3.0165,3.0165,700.0
2025-08-06T14:25:07,3.0195,3.0195,3.0195,3.0195,1657.0
2025-08-06T14:25:09,3.02,3.02,3.02,3.02,1110.0
2025-08-06T14:25:21,3.0255,3.0255,3.0255,3.0255,225.0
2025-08-06T14:25:25,3.03,3.03,3.03,3.03,700.0
2025-08-06T14:25:49,3.03,3.04,3.03,3.04,400.0
2025-08-06T14:25:52,3.03,3.03,3.03,3.03,3208.0
2025-08-06T14:26:00,3.03,3.04,3.02,3.028,3205.0
2025-08-06T14:26:10,3.0255,3.0255,3.0255,3.0255,3302.0
2025-08-06T14:26:24,3.0257,3.0257,3.0257,3.0257,1000.0
2025-08-06T14:26:40,3.028,3.028,3.028,3.028,520.0
2025-08-06T14:26:45,3.0289,3.0289,3.0289,3.0289,226.0
2025-08-06T14:26:51,3.03,3.03,3.03,3.03,1500.0
2025-08-06T14:26:52,3.025,3.025,3.0202,3.0202,302.0
2025-08-06T14:27:13,3.0254,3.0254,3.0254,3.0254,150.0
2025-08-06T14:27:21,3.0207,3.0207,3.0207,3.0207,530.0
2025-08-06T14:27:45,3.03,3.03,3.03,3.03,1500.0
2025-08-06T14:27:56,3.0293,3.0293,3.0293,3.0293,545.0
2025-08-06T14:28:06,3.0211,3.0211,3.0211,3.0211,475.0
2025-08-06T14:28:10,3.02,3.02,3.02,3.02,505.0
2025-08-06T14:28:16,3.03,3.03,3.03,3.03,193.0
2025-08-06T14:28:20,3.0295,3.03,3.0295,3.03,4535.0
2025-08-06T14:28:31,3.04,3.04,3.04,3.04,193.0
2025-08-06T14:28:39,3.04,3.04,3.035,3.035,2135.0
2025-08-06T14:28:40,3.035,3.035,3.035,3.035,181.0
2025-08-06T14:28:43,3.0399,3.0564,3.0399,3.0564,24582.0
2025-08-06T14:28:50,3.0508,3.0508,3.0508,3.0508,500.0
2025-08-06T14:28:51,3.055,3.06,3.0425,3.045,3200.0
2025-08-06T14:28:53,3.05,3.05,3.05,3.05,401.0
2025-08-06T14:28:56,3.0599,3.0599,3.0599,3.0599,400.0
2025-08-06T14:28:57,3.055,3.055,3.055,3.055,1100.0
2025-08-06T14:29:00,3.0545,3.0545,3.0545,3.0545,599.0
2025-08-06T14:29:01,3.0511,3.0511,3.0511,3.0511,100.0
2025-08-06T14:29:03,3.06,3.06,3.055,3.055,1967.0
2025-08-06T14:29:09,3.0512,3.0512,3.0512,3.0512,100.0
2025-08-06T14:29:20,3.0509,3.0509,3.0509,3.0509,250.0
2025-08-06T14:29:22,3.06,3.15,3.06,3.13,65345.0
2025-08-06T14:29:23,3.13,3.13,3.1211,3.1211,1283.0
2025-08-06T14:29:24,3.12,3.125,3.12,3.12,1786.0
2025-08-06T14:29:25,3.1196,3.13,3.1186,3.13,5500.0
2025-08-06T14:29:26,3.125,3.125,3.11,3.11,1900.0
2025-08-06T14:29:27,3.1194,3.1194,3.1194,3.1194,1010.0
2025-08-06T14:29:28,3.115,3.12,3.115,3.12,695.0
2025-08-06T14:29:29,3.1199,3.12,3.1198,3.12,5730.0
2025-08-06T14:29:30,3.1201,3.1201,3.1201,3.1201,905.0
2025-08-06T14:29:31,3.129,3.129,3.129,3.129,451.0
2025-08-06T14:29:32,3.1299,3.1299,3.125,3.1299,1520.0
2025-08-06T14:29:33,3.13,3.14,3.1207,3.13,7119.0
2025-08-06T14:29:34,3.1206,3.14,3.1206,3.14,1850.0
2025-08-06T14:29:35,3.12,3.12,3.1101,3.1198,6024.0
2025-08-06T14:29:36,3.12,3.12,3.12,3.12,500.0
2025-08-06T14:29:37,3.13,3.13,3.13,3.13,285.0
2025-08-06T14:29:38,3.1292,3.13,3.1292,3.13,710.0
2025-08-06T14:29:39,3.14,3.15,3.13,3.15,3883.0
2025-08-06T14:29:40,3.14,3.145,3.14,3.14,2238.0
2025-08-06T14:29:41,3.1407,3.1407,3.14,3.1401,3063.0
2025-08-06T14:29:42,3.135,3.135,3.1245,3.1245,2621.0
2025-08-06T14:29:43,3.129,3.129,3.12,3.12,2888.0
2025-08-06T14:29:44,3.1204,3.13,3.12,3.12,2528.0
2025-08-06T14:29:45,3.1212,3.1212,3.12,3.12,350.0
2025-08-06T14:29:46,3.125,3.13,3.125,3.13,1134.0
2025-08-06T14:29:47,3.125,3.125,3.125,3.125,2010.0
2025-08-06T14:29:48,3.125,3.125,3.12,3.12,731.0
2025-08-06T14:29:49,3.1211,3.1211,3.1211,3.1211,123.0
2025-08-06T14:29:50,3.125,3.125,3.125,3.125,463.0
2025-08-06T14:29:51,3.12,3.14,3.12,3.14,4106.0
2025-08-06T14:29:52,3.13,3.135,3.13,3.135,3865.0
2025-08-06T14:29:53,3.13,3.13,3.13,3.13,1536.0
2025-08-06T14:29:54,3.135,3.135,3.135,3.135,1050.0
2025-08-06T14:29:55,3.14,3.14,3.12,3.13,1839.0
2025-08-06T14:29:56,3.135,3.135,3.135,3.135,110.0
2025-08-06T14:29:57,3.1365,3.1365,3.12,3.13,3720.0
2025-08-06T14:29:59,3.1289,3.1289,3.1289,3.1289,207.0
2025-08-06T14:30:00,3.1201,3.15,3.1201,3.15,4341.0
2025-08-06T14:30:01,3.145,3.15,3.14,3.145,2454.0
2025-08-06T14:30:02,3.15,3.2,3.15,3.186,28662.0
2025-08-06T14:30:03,3.1855,3.1855,3.17,3.17,6624.0
2025-08-06T14:30:04,3.1793,3.18,3.171,3.18,1945.0
2025-08-06T14:30:05,3.185,3.19,3.18,3.18,1796.0
2025-08-06T14:30:06,3.185,3.185,3.18,3.185,1497.0
2025-08-06T14:30:07,3.185,3.1889,3.185,3.1889,600.0
2025-08-06T14:30:08,3.18,3.1801,3.17,3.18,10338.0
2025-08-06T14:30:09,3.1799,3.18,3.1755,3.18,2326.0
2025-08-06T14:30:10,3.1801,3.1801,3.18,3.18,1538.0
2025-08-06T14:30:12,3.17,3.175,3.17,3.175,500.0
2025-08-06T14:30:14,3.1693,3.1693,3.1693,3.1693,500.0
2025-08-06T14:30:15,3.165,3.165,3.16,3.16,591.0
2025-08-06T14:30:16,3.1601,3.1601,3.1601,3.1601,100.0
2025-08-06T14:30:17,3.165,3.165,3.16,3.1611,1768.0
2025-08-06T14:30:18,3.16,3.1689,3.16,3.1689,5883.0
2025-08-06T14:30:20,3.1653,3.1653,3.16,3.16,8500.0
2025-08-06T14:30:22,3.155,3.155,3.1501,3.1501,5184.0
2025-08-06T14:30:23,3.1593,3.16,3.155,3.1599,3290.0
2025-08-06T14:30:25,3.1598,3.1598,3.1598,3.1598,150.0
2025-08-06T14:30:26,3.155,3.16,3.155,3.16,3934.0
2025-08-06T14:30:28,3.165,3.168,3.1601,3.165,919.0
2025-08-06T14:30:29,3.165,3.165,3.1611,3.1611,327.0
2025-08-06T14:30:30,3.17,3.17,3.16,3.17,1233.0
2025-08-06T14:30:31,3.1665,3.17,3.1646,3.17,1940.0
2025-08-06T14:30:34,3.17,3.17,3.17,3.17,535.0
2025-08-06T14:30:36,3.165,3.165,3.165,3.165,100.0
2025-08-06T14:30:38,3.1654,3.1654,3.1654,3.1654,500.0
2025-08-06T14:30:39,3.169,3.169,3.165,3.165,255.0
2025-08-06T14:30:41,3.16,3.16,3.16,3.16,300.0
2025-08-06T14:30:42,3.17,3.17,3.16,3.16,12854.0
2025-08-06T14:30:43,3.15,3.15,3.15,3.15,200.0
2025-08-06T14:30:45,3.15,3.150831,3.15,3.150831,254.0
2025-08-06T14:30:46,3.155,3.155,3.152,3.152,1702.0
2025-08-06T14:30:47,3.1509,3.1509,3.15,3.15,1008.0
2025-08-06T14:30:48,3.16,3.16,3.16,3.16,2492.0
2025-08-06T14:30:49,3.165,3.165,3.16,3.16,475.0
2025-08-06T14:30:52,3.16,3.16,3.16,3.16,102.0
2025-08-06T14:30:53,3.17,3.17,3.17,3.17,503.0
2025-08-06T14:30:54,3.16,3.16,3.16,3.16,198.0
2025-08-06T14:30:55,3.1681,3.1681,3.1681,3.1681,200.0
2025-08-06T14:30:56,3.1699,3.1699,3.1699,3.1699,195.0
2025-08-06T14:30:57,3.17,3.17,3.16,3.1636,1675.0
2025-08-06T14:30:58,3.16,3.165,3.16,3.16,4764.0
2025-08-06T14:31:00,3.1607,3.17,3.1607,3.17,2190.0
2025-08-06T14:31:01,3.165,3.17,3.165,3.17,704.0
2025-08-06T14:31:02,3.17,3.17,3.1672,3.1699,3278.0
2025-08-06T14:31:03,3.175,3.18,3.16,3.1699,3118.0
2025-08-06T14:31:04,3.16,3.18,3.16,3.18,11237.0
2025-08-06T14:31:05,3.17,3.1799,3.17,3.179,463.0
2025-08-06T14:31:07,3.175,3.175,3.1708,3.1708,2300.0
2025-08-06T14:31:08,3.18,3.18,3.175,3.18,5637.0
2025-08-06T14:31:11,3.18,3.185,3.18,3.185,1525.0
2025-08-06T14:31:12,3.19,3.19,3.16,3.16,13535.0
2025-08-06T14:31:13,3.169,3.1699,3.16,3.1699,1381.0
2025-08-06T14:31:14,3.17,3.17,3.1699,3.1699,384.0
2025-08-06T14:31:15,3.1699,3.1699,3.16,3.16,400.0
2025-08-06T14:31:16,3.165,3.1651,3.165,3.1651,5270.0
2025-08-06T14:31:17,3.16,3.165,3.15,3.15,9003.0
2025-08-06T14:31:18,3.1597,3.16,3.15,3.15,6439.0
2025-08-06T14:31:19,3.1589,3.16,3.15,3.15,7689.0
2025-08-06T14:31:20,3.15,3.16,3.15,3.15,1831.0
2025-08-06T14:31:21,3.1501,3.1501,3.13,3.1401,31484.0
2025-08-06T14:31:22,3.1431,3.145,3.135,3.145,1370.0
2025-08-06T14:31:23,3.14,3.15,3.14,3.15,2328.0
2025-08-06T14:31:24,3.157,3.157,3.157,3.157,150.0
2025-08-06T14:31:25,3.16,3.16,3.16,3.16,816.0
2025-08-06T14:31:26,3.16,3.16,3.16,3.16,570.0
2025-08-06T14:31:27,3.165,3.165,3.16,3.16,6066.0
2025-08-06T14:31:28,3.16,3.16,3.16,3.16,100.0
2025-08-06T14:31:30,3.17,3.18,3.17,3.18,2994.0
2025-08-06T14:31:31,3.18,3.18,3.18,3.18,890.0
2025-08-06T14:31:32,3.17,3.1745,3.17,3.1745,1080.0
2025-08-06T14:31:33,3.1701,3.1701,3.17,3.17,1009.0
2025-08-06T14:31:34,3.175,3.175,3.175,3.175,509.0
2025-08-06T14:31:35,3.175,3.18,3.17,3.18,4420.0
2025-08-06T14:31:36,3.175,3.175,3.175,3.175,2040.0
2025-08-06T14:31:37,3.17,3.17,3.17,3.17,662.0
2025-08-06T14:31:38,3.1608,3.1608,3.1608,3.1608,1002.0
2025-08-06T14:31:39,3.1655,3.1655,3.1655,3.1655,1007.0
2025-08-06T14:31:40,3.165,3.1699,3.165,3.1699,4010.0
2025-08-06T14:31:41,3.1698,3.18,3.1698,3.18,3467.0
2025-08-06T14:31:42,3.175,3.1799,3.175,3.1799,5962.0
2025-08-06T14:31:43,3.17,3.175,3.165,3.175,7619.0
2025-08-06T14:31:44,3.1623,3.1623,3.1623,3.1623,951.0
2025-08-06T14:31:46,3.168,3.17,3.168,3.17,381.0
2025-08-06T14:31:47,3.165,3.165,3.14,3.165,23302.0
2025-08-06T14:31:48,3.1409,3.15,3.14,3.14,1150.0
2025-08-06T14:31:50,3.14,3.14,3.14,3.14,414.0
2025-08-06T14:31:54,3.145,3.1497,3.14,3.14,2649.0
2025-08-06T14:31:55,3.1489,3.1509,3.13,3.14,13562.0
2025-08-06T14:31:58,3.1411,3.1491,3.1411,3.1451,5302.0
2025-08-06T14:31:59,3.14,3.15,3.14,3.14,2437.0
2025-08-06T14:32:00,3.1499,3.16,3.1463,3.16,8364.0
2025-08-06T14:32:01,3.1596,3.1596,3.1596,3.1596,2020.0
2025-08-06T14:32:03,3.155,3.16,3.15,3.16,941.0
2025-08-06T14:32:07,3.16,3.16,3.15,3.15,1950.0
2025-08-06T14:32:08,3.1501,3.1501,3.1501,3.1501,400.0
2025-08-06T14:32:09,3.1597,3.1597,3.1597,3.1597,100.0
2025-08-06T14:32:10,3.16,3.16,3.1597,3.1597,650.0
2025-08-06T14:32:11,3.1589,3.1589,3.1589,3.1589,203.0
2025-08-06T14:32:12,3.16,3.16,3.15,3.15,6975.0
2025-08-06T14:32:13,3.14,3.14,3.135,3.14,4428.0
2025-08-06T14:32:14,3.145,3.15,3.14,3.14,1884.0
2025-08-06T14:32:15,3.145,3.145,3.145,3.145,400.0
2025-08-06T14:32:16,3.14,3.14,3.13,3.13,11513.0
2025-08-06T14:32:17,3.14,3.145,3.13,3.14,5531.0
2025-08-06T14:32:18,3.1409,3.1409,3.1409,3.1409,244.0
2025-08-06T14:32:19,3.14,3.14,3.14,3.14,245.0
2025-08-06T14:32:20,3.1499,3.1499,3.14,3.14,1295.0
2025-08-06T14:32:23,3.145,3.145,3.145,3.145,500.0
2025-08-06T14:32:26,3.15,3.15,3.14,3.14,8000.0
2025-08-06T14:32:28,3.14,3.15,3.14,3.15,6283.0
2025-08-06T14:32:32,3.1453,3.1453,3.1453,3.1453,110.0
2025-08-06T14:32:33,3.15,3.15,3.15,3.15,290.0
2025-08-06T14:32:35,3.14,3.145,3.14,3.145,800.0
2025-08-06T14:32:37,3.14,3.1436,3.135,3.14,10002.0
2025-08-06T14:32:39,3.1411,3.1411,3.13,3.14,1811.0
2025-08-06T14:32:41,3.1301,3.15,3.1,3.1,34514.0
2025-08-06T14:32:42,3.1195,3.1198,3.11,3.1101,5008.0
2025-08-06T14:32:43,3.115,3.12,3.11,3.11,2929.0
2025-08-06T14:32:44,3.11,3.11,3.11,3.11,1751.0
2025-08-06T14:32:45,3.11,3.11,3.11,3.11,432.0
2025-08-06T14:32:49,3.1155,3.12,3.1155,3.12,1132.0
2025-08-06T14:32:50,3.1211,3.1211,3.12,3.12,421.0
2025-08-06T14:32:51,3.12,3.1254,3.12,3.1254,1671.0
2025-08-06T14:32:52,3.12,3.1201,3.105,3.1198,15462.0
2025-08-06T14:32:53,3.1189,3.1189,3.1189,3.1189,398.0
2025-08-06T14:33:00,3.12,3.12,3.1107,3.1107,963.0
2025-08-06T14:33:01,3.1199,3.1199,3.1199,3.1199,100.0
2025-08-06T14:33:02,3.12,3.13,3.12,3.13,1400.0
2025-08-06T14:33:03,3.1399,3.1399,3.1399,3.1399,100.0
2025-08-06T14:33:04,3.1398,3.1398,3.1253,3.1253,2106.0
2025-08-06T14:33:05,3.13,3.13,3.13,3.13,101.0
2025-08-06T14:33:06,3.1253,3.1253,3.1246,3.1246,236.0
2025-08-06T14:33:07,3.125,3.125,3.12,3.12,701.0
2025-08-06T14:33:08,3.125,3.125,3.125,3.125,6060.0
2025-08-06T14:33:09,3.1273,3.1273,3.1273,3.1273,151.0
2025-08-06T14:33:10,3.12,3.12,3.12,3.12,132.0
2025-08-06T14:33:11,3.13,3.14,3.13,3.14,6764.0
2025-08-06T14:33:12,3.1389,3.1389,3.13,3.135,2392.0
2025-08-06T14:33:14,3.1345,3.135,3.1345,3.135,1151.0
2025-08-06T14:33:15,3.1301,3.1301,3.1301,3.1301,1001.0
2025-08-06T14:33:19,3.13,3.14,3.13,3.14,630.0
2025-08-06T14:33:22,3.1204,3.125,3.12,3.125,4153.0
2025-08-06T14:33:23,3.13,3.13,3.129,3.129,262.0
2025-08-06T14:33:27,3.125,3.13,3.12,3.13,2799.0
2025-08-06T14:33:28,3.12,3.12,3.12,3.12,1500.0
2025-08-06T14:33:29,3.111,3.111,3.111,3.111,110.0
2025-08-06T14:33:30,3.11,3.11,3.11,3.11,110.0
2025-08-06T14:33:31,3.11,3.11,3.1,3.1,739.0
2025-08-06T14:33:32,3.1007,3.105,3.1007,3.105,603.0
2025-08-06T14:33:33,3.1011,3.1011,3.1011,3.1011,301.0
2025-08-06T14:33:34,3.1,3.11,3.1,3.11,8100.0
2025-08-06T14:33:35,3.105,3.105,3.105,3.105,135.0
2025-08-06T14:33:37,3.11,3.12,3.105,3.12,3472.0
2025-08-06T14:33:38,3.115,3.115,3.115,3.115,100.0
2025-08-06T14:33:41,3.1111,3.1111,3.1111,3.1111,100.0
2025-08-06T14:33:42,3.1193,3.1193,3.1193,3.1193,600.0
2025-08-06T14:33:45,3.1101,3.1101,3.1101,3.1101,514.0
2025-08-06T14:33:49,3.115,3.115,3.115,3.115,1106.0
2025-08-06T14:33:50,3.12,3.12,3.12,3.12,1055.0
2025-08-06T14:33:51,3.11,3.11,3.11,3.11,700.0
2025-08-06T14:33:54,3.11,3.11,3.11,3.11,4975.0
2025-08-06T14:33:56,3.1001,3.1001,3.09,3.09,8593.0
2025-08-06T14:33:59,3.095,3.095,3.095,3.095,270.0
2025-08-06T14:34:00,3.09,3.095,3.08,3.09,6607.0
2025-08-06T14:34:01,3.0907,3.0947,3.0907,3.0947,1056.0
2025-08-06T14:34:03,3.0911,3.0911,3.0911,3.0911,200.0
2025-08-06T14:34:04,3.1,3.1,3.1,3.1,1435.0
2025-08-06T14:34:05,3.11,3.11,3.11,3.11,200.0
2025-08-06T14:34:07,3.105,3.105,3.09,3.105,11371.0
2025-08-06T14:34:08,3.1011,3.105,3.1011,3.105,386.0
2025-08-06T14:34:17,3.11,3.12,3.105,3.11,2137.0
2025-08-06T14:34:18,3.12,3.12,3.11,3.12,3794.0
2025-08-06T14:34:19,3.119,3.128,3.119,3.128,3704.0
2025-08-06T14:34:20,3.1296,3.13,3.12,3.1299,3951.0
2025-08-06T14:34:21,3.1299,3.1299,3.125,3.125,1931.0
2025-08-06T14:34:22,3.13,3.13,3.1246,3.1246,200.0
2025-08-06T14:34:23,3.1294,3.1294,3.12,3.12,5800.0
2025-08-06T14:34:24,3.125,3.125,3.125,3.125,220.0
2025-08-06T14:34:26,3.12,3.12,3.12,3.12,118.0
2025-08-06T14:34:27,3.13,3.13,3.13,3.13,1609.0
2025-08-06T14:34:28,3.135,3.135,3.1335,3.1335,600.0
2025-08-06T14:34:29,3.14,3.14,3.14,3.14,727.0
2025-08-06T14:34:31,3.1386,3.1386,3.135,3.135,2507.0
2025-08-06T14:34:32,3.135,3.14,3.13,3.14,6308.0
2025-08-06T14:34:33,3.1201,3.1201,3.1201,3.1201,520.0
2025-08-06T14:34:36,3.13,3.13,3.13,3.13,1200.0
2025-08-06T14:34:38,3.1266,3.1266,3.1266,3.1266,160.0
2025-08-06T14:34:40,3.13,3.13,3.13,3.13,1072.0
2025-08-06T14:34:42,3.125,3.125,3.125,3.125,500.0
2025-08-06T14:34:43,3.12,3.12,3.12,3.12,607.0
2025-08-06T14:34:44,3.12,3.12,3.12,3.12,1480.0
2025-08-06T14:34:46,3.13,3.14,3.13,3.1353,8109.0
2025-08-06T14:34:47,3.1398,3.1398,3.1398,3.1398,100.0
2025-08-06T14:34:48,3.1399,3.1399,3.1399,3.1399,2866.0
2025-08-06T14:34:49,3.1393,3.1393,3.1393,3.1393,750.0
2025-08-06T14:34:52,3.1392,3.1392,3.1392,3.1392,250.0
2025-08-06T14:34:53,3.135,3.15,3.135,3.15,1690.0
2025-08-06T14:34:56,3.14,3.14,3.135,3.1398,6200.0
2025-08-06T14:34:58,3.1389,3.1389,3.1389,3.1389,164.0
2025-08-06T14:34:59,3.14,3.14,3.13,3.13,4715.0
2025-08-06T14:35:00,3.135,3.135,3.135,3.135,1505.0
2025-08-06T14:35:02,3.135,3.135,3.1255,3.1255,1610.0
2025-08-06T14:35:04,3.1294,3.15,3.1294,3.14,11719.0
2025-08-06T14:35:05,3.1399,3.1399,3.1399,3.1399,1000.0
2025-08-06T14:35:06,3.135,3.135,3.135,3.135,100.0
2025-08-06T14:35:07,3.135,3.135,3.13,3.13,210.0
2025-08-06T14:35:08,3.135,3.135,3.135,3.135,1010.0
2025-08-06T14:35:09,3.135,3.15,3.135,3.14,6754.0
2025-08-06T14:35:10,3.1353,3.1353,3.1353,3.1353,5002.0
2025-08-06T14:35:12,3.1389,3.1389,3.1389,3.1389,200.0
2025-08-06T14:35:13,3.14,3.14,3.14,3.14,142.0
2025-08-06T14:35:15,3.14,3.14,3.14,3.14,170.0
2025-08-06T14:35:16,3.1393,3.1393,3.1393,3.1393,507.0
2025-08-06T14:35:17,3.14,3.14,3.14,3.14,661.0
2025-08-06T14:35:18,3.145,3.15,3.14,3.15,1024.0
2025-08-06T14:35:22,3.1389,3.1389,3.1389,3.1389,202.0
2025-08-06T14:35:23,3.1399,3.1399,3.1399,3.1399,100.0
2025-08-06T14:35:26,3.14,3.14,3.14,3.14,2263.0
2025-08-06T14:35:27,3.135,3.135,3.135,3.135,589.0
2025-08-06T14:35:28,3.1399,3.1399,3.1399,3.1399,500.0
2025-08-06T14:35:29,3.14,3.14,3.1393,3.1393,1000.0
2025-08-06T14:35:32,3.14,3.14,3.14,3.14,191.0
2025-08-06T14:35:35,3.1311,3.1311,3.1311,3.1311,100.0
2025-08-06T14:35:36,3.135,3.14,3.135,3.135,3741.0
2025-08-06T14:35:37,3.1382,3.1382,3.1382,3.1382,102.0
2025-08-06T14:35:41,3.1307,3.1307,3.1307,3.1307,527.0
2025-08-06T14:35:42,3.14,3.14,3.14,3.14,1004.0
2025-08-06T14:35:46,3.1493,3.1493,3.1493,3.1493,542.0
2025-08-06T14:35:47,3.15,3.15,3.145,3.145,400.0
2025-08-06T14:35:48,3.1409,3.1409,3.1409,3.1409,200.0
2025-08-06T14:35:49,3.1489,3.1489,3.1489,3.1489,100.0
2025-08-06T14:35:50,3.1404,3.15,3.1404,3.15,2999.0
2025-08-06T14:35:51,3.15,3.15,3.1468,3.1468,655.0
2025-08-06T14:35:52,3.1411,3.1411,3.1411,3.1411,100.0
2025-08-06T14:35:55,3.15,3.15,3.15,3.15,590.0
2025-08-06T14:35:56,3.145,3.145,3.145,3.145,110.0
2025-08-06T14:35:57,3.1408,3.15,3.14,3.14,4503.0
2025-08-06T14:36:01,3.14,3.14,3.1,3.11,9285.0
2025-08-06T14:36:02,3.115,3.1181,3.11,3.1181,1760.0
2025-08-06T14:36:06,3.115,3.115,3.1147,3.1147,5100.0
2025-08-06T14:36:08,3.112,3.112,3.112,3.112,350.0
2025-08-06T14:36:09,3.115,3.115,3.115,3.115,100.0
2025-08-06T14:36:16,3.11,3.11,3.11,3.11,310.0
2025-08-06T14:36:21,3.1111,3.1111,3.1111,3.1111,292.0
2025-08-06T14:36:24,3.11,3.11,3.11,3.11,2341.0
2025-08-06T14:36:27,3.1192,3.1192,3.1192,3.1192,300.0
2025-08-06T14:36:31,3.115,3.115,3.115,3.115,110.0
2025-08-06T14:36:32,3.1115,3.1115,3.1115,3.1115,2003.0
2025-08-06T14:36:36,3.12,3.12,3.12,3.12,300.0
2025-08-06T14:36:38,3.11,3.11,3.11,3.11,205.0
2025-08-06T14:36:39,3.1192,3.1192,3.1192,3.1192,257.0
2025-08-06T14:36:42,3.11,3.11,3.11,3.11,640.0
2025-08-06T14:36:44,3.115,3.115,3.115,3.115,1981.0
2025-08-06T14:36:45,3.1101,3.1101,3.1101,3.1101,100.0
2025-08-06T14:36:49,3.1147,3.1147,3.1147,3.1147,5000.0
2025-08-06T14:36:50,3.112,3.12,3.11,3.12,1708.0
2025-08-06T14:36:52,3.11,3.11,3.11,3.11,842.0
2025-08-06T14:36:55,3.1093,3.1093,3.1093,3.1093,510.0
2025-08-06T14:36:57,3.11,3.11,3.11,3.11,487.0
2025-08-06T14:37:01,3.1011,3.1011,3.1011,3.1011,164.0
2025-08-06T14:37:03,3.1008,3.1096,3.1008,3.1096,2200.0
2025-08-06T14:37:06,3.1001,3.1001,3.1001,3.1001,100.0
2025-08-06T14:37:08,3.1,3.1008,3.1,3.1008,1817.0
2025-08-06T14:37:11,3.1001,3.1001,3.1001,3.1001,2080.0
2025-08-06T14:37:14,3.1,3.1,3.1,3.1,5000.0
2025-08-06T14:37:15,3.105,3.105,3.105,3.105,149.0
2025-08-06T14:37:16,3.1,3.1,3.09,3.09,1082.0
2025-08-06T14:37:17,3.0907,3.0907,3.0907,3.0907,1003.0
2025-08-06T14:37:19,3.095,3.0999,3.095,3.0999,600.0
2025-08-06T14:37:20,3.0999,3.0999,3.0901,3.0901,2400.0
2025-08-06T14:37:21,3.09,3.09,3.09,3.09,360.0
2025-08-06T14:37:23,3.095,3.1,3.095,3.1,600.0
2025-08-06T14:37:24,3.1,3.11,3.1,3.105,1491.0
2025-08-06T14:37:25,3.095,3.11,3.095,3.11,756.0
2025-08-06T14:37:29,3.1002,3.1002,3.1,3.1,3641.0
2025-08-06T14:37:33,3.1,3.1,3.1,3.1,110.0
2025-08-06T14:37:34,3.1,3.11,3.08,3.08,14604.0
2025-08-06T14:37:35,3.0893,3.0893,3.0893,3.0893,500.0
2025-08-06T14:37:38,3.085,3.09,3.085,3.09,1200.0
2025-08-06T14:37:40,3.095,3.095,3.0945,3.0945,5193.0
2025-08-06T14:37:43,3.09,3.1,3.0855,3.0855,2901.0
2025-08-06T14:37:44,3.085,3.0901,3.085,3.0901,4925.0
2025-08-06T14:37:50,3.097,3.097,3.097,3.097,150.0
2025-08-06T14:37:51,3.095,3.095,3.095,3.095,502.0
2025-08-06T14:37:52,3.09,3.09,3.09,3.09,123.0
2025-08-06T14:37:55,3.1,3.1,3.1,3.1,5033.0
2025-08-06T14:37:57,3.0901,3.0901,3.0901,3.0901,225.0
2025-08-06T14:38:00,3.095,3.095,3.095,3.095,1020.0
2025-08-06T14:38:09,3.1,3.1,3.1,3.1,624.0
2025-08-06T14:38:10,3.095,3.095,3.095,3.095,1050.0
2025-08-06T14:38:12,3.1,3.1,3.1,3.1,300.0
2025-08-06T14:38:15,3.1,3.1,3.1,3.1,5060.0
2025-08-06T14:38:32,3.0907,3.0907,3.0907,3.0907,500.0
2025-08-06T14:38:34,3.1,3.1,3.1,3.1,1195.0
2025-08-06T14:38:35,3.1,3.1,3.1,3.1,130.0
2025-08-06T14:38:37,3.1,3.1,3.1,3.1,103.0
2025-08-06T14:38:38,3.1094,3.1094,3.1094,3.1094,1310.0
2025-08-06T14:38:44,3.1089,3.1089,3.1089,3.1089,100.0
2025-08-06T14:38:46,3.1091,3.11,3.08,3.08,13030.0
2025-08-06T14:38:47,3.09,3.09,3.09,3.09,1133.0
2025-08-06T14:38:48,3.0955,3.0955,3.0955,3.0955,2000.0
2025-08-06T14:38:55,3.09,3.1,3.09,3.1,665.0
2025-08-06T14:38:57,3.085,3.085,3.085,3.085,600.0
2025-08-06T14:38:59,3.0845,3.0845,3.0845,3.0845,110.0
2025-08-06T14:39:03,3.09,3.09,3.09,3.09,110.0
2025-08-06T14:39:07,3.08,3.09,3.08,3.09,347.0
2025-08-06T14:39:09,3.094,3.1,3.094,3.1,565.0
2025-08-06T14:39:10,3.09,3.09,3.09,3.09,320.0
2025-08-06T14:39:11,3.09,3.09,3.08,3.08,5462.0
2025-08-06T14:39:12,3.075,3.08,3.075,3.08,400.0
2025-08-06T14:39:13,3.0799,3.0799,3.0799,3.0799,2000.0
2025-08-06T14:39:15,3.0701,3.0701,3.07,3.07,9155.0
2025-08-06T14:39:16,3.07,3.08,3.07,3.08,210.0
2025-08-06T14:39:20,3.07,3.07,3.06,3.07,2209.0
2025-08-06T14:39:21,3.062,3.062,3.06,3.06,326.0
2025-08-06T14:39:22,3.06,3.0601,3.06,3.06,4453.0
2025-08-06T14:39:23,3.06,3.065,3.06,3.065,1700.0
2025-08-06T14:39:25,3.0699,3.0699,3.0699,3.0699,500.0
2025-08-06T14:39:26,3.0655,3.0655,3.0655,3.0655,708.0
2025-08-06T14:39:27,3.0691,3.0691,3.0601,3.0601,806.0
2025-08-06T14:39:28,3.06,3.06,3.06,3.06,1040.0
2025-08-06T14:39:29,3.065,3.065,3.065,3.065,414.0
2025-08-06T14:39:30,3.06,3.06,3.06,3.06,671.0
2025-08-06T14:39:31,3.0611,3.0611,3.06,3.06,600.0
2025-08-06T14:39:33,3.065,3.065,3.065,3.065,2000.0
2025-08-06T14:39:38,3.065,3.065,3.065,3.065,3053.0
2025-08-06T14:39:39,3.0695,3.0695,3.0695,3.0695,1563.0
2025-08-06T14:39:45,3.06,3.07,3.06,3.06,2640.0
2025-08-06T14:39:46,3.05,3.06,3.05,3.06,16830.0
2025-08-06T14:39:47,3.0565,3.0565,3.05,3.05,5963.0
2025-08-06T14:39:48,3.045,3.05,3.04,3.04,2203.0
2025-08-06T14:39:49,3.0408,3.0408,3.02,3.03,11880.0
2025-08-06T14:39:50,3.0301,3.05,3.0301,3.04,6112.0
2025-08-06T14:39:51,3.04,3.04,3.04,3.04,235.0
2025-08-06T14:39:53,3.0455,3.0455,3.0455,3.0455,330.0
2025-08-06T14:39:54,3.0409,3.05,3.04,3.05,699.0
2025-08-06T14:39:55,3.035,3.05,3.035,3.05,3244.0
2025-08-06T14:39:56,3.0493,3.0493,3.045,3.045,732.0
2025-08-06T14:39:58,3.04,3.04,3.04,3.04,350.0
2025-08-06T14:39:59,3.04,3.04,3.0345,3.04,1598.0
2025-08-06T14:40:02,3.04,3.04,3.04,3.04,312.0
2025-08-06T14:40:03,3.03,3.03,3.03,3.03,1637.0
2025-08-06T14:40:05,3.025,3.025,3.0201,3.0202,3501.0
2025-08-06T14:40:06,3.03,3.03,3.0268,3.0299,4080.0
2025-08-06T14:40:07,3.0289,3.0289,3.0289,3.0289,100.0
2025-08-06T14:40:08,3.03,3.04,3.03,3.04,900.0
2025-08-06T14:40:10,3.035,3.035,3.035,3.035,222.0
2025-08-06T14:40:14,3.0308,3.0308,3.0308,3.0308,303.0
2025-08-06T14:40:15,3.04,3.04,3.04,3.04,1556.0
2025-08-06T14:40:23,3.05,3.05,3.05,3.05,1244.0
2025-08-06T14:40:24,3.0555,3.0599,3.0555,3.0599,800.0
2025-08-06T14:40:25,3.0566,3.0566,3.0566,3.0566,300.0
2025-08-06T14:40:28,3.0502,3.0502,3.05,3.05,682.0
2025-08-06T14:40:31,3.0499,3.0499,3.0499,3.0499,205.0
2025-08-06T14:40:33,3.0496,3.0496,3.045,3.045,2100.0
2025-08-06T14:40:35,3.0455,3.0455,3.0455,3.0455,127.0
2025-08-06T14:40:38,3.05,3.0591,3.05,3.0591,1225.0
2025-08-06T14:40:39,3.055,3.055,3.05,3.05,1374.0
2025-08-06T14:40:42,3.0501,3.055,3.05,3.05,2922.0
2025-08-06T14:40:44,3.0505,3.0505,3.0505,3.0505,2500.0
2025-08-06T14:40:45,3.05,3.05,3.05,3.05,1793.0
2025-08-06T14:40:46,3.04,3.0401,3.04,3.0401,5000.0
2025-08-06T14:40:47,3.0409,3.0409,3.0409,3.0409,300.0
2025-08-06T14:40:49,3.04,3.04,3.04,3.04,1144.0
2025-08-06T14:40:50,3.0348,3.0348,3.0301,3.0301,5000.0
2025-08-06T14:40:52,3.0389,3.0389,3.0389,3.0389,100.0
2025-08-06T14:40:53,3.0301,3.0301,3.03,3.03,3785.0
2025-08-06T14:40:54,3.0257,3.0257,3.0257,3.0257,2500.0
2025-08-06T14:40:55,3.03,3.03,3.02,3.02,1154.0
2025-08-06T14:40:56,3.025,3.03,3.025,3.025,400.0
2025-08-06T14:40:57,3.03,3.04,3.03,3.03,1534.0
2025-08-06T14:41:01,3.02,3.02,3.02,3.02,6676.0
2025-08-06T14:41:02,3.02,3.02,3.01,3.01,1515.0
2025-08-06T14:41:03,3.01,3.0101,3.01,3.0101,1900.0
2025-08-06T14:41:04,3.01,3.0296,3.01,3.0296,2700.0
2025-08-06T14:41:05,3.02,3.02,3.02,3.02,296.0
2025-08-06T14:41:06,3.03,3.03,3.03,3.03,2502.0
2025-08-06T14:41:09,3.03,3.03,3.03,3.03,3036.0
2025-08-06T14:41:11,3.02,3.02,3.02,3.02,1427.0
2025-08-06T14:41:13,3.01,3.02,3.01,3.02,3675.0
2025-08-06T14:41:17,3.0199,3.0199,3.0199,3.0199,165.0
2025-08-06T14:41:24,3.015,3.015,3.011,3.0111,948.0
2025-08-06T14:41:25,3.01,3.015,2.97,2.9896,29278.0
2025-08-06T14:41:26,2.98,3.0,2.98,3.0,5224.0
2025-08-06T14:41:27,2.9914,2.9914,2.9914,2.9914,1010.0
2025-08-06T14:41:28,2.9911,2.9999,2.9911,2.9999,810.0
2025-08-06T14:41:29,2.995,2.9993,2.995,2.9993,1000.0
2025-08-06T14:41:30,2.99,3.0,2.97,2.99,7016.0
2025-08-06T14:41:31,2.9899,2.9899,2.9899,2.9899,2000.0
2025-08-06T14:41:33,2.99,2.9933,2.96,2.96,13865.0
2025-08-06T14:41:34,2.97,2.97,2.97,2.97,100.0
2025-08-06T14:41:35,2.9601,2.97,2.9601,2.97,810.0
2025-08-06T14:41:36,2.97,2.97,2.97,2.97,498.0
2025-08-06T14:41:37,2.975,2.98,2.975,2.98,400.0
2025-08-06T14:41:38,2.9746,2.98,2.97,2.98,752.0
2025-08-06T14:41:39,2.97,2.97,2.97,2.97,578.0
2025-08-06T14:41:40,2.96,2.96,2.96,2.96,806.0
2025-08-06T14:41:42,2.9535,2.97,2.9535,2.97,2340.0
2025-08-06T14:41:43,2.9765,2.9765,2.9765,2.9765,525.0
2025-08-06T14:41:44,2.9799,2.98,2.9701,2.9701,4700.0
2025-08-06T14:41:45,2.98,2.98,2.98,2.98,2805.0
2025-08-06T14:41:46,2.98,2.985,2.98,2.985,600.0
2025-08-06T14:41:48,2.9846,2.9846,2.98,2.98,200.0
2025-08-06T14:41:50,2.9801,2.9899,2.9801,2.9899,9020.0
2025-08-06T14:41:54,2.98,2.98,2.98,2.98,103.0
2025-08-06T14:41:55,2.9809,2.9809,2.9809,2.9809,300.0
2025-08-06T14:41:56,2.99,2.99,2.99,2.99,200.0
2025-08-06T14:42:01,2.995,3.0,2.99,3.0,4259.0
2025-08-06T14:42:03,2.99,2.99,2.99,2.99,650.0
2025-08-06T14:42:06,2.9999,2.9999,2.9999,2.9999,2000.0
2025-08-06T14:42:09,2.9901,2.9902,2.9901,2.9902,200.0
2025-08-06T14:42:12,2.9955,2.9955,2.995,2.995,1100.0
2025-08-06T14:42:13,2.99,2.99,2.99,2.99,200.0
2025-08-06T14:42:17,3.0,3.02,3.0,3.02,8052.0
2025-08-06T14:42:18,3.01,3.02,3.01,3.02,8276.0
2025-08-06T14:42:20,3.0191,3.0191,3.0099,3.01,1733.0
2025-08-06T14:42:21,3.015,3.015,3.015,3.015,1510.0
2025-08-06T14:42:23,3.0101,3.0145,3.01,3.0145,2489.0
2025-08-06T14:42:24,3.0109,3.02,3.0101,3.019,2819.0
2025-08-06T14:42:25,3.012,3.015,3.01,3.01,1469.0
2025-08-06T14:42:26,3.0107,3.0107,3.0107,3.0107,591.0
2025-08-06T14:42:30,3.0199,3.0199,3.0199,3.0199,500.0
2025-08-06T14:42:32,3.0199,3.0199,3.015,3.015,600.0
2025-08-06T14:42:38,3.01,3.02,3.01,3.02,895.0
2025-08-06T14:42:41,3.0046,3.0046,3.0046,3.0046,1000.0
2025-08-06T14:42:43,3.01,3.01,3.01,3.01,1427.0
2025-08-06T14:42:44,3.0093,3.0093,3.0093,3.0093,500.0
2025-08-06T14:42:52,3.0011,3.0011,3.0011,3.0011,175.0
2025-08-06T14:42:53,3.0089,3.0089,3.0089,3.0089,125.0
2025-08-06T14:42:55,3.0011,3.0011,3.0011,3.0011,100.0
2025-08-06T14:43:00,3.01,3.02,3.009,3.02,2601.0
2025-08-06T14:43:02,3.0146,3.0146,3.0146,3.0146,606.0
2025-08-06T14:43:04,3.02,3.06,3.02,3.04,12838.0
2025-08-06T14:43:05,3.03,3.03,3.03,3.03,330.0
2025-08-06T14:43:07,3.04,3.0454,3.035,3.0454,3676.0
2025-08-06T14:43:08,3.0499,3.05,3.04,3.05,3810.0
2025-08-06T14:43:09,3.0346,3.0346,3.0346,3.0346,200.0
2025-08-06T14:43:10,3.03,3.03,3.03,3.03,120.0
2025-08-06T14:43:12,3.035,3.035,3.035,3.035,165.0
2025-08-06T14:43:14,3.035,3.035,3.0307,3.0307,800.0
2025-08-06T14:43:15,3.035,3.035,3.035,3.035,520.0
2025-08-06T14:43:16,3.04,3.04,3.04,3.04,100.0
2025-08-06T14:43:19,3.0389,3.0389,3.0389,3.0389,1000.0
2025-08-06T14:43:26,3.0307,3.0307,3.0307,3.0307,1035.0
2025-08-06T14:43:27,3.035,3.035,3.03,3.03,400.0
2025-08-06T14:43:35,3.0353,3.0353,3.0353,3.0353,205.0
2025-08-06T14:43:41,3.035,3.035,3.035,3.035,300.0
2025-08-06T14:43:50,3.03,3.0301,3.03,3.0301,555.0
2025-08-06T14:43:51,3.035,3.035,3.035,3.035,206.0
2025-08-06T14:43:54,3.04,3.05,3.04,3.04,3150.0
2025-08-06T14:43:56,3.0308,3.0308,3.03,3.03,564.0
2025-08-06T14:43:57,3.03,3.0335,3.03,3.0335,200.0
2025-08-06T14:44:16,3.03,3.03,3.03,3.03,402.0
2025-08-06T14:44:18,3.033,3.033,3.033,3.033,615.0
2025-08-06T14:44:19,3.035,3.035,3.03,3.0345,7978.0
2025-08-06T14:44:21,3.0311,3.0311,3.0311,3.0311,100.0
2025-08-06T14:44:23,3.0399,3.0399,3.0399,3.0399,700.0
2025-08-06T14:44:25,3.035,3.035,3.035,3.035,1075.0
2025-08-06T14:44:30,3.04,3.04,3.04,3.04,116.0
2025-08-06T14:44:31,3.0399,3.0399,3.0399,3.0399,100.0
2025-08-06T14:44:36,3.0346,3.0346,3.0346,3.0346,500.0
2025-08-06T14:44:44,3.0301,3.0301,3.0301,3.0301,502.0
2025-08-06T14:44:48,3.035,3.035,3.03,3.035,838.0
2025-08-06T14:44:51,3.0399,3.0399,3.0399,3.0399,110.0
2025-08-06T14:44:53,3.03,3.03,3.03,3.03,100.0
2025-08-06T14:44:57,3.03,3.03,3.03,3.03,110.0
2025-08-06T14:45:00,3.035,3.04,3.035,3.04,992.0
2025-08-06T14:45:14,3.0389,3.0389,3.0389,3.0389,100.0
2025-08-06T14:45:18,3.0399,3.0399,3.0399,3.0399,100.0
2025-08-06T14:45:21,3.04,3.04,3.039,3.039,496.0
2025-08-06T14:45:40,3.0301,3.0301,3.0301,3.0301,200.0
2025-08-06T14:45:50,3.03,3.03,3.03,3.03,150.0
2025-08-06T14:45:56,3.04,3.06,3.0399,3.05,3275.0
2025-08-06T14:45:58,3.0599,3.0599,3.0599,3.0599,3000.0
2025-08-06T14:45:59,3.06,3.06,3.06,3.06,200.0
2025-08-06T14:46:02,3.055,3.07,3.055,3.06,2601.0
2025-08-06T14:46:04,3.07,3.07,3.07,3.07,1377.0
2025-08-06T14:46:05,3.065,3.065,3.06,3.06,1007.0
2025-08-06T14:46:06,3.0699,3.07,3.06,3.06,1076.0
2025-08-06T14:46:07,3.0693,3.0693,3.0693,3.0693,310.0
2025-08-06T14:46:09,3.0668,3.0689,3.0668,3.0689,200.0
2025-08-06T14:46:11,3.0699,3.08,3.0699,3.0799,5225.0
2025-08-06T14:46:12,3.0746,3.0746,3.0746,3.0746,500.0
2025-08-06T14:46:13,3.08,3.08,3.0701,3.0701,800.0
2025-08-06T14:46:14,3.07,3.07,3.07,3.07,1400.0
2025-08-06T14:46:17,3.075,3.075,3.075,3.075,1000.0
2025-08-06T14:46:18,3.07,3.07,3.07,3.07,100.0
2025-08-06T14:46:21,3.0601,3.0601,3.0601,3.0601,110.0
2025-08-06T14:46:22,3.065,3.07,3.06,3.07,910.0
2025-08-06T14:46:27,3.0645,3.0645,3.0645,3.0645,300.0
2025-08-06T14:46:30,3.0645,3.0645,3.0645,3.0645,2100.0
2025-08-06T14:46:34,3.0601,3.065,3.0601,3.065,250.0
2025-08-06T14:46:35,3.065,3.065,3.0601,3.0601,250.0
2025-08-06T14:46:36,3.068,3.068,3.065,3.065,500.0
2025-08-06T14:46:39,3.07,3.07,3.07,3.07,100.0
2025-08-06T14:46:46,3.0611,3.0611,3.0611,3.0611,280.0
2025-08-06T14:46:47,3.0696,3.0696,3.0696,3.0696,500.0
2025-08-06T14:46:49,3.06,3.0632,3.06,3.0632,2100.0
2025-08-06T14:46:54,3.0699,3.0699,3.0699,3.0699,10000.0
2025-08-06T14:47:07,3.0699,3.0699,3.0699,3.0699,500.0
2025-08-06T14:47:15,3.065,3.065,3.065,3.065,488.0
2025-08-06T14:47:22,3.07,3.08,3.07,3.07,4040.0
2025-08-06T14:47:26,3.0799,3.0799,3.0799,3.0799,310.0
2025-08-06T14:47:27,3.0789,3.0789,3.07,3.0702,3100.0
2025-08-06T14:47:30,3.07,3.07,3.07,3.07,1768.0
2025-08-06T14:47:31,3.07,3.075,3.07,3.07,2111.0
2025-08-06T14:47:32,3.075,3.075,3.075,3.075,500.0
2025-08-06T14:47:33,3.07,3.07,3.06,3.06,889.0
2025-08-06T14:47:34,3.065,3.065,3.065,3.065,1100.0
2025-08-06T14:47:36,3.065,3.065,3.0601,3.0601,223.0
2025-08-06T14:47:40,3.0611,3.0611,3.0611,3.0611,122.0
2025-08-06T14:47:41,3.065,3.065,3.06,3.065,5367.0
2025-08-06T14:47:42,3.065,3.065,3.065,3.065,6000.0
2025-08-06T14:47:44,3.06,3.06,3.03,3.03,3828.0
2025-08-06T14:47:48,3.055,3.055,3.05,3.05,200.0
2025-08-06T14:47:51,3.06,3.07,3.06,3.065,8148.0
2025-08-06T14:47:52,3.065,3.07,3.065,3.07,458.0
2025-08-06T14:47:54,3.075,3.075,3.075,3.075,100.0
2025-08-06T14:47:57,3.0789,3.0789,3.0789,3.0789,102.0
2025-08-06T14:47:58,3.075,3.075,3.075,3.075,100.0
2025-08-06T14:48:01,3.072,3.075,3.072,3.075,300.0
2025-08-06T14:48:09,3.08,3.1,3.08,3.1,8745.0
2025-08-06T14:48:11,3.09,3.1,3.09,3.0999,6707.0
2025-08-06T14:48:12,3.0993,3.11,3.0992,3.0992,5790.0
2025-08-06T14:48:13,3.0902,3.0902,3.09,3.09,1516.0
2025-08-06T14:48:15,3.08,3.08,3.08,3.08,2050.0
2025-08-06T14:48:16,3.085,3.085,3.085,3.085,300.0
2025-08-06T14:48:22,3.085,3.09,3.085,3.09,1700.0
2025-08-06T14:48:23,3.09,3.1,3.09,3.09,2636.0
2025-08-06T14:48:24,3.09,3.09,3.09,3.09,400.0
2025-08-06T14:48:26,3.09,3.09,3.09,3.09,941.0
2025-08-06T14:48:27,3.1,3.11,3.1,3.11,10868.0
2025-08-06T14:48:29,3.115,3.13,3.115,3.12,4655.0
2025-08-06T14:48:30,3.12,3.13,3.12,3.1299,3385.0
2025-08-06T14:48:31,3.125,3.13,3.125,3.125,6508.0
2025-08-06T14:48:32,3.127,3.1299,3.127,3.1299,992.0
2025-08-06T14:48:34,3.12,3.1291,3.12,3.1254,600.0
2025-08-06T14:48:38,3.1289,3.1289,3.1289,3.1289,100.0
2025-08-06T14:48:39,3.12,3.125,3.12,3.125,300.0
2025-08-06T14:48:43,3.1207,3.14,3.1207,3.13,11061.0
2025-08-06T14:48:44,3.13,3.13,3.13,3.13,900.0
2025-08-06T14:48:45,3.12,3.12,3.12,3.12,5000.0
2025-08-06T14:48:48,3.12,3.13,3.11,3.13,1917.0
2025-08-06T14:48:49,3.11,3.1122,3.1,3.1,1100.0
2025-08-06T14:48:50,3.1,3.1,3.09,3.09,3993.0
2025-08-06T14:48:51,3.0995,3.0995,3.0995,3.0995,1828.0
2025-08-06T14:48:54,3.095,3.095,3.095,3.095,219.0
2025-08-06T14:48:58,3.1,3.1,3.1,3.1,1599.0
2025-08-06T14:48:59,3.1089,3.1089,3.1089,3.1089,100.0
2025-08-06T14:49:02,3.105,3.105,3.1,3.1,1247.0
2025-08-06T14:49:07,3.105,3.105,3.105,3.105,251.0
2025-08-06T14:49:08,3.1,3.11,3.1,3.11,13922.0
2025-08-06T14:49:09,3.11,3.11,3.11,3.11,128.0
2025-08-06T14:49:14,3.1099,3.1099,3.105,3.105,500.0
2025-08-06T14:49:16,3.105,3.105,3.1001,3.1001,200.0
2025-08-06T14:49:19,3.11,3.11,3.11,3.11,310.0
2025-08-06T14:49:31,3.11,3.11,3.11,3.11,7000.0
2025-08-06T14:49:37,3.1,3.11,3.1,3.11,1310.0
2025-08-06T14:49:39,3.11,3.11,3.11,3.11,200.0
2025-08-06T14:49:43,3.11,3.115,3.11,3.1111,500.0
2025-08-06T14:49:48,3.1111,3.1111,3.1111,3.1111,100.0
2025-08-06T14:49:49,3.12,3.12,3.12,3.12,434.0
2025-08-06T14:49:51,3.1102,3.1102,3.1102,3.1102,1000.0
2025-08-06T14:49:52,3.1101,3.1101,3.1101,3.1101,195.0
2025-08-06T14:49:53,3.11,3.12,3.1006,3.1006,2943.0
2025-08-06T14:49:54,3.11,3.11,3.11,3.11,460.0
2025-08-06T14:50:10,3.11,3.11,3.11,3.11,100.0
2025-08-06T14:50:12,3.11,3.12,3.11,3.12,3540.0
2025-08-06T14:50:13,3.112,3.1155,3.112,3.1155,3392.0
2025-08-06T14:50:18,3.1199,3.1199,3.1199,3.1199,1010.0
2025-08-06T14:50:21,3.115,3.115,3.115,3.115,102.0
2025-08-06T14:50:22,3.1199,3.1199,3.1199,3.1199,549.0
2025-08-06T14:50:23,3.1193,3.1193,3.1193,3.1193,1075.0
2025-08-06T14:50:26,3.1172,3.1172,3.1172,3.1172,160.0
2025-08-06T14:50:30,3.115,3.115,3.115,3.115,210.0
2025-08-06T14:50:32,3.1107,3.1107,3.1107,3.1107,500.0
2025-08-06T14:50:34,3.1107,3.1107,3.1107,3.1107,558.0
2025-08-06T14:50:36,3.1145,3.1145,3.1145,3.1145,350.0
2025-08-06T14:50:48,3.12,3.12,3.12,3.12,200.0
2025-08-06T14:50:49,3.12,3.13,3.12,3.13,5254.0
2025-08-06T14:50:50,3.13,3.14,3.13,3.135,6129.0
2025-08-06T14:50:51,3.14,3.14,3.14,3.14,3000.0
2025-08-06T14:50:54,3.14,3.14,3.13,3.1345,3632.0
2025-08-06T14:50:55,3.14,3.14,3.14,3.14,167.0
2025-08-06T14:51:01,3.1308,3.1308,3.1308,3.1308,300.0
2025-08-06T14:51:02,3.13,3.14,3.12,3.1201,9753.0
2025-08-06T14:51:03,3.1299,3.1299,3.1,3.11,7216.0
2025-08-06T14:51:04,3.115,3.115,3.115,3.115,5029.0
2025-08-06T14:51:05,3.11,3.11,3.11,3.11,3000.0
2025-08-06T14:51:06,3.1169,3.1211,3.11,3.12,7273.0
2025-08-06T14:51:07,3.12,3.12,3.12,3.12,951.0
2025-08-06T14:51:09,3.12,3.12,3.12,3.12,1000.0
2025-08-06T14:51:11,3.12,3.12,3.12,3.12,1890.0
2025-08-06T14:51:12,3.125,3.125,3.125,3.125,100.0
2025-08-06T14:51:15,3.13,3.15,3.13,3.14,6155.0
2025-08-06T14:51:16,3.14,3.14,3.14,3.14,175.0
2025-08-06T14:51:17,3.1399,3.1399,3.13,3.13,8000.0
2025-08-06T14:51:20,3.13,3.14,3.13,3.138,3300.0
2025-08-06T14:51:22,3.135,3.135,3.135,3.135,150.0
2025-08-06T14:51:23,3.1335,3.1335,3.1335,3.1335,100.0
2025-08-06T14:51:24,3.1368,3.1368,3.1368,3.1368,102.0
2025-08-06T14:51:25,3.135,3.135,3.135,3.135,1607.0
2025-08-06T14:51:31,3.135,3.135,3.135,3.135,100.0
2025-08-06T14:51:37,3.14,3.14,3.14,3.14,200.0
2025-08-06T14:51:40,3.135,3.135,3.135,3.135,5055.0
2025-08-06T14:51:44,3.13,3.14,3.13,3.14,4114.0
2025-08-06T14:51:47,3.125,3.125,3.11,3.115,4940.0
2025-08-06T14:51:50,3.125,3.125,3.1201,3.1201,575.0
2025-08-06T14:51:51,3.1299,3.13,3.1299,3.13,3175.0
2025-08-06T14:51:52,3.12,3.1293,3.12,3.1293,5510.0
2025-08-06T14:51:53,3.122,3.122,3.122,3.122,235.0
2025-08-06T14:51:54,3.125,3.13,3.12,3.12,11902.0
2025-08-06T14:51:56,3.125,3.125,3.121,3.1245,3250.0
2025-08-06T14:52:02,3.13,3.13,3.1245,3.1245,3761.0
2025-08-06T14:52:06,3.135,3.135,3.13,3.13,1569.0
2025-08-06T14:52:09,3.13,3.13,3.13,3.13,120.0
2025-08-06T14:52:15,3.1208,3.1208,3.1208,3.1208,400.0
2025-08-06T14:52:18,3.1245,3.1245,3.1245,3.1245,400.0
2025-08-06T14:52:19,3.1299,3.13,3.1299,3.13,3173.0
2025-08-06T14:52:20,3.135,3.135,3.135,3.135,150.0
2025-08-06T14:52:25,3.13,3.14,3.125,3.125,6978.0
2025-08-06T14:52:27,3.12,3.12,3.12,3.12,538.0
2025-08-06T14:52:29,3.11,3.11,3.1,3.1,6978.0
2025-08-06T14:52:31,3.1,3.1054,3.1,3.1,4247.0
2025-08-06T14:52:32,3.1001,3.1001,3.1001,3.1001,300.0
2025-08-06T14:52:38,3.1,3.11,3.1,3.11,1203.0
2025-08-06T14:52:41,3.1,3.105,3.1,3.105,700.0
2025-08-06T14:52:50,3.105,3.105,3.105,3.105,100.0
2025-08-06T14:52:57,3.105,3.105,3.105,3.105,110.0
2025-08-06T14:52:58,3.1,3.1,3.1,3.1,500.0
2025-08-06T14:53:01,3.11,3.11,3.11,3.11,236.0
2025-08-06T14:53:04,3.1092,3.1092,3.1092,3.1092,200.0
2025-08-06T14:53:08,3.1,3.1,3.1,3.1,100.0
2025-08-06T14:53:23,3.105,3.105,3.105,3.105,200.0
2025-08-06T14:53:37,3.1,3.1,3.1,3.1,400.0
2025-08-06T14:53:40,3.11,3.11,3.1075,3.1075,1175.0
2025-08-06T14:54:07,3.12,3.13,3.12,3.13,1418.0
2025-08-06T14:54:09,3.125,3.125,3.125,3.125,400.0
2025-08-06T14:54:11,3.13,3.14,3.1299,3.13,3375.0
2025-08-06T14:54:15,3.14,3.14,3.14,3.14,1856.0
2025-08-06T14:54:16,3.15,3.15,3.15,3.15,3000.0
2025-08-06T14:54:18,3.149,3.149,3.149,3.149,102.0
2025-08-06T14:54:19,3.14,3.14,3.14,3.14,1000.0
2025-08-06T14:54:20,3.145,3.145,3.145,3.145,320.0
2025-08-06T14:54:22,3.15,3.15,3.15,3.15,3474.0
2025-08-06T14:54:24,3.16,3.18,3.15,3.1506,13997.0
2025-08-06T14:54:25,3.16,3.16,3.15,3.15,401.0
2025-08-06T14:54:26,3.1549,3.1549,3.1549,3.1549,1025.0
2025-08-06T14:54:27,3.1553,3.1553,3.155,3.155,6594.0
2025-08-06T14:54:29,3.155,3.1597,3.155,3.155,510.0
2025-08-06T14:54:30,3.155,3.1553,3.155,3.1553,475.0
2025-08-06T14:54:32,3.1511,3.1511,3.1511,3.1511,120.0
2025-08-06T14:54:37,3.15,3.16,3.15,3.16,4176.0
2025-08-06T14:54:38,3.14,3.145,3.14,3.145,1188.0
2025-08-06T14:54:40,3.1454,3.1454,3.1454,3.1454,110.0
2025-08-06T14:54:46,3.145,3.145,3.145,3.145,100.0
2025-08-06T14:54:49,3.14,3.14,3.14,3.14,1352.0
2025-08-06T14:54:50,3.14,3.14,3.135,3.135,325.0
2025-08-06T14:54:52,3.1301,3.1301,3.1301,3.1301,300.0
2025-08-06T14:54:59,3.135,3.135,3.135,3.135,181.0
2025-08-06T14:55:04,3.14,3.14,3.14,3.14,2808.0
2025-08-06T14:55:08,3.14,3.15,3.14,3.14,1700.0
2025-08-06T14:55:09,3.1491,3.1491,3.1491,3.1491,200.0
2025-08-06T14:55:12,3.1492,3.1492,3.1492,3.1492,301.0
2025-08-06T14:55:13,3.1497,3.1497,3.1479,3.1479,1000.0
2025-08-06T14:55:14,3.145,3.145,3.145,3.145,100.0
2025-08-06T14:55:16,3.14,3.14,3.14,3.14,110.0
2025-08-06T14:55:18,3.1499,3.1499,3.1499,3.1499,100.0
2025-08-06T14:55:19,3.145,3.145,3.145,3.145,101.0
2025-08-06T14:55:22,3.145,3.145,3.135,3.14,2263.0
2025-08-06T14:55:23,3.14,3.14,3.14,3.14,419.0
2025-08-06T14:55:26,3.1301,3.1301,3.1301,3.1301,1701.0
2025-08-06T14:55:35,3.139,3.139,3.139,3.139,100.0
2025-08-06T14:55:40,3.1307,3.14,3.1307,3.14,950.0
2025-08-06T14:55:41,3.14,3.14,3.14,3.14,100.0
2025-08-06T14:55:44,3.14,3.15,3.14,3.15,599.0
2025-08-06T14:55:48,3.14,3.15,3.1399,3.1499,14222.0
2025-08-06T14:55:50,3.15,3.15,3.145,3.145,310.0
2025-08-06T14:55:55,3.1448,3.1448,3.1448,3.1448,2345.0
2025-08-06T14:56:03,3.14,3.14,3.14,3.14,1000.0
2025-08-06T14:56:05,3.145,3.145,3.145,3.145,110.0
2025-08-06T14:56:06,3.1434,3.1434,3.1434,3.1434,507.0
2025-08-06T14:56:11,3.141,3.141,3.141,3.141,150.0
2025-08-06T14:56:24,3.141,3.1494,3.141,3.1494,1710.0
2025-08-06T14:56:25,3.14,3.14,3.14,3.14,100.0
2025-08-06T14:56:26,3.145,3.15,3.145,3.145,800.0
2025-08-06T14:56:27,3.148,3.148,3.145,3.148,2800.0
2025-08-06T14:56:29,3.148,3.16,3.145,3.15,8144.0
2025-08-06T14:56:30,3.158,3.158,3.145,3.145,2701.0
2025-08-06T14:56:33,3.145,3.145,3.145,3.145,1250.0
2025-08-06T14:56:35,3.1497,3.1497,3.1497,3.1497,100.0
2025-08-06T14:56:41,3.15,3.16,3.15,3.16,7932.0
2025-08-06T14:56:42,3.155,3.155,3.155,3.155,200.0
2025-08-06T14:56:50,3.16,3.18,3.16,3.18,5204.0
2025-08-06T14:56:52,3.17,3.17,3.17,3.17,1022.0
2025-08-06T14:56:55,3.17,3.17,3.17,3.17,200.0
2025-08-06T14:56:57,3.1699,3.1699,3.1699,3.1699,1001.0
2025-08-06T14:56:58,3.165,3.165,3.165,3.165,200.0
2025-08-06T14:56:59,3.1603,3.1603,3.1603,3.1603,500.0
2025-08-06T14:57:00,3.1693,3.1693,3.1693,3.1693,701.0
2025-08-06T14:57:02,3.1692,3.1692,3.1692,3.1692,349.0
2025-08-06T14:57:04,3.165,3.165,3.16,3.16,758.0
2025-08-06T14:57:06,3.16,3.16,3.16,3.16,208.0
2025-08-06T14:57:09,3.165,3.165,3.165,3.165,350.0
2025-08-06T14:57:10,3.1604,3.1604,3.1604,3.1604,1973.0
2025-08-06T14:57:13,3.16,3.17,3.14,3.15,15360.0
2025-08-06T14:57:18,3.1511,3.1511,3.1511,3.1511,100.0
2025-08-06T14:57:23,3.1546,3.1546,3.1546,3.1546,100.0
2025-08-06T14:57:24,3.1502,3.1502,3.1502,3.1502,180.0
2025-08-06T14:57:26,3.1594,3.1594,3.1501,3.1501,1250.0
2025-08-06T14:57:28,3.16,3.16,3.16,3.16,220.0
2025-08-06T14:57:34,3.168,3.17,3.13,3.15,14495.0
2025-08-06T14:57:38,3.145,3.145,3.145,3.145,1200.0
2025-08-06T14:57:41,3.14,3.14,3.14,3.14,300.0
2025-08-06T14:57:45,3.145,3.145,3.145,3.145,300.0
2025-08-06T14:57:48,3.145,3.15,3.145,3.15,200.0
2025-08-06T14:57:52,3.14,3.14,3.14,3.14,100.0
2025-08-06T14:57:55,3.15,3.15,3.15,3.15,3000.0
2025-08-06T14:57:58,3.15,3.15,3.15,3.15,100.0
2025-08-06T14:57:59,3.148,3.15,3.148,3.15,2073.0
2025-08-06T14:58:03,3.16,3.16,3.16,3.16,100.0
2025-08-06T14:58:08,3.155,3.16,3.155,3.16,500.0
2025-08-06T14:58:11,3.16,3.16,3.16,3.16,100.0
2025-08-06T14:58:12,3.152,3.152,3.152,3.152,102.0
2025-08-06T14:58:13,3.16,3.17,3.16,3.16,2865.0
2025-08-06T14:58:17,3.16,3.16,3.16,3.16,100.0
2025-08-06T14:58:18,3.16,3.16,3.16,3.16,771.0
2025-08-06T14:58:21,3.1609,3.1609,3.1609,3.1609,200.0
2025-08-06T14:58:22,3.17,3.17,3.17,3.17,100.0
2025-08-06T14:58:23,3.16,3.165,3.16,3.1602,800.0
2025-08-06T14:58:24,3.165,3.165,3.165,3.165,100.0
2025-08-06T14:58:26,3.16,3.17,3.15,3.1555,1828.0
2025-08-06T14:58:27,3.1592,3.1592,3.1592,3.1592,316.0
2025-08-06T14:58:28,3.16,3.16,3.155,3.16,609.0
2025-08-06T14:58:30,3.15,3.15,3.15,3.15,365.0
2025-08-06T14:58:31,3.15,3.15,3.14,3.14,3400.0
2025-08-06T14:58:33,3.142,3.145,3.13,3.13,4500.0
2025-08-06T14:58:34,3.132,3.132,3.132,3.132,1430.0
2025-08-06T14:58:35,3.1345,3.1392,3.1345,3.1392,500.0
2025-08-06T14:58:37,3.1393,3.14,3.135,3.14,1666.0
2025-08-06T14:58:38,3.14,3.14,3.14,3.14,300.0
2025-08-06T14:58:39,3.13,3.135,3.13,3.135,3600.0
2025-08-06T14:58:40,3.14,3.14,3.14,3.14,858.0
2025-08-06T14:58:47,3.145,3.145,3.145,3.145,600.0
2025-08-06T14:58:49,3.14,3.14,3.14,3.14,1145.0
2025-08-06T14:58:52,3.14,3.15,3.135,3.135,2079.0
2025-08-06T14:58:53,3.13,3.13,3.13,3.13,225.0
2025-08-06T14:58:54,3.13,3.13,3.12,3.12,5682.0
2025-08-06T14:58:55,3.125,3.13,3.12,3.13,380.0
2025-08-06T14:58:56,3.12,3.1204,3.12,3.1204,2102.0
2025-08-06T14:58:57,3.1207,3.1207,3.11,3.11,11803.0
2025-08-06T14:58:58,3.11,3.11,3.1,3.1,4133.0
2025-08-06T14:58:59,3.105,3.105,3.105,3.105,100.0
2025-08-06T14:59:00,3.1,3.1001,3.1,3.1001,5919.0
2025-08-06T14:59:01,3.105,3.105,3.1,3.1,600.0
2025-08-06T14:59:05,3.105,3.105,3.105,3.105,1025.0
2025-08-06T14:59:06,3.105,3.112,3.105,3.112,2111.0
2025-08-06T14:59:07,3.1155,3.1155,3.115,3.115,2993.0
2025-08-06T14:59:09,3.1189,3.1189,3.1189,3.1189,100.0
2025-08-06T14:59:10,3.115,3.115,3.11,3.11,902.0
2025-08-06T14:59:12,3.11,3.11,3.11,3.11,300.0
2025-08-06T14:59:14,3.1109,3.1109,3.11,3.11,2691.0
2025-08-06T14:59:18,3.1089,3.1089,3.1089,3.1089,175.0
2025-08-06T14:59:19,3.11,3.11,3.11,3.11,749.0
2025-08-06T14:59:20,3.105,3.11,3.105,3.11,300.0
2025-08-06T14:59:22,3.11,3.12,3.11,3.12,200.0
2025-08-06T14:59:28,3.115,3.12,3.11,3.11,583.0
2025-08-06T14:59:30,3.12,3.12,3.12,3.12,444.0
2025-08-06T14:59:32,3.115,3.115,3.11,3.11,3220.0
2025-08-06T14:59:33,3.115,3.12,3.11,3.12,300.0
2025-08-06T14:59:38,3.11,3.11,3.11,3.11,500.0
2025-08-06T14:59:48,3.11,3.11,3.11,3.11,401.0
2025-08-06T14:59:58,3.1135,3.1135,3.1135,3.1135,510.0
2025-08-06T15:00:02,3.1199,3.1199,3.1199,3.1199,700.0
2025-08-06T15:00:04,3.112,3.112,3.112,3.112,170.0
2025-08-06T15:00:05,3.115,3.115,3.115,3.115,2000.0
2025-08-06T15:00:07,3.11,3.12,3.11,3.12,2599.0
2025-08-06T15:00:09,3.105,3.12,3.105,3.105,1700.0
2025-08-06T15:00:11,3.1,3.1,3.1,3.1,100.0
2025-08-06T15:00:12,3.11,3.11,3.1,3.11,2803.0
2025-08-06T15:00:15,3.1,3.105,3.1,3.105,1145.0
2025-08-06T15:00:18,3.1001,3.1001,3.1001,3.1001,2000.0
2025-08-06T15:00:23,3.1,3.1,3.1,3.1,250.0
2025-08-06T15:00:24,3.105,3.105,3.105,3.105,200.0
2025-08-06T15:00:30,3.105,3.11,3.105,3.11,275.0
2025-08-06T15:00:33,3.105,3.105,3.105,3.105,3100.0
2025-08-06T15:00:37,3.11,3.11,3.11,3.11,100.0
2025-08-06T15:00:39,3.1,3.1,3.1,3.1,513.0
2025-08-06T15:00:40,3.105,3.115,3.1,3.11,5806.0
2025-08-06T15:00:44,3.115,3.115,3.115,3.115,100.0
2025-08-06T15:00:46,3.12,3.13,3.12,3.12,2098.0
2025-08-06T15:00:47,3.115,3.115,3.115,3.115,100.0
2025-08-06T15:00:51,3.1102,3.1102,3.1102,3.1102,120.0
2025-08-06T15:00:55,3.115,3.115,3.11,3.11,876.0
2025-08-06T15:01:04,3.1145,3.1145,3.1145,3.1145,2000.0
2025-08-06T15:01:08,3.13,3.13,3.125,3.125,670.0
2025-08-06T15:01:09,3.125,3.135,3.125,3.135,1053.0
2025-08-06T15:01:10,3.1335,3.14,3.132,3.135,10245.0
2025-08-06T15:01:11,3.1399,3.1399,3.1399,3.1399,1500.0
2025-08-06T15:01:14,3.14,3.14,3.135,3.14,1239.0
2025-08-06T15:01:17,3.14,3.15,3.12,3.15,7019.0
2025-08-06T15:01:18,3.125,3.13,3.125,3.13,3411.0
2025-08-06T15:01:19,3.135,3.14,3.13,3.14,799.0
2025-08-06T15:01:22,3.14,3.14,3.14,3.14,1160.0
2025-08-06T15:01:25,3.13,3.13,3.125,3.13,4184.0
2025-08-06T15:01:27,3.13,3.14,3.13,3.135,3299.0
2025-08-06T15:01:28,3.1393,3.1393,3.1393,3.1393,603.0
2025-08-06T15:01:30,3.14,3.14,3.14,3.14,20001.0
2025-08-06T15:01:33,3.133,3.138,3.133,3.138,2000.0
2025-08-06T15:01:34,3.135,3.15,3.135,3.15,12300.0
2025-08-06T15:01:35,3.16,3.16,3.16,3.16,1756.0
2025-08-06T15:01:36,3.1601,3.2299,3.15,3.16,19476.0
2025-08-06T15:01:37,3.168,3.17,3.16,3.16,9337.0
2025-08-06T15:01:38,3.1599,3.1599,3.1599,3.1599,1040.0
2025-08-06T15:01:40,3.16,3.165,3.16,3.165,801.0
2025-08-06T15:01:41,3.165,3.165,3.165,3.165,2848.0
2025-08-06T15:01:43,3.17,3.17,3.1645,3.1645,1200.0
2025-08-06T15:01:44,3.16,3.17,3.15,3.17,3093.0
2025-08-06T15:01:49,3.1545,3.1545,3.1545,3.1545,3010.0
2025-08-06T15:01:51,3.155,3.155,3.155,3.155,100.0
2025-08-06T15:01:52,3.1589,3.1589,3.1589,3.1589,169.0
2025-08-06T15:01:54,3.15,3.16,3.135,3.14,5486.0
2025-08-06T15:01:55,3.1489,3.1489,3.1489,3.1489,100.0
2025-08-06T15:02:01,3.14,3.14,3.14,3.14,100.0
2025-08-06T15:02:04,3.1493,3.1493,3.145,3.145,1100.0
2025-08-06T15:02:05,3.1455,3.15,3.142,3.15,4729.0
2025-08-06T15:02:06,3.15,3.15,3.1477,3.1477,500.0
2025-08-06T15:02:10,3.14,3.14,3.14,3.14,120.0
2025-08-06T15:02:12,3.14,3.14,3.14,3.14,500.0
2025-08-06T15:02:18,3.145,3.15,3.13,3.14,10051.0
2025-08-06T15:02:19,3.14,3.15,3.14,3.1455,6321.0
2025-08-06T15:02:20,3.15,3.16,3.15,3.16,2229.0
2025-08-06T15:02:21,3.1554,3.1554,3.1554,3.1554,500.0
2025-08-06T15:02:28,3.16,3.16,3.16,3.16,450.0
2025-08-06T15:02:31,3.17,3.17,3.16,3.16,9185.0
2025-08-06T15:02:32,3.1601,3.1601,3.1601,3.1601,2927.0
2025-08-06T15:02:35,3.1689,3.18,3.167,3.175,4998.0
2025-08-06T15:02:36,3.177,3.177,3.177,3.177,140.0
2025-08-06T15:02:37,3.18,3.19,3.18,3.1899,9534.0
2025-08-06T15:02:38,3.1899,3.22,3.1899,3.22,17530.0
2025-08-06T15:02:39,3.22,3.22,3.215,3.215,1430.0
2025-08-06T15:02:40,3.2101,3.22,3.21,3.21,3839.0
2025-08-06T15:02:41,3.2007,3.21,3.2,3.21,1544.0
2025-08-06T15:02:43,3.21,3.21,3.21,3.21,750.0
2025-08-06T15:02:44,3.215,3.215,3.215,3.215,640.0
2025-08-06T15:02:45,3.22,3.25,3.22,3.25,17363.0
2025-08-06T15:02:46,3.25,3.25,3.22,3.22,9434.0
2025-08-06T15:02:47,3.21,3.2194,3.2,3.21,9824.0
2025-08-06T15:02:48,3.2191,3.23,3.21,3.23,14015.0
2025-08-06T15:02:49,3.2399,3.2399,3.22,3.22,3479.0
2025-08-06T15:02:50,3.23,3.25,3.23,3.248,4802.0
2025-08-06T15:02:51,3.2409,3.2488,3.24,3.2488,1036.0
2025-08-06T15:02:52,3.2488,3.2488,3.24,3.2401,823.0
2025-08-06T15:02:53,3.2483,3.2483,3.245,3.248,1410.0
2025-08-06T15:02:55,3.245,3.25,3.2204,3.2204,3155.0
2025-08-06T15:02:56,3.23,3.23,3.23,3.23,279.0
2025-08-06T15:02:57,3.23,3.24,3.23,3.23,4216.0
2025-08-06T15:02:59,3.23,3.25,3.23,3.25,1220.0
2025-08-06T15:03:01,3.25,3.27,3.25,3.27,17695.0
2025-08-06T15:03:02,3.265,3.265,3.26,3.26,1250.0
2025-08-06T15:03:03,3.2699,3.2699,3.2699,3.2699,1626.0
2025-08-06T15:03:04,3.26,3.269,3.26,3.269,335.0
2025-08-06T15:03:05,3.26,3.27,3.24,3.2492,8555.0
2025-08-06T15:03:06,3.2488,3.2488,3.2487,3.2487,1322.0
2025-08-06T15:03:08,3.23,3.25,3.23,3.25,2101.0
2025-08-06T15:03:09,3.26,3.26,3.2546,3.2546,2000.0
2025-08-06T15:03:10,3.2599,3.26,3.2599,3.26,620.0
2025-08-06T15:03:11,3.26,3.26,3.26,3.26,645.0
2025-08-06T15:03:12,3.255,3.255,3.255,3.255,1016.0
2025-08-06T15:03:13,3.26,3.26,3.25,3.26,2347.0
2025-08-06T15:03:14,3.26,3.26,3.26,3.26,125.0
2025-08-06T15:03:15,3.2698,3.2698,3.2698,3.2698,150.0
2025-08-06T15:03:16,3.2692,3.2692,3.2611,3.2611,400.0
2025-08-06T15:03:17,3.269,3.27,3.269,3.27,2933.0
2025-08-06T15:03:18,3.2789,3.28,3.275,3.2792,703.0
2025-08-06T15:03:19,3.28,3.28,3.2701,3.2789,4476.0
2025-08-06T15:03:20,3.28,3.28,3.27,3.28,1476.0
2025-08-06T15:03:21,3.2701,3.2701,3.2701,3.2701,114.0
2025-08-06T15:03:22,3.2703,3.2793,3.2703,3.2793,2832.0
2025-08-06T15:03:24,3.275,3.275,3.275,3.275,1009.0
2025-08-06T15:03:25,3.28,3.28,3.27,3.2701,1500.0
2025-08-06T15:03:26,3.28,3.28,3.27,3.275,1915.0
2025-08-06T15:03:27,3.277584,3.28,3.27,3.2781,1515.0
2025-08-06T15:03:28,3.2745,3.2745,3.2745,3.2745,1068.0
2025-08-06T15:03:29,3.27,3.27,3.26,3.26,3144.0
2025-08-06T15:03:30,3.25,3.25,3.25,3.25,214.0
2025-08-06T15:03:31,3.25,3.25,3.245,3.245,664.0
2025-08-06T15:03:32,3.24,3.245,3.22,3.24,3633.0
2025-08-06T15:03:33,3.232,3.232,3.2301,3.2301,393.0
2025-08-06T15:03:34,3.23,3.235,3.229,3.229,6569.0
2025-08-06T15:03:35,3.222,3.225,3.22,3.22,722.0
2025-08-06T15:03:36,3.23,3.235,3.23,3.235,774.0
2025-08-06T15:03:37,3.235,3.235,3.235,3.235,243.0
2025-08-06T15:03:38,3.2389,3.2389,3.2389,3.2389,469.0
2025-08-06T15:03:41,3.2391,3.2391,3.2391,3.2391,1000.0
2025-08-06T15:03:42,3.23,3.23,3.23,3.23,100.0
2025-08-06T15:03:45,3.235,3.235,3.235,3.235,171.0
2025-08-06T15:03:48,3.2393,3.2393,3.2393,3.2393,997.0
2025-08-06T15:03:53,3.23,3.23,3.23,3.23,690.0
2025-08-06T15:03:56,3.235,3.235,3.235,3.235,160.0
2025-08-06T15:03:57,3.24,3.27,3.24,3.251,5621.0
2025-08-06T15:03:59,3.2599,3.2599,3.25,3.25,300.0
2025-08-06T15:04:00,3.255,3.255,3.255,3.255,3001.0
2025-08-06T15:04:01,3.26,3.26,3.25,3.26,2204.0
2025-08-06T15:04:02,3.25,3.25,3.25,3.25,1063.0
2025-08-06T15:04:03,3.26,3.26,3.26,3.26,368.0
2025-08-06T15:04:08,3.2508,3.2508,3.2508,3.2508,450.0
2025-08-06T15:04:10,3.255,3.255,3.255,3.255,208.0
2025-08-06T15:04:12,3.25,3.26,3.2455,3.2455,3100.0
2025-08-06T15:04:13,3.24,3.24,3.24,3.24,10163.0
2025-08-06T15:04:14,3.2388,3.24,3.23,3.24,1646.0
2025-08-06T15:04:16,3.2208,3.2293,3.2208,3.2293,1018.0
2025-08-06T15:04:19,3.225,3.225,3.225,3.225,173.0
2025-08-06T15:04:20,3.229,3.2309,3.229,3.2309,1111.0
2025-08-06T15:04:24,3.23,3.24,3.22,3.222,3049.0
2025-08-06T15:04:26,3.225,3.225,3.22,3.22,1000.0
2025-08-06T15:04:28,3.22,3.22,3.22,3.22,535.0
2025-08-06T15:04:30,3.225,3.225,3.225,3.225,318.0
2025-08-06T15:04:36,3.2299,3.2299,3.2299,3.2299,200.0
2025-08-06T15:04:37,3.2211,3.23,3.2211,3.2219,300.0
2025-08-06T15:04:39,3.2255,3.2255,3.2203,3.2203,570.0
2025-08-06T15:04:40,3.23,3.23,3.2297,3.2297,531.0
2025-08-06T15:04:41,3.2202,3.2202,3.2202,3.2202,150.0
2025-08-06T15:04:46,3.23,3.2336,3.23,3.2336,879.0
2025-08-06T15:04:50,3.235,3.235,3.235,3.235,200.0
2025-08-06T15:04:56,3.24,3.24,3.2397,3.24,3502.0
2025-08-06T15:04:59,3.24,3.24,3.24,3.24,172.0
2025-08-06T15:05:01,3.2497,3.2497,3.2497,3.2497,117.0
2025-08-06T15:05:02,3.2499,3.2499,3.2499,3.2499,150.0
2025-08-06T15:05:03,3.248,3.248,3.248,3.248,150.0
2025-08-06T15:05:04,3.2411,3.2411,3.2411,3.2411,223.0
2025-08-06T15:05:06,3.25,3.25,3.24,3.25,3505.0
2025-08-06T15:05:07,3.23,3.23,3.211,3.23,4297.0
2025-08-06T15:05:09,3.2281,3.2281,3.2281,3.2281,186.0
2025-08-06T15:05:11,3.22,3.22,3.2101,3.2101,205.0
2025-08-06T15:05:12,3.225,3.225,3.225,3.225,2812.0
2025-08-06T15:05:13,3.2202,3.2202,3.2202,3.2202,5055.0
2025-08-06T15:05:14,3.23,3.23,3.23,3.23,2041.0
2025-08-06T15:05:15,3.225,3.225,3.215,3.22,2259.0
2025-08-06T15:05:16,3.215,3.215,3.2101,3.2101,260.0
2025-08-06T15:05:17,3.21,3.22,3.2,3.2055,7611.0
2025-08-06T15:05:18,3.2054,3.2054,3.2054,3.2054,100.0
2025-08-06T15:05:19,3.2101,3.2101,3.2,3.2,5347.0
2025-08-06T15:05:20,3.2,3.2,3.19,3.2,13135.0
2025-08-06T15:05:21,3.19,3.1933,3.19,3.1933,330.0
2025-08-06T15:05:22,3.19,3.19,3.19,3.19,2050.0
2025-08-06T15:05:23,3.19,3.19,3.18,3.19,1601.0
2025-08-06T15:05:24,3.2,3.2,3.2,3.2,1074.0
2025-08-06T15:05:25,3.2012,3.2012,3.2012,3.2012,298.0
2025-08-06T15:05:26,3.205,3.205,3.205,3.205,195.0
2025-08-06T15:05:27,3.2028,3.2028,3.2009,3.2009,300.0
2025-08-06T15:05:28,3.205,3.205,3.205,3.205,100.0
2025-08-06T15:05:32,3.2,3.2,3.2,3.2,2839.0
2025-08-06T15:05:33,3.202,3.205,3.2,3.2,1613.0
2025-08-06T15:05:35,3.2,3.2,3.2,3.2,100.0
2025-08-06T15:05:37,3.21,3.21,3.2055,3.2055,553.0
2025-08-06T15:05:39,3.2,3.2012,3.2,3.2012,1418.0
2025-08-06T15:05:40,3.205,3.205,3.205,3.205,310.0
2025-08-06T15:05:41,3.2093,3.22,3.2093,3.22,5455.0
2025-08-06T15:05:42,3.22,3.23,3.22,3.22,808.0
2025-08-06T15:05:45,3.21,3.21,3.21,3.21,400.0
2025-08-06T15:05:47,3.2199,3.22,3.2199,3.22,2963.0
2025-08-06T15:05:48,3.211,3.211,3.211,3.211,665.0
2025-08-06T15:05:49,3.2112,3.2112,3.2112,3.2112,119.0
2025-08-06T15:05:51,3.215,3.215,3.215,3.215,200.0
2025-08-06T15:05:57,3.215,3.22,3.215,3.22,2322.0
2025-08-06T15:05:58,3.2119,3.2119,3.2119,3.2119,100.0
2025-08-06T15:06:00,3.22,3.22,3.22,3.22,230.0
2025-08-06T15:06:01,3.2207,3.2207,3.2207,3.2207,300.0
2025-08-06T15:06:05,3.2211,3.2211,3.2211,3.2211,100.0
2025-08-06T15:06:06,3.2289,3.2289,3.2289,3.2289,100.0
2025-08-06T15:06:08,3.225,3.225,3.22,3.22,1526.0
2025-08-06T15:06:11,3.22,3.2203,3.215,3.2203,1498.0
2025-08-06T15:06:13,3.22,3.23,3.22,3.23,636.0
2025-08-06T15:06:14,3.21,3.21,3.21,3.21,300.0
2025-08-06T15:06:18,3.21,3.22,3.195,3.195,3095.0
2025-08-06T15:06:19,3.1999,3.1999,3.1911,3.1911,467.0
2025-08-06T15:06:20,3.195,3.195,3.19,3.19,1500.0
2025-08-06T15:06:22,3.19,3.1901,3.17,3.19,4919.0
2025-08-06T15:06:23,3.18,3.18,3.17,3.1797,1677.0
2025-08-06T15:06:25,3.17,3.1701,3.17,3.1701,270.0
2025-08-06T15:06:26,3.17,3.18,3.15,3.1501,21165.0
2025-08-06T15:06:28,3.16,3.1699,3.1563,3.1699,1354.0
2025-08-06T15:06:29,3.1606,3.1689,3.1601,3.1601,1398.0
2025-08-06T15:06:30,3.17,3.1755,3.17,3.1755,997.0
2025-08-06T15:06:32,3.17,3.17,3.17,3.17,3000.0
2025-08-06T15:06:34,3.175,3.175,3.175,3.175,195.0
2025-08-06T15:06:36,3.1701,3.1701,3.1701,3.1701,1000.0
2025-08-06T15:06:38,3.1711,3.1711,3.17,3.17,259.0
2025-08-06T15:06:41,3.17,3.17,3.17,3.17,848.0
2025-08-06T15:06:42,3.1702,3.1702,3.1702,3.1702,602.0
2025-08-06T15:06:43,3.1755,3.1755,3.1755,3.1755,3000.0
2025-08-06T15:06:44,3.1701,3.1701,3.1701,3.1701,100.0
2025-08-06T15:06:46,3.18,3.18,3.18,3.18,6264.0
2025-08-06T15:06:49,3.18,3.18,3.18,3.18,410.0
2025-08-06T15:06:51,3.18,3.19,3.18,3.19,771.0
2025-08-06T15:06:52,3.17,3.17,3.1699,3.1699,1196.0
2025-08-06T15:06:54,3.168,3.168,3.168,3.168,150.0
2025-08-06T15:06:57,3.16,3.16,3.16,3.16,8041.0
2025-08-06T15:06:58,3.1691,3.1691,3.1691,3.1691,300.0
2025-08-06T15:06:59,3.1616,3.1616,3.1616,3.1616,1002.0
2025-08-06T15:07:00,3.17,3.17,3.17,3.17,295.0
2025-08-06T15:07:01,3.1691,3.1699,3.1691,3.1699,413.0
2025-08-06T15:07:02,3.17,3.17,3.1693,3.1693,2000.0
2025-08-06T15:07:03,3.16,3.16,3.16,3.16,275.0
2025-08-06T15:07:04,3.16,3.16,3.16,3.16,211.0
2025-08-06T15:07:05,3.1699,3.1699,3.1699,3.1699,524.0
2025-08-06T15:07:06,3.16,3.16,3.16,3.16,144.0
2025-08-06T15:07:09,3.1603,3.1603,3.1603,3.1603,574.0
2025-08-06T15:07:10,3.165,3.1696,3.1608,3.1696,3200.0
2025-08-06T15:07:11,3.1611,3.1611,3.1611,3.1611,283.0
2025-08-06T15:07:14,3.165,3.165,3.165,3.165,100.0
2025-08-06T15:07:17,3.16,3.16,3.16,3.16,100.0
2025-08-06T15:07:18,3.16,3.17,3.12,3.13,19779.0
2025-08-06T15:07:20,3.1301,3.1301,3.1301,3.1301,1000.0
2025-08-06T15:07:22,3.14,3.16,3.14,3.1455,3405.0
2025-08-06T15:07:25,3.14,3.1499,3.14,3.1499,400.0
2025-08-06T15:07:26,3.1402,3.15,3.1402,3.1489,1190.0
2025-08-06T15:07:27,3.145,3.15,3.145,3.15,1056.0
2025-08-06T15:07:38,3.16,3.16,3.16,3.16,490.0
2025-08-06T15:07:39,3.1501,3.1501,3.1501,3.1501,177.0
2025-08-06T15:07:43,3.1589,3.16,3.1589,3.16,2479.0
2025-08-06T15:07:44,3.162,3.165,3.162,3.165,900.0
2025-08-06T15:07:49,3.165,3.165,3.165,3.165,3000.0
2025-08-06T15:07:51,3.17,3.17,3.17,3.17,1148.0
2025-08-06T15:07:52,3.1608,3.1655,3.1608,3.1655,3247.0
2025-08-06T15:07:53,3.1689,3.1689,3.1689,3.1689,100.0
2025-08-06T15:07:56,3.165,3.165,3.165,3.165,100.0
2025-08-06T15:08:04,3.1696,3.1696,3.1696,3.1696,2000.0
2025-08-06T15:08:05,3.1603,3.17,3.1603,3.17,2090.0
2025-08-06T15:08:11,3.1689,3.1689,3.1689,3.1689,778.0
2025-08-06T15:08:17,3.165,3.17,3.165,3.17,610.0
2025-08-06T15:08:19,3.165,3.165,3.165,3.165,400.0
2025-08-06T15:08:21,3.165,3.17,3.165,3.17,2904.0
2025-08-06T15:08:22,3.18,3.19,3.16,3.18,5038.0
2025-08-06T15:08:23,3.16,3.1681,3.16,3.1681,3210.0
2025-08-06T15:08:24,3.16,3.17,3.15,3.17,4796.0
2025-08-06T15:08:25,3.17,3.17,3.16,3.17,2139.0
2025-08-06T15:08:29,3.17,3.17,3.17,3.17,305.0
2025-08-06T15:08:31,3.16,3.16,3.16,3.16,172.0
2025-08-06T15:08:35,3.16,3.16,3.16,3.16,3000.0
2025-08-06T15:08:42,3.1607,3.1607,3.1607,3.1607,900.0
2025-08-06T15:08:48,3.1604,3.1604,3.1604,3.1604,2847.0
2025-08-06T15:08:55,3.165,3.165,3.165,3.165,1000.0
2025-08-06T15:09:00,3.17,3.17,3.17,3.17,8770.0
2025-08-06T15:09:01,3.1711,3.1711,3.1711,3.1711,100.0
2025-08-06T15:09:03,3.175,3.175,3.175,3.175,259.0
2025-08-06T15:09:06,3.17,3.17,3.17,3.17,1300.0
2025-08-06T15:09:08,3.17,3.18,3.17,3.18,400.0
2025-08-06T15:09:10,3.1704,3.18,3.1704,3.18,3558.0
2025-08-06T15:09:11,3.1704,3.1704,3.1704,3.1704,2043.0
2025-08-06T15:09:16,3.17,3.17,3.17,3.17,100.0
2025-08-06T15:09:17,3.1707,3.1707,3.1707,3.1707,1000.0
2025-08-06T15:09:18,3.17,3.18,3.17,3.18,401.0
2025-08-06T15:09:21,3.18,3.19,3.18,3.1894,3382.0
2025-08-06T15:09:22,3.19,3.19,3.19,3.19,5010.0
2025-08-06T15:09:23,3.1801,3.1892,3.1801,3.1892,1650.0
2025-08-06T15:09:24,3.19,3.19,3.19,3.19,121.0
2025-08-06T15:09:26,3.1899,3.1899,3.1899,3.1899,184.0
2025-08-06T15:09:29,3.19,3.19,3.1889,3.1889,398.0
2025-08-06T15:09:30,3.185,3.185,3.185,3.185,4000.0
2025-08-06T15:09:31,3.185,3.185,3.185,3.185,113.0
2025-08-06T15:09:35,3.185,3.19,3.185,3.19,1400.0
2025-08-06T15:09:36,3.1845,3.1845,3.1845,3.1845,200.0
2025-08-06T15:09:41,3.1893,3.1893,3.1893,3.1893,1000.0
2025-08-06T15:09:46,3.19,3.19,3.19,3.19,140.0
2025-08-06T15:09:47,3.1807,3.1807,3.1807,3.1807,398.0
2025-08-06T15:09:48,3.1889,3.1889,3.18,3.18,977.0
2025-08-06T15:09:50,3.1807,3.1807,3.1807,3.1807,1040.0
2025-08-06T15:09:53,3.19,3.19,3.19,3.19,210.0
2025-08-06T15:09:54,3.1847,3.2,3.1847,3.2,11235.0
2025-08-06T15:09:55,3.2,3.2099,3.2,3.2099,5878.0
2025-08-06T15:09:57,3.205,3.21,3.205,3.21,5428.0
2025-08-06T15:10:00,3.21,3.23,3.21,3.2206,9841.0
2025-08-06T15:10:01,3.23,3.24,3.23,3.24,3080.0
2025-08-06T15:10:02,3.24,3.24,3.2309,3.24,5529.0
2025-08-06T15:10:03,3.2399,3.2399,3.2399,3.2399,301.0
2025-08-06T15:10:04,3.23,3.24,3.225,3.225,3317.0
2025-08-06T15:10:05,3.2299,3.2299,3.2299,3.2299,105.0
2025-08-06T15:10:06,3.226,3.226,3.22,3.22,758.0
2025-08-06T15:10:08,3.218,3.218,3.2111,3.2111,300.0
2025-08-06T15:10:10,3.2199,3.2199,3.2199,3.2199,100.0
2025-08-06T15:10:11,3.215,3.2165,3.21,3.21,786.0
2025-08-06T15:10:12,3.2101,3.22,3.2101,3.22,4793.0
2025-08-06T15:10:13,3.214,3.214,3.214,3.214,300.0
2025-08-06T15:10:15,3.21,3.21,3.21,3.21,431.0
2025-08-06T15:10:16,3.21,3.21,3.21,3.21,217.0
2025-08-06T15:10:18,3.22,3.22,3.2109,3.2109,500.0
2025-08-06T15:10:19,3.22,3.2282,3.22,3.2233,1364.0
2025-08-06T15:10:21,3.2209,3.23,3.22,3.22,713.0
2025-08-06T15:10:23,3.211,3.22,3.2,3.2,10281.0
2025-08-06T15:10:25,3.2099,3.215,3.2099,3.21,579.0
2025-08-06T15:10:27,3.208,3.208,3.208,3.208,100.0
2025-08-06T15:10:28,3.2093,3.2093,3.2093,3.2093,1000.0
2025-08-06T15:10:29,3.2099,3.2099,3.2099,3.2099,680.0
2025-08-06T15:10:31,3.205,3.21,3.205,3.21,7165.0
2025-08-06T15:10:34,3.218,3.22,3.215,3.22,4555.0
2025-08-06T15:10:35,3.23,3.23,3.23,3.23,200.0
2025-08-06T15:10:36,3.2279,3.2279,3.2279,3.2279,116.0
2025-08-06T15:10:37,3.2209,3.2209,3.2209,3.2209,201.0
2025-08-06T15:10:38,3.2293,3.2293,3.2293,3.2293,1110.0
2025-08-06T15:10:39,3.22,3.2288,3.22,3.2288,715.0
2025-08-06T15:10:40,3.22,3.23,3.205,3.21,1986.0
2025-08-06T15:10:41,3.215,3.218,3.215,3.218,200.0
2025-08-06T15:10:43,3.2103,3.218749,3.2103,3.218749,585.0
2025-08-06T15:10:45,3.218,3.218,3.218,3.218,100.0
2025-08-06T15:10:47,3.215,3.215,3.215,3.215,532.0
2025-08-06T15:10:48,3.2107,3.2107,3.2107,3.2107,1000.0
2025-08-06T15:10:53,3.215,3.22,3.21,3.22,1301.0
2025-08-06T15:10:59,3.2,3.21,3.2,3.21,1460.0
2025-08-06T15:11:00,3.2,3.2,3.2,3.2,620.0
2025-08-06T15:11:01,3.2,3.2,3.19,3.191,2170.0
2025-08-06T15:11:02,3.19,3.19,3.19,3.19,1200.0
2025-08-06T15:11:04,3.195,3.195,3.195,3.195,1001.0
2025-08-06T15:11:08,3.195,3.195,3.18,3.19,960.0
2025-08-06T15:11:09,3.19,3.19,3.19,3.19,200.0
2025-08-06T15:11:15,3.19,3.19,3.19,3.19,302.0
2025-08-06T15:11:21,3.19,3.2,3.19,3.2,1657.0
2025-08-06T15:11:22,3.19,3.19,3.1899,3.19,5744.0
2025-08-06T15:11:23,3.18,3.18,3.18,3.18,100.0
2025-08-06T15:11:26,3.1893,3.1893,3.1893,3.1893,110.0
2025-08-06T15:11:37,3.19,3.2,3.19,3.2,404.0
2025-08-06T15:11:38,3.2,3.2065,3.2,3.2065,937.0
2025-08-06T15:11:39,3.2,3.21,3.2,3.21,733.0
2025-08-06T15:11:40,3.19,3.19,3.19,3.19,500.0
2025-08-06T15:11:42,3.1945,3.1945,3.1945,3.1945,250.0
2025-08-06T15:11:44,3.195,3.2,3.195,3.2,1201.0
2025-08-06T15:11:50,3.2,3.21,3.2,3.21,436.0
2025-08-06T15:11:54,3.205,3.205,3.205,3.205,100.0
2025-08-06T15:11:56,3.205,3.205,3.2,3.205,1473.0
2025-08-06T15:11:58,3.21,3.22,3.21,3.22,2387.0
2025-08-06T15:12:00,3.21,3.21,3.21,3.21,450.0
2025-08-06T15:12:02,3.2096,3.2096,3.2,3.2,2100.0
2025-08-06T15:12:09,3.2011,3.2011,3.2011,3.2011,100.0
2025-08-06T15:12:19,3.21,3.24,3.21,3.24,10214.0
2025-08-06T15:12:22,3.24,3.24,3.24,3.24,130.0
2025-08-06T15:12:23,3.24,3.24,3.24,3.24,2613.0
2025-08-06T15:12:25,3.24,3.25,3.235,3.24,7920.0
2025-08-06T15:12:26,3.24,3.25,3.24,3.2412,1104.0
2025-08-06T15:12:27,3.24,3.24,3.24,3.24,3076.0
2025-08-06T15:12:28,3.2361,3.2394,3.2361,3.2394,3120.0
2025-08-06T15:12:29,3.235,3.238,3.235,3.235,1240.0
2025-08-06T15:12:30,3.2399,3.24,3.23,3.23,1920.0
2025-08-06T15:12:31,3.2393,3.24,3.2393,3.24,716.0
2025-08-06T15:12:32,3.23,3.23,3.22,3.23,898.0
2025-08-06T15:12:33,3.23,3.23,3.23,3.23,311.0
2025-08-06T15:12:37,3.2343,3.235,3.2343,3.235,962.0
2025-08-06T15:12:39,3.23,3.24,3.2299,3.2299,1250.0
2025-08-06T15:12:41,3.221,3.221,3.221,3.221,100.0
2025-08-06T15:12:43,3.22,3.22,3.22,3.22,420.0
2025-08-06T15:12:44,3.2108,3.2108,3.2108,3.2108,1149.0
2025-08-06T15:12:45,3.22,3.22,3.22,3.22,310.0
2025-08-06T15:12:47,3.2199,3.2199,3.2199,3.2199,300.0
2025-08-06T15:12:48,3.22,3.229,3.22,3.229,393.0
2025-08-06T15:12:50,3.2299,3.2299,3.2299,3.2299,375.0
2025-08-06T15:12:55,3.23,3.23,3.23,3.23,2121.0
2025-08-06T15:12:57,3.2399,3.2399,3.2399,3.2399,200.0
2025-08-06T15:12:59,3.233,3.2399,3.233,3.2399,400.0
2025-08-06T15:13:00,3.23,3.23,3.23,3.23,2326.0
2025-08-06T15:13:02,3.2365,3.24,3.23,3.23,2360.0
2025-08-06T15:13:03,3.2302,3.2302,3.23,3.23,930.0
2025-08-06T15:13:13,3.22,3.23,3.22,3.23,1200.0
2025-08-06T15:13:18,3.22,3.22,3.22,3.22,181.0
2025-08-06T15:13:23,3.2206,3.2206,3.2206,3.2206,560.0
2025-08-06T15:13:27,3.23,3.23,3.23,3.23,251.0
2025-08-06T15:13:32,3.23,3.23,3.23,3.23,325.0
2025-08-06T15:13:34,3.2244,3.2244,3.2244,3.2244,110.0
2025-08-06T15:13:35,3.222,3.23,3.22,3.23,1750.0
2025-08-06T15:13:42,3.22,3.22,3.22,3.22,601.0
2025-08-06T15:13:45,3.22,3.22,3.22,3.22,467.0
2025-08-06T15:13:46,3.2255,3.2255,3.2255,3.2255,300.0
2025-08-06T15:13:47,3.225,3.225,3.22,3.22,602.0
2025-08-06T15:13:50,3.228,3.228,3.2209,3.2209,1251.0
2025-08-06T15:13:52,3.225,3.225,3.22,3.22,699.0
2025-08-06T15:13:55,3.225,3.225,3.22,3.22,635.0
2025-08-06T15:13:56,3.22,3.22,3.22,3.22,600.0
2025-08-06T15:13:57,3.22,3.225,3.22,3.22,600.0
2025-08-06T15:13:58,3.22,3.23,3.22,3.2202,481.0
2025-08-06T15:14:00,3.22,3.22,3.22,3.22,300.0
2025-08-06T15:14:02,3.22,3.22,3.22,3.22,305.0
2025-08-06T15:14:04,3.2206,3.2206,3.22,3.22,1300.0
2025-08-06T15:14:07,3.22,3.23,3.22,3.22,1700.0
2025-08-06T15:14:08,3.22,3.22,3.22,3.22,130.0
2025-08-06T15:14:09,3.22,3.22,3.22,3.22,331.0
2025-08-06T15:14:10,3.22,3.22,3.22,3.22,300.0
2025-08-06T15:14:11,3.225,3.225,3.225,3.225,1069.0
2025-08-06T15:14:14,3.22,3.23,3.22,3.23,1330.0
2025-08-06T15:14:20,3.21,3.215,3.21,3.215,3175.0
2025-08-06T15:14:29,3.215,3.22,3.21,3.22,6651.0
2025-08-06T15:14:31,3.23,3.23,3.23,3.23,1767.0
2025-08-06T15:14:32,3.23,3.24,3.23,3.24,1160.0
2025-08-06T15:14:39,3.2288,3.2288,3.2201,3.2201,228.0
2025-08-06T15:14:41,3.2201,3.2201,3.2201,3.2201,100.0
2025-08-06T15:14:46,3.2265,3.2265,3.2265,3.2265,101.0
2025-08-06T15:14:49,3.22,3.22,3.22,3.22,111.0
2025-08-06T15:14:53,3.2265,3.2293,3.2265,3.2293,300.0
2025-08-06T15:14:55,3.225,3.23,3.225,3.23,5501.0
2025-08-06T15:14:56,3.24,3.24,3.24,3.24,3693.0
2025-08-06T15:14:58,3.23,3.23,3.23,3.23,210.0
2025-08-06T15:14:59,3.2346,3.2346,3.2346,3.2346,100.0
2025-08-06T15:15:00,3.23,3.24,3.22,3.24,2072.0
2025-08-06T15:15:01,3.218,3.22,3.215,3.218,5400.0
2025-08-06T15:15:02,3.21,3.21,3.21,3.21,405.0
2025-08-06T15:15:03,3.22,3.22,3.215,3.22,3602.0
2025-08-06T15:15:06,3.228,3.228,3.228,3.228,1100.0
2025-08-06T15:15:08,3.225,3.225,3.225,3.225,3000.0
2025-08-06T15:15:14,3.22,3.22,3.22,3.22,1433.0
2025-08-06T15:15:19,3.2203,3.23,3.22,3.23,3619.0
2025-08-06T15:15:23,3.22,3.22,3.22,3.22,1957.0
2025-08-06T15:15:24,3.2155,3.2155,3.2155,3.2155,200.0
2025-08-06T15:15:25,3.212,3.212,3.2,3.2,5736.0
2025-08-06T15:15:26,3.21,3.21,3.21,3.21,200.0
2025-08-06T15:15:29,3.2093,3.2093,3.2093,3.2093,919.0
2025-08-06T15:15:30,3.2027,3.2027,3.2027,3.2027,200.0
2025-08-06T15:15:35,3.201,3.201,3.201,3.201,243.0
2025-08-06T15:15:37,3.21,3.21,3.21,3.21,139.0
2025-08-06T15:15:38,3.21,3.21,3.21,3.21,1210.0
2025-08-06T15:15:39,3.22,3.22,3.22,3.22,500.0
2025-08-06T15:15:49,3.22,3.23,3.22,3.225,2304.0
2025-08-06T15:15:54,3.2254,3.2254,3.2254,3.2254,100.0
2025-08-06T15:15:58,3.22,3.23,3.22,3.23,2410.0
2025-08-06T15:16:00,3.21,3.21,3.21,3.21,3000.0
2025-08-06T15:16:01,3.2104,3.2104,3.2104,3.2104,5010.0
2025-08-06T15:16:02,3.21,3.21,3.21,3.21,2000.0
2025-08-06T15:16:04,3.215,3.22,3.2,3.22,3810.0
2025-08-06T15:16:05,3.2053,3.2053,3.2053,3.2053,3211.0
2025-08-06T15:16:09,3.2012,3.2012,3.2012,3.2012,250.0
2025-08-06T15:16:11,3.21,3.21,3.21,3.21,102.0
2025-08-06T15:16:13,3.205,3.23,3.205,3.23,4175.0
2025-08-06T15:16:16,3.215,3.215,3.215,3.215,371.0
2025-08-06T15:16:21,3.22,3.22,3.2157,3.2157,310.0
2025-08-06T15:16:25,3.215,3.22,3.21,3.22,1674.0
2025-08-06T15:16:36,3.205,3.205,3.205,3.205,1000.0
2025-08-06T15:16:37,3.2097,3.2097,3.2097,3.2097,180.0
2025-08-06T15:16:45,3.203,3.203,3.203,3.203,1000.0
2025-08-06T15:16:48,3.2099,3.2099,3.2099,3.2099,100.0
2025-08-06T15:16:49,3.2003,3.2003,3.2003,3.2003,306.0
2025-08-06T15:16:56,3.21,3.21,3.21,3.21,3857.0
2025-08-06T15:17:01,3.22,3.23,3.22,3.23,5084.0
2025-08-06T15:17:04,3.22,3.23,3.22,3.23,1150.0
2025-08-06T15:17:06,3.23,3.245,3.23,3.23,23100.0
2025-08-06T15:17:07,3.23,3.23,3.225,3.23,3193.0
2025-08-06T15:17:09,3.225,3.23,3.225,3.23,205.0
2025-08-06T15:17:10,3.225,3.23,3.225,3.23,3610.0
2025-08-06T15:17:11,3.22,3.22,3.22,3.22,1001.0
2025-08-06T15:17:12,3.23,3.23,3.23,3.23,210.0
2025-08-06T15:17:14,3.23,3.23,3.23,3.23,100.0
2025-08-06T15:17:15,3.23,3.23,3.23,3.23,100.0
2025-08-06T15:17:16,3.23,3.23,3.221,3.221,360.0
2025-08-06T15:17:17,3.23,3.23,3.23,3.23,212.0
2025-08-06T15:17:18,3.23,3.23,3.225,3.225,470.0
2025-08-06T15:17:19,3.23,3.23,3.23,3.23,100.0
2025-08-06T15:17:20,3.23,3.24,3.23,3.24,7413.0
2025-08-06T15:17:21,3.24,3.24,3.24,3.24,154.0
2025-08-06T15:17:22,3.24,3.25,3.24,3.25,3318.0
2025-08-06T15:17:23,3.249,3.2499,3.249,3.2499,200.0
2025-08-06T15:17:24,3.25,3.25,3.242,3.245,1001.0
2025-08-06T15:17:25,3.25,3.25,3.2499,3.2499,1423.0
2025-08-06T15:17:26,3.25,3.25,3.25,3.25,101.0
2025-08-06T15:17:27,3.245,3.25,3.245,3.25,2500.0
2025-08-06T15:17:28,3.25,3.26,3.25,3.2599,6844.0
2025-08-06T15:17:29,3.25,3.26,3.245,3.25,3942.0
2025-08-06T15:17:30,3.242,3.245,3.242,3.245,1000.0
2025-08-06T15:17:32,3.245,3.25,3.245,3.2488,1428.0
2025-08-06T15:17:33,3.245,3.245,3.24,3.24,360.0
2025-08-06T15:17:34,3.24,3.25,3.24,3.25,713.0
2025-08-06T15:17:37,3.235,3.24,3.235,3.235,3110.0
2025-08-06T15:17:41,3.2499,3.2499,3.2499,3.2499,100.0
2025-08-06T15:17:44,3.24,3.24,3.24,3.24,100.0
2025-08-06T15:17:46,3.24,3.24,3.24,3.24,1914.0
2025-08-06T15:17:49,3.24,3.24,3.24,3.24,100.0
2025-08-06T15:17:51,3.2355,3.2355,3.2355,3.2355,2500.0
2025-08-06T15:17:56,3.24,3.2491,3.24,3.2491,1990.0
2025-08-06T15:17:59,3.2412,3.2412,3.2412,3.2412,638.0
2025-08-06T15:18:02,3.25,3.25,3.2412,3.2412,300.0
2025-08-06T15:18:03,3.2499,3.25,3.24,3.25,4653.0
2025-08-06T15:18:04,3.242,3.242,3.24,3.24,999.0
2025-08-06T15:18:05,3.23,3.235,3.22,3.22,2347.0
2025-08-06T15:18:06,3.23,3.24,3.22,3.22,8223.0
2025-08-06T15:18:08,3.23,3.24,3.23,3.24,366.0
2025-08-06T15:18:09,3.224,3.23,3.224,3.224,1002.0
2025-08-06T15:18:14,3.23,3.23,3.23,3.23,200.0
2025-08-06T15:18:20,3.235,3.235,3.235,3.235,100.0
2025-08-06T15:18:25,3.24,3.24,3.24,3.24,100.0
2025-08-06T15:18:26,3.237,3.237,3.237,3.237,540.0
2025-08-06T15:18:27,3.24,3.25,3.24,3.25,2767.0
2025-08-06T15:18:28,3.2554,3.2554,3.2554,3.2554,100.0
2025-08-06T15:18:29,3.2511,3.2511,3.2511,3.2511,100.0
2025-08-06T15:18:30,3.2599,3.2599,3.2599,3.2599,300.0
2025-08-06T15:18:31,3.2581,3.2581,3.2501,3.2501,414.0
2025-08-06T15:18:32,3.26,3.27,3.26,3.265,3425.0
2025-08-06T15:18:33,3.2602,3.27,3.26,3.27,10150.0
2025-08-06T15:18:34,3.27,3.27,3.265,3.265,2620.0
2025-08-06T15:18:36,3.268,3.27,3.24,3.25,13690.0
2025-08-06T15:18:37,3.25,3.25,3.25,3.25,100.0
2025-08-06T15:18:38,3.25,3.25,3.25,3.25,100.0
2025-08-06T15:18:39,3.2489,3.25,3.2401,3.25,3125.0
2025-08-06T15:18:40,3.26,3.26,3.26,3.26,510.0
2025-08-06T15:18:42,3.26,3.27,3.255,3.255,1750.0
2025-08-06T15:18:43,3.265,3.28,3.255,3.265,12212.0
2025-08-06T15:18:44,3.26,3.26,3.26,3.26,600.0
2025-08-06T15:18:45,3.2591,3.2591,3.2589,3.2589,300.0
2025-08-06T15:18:46,3.26,3.26,3.26,3.26,200.0
2025-08-06T15:18:47,3.26,3.28,3.26,3.28,5171.0
2025-08-06T15:18:48,3.275,3.275,3.275,3.275,102.0
2025-08-06T15:18:49,3.28,3.28,3.28,3.28,2600.0
2025-08-06T15:18:50,3.28,3.28,3.27,3.27,2800.0
2025-08-06T15:18:51,3.2712,3.2788,3.2712,3.2788,1013.0
2025-08-06T15:18:52,3.28,3.28,3.28,3.28,5040.0
2025-08-06T15:18:53,3.2705,3.28,3.27,3.27,12943.0
2025-08-06T15:18:54,3.275,3.275,3.27,3.2732,1216.0
2025-08-06T15:18:55,3.2704,3.2788,3.2704,3.2788,2680.0
2025-08-06T15:18:57,3.2747,3.28,3.27,3.28,8309.0
2025-08-06T15:18:58,3.275,3.277,3.275,3.277,350.0
2025-08-06T15:18:59,3.28,3.28,3.275,3.275,308.0
2025-08-06T15:19:00,3.27,3.2701,3.27,3.2701,300.0
2025-08-06T15:19:01,3.2793,3.28,3.265,3.265,5137.0
2025-08-06T15:19:02,3.262,3.262,3.26,3.26,615.0
2025-08-06T15:19:03,3.27,3.275,3.27,3.27,1015.0
2025-08-06T15:19:04,3.265,3.27,3.26,3.27,600.0
2025-08-06T15:19:05,3.27,3.28,3.2511,3.2554,2806.0
2025-08-06T15:19:06,3.2598,3.2598,3.2598,3.2598,3005.0
2025-08-06T15:19:07,3.255,3.255,3.255,3.255,205.0
2025-08-06T15:19:08,3.255,3.255,3.255,3.255,1505.0
2025-08-06T15:19:09,3.2545,3.2545,3.25,3.25,1170.0
2025-08-06T15:19:10,3.249,3.259,3.245,3.255,1202.0
2025-08-06T15:19:11,3.2598,3.2598,3.25,3.25,330.0
2025-08-06T15:19:14,3.25,3.26,3.1801,3.24,7241.0
2025-08-06T15:19:15,3.25,3.25,3.245,3.245,310.0
2025-08-06T15:19:17,3.24,3.24,3.24,3.24,638.0
2025-08-06T15:19:18,3.25,3.25,3.25,3.25,100.0
2025-08-06T15:19:20,3.241,3.241,3.241,3.241,260.0
2025-08-06T15:19:21,3.2412,3.2412,3.2412,3.2412,289.0
2025-08-06T15:19:24,3.245,3.245,3.245,3.245,250.0
2025-08-06T15:19:26,3.2445,3.25,3.24,3.24,2081.0
2025-08-06T15:19:28,3.24,3.24,3.24,3.24,593.0
2025-08-06T15:19:33,3.2407,3.25,3.23,3.23,5195.0
2025-08-06T15:19:34,3.22,3.23,3.21,3.22,3469.0
2025-08-06T15:19:35,3.222,3.225,3.22,3.22,723.0
2025-08-06T15:19:36,3.22,3.22,3.22,3.22,450.0
2025-08-06T15:19:37,3.2245,3.2245,3.2245,3.2245,100.0
2025-08-06T15:19:44,3.23,3.23,3.23,3.23,317.0
2025-08-06T15:19:48,3.225,3.225,3.225,3.225,100.0
2025-08-06T15:19:54,3.221,3.221,3.221,3.221,157.0
2025-08-06T15:19:59,3.22,3.23,3.22,3.22,3195.0
2025-08-06T15:20:01,3.21,3.21,3.205,3.21,5149.0
2025-08-06T15:20:02,3.2145,3.2145,3.2145,3.2145,2000.0
2025-08-06T15:20:06,3.2189,3.2189,3.2189,3.2189,100.0
2025-08-06T15:20:07,3.21,3.21,3.21,3.21,1773.0
2025-08-06T15:20:08,3.215,3.22,3.215,3.2199,310.0
2025-08-06T15:20:09,3.215,3.215,3.215,3.215,134.0
2025-08-06T15:20:10,3.2156,3.2156,3.21,3.21,4267.0
2025-08-06T15:20:11,3.21,3.21,3.205,3.205,2520.0
2025-08-06T15:20:13,3.2091,3.2091,3.2091,3.2091,534.0
2025-08-06T15:20:15,3.205,3.205,3.2,3.2005,3980.0
2025-08-06T15:20:18,3.205,3.205,3.205,3.205,112.0
2025-08-06T15:20:21,3.2089,3.2089,3.2089,3.2089,100.0
2025-08-06T15:20:22,3.2089,3.2089,3.2089,3.2089,100.0
2025-08-06T15:20:24,3.2193,3.22,3.2193,3.22,1100.0
2025-08-06T15:20:25,3.2211,3.2211,3.2211,3.2211,100.0
2025-08-06T15:20:29,3.225,3.23,3.225,3.23,205.0
2025-08-06T15:20:31,3.23,3.24,3.23,3.2399,1400.0
2025-08-06T15:20:32,3.24,3.24,3.24,3.24,644.0
2025-08-06T15:20:34,3.24,3.24,3.24,3.24,122.0
2025-08-06T15:20:35,3.24,3.245,3.24,3.245,400.0
2025-08-06T15:20:36,3.25,3.25,3.24,3.24,2101.0
2025-08-06T15:20:38,3.235,3.2391,3.235,3.2391,500.0
2025-08-06T15:20:39,3.2399,3.2399,3.235,3.235,2000.0
2025-08-06T15:20:44,3.2389,3.2389,3.2389,3.2389,100.0
2025-08-06T15:20:46,3.23,3.23,3.23,3.23,496.0
2025-08-06T15:20:47,3.235,3.24,3.235,3.24,441.0
2025-08-06T15:20:52,3.23,3.23,3.23,3.23,166.0
2025-08-06T15:20:58,3.23,3.23,3.23,3.23,306.0
2025-08-06T15:21:05,3.235,3.235,3.235,3.235,2300.0
2025-08-06T15:21:06,3.23,3.24,3.22,3.24,1728.0
2025-08-06T15:21:07,3.225,3.23,3.225,3.23,373.0
2025-08-06T15:21:08,3.2301,3.2301,3.2301,3.2301,2000.0
2025-08-06T15:21:09,3.235,3.235,3.23,3.23,500.0
2025-08-06T15:21:17,3.23,3.24,3.225,3.225,1397.0
2025-08-06T15:21:28,3.2212,3.2212,3.2212,3.2212,146.0
2025-08-06T15:21:30,3.225,3.23,3.225,3.23,500.0
2025-08-06T15:21:31,3.23,3.23,3.23,3.23,312.0
2025-08-06T15:21:33,3.23,3.23,3.23,3.23,338.0
2025-08-06T15:21:34,3.225,3.23,3.22,3.23,1120.0
2025-08-06T15:21:41,3.22,3.22,3.22,3.22,1010.0
2025-08-06T15:21:43,3.2268,3.2268,3.2268,3.2268,110.0
2025-08-06T15:21:45,3.22,3.23,3.22,3.23,1405.0
2025-08-06T15:21:47,3.2168,3.2168,3.2168,3.2168,490.0
2025-08-06T15:21:49,3.2145,3.2145,3.2145,3.2145,1000.0
2025-08-06T15:21:54,3.2112,3.2112,3.2112,3.2112,165.0
2025-08-06T15:21:59,3.215,3.215,3.215,3.215,147.0
2025-08-06T15:22:02,3.2102,3.2102,3.2102,3.2102,154.0
2025-08-06T15:22:04,3.22,3.22,3.22,3.22,2589.0
2025-08-06T15:22:06,3.2112,3.217,3.2112,3.217,246.0
2025-08-06T15:22:08,3.2189,3.2189,3.2189,3.2189,110.0
2025-08-06T15:22:10,3.2155,3.2155,3.2155,3.2155,100.0
2025-08-06T15:22:15,3.21,3.21,3.21,3.21,1000.0
2025-08-06T15:22:16,3.215,3.215,3.215,3.215,100.0
2025-08-06T15:22:19,3.215,3.2199,3.215,3.2199,759.0
2025-08-06T15:22:20,3.215,3.215,3.215,3.215,100.0
2025-08-06T15:22:26,3.21,3.22,3.21,3.22,3610.0
2025-08-06T15:22:28,3.2007,3.2007,3.2007,3.2007,660.0
2025-08-06T15:22:29,3.2,3.2,3.19,3.195,4072.0
2025-08-06T15:22:31,3.1919,3.1919,3.1919,3.1919,100.0
2025-08-06T15:22:33,3.1901,3.1901,3.1901,3.1901,101.0
2025-08-06T15:22:34,3.2,3.2,3.2,3.2,410.0
2025-08-06T15:22:37,3.2052,3.2093,3.2052,3.2093,661.0
2025-08-06T15:22:39,3.21,3.21,3.21,3.21,200.0
2025-08-06T15:22:42,3.200905,3.200905,3.200905,3.200905,177.0
2025-08-06T15:22:44,3.2075,3.21,3.2075,3.21,2660.0
2025-08-06T15:22:46,3.2003,3.2003,3.2003,3.2003,255.0
2025-08-06T15:22:48,3.21,3.21,3.2091,3.2091,420.0
2025-08-06T15:22:49,3.21,3.2199,3.21,3.2199,2620.0
2025-08-06T15:22:50,3.21,3.22,3.21,3.22,1125.0
2025-08-06T15:22:51,3.2138,3.2138,3.2101,3.2101,1047.0
2025-08-06T15:22:52,3.21875,3.21875,3.21875,3.21875,223.0
2025-08-06T15:22:53,3.211,3.22,3.211,3.22,8803.0
2025-08-06T15:22:54,3.22,3.22,3.22,3.22,667.0
2025-08-06T15:22:55,3.2192,3.2192,3.2192,3.2192,300.0
2025-08-06T15:22:58,3.22,3.22,3.22,3.22,421.0
2025-08-06T15:23:04,3.23,3.23,3.23,3.23,807.0
2025-08-06T15:23:07,3.2396,3.2396,3.2396,3.2396,2010.0
2025-08-06T15:23:08,3.23,3.24,3.22,3.22,2214.0
2025-08-06T15:23:13,3.2254,3.2254,3.22,3.22,1300.0
2025-08-06T15:23:19,3.23,3.23,3.23,3.23,300.0
2025-08-06T15:23:34,3.2211,3.23,3.2211,3.23,200.0
2025-08-06T15:23:48,3.225,3.23,3.225,3.23,200.0
2025-08-06T15:23:54,3.2201,3.23,3.21,3.21,3189.0
2025-08-06T15:24:02,3.215,3.215,3.2103,3.2103,410.0
2025-08-06T15:24:04,3.215,3.219,3.215,3.219,1750.0
2025-08-06T15:24:06,3.2107,3.2107,3.2102,3.2102,1278.0
2025-08-06T15:24:19,3.22,3.22,3.22,3.22,100.0
2025-08-06T15:24:26,3.22,3.22,3.22,3.22,100.0
2025-08-06T15:24:32,3.215,3.215,3.215,3.215,349.0
2025-08-06T15:24:37,3.2111,3.22,3.2111,3.22,230.0
2025-08-06T15:24:49,3.22,3.22,3.22,3.22,124.0
2025-08-06T15:24:56,3.22,3.23,3.22,3.23,1600.0
2025-08-06T15:25:00,3.215,3.215,3.215,3.215,199.0
2025-08-06T15:25:01,3.2191,3.2191,3.2191,3.2191,155.0
2025-08-06T15:25:02,3.2147,3.2147,3.2147,3.2147,110.0
2025-08-06T15:25:10,3.2101,3.2101,3.2101,3.2101,325.0
2025-08-06T15:25:11,3.22,3.22,3.215,3.22,2877.0
2025-08-06T15:25:20,3.225,3.24,3.225,3.2275,3953.0
2025-08-06T15:25:23,3.23,3.24,3.23,3.24,1030.0
2025-08-06T15:25:25,3.2203,3.2203,3.2203,3.2203,2020.0
2025-08-06T15:25:28,3.225,3.225,3.225,3.225,2500.0
2025-08-06T15:25:30,3.22,3.22,3.22,3.22,540.0
2025-08-06T15:25:36,3.2255,3.2255,3.2255,3.2255,2500.0
2025-08-06T15:25:37,3.22,3.22,3.22,3.22,500.0
2025-08-06T15:25:40,3.22,3.23,3.2,3.2,10027.0
2025-08-06T15:25:41,3.2,3.205,3.2,3.205,310.0
2025-08-06T15:25:44,3.2,3.2,3.2,3.2,629.0
2025-08-06T15:25:45,3.201,3.201,3.201,3.201,375.0
2025-08-06T15:25:46,3.2001,3.21,3.19,3.2,6199.0
2025-08-06T15:25:50,3.19,3.2,3.185,3.2,34111.0
2025-08-06T15:25:51,3.1909,3.1909,3.1909,3.1909,180.0
2025-08-06T15:25:56,3.1954,3.1954,3.191,3.191,250.0
2025-08-06T15:25:58,3.195,3.205,3.195,3.2,7260.0
2025-08-06T15:26:01,3.19,3.195,3.17,3.17,17540.0
2025-08-06T15:26:03,3.16,3.165,3.155,3.165,7929.0
2025-08-06T15:26:04,3.17,3.1745,3.17,3.1745,4028.0
2025-08-06T15:26:05,3.172,3.172,3.172,3.172,100.0
2025-08-06T15:26:07,3.1701,3.1701,3.1701,3.1701,623.0
2025-08-06T15:26:08,3.17,3.17,3.17,3.17,363.0
2025-08-06T15:26:15,3.16,3.16,3.16,3.16,702.0
2025-08-06T15:26:18,3.155,3.155,3.155,3.155,111.0
2025-08-06T15:26:19,3.1501,3.1501,3.1501,3.1501,3169.0
2025-08-06T15:26:20,3.1501,3.16,3.13,3.13,8497.0
2025-08-06T15:26:21,3.135,3.15,3.1301,3.15,8850.0
2025-08-06T15:26:22,3.1401,3.1401,3.1401,3.1401,2021.0
2025-08-06T15:26:23,3.145,3.15,3.14,3.15,1608.0
2025-08-06T15:26:25,3.145,3.145,3.1401,3.1401,300.0
2025-08-06T15:26:26,3.145,3.145,3.145,3.145,200.0
2025-08-06T15:26:31,3.1401,3.1401,3.1401,3.1401,1635.0
2025-08-06T15:26:32,3.1493,3.1493,3.1493,3.1493,1000.0
2025-08-06T15:26:34,3.1465,3.15,3.13,3.1401,6619.0
2025-08-06T15:26:40,3.1406,3.1406,3.14,3.14,1100.0
2025-08-06T15:26:44,3.15,3.15,3.15,3.15,5086.0
2025-08-06T15:26:45,3.1494,3.1494,3.1494,3.1494,150.0
2025-08-06T15:26:46,3.15,3.15,3.15,3.15,100.0
2025-08-06T15:26:47,3.15,3.16,3.145,3.145,1978.0
2025-08-06T15:26:48,3.145,3.15,3.145,3.15,213.0
2025-08-06T15:26:49,3.15,3.15,3.145,3.145,800.0
2025-08-06T15:26:50,3.14,3.14,3.14,3.14,254.0
2025-08-06T15:26:51,3.149,3.149,3.149,3.149,150.0
2025-08-06T15:26:55,3.14,3.15,3.14,3.14,3469.0
2025-08-06T15:26:56,3.135,3.135,3.135,3.135,226.0
2025-08-06T15:26:57,3.14,3.14,3.135,3.14,2440.0
2025-08-06T15:26:58,3.135,3.135,3.135,3.135,1800.0
2025-08-06T15:26:59,3.13,3.13,3.13,3.13,150.0
2025-08-06T15:27:02,3.14,3.14,3.14,3.14,153.0
2025-08-06T15:27:05,3.13,3.14,3.128,3.13,2415.0
2025-08-06T15:27:10,3.13,3.14,3.13,3.14,1100.0
2025-08-06T15:27:11,3.13,3.13,3.13,3.13,997.0
2025-08-06T15:27:12,3.1292,3.1292,3.1292,3.1292,350.0
2025-08-06T15:27:14,3.12,3.13,3.12,3.13,2472.0
2025-08-06T15:27:15,3.12,3.13,3.1101,3.1101,6716.0
2025-08-06T15:27:18,3.115,3.115,3.115,3.115,129.0
2025-08-06T15:27:22,3.11,3.12,3.1,3.1199,10249.0
2025-08-06T15:27:23,3.12,3.12,3.12,3.12,911.0
2025-08-06T15:27:27,3.1294,3.1294,3.1294,3.1294,1000.0
2025-08-06T15:27:28,3.13,3.14,3.13,3.14,801.0
2025-08-06T15:27:29,3.135,3.135,3.135,3.135,140.0
2025-08-06T15:27:32,3.1399,3.1399,3.1399,3.1399,200.0
2025-08-06T15:27:33,3.135,3.1399,3.135,3.1399,700.0
2025-08-06T15:27:36,3.1392,3.1392,3.1392,3.1392,400.0
2025-08-06T15:27:38,3.135,3.135,3.1301,3.1301,500.0
2025-08-06T15:27:41,3.13,3.13,3.13,3.13,300.0
2025-08-06T15:27:46,3.14,3.14,3.14,3.14,1024.0
2025-08-06T15:27:47,3.1401,3.15,3.14,3.15,1476.0
2025-08-06T15:27:48,3.14,3.14,3.135,3.135,321.0
2025-08-06T15:27:49,3.1392,3.1392,3.1392,3.1392,325.0
2025-08-06T15:27:51,3.135,3.135,3.135,3.135,400.0
2025-08-06T15:27:52,3.1309,3.1309,3.1309,3.1309,210.0
2025-08-06T15:27:55,3.1308,3.1308,3.1308,3.1308,350.0
2025-08-06T15:27:57,3.13,3.1302,3.13,3.1302,444.0
2025-08-06T15:28:01,3.1393,3.1393,3.1393,3.1393,588.0
2025-08-06T15:28:05,3.1301,3.1301,3.1301,3.1301,223.0
2025-08-06T15:28:08,3.135,3.14,3.125,3.1289,2386.0
2025-08-06T15:28:11,3.12,3.12,3.12,3.12,100.0
2025-08-06T15:28:13,3.13,3.13,3.13,3.13,420.0
2025-08-06T15:28:19,3.13,3.13,3.13,3.13,1200.0
2025-08-06T15:28:21,3.1396,3.1396,3.1396,3.1396,2000.0
2025-08-06T15:28:29,3.135,3.135,3.1301,3.1301,1186.0
2025-08-06T15:28:31,3.1399,3.1399,3.1399,3.1399,610.0
2025-08-06T15:28:32,3.14,3.16,3.14,3.16,2866.0
2025-08-06T15:28:38,3.14,3.14,3.14,3.14,145.0
2025-08-06T15:28:41,3.14,3.14,3.14,3.14,300.0
2025-08-06T15:28:42,3.14,3.14,3.14,3.14,100.0
2025-08-06T15:28:47,3.1407,3.1407,3.1407,3.1407,600.0
2025-08-06T15:28:51,3.1499,3.1499,3.1499,3.1499,510.0
2025-08-06T15:28:52,3.145,3.145,3.145,3.145,500.0
2025-08-06T15:28:55,3.145,3.145,3.1409,3.1409,1000.0
2025-08-06T15:28:59,3.14,3.15,3.135,3.15,4434.0
2025-08-06T15:29:00,3.14,3.14,3.14,3.14,310.0
2025-08-06T15:29:07,3.13,3.13,3.13,3.13,100.0
2025-08-06T15:29:10,3.1332,3.1332,3.1332,3.1332,1000.0
2025-08-06T15:29:25,3.145,3.15,3.145,3.15,200.0
2025-08-06T15:29:32,3.145,3.145,3.145,3.145,300.0
2025-08-06T15:29:33,3.15,3.15,3.14,3.15,3023.0
2025-08-06T15:29:40,3.135,3.15,3.135,3.15,8779.0
2025-08-06T15:29:42,3.145,3.145,3.145,3.145,100.0
2025-08-06T15:29:45,3.1491,3.1491,3.1491,3.1491,200.0
2025-08-06T15:29:48,3.15,3.15,3.15,3.15,309.0
2025-08-06T15:29:50,3.14,3.14,3.14,3.14,200.0
2025-08-06T15:29:52,3.14,3.15,3.14,3.15,200.0
2025-08-06T15:29:55,3.14,3.1445,3.14,3.1445,320.0
2025-08-06T15:29:56,3.14,3.15,3.14,3.15,200.0
2025-08-06T15:29:57,3.14,3.14,3.14,3.14,1071.0
2025-08-06T15:30:02,3.1399,3.1399,3.1399,3.1399,200.0
2025-08-06T15:30:09,3.14,3.14,3.14,3.14,123.0
2025-08-06T15:30:10,3.1345,3.1345,3.1345,3.1345,575.0
2025-08-06T15:30:17,3.14,3.14,3.14,3.14,138.0
2025-08-06T15:30:20,3.14,3.14,3.14,3.14,530.0
2025-08-06T15:30:21,3.15,3.15,3.15,3.15,100.0
2025-08-06T15:30:30,3.15,3.15,3.15,3.15,300.0
2025-08-06T15:30:35,3.14,3.14,3.14,3.14,200.0
2025-08-06T15:30:38,3.145,3.15,3.145,3.15,200.0
2025-08-06T15:30:45,3.14,3.14,3.14,3.14,100.0
2025-08-06T15:30:46,3.145,3.145,3.145,3.145,155.0
2025-08-06T15:30:47,3.15,3.15,3.15,3.15,150.0
2025-08-06T15:30:50,3.145,3.145,3.145,3.145,100.0
2025-08-06T15:30:51,3.15,3.15,3.15,3.15,100.0
2025-08-06T15:30:54,3.1406,3.1406,3.1406,3.1406,1000.0
2025-08-06T15:31:00,3.14,3.15,3.14,3.14,650.0
2025-08-06T15:31:03,3.145,3.15,3.145,3.15,400.0
2025-08-06T15:31:07,3.14,3.14,3.1,3.11,15769.0
2025-08-06T15:31:08,3.124,3.124,3.115,3.115,800.0
2025-08-06T15:31:10,3.12,3.12,3.12,3.12,573.0
2025-08-06T15:31:11,3.1201,3.1201,3.1201,3.1201,126.0
2025-08-06T15:31:18,3.1211,3.1211,3.1211,3.1211,100.0
2025-08-06T15:31:19,3.13,3.14,3.13,3.14,556.0
2025-08-06T15:31:23,3.1345,3.1345,3.1345,3.1345,100.0
2025-08-06T15:31:24,3.135,3.135,3.135,3.135,320.0
2025-08-06T15:31:27,3.135,3.135,3.13,3.1306,1100.0
2025-08-06T15:31:37,3.13,3.14,3.12,3.14,3612.0
2025-08-06T15:31:44,3.14,3.14,3.13,3.13,203.0
2025-08-06T15:31:55,3.13,3.13,3.13,3.13,100.0
2025-08-06T15:31:59,3.13,3.14,3.13,3.14,1354.0
2025-08-06T15:32:01,3.135,3.135,3.135,3.135,102.0
2025-08-06T15:32:06,3.135,3.135,3.135,3.135,170.0
2025-08-06T15:32:10,3.14,3.14,3.14,3.14,100.0
2025-08-06T15:32:17,3.1307,3.1307,3.1307,3.1307,1000.0
2025-08-06T15:32:29,3.14,3.14,3.14,3.14,100.0
2025-08-06T15:32:33,3.135,3.14,3.135,3.14,300.0
2025-08-06T15:32:36,3.13,3.13,3.13,3.13,100.0
2025-08-06T15:32:37,3.1345,3.1345,3.1345,3.1345,1002.0
2025-08-06T15:32:39,3.14,3.14,3.14,3.14,100.0
2025-08-06T15:32:41,3.14,3.15,3.1399,3.14,5316.0
2025-08-06T15:32:44,3.14,3.14,3.14,3.14,100.0
2025-08-06T15:32:46,3.145,3.15,3.145,3.15,1475.0
2025-08-06T15:32:47,3.147,3.16,3.147,3.147,7520.0
2025-08-06T15:32:52,3.16,3.16,3.16,3.16,200.0
2025-08-06T15:32:53,3.155,3.155,3.155,3.155,207.0
2025-08-06T15:32:55,3.155,3.155,3.155,3.155,120.0
2025-08-06T15:32:58,3.15,3.15,3.15,3.15,287.0
2025-08-06T15:32:59,3.155,3.16,3.13,3.14,4271.0
2025-08-06T15:33:13,3.1492,3.1492,3.1492,3.1492,180.0
2025-08-06T15:33:14,3.14,3.14,3.14,3.14,4000.0
2025-08-06T15:33:23,3.15,3.15,3.15,3.15,180.0
2025-08-06T15:33:24,3.155,3.155,3.15,3.1501,2419.0
2025-08-06T15:33:33,3.155,3.16,3.155,3.16,200.0
2025-08-06T15:33:38,3.1599,3.1599,3.1509,3.1509,1200.0
2025-08-06T15:33:39,3.16,3.16,3.16,3.16,536.0
2025-08-06T15:33:41,3.162,3.17,3.16,3.17,1899.0
2025-08-06T15:33:48,3.165,3.17,3.165,3.17,200.0
2025-08-06T15:33:50,3.1601,3.1601,3.16,3.16,4100.0
2025-08-06T15:33:53,3.16,3.17,3.16,3.17,200.0
2025-08-06T15:33:57,3.165,3.17,3.165,3.17,200.0
2025-08-06T15:33:59,3.16,3.17,3.14,3.17,8670.0
2025-08-06T15:34:00,3.145,3.145,3.145,3.145,400.0
2025-08-06T15:34:03,3.145,3.155,3.145,3.145,1992.0
2025-08-06T15:34:42,3.15,3.15,3.15,3.15,100.0
2025-08-06T15:34:52,3.15,3.15,3.15,3.15,200.0
2025-08-06T15:34:56,3.15,3.15,3.15,3.15,100.0
2025-08-06T15:34:57,3.145,3.15,3.145,3.15,215.0
2025-08-06T15:35:12,3.1409,3.1409,3.1409,3.1409,160.0
2025-08-06T15:35:15,3.14,3.14,3.14,3.14,2000.0
2025-08-06T15:35:28,3.145,3.145,3.1401,3.1401,390.0
2025-08-06T15:35:29,3.145,3.145,3.14,3.14,240.0
2025-08-06T15:35:31,3.15,3.19,3.15,3.19,16518.0
2025-08-06T15:35:36,3.18,3.19,3.18,3.19,1390.0
2025-08-06T15:35:42,3.1799,3.18,3.175,3.18,2824.0
2025-08-06T15:35:43,3.17,3.17,3.17,3.17,100.0
2025-08-06T15:35:48,3.19,3.19,3.19,3.19,139.0
2025-08-06T15:35:49,3.18,3.18,3.18,3.18,1000.0
2025-08-06T15:35:52,3.18,3.19,3.18,3.19,849.0
2025-08-06T15:35:55,3.18,3.18,3.175,3.175,2200.0
2025-08-06T15:35:57,3.175,3.175,3.175,3.175,300.0
2025-08-06T15:36:01,3.18,3.18,3.18,3.18,368.0
2025-08-06T15:36:03,3.18,3.19,3.17,3.19,1500.0
2025-08-06T15:36:06,3.18,3.18,3.18,3.18,100.0
2025-08-06T15:36:07,3.18,3.18,3.18,3.18,100.0
2025-08-06T15:36:11,3.1721,3.1721,3.1721,3.1721,357.0
2025-08-06T15:36:15,3.18,3.18,3.18,3.18,100.0
2025-08-06T15:36:27,3.18,3.19,3.18,3.19,275.0
2025-08-06T15:36:30,3.1885,3.1885,3.1885,3.1885,510.0
2025-08-06T15:36:33,3.18,3.1892,3.18,3.1892,999.0
2025-08-06T15:36:37,3.185,3.19,3.185,3.19,210.0
2025-08-06T15:36:38,3.19,3.19,3.19,3.19,300.0
2025-08-06T15:36:39,3.1894,3.1894,3.1894,3.1894,800.0
2025-08-06T15:36:42,3.18,3.18,3.18,3.18,100.0
2025-08-06T15:36:47,3.185,3.19,3.185,3.19,400.0
2025-08-06T15:36:51,3.18,3.18,3.18,3.18,201.0
2025-08-06T15:36:55,3.19,3.19,3.19,3.19,100.0
2025-08-06T15:36:57,3.19,3.195,3.19,3.195,574.0
2025-08-06T15:36:58,3.19,3.19,3.19,3.19,520.0
2025-08-06T15:37:00,3.1988,3.1988,3.1988,3.1988,135.0
2025-08-06T15:37:02,3.195,3.2,3.195,3.2,276.0
2025-08-06T15:37:03,3.1907,3.1907,3.1907,3.1907,827.0
2025-08-06T15:37:08,3.195,3.2,3.195,3.195,710.0
2025-08-06T15:37:09,3.1901,3.1901,3.1901,3.1901,500.0
2025-08-06T15:37:13,3.1988,3.1988,3.1988,3.1988,160.0
2025-08-06T15:37:15,3.195,3.2,3.195,3.2,200.0
2025-08-06T15:37:18,3.1999,3.1999,3.1999,3.1999,354.0
2025-08-06T15:37:19,3.1901,3.1901,3.1901,3.1901,650.0
2025-08-06T15:37:23,3.2,3.2,3.2,3.2,100.0
2025-08-06T15:37:27,3.2,3.2,3.199,3.2,970.0
2025-08-06T15:37:31,3.2,3.2,3.2,3.2,120.0
2025-08-06T15:37:34,3.1999,3.1999,3.1999,3.1999,500.0
2025-08-06T15:37:40,3.2,3.2,3.195,3.195,328.0
2025-08-06T15:37:42,3.19,3.19,3.19,3.19,250.0
2025-08-06T15:37:44,3.2,3.2,3.2,3.2,100.0
2025-08-06T15:37:45,3.193,3.193,3.193,3.193,700.0
2025-08-06T15:37:50,3.195,3.2,3.195,3.2,210.0
2025-08-06T15:37:51,3.1997,3.2,3.195,3.2,14333.0
2025-08-06T15:37:52,3.195,3.2,3.18,3.18,8567.0
2025-08-06T15:37:53,3.175,3.175,3.175,3.175,1000.0
2025-08-06T15:37:54,3.1792,3.1792,3.1792,3.1792,2000.0
2025-08-06T15:37:59,3.1799,3.1799,3.1799,3.1799,200.0
2025-08-06T15:38:12,3.175,3.175,3.17,3.17,300.0
2025-08-06T15:38:16,3.18,3.18,3.18,3.18,2019.0
2025-08-06T15:38:19,3.1792,3.1792,3.1792,3.1792,200.0
2025-08-06T15:38:22,3.1746,3.1746,3.1746,3.1746,800.0
2025-08-06T15:38:23,3.18,3.18,3.18,3.18,300.0
2025-08-06T15:38:28,3.18,3.18,3.18,3.18,100.0
2025-08-06T15:38:33,3.17,3.17,3.17,3.17,1700.0
2025-08-06T15:38:34,3.18,3.18,3.18,3.18,100.0
2025-08-06T15:38:37,3.18,3.19,3.18,3.19,883.0
2025-08-06T15:38:39,3.2,3.2,3.2,3.2,101.0
2025-08-06T15:38:44,3.2,3.2,3.2,3.2,100.0
2025-08-06T15:38:46,3.2,3.2,3.2,3.2,140.0
2025-08-06T15:38:48,3.19,3.19,3.19,3.19,707.0
2025-08-06T15:38:53,3.18,3.18,3.18,3.18,206.0
2025-08-06T15:38:54,3.18,3.18,3.18,3.18,200.0
2025-08-06T15:38:57,3.185,3.19,3.185,3.1899,700.0
2025-08-06T15:39:02,3.18,3.19,3.17,3.17,5860.0
2025-08-06T15:39:03,3.17,3.17,3.17,3.17,300.0
2025-08-06T15:39:08,3.1707,3.1707,3.1707,3.1707,300.0
2025-08-06T15:39:17,3.17,3.17,3.17,3.17,10126.0
2025-08-06T15:39:18,3.1701,3.1701,3.1701,3.1701,1549.0
2025-08-06T15:39:20,3.17,3.17,3.13,3.13,8119.0
2025-08-06T15:39:21,3.145,3.145,3.12,3.1301,15115.0
2025-08-06T15:39:27,3.14,3.15,3.13,3.14,2091.0
2025-08-06T15:39:30,3.13,3.13,3.13,3.13,400.0
2025-08-06T15:39:35,3.14,3.14,3.14,3.14,250.0
2025-08-06T15:39:39,3.14,3.14,3.14,3.14,1087.0
2025-08-06T15:39:40,3.14,3.14,3.14,3.14,515.0
2025-08-06T15:39:43,3.15,3.15,3.15,3.15,756.0
2025-08-06T15:39:44,3.145,3.145,3.145,3.145,500.0
2025-08-06T15:39:47,3.145,3.15,3.145,3.15,600.0
2025-08-06T15:39:48,3.1499,3.1499,3.1499,3.1499,1000.0
2025-08-06T15:39:49,3.1499,3.15,3.1499,3.1499,1978.0
2025-08-06T15:39:53,3.1501,3.1501,3.1501,3.1501,408.0
2025-08-06T15:39:57,3.16,3.16,3.1501,3.1501,500.0
2025-08-06T15:40:00,3.151,3.16,3.15,3.1511,2972.0
2025-08-06T15:40:02,3.15,3.16,3.15,3.1592,592.0
2025-08-06T15:40:04,3.155,3.155,3.155,3.155,446.0
2025-08-06T15:40:07,3.155,3.16,3.155,3.16,200.0
2025-08-06T15:40:11,3.155,3.155,3.155,3.155,129.0
2025-08-06T15:40:15,3.155,3.155,3.155,3.155,100.0
2025-08-06T15:40:21,3.155,3.155,3.155,3.155,100.0
2025-08-06T15:40:34,3.155,3.155,3.1501,3.1501,225.0
2025-08-06T15:40:36,3.15,3.15,3.15,3.15,125.0
2025-08-06T15:40:38,3.155,3.155,3.15,3.15,850.0
2025-08-06T15:40:49,3.1599,3.16,3.1599,3.16,2794.0
2025-08-06T15:40:54,3.16,3.16,3.16,3.16,791.0
2025-08-06T15:41:13,3.162,3.162,3.162,3.162,1000.0
2025-08-06T15:41:22,3.17,3.17,3.17,3.17,1883.0
2025-08-06T15:41:25,3.1699,3.1699,3.1699,3.1699,5035.0
2025-08-06T15:41:28,3.165,3.165,3.165,3.165,1000.0
2025-08-06T15:41:40,3.163,3.163,3.163,3.163,300.0
2025-08-06T15:41:43,3.1635,3.1635,3.1635,3.1635,100.0
2025-08-06T15:41:44,3.16,3.17,3.15,3.169,5873.0
2025-08-06T15:41:45,3.16,3.16,3.16,3.16,980.0
2025-08-06T15:41:51,3.155,3.155,3.155,3.155,1320.0
2025-08-06T15:41:55,3.1591,3.165,3.1591,3.165,1249.0
2025-08-06T15:41:57,3.1693,3.1693,3.1693,3.1693,1025.0
2025-08-06T15:42:00,3.16,3.16,3.16,3.16,425.0
2025-08-06T15:42:05,3.1699,3.2,3.1699,3.19,12321.0
2025-08-06T15:42:10,3.19,3.19,3.19,3.19,100.0
2025-08-06T15:42:14,3.1945,3.21,3.1945,3.2,15198.0
2025-08-06T15:42:16,3.2099,3.2099,3.2099,3.2099,363.0
2025-08-06T15:42:17,3.21,3.21,3.2,3.205,2497.0
2025-08-06T15:42:20,3.2,3.2001,3.19,3.2,2445.0
2025-08-06T15:42:21,3.1954,3.1954,3.1954,3.1954,500.0
2025-08-06T15:42:23,3.2,3.2,3.195,3.195,1136.0
2025-08-06T15:42:25,3.195,3.195,3.195,3.195,2817.0
2025-08-06T15:42:33,3.195,3.2,3.195,3.2,400.0
2025-08-06T15:42:36,3.1932,3.1932,3.1932,3.1932,700.0
2025-08-06T15:42:37,3.19,3.19,3.185,3.1891,2639.0
2025-08-06T15:42:38,3.185,3.185,3.1806,3.1806,1253.0
2025-08-06T15:42:39,3.18,3.19,3.17,3.18,9795.0
2025-08-06T15:42:41,3.1793,3.2,3.1793,3.19,4419.0
2025-08-06T15:42:42,3.2,3.2,3.2,3.2,100.0
2025-08-06T15:42:44,3.199,3.199,3.199,3.199,150.0
2025-08-06T15:42:45,3.195,3.2,3.195,3.2,200.0
2025-08-06T15:42:46,3.19,3.2,3.18,3.1892,7678.0
2025-08-06T15:42:47,3.1897,3.1897,3.1897,3.1897,1000.0
2025-08-06T15:42:48,3.18,3.18,3.18,3.18,500.0
2025-08-06T15:42:53,3.19,3.19,3.19,3.19,482.0
2025-08-06T15:42:57,3.1993,3.1993,3.1993,3.1993,500.0
2025-08-06T15:42:58,3.1989,3.2,3.195,3.2,300.0
2025-08-06T15:42:59,3.195,3.2,3.195,3.2,8034.0
2025-08-06T15:43:03,3.2088,3.2088,3.2088,3.2088,182.0
2025-08-06T15:43:04,3.2054,3.2054,3.205,3.205,843.0
2025-08-06T15:43:05,3.2099,3.2099,3.2099,3.2099,7000.0
2025-08-06T15:43:06,3.205,3.205,3.205,3.205,185.0
2025-08-06T15:43:07,3.2002,3.2002,3.2002,3.2002,595.0
2025-08-06T15:43:09,3.2,3.21,3.2,3.21,1340.0
2025-08-06T15:43:10,3.1989,3.1989,3.1989,3.1989,100.0
2025-08-06T15:43:12,3.2,3.2,3.2,3.2,100.0
2025-08-06T15:43:18,3.2,3.205,3.195,3.2015,6354.0
2025-08-06T15:43:19,3.2099,3.2099,3.2011,3.2011,2911.0
2025-08-06T15:43:20,3.205,3.21,3.205,3.21,610.0
2025-08-06T15:43:22,3.205,3.205,3.205,3.205,1000.0
2025-08-06T15:43:24,3.2054,3.21,3.205,3.21,605.0
2025-08-06T15:43:25,3.21,3.2112,3.21,3.2112,1376.0
2025-08-06T15:43:26,3.215,3.22,3.215,3.22,200.0
2025-08-06T15:43:28,3.215,3.23,3.215,3.23,10670.0
2025-08-06T15:43:29,3.2292,3.23,3.2292,3.23,488.0
2025-08-06T15:43:30,3.2299,3.2299,3.2299,3.2299,1000.0
2025-08-06T15:43:31,3.225,3.23,3.21,3.23,3478.0
2025-08-06T15:43:32,3.21,3.22,3.21,3.2155,1700.0
2025-08-06T15:43:33,3.215,3.2155,3.215,3.2155,2986.0
2025-08-06T15:43:34,3.22,3.22,3.22,3.22,208.0
2025-08-06T15:43:35,3.21,3.22,3.2,3.205,11790.0
2025-08-06T15:43:37,3.2,3.2077,3.1923,3.2077,2063.0
2025-08-06T15:43:38,3.205,3.205,3.2,3.2,274.0
2025-08-06T15:43:39,3.21,3.21,3.21,3.21,100.0
2025-08-06T15:43:40,3.21,3.21,3.2,3.2,1924.0
2025-08-06T15:43:41,3.21,3.21,3.21,3.21,210.0
2025-08-06T15:43:42,3.205,3.21,3.205,3.21,886.0
2025-08-06T15:43:43,3.21,3.21,3.21,3.21,1570.0
2025-08-06T15:43:44,3.2002,3.2002,3.2,3.2,1467.0
2025-08-06T15:43:45,3.2099,3.2099,3.2099,3.2099,5000.0
2025-08-06T15:43:46,3.21,3.21,3.21,3.21,1033.0
2025-08-06T15:43:47,3.21,3.22,3.21,3.21,2763.0
2025-08-06T15:43:48,3.2047,3.21,3.2047,3.209,5800.0
2025-08-06T15:43:49,3.205,3.205,3.2,3.2,900.0
2025-08-06T15:43:50,3.21,3.21,3.21,3.21,134.0
2025-08-06T15:43:52,3.2093,3.2093,3.2093,3.2093,401.0
2025-08-06T15:43:53,3.21,3.215,3.21,3.215,410.0
2025-08-06T15:43:55,3.2101,3.22,3.2101,3.22,2327.0
2025-08-06T15:43:56,3.225,3.23,3.22,3.23,1124.0
2025-08-06T15:43:57,3.2206,3.2208,3.2206,3.2208,1158.0
2025-08-06T15:43:59,3.2247,3.2247,3.2247,3.2247,5000.0
2025-08-06T15:44:04,3.2101,3.2101,3.2101,3.2101,300.0
2025-08-06T15:44:06,3.215,3.215,3.215,3.215,100.0
2025-08-06T15:44:09,3.21,3.21,3.205,3.205,586.0
2025-08-06T15:44:13,3.205,3.205,3.205,3.205,410.0
2025-08-06T15:44:16,3.2099,3.2099,3.2099,3.2099,150.0
2025-08-06T15:44:17,3.2011,3.2011,3.2011,3.2011,100.0
2025-08-06T15:44:18,3.2,3.21,3.195,3.2089,2047.0
2025-08-06T15:44:20,3.1999,3.1999,3.19,3.19,1200.0
2025-08-06T15:44:23,3.2,3.2,3.2,3.2,1315.0
2025-08-06T15:44:28,3.2,3.21,3.195,3.205,2660.0
2025-08-06T15:44:30,3.205,3.205,3.205,3.205,170.0
2025-08-06T15:44:33,3.205,3.205,3.205,3.205,100.0
2025-08-06T15:44:36,3.21,3.215,3.21,3.215,425.0
2025-08-06T15:44:45,3.22,3.22,3.22,3.22,300.0
2025-08-06T15:44:46,3.21,3.22,3.21,3.22,2409.0
2025-08-06T15:44:49,3.21,3.215,3.21,3.215,678.0
2025-08-06T15:44:50,3.215,3.22,3.205,3.22,2813.0
2025-08-06T15:44:52,3.215,3.22,3.215,3.22,2119.0
2025-08-06T15:44:54,3.21,3.215,3.21,3.21,1731.0
2025-08-06T15:44:56,3.2089,3.21,3.19,3.1991,7823.0
2025-08-06T15:44:57,3.195,3.195,3.1901,3.1901,410.0
2025-08-06T15:45:00,3.2,3.205,3.2,3.205,951.0
2025-08-06T15:45:01,3.2001,3.22,3.2,3.21,5306.0
2025-08-06T15:45:02,3.21,3.22,3.2,3.2092,6588.0
2025-08-06T15:45:03,3.205,3.205,3.205,3.205,473.0
2025-08-06T15:45:06,3.21,3.21,3.205,3.205,3823.0
2025-08-06T15:45:08,3.2082,3.2082,3.2082,3.2082,100.0
2025-08-06T15:45:10,3.2001,3.2001,3.2001,3.2001,100.0
2025-08-06T15:45:14,3.2,3.21,3.2,3.21,200.0
2025-08-06T15:45:17,3.205,3.205,3.205,3.205,100.0
2025-08-06T15:45:18,3.205,3.205,3.201,3.201,1025.0
2025-08-06T15:45:20,3.2,3.2,3.2,3.2,360.0
2025-08-06T15:45:23,3.205,3.205,3.2,3.2,650.0
2025-08-06T15:45:25,3.205,3.205,3.205,3.205,110.0
2025-08-06T15:45:28,3.2,3.2,3.2,3.2,696.0
2025-08-06T15:45:30,3.205,3.205,3.205,3.205,100.0
2025-08-06T15:45:33,3.205,3.21,3.2,3.21,514.0
2025-08-06T15:45:35,3.2,3.21,3.195,3.195,2973.0
2025-08-06T15:45:37,3.195,3.195,3.195,3.195,100.0
2025-08-06T15:45:39,3.2,3.21,3.195,3.195,3200.0
2025-08-06T15:45:42,3.195,3.195,3.195,3.195,100.0
2025-08-06T15:45:45,3.1954,3.1954,3.1954,3.1954,175.0
2025-08-06T15:45:51,3.2,3.2,3.2,3.2,4674.0
2025-08-06T15:45:52,3.2,3.2,3.2,3.2,100.0
2025-08-06T15:45:56,3.2,3.2,3.2,3.2,100.0
2025-08-06T15:45:57,3.205,3.205,3.205,3.205,100.0
2025-08-06T15:46:01,3.205,3.205,3.205,3.205,100.0
2025-08-06T15:46:05,3.21,3.21,3.21,3.21,122.0
2025-08-06T15:46:07,3.205,3.205,3.205,3.205,200.0
2025-08-06T15:46:08,3.2,3.2,3.2,3.2,400.0
2025-08-06T15:46:09,3.205,3.21,3.19,3.208744,4730.0
2025-08-06T15:46:12,3.2,3.205,3.2,3.205,475.0
2025-08-06T15:46:13,3.21,3.21,3.2,3.21,1308.0
2025-08-06T15:46:14,3.2091,3.2091,3.2,3.2,2600.0
2025-08-06T15:46:15,3.2099,3.2099,3.2,3.2,3062.0
2025-08-06T15:46:20,3.203036,3.203036,3.203036,3.203036,488.0
2025-08-06T15:46:22,3.21,3.21,3.21,3.21,330.0
2025-08-06T15:46:25,3.21,3.21,3.21,3.21,2000.0
2025-08-06T15:46:26,3.2004,3.2004,3.2004,3.2004,2000.0
2025-08-06T15:46:29,3.21,3.21,3.2099,3.21,10397.0
2025-08-06T15:46:30,3.22,3.23,3.22,3.22,2550.0
2025-08-06T15:46:31,3.225,3.225,3.225,3.225,188.0
2025-08-06T15:46:33,3.221,3.221,3.221,3.221,220.0
2025-08-06T15:46:34,3.225,3.23,3.22,3.23,300.0
2025-08-06T15:46:35,3.225,3.23,3.22,3.23,5129.0
2025-08-06T15:46:38,3.2206,3.2206,3.2206,3.2206,1066.0
2025-08-06T15:46:40,3.22,3.22,3.22,3.22,307.0
2025-08-06T15:46:41,3.221,3.23,3.22,3.2207,750.0
2025-08-06T15:46:42,3.22,3.22,3.22,3.22,711.0
2025-08-06T15:46:43,3.23,3.23,3.2299,3.2299,600.0
2025-08-06T15:46:49,3.2241,3.2241,3.2241,3.2241,2500.0
2025-08-06T15:46:50,3.22,3.23,3.21,3.215,15742.0
2025-08-06T15:46:51,3.21,3.22,3.21,3.21,300.0
2025-08-06T15:46:52,3.22,3.22,3.215,3.22,3425.0
2025-08-06T15:46:53,3.2212,3.2212,3.215,3.215,731.0
2025-08-06T15:46:54,3.22,3.23,3.22,3.23,7480.0
2025-08-06T15:46:57,3.22,3.23,3.22,3.23,2800.0
2025-08-06T15:46:58,3.22,3.23,3.22,3.23,293.0
2025-08-06T15:47:00,3.225,3.23,3.225,3.225,5812.0
2025-08-06T15:47:02,3.2296,3.2296,3.225,3.225,3300.0
2025-08-06T15:47:03,3.23,3.23,3.225,3.225,748.0
2025-08-06T15:47:13,3.23,3.23,3.225,3.225,210.0
2025-08-06T15:47:14,3.2208,3.2208,3.2208,3.2208,434.0
2025-08-06T15:47:17,3.23,3.23,3.225,3.225,2109.0
2025-08-06T15:47:18,3.2254,3.2254,3.2254,3.2254,251.0
2025-08-06T15:47:19,3.2288,3.2288,3.2288,3.2288,105.0
2025-08-06T15:47:20,3.225,3.225,3.225,3.225,100.0
2025-08-06T15:47:22,3.2217,3.2217,3.2217,3.2217,113.0
2025-08-06T15:47:24,3.2245,3.2245,3.2245,3.2245,3002.0
2025-08-06T15:47:26,3.23,3.23,3.23,3.23,3432.0
2025-08-06T15:47:27,3.225,3.23,3.225,3.23,210.0
2025-08-06T15:47:28,3.2288,3.2299,3.2288,3.2299,366.0
2025-08-06T15:47:30,3.2201,3.23,3.21,3.215,6839.0
2025-08-06T15:47:32,3.215,3.225,3.215,3.2199,11349.0
2025-08-06T15:47:37,3.2191,3.2292,3.2191,3.22,3055.0
2025-08-06T15:47:38,3.212,3.215,3.212,3.215,621.0
2025-08-06T15:47:46,3.215,3.215,3.215,3.215,120.0
2025-08-06T15:47:51,3.22,3.23,3.22,3.23,637.0
2025-08-06T15:47:52,3.22,3.23,3.22,3.23,612.0
2025-08-06T15:47:53,3.22,3.23,3.2193,3.2193,2366.0
2025-08-06T15:47:57,3.22,3.22,3.22,3.22,239.0
2025-08-06T15:47:59,3.215,3.215,3.215,3.215,100.0
2025-08-06T15:48:02,3.2101,3.2101,3.2101,3.2101,602.0
2025-08-06T15:48:06,3.2111,3.215,3.21,3.21,1743.0
2025-08-06T15:48:07,3.21,3.22,3.19,3.2,13052.0
2025-08-06T15:48:08,3.205,3.21,3.205,3.21,200.0
2025-08-06T15:48:09,3.205,3.21,3.205,3.21,200.0
2025-08-06T15:48:10,3.2,3.205,3.2,3.2001,4100.0
2025-08-06T15:48:11,3.205,3.21,3.205,3.21,200.0
2025-08-06T15:48:14,3.205,3.21,3.205,3.21,600.0
2025-08-06T15:48:17,3.205,3.21,3.205,3.21,289.0
2025-08-06T15:48:19,3.205,3.21,3.2,3.21,3309.0
2025-08-06T15:48:20,3.1946,3.1946,3.1946,3.1946,100.0
2025-08-06T15:48:22,3.1901,3.1901,3.1901,3.1901,185.0
2025-08-06T15:48:25,3.2,3.2,3.2,3.2,100.0
2025-08-06T15:48:28,3.195,3.2,3.195,3.2,205.0
2025-08-06T15:48:29,3.2,3.2,3.2,3.2,100.0
2025-08-06T15:48:31,3.195,3.2,3.195,3.2,240.0
2025-08-06T15:48:34,3.2,3.21,3.2,3.21,590.0
2025-08-06T15:48:36,3.202,3.21,3.2,3.21,1883.0
2025-08-06T15:48:37,3.205,3.205,3.205,3.205,100.0
2025-08-06T15:48:38,3.2096,3.21,3.195,3.195,6744.0
2025-08-06T15:48:39,3.195,3.2,3.195,3.2,2700.0
2025-08-06T15:48:40,3.195,3.195,3.195,3.195,2500.0
2025-08-06T15:48:41,3.19,3.19,3.19,3.19,100.0
2025-08-06T15:48:46,3.19,3.2,3.185,3.1904,12992.0
2025-08-06T15:48:47,3.1908,3.1908,3.1908,3.1908,400.0
2025-08-06T15:48:49,3.1992,3.1992,3.1992,3.1992,300.0
2025-08-06T15:48:50,3.19,3.2,3.19,3.2,1440.0
2025-08-06T15:48:53,3.1954,3.1954,3.1954,3.1954,110.0
2025-08-06T15:48:55,3.192,3.192,3.192,3.192,300.0
2025-08-06T15:48:58,3.195,3.195,3.195,3.195,2510.0
2025-08-06T15:49:00,3.195,3.205,3.195,3.205,3216.0
2025-08-06T15:49:02,3.2,3.205,3.2,3.205,912.0
2025-08-06T15:49:03,3.21,3.215,3.21,3.21,16882.0
2025-08-06T15:49:04,3.2196,3.23,3.2196,3.2296,6557.0
2025-08-06T15:49:05,3.225,3.2299,3.225,3.2299,2810.0
2025-08-06T15:49:07,3.22,3.22,3.22,3.22,100.0
2025-08-06T15:49:08,3.225,3.23,3.225,3.23,546.0
2025-08-06T15:49:10,3.225,3.23,3.22,3.2201,6100.0
2025-08-06T15:49:13,3.23,3.23,3.23,3.23,1500.0
2025-08-06T15:49:14,3.225,3.23,3.22,3.22,3429.0
2025-08-06T15:49:15,3.225,3.23,3.225,3.23,403.0
2025-08-06T15:49:17,3.225,3.23,3.225,3.23,200.0
2025-08-06T15:49:19,3.2255,3.23,3.22,3.23,6276.0
2025-08-06T15:49:21,3.2209,3.2209,3.2209,3.2209,200.0
2025-08-06T15:49:22,3.22,3.2217,3.22,3.2217,1415.0
2025-08-06T15:49:23,3.225,3.23,3.22,3.22,900.0
2025-08-06T15:49:26,3.225,3.23,3.225,3.23,200.0
2025-08-06T15:49:29,3.225,3.23,3.222,3.222,395.0
2025-08-06T15:49:30,3.2203,3.2203,3.2203,3.2203,1495.0
2025-08-06T15:49:31,3.225,3.23,3.22,3.23,9967.0
2025-08-06T15:49:32,3.22,3.23,3.22,3.23,380.0
2025-08-06T15:49:35,3.2299,3.2299,3.2299,3.2299,200.0
2025-08-06T15:49:36,3.225,3.23,3.225,3.23,2000.0
2025-08-06T15:49:37,3.2204,3.2204,3.2204,3.2204,2000.0
2025-08-06T15:49:38,3.225,3.23,3.225,3.23,200.0
2025-08-06T15:49:42,3.225,3.23,3.225,3.23,200.0
2025-08-06T15:49:45,3.225,3.23,3.225,3.23,200.0
2025-08-06T15:49:47,3.225,3.23,3.225,3.23,210.0
2025-08-06T15:49:48,3.2296,3.23,3.225,3.225,5205.0
2025-08-06T15:49:49,3.23,3.23,3.23,3.23,486.0
2025-08-06T15:49:51,3.23,3.23,3.23,3.23,100.0
2025-08-06T15:49:53,3.23,3.23,3.225,3.23,8600.0
2025-08-06T15:49:55,3.23,3.25,3.2299,3.24,30652.0
2025-08-06T15:49:56,3.245,3.245,3.245,3.245,6000.0
2025-08-06T15:49:57,3.25,3.26,3.25,3.26,9953.0
2025-08-06T15:49:58,3.255,3.26,3.255,3.26,697.0
2025-08-06T15:49:59,3.26,3.26,3.2592,3.26,981.0
2025-08-06T15:50:00,3.26,3.27,3.26,3.27,4443.0
2025-08-06T15:50:01,3.26,3.27,3.26,3.27,3048.0
2025-08-06T15:50:02,3.261,3.2699,3.261,3.2693,3231.0
2025-08-06T15:50:03,3.265,3.28,3.265,3.28,7110.0
2025-08-06T15:50:04,3.28,3.28,3.28,3.28,7408.0
2025-08-06T15:50:05,3.271,3.271,3.271,3.271,460.0
2025-08-06T15:50:06,3.2701,3.275,3.2701,3.2701,3000.0
2025-08-06T15:50:09,3.2755,3.2755,3.2755,3.2755,3000.0
2025-08-06T15:50:10,3.27,3.275,3.27,3.275,1380.0
2025-08-06T15:50:11,3.28,3.28,3.28,3.28,821.0
2025-08-06T15:50:12,3.275,3.275,3.275,3.275,119.0
2025-08-06T15:50:13,3.275,3.28,3.27,3.28,3290.0
2025-08-06T15:50:14,3.2701,3.28,3.27,3.27,14701.0
2025-08-06T15:50:15,3.27,3.27,3.27,3.27,8269.0
2025-08-06T15:50:16,3.27,3.27,3.27,3.27,100.0
2025-08-06T15:50:18,3.27,3.27,3.26,3.26,632.0
2025-08-06T15:50:19,3.27,3.27,3.27,3.27,210.0
2025-08-06T15:50:22,3.27,3.27,3.27,3.27,255.0
2025-08-06T15:50:23,3.27,3.27,3.27,3.27,399.0
2025-08-06T15:50:24,3.26,3.27,3.26,3.27,2245.0
2025-08-06T15:50:25,3.25,3.26,3.23,3.23,7507.0
2025-08-06T15:50:28,3.24,3.24,3.235,3.235,841.0
2025-08-06T15:50:29,3.24,3.24,3.24,3.24,5010.0
2025-08-06T15:50:34,3.2401,3.2401,3.2401,3.2401,510.0
2025-08-06T15:50:37,3.2401,3.2401,3.2401,3.2401,1142.0
2025-08-06T15:50:38,3.245,3.245,3.245,3.245,1000.0
2025-08-06T15:50:40,3.2411,3.248732,3.2411,3.248732,276.0
2025-08-06T15:50:42,3.2508,3.2508,3.2508,3.2508,301.0
2025-08-06T15:50:44,3.255,3.255,3.255,3.255,100.0
2025-08-06T15:50:45,3.25,3.255,3.25,3.255,2174.0
2025-08-06T15:50:46,3.25,3.26,3.25,3.2599,1140.0
2025-08-06T15:50:47,3.2511,3.2511,3.2511,3.2511,143.0
2025-08-06T15:50:48,3.2547,3.2547,3.2507,3.2507,5500.0
2025-08-06T15:50:49,3.25,3.25,3.25,3.25,100.0
2025-08-06T15:50:50,3.25,3.25,3.25,3.25,200.0
2025-08-06T15:50:53,3.255,3.26,3.25,3.26,2808.0
2025-08-06T15:50:54,3.25,3.26,3.25,3.26,264.0
2025-08-06T15:50:55,3.25,3.26,3.25,3.26,250.0
2025-08-06T15:50:59,3.25,3.25,3.25,3.25,200.0
2025-08-06T15:51:00,3.26,3.26,3.255,3.255,308.0
2025-08-06T15:51:01,3.25,3.25,3.25,3.25,200.0
2025-08-06T15:51:02,3.255,3.255,3.2545,3.2545,205.0
2025-08-06T15:51:03,3.2554,3.26,3.2501,3.26,827.0
2025-08-06T15:51:04,3.255,3.26,3.252,3.252,718.0
2025-08-06T15:51:05,3.252,3.252,3.252,3.252,915.0
2025-08-06T15:51:08,3.26,3.26,3.2547,3.2591,3473.0
2025-08-06T15:51:09,3.26,3.26,3.26,3.26,116.0
2025-08-06T15:51:10,3.25,3.26,3.25,3.26,3078.0
2025-08-06T15:51:12,3.25,3.2592,3.25,3.2511,1219.0
2025-08-06T15:51:13,3.255,3.255,3.255,3.255,100.0
2025-08-06T15:51:18,3.255,3.255,3.25,3.254,731.0
2025-08-06T15:51:19,3.255,3.26,3.255,3.26,241.0
2025-08-06T15:51:20,3.253,3.253,3.253,3.253,2000.0
2025-08-06T15:51:21,3.255,3.255,3.255,3.255,585.0
2025-08-06T15:51:22,3.26,3.26,3.26,3.26,130.0
2025-08-06T15:51:23,3.26,3.26,3.26,3.26,100.0
2025-08-06T15:51:24,3.255,3.26,3.2501,3.26,470.0
2025-08-06T15:51:25,3.26,3.26,3.26,3.26,100.0
2025-08-06T15:51:27,3.26,3.26,3.25,3.255,1719.0
2025-08-06T15:51:28,3.255,3.255,3.255,3.255,180.0
2025-08-06T15:51:29,3.255,3.26,3.255,3.26,600.0
2025-08-06T15:51:31,3.255,3.26,3.25,3.255,1125.0
2025-08-06T15:51:33,3.255,3.26,3.255,3.26,200.0
2025-08-06T15:51:35,3.26,3.26,3.26,3.26,125.0
2025-08-06T15:51:37,3.26,3.26,3.255,3.26,600.0
2025-08-06T15:51:38,3.2504,3.255,3.2504,3.255,3601.0
2025-08-06T15:51:39,3.25,3.26,3.235,3.24,14316.0
2025-08-06T15:51:41,3.235,3.235,3.235,3.235,500.0
2025-08-06T15:51:42,3.23,3.24,3.2,3.2,9944.0
2025-08-06T15:51:43,3.2018,3.2018,3.2018,3.2018,250.0
2025-08-06T15:51:44,3.209,3.22,3.209,3.22,300.0
2025-08-06T15:51:45,3.22,3.22,3.21,3.22,1413.0
2025-08-06T15:51:46,3.23,3.24,3.23,3.23,998.0
2025-08-06T15:51:47,3.24,3.24,3.2399,3.2399,1211.0
2025-08-06T15:51:48,3.24,3.25,3.24,3.25,521.0
2025-08-06T15:51:49,3.245,3.25,3.24,3.25,1672.0
2025-08-06T15:51:52,3.245,3.25,3.24,3.25,1797.0
2025-08-06T15:51:54,3.2394,3.2394,3.2394,3.2394,1000.0
2025-08-06T15:51:56,3.24,3.24,3.24,3.24,350.0
2025-08-06T15:52:01,3.245,3.26,3.245,3.2599,5749.0
2025-08-06T15:52:02,3.2555,3.2555,3.2555,3.2555,1100.0
2025-08-06T15:52:03,3.26,3.26,3.26,3.26,248.0
2025-08-06T15:52:05,3.26,3.27,3.26,3.27,3435.0
2025-08-06T15:52:07,3.265,3.27,3.25,3.2596,8994.0
2025-08-06T15:52:08,3.255,3.26,3.255,3.2599,14974.0
2025-08-06T15:52:10,3.27,3.28,3.27,3.271,2750.0
2025-08-06T15:52:11,3.2793,3.28,3.2793,3.28,2000.0
2025-08-06T15:52:13,3.27,3.2789,3.27,3.2789,575.0
2025-08-06T15:52:14,3.28,3.28,3.275,3.2799,3982.0
2025-08-06T15:52:15,3.28,3.28,3.28,3.28,591.0
2025-08-06T15:52:16,3.275,3.275,3.2702,3.275,1150.0
2025-08-06T15:52:17,3.275,3.275,3.27,3.27,336.0
2025-08-06T15:52:18,3.2711,3.275,3.2711,3.275,705.0
2025-08-06T15:52:19,3.275,3.2789,3.275,3.2789,210.0
2025-08-06T15:52:20,3.275,3.275,3.275,3.275,1000.0
2025-08-06T15:52:21,3.2745,3.2745,3.2745,3.2745,1010.0
2025-08-06T15:52:22,3.27,3.28,3.27,3.2707,900.0
2025-08-06T15:52:23,3.27,3.28,3.24,3.25,9570.0
2025-08-06T15:52:24,3.25,3.25,3.25,3.25,164.0
2025-08-06T15:52:26,3.26,3.26,3.26,3.26,200.0
2025-08-06T15:52:27,3.26,3.26,3.26,3.26,202.0
2025-08-06T15:52:30,3.26,3.27,3.2545,3.27,833.0
2025-08-06T15:52:31,3.27,3.27,3.27,3.27,100.0
2025-08-06T15:52:32,3.27,3.27,3.2692,3.27,1584.0
2025-08-06T15:52:33,3.265,3.27,3.25,3.26,6716.0
2025-08-06T15:52:34,3.26,3.265,3.26,3.265,300.0
2025-08-06T15:52:36,3.27,3.27,3.26,3.27,801.0
2025-08-06T15:52:37,3.2695,3.2695,3.2695,3.2695,250.0
2025-08-06T15:52:38,3.265,3.27,3.255,3.27,2460.0
2025-08-06T15:52:42,3.25,3.26,3.25,3.25,2663.0
2025-08-06T15:52:43,3.2591,3.26,3.2591,3.26,375.0
2025-08-06T15:52:46,3.265,3.265,3.265,3.265,109.0
2025-08-06T15:52:49,3.27,3.27,3.27,3.27,100.0
2025-08-06T15:52:50,3.2608,3.2608,3.2608,3.2608,383.0
2025-08-06T15:52:52,3.2607,3.27,3.2607,3.27,952.0
2025-08-06T15:52:53,3.27,3.27,3.2608,3.2608,600.0
2025-08-06T15:52:55,3.2601,3.2601,3.2601,3.2601,810.0
2025-08-06T15:52:58,3.27,3.27,3.27,3.27,100.0
2025-08-06T15:53:02,3.27,3.27,3.27,3.27,857.0
2025-08-06T15:53:09,3.262,3.27,3.262,3.27,909.0
2025-08-06T15:53:10,3.27,3.27,3.27,3.27,100.0
2025-08-06T15:53:12,3.27,3.27,3.27,3.27,238.0
2025-08-06T15:53:13,3.265,3.265,3.26,3.26,660.0
2025-08-06T15:53:14,3.265,3.27,3.26,3.26,700.0
2025-08-06T15:53:15,3.27,3.27,3.27,3.27,200.0
2025-08-06T15:53:18,3.27,3.27,3.27,3.27,300.0
2025-08-06T15:53:19,3.27,3.27,3.27,3.27,110.0
2025-08-06T15:53:21,3.27,3.27,3.27,3.27,105.0
2025-08-06T15:53:22,3.27,3.27,3.27,3.27,301.0
2025-08-06T15:53:24,3.265,3.27,3.2602,3.27,300.0
2025-08-06T15:53:25,3.27,3.27,3.27,3.27,100.0
2025-08-06T15:53:26,3.27,3.27,3.26,3.2693,1433.0
2025-08-06T15:53:27,3.27,3.27,3.27,3.27,103.0
2025-08-06T15:53:29,3.27,3.27,3.265,3.27,400.0
2025-08-06T15:53:32,3.27,3.27,3.2407,3.27,14253.0
2025-08-06T15:53:39,3.2409,3.245,3.2409,3.245,300.0
2025-08-06T15:53:40,3.245,3.27,3.245,3.27,4773.0
2025-08-06T15:53:42,3.265,3.27,3.265,3.27,3100.0
2025-08-06T15:53:43,3.27,3.27,3.2684,3.2684,6005.0
2025-08-06T15:53:44,3.27,3.28,3.27,3.28,2673.0
2025-08-06T15:53:47,3.28,3.28,3.2786,3.2786,8981.0
2025-08-06T15:53:48,3.2799,3.28,3.275,3.28,10741.0
2025-08-06T15:53:49,3.2792,3.2799,3.2792,3.2799,520.0
2025-08-06T15:53:50,3.275,3.275,3.275,3.275,203.0
2025-08-06T15:53:51,3.272,3.272,3.272,3.272,275.0
2025-08-06T15:53:54,3.28,3.28,3.28,3.28,705.0
2025-08-06T15:53:56,3.28,3.28,3.28,3.28,520.0
2025-08-06T15:53:57,3.275,3.275,3.275,3.275,110.0
2025-08-06T15:53:59,3.28,3.28,3.27,3.27,2534.0
2025-08-06T15:54:00,3.28,3.28,3.28,3.28,3010.0
2025-08-06T15:54:01,3.275,3.275,3.275,3.275,450.0
2025-08-06T15:54:03,3.2701,3.2701,3.2701,3.2701,700.0
2025-08-06T15:54:05,3.28,3.28,3.27,3.27,1568.0
2025-08-06T15:54:07,3.28,3.28,3.28,3.28,1205.0
2025-08-06T15:54:08,3.28,3.28,3.28,3.28,117.0
2025-08-06T15:54:10,3.28,3.28,3.2745,3.2745,500.0
2025-08-06T15:54:11,3.272,3.28,3.2708,3.275,1459.0
2025-08-06T15:54:13,3.28,3.29,3.28,3.29,9448.0
2025-08-06T15:54:14,3.2899,3.2899,3.2899,3.2899,200.0
2025-08-06T15:54:15,3.29,3.3,3.29,3.3,21241.0
2025-08-06T15:54:16,3.2999,3.3,3.295,3.3,1521.0
2025-08-06T15:54:17,3.3,3.3,3.2989,3.2989,200.0
2025-08-06T15:54:18,3.3,3.3,3.295,3.295,756.0
2025-08-06T15:54:19,3.3,3.3,3.2945,3.3,617.0
2025-08-06T15:54:20,3.295,3.3,3.275,3.3,10630.0
2025-08-06T15:54:21,3.29,3.29,3.275,3.285,12722.0
2025-08-06T15:54:22,3.285,3.2899,3.285,3.2899,330.0
2025-08-06T15:54:23,3.2846,3.2899,3.2846,3.2899,5500.0
2025-08-06T15:54:25,3.2899,3.2899,3.2801,3.2801,600.0
2025-08-06T15:54:27,3.285,3.285,3.285,3.285,2000.0
2025-08-06T15:54:30,3.29,3.29,3.29,3.29,100.0
2025-08-06T15:54:31,3.2811,3.2811,3.2811,3.2811,100.0
2025-08-06T15:54:32,3.2801,3.29,3.2801,3.29,3286.0
2025-08-06T15:54:33,3.29,3.3,3.29,3.3,1369.0
2025-08-06T15:54:35,3.295,3.3,3.29,3.3,510.0
2025-08-06T15:54:36,3.3,3.3,3.29,3.29,11268.0
2025-08-06T15:54:37,3.3,3.3,3.29,3.29,2097.0
2025-08-06T15:54:38,3.29,3.3,3.29,3.3,4941.0
2025-08-06T15:54:39,3.285,3.2899,3.285,3.2899,5000.0
2025-08-06T15:54:40,3.29,3.29,3.28,3.285,1700.0
2025-08-06T15:54:41,3.285,3.285,3.285,3.285,500.0
2025-08-06T15:54:42,3.2809,3.2809,3.2809,3.2809,250.0
2025-08-06T15:54:43,3.2893,3.2893,3.2893,3.2893,1010.0
2025-08-06T15:54:44,3.29,3.29,3.2811,3.2811,201.0
2025-08-06T15:54:50,3.2808,3.2808,3.2808,3.2808,500.0
2025-08-06T15:54:51,3.28,3.29,3.28,3.29,2980.0
2025-08-06T15:54:54,3.2809,3.2809,3.2809,3.2809,200.0
2025-08-06T15:54:57,3.285,3.285,3.285,3.285,1200.0
2025-08-06T15:54:59,3.282,3.29,3.28,3.29,1450.0
2025-08-06T15:55:01,3.2809,3.2809,3.2809,3.2809,237.0
2025-08-06T15:55:02,3.28,3.29,3.28,3.29,2974.0
2025-08-06T15:55:03,3.2845,3.29,3.28,3.29,3400.0
2025-08-06T15:55:04,3.28,3.28,3.28,3.28,2000.0
2025-08-06T15:55:05,3.28,3.29,3.28,3.29,600.0
2025-08-06T15:55:06,3.2801,3.2801,3.2801,3.2801,252.0
2025-08-06T15:55:07,3.285,3.285,3.28,3.28,400.0
2025-08-06T15:55:08,3.2899,3.2899,3.2899,3.2899,129.0
2025-08-06T15:55:09,3.2809,3.2809,3.2809,3.2809,100.0
2025-08-06T15:55:12,3.2807,3.2807,3.2807,3.2807,510.0
2025-08-06T15:55:13,3.2815,3.2815,3.2815,3.2815,1000.0
2025-08-06T15:55:16,3.28,3.2802,3.28,3.2802,259.0
2025-08-06T15:55:18,3.2801,3.282,3.28,3.282,775.0
2025-08-06T15:55:21,3.285,3.285,3.285,3.285,100.0
2025-08-06T15:55:22,3.285,3.285,3.285,3.285,1000.0
2025-08-06T15:55:23,3.29,3.29,3.29,3.29,2002.0
2025-08-06T15:55:25,3.295,3.295,3.295,3.295,2000.0
2025-08-06T15:55:26,3.2996,3.2996,3.2996,3.2996,2100.0
2025-08-06T15:55:27,3.295,3.2955,3.295,3.2955,2110.0
2025-08-06T15:55:28,3.2955,3.2955,3.2955,3.2955,1000.0
2025-08-06T15:55:31,3.3,3.3,3.2992,3.3,21338.0
2025-08-06T15:55:32,3.3,3.3,3.295,3.3,12393.0
2025-08-06T15:55:33,3.3,3.3,3.3,3.3,5069.0
2025-08-06T15:55:34,3.3,3.3,3.2992,3.2992,2507.0
2025-08-06T15:55:35,3.2999,3.3,3.295,3.2999,14093.0
2025-08-06T15:55:36,3.3,3.3,3.3,3.3,200.0
2025-08-06T15:55:37,3.3,3.3,3.3,3.3,200.0
2025-08-06T15:55:38,3.295,3.3,3.295,3.3,400.0
2025-08-06T15:55:40,3.2901,3.3,3.2901,3.3,760.0
2025-08-06T15:55:43,3.3,3.3,3.3,3.3,163.0
2025-08-06T15:55:44,3.3,3.3,3.2901,3.2901,3809.0
2025-08-06T15:55:46,3.3,3.3,3.2921,3.2921,2520.0
2025-08-06T15:55:49,3.2945,3.2945,3.2945,3.2945,1200.0
2025-08-06T15:55:50,3.3,3.3,3.3,3.3,1350.0
2025-08-06T15:55:51,3.3,3.3,3.3,3.3,1005.0
2025-08-06T15:55:52,3.3,3.3,3.3,3.3,1005.0
2025-08-06T15:55:53,3.3,3.3,3.2901,3.2999,4411.0
2025-08-06T15:55:54,3.295,3.3,3.28,3.3,17423.0
2025-08-06T15:55:55,3.29,3.3,3.28,3.285,6375.0
2025-08-06T15:55:56,3.285,3.29,3.28,3.2801,733.0
2025-08-06T15:55:57,3.29,3.33,3.29,3.32,19478.0
2025-08-06T15:55:58,3.32,3.33,3.31,3.3155,1095.0
2025-08-06T15:55:59,3.315,3.32,3.305,3.305,3112.0
2025-08-06T15:56:00,3.305,3.3099,3.305,3.3099,2351.0
2025-08-06T15:56:01,3.31,3.31,3.3001,3.3084,7210.0
2025-08-06T15:56:02,3.3008,3.3008,3.3008,3.3008,407.0
2025-08-06T15:56:03,3.305,3.3096,3.305,3.3096,12420.0
2025-08-06T15:56:04,3.305,3.305,3.29,3.3,3133.0
2025-08-06T15:56:05,3.29,3.295,3.285,3.2893,2203.0
2025-08-06T15:56:06,3.2811,3.2811,3.2811,3.2811,120.0
2025-08-06T15:56:08,3.2855,3.2855,3.2855,3.2855,3132.0
2025-08-06T15:56:12,3.2892,3.29,3.2892,3.29,431.0
2025-08-06T15:56:14,3.2901,3.3,3.29,3.2992,2000.0
2025-08-06T15:56:18,3.29,3.29,3.29,3.29,101.0
2025-08-06T15:56:21,3.2999,3.2999,3.2999,3.2999,3300.0
2025-08-06T15:56:24,3.3,3.3,3.291,3.291,660.0
2025-08-06T15:56:26,3.3,3.31,3.3,3.31,2017.0
2025-08-06T15:56:27,3.3004,3.3004,3.3004,3.3004,2000.0
2025-08-06T15:56:28,3.31,3.315,3.31,3.31,2398.0
2025-08-06T15:56:29,3.315,3.32,3.31,3.31,4038.0
2025-08-06T15:56:30,3.31,3.32,3.3,3.3,4673.0
2025-08-06T15:56:31,3.3007,3.3007,3.3007,3.3007,1000.0
2025-08-06T15:56:32,3.3099,3.3099,3.3099,3.3099,460.0
2025-08-06T15:56:33,3.31,3.31,3.31,3.31,100.0
2025-08-06T15:56:34,3.305,3.305,3.305,3.305,3203.0
2025-08-06T15:56:35,3.305,3.31,3.3,3.31,4650.0
2025-08-06T15:56:36,3.3,3.301,3.3,3.301,550.0
2025-08-06T15:56:37,3.305,3.31,3.28,3.295,7896.0
2025-08-06T15:56:38,3.29,3.3,3.29,3.29,1599.0
2025-08-06T15:56:39,3.3,3.31,3.3,3.31,1068.0
2025-08-06T15:56:40,3.3,3.3,3.3,3.3,2050.0
2025-08-06T15:56:41,3.31,3.31,3.31,3.31,897.0
2025-08-06T15:56:42,3.32,3.32,3.315,3.32,1000.0
2025-08-06T15:56:43,3.32,3.32,3.32,3.32,2074.0
2025-08-06T15:56:44,3.319,3.319,3.315,3.315,1055.0
2025-08-06T15:56:45,3.32,3.32,3.32,3.32,2094.0
2025-08-06T15:56:46,3.3199,3.32,3.3199,3.32,409.0
2025-08-06T15:56:48,3.315,3.32,3.27,3.27,27737.0
2025-08-06T15:56:49,3.28,3.28,3.28,3.28,2000.0
2025-08-06T15:56:50,3.27,3.27,3.27,3.27,1150.0
2025-08-06T15:56:52,3.275,3.275,3.2711,3.2711,330.0
2025-08-06T15:56:53,3.2707,3.275,3.2707,3.275,1100.0
2025-08-06T15:56:56,3.28,3.28,3.28,3.28,120.0
2025-08-06T15:56:57,3.27,3.27,3.27,3.27,550.0
2025-08-06T15:56:58,3.28,3.29,3.28,3.29,1132.0
2025-08-06T15:56:59,3.29,3.2987,3.2815,3.2987,2000.0
2025-08-06T15:57:00,3.3,3.3,3.3,3.3,530.0
2025-08-06T15:57:02,3.3,3.31,3.3,3.31,1013.0
2025-08-06T15:57:03,3.32,3.32,3.32,3.32,613.0
2025-08-06T15:57:04,3.31,3.33,3.31,3.33,3008.0
2025-08-06T15:57:05,3.33,3.33,3.31,3.31,9420.0
2025-08-06T15:57:06,3.32,3.32,3.3198,3.3198,323.0
2025-08-06T15:57:07,3.32,3.32,3.32,3.32,210.0
2025-08-06T15:57:08,3.32,3.32,3.32,3.32,713.0
2025-08-06T15:57:12,3.33,3.33,3.33,3.33,500.0
2025-08-06T15:57:13,3.33,3.34,3.33,3.34,18122.0
2025-08-06T15:57:15,3.335,3.335,3.335,3.335,1660.0
2025-08-06T15:57:16,3.3389,3.3389,3.3389,3.3389,120.0
2025-08-06T15:57:17,3.33,3.33,3.33,3.33,150.0
2025-08-06T15:57:18,3.3347,3.34,3.3347,3.34,5252.0
2025-08-06T15:57:19,3.3307,3.34,3.3301,3.34,1175.0
2025-08-06T15:57:20,3.3365,3.34,3.3365,3.34,254.0
2025-08-06T15:57:21,3.34,3.34,3.34,3.34,2061.0
2025-08-06T15:57:22,3.34,3.34,3.34,3.34,143.0
2025-08-06T15:57:24,3.345,3.35,3.34,3.35,3999.0
2025-08-06T15:57:25,3.34,3.345,3.34,3.345,611.0
2025-08-06T15:57:26,3.345,3.35,3.345,3.35,6750.0
2025-08-06T15:57:28,3.35,3.35,3.349,3.349,329.0
2025-08-06T15:57:29,3.35,3.35,3.3401,3.3401,210.0
2025-08-06T15:57:30,3.35,3.35,3.3491,3.3491,688.0
2025-08-06T15:57:31,3.34,3.3447,3.34,3.3447,8560.0
2025-08-06T15:57:32,3.3454,3.3454,3.3454,3.3454,100.0
2025-08-06T15:57:33,3.345,3.345,3.345,3.345,1052.0
2025-08-06T15:57:37,3.3499,3.3499,3.3499,3.3499,126.0
2025-08-06T15:57:39,3.345,3.3499,3.345,3.3499,1300.0
2025-08-06T15:57:40,3.3497,3.35,3.34,3.345,8264.0
2025-08-06T15:57:42,3.345,3.345,3.34,3.3401,1618.0
2025-08-06T15:57:43,3.345,3.35,3.345,3.35,243.0
2025-08-06T15:57:44,3.345,3.35,3.32,3.33,9670.0
2025-08-06T15:57:45,3.33,3.33,3.33,3.33,196.0
2025-08-06T15:57:46,3.325,3.325,3.325,3.325,228.0
2025-08-06T15:57:47,3.33,3.33,3.33,3.33,917.0
2025-08-06T15:57:48,3.33,3.34,3.33,3.34,1919.0
2025-08-06T15:57:49,3.325,3.3295,3.32,3.32,7865.0
2025-08-06T15:57:52,3.322,3.325,3.322,3.325,1129.0
2025-08-06T15:57:53,3.325,3.33,3.32,3.33,3851.0
2025-08-06T15:57:54,3.32,3.33,3.32,3.33,200.0
2025-08-06T15:57:55,3.32,3.33,3.32,3.33,248.0
2025-08-06T15:57:57,3.32,3.33,3.32,3.33,250.0
2025-08-06T15:57:59,3.32,3.33,3.32,3.33,5206.0
2025-08-06T15:58:00,3.32,3.325,3.32,3.325,800.0
2025-08-06T15:58:01,3.32,3.33,3.32,3.33,917.0
2025-08-06T15:58:02,3.33,3.33,3.32,3.32,2119.0
2025-08-06T15:58:05,3.33,3.33,3.33,3.33,3305.0
2025-08-06T15:58:10,3.3201,3.3201,3.3201,3.3201,110.0
2025-08-06T15:58:11,3.33,3.33,3.32,3.33,1910.0
2025-08-06T15:58:12,3.33,3.33,3.33,3.33,444.0
2025-08-06T15:58:14,3.3293,3.3293,3.3293,3.3293,500.0
2025-08-06T15:58:16,3.32,3.33,3.32,3.33,11209.0
2025-08-06T15:58:18,3.32,3.32,3.32,3.32,5235.0
2025-08-06T15:58:19,3.32,3.32,3.32,3.32,500.0
2025-08-06T15:58:21,3.32,3.32,3.32,3.32,2712.0
2025-08-06T15:58:22,3.315,3.315,3.315,3.315,990.0
2025-08-06T15:58:23,3.3197,3.3197,3.3197,3.3197,122.0
2025-08-06T15:58:24,3.315,3.315,3.31,3.31,5130.0
2025-08-06T15:58:25,3.3145,3.3145,3.3145,3.3145,100.0
2025-08-06T15:58:26,3.315,3.315,3.3107,3.3107,4500.0
2025-08-06T15:58:27,3.313,3.32,3.31,3.32,1763.0
2025-08-06T15:58:28,3.305,3.38,3.28,3.375,44984.0
2025-08-06T15:58:29,3.37,3.375,3.36,3.36,1953.0
2025-08-06T15:58:30,3.37,3.37,3.36,3.36,310.0
2025-08-06T15:58:31,3.365,3.37,3.34,3.34,3224.0
2025-08-06T15:58:33,3.3499,3.3499,3.3495,3.3495,3071.0
2025-08-06T15:58:34,3.3407,3.35,3.32,3.33,12739.0
2025-08-06T15:58:35,3.34,3.34,3.34,3.34,101.0
2025-08-06T15:58:36,3.335,3.335,3.3201,3.3201,1154.0
2025-08-06T15:58:38,3.325,3.33,3.325,3.33,5075.0
2025-08-06T15:58:40,3.325,3.325,3.325,3.325,400.0
2025-08-06T15:58:41,3.3255,3.3255,3.3255,3.3255,200.0
2025-08-06T15:58:42,3.325,3.325,3.325,3.325,397.0
2025-08-06T15:58:44,3.33,3.34,3.33,3.34,1890.0
2025-08-06T15:58:45,3.335,3.335,3.335,3.335,100.0
2025-08-06T15:58:47,3.34,3.34,3.34,3.34,886.0
2025-08-06T15:58:48,3.335,3.335,3.335,3.335,1012.0
2025-08-06T15:58:49,3.3301,3.335,3.3301,3.335,2031.0
2025-08-06T15:58:50,3.34,3.34,3.34,3.34,229.0
2025-08-06T15:58:51,3.34,3.34,3.34,3.34,307.0
2025-08-06T15:58:52,3.35,3.35,3.34,3.34,325.0
2025-08-06T15:58:53,3.345,3.35,3.32,3.349,7037.0
2025-08-06T15:58:54,3.325,3.325,3.325,3.325,1044.0
2025-08-06T15:58:55,3.33,3.34,3.33,3.34,832.0
2025-08-06T15:58:56,3.34,3.34,3.34,3.34,1728.0
2025-08-06T15:58:57,3.345,3.35,3.345,3.35,563.0
2025-08-06T15:58:58,3.35,3.36,3.35,3.36,3373.0
2025-08-06T15:58:59,3.355,3.36,3.35,3.35,3300.0
2025-08-06T15:59:00,3.36,3.36,3.35,3.35,596.0
2025-08-06T15:59:01,3.35,3.36,3.35,3.36,3538.0
2025-08-06T15:59:02,3.355,3.36,3.33,3.337,4144.0
2025-08-06T15:59:03,3.33,3.3345,3.32,3.3345,1694.0
2025-08-06T15:59:04,3.329,3.329,3.329,3.329,663.0
2025-08-06T15:59:05,3.32,3.329,3.32,3.3201,1033.0
2025-08-06T15:59:06,3.3289,3.3289,3.32,3.3247,4099.0
2025-08-06T15:59:08,3.3201,3.3201,3.31,3.32,3699.0
2025-08-06T15:59:15,3.31,3.31,3.31,3.31,110.0
2025-08-06T15:59:16,3.31,3.32,3.26,3.2683,15665.0
2025-08-06T15:59:17,3.265,3.2653,3.26,3.2653,6692.0
2025-08-06T15:59:18,3.27,3.27,3.27,3.27,210.0
2025-08-06T15:59:19,3.26,3.27,3.25,3.25,5216.0
2025-08-06T15:59:20,3.25,3.25,3.21,3.22,7394.0
2025-08-06T15:59:21,3.21,3.21,3.21,3.21,175.0
2025-08-06T15:59:23,3.2283,3.2283,3.2283,3.2283,200.0
2025-08-06T15:59:24,3.225,3.2299,3.225,3.2299,634.0
2025-08-06T15:59:25,3.22,3.24,3.22,3.24,3600.0
2025-08-06T15:59:26,3.23,3.25,3.23,3.25,1267.0
2025-08-06T15:59:27,3.245,3.245,3.245,3.245,250.0
2025-08-06T15:59:30,3.24,3.25,3.24,3.25,2104.0
2025-08-06T15:59:31,3.23,3.24,3.23,3.2397,597.0
2025-08-06T15:59:32,3.235,3.24,3.235,3.24,732.0
2025-08-06T15:59:33,3.24,3.24,3.24,3.24,657.0
2025-08-06T15:59:34,3.245,3.25,3.245,3.25,759.0
2025-08-06T15:59:35,3.25,3.25,3.25,3.25,1600.0
2025-08-06T15:59:36,3.25,3.25,3.25,3.25,1590.0
2025-08-06T15:59:37,3.26,3.26,3.255,3.26,1709.0
2025-08-06T15:59:38,3.255,3.26,3.255,3.26,825.0
2025-08-06T15:59:39,3.26,3.27,3.26,3.26,5664.0
2025-08-06T15:59:41,3.26,3.27,3.26,3.27,10802.0
2025-08-06T15:59:42,3.2607,3.27,3.2607,3.27,1622.0
2025-08-06T15:59:43,3.265,3.27,3.265,3.27,1008.0
2025-08-06T15:59:44,3.265,3.27,3.265,3.27,256.0
2025-08-06T15:59:45,3.2654,3.27,3.265,3.265,1558.0
2025-08-06T15:59:46,3.27,3.27,3.27,3.27,2689.0
2025-08-06T15:59:47,3.27,3.275,3.27,3.2701,387.0
2025-08-06T15:59:48,3.265,3.28,3.265,3.28,1986.0
2025-08-06T15:59:49,3.28,3.28,3.2746,3.2746,3298.0
2025-08-06T15:59:50,3.28,3.28,3.28,3.28,828.0
2025-08-06T15:59:51,3.28,3.3,3.27,3.2878,8210.0
2025-08-06T15:59:52,3.2899,3.29,3.27,3.27,5220.0
2025-08-06T15:59:54,3.27,3.27,3.27,3.27,1576.0
2025-08-06T15:59:56,3.275,3.28,3.275,3.28,754.0
2025-08-06T15:59:57,3.29,3.3,3.26,3.3,9164.0
2025-08-06T15:59:58,3.2737,3.2744,3.26,3.26,1543.0
2025-08-06T15:59:59,3.26,3.29,3.25,3.25,26614.0
2025-08-07T09:30:00,2.95,2.95,2.9,2.9,21941.0
2025-08-07T09:30:01,2.91,2.91,2.91,2.91,900.0
2025-08-07T09:30:06,2.9,2.9,2.9,2.9,3424.0
2025-08-07T09:30:07,2.9001,2.9001,2.9001,2.9001,164.0
2025-08-07T09:30:08,2.91,2.91,2.9,2.9,364.0
2025-08-07T09:30:10,2.91,2.91,2.91,2.91,5377.0
2025-08-07T09:30:13,2.94,2.94,2.94,2.94,3057.0
2025-08-07T09:30:15,2.9,2.9,2.9,2.9,195.0
2025-08-07T09:30:18,2.94,2.94,2.94,2.94,590.0
2025-08-07T09:30:21,2.9,2.9,2.9,2.9,750.0
2025-08-07T09:30:22,2.939,2.939,2.92,2.92,1275.0
2025-08-07T09:30:24,2.91,2.91,2.91,2.91,120.0
2025-08-07T09:30:27,2.9056,2.9056,2.9056,2.9056,265.0
2025-08-07T09:30:28,2.9,2.9,2.9,2.9,167.0
2025-08-07T09:30:36,2.92,2.92,2.9001,2.9001,1151.0
2025-08-07T09:30:44,2.9,2.9,2.9,2.9,417.0
2025-08-07T09:30:54,2.93,2.93,2.93,2.93,300.0
2025-08-07T09:30:58,2.91,2.91,2.91,2.91,140.0
2025-08-07T09:31:02,2.9,2.9,2.9,2.9,150.0
2025-08-07T09:31:31,2.914,2.914,2.91,2.91,1954.0
2025-08-07T09:31:40,2.9396,2.9396,2.9396,2.9396,145.0
2025-08-07T09:31:44,2.91,2.91,2.9001,2.9001,340.0
2025-08-07T09:31:51,2.939,2.939,2.939,2.939,864.0
2025-08-07T09:31:52,2.9,2.9,2.9,2.9,1163.0
2025-08-07T09:31:54,2.9099,2.9099,2.9099,2.9099,189.0
2025-08-07T09:31:59,2.91,2.91,2.9,2.9,296.0
2025-08-07T09:32:11,2.9103,2.9103,2.9103,2.9103,106.0
2025-08-07T09:32:13,2.9128,2.9128,2.9128,2.9128,1300.0
2025-08-07T09:32:21,2.9102,2.9102,2.9102,2.9102,279.0
2025-08-07T09:32:24,2.9101,2.9101,2.9101,2.9101,130.0
2025-08-07T09:32:27,2.9101,2.9101,2.9101,2.9101,500.0
2025-08-07T09:32:34,2.9102,2.9102,2.9102,2.9102,201.0
2025-08-07T09:32:35,2.937,2.937,2.937,2.937,302.0
2025-08-07T09:32:37,2.9295,2.9295,2.9295,2.9295,650.0
2025-08-07T09:32:40,2.925,2.925,2.925,2.925,201.0
2025-08-07T09:32:42,2.9102,2.9102,2.9102,2.9102,1321.0
2025-08-07T09:32:44,2.9102,2.9102,2.9102,2.9102,140.0
2025-08-07T09:32:46,2.9103,2.9103,2.9103,2.9103,300.0
2025-08-07T09:32:54,2.91,2.91,2.91,2.91,217.0
2025-08-07T09:33:07,2.9111,2.9111,2.9111,2.9111,149.0
2025-08-07T09:33:08,2.91,2.91,2.91,2.91,326.0
2025-08-07T09:33:13,2.9111,2.9111,2.9111,2.9111,102.0
2025-08-07T09:33:16,2.91,2.91,2.91,2.91,292.0
2025-08-07T09:33:24,2.9102,2.9102,2.9102,2.9102,600.0
2025-08-07T09:33:25,2.9114,2.92,2.91,2.92,1779.0
2025-08-07T09:33:27,2.9102,2.9102,2.9102,2.9102,410.0
2025-08-07T09:33:32,2.91,2.91,2.91,2.91,236.0
2025-08-07T09:33:36,2.9,2.9,2.9,2.9,223.0
2025-08-07T09:33:38,2.9009,2.91,2.9009,2.91,741.0
2025-08-07T09:33:48,2.91,2.91,2.91,2.91,111.0
2025-08-07T09:33:52,2.9091,2.9091,2.9091,2.9091,270.0
2025-08-07T09:33:54,2.91,2.91,2.91,2.91,224.0
2025-08-07T09:34:06,2.9099,2.9099,2.9099,2.9099,350.0
2025-08-07T09:34:07,2.9,2.9001,2.9,2.9001,1500.0
2025-08-07T09:34:11,2.91,2.91,2.91,2.91,620.0
2025-08-07T09:34:15,2.91,2.91,2.901,2.901,1262.0
2025-08-07T09:34:28,2.91,2.91,2.91,2.91,200.0
2025-08-07T09:34:37,2.9,2.9,2.9,2.9,358.0
2025-08-07T09:34:40,2.9,2.9,2.9,2.9,580.0
2025-08-07T09:34:46,2.9001,2.9001,2.9001,2.9001,2211.0
2025-08-07T09:34:53,2.9,2.9,2.9,2.9,3202.0
2025-08-07T09:34:54,2.9,2.9,2.9,2.9,1060.0
2025-08-07T09:35:13,2.9031,2.9031,2.9031,2.9031,2000.0
2025-08-07T09:35:16,2.9,2.9,2.9,2.9,892.0
2025-08-07T09:35:35,2.9,2.9,2.9,2.9,1220.0
2025-08-07T09:35:46,2.9,2.9,2.9,2.9,116.0
2025-08-07T09:35:53,2.9,2.9,2.9,2.9,405.0
2025-08-07T09:35:55,2.9,2.9,2.9,2.9,300.0
2025-08-07T09:35:56,2.9051,2.9051,2.9051,2.9051,314.0
2025-08-07T09:35:58,2.9,2.9,2.9,2.9,192.0
2025-08-07T09:36:00,2.9054,2.9054,2.9054,2.9054,100.0
2025-08-07T09:36:04,2.9,2.9,2.9,2.9,588.0
2025-08-07T09:36:05,2.9,2.9,2.9,2.9,5638.0
2025-08-07T09:36:06,2.9045,2.9045,2.9045,2.9045,2000.0
2025-08-07T09:36:15,2.9,2.9,2.9,2.9,1475.0
2025-08-07T09:36:17,2.9,2.9,2.9,2.9,291.0
2025-08-07T09:36:27,2.91,2.91,2.91,2.91,5000.0
2025-08-07T09:36:33,2.9099,2.9099,2.9,2.9,5150.0
2025-08-07T09:36:36,2.9,2.9099,2.9,2.9099,7556.0
2025-08-07T09:36:39,2.905,2.905,2.905,2.905,500.0
2025-08-07T09:36:43,2.9007,2.9007,2.9007,2.9007,600.0
2025-08-07T09:36:50,2.9051,2.9085,2.9051,2.9085,625.0
2025-08-07T09:36:56,2.91,2.94,2.91,2.94,7722.0
2025-08-07T09:36:59,2.925,2.925,2.925,2.925,100.0
2025-08-07T09:37:05,2.925,2.925,2.925,2.925,207.0
2025-08-07T09:37:06,2.94,2.99,2.925,2.99,9586.0
2025-08-07T09:37:40,2.96,2.96,2.96,2.96,133.0
2025-08-07T09:37:58,2.96,2.96,2.96,2.96,274.0
2025-08-07T09:39:25,2.9301,2.9301,2.9301,2.9301,264.0
2025-08-07T09:39:29,2.98,2.98,2.98,2.98,2500.0
2025-08-07T09:39:32,2.955,2.955,2.955,2.955,178.0
2025-08-07T09:39:34,2.9305,2.9305,2.9305,2.9305,149.0
2025-08-07T09:39:44,2.95,2.95,2.95,2.95,708.0
2025-08-07T09:39:56,2.957,2.957,2.95,2.95,806.0
2025-08-07T09:40:00,2.95,2.95,2.95,2.95,863.0
2025-08-07T09:40:02,2.9201,2.9201,2.9201,2.9201,400.0
2025-08-07T09:40:11,2.98,2.98,2.98,2.98,500.0
2025-08-07T09:40:14,2.9234,2.9234,2.9234,2.9234,2853.0
2025-08-07T09:40:33,2.9606,2.9606,2.9606,2.9606,200.0
2025-08-07T09:40:52,2.9285,2.9285,2.9285,2.9285,240.0
2025-08-07T09:41:02,2.95,2.95,2.95,2.95,200.0
2025-08-07T09:41:07,2.9321,2.9321,2.9321,2.9321,100.0
2025-08-07T09:41:08,2.9452,2.9452,2.9452,2.9452,1736.0
2025-08-07T09:41:51,2.9275,2.9275,2.9275,2.9275,425.0
2025-08-07T09:41:54,2.95,2.95,2.95,2.95,700.0
2025-08-07T09:42:02,2.9201,2.9201,2.9201,2.9201,200.0
2025-08-07T09:42:18,2.95,2.95,2.95,2.95,855.0
2025-08-07T09:42:36,2.9201,2.9201,2.9201,2.9201,200.0
2025-08-07T09:42:44,2.92,2.93,2.92,2.93,250.0
2025-08-07T09:42:46,2.9203,2.9203,2.9203,2.9203,803.0
2025-08-07T09:42:49,2.9499,2.9499,2.9499,2.9499,625.0
2025-08-07T09:42:52,2.9499,2.9499,2.9499,2.9499,1000.0
2025-08-07T09:43:03,2.93,2.93,2.93,2.93,143.0
2025-08-07T09:43:11,2.94,2.98,2.94,2.95,4447.0
2025-08-07T09:43:21,2.93,2.93,2.93,2.93,251.0
2025-08-07T09:43:42,2.93,2.93,2.93,2.93,111.0
2025-08-07T09:44:03,2.9235,2.9235,2.9235,2.9235,100.0
2025-08-07T09:44:10,2.93,2.93,2.93,2.93,496.0
2025-08-07T09:44:11,2.925,2.925,2.92,2.92,327.0
2025-08-07T09:44:17,2.93,2.93,2.93,2.93,100.0
2025-08-07T09:44:40,2.9201,2.9201,2.9201,2.9201,201.0
2025-08-07T09:44:48,2.92,2.92,2.92,2.92,229.0
2025-08-07T09:44:52,2.92,2.92,2.92,2.92,1887.0
2025-08-07T09:45:03,2.91,2.91,2.91,2.91,190.0
2025-08-07T09:45:05,2.91,2.91,2.91,2.91,190.0
2025-08-07T09:45:08,2.92,2.92,2.92,2.92,11321.0
2025-08-07T09:45:10,2.915,2.915,2.915,2.915,100.0
2025-08-07T09:45:11,2.91,2.92,2.91,2.92,2688.0
2025-08-07T09:45:12,2.9101,2.9101,2.9101,2.9101,200.0
2025-08-07T09:45:15,2.92,2.92,2.92,2.92,295.0
2025-08-07T09:45:25,2.93,2.93,2.93,2.93,1000.0
2025-08-07T09:45:38,2.9101,2.9101,2.91,2.91,657.0
2025-08-07T09:45:52,2.91,2.91,2.91,2.91,160.0
2025-08-07T09:45:56,2.91,2.91,2.91,2.91,100.0
2025-08-07T09:46:04,2.91,2.91,2.91,2.91,100.0
2025-08-07T09:46:05,2.9101,2.9101,2.9101,2.9101,200.0
2025-08-07T09:46:21,2.91,2.91,2.91,2.91,5583.0
2025-08-07T09:46:36,2.9114,2.9114,2.9114,2.9114,305.0
2025-08-07T09:46:39,2.92,2.92,2.91,2.91,628.0
2025-08-07T09:46:46,2.9154,2.9154,2.9154,2.9154,925.0
2025-08-07T09:46:47,2.91,2.91,2.91,2.91,100.0
2025-08-07T09:47:09,2.906294,2.906294,2.906294,2.906294,2000.0
2025-08-07T09:47:14,2.9007,2.9007,2.9007,2.9007,990.0
2025-08-07T09:47:19,2.9,2.9,2.9,2.9,2219.0
2025-08-07T09:47:29,2.9051,2.9051,2.9051,2.9051,100.0
2025-08-07T09:47:44,2.9001,2.9001,2.9001,2.9001,2000.0
2025-08-07T09:47:48,2.9045,2.9045,2.9045,2.9045,500.0
2025-08-07T09:48:04,2.905,2.905,2.905,2.905,200.0
2025-08-07T09:48:06,2.9,2.9,2.9,2.9,600.0
2025-08-07T09:48:11,2.9,2.9,2.9,2.9,506.0
2025-08-07T09:48:17,2.9007,2.9007,2.9007,2.9007,500.0
2025-08-07T09:48:22,2.9001,2.9001,2.9001,2.9001,206.0
2025-08-07T09:48:23,2.9,2.9,2.9,2.9,400.0
2025-08-07T09:48:26,2.9,2.9,2.9,2.9,900.0
2025-08-07T09:48:32,2.9,2.9,2.9,2.9,150.0
2025-08-07T09:48:35,2.9,2.9,2.9,2.9,1000.0
2025-08-07T09:48:42,2.9,2.9,2.9,2.9,798.0
2025-08-07T09:48:43,2.9001,2.9001,2.9001,2.9001,200.0
2025-08-07T09:48:52,2.9,2.9,2.9,2.9,200.0
2025-08-07T09:48:56,2.9007,2.9007,2.9007,2.9007,474.0
2025-08-07T09:48:57,2.9005,2.9005,2.9005,2.9005,5619.0
2025-08-07T09:49:13,2.9001,2.91,2.9,2.9,2239.0
2025-08-07T09:49:17,2.905,2.91,2.9,2.9,3000.0
2025-08-07T09:49:18,2.9,2.9,2.9,2.9,7069.0
2025-08-07T09:49:23,2.9099,2.9099,2.9099,2.9099,700.0
2025-08-07T09:49:28,2.9,2.9,2.9,2.9,300.0
2025-08-07T09:49:54,2.9,2.9,2.9,2.9,109.0
2025-08-07T09:50:02,2.9,2.9,2.9,2.9,178.0
2025-08-07T09:50:03,2.905,2.905,2.905,2.905,133.0
2025-08-07T09:50:07,2.905,2.9394,2.905,2.9394,14972.0
2025-08-07T09:50:11,2.92,2.92,2.92,2.92,500.0
2025-08-07T09:50:19,2.94,2.94,2.94,2.94,411.0
2025-08-07T09:50:31,2.9101,2.9101,2.9101,2.9101,148.0
2025-08-07T09:50:53,2.93,2.93,2.93,2.93,197.0
2025-08-07T09:51:02,2.916,2.916,2.916,2.916,301.0
2025-08-07T09:51:05,2.9201,2.9201,2.9201,2.9201,100.0
2025-08-07T09:51:29,2.9104,2.9104,2.9104,2.9104,1234.0
2025-08-07T09:51:42,2.925,2.925,2.925,2.925,250.0
2025-08-07T09:51:43,2.925,2.925,2.925,2.925,500.0
2025-08-07T09:52:14,2.925,2.925,2.92,2.92,1329.0
2025-08-07T09:52:22,2.92,2.92,2.92,2.92,400.0
2025-08-07T09:52:33,2.92,2.92,2.92,2.92,250.0
2025-08-07T09:52:35,2.92,2.92,2.92,2.92,101.0
2025-08-07T09:52:47,2.9101,2.915,2.91,2.91,2538.0
2025-08-07T09:53:03,2.9162,2.9162,2.9162,2.9162,150.0
2025-08-07T09:53:41,2.91,2.91,2.91,2.91,1121.0
2025-08-07T09:53:44,2.91,2.91,2.91,2.91,278.0
2025-08-07T09:53:45,2.91,2.91,2.91,2.91,100.0
2025-08-07T09:55:03,2.91,2.91,2.91,2.91,463.0
2025-08-07T09:55:09,2.9191,2.9191,2.9191,2.9191,100.0
2025-08-07T09:55:16,2.91,2.91,2.91,2.91,199.0
2025-08-07T09:55:31,2.9192,2.9192,2.9105,2.9105,1500.0
2025-08-07T09:55:32,2.915,2.915,2.915,2.915,100.0
2025-08-07T09:55:41,2.91,2.91,2.9,2.9001,7395.0
2025-08-07T09:55:42,2.9001,2.9001,2.9001,2.9001,100.0
2025-08-07T09:55:46,2.91,2.92,2.91,2.92,1292.0
2025-08-07T09:55:59,2.91,2.91,2.91,2.91,100.0
2025-08-07T09:56:02,2.91,2.91,2.91,2.91,307.0
2025-08-07T09:56:04,2.9001,2.9001,2.9001,2.9001,100.0
2025-08-07T09:56:13,2.91,2.91,2.91,2.91,100.0
2025-08-07T09:56:24,2.91,2.91,2.91,2.91,100.0
2025-08-07T09:56:29,2.91,2.91,2.91,2.91,100.0
2025-08-07T09:56:39,2.9001,2.9001,2.9001,2.9001,189.0
2025-08-07T09:56:56,2.9003,2.9003,2.9003,2.9003,173.0
2025-08-07T09:57:19,2.9,2.9,2.9,2.9,655.0
2025-08-07T09:57:37,2.9001,2.9001,2.9001,2.9001,2000.0
2025-08-07T09:57:38,2.9093,2.9093,2.9093,2.9093,251.0
2025-08-07T09:57:49,2.905,2.9092,2.905,2.9092,272.0
2025-08-07T09:57:51,2.9,2.9,2.9,2.9,100.0
2025-08-07T09:57:59,2.9001,2.9001,2.9001,2.9001,200.0
2025-08-07T09:58:01,2.9051,2.9051,2.9051,2.9051,635.0
2025-08-07T09:58:06,2.9,2.9,2.9,2.9,274.0
2025-08-07T09:58:40,2.9001,2.9001,2.9001,2.9001,200.0
2025-08-07T09:58:41,2.905,2.905,2.905,2.905,212.0
2025-08-07T09:58:55,2.9,2.9,2.9,2.9,150.0
2025-08-07T09:58:56,2.9,2.9,2.9,2.9,128.0
2025-08-07T09:59:34,2.9,2.9,2.9,2.9,1565.0
2025-08-07T09:59:43,2.905,2.905,2.905,2.905,103.0
2025-08-07T10:00:02,2.9,2.9,2.9,2.9,1500.0
2025-08-07T10:00:07,2.9,2.9,2.9,2.9,100.0
2025-08-07T10:00:11,2.909,2.92,2.909,2.92,4637.0
2025-08-07T10:00:12,2.92,2.92,2.92,2.92,1122.0
2025-08-07T10:00:14,2.93,2.93,2.93,2.93,500.0
2025-08-07T10:00:17,2.93,2.93,2.93,2.93,500.0
2025-08-07T10:00:22,2.93,2.93,2.93,2.93,200.0
2025-08-07T10:00:31,2.93,2.93,2.93,2.93,600.0
2025-08-07T10:00:40,2.93,2.97,2.93,2.97,1000.0
2025-08-07T10:00:57,2.9382,2.9382,2.9382,2.9382,370.0
2025-08-07T10:01:09,2.93,2.93,2.93,2.93,3000.0
2025-08-07T10:01:11,2.94,2.94,2.94,2.94,200.0
2025-08-07T10:01:25,2.95,2.95,2.95,2.95,238.0
2025-08-07T10:02:21,2.95,2.95,2.95,2.95,100.0
2025-08-07T10:02:23,2.9725,2.9725,2.9725,2.9725,2056.0
2025-08-07T10:02:38,2.9363,2.9363,2.9363,2.9363,121.0
2025-08-07T10:02:40,2.94,2.94,2.94,2.94,179.0
2025-08-07T10:02:58,2.9117,2.9117,2.9117,2.9117,130.0
2025-08-07T10:03:27,2.95,2.95,2.95,2.95,100.0
2025-08-07T10:03:30,2.95,2.95,2.95,2.95,100.0
2025-08-07T10:03:43,2.9334,2.9334,2.9334,2.9334,339.0
2025-08-07T10:04:38,2.93,2.93,2.93,2.93,419.0
2025-08-07T10:04:43,2.93,2.93,2.93,2.93,557.0
2025-08-07T10:04:50,2.945,2.945,2.945,2.945,100.0
2025-08-07T10:04:56,2.95,2.95,2.95,2.95,100.0
2025-08-07T10:05:00,2.95,2.95,2.95,2.95,100.0
2025-08-07T10:05:11,2.9201,2.9201,2.9201,2.9201,800.0
2025-08-07T10:05:20,2.9201,2.9201,2.9201,2.9201,800.0
2025-08-07T10:05:25,2.9201,2.9201,2.9201,2.9201,800.0
2025-08-07T10:05:28,2.9282,2.9282,2.9282,2.9282,173.0
2025-08-07T10:05:31,2.9201,2.9201,2.9201,2.9201,1741.0
2025-08-07T10:05:44,2.92,2.92,2.92,2.92,320.0
2025-08-07T10:05:52,2.9104,2.9104,2.9104,2.9104,250.0
2025-08-07T10:06:06,2.9499,2.9499,2.9499,2.9499,1000.0
2025-08-07T10:06:08,2.9101,2.9101,2.9101,2.9101,1000.0
2025-08-07T10:06:22,2.9101,2.9101,2.9101,2.9101,110.0
2025-08-07T10:07:11,2.9167,2.9167,2.9167,2.9167,288.0
2025-08-07T10:07:22,2.9395,2.9395,2.9395,2.9395,100.0
2025-08-07T10:07:35,2.93,2.93,2.93,2.93,100.0
2025-08-07T10:07:47,2.93,2.93,2.93,2.93,100.0
2025-08-07T10:07:48,2.9275,2.9275,2.9275,2.9275,1000.0
2025-08-07T10:07:55,2.9254,2.9254,2.9254,2.9254,1143.0
2025-08-07T10:07:58,2.9265,2.9265,2.9265,2.9265,300.0
2025-08-07T10:08:05,2.9211,2.9211,2.9211,2.9211,106.0
2025-08-07T10:08:07,2.93,2.93,2.93,2.93,198.0
2025-08-07T10:08:15,2.9234,2.9234,2.9234,2.9234,100.0
2025-08-07T10:08:27,2.93,2.93,2.93,2.93,1520.0
2025-08-07T10:08:35,2.93,2.93,2.93,2.93,645.0
2025-08-07T10:08:44,2.94,2.95,2.94,2.95,775.0
2025-08-07T10:09:01,2.94,2.94,2.94,2.94,500.0
2025-08-07T10:09:20,2.932,2.932,2.932,2.932,145.0
2025-08-07T10:09:45,2.9323,2.9323,2.9323,2.9323,100.0
2025-08-07T10:09:51,2.9408,2.9408,2.9408,2.9408,750.0
2025-08-07T10:10:10,2.93,2.93,2.93,2.93,1083.0
2025-08-07T10:10:26,2.94,2.94,2.94,2.94,232.0
2025-08-07T10:10:45,2.93,2.93,2.9,2.92,8704.0
2025-08-07T10:11:00,2.94,2.94,2.94,2.94,120.0
2025-08-07T10:11:03,2.91,2.91,2.9001,2.9001,5607.0
2025-08-07T10:11:11,2.92,2.92,2.92,2.92,100.0
2025-08-07T10:11:13,2.9201,2.9201,2.9201,2.9201,240.0
2025-08-07T10:11:18,2.9001,2.9001,2.9001,2.9001,503.0
2025-08-07T10:11:36,2.9161,2.9161,2.9161,2.9161,300.0
2025-08-07T10:12:41,2.915,2.915,2.915,2.915,500.0
2025-08-07T10:12:47,2.91,2.91,2.91,2.91,148.0
2025-08-07T10:13:07,2.93,2.93,2.93,2.93,701.0
2025-08-07T10:13:16,2.92,2.92,2.92,2.92,100.0
2025-08-07T10:14:00,2.9396,2.9396,2.9396,2.9396,700.0
2025-08-07T10:14:01,2.9216,2.9216,2.9,2.9,962.0
2025-08-07T10:14:11,2.911472,2.911472,2.911472,2.911472,2300.0
2025-08-07T10:14:30,2.9,2.9,2.9,2.9,219.0
2025-08-07T10:15:13,2.903,2.903,2.903,2.903,1000.0
2025-08-07T10:15:19,2.93,2.93,2.93,2.93,193.0
2025-08-07T10:15:46,2.94,2.94,2.94,2.94,655.0
2025-08-07T10:15:49,2.93,2.93,2.93,2.93,1385.0
2025-08-07T10:15:53,2.93,2.93,2.93,2.93,160.0
2025-08-07T10:16:10,2.93,2.93,2.93,2.93,171.0
2025-08-07T10:17:57,2.93,2.93,2.93,2.93,174.0
2025-08-07T10:18:26,2.94,2.94,2.94,2.94,100.0
2025-08-07T10:18:38,2.9488,2.95,2.94,2.95,5344.0
2025-08-07T10:18:39,2.97,2.98,2.97,2.98,3873.0
2025-08-07T10:18:49,2.93,2.93,2.93,2.93,300.0
2025-08-07T10:19:09,2.9403,2.9403,2.9403,2.9403,400.0
2025-08-07T10:19:26,2.95,2.95,2.95,2.95,1057.0
2025-08-07T10:19:48,2.9207,2.9207,2.9207,2.9207,250.0
2025-08-07T10:20:07,2.9501,2.9501,2.9501,2.9501,100.0
2025-08-07T10:20:09,2.965,2.98,2.965,2.97,2992.0
2025-08-07T10:20:13,2.9529,2.9529,2.9529,2.9529,350.0
2025-08-07T10:20:28,2.96,2.97,2.9506,2.97,1566.0
2025-08-07T10:20:38,2.9788,2.9788,2.9788,2.9788,1002.0
2025-08-07T10:20:42,2.98,3.0,2.98,3.0,3790.0
2025-08-07T10:20:44,2.99,2.99,2.99,2.99,100.0
2025-08-07T10:20:51,2.9892,2.9892,2.9892,2.9892,100.0
2025-08-07T10:20:55,2.99,2.99,2.99,2.99,500.0
2025-08-07T10:20:56,2.99,2.9988,2.99,2.9988,2600.0
2025-08-07T10:21:01,3.0,3.06,3.0,3.06,11754.0
2025-08-07T10:21:03,3.015,3.015,3.015,3.015,100.0
2025-08-07T10:21:06,3.06,3.06,3.06,3.06,450.0
2025-08-07T10:21:14,3.035,3.035,3.035,3.035,100.0
2025-08-07T10:21:15,3.0599,3.0599,3.0599,3.0599,1213.0
2025-08-07T10:21:17,3.06,3.06,3.06,3.06,2001.0
2025-08-07T10:21:22,3.045,3.045,3.045,3.045,300.0
2025-08-07T10:21:23,3.0596,3.0596,3.0596,3.0596,3500.0
2025-08-07T10:21:27,3.05,3.05,3.05,3.05,105.0
2025-08-07T10:21:34,3.05,3.05,3.05,3.05,295.0
2025-08-07T10:21:56,3.0596,3.0596,3.0596,3.0596,100.0
2025-08-07T10:22:01,3.05,3.05,3.05,3.05,1038.0
2025-08-07T10:22:13,3.0536,3.0536,3.0536,3.0536,100.0
2025-08-07T10:22:14,3.045,3.045,3.045,3.045,1084.0
2025-08-07T10:22:15,3.045,3.06,3.045,3.06,500.0
2025-08-07T10:22:20,3.06,3.06,3.06,3.06,5620.0
2025-08-07T10:22:27,3.0993,3.0993,3.0993,3.0993,100.0
2025-08-07T10:22:31,3.08,3.18,3.08,3.16,20977.0
2025-08-07T10:22:36,3.14,3.14,3.14,3.14,502.0
2025-08-07T10:22:43,3.09,3.17,3.09,3.09,1000.0
2025-08-07T10:22:45,3.14,3.14,3.14,3.14,100.0
2025-08-07T10:22:47,3.17,3.17,3.17,3.17,505.0
2025-08-07T10:22:50,3.17,3.17,3.0845,3.0845,2010.0
2025-08-07T10:22:56,3.17,3.17,3.17,3.17,240.0
2025-08-07T10:22:57,3.1832,3.2,3.1832,3.2,8650.0
2025-08-07T10:23:00,3.1232,3.1232,3.1232,3.1232,100.0
2025-08-07T10:23:02,3.17,3.17,3.17,3.17,160.0
2025-08-07T10:23:03,3.17,3.17,3.17,3.17,315.0
2025-08-07T10:23:15,3.18,3.18,3.18,3.18,100.0
2025-08-07T10:23:21,3.17,3.17,3.17,3.17,150.0
2025-08-07T10:23:24,3.1756,3.1756,3.1756,3.1756,1010.0
2025-08-07T10:23:25,3.17,3.17,3.17,3.17,100.0
2025-08-07T10:23:27,3.15,3.15,3.15,3.15,150.0
2025-08-07T10:23:28,3.1736,3.1772,3.1736,3.1772,2743.0
2025-08-07T10:23:30,3.17,3.17,3.17,3.17,2150.0
2025-08-07T10:23:34,3.17,3.17,3.17,3.17,100.0
2025-08-07T10:23:45,3.17,3.17,3.17,3.17,242.0
2025-08-07T10:23:46,3.14,3.17,3.14,3.17,650.0
2025-08-07T10:23:47,3.17,3.17,3.12,3.131,1783.0
2025-08-07T10:23:54,3.08,3.08,3.051,3.051,1000.0
2025-08-07T10:23:57,3.0885,3.0885,3.0885,3.0885,2010.0
2025-08-07T10:24:06,3.118,3.118,3.118,3.118,300.0
2025-08-07T10:24:12,3.09,3.09,3.09,3.09,105.0
2025-08-07T10:24:18,3.085,3.085,3.085,3.085,250.0
2025-08-07T10:24:25,3.0885,3.0885,3.0885,3.0885,2000.0
2025-08-07T10:24:42,3.083,3.083,3.083,3.083,1000.0
2025-08-07T10:24:50,3.08,3.08,3.08,3.08,7008.0
2025-08-07T10:24:52,3.06,3.06,3.0506,3.0506,1000.0
2025-08-07T10:24:54,3.08,3.08,3.08,3.08,1000.0
2025-08-07T10:24:56,3.097,3.097,3.097,3.097,220.0
2025-08-07T10:25:10,3.085,3.085,3.0612,3.0612,200.0
2025-08-07T10:25:23,3.085,3.085,3.085,3.085,2000.0
2025-08-07T10:25:43,3.0699,3.0699,3.0699,3.0699,2000.0
2025-08-07T10:25:47,3.065,3.065,3.065,3.065,700.0
2025-08-07T10:26:01,3.085,3.085,3.085,3.085,1000.0
2025-08-07T10:26:22,3.06,3.06,3.06,3.06,136.0
2025-08-07T10:27:26,3.0995,3.0995,3.0995,3.0995,500.0
2025-08-07T10:27:30,3.08,3.08,3.08,3.08,150.0
2025-08-07T10:27:37,3.0501,3.0501,3.0501,3.0501,1000.0
2025-08-07T10:28:09,3.065,3.065,3.065,3.065,900.0
2025-08-07T10:28:23,3.06,3.06,3.05,3.05,519.0
2025-08-07T10:28:38,3.09,3.1,3.09,3.1,4123.0
2025-08-07T10:29:36,3.0406,3.0406,3.0406,3.0406,350.0
2025-08-07T10:30:32,3.075,3.075,3.075,3.075,500.0
2025-08-07T10:30:51,3.075,3.075,3.075,3.075,300.0
2025-08-07T10:31:52,3.065,3.065,3.065,3.065,500.0
2025-08-07T10:31:59,3.065,3.065,3.05,3.05,8685.0
2025-08-07T10:32:03,3.05,3.05,3.05,3.05,100.0
2025-08-07T10:32:07,3.0651,3.0651,3.0651,3.0651,400.0
2025-08-07T10:32:19,3.065,3.065,3.065,3.065,500.0
2025-08-07T10:32:22,3.065,3.065,3.065,3.065,100.0
2025-08-07T10:32:41,3.0508,3.0508,3.0508,3.0508,2000.0
2025-08-07T10:32:42,3.065,3.065,3.065,3.065,500.0
2025-08-07T10:33:07,3.065,3.065,3.065,3.065,600.0
2025-08-07T10:33:33,3.065,3.065,3.065,3.065,500.0
2025-08-07T10:33:58,3.0501,3.0501,3.0501,3.0501,1057.0
2025-08-07T10:34:01,3.0515,3.0515,3.0515,3.0515,110.0
2025-08-07T10:34:03,3.0503,3.0503,3.0503,3.0503,140.0
2025-08-07T10:35:11,3.08,3.12,3.08,3.095,4300.0
2025-08-07T10:35:22,3.095,3.095,3.095,3.095,500.0
2025-08-07T10:35:28,3.1293,3.1293,3.1293,3.1293,115.0
2025-08-07T10:35:38,3.09,3.09,3.09,3.09,100.0
2025-08-07T10:35:44,3.06,3.06,3.06,3.06,500.0
2025-08-07T10:36:59,3.1148,3.1148,3.1148,3.1148,1000.0
2025-08-07T10:37:05,3.06,3.06,3.06,3.06,600.0
2025-08-07T10:37:24,3.0507,3.0507,3.0507,3.0507,191.0
2025-08-07T10:37:27,3.085,3.085,3.085,3.085,211.0
2025-08-07T10:37:57,3.06,3.06,3.06,3.06,741.0
2025-08-07T10:38:03,3.07,3.07,3.07,3.07,500.0
2025-08-07T10:38:25,3.0711,3.0711,3.0711,3.0711,100.0
2025-08-07T10:38:26,3.0999,3.0999,3.0999,3.0999,180.0
2025-08-07T10:38:57,3.0704,3.0704,3.0704,3.0704,280.0
2025-08-07T10:39:03,3.0701,3.0701,3.0701,3.0701,484.0
2025-08-07T10:40:03,3.0851,3.0851,3.0851,3.0851,100.0
2025-08-07T10:40:31,3.0711,3.0711,3.0711,3.0711,150.0
2025-08-07T10:41:15,3.09,3.09,3.09,3.09,924.0
2025-08-07T10:41:58,3.0709,3.0709,3.0709,3.0709,100.0
2025-08-07T10:42:10,3.0701,3.0701,3.0701,3.0701,1000.0
2025-08-07T10:42:38,3.0701,3.0701,3.0701,3.0701,1690.0
2025-08-07T10:42:39,3.07,3.07,3.07,3.07,200.0
2025-08-07T10:42:56,3.08,3.08,3.08,3.08,305.0
2025-08-07T10:42:57,3.09,3.09,3.08,3.08,1109.0
2025-08-07T10:43:10,3.0998,3.0998,3.0998,3.0998,150.0
2025-08-07T10:43:19,3.0979,3.0979,3.0979,3.0979,115.0
2025-08-07T10:43:29,3.0802,3.0802,3.0802,3.0802,200.0
2025-08-07T10:43:44,3.0802,3.0802,3.0802,3.0802,333.0
2025-08-07T10:44:03,3.0801,3.0801,3.0801,3.0801,500.0
2025-08-07T10:44:06,3.0811,3.0811,3.0811,3.0811,924.0
2025-08-07T10:44:45,3.0815,3.0815,3.0815,3.0815,200.0
2025-08-07T10:46:33,3.08,3.08,3.08,3.08,310.0
2025-08-07T10:46:51,3.1,3.1,3.1,3.1,1200.0
2025-08-07T10:46:57,3.085,3.085,3.085,3.085,270.0
2025-08-07T10:48:15,3.1,3.1,3.1,3.1,2150.0
2025-08-07T10:48:39,3.085,3.085,3.085,3.085,322.0
2025-08-07T10:50:08,3.0703,3.0703,3.0703,3.0703,490.0
2025-08-07T10:50:25,3.07,3.07,3.07,3.07,1296.0
2025-08-07T10:50:44,3.075,3.075,3.075,3.075,200.0
2025-08-07T10:51:18,3.07,3.07,3.07,3.07,189.0
2025-08-07T10:51:19,3.0799,3.08,3.0799,3.08,1441.0
2025-08-07T10:51:58,3.08,3.08,3.08,3.08,200.0
2025-08-07T10:52:06,3.0713,3.0713,3.0713,3.0713,700.0
2025-08-07T10:52:07,3.0889,3.0889,3.0889,3.0889,766.0
2025-08-07T10:52:39,3.08,3.08,3.08,3.08,300.0
2025-08-07T10:54:44,3.0801,3.0801,3.0801,3.0801,100.0
2025-08-07T10:55:49,3.09,3.09,3.09,3.09,140.0
2025-08-07T10:55:59,3.08,3.09,3.08,3.08,1491.0
2025-08-07T10:57:15,3.08,3.08,3.08,3.08,1002.0
2025-08-07T10:57:16,3.1,3.1,3.1,3.1,353.0
2025-08-07T10:57:55,3.12,3.13,3.12,3.13,1755.0
2025-08-07T10:58:12,3.13,3.13,3.13,3.13,200.0
2025-08-07T10:58:36,3.1208,3.1208,3.1208,3.1208,250.0
2025-08-07T10:58:52,3.13,3.13,3.13,3.13,115.0
2025-08-07T10:59:13,3.13,3.13,3.13,3.13,114.0
2025-08-07T10:59:40,3.1398,3.1398,3.1398,3.1398,600.0
2025-08-07T10:59:42,3.1208,3.1208,3.1208,3.1208,341.0
2025-08-07T11:00:00,3.138,3.138,3.12,3.138,1193.0
2025-08-07T11:00:38,3.12,3.12,3.12,3.12,100.0
2025-08-07T11:00:41,3.13,3.13,3.13,3.13,851.0
2025-08-07T11:00:43,3.1255,3.14,3.1255,3.14,856.0
2025-08-07T11:00:45,3.14,3.14,3.134,3.134,851.0
2025-08-07T11:00:47,3.14,3.14,3.14,3.14,851.0
2025-08-07T11:00:56,3.14,3.14,3.14,3.14,218.0
2025-08-07T11:01:23,3.14,3.14,3.14,3.14,1000.0
2025-08-07T11:01:46,3.14,3.14,3.14,3.14,1000.0
2025-08-07T11:01:57,3.12,3.12,3.101,3.101,418.0
2025-08-07T11:01:59,3.122,3.122,3.122,3.122,1000.0
2025-08-07T11:03:56,3.1216,3.1216,3.1216,3.1216,105.0
2025-08-07T11:03:57,3.12,3.12,3.12,3.12,390.0
2025-08-07T11:04:04,3.1399,3.1399,3.1399,3.1399,400.0
2025-08-07T11:04:21,3.13,3.14,3.13,3.14,1987.0
2025-08-07T11:05:12,3.13,3.13,3.13,3.13,227.0
2025-08-07T11:05:39,3.12,3.12,3.12,3.12,174.0
2025-08-07T11:05:49,3.1201,3.1201,3.1201,3.1201,111.0
2025-08-07T11:05:51,3.1344,3.1344,3.1344,3.1344,160.0
2025-08-07T11:07:26,3.1301,3.1301,3.1301,3.1301,100.0
2025-08-07T11:07:37,3.1301,3.1301,3.1301,3.1301,100.0
2025-08-07T11:07:43,3.1304,3.1304,3.1304,3.1304,306.0
2025-08-07T11:08:12,3.13,3.13,3.13,3.13,100.0
2025-08-07T11:08:33,3.135,3.16,3.135,3.16,6870.0
2025-08-07T11:08:50,3.17,3.17,3.17,3.17,142.0
2025-08-07T11:08:54,3.15,3.15,3.15,3.15,125.0
2025-08-07T11:09:07,3.1401,3.1401,3.1401,3.1401,300.0
2025-08-07T11:09:28,3.15,3.15,3.15,3.15,150.0
2025-08-07T11:09:37,3.1663,3.1663,3.1663,3.1663,100.0
2025-08-07T11:09:50,3.1403,3.1403,3.1403,3.1403,100.0
2025-08-07T11:09:58,3.1699,3.1699,3.1699,3.1699,7000.0
2025-08-07T11:10:39,3.1575,3.16,3.1575,3.16,887.0
2025-08-07T11:10:56,3.1601,3.1601,3.1601,3.1601,100.0
2025-08-07T11:11:29,3.1601,3.18,3.16,3.18,1951.0
2025-08-07T11:12:05,3.1801,3.1801,3.1801,3.1801,1600.0
2025-08-07T11:12:15,3.1845,3.1845,3.1845,3.1845,100.0
2025-08-07T11:12:33,3.1875,3.2,3.1875,3.2,19845.0
2025-08-07T11:12:46,3.2,3.2,3.2,3.2,100.0
2025-08-07T11:13:11,3.22,3.22,3.22,3.22,2350.0
2025-08-07T11:13:12,3.22,3.24,3.22,3.24,1600.0
2025-08-07T11:13:13,3.2305,3.2305,3.2305,3.2305,2000.0
2025-08-07T11:13:16,3.23,3.23,3.23,3.23,800.0
2025-08-07T11:13:20,3.24,3.25,3.24,3.25,6655.0
2025-08-07T11:13:24,3.2591,3.2591,3.2502,3.2502,7250.0
2025-08-07T11:13:29,3.2507,3.2507,3.2507,3.2507,500.0
2025-08-07T11:13:30,3.2599,3.2599,3.2599,3.2599,200.0
2025-08-07T11:13:31,3.2599,3.2599,3.2599,3.2599,505.0
2025-08-07T11:13:33,3.2591,3.2591,3.2591,3.2591,200.0
2025-08-07T11:13:38,3.25,3.2501,3.25,3.2501,651.0
2025-08-07T11:13:41,3.26,3.26,3.26,3.26,1300.0
2025-08-07T11:14:17,3.251,3.251,3.251,3.251,100.0
2025-08-07T11:14:20,3.251,3.251,3.251,3.251,100.0
2025-08-07T11:14:28,3.251,3.26,3.251,3.26,200.0
2025-08-07T11:14:38,3.2591,3.2591,3.2591,3.2591,196.0
2025-08-07T11:14:57,3.25,3.2501,3.25,3.2501,212.0
2025-08-07T11:14:58,3.2503,3.2503,3.2503,3.2503,100.0
2025-08-07T11:14:59,3.2507,3.2507,3.2507,3.2507,358.0
2025-08-07T11:15:05,3.25,3.25,3.25,3.25,142.0
2025-08-07T11:15:31,3.2501,3.2501,3.2501,3.2501,2000.0
2025-08-07T11:15:52,3.26,3.26,3.26,3.26,3900.0
2025-08-07T11:16:05,3.2501,3.26,3.2501,3.26,2454.0
2025-08-07T11:16:10,3.2501,3.2501,3.2501,3.2501,100.0
2025-08-07T11:16:13,3.26,3.26,3.26,3.26,150.0
2025-08-07T11:16:34,3.255,3.255,3.255,3.255,650.0
2025-08-07T11:16:55,3.2502,3.255,3.25,3.25,661.0
2025-08-07T11:16:58,3.2502,3.2502,3.2502,3.2502,1000.0
2025-08-07T11:17:19,3.2512,3.2512,3.2512,3.2512,150.0
2025-08-07T11:17:56,3.2503,3.2503,3.2503,3.2503,500.0
2025-08-07T11:18:27,3.25,3.25,3.25,3.25,380.0
2025-08-07T11:19:25,3.25,3.25,3.25,3.25,425.0
2025-08-07T11:20:27,3.2501,3.2501,3.25,3.25,224.0
2025-08-07T11:20:36,3.255,3.26,3.25,3.25,2257.0
2025-08-07T11:21:02,3.255,3.255,3.255,3.255,168.0
2025-08-07T11:21:03,3.21,3.2495,3.21,3.2495,2353.0
2025-08-07T11:21:17,3.225,3.225,3.2201,3.2201,364.0
2025-08-07T11:21:32,3.2499,3.2499,3.2499,3.2499,100.0
2025-08-07T11:21:34,3.243,3.243,3.225,3.225,200.0
2025-08-07T11:21:36,3.225,3.225,3.2,3.2005,3105.0
2025-08-07T11:22:26,3.2037,3.2037,3.2037,3.2037,1000.0
2025-08-07T11:22:27,3.2044,3.2044,3.2044,3.2044,500.0
2025-08-07T11:22:33,3.2005,3.2005,3.2005,3.2005,198.0
2025-08-07T11:23:13,3.2006,3.2006,3.2006,3.2006,200.0
2025-08-07T11:23:23,3.2004,3.2004,3.2004,3.2004,600.0
2025-08-07T11:23:52,3.22,3.22,3.22,3.22,1000.0
2025-08-07T11:26:25,3.21,3.22,3.21,3.22,937.0
2025-08-07T11:28:03,3.2201,3.2201,3.2201,3.2201,115.0
2025-08-07T11:28:15,3.2201,3.2201,3.2201,3.2201,100.0
2025-08-07T11:29:14,3.24,3.24,3.24,3.24,400.0
2025-08-07T11:29:27,3.2202,3.23,3.2202,3.23,399.0
2025-08-07T11:29:47,3.24,3.24,3.23,3.23,800.0
2025-08-07T11:29:59,3.23,3.23,3.23,3.23,100.0
2025-08-07T11:30:39,3.23,3.23,3.23,3.23,598.0
2025-08-07T11:31:54,3.2,3.2,3.2,3.2,682.0
2025-08-07T11:32:49,3.2012,3.2012,3.2012,3.2012,430.0
2025-08-07T11:33:22,3.2,3.2,3.2,3.2,300.0
2025-08-07T11:34:08,3.2054,3.2054,3.2054,3.2054,500.0
2025-08-07T11:34:42,3.2,3.2,3.2,3.2,140.0
2025-08-07T11:35:06,3.2,3.2,3.2,3.2,250.0
2025-08-07T11:35:21,3.2,3.2,3.18,3.18,533.0
2025-08-07T11:35:44,3.18,3.18,3.18,3.18,300.0
2025-08-07T11:36:02,3.1602,3.164,3.16,3.164,1400.0
2025-08-07T11:36:56,3.1619,3.1619,3.1619,3.1619,161.0
2025-08-07T11:37:22,3.17,3.17,3.17,3.17,200.0
2025-08-07T11:37:40,3.17,3.17,3.17,3.17,1000.0
2025-08-07T11:38:00,3.175,3.175,3.175,3.175,400.0
2025-08-07T11:38:45,3.175,3.175,3.175,3.175,125.0
2025-08-07T11:39:17,3.1709,3.1709,3.1709,3.1709,125.0
2025-08-07T11:39:59,3.1745,3.1745,3.1745,3.1745,100.0
2025-08-07T11:40:12,3.1701,3.1701,3.1701,3.1701,1350.0
2025-08-07T11:41:41,3.17,3.17,3.14,3.14,5700.0
2025-08-07T11:41:51,3.14,3.14,3.14,3.14,150.0
2025-08-07T11:41:52,3.155,3.155,3.155,3.155,4025.0
2025-08-07T11:41:55,3.1559,3.1559,3.1559,3.1559,200.0
2025-08-07T11:42:19,3.1625,3.1625,3.155,3.158,3000.0
2025-08-07T11:43:25,3.1551,3.1551,3.1551,3.1551,384.0
2025-08-07T11:43:54,3.15,3.15,3.15,3.15,100.0
2025-08-07T11:44:04,3.15,3.15,3.15,3.15,277.0
2025-08-07T11:44:31,3.17,3.17,3.17,3.17,368.0
2025-08-07T11:45:32,3.17,3.17,3.17,3.17,100.0
2025-08-07T11:45:46,3.165,3.165,3.165,3.165,100.0
2025-08-07T11:46:35,3.1501,3.1501,3.1501,3.1501,500.0
2025-08-07T11:46:50,3.152,3.165,3.152,3.165,2354.0
2025-08-07T11:50:23,3.16,3.16,3.16,3.16,4263.0
2025-08-07T11:51:27,3.15,3.15,3.15,3.15,1298.0
2025-08-07T11:51:28,3.14,3.14,3.11,3.11,6028.0
2025-08-07T11:51:45,3.1101,3.1101,3.1101,3.1101,300.0
2025-08-07T11:52:01,3.11,3.11,3.11,3.11,300.0
2025-08-07T11:52:08,3.121,3.121,3.121,3.121,1000.0
2025-08-07T11:52:24,3.1108,3.1108,3.1108,3.1108,1000.0
2025-08-07T11:52:27,3.1101,3.1101,3.1101,3.1101,200.0
2025-08-07T11:53:26,3.1114,3.1114,3.1114,3.1114,1150.0
2025-08-07T11:53:35,3.1301,3.1301,3.1301,3.1301,545.0
2025-08-07T11:54:06,3.1301,3.1301,3.1301,3.1301,1000.0
2025-08-07T11:54:25,3.1289,3.1289,3.1289,3.1289,525.0
2025-08-07T11:54:33,3.11,3.11,3.11,3.11,284.0
2025-08-07T11:55:06,3.125,3.125,3.125,3.125,219.0
2025-08-07T11:56:00,3.1238,3.1238,3.1238,3.1238,1000.0
2025-08-07T11:56:25,3.11,3.11,3.11,3.11,4000.0
2025-08-07T11:56:27,3.1011,3.1011,3.1011,3.1011,150.0
2025-08-07T11:56:28,3.1,3.1,3.1,3.1,986.0
2025-08-07T11:56:58,3.1005,3.1005,3.1005,3.1005,100.0
2025-08-07T11:57:32,3.115,3.115,3.115,3.115,500.0
2025-08-07T11:58:13,3.11,3.11,3.11,3.11,168.0
2025-08-07T11:58:19,3.13,3.13,3.13,3.13,100.0
2025-08-07T11:58:20,3.1311,3.1311,3.1311,3.1311,766.0
2025-08-07T11:58:25,3.135,3.1495,3.135,3.1495,2400.0
2025-08-07T11:58:33,3.125,3.125,3.1001,3.1001,5000.0
2025-08-07T11:58:42,3.1001,3.1001,3.1001,3.1001,1100.0
2025-08-07T12:00:29,3.1,3.1,3.1,3.1,201.0
2025-08-07T12:00:38,3.11,3.11,3.11,3.11,186.0
2025-08-07T12:00:50,3.1005,3.1005,3.1005,3.1005,1805.0
2025-08-07T12:01:23,3.1178,3.1178,3.1178,3.1178,1111.0
2025-08-07T12:01:54,3.11,3.11,3.11,3.11,400.0
2025-08-07T12:02:13,3.1108,3.1108,3.1108,3.1108,1000.0
2025-08-07T12:02:32,3.1101,3.1101,3.1101,3.1101,107.0
2025-08-07T12:03:38,3.11,3.11,3.11,3.11,1179.0
2025-08-07T12:03:55,3.11,3.18,3.11,3.16,3583.0
2025-08-07T12:03:56,3.17,3.17,3.17,3.17,605.0
2025-08-07T12:03:57,3.16,3.16,3.16,3.16,350.0
2025-08-07T12:05:00,3.116,3.116,3.116,3.116,137.0
2025-08-07T12:05:29,3.1103,3.1103,3.1103,3.1103,150.0
2025-08-07T12:09:09,3.114,3.114,3.114,3.114,312.0
2025-08-07T12:09:10,3.16,3.16,3.16,3.16,100.0
2025-08-07T12:14:13,3.14,3.14,3.14,3.14,275.0
2025-08-07T12:14:32,3.14,3.14,3.14,3.14,172.0
2025-08-07T12:15:18,3.145,3.145,3.145,3.145,100.0
2025-08-07T12:15:26,3.1589,3.1589,3.1589,3.1589,648.0
2025-08-07T12:15:29,3.14,3.14,3.14,3.14,570.0
2025-08-07T12:16:59,3.14,3.14,3.14,3.14,199.0
2025-08-07T12:18:34,3.13,3.13,3.1201,3.1201,4028.0
2025-08-07T12:22:57,3.12,3.12,3.12,3.12,100.0
2025-08-07T12:23:30,3.1201,3.1201,3.1201,3.1201,3000.0
2025-08-07T12:23:41,3.1568,3.1568,3.1568,3.1568,500.0
2025-08-07T12:26:14,3.15,3.15,3.15,3.15,151.0
2025-08-07T12:27:27,3.15,3.15,3.15,3.15,161.0
2025-08-07T12:32:06,3.16,3.16,3.16,3.16,200.0
2025-08-07T12:35:56,3.165,3.165,3.165,3.165,100.0
2025-08-07T12:36:00,3.163,3.163,3.163,3.163,200.0
2025-08-07T12:40:16,3.1421,3.1421,3.1421,3.1421,1000.0
2025-08-07T12:40:24,3.1342,3.1342,3.1342,3.1342,1000.0
2025-08-07T12:45:38,3.1,3.1,3.1,3.1,9009.0
2025-08-07T12:46:08,3.1108,3.1108,3.1108,3.1108,485.0
2025-08-07T12:46:12,3.1001,3.1001,3.1,3.1,1357.0
2025-08-07T12:47:51,3.1199,3.1199,3.1199,3.1199,100.0
2025-08-07T12:48:08,3.1,3.1,3.1,3.1,150.0
2025-08-07T12:48:30,3.1,3.1,3.1,3.1,1000.0
2025-08-07T12:50:28,3.1101,3.1101,3.1101,3.1101,100.0
2025-08-07T12:51:02,3.113,3.113,3.113,3.113,276.0
2025-08-07T12:53:08,3.105,3.105,3.105,3.105,318.0
2025-08-07T12:53:09,3.1075,3.1075,3.105,3.1075,500.0
2025-08-07T12:53:27,3.109,3.109,3.109,3.109,300.0
2025-08-07T12:56:59,3.1,3.1,3.1,3.1,200.0
2025-08-07T12:59:50,3.1015,3.1015,3.1015,3.1015,204.0
2025-08-07T13:00:29,3.1001,3.1001,3.1001,3.1001,200.0
2025-08-07T13:01:37,3.1002,3.1002,3.1002,3.1002,959.0
2025-08-07T13:01:41,3.11,3.11,3.11,3.11,200.0
2025-08-07T13:01:46,3.12,3.12,3.12,3.12,200.0
2025-08-07T13:01:56,3.12,3.12,3.12,3.12,224.0
2025-08-07T13:03:13,3.1002,3.1002,3.1002,3.1002,300.0
2025-08-07T13:04:41,3.1184,3.1184,3.1184,3.1184,400.0
2025-08-07T13:06:08,3.1023,3.1023,3.1023,3.1023,100.0
2025-08-07T13:06:24,3.1008,3.1008,3.1008,3.1008,2519.0
2025-08-07T13:07:09,3.11,3.12,3.11,3.12,1000.0
2025-08-07T13:07:28,3.11,3.11,3.11,3.11,503.0
2025-08-07T13:08:23,3.1,3.1,3.1,3.1,204.0
2025-08-07T13:08:24,3.101,3.101,3.101,3.101,165.0
2025-08-07T13:08:43,3.101,3.101,3.1,3.1,1100.0
2025-08-07T13:08:44,3.11,3.11,3.11,3.11,111.0
2025-08-07T13:17:11,3.11,3.11,3.1065,3.1065,3400.0
2025-08-07T13:20:03,3.1089,3.1089,3.1089,3.1089,161.0
2025-08-07T13:20:12,3.1,3.11,3.1,3.11,5165.0
2025-08-07T13:20:40,3.1,3.11,3.1,3.11,386.0
2025-08-07T13:21:58,3.1,3.1,3.1,3.1,270.0
2025-08-07T13:22:32,3.11,3.11,3.11,3.11,321.0
2025-08-07T13:22:49,3.11,3.11,3.11,3.11,689.0
2025-08-07T13:27:41,3.1108,3.1108,3.1108,3.1108,283.0
2025-08-07T13:32:17,3.1,3.1,3.1,3.1,200.0
2025-08-07T13:32:21,3.1,3.1,3.1,3.1,232.0
2025-08-07T13:34:39,3.1,3.1,3.1,3.1,113.0
2025-08-07T13:36:12,3.1002,3.1002,3.1002,3.1002,200.0
2025-08-07T13:38:49,3.1027,3.1027,3.1027,3.1027,300.0
2025-08-07T13:39:40,3.1024,3.1024,3.1024,3.1024,500.0
2025-08-07T13:40:44,3.1028,3.1028,3.1028,3.1028,500.0
2025-08-07T13:40:47,3.1,3.1,3.1,3.1,500.0
2025-08-07T13:40:54,3.1,3.1,3.1,3.1,500.0
2025-08-07T13:40:58,3.1,3.1,3.1,3.1,501.0
2025-08-07T13:41:03,3.11,3.11,3.11,3.11,378.0
2025-08-07T13:41:05,3.11,3.11,3.11,3.11,360.0
2025-08-07T13:41:06,3.11,3.11,3.11,3.11,232.0
2025-08-07T13:41:08,3.11,3.11,3.11,3.11,360.0
2025-08-07T13:41:13,3.11,3.11,3.11,3.11,200.0
2025-08-07T13:41:34,3.12,3.12,3.12,3.12,2899.0
2025-08-07T13:41:35,3.13,3.13,3.13,3.13,229.0
2025-08-07T13:41:43,3.12,3.12,3.12,3.12,100.0
2025-08-07T13:49:11,3.1101,3.1101,3.1101,3.1101,200.0
2025-08-07T13:49:35,3.12,3.12,3.12,3.12,250.0
2025-08-07T13:50:49,3.11,3.11,3.11,3.11,1600.0
2025-08-07T13:51:27,3.11,3.11,3.11,3.11,140.0
2025-08-07T13:59:22,3.11,3.11,3.11,3.11,1000.0
2025-08-07T14:01:34,3.119,3.119,3.119,3.119,100.0
2025-08-07T14:06:57,3.11,3.11,3.11,3.11,100.0
2025-08-07T14:07:50,3.12,3.14,3.12,3.14,26524.0
2025-08-07T14:07:51,3.14,3.2,3.14,3.2,1358.0
2025-08-07T14:08:46,3.18,3.18,3.18,3.18,100.0
2025-08-07T14:08:53,3.13,3.13,3.13,3.13,778.0
2025-08-07T14:10:31,3.1809,3.1809,3.1809,3.1809,100.0
2025-08-07T14:10:55,3.1306,3.1306,3.1306,3.1306,5000.0
2025-08-07T14:11:50,3.13,3.13,3.13,3.13,100.0
2025-08-07T14:14:54,3.18,3.19,3.18,3.19,4187.0
2025-08-07T14:14:55,3.2,3.2,3.2,3.2,286.0
2025-08-07T14:15:25,3.2,3.2,3.2,3.2,156.0
2025-08-07T14:17:23,3.2,3.2,3.2,3.2,1000.0
2025-08-07T14:17:31,3.1954,3.1954,3.1954,3.1954,215.0
2025-08-07T14:18:57,3.2,3.2,3.2,3.2,1140.0
2025-08-07T14:19:04,3.205,3.2098,3.205,3.2098,400.0
2025-08-07T14:19:18,3.205,3.2098,3.205,3.2098,200.0
2025-08-07T14:19:54,3.2088,3.2088,3.2088,3.2088,346.0
2025-08-07T14:22:41,3.2,3.2,3.2,3.2,100.0
2025-08-07T14:25:48,3.2,3.2,3.19,3.19,3373.0
2025-08-07T14:26:54,3.2,3.2,3.2,3.2,1000.0
2025-08-07T14:27:27,3.1912,3.1912,3.1912,3.1912,120.0
2025-08-07T14:28:28,3.19,3.19,3.19,3.19,100.0
2025-08-07T14:28:50,3.195,3.195,3.195,3.195,100.0
2025-08-07T14:29:06,3.195,3.195,3.195,3.195,100.0
2025-08-07T14:30:04,3.2,3.2,3.2,3.2,765.0
2025-08-07T14:30:21,3.2,3.2,3.2,3.2,1000.0
2025-08-07T14:30:22,3.2,3.2,3.2,3.2,100.0
2025-08-07T14:30:27,3.2,3.2,3.2,3.2,200.0
2025-08-07T14:30:36,3.2,3.2,3.2,3.2,200.0
2025-08-07T14:31:45,3.2,3.2,3.2,3.2,1100.0
2025-08-07T14:34:46,3.19,3.19,3.19,3.19,149.0
2025-08-07T14:34:48,3.19,3.19,3.19,3.19,1100.0
2025-08-07T14:34:53,3.195,3.195,3.195,3.195,100.0
2025-08-07T14:34:55,3.195,3.195,3.195,3.195,100.0
2025-08-07T14:35:10,3.195,3.195,3.195,3.195,100.0
2025-08-07T14:35:31,3.2,3.2,3.2,3.2,1909.0
2025-08-07T14:35:32,3.2,3.2,3.2,3.2,200.0
2025-08-07T14:41:18,3.19,3.19,3.19,3.19,200.0
2025-08-07T14:43:10,3.19,3.19,3.19,3.19,117.0
2025-08-07T14:43:39,3.19,3.19,3.19,3.19,300.0
2025-08-07T14:44:40,3.19,3.19,3.19,3.19,200.0
2025-08-07T14:46:53,3.19,3.19,3.19,3.19,300.0
2025-08-07T14:49:04,3.19,3.19,3.19,3.19,350.0
2025-08-07T14:49:31,3.1956,3.1956,3.1956,3.1956,2470.0
2025-08-07T14:53:29,3.19,3.19,3.19,3.19,125.0
2025-08-07T14:53:36,3.19,3.19,3.19,3.19,500.0
2025-08-07T14:57:12,3.19,3.19,3.19,3.19,100.0
2025-08-07T15:00:54,3.195,3.21,3.195,3.21,6979.0
2025-08-07T15:00:59,3.21,3.21,3.21,3.21,200.0
2025-08-07T15:01:01,3.21,3.21,3.21,3.21,670.0
2025-08-07T15:01:03,3.21,3.21,3.21,3.21,100.0
2025-08-07T15:02:47,3.205,3.205,3.205,3.205,200.0
2025-08-07T15:02:52,3.205,3.205,3.205,3.205,100.0
2025-08-07T15:02:53,3.205,3.205,3.205,3.205,100.0
2025-08-07T15:02:57,3.208,3.208,3.208,3.208,100.0
2025-08-07T15:02:58,3.205,3.205,3.205,3.205,100.0
2025-08-07T15:03:05,3.21,3.21,3.21,3.21,200.0
2025-08-07T15:03:24,3.2,3.2,3.2,3.2,1005.0
2025-08-07T15:04:00,3.2053,3.2053,3.2053,3.2053,430.0
2025-08-07T15:07:53,3.2091,3.2091,3.2091,3.2091,132.0
2025-08-07T15:08:31,3.2,3.2,3.2,3.2,4384.0
2025-08-07T15:08:39,3.205,3.205,3.205,3.205,300.0
2025-08-07T15:09:35,3.2,3.2,3.2,3.2,998.0
2025-08-07T15:09:39,3.2,3.2,3.2,3.2,1062.0
2025-08-07T15:09:42,3.2,3.2,3.2,3.2,200.0
2025-08-07T15:13:05,3.2,3.2,3.2,3.2,201.0
2025-08-07T15:13:47,3.2,3.2,3.2,3.2,751.0
2025-08-07T15:18:36,3.2065,3.2065,3.2065,3.2065,306.0
2025-08-07T15:18:57,3.2,3.2,3.2,3.2,244.0
2025-08-07T15:23:00,3.2,3.2,3.2,3.2,158.0
2025-08-07T15:24:13,3.2,3.2,3.2,3.2,243.0
2025-08-07T15:25:59,3.205,3.205,3.205,3.205,3950.0
2025-08-07T15:26:16,3.205,3.205,3.205,3.205,111.0
2025-08-07T15:26:20,3.2,3.2,3.2,3.2,214.0
2025-08-07T15:26:36,3.2,3.2001,3.2,3.2001,1174.0
2025-08-07T15:27:01,3.21,3.21,3.21,3.21,11816.0
2025-08-07T15:27:05,3.21,3.21,3.21,3.21,10000.0
2025-08-07T15:27:08,3.21,3.23,3.21,3.23,16021.0
2025-08-07T15:27:10,3.22,3.22,3.22,3.22,100.0
2025-08-07T15:27:11,3.22,3.22,3.22,3.22,100.0
2025-08-07T15:27:13,3.22,3.22,3.22,3.22,100.0
2025-08-07T15:27:40,3.2134,3.2134,3.21,3.21,400.0
2025-08-07T15:27:53,3.2101,3.2101,3.2101,3.2101,100.0
2025-08-07T15:30:04,3.2208,3.2208,3.2208,3.2208,602.0
2025-08-07T15:30:38,3.2299,3.2299,3.2299,3.2299,775.0
2025-08-07T15:32:27,3.2194,3.2194,3.2194,3.2194,5450.0
2025-08-07T15:38:01,3.21,3.21,3.21,3.21,112.0
2025-08-07T15:38:09,3.21,3.21,3.2,3.21,1070.0
2025-08-07T15:38:20,3.2,3.2,3.2,3.2,200.0
2025-08-07T15:39:25,3.22,3.22,3.22,3.22,1437.0
2025-08-07T15:39:26,3.22,3.23,3.22,3.23,1585.0
2025-08-07T15:39:27,3.235,3.235,3.23,3.23,1347.0
2025-08-07T15:40:57,3.24,3.25,3.24,3.25,1290.0
2025-08-07T15:40:58,3.25,3.25,3.25,3.25,436.0
2025-08-07T15:40:59,3.25,3.25,3.24,3.24,651.0
2025-08-07T15:44:05,3.2,3.2,3.2,3.2,3500.0
2025-08-07T15:44:09,3.22,3.22,3.22,3.22,247.0
2025-08-07T15:44:21,3.229,3.229,3.229,3.229,370.0
2025-08-07T15:45:00,3.23,3.23,3.23,3.23,366.0
2025-08-07T15:45:02,3.2103,3.2103,3.2103,3.2103,160.0
2025-08-07T15:45:19,3.24,3.24,3.24,3.24,200.0
2025-08-07T15:45:21,3.24,3.24,3.24,3.24,205.0
2025-08-07T15:46:41,3.2339,3.2339,3.2339,3.2339,1000.0
2025-08-07T15:48:02,3.24,3.24,3.24,3.24,887.0
2025-08-07T15:48:04,3.24,3.24,3.24,3.24,500.0
2025-08-07T15:48:46,3.23,3.23,3.23,3.23,100.0
2025-08-07T15:50:06,3.2301,3.2301,3.2301,3.2301,104.0
2025-08-07T15:51:40,3.24,3.24,3.24,3.24,308.0
2025-08-07T15:52:19,3.25,3.25,3.25,3.25,2435.0
2025-08-07T15:52:31,3.2306,3.2306,3.2306,3.2306,200.0
2025-08-07T15:52:36,3.23,3.23,3.23,3.23,108.0
2025-08-07T15:55:01,3.25,3.25,3.25,3.25,441.0
2025-08-07T15:55:13,3.25,3.25,3.25,3.25,800.0
2025-08-07T15:55:14,3.25,3.26,3.245,3.245,1556.0
2025-08-07T15:55:15,3.26,3.26,3.26,3.26,656.0
2025-08-07T15:55:16,3.26,3.26,3.25,3.26,901.0
2025-08-07T15:55:17,3.26,3.26,3.26,3.26,3852.0
2025-08-07T15:55:18,3.27,3.28,3.27,3.28,1096.0
2025-08-07T15:55:19,3.28,3.29,3.28,3.28,1202.0
2025-08-07T15:55:20,3.28,3.28,3.28,3.28,923.0
2025-08-07T15:55:35,3.23,3.23,3.23,3.23,600.0
2025-08-07T15:56:03,3.28,3.3,3.28,3.2904,5261.0
2025-08-07T15:56:29,3.2301,3.2301,3.2301,3.2301,300.0
2025-08-07T15:57:00,3.245,3.245,3.245,3.245,131.0
2025-08-07T15:57:14,3.24,3.24,3.24,3.24,100.0
2025-08-07T15:57:15,3.24,3.24,3.24,3.24,100.0
2025-08-07T15:57:16,3.24,3.24,3.24,3.24,100.0
2025-08-07T15:57:17,3.24,3.24,3.24,3.24,200.0
2025-08-07T15:57:20,3.2391,3.2391,3.2391,3.2391,100.0
2025-08-07T15:57:23,3.24,3.24,3.24,3.24,236.0
2025-08-07T15:57:29,3.235,3.235,3.235,3.235,100.0
2025-08-07T15:57:30,3.24,3.2401,3.2399,3.2401,3600.0
2025-08-07T15:58:23,3.2587,3.2587,3.2587,3.2587,638.0
2025-08-07T15:59:26,3.24,3.26,3.24,3.26,3263.0
2025-08-07T15:59:38,3.24,3.24,3.24,3.24,186.0
2025-08-07T15:59:39,3.24,3.2401,3.24,3.2401,267.0
2025-08-07T15:59:50,3.25,3.26,3.25,3.26,262.0
