t,o,h,l,c,v
2025-08-06T09:30:00,11.305,11.457,11.305,11.438,9235.3684
2025-08-06T09:30:01,11.457,11.457,11.4475,11.457,995.8947
2025-08-06T09:30:02,11.4418,11.4475,11.4418,11.4475,14.4211
2025-08-06T09:30:03,11.4456,11.4456,11.4171,11.4171,107.4737
2025-08-06T09:30:05,11.4551,11.4551,11.4551,11.4551,5.2632
2025-08-06T09:30:06,11.4551,11.457,11.4095,11.4095,356.7368
2025-08-06T09:30:07,11.4551,11.457,11.4333,11.457,40.3158
2025-08-06T09:30:08,11.4228,11.4228,11.4228,11.4228,61.3158
2025-08-06T09:30:10,11.4114,11.4171,11.3696,11.3696,918.0526
2025-08-06T09:30:11,11.3487,11.3696,11.248,11.248,2025.1579
2025-08-06T09:30:12,11.2737,11.2746,11.229,11.229,422.8421
2025-08-06T09:30:13,11.2233,11.2357,11.2195,11.2357,149.0
2025-08-06T09:30:14,11.2347,11.2347,11.1283,11.1283,1879.6842
2025-08-06T09:30:15,11.1283,11.1283,11.1264,11.1264,90.4211
2025-08-06T09:30:16,11.1283,11.1661,11.1112,11.1169,2035.1579
2025-08-06T09:30:17,11.1093,11.1093,11.0314,11.0314,1397.6842
2025-08-06T09:30:18,11.0352,11.0599,11.02,11.02,2369.5789
2025-08-06T09:30:19,11.02,11.0238,11.02,11.02,1499.2632
2025-08-06T09:30:20,11.02,11.0238,11.02,11.02,548.0526
2025-08-06T09:30:21,11.02,11.0238,11.02,11.02,1057.1053
2025-08-06T09:30:22,11.02,11.02,11.02,11.02,2773.1053
2025-08-06T09:30:23,11.02,11.02,11.02,11.02,299.4211
2025-08-06T09:30:24,11.02,11.02,11.02,11.02,60.4737
2025-08-06T09:30:25,11.0219,11.0228,11.0219,11.0228,77.3684
2025-08-06T09:30:26,11.02,11.02,11.02,11.02,17.8421
2025-08-06T09:30:27,11.0238,11.0257,11.02,11.0219,950.0526
2025-08-06T09:30:28,11.02,11.0219,11.02,11.02,44.5789
2025-08-06T09:30:29,11.02,11.02,11.02,11.02,71.2632
2025-08-06T09:30:30,11.0219,11.0219,11.0219,11.0219,53.6316
2025-08-06T09:30:31,11.0209,11.0209,11.02,11.02,356.6316
2025-08-06T09:30:32,11.02,11.0219,11.02,11.02,284.7368
2025-08-06T09:30:33,11.02,11.0219,11.02,11.0209,62.3684
2025-08-06T09:30:34,11.02,11.02,11.0162,11.0181,553.0526
2025-08-06T09:30:35,11.0181,11.0181,11.0162,11.0181,194.5789
2025-08-06T09:30:36,11.0162,11.0162,11.0162,11.0162,46.3684
2025-08-06T09:30:37,11.0181,11.02,11.0162,11.02,157.2632
2025-08-06T09:30:38,11.0162,11.0191,10.963,10.9649,1173.3684
2025-08-06T09:30:39,10.963,10.9782,10.9383,10.9383,1439.3684
2025-08-06T09:30:40,10.9345,10.9479,10.8984,10.8984,1937.4211
2025-08-06T09:30:41,10.8984,10.9003,10.8984,10.8984,310.0
2025-08-06T09:30:42,10.8984,10.8984,10.8984,10.8984,900.1053
2025-08-06T09:30:43,10.8984,10.9098,10.8775,10.8775,874.1579
2025-08-06T09:30:44,10.8775,10.8775,10.849,10.868,819.6842
2025-08-06T09:30:45,10.8661,10.8661,10.849,10.849,693.3684
2025-08-06T09:30:46,10.8832,10.8832,10.849,10.849,90.3158
2025-08-06T09:30:47,10.849,10.849,10.735,10.773,3306.7895
2025-08-06T09:30:48,10.773,10.773,10.735,10.7597,1411.6316
2025-08-06T09:30:49,10.7388,10.7597,10.7369,10.7369,507.4211
2025-08-06T09:30:50,10.7407,10.7464,10.716,10.716,1294.3158
2025-08-06T09:30:51,10.716,10.7388,10.7103,10.735,677.9474
2025-08-06T09:30:52,10.736,10.773,10.7084,10.7521,2588.9474
2025-08-06T09:30:53,10.7521,10.7692,10.7274,10.7369,955.4737
2025-08-06T09:30:54,10.754,10.773,10.735,10.773,790.9474
2025-08-06T09:30:55,10.7559,10.773,10.754,10.7635,858.3158
2025-08-06T09:30:56,10.754,10.773,10.754,10.7673,1094.3158
2025-08-06T09:30:57,10.7464,10.7464,10.7274,10.7274,1031.4737
2025-08-06T09:30:58,10.7293,10.7293,10.7027,10.7027,466.6316
2025-08-06T09:30:59,10.7084,10.7198,10.7027,10.716,340.2632
2025-08-06T09:31:00,10.7084,10.716,10.6875,10.6932,476.2632
2025-08-06T09:31:01,10.7179,10.7179,10.659,10.6609,523.8947
2025-08-06T09:31:02,10.659,10.6628,10.659,10.6619,538.8947
2025-08-06T09:31:03,10.6628,10.6628,10.6495,10.6604,1010.5789
2025-08-06T09:31:04,10.6611,10.6619,10.6552,10.6609,203.3684
2025-08-06T09:31:05,10.6609,10.7027,10.6609,10.7027,509.4211
2025-08-06T09:31:06,10.7027,10.7122,10.6723,10.6837,982.7368
2025-08-06T09:31:07,10.678,10.697,10.6666,10.6704,998.2105
2025-08-06T09:31:08,10.6685,10.7274,10.6666,10.7217,1865.2105
2025-08-06T09:31:09,10.7198,10.7198,10.7122,10.7122,278.1053
2025-08-06T09:31:10,10.7122,10.7274,10.7122,10.7274,758.5789
2025-08-06T09:31:11,10.7122,10.7255,10.7122,10.7141,2456.4737
2025-08-06T09:31:12,10.7198,10.7255,10.7198,10.7208,867.2632
2025-08-06T09:31:13,10.7208,10.7217,10.7198,10.7217,500.7895
2025-08-06T09:31:14,10.7198,10.7217,10.7198,10.7208,103.1053
2025-08-06T09:31:15,10.7208,10.7217,10.7198,10.7217,801.8947
2025-08-06T09:31:16,10.7215,10.7217,10.7198,10.7217,885.5263
2025-08-06T09:31:17,10.7198,10.7227,10.7198,10.7217,348.3158
2025-08-06T09:31:18,10.7217,10.7217,10.6495,10.6638,4402.5263
2025-08-06T09:31:19,10.6685,10.6932,10.6419,10.6495,1918.8421
2025-08-06T09:31:20,10.668,10.6913,10.6495,10.6913,828.2632
2025-08-06T09:31:21,10.6514,10.6723,10.64,10.641,1314.6316
2025-08-06T09:31:22,10.64,10.6419,10.64,10.64,445.1053
2025-08-06T09:31:23,10.6419,10.6419,10.64,10.64,685.1053
2025-08-06T09:31:24,10.6419,10.6419,10.64,10.641,113.1053
2025-08-06T09:31:25,10.641,10.6419,10.4842,10.4842,2778.4737
2025-08-06T09:31:26,10.4842,10.4937,10.4785,10.4937,1035.7895
2025-08-06T09:31:27,10.4785,10.4937,10.4595,10.4861,1291.6316
2025-08-06T09:31:28,10.4904,10.4904,10.4595,10.4766,729.8421
2025-08-06T09:31:29,10.4633,10.4785,10.4614,10.4671,600.8421
2025-08-06T09:31:30,10.4614,10.4785,10.4614,10.4728,680.3158
2025-08-06T09:31:31,10.4709,10.4766,10.4671,10.4747,615.5789
2025-08-06T09:31:32,10.4766,10.4766,10.469,10.4709,2371.4211
2025-08-06T09:31:33,10.4728,10.5013,10.45,10.45,2656.1579
2025-08-06T09:31:34,10.45,10.4785,10.45,10.469,3244.3684
2025-08-06T09:31:35,10.469,10.4738,10.4557,10.4709,2557.7368
2025-08-06T09:31:36,10.4709,10.4709,10.4557,10.4605,915.2632
2025-08-06T09:31:37,10.4605,10.4709,10.45,10.4605,1152.9474
2025-08-06T09:31:38,10.469,10.469,10.45,10.4576,984.6316
2025-08-06T09:31:39,10.4671,10.4671,10.45,10.45,1229.8421
2025-08-06T09:31:40,10.4576,10.4671,10.4139,10.4301,1539.6316
2025-08-06T09:31:41,10.4443,10.45,10.3816,10.3816,1408.8947
2025-08-06T09:31:42,10.3816,10.4101,10.3645,10.3759,1912.0526
2025-08-06T09:31:43,10.374,10.3921,10.355,10.3721,727.5789
2025-08-06T09:31:44,10.3645,10.3683,10.3436,10.3683,1123.0
2025-08-06T09:31:45,10.3664,10.4614,10.3664,10.3778,2566.8421
2025-08-06T09:31:46,10.4538,10.4557,10.3759,10.4101,1196.6842
2025-08-06T09:31:47,10.4462,10.4557,10.3816,10.4538,1316.8421
2025-08-06T09:31:48,10.4291,10.4557,10.4291,10.4538,771.7895
2025-08-06T09:31:49,10.4063,10.469,10.4063,10.45,1009.0
2025-08-06T09:31:50,10.4481,10.4595,10.4386,10.4481,1561.0526
2025-08-06T09:31:51,10.45,10.4671,10.4044,10.4576,1263.9474
2025-08-06T09:31:52,10.4614,10.4671,10.4215,10.4548,574.1053
2025-08-06T09:31:53,10.4548,10.469,10.4548,10.469,602.5789
2025-08-06T09:31:54,10.469,10.5811,10.4614,10.5773,890.7895
2025-08-06T09:31:55,10.5792,10.5792,10.5393,10.5412,97.8947
2025-08-06T09:31:56,10.5393,10.5583,10.5393,10.5412,90.6842
2025-08-06T09:31:57,10.5792,10.5792,10.5412,10.5792,677.1053
2025-08-06T09:31:58,10.5602,10.5697,10.5412,10.5412,255.9474
2025-08-06T09:31:59,10.5564,10.5792,10.5298,10.5412,1751.5789
2025-08-06T09:32:00,10.5336,10.6039,10.5336,10.583,218.8421
2025-08-06T09:32:01,10.5773,10.6001,10.5773,10.5773,521.7895
2025-08-06T09:32:02,10.6096,10.6495,10.6077,10.6495,1612.1053
2025-08-06T09:32:03,10.6495,10.716,10.6419,10.716,470.2632
2025-08-06T09:32:04,10.6837,10.7217,10.64,10.6647,2205.5263
2025-08-06T09:32:05,10.6761,10.6761,10.64,10.6761,391.3684
2025-08-06T09:32:06,10.6571,10.6723,10.6571,10.6723,597.3684
2025-08-06T09:32:07,10.6704,10.6704,10.6248,10.6362,915.3684
2025-08-06T09:32:08,10.6248,10.6687,10.5792,10.6343,936.1579
2025-08-06T09:32:09,10.6324,10.6343,10.5811,10.6305,453.7895
2025-08-06T09:32:10,10.5811,10.6343,10.5811,10.6096,859.6842
2025-08-06T09:32:11,10.6343,10.6343,10.5925,10.6286,150.9474
2025-08-06T09:32:12,10.6134,10.6267,10.5944,10.6267,708.2632
2025-08-06T09:32:13,10.5963,10.6267,10.5944,10.6248,68.7368
2025-08-06T09:32:14,10.6248,10.6267,10.5963,10.6267,132.6316
2025-08-06T09:32:15,10.6267,10.6324,10.6267,10.6296,353.4737
2025-08-06T09:32:16,10.6267,10.6267,10.6248,10.6267,107.1579
2025-08-06T09:32:17,10.6267,10.6267,10.5963,10.621,881.5263
2025-08-06T09:32:18,10.6191,10.621,10.602,10.6077,460.9474
2025-08-06T09:32:19,10.6115,10.6115,10.6096,10.6113,74.3158
2025-08-06T09:32:20,10.6039,10.6115,10.6039,10.6113,141.2632
2025-08-06T09:32:21,10.6022,10.6022,10.6022,10.6022,29.6316
2025-08-06T09:32:22,10.6039,10.6039,10.5583,10.5906,1337.0
2025-08-06T09:32:23,10.5925,10.5925,10.5906,10.5925,137.2105
2025-08-06T09:32:24,10.5906,10.6058,10.5621,10.5621,338.0526
2025-08-06T09:32:25,10.6039,10.6039,10.5925,10.5925,88.6842
2025-08-06T09:32:26,10.5982,10.5982,10.5925,10.5925,586.4737
2025-08-06T09:32:27,10.5944,10.6115,10.5925,10.5944,289.0
2025-08-06T09:32:29,10.6115,10.6286,10.6096,10.6096,253.8947
2025-08-06T09:32:30,10.64,10.64,10.621,10.6286,249.0526
2025-08-06T09:32:31,10.6381,10.6381,10.6381,10.6381,13.2105
2025-08-06T09:32:32,10.6134,10.6419,10.6134,10.6419,109.5789
2025-08-06T09:32:33,10.6685,10.6685,10.6229,10.6229,76.0526
2025-08-06T09:32:34,10.6362,10.6362,10.6324,10.6324,50.6842
2025-08-06T09:32:35,10.6685,10.6685,10.6417,10.6683,492.1053
2025-08-06T09:32:36,10.6343,10.6685,10.6343,10.6685,110.5789
2025-08-06T09:32:37,10.6685,10.6723,10.6666,10.6723,91.9474
2025-08-06T09:32:38,10.6704,10.6723,10.6704,10.6704,352.6842
2025-08-06T09:32:39,10.7027,10.7217,10.6894,10.6894,50.0
2025-08-06T09:32:40,10.6894,10.7217,10.6894,10.7217,274.4737
2025-08-06T09:32:41,10.735,10.7445,10.7217,10.7445,519.4737
2025-08-06T09:32:42,10.7445,10.7445,10.7255,10.7331,489.0
2025-08-06T09:32:43,10.7445,10.7445,10.735,10.7369,201.2105
2025-08-06T09:32:44,10.735,10.735,10.6951,10.6951,378.8421
2025-08-06T09:32:45,10.7141,10.7141,10.7065,10.7122,80.3158
2025-08-06T09:32:46,10.7027,10.7445,10.697,10.7445,2151.6842
2025-08-06T09:32:47,10.7426,10.7445,10.7426,10.7426,918.7368
2025-08-06T09:32:48,10.7426,10.7426,10.7426,10.7426,106.7368
2025-08-06T09:32:49,10.7445,10.7445,10.7445,10.7445,173.2632
2025-08-06T09:32:50,10.7426,10.7445,10.7426,10.7426,555.5263
2025-08-06T09:32:51,10.7426,10.7445,10.7426,10.7426,130.1053
2025-08-06T09:32:52,10.7426,10.7436,10.6932,10.6932,1552.0
2025-08-06T09:32:53,10.7312,10.7312,10.64,10.6951,883.0526
2025-08-06T09:32:54,10.6723,10.6951,10.6495,10.6906,241.8421
2025-08-06T09:32:55,10.6495,10.6913,10.6495,10.6714,464.5263
2025-08-06T09:32:56,10.6932,10.6932,10.6495,10.6495,97.6842
2025-08-06T09:32:57,10.6894,10.6894,10.64,10.6742,803.7895
2025-08-06T09:32:58,10.6571,10.6571,10.6495,10.6495,81.4211
2025-08-06T09:32:59,10.6552,10.6837,10.6552,10.6571,810.1053
2025-08-06T09:33:00,10.6571,10.6571,10.6495,10.6571,846.6842
2025-08-06T09:33:01,10.6505,10.6514,10.64,10.6419,578.0526
2025-08-06T09:33:02,10.649,10.6514,10.6419,10.6438,253.5263
2025-08-06T09:33:03,10.6457,10.6495,10.6457,10.6495,333.1053
2025-08-06T09:33:04,10.6476,10.6495,10.6438,10.6457,471.3158
2025-08-06T09:33:05,10.6492,10.6492,10.6448,10.6448,580.8947
2025-08-06T09:33:06,10.6486,10.6514,10.6486,10.6495,393.0526
2025-08-06T09:33:07,10.6514,10.6514,10.6476,10.6514,498.5789
2025-08-06T09:33:08,10.6512,10.6514,10.6512,10.6514,31.8421
2025-08-06T09:33:09,10.6495,10.6495,10.6495,10.6495,28.4211
2025-08-06T09:33:10,10.6495,10.6495,10.6495,10.6495,7.3684
2025-08-06T09:33:11,10.6495,10.6514,10.6495,10.6505,183.3158
2025-08-06T09:33:12,10.6495,10.6505,10.6495,10.6495,135.2632
2025-08-06T09:33:13,10.6514,10.6514,10.6495,10.6495,358.6842
2025-08-06T09:33:14,10.6495,10.6514,10.6495,10.6514,71.3158
2025-08-06T09:33:15,10.6495,10.6514,10.6495,10.6495,202.3684
2025-08-06T09:33:16,10.6495,10.6514,10.6495,10.6495,488.3158
2025-08-06T09:33:17,10.6505,10.6514,10.6495,10.6495,221.6316
2025-08-06T09:33:18,10.6495,10.6514,10.6495,10.6514,138.4211
2025-08-06T09:33:19,10.6505,10.6514,10.6495,10.6495,560.5263
2025-08-06T09:33:20,10.6514,10.6514,10.6505,10.6505,38.8947
2025-08-06T09:33:21,10.6514,10.6514,10.6495,10.6495,301.5789
2025-08-06T09:33:22,10.6514,10.6514,10.6495,10.6495,14.1579
2025-08-06T09:33:23,10.6505,10.6514,10.6505,10.6514,21.7895
2025-08-06T09:33:24,10.6495,10.6495,10.6476,10.6495,2802.5789
2025-08-06T09:33:25,10.6486,10.6495,10.6476,10.6476,182.0526
2025-08-06T09:33:26,10.6476,10.6476,10.6476,10.6476,324.4737
2025-08-06T09:33:27,10.6476,10.6495,10.6476,10.6495,684.2632
2025-08-06T09:33:28,10.6493,10.6493,10.6153,10.6153,3796.1053
2025-08-06T09:33:29,10.6153,10.6153,10.5469,10.5849,1932.0526
2025-08-06T09:33:30,10.5849,10.5849,10.5583,10.583,44.8947
2025-08-06T09:33:31,10.5849,10.5849,10.4823,10.4823,762.6316
2025-08-06T09:33:32,10.5013,10.5023,10.5013,10.5023,53.0
2025-08-06T09:33:33,10.5222,10.5222,10.4842,10.4842,515.0526
2025-08-06T09:33:34,10.4823,10.4975,10.4804,10.4823,161.2105
2025-08-06T09:33:35,10.4842,10.5013,10.4671,10.4842,2987.0526
2025-08-06T09:33:36,10.4709,10.4747,10.4671,10.4745,1664.8947
2025-08-06T09:33:37,10.4709,10.4747,10.4709,10.4747,140.1579
2025-08-06T09:33:38,10.4709,10.4709,10.4709,10.4709,129.4211
2025-08-06T09:33:39,10.4747,10.5032,10.4709,10.5032,384.6842
2025-08-06T09:33:40,10.4709,10.4747,10.45,10.4671,957.0526
2025-08-06T09:33:41,10.4538,10.4538,10.279,10.279,1776.6842
2025-08-06T09:33:42,10.2809,10.2809,10.089,10.165,2701.8947
2025-08-06T09:33:43,10.0909,10.0919,10.07,10.0914,850.2105
2025-08-06T09:33:44,10.089,10.089,10.07,10.0795,592.6316
2025-08-06T09:33:45,10.0795,10.0833,10.032,10.0463,911.6842
2025-08-06T09:33:46,10.0605,10.0605,10.013,10.013,436.2105
2025-08-06T09:33:47,10.032,10.032,9.9522,9.9522,692.0526
2025-08-06T09:33:48,9.9883,10.0244,9.918,9.9446,1227.3684
2025-08-06T09:33:49,9.9199,9.9712,9.918,9.9674,636.3158
2025-08-06T09:33:50,9.9199,9.9712,9.918,9.918,1236.6842
2025-08-06T09:33:51,9.918,9.9712,9.918,9.9712,2253.5263
2025-08-06T09:33:52,9.9579,9.9693,9.9446,9.9636,470.6842
2025-08-06T09:33:53,9.9645,9.975,9.9579,9.9617,911.0
2025-08-06T09:33:54,9.9731,10.0529,9.9617,10.032,1680.6842
2025-08-06T09:33:55,10.0187,10.0339,10.0016,10.0244,1138.0526
2025-08-06T09:33:56,10.0339,10.0339,10.0149,10.0339,1366.6316
2025-08-06T09:33:57,10.032,10.0624,10.013,10.0624,617.3158
2025-08-06T09:33:58,10.07,10.218,10.07,10.07,802.3684
2025-08-06T09:33:59,10.0928,10.0928,10.0719,10.0719,609.8421
2025-08-06T09:34:00,10.1973,10.1992,10.0814,10.0833,437.6316
2025-08-06T09:34:01,10.089,10.222,10.089,10.1745,942.9474
2025-08-06T09:34:02,10.222,10.222,10.1916,10.1916,1418.7895
2025-08-06T09:34:03,10.1118,10.222,10.1118,10.2201,863.6316
2025-08-06T09:34:04,10.1878,10.222,10.1137,10.1137,1166.4211
2025-08-06T09:34:05,10.1517,10.1878,10.1156,10.1517,740.4211
2025-08-06T09:34:06,10.1517,10.1897,10.1156,10.1897,92.4211
2025-08-06T09:34:07,10.1859,10.1859,10.1859,10.1859,21.0526
2025-08-06T09:34:08,10.1555,10.1745,10.1517,10.1631,410.6316
2025-08-06T09:34:09,10.165,10.1745,10.1536,10.1555,232.4211
2025-08-06T09:34:10,10.1555,10.1555,10.1517,10.1536,238.2632
2025-08-06T09:34:11,10.1536,10.1555,10.1536,10.1536,165.0
2025-08-06T09:34:12,10.1536,10.1555,10.127,10.1393,451.9474
2025-08-06T09:34:13,10.127,10.1536,10.127,10.127,706.2632
2025-08-06T09:34:14,10.1251,10.1517,10.1137,10.1175,667.7895
2025-08-06T09:34:15,10.0909,10.108,10.0776,10.0928,382.1053
2025-08-06T09:34:16,10.1099,10.1099,10.0776,10.1099,321.0526
2025-08-06T09:34:17,10.0795,10.0795,10.0795,10.0795,135.1053
2025-08-06T09:34:18,10.0947,10.1099,10.0814,10.1099,871.6842
2025-08-06T09:34:19,10.1099,10.1156,10.0852,10.1042,238.8421
2025-08-06T09:34:20,10.1137,10.1137,10.0719,10.108,795.1053
2025-08-06T09:34:21,10.0994,10.1118,10.0776,10.0776,504.8947
2025-08-06T09:34:22,10.0776,10.0928,10.0776,10.0776,245.3158
2025-08-06T09:34:23,10.0795,10.0795,10.0776,10.0795,244.3158
2025-08-06T09:34:24,10.0776,10.0795,10.0776,10.0776,971.1053
2025-08-06T09:34:25,10.0776,10.0776,10.07,10.0719,299.9474
2025-08-06T09:34:26,10.0586,10.0681,10.0434,10.0453,583.5789
2025-08-06T09:34:27,10.0567,10.0567,10.0263,10.0263,575.8421
2025-08-06T09:34:28,10.0282,10.0282,9.975,10.0225,1498.3684
2025-08-06T09:34:29,9.975,9.994,9.9579,9.9579,1428.8947
2025-08-06T09:34:30,9.9655,9.9655,9.9579,9.9579,43.0526
2025-08-06T09:34:31,9.9665,9.9731,9.9218,9.9218,1599.2105
2025-08-06T09:34:32,9.9427,9.9655,9.9218,9.9218,609.2105
2025-08-06T09:34:33,9.9361,9.9446,9.918,9.918,1097.4211
2025-08-06T09:34:34,9.918,9.9199,9.918,9.919,79.0
2025-08-06T09:34:35,9.9182,9.9199,9.8952,9.8952,453.3158
2025-08-06T09:34:36,9.8933,9.9161,9.861,9.861,3460.1053
2025-08-06T09:34:37,9.8629,9.9427,9.8591,9.9427,742.7368
2025-08-06T09:34:38,9.9427,9.9446,9.9427,9.9427,559.4211
2025-08-06T09:34:39,9.9437,9.9446,9.9427,9.9427,1051.4737
2025-08-06T09:34:40,9.9437,9.9446,9.9427,9.9427,3320.1053
2025-08-06T09:34:41,9.9427,9.9446,9.9427,9.9446,863.1053
2025-08-06T09:34:42,9.9437,9.9446,9.9427,9.9427,742.3684
2025-08-06T09:34:43,9.9446,9.9465,9.9427,9.9437,1194.7368
2025-08-06T09:34:44,9.9465,9.956,9.9446,9.9513,1286.1579
2025-08-06T09:34:45,9.9503,10.0434,9.9503,9.9522,731.7895
2025-08-06T09:34:46,10.0377,10.0434,9.9579,10.0415,565.3684
2025-08-06T09:34:47,10.0434,10.0434,10.0244,10.0244,91.8421
2025-08-06T09:34:48,10.0339,10.0415,10.0244,10.0415,101.6316
2025-08-06T09:34:49,10.0263,10.0396,10.0244,10.0244,143.3158
2025-08-06T09:34:50,10.0301,10.0339,10.0263,10.0339,129.7895
2025-08-06T09:34:51,10.0339,10.0339,10.0244,10.0301,200.6842
2025-08-06T09:34:52,10.0301,10.0434,10.0263,10.0358,483.7368
2025-08-06T09:34:53,10.0339,10.0339,10.0339,10.0339,30.3158
2025-08-06T09:34:54,10.0349,10.0453,10.0339,10.0339,595.4211
2025-08-06T09:34:55,10.0453,10.0586,10.0358,10.0567,625.6316
2025-08-06T09:34:56,10.0596,10.0596,10.0586,10.0586,98.0
2025-08-06T09:34:57,10.0605,10.0776,10.0586,10.0719,1322.2632
2025-08-06T09:34:58,10.0776,10.0814,10.0776,10.0814,86.7895
2025-08-06T09:34:59,10.0852,10.1517,10.0852,10.1346,641.1579
2025-08-06T09:35:00,10.1517,10.1517,10.1365,10.1365,884.9474
2025-08-06T09:35:01,10.1365,10.1479,10.1346,10.1346,1298.8947
2025-08-06T09:35:02,10.1346,10.2657,10.127,10.2629,9755.0
2025-08-06T09:35:03,10.2657,10.3569,10.26,10.2676,1930.2105
2025-08-06T09:35:04,10.336,10.4481,10.336,10.4481,188.2632
2025-08-06T09:35:05,10.3341,10.4481,10.3341,10.336,884.2105
2025-08-06T09:35:06,10.4338,10.5982,10.431,10.5982,835.0526
2025-08-06T09:35:07,10.5602,10.5602,10.5203,10.5222,110.6316
2025-08-06T09:35:08,10.5222,10.5222,10.45,10.45,925.2632
2025-08-06T09:35:09,10.583,10.583,10.45,10.5127,585.1579
2025-08-06T09:35:10,10.5146,10.5241,10.4481,10.5127,2516.0526
2025-08-06T09:35:11,10.5127,10.5146,10.4481,10.5146,368.2105
2025-08-06T09:35:12,10.488,10.5108,10.4481,10.5108,326.4737
2025-08-06T09:35:13,10.5108,10.5963,10.4557,10.4804,1806.1579
2025-08-06T09:35:14,10.5393,10.5602,10.4557,10.5127,977.0
2025-08-06T09:35:15,10.4576,10.4652,10.2638,10.3531,916.7368
2025-08-06T09:35:16,10.279,10.3531,10.279,10.3512,348.1579
2025-08-06T09:35:17,10.3189,10.3189,10.2866,10.2866,78.5263
2025-08-06T09:35:18,10.2866,10.3531,10.2866,10.3531,210.5789
2025-08-06T09:35:19,10.3531,10.3531,10.3189,10.3512,237.3158
2025-08-06T09:35:20,10.2866,10.2866,10.2866,10.2866,11.6316
2025-08-06T09:35:21,10.336,10.336,10.3189,10.3208,53.7895
2025-08-06T09:35:22,10.3417,10.3512,10.3189,10.3512,289.4211
2025-08-06T09:35:23,10.3199,10.3199,10.3199,10.3199,25.1053
2025-08-06T09:35:24,10.2866,10.3161,10.2866,10.2866,76.6316
2025-08-06T09:35:25,10.3436,10.3436,10.2619,10.3341,291.5789
2025-08-06T09:35:26,10.2657,10.2847,10.2657,10.2847,24.5789
2025-08-06T09:35:28,10.2742,10.2866,10.2391,10.2391,685.9474
2025-08-06T09:35:29,10.2629,10.2629,10.2629,10.2629,368.5789
2025-08-06T09:35:30,10.2866,10.2866,10.222,10.222,215.4211
2025-08-06T09:35:31,10.1935,10.1935,10.1935,10.1935,26.3158
2025-08-06T09:35:32,10.1935,10.1935,10.1517,10.1555,669.7368
2025-08-06T09:35:33,10.1897,10.1935,10.1897,10.1935,75.2105
2025-08-06T09:35:34,10.1954,10.2239,10.1954,10.2239,168.3684
2025-08-06T09:35:35,10.2087,10.2239,10.1935,10.1935,133.4211
2025-08-06T09:35:36,10.2239,10.2239,10.1954,10.1954,321.0526
2025-08-06T09:35:37,10.2239,10.2239,10.1935,10.2087,571.3158
2025-08-06T09:35:38,10.2239,10.2239,10.2239,10.2239,37.2105
2025-08-06T09:35:39,10.2087,10.2239,10.1593,10.1935,617.6316
2025-08-06T09:35:40,10.2239,10.2239,10.2011,10.2011,556.0526
2025-08-06T09:35:41,10.2011,10.203,10.1954,10.1954,204.6316
2025-08-06T09:35:42,10.2163,10.2163,10.2163,10.2163,11.8421
2025-08-06T09:35:43,10.2239,10.2239,10.2239,10.2239,5.7895
2025-08-06T09:35:44,10.2201,10.222,10.2163,10.2201,496.1053
2025-08-06T09:35:45,10.2163,10.2163,10.1992,10.1992,556.4211
2025-08-06T09:35:46,10.1897,10.1897,10.1669,10.1669,127.0
2025-08-06T09:35:47,10.1916,10.1916,10.1593,10.1593,358.6842
2025-08-06T09:35:48,10.1593,10.1707,10.127,10.127,519.0
2025-08-06T09:35:49,10.1441,10.1859,10.1118,10.1859,833.4737
2025-08-06T09:35:50,10.1346,10.1441,10.0795,10.0795,1599.4211
2025-08-06T09:35:51,10.1137,10.1137,10.0776,10.0776,58.0
2025-08-06T09:35:52,10.1118,10.1156,10.0966,10.0976,241.5263
2025-08-06T09:35:53,10.0814,10.1137,10.0795,10.1137,36.5789
2025-08-06T09:35:54,10.1137,10.1156,10.1137,10.1137,325.6842
2025-08-06T09:35:55,10.1156,10.1156,10.1137,10.1146,152.3684
2025-08-06T09:35:56,10.1156,10.1156,10.1137,10.1137,203.8421
2025-08-06T09:35:57,10.1156,10.1935,10.1137,10.1156,274.0526
2025-08-06T09:35:58,10.1175,10.1935,10.1175,10.1175,601.6316
2025-08-06T09:35:59,10.1555,10.1935,10.1555,10.1916,532.4211
2025-08-06T09:36:00,10.1935,10.1954,10.1935,10.1954,141.9474
2025-08-06T09:36:01,10.203,10.2087,10.1745,10.1745,272.1579
2025-08-06T09:36:02,10.203,10.2201,10.1916,10.2201,175.8947
2025-08-06T09:36:03,10.2068,10.2771,10.2011,10.2201,838.1053
2025-08-06T09:36:04,10.2429,10.2771,10.2429,10.2771,1066.1053
2025-08-06T09:36:05,10.2752,10.2771,10.2182,10.2771,555.6316
2025-08-06T09:36:06,10.2334,10.2771,10.2334,10.2771,1602.3158
2025-08-06T09:36:07,10.2336,10.2771,10.2336,10.2771,36.7895
2025-08-06T09:36:08,10.2752,10.2752,10.2752,10.2752,281.5263
2025-08-06T09:36:09,10.259,10.259,10.259,10.259,7.2632
2025-08-06T09:36:10,10.2429,10.2429,10.2429,10.2429,6.6842
2025-08-06T09:36:12,10.2771,10.317,10.2771,10.298,1146.4737
2025-08-06T09:36:13,10.298,10.317,10.298,10.317,623.5789
2025-08-06T09:36:14,10.3151,10.3512,10.3151,10.3512,1526.3158
2025-08-06T09:36:15,10.3512,10.3512,10.3512,10.3512,52.8947
2025-08-06T09:36:16,10.3512,10.3512,10.317,10.317,263.2632
2025-08-06T09:36:17,10.2999,10.3151,10.2999,10.3151,852.2632
2025-08-06T09:36:18,10.3151,10.3151,10.3065,10.3065,125.0526
2025-08-06T09:36:19,10.298,10.298,10.298,10.298,108.8947
2025-08-06T09:36:20,10.3132,10.3151,10.298,10.3151,151.2105
2025-08-06T09:36:21,10.3018,10.3056,10.2999,10.3056,179.8421
2025-08-06T09:36:22,10.3056,10.3151,10.3037,10.3056,686.8947
2025-08-06T09:36:23,10.3075,10.3113,10.2961,10.2961,270.6842
2025-08-06T09:36:24,10.2904,10.2961,10.2885,10.2885,25.7895
2025-08-06T09:36:25,10.298,10.298,10.2885,10.2961,90.6842
2025-08-06T09:36:26,10.2904,10.2904,10.2904,10.2904,521.8947
2025-08-06T09:36:27,10.2961,10.298,10.2932,10.2932,398.1579
2025-08-06T09:36:28,10.298,10.298,10.2904,10.2961,45.3684
2025-08-06T09:36:29,10.298,10.298,10.2923,10.2923,37.5263
2025-08-06T09:36:30,10.2923,10.2961,10.2923,10.2942,457.1579
2025-08-06T09:36:31,10.2923,10.2961,10.2923,10.2923,85.0
2025-08-06T09:36:33,10.2942,10.2952,10.2942,10.2952,35.7368
2025-08-06T09:36:34,10.2952,10.2961,10.2942,10.2942,614.4737
2025-08-06T09:36:35,10.2952,10.2961,10.2942,10.2961,534.4737
2025-08-06T09:36:36,10.2961,10.298,10.2961,10.298,95.0
2025-08-06T09:36:37,10.2961,10.3189,10.2961,10.3189,986.2105
2025-08-06T09:36:38,10.3341,10.3512,10.3094,10.3474,706.5789
2025-08-06T09:36:39,10.3512,10.3531,10.3455,10.3455,54.2105
2025-08-06T09:36:40,10.3512,10.3531,10.3512,10.3531,147.7368
2025-08-06T09:36:42,10.374,10.4101,10.3474,10.3474,168.2105
2025-08-06T09:36:43,10.3493,10.3493,10.3493,10.3493,521.1053
2025-08-06T09:36:44,10.3987,10.3987,10.3721,10.3721,119.3158
2025-08-06T09:36:45,10.3721,10.3721,10.3721,10.3721,131.8947
2025-08-06T09:36:46,10.374,10.374,10.3721,10.374,657.2105
2025-08-06T09:36:47,10.3721,10.374,10.3721,10.374,200.8947
2025-08-06T09:36:48,10.3731,10.374,10.3721,10.3721,1265.9474
2025-08-06T09:36:49,10.3816,10.3892,10.355,10.374,1029.1579
2025-08-06T09:36:50,10.374,10.374,10.3474,10.3474,412.4211
2025-08-06T09:36:51,10.3208,10.3293,10.298,10.3037,279.0526
2025-08-06T09:36:52,10.298,10.2999,10.2752,10.2828,1619.3158
2025-08-06T09:36:53,10.2809,10.2809,10.1859,10.222,1228.7368
2025-08-06T09:36:54,10.1897,10.2144,10.1897,10.2087,368.6316
2025-08-06T09:36:55,10.2087,10.2087,10.2087,10.2087,1052.6842
2025-08-06T09:36:56,10.2068,10.2068,10.1998,10.2068,20.3158
2025-08-06T09:36:57,10.1764,10.2068,10.1764,10.2068,66.5789
2025-08-06T09:36:58,10.1745,10.1764,10.1745,10.1764,54.0
2025-08-06T09:36:59,10.1745,10.2049,10.1745,10.1745,163.3684
2025-08-06T09:37:00,10.1745,10.203,10.1726,10.1726,96.5789
2025-08-06T09:37:02,10.1669,10.1669,10.146,10.146,142.0
2025-08-06T09:37:03,10.165,10.165,10.1346,10.1346,79.7895
2025-08-06T09:37:04,10.1458,10.1458,10.1327,10.1327,240.6842
2025-08-06T09:37:05,10.1337,10.1346,10.1327,10.1346,354.3684
2025-08-06T09:37:06,10.1337,10.1346,10.1327,10.1346,48.0
2025-08-06T09:37:07,10.1346,10.1346,10.1346,10.1346,21.2632
2025-08-06T09:37:08,10.1346,10.1346,10.1327,10.1337,151.4737
2025-08-06T09:37:09,10.1337,10.2087,10.1337,10.1403,421.0
2025-08-06T09:37:10,10.1403,10.2068,10.1403,10.2049,364.5263
2025-08-06T09:37:11,10.1821,10.2087,10.1821,10.2087,144.7368
2025-08-06T09:37:12,10.1688,10.1745,10.1403,10.1574,471.7368
2025-08-06T09:37:13,10.1403,10.1403,10.1327,10.1327,191.2632
2025-08-06T09:37:14,10.1688,10.1688,10.1327,10.1346,30.5789
2025-08-06T09:37:15,10.1375,10.1384,10.1375,10.1384,63.5789
2025-08-06T09:37:16,10.1365,10.2087,10.1346,10.2087,2044.4737
2025-08-06T09:37:17,10.2087,10.2087,10.1441,10.1821,1638.8421
2025-08-06T09:37:19,10.1897,10.1897,10.1897,10.1897,48.0526
2025-08-06T09:37:20,10.1954,10.1954,10.1954,10.1954,50.4737
2025-08-06T09:37:21,10.1954,10.2068,10.1897,10.2049,331.0526
2025-08-06T09:37:22,10.2049,10.2068,10.2049,10.2059,185.0
2025-08-06T09:37:24,10.2059,10.2068,10.1897,10.2066,250.5263
2025-08-06T09:37:25,10.1897,10.1897,10.1897,10.1897,633.3158
2025-08-06T09:37:26,10.203,10.2068,10.203,10.2067,63.1579
2025-08-06T09:37:27,10.1897,10.2049,10.1897,10.1916,317.6316
2025-08-06T09:37:28,10.1897,10.1897,10.1384,10.1821,151.6316
2025-08-06T09:37:29,10.1536,10.1802,10.1536,10.1802,52.7895
2025-08-06T09:37:30,10.1612,10.1707,10.1403,10.1707,111.6316
2025-08-06T09:37:31,10.1764,10.1764,10.1745,10.1745,252.8421
2025-08-06T09:37:32,10.1745,10.1745,10.1745,10.1745,17.4211
2025-08-06T09:37:33,10.1707,10.1764,10.1707,10.1764,89.6316
2025-08-06T09:37:34,10.1745,10.1745,10.1745,10.1745,140.1053
2025-08-06T09:37:35,10.1745,10.1745,10.1745,10.1745,191.5263
2025-08-06T09:37:36,10.1745,10.1745,10.1698,10.1745,308.9474
2025-08-06T09:37:37,10.1745,10.2068,10.1726,10.1954,678.1053
2025-08-06T09:37:38,10.1935,10.2049,10.1935,10.2049,526.7895
2025-08-06T09:37:40,10.1821,10.1821,10.1802,10.1802,286.2632
2025-08-06T09:37:41,10.2049,10.2087,10.2049,10.2068,148.7368
2025-08-06T09:37:42,10.2087,10.2087,10.2049,10.2049,282.5263
2025-08-06T09:37:43,10.203,10.203,10.203,10.203,13.5789
2025-08-06T09:37:44,10.203,10.26,10.203,10.26,404.8947
2025-08-06T09:37:45,10.26,10.4498,10.2581,10.3854,1188.3684
2025-08-06T09:37:46,10.3455,10.3721,10.2714,10.3607,1453.3158
2025-08-06T09:37:47,10.3778,10.3797,10.3778,10.3797,84.7368
2025-08-06T09:37:48,10.3797,10.4101,10.3797,10.4101,357.4211
2025-08-06T09:37:49,10.412,10.45,10.4101,10.45,1010.6842
2025-08-06T09:37:50,10.3797,10.45,10.3797,10.45,526.9474
2025-08-06T09:37:51,10.4025,10.45,10.4025,10.45,113.1579
2025-08-06T09:37:52,10.4481,10.4481,10.4481,10.4481,59.7368
2025-08-06T09:37:53,10.45,10.45,10.4101,10.4101,348.9474
2025-08-06T09:37:54,10.45,10.45,10.4101,10.4101,81.3158
2025-08-06T09:37:55,10.4462,10.4481,10.4082,10.4481,33.1579
2025-08-06T09:37:56,10.3968,10.4405,10.3968,10.4177,327.6842
2025-08-06T09:37:57,10.4187,10.4405,10.4187,10.4405,318.1053
2025-08-06T09:37:58,10.4253,10.4405,10.412,10.412,352.2632
2025-08-06T09:37:59,10.412,10.4405,10.412,10.4253,90.7368
2025-08-06T09:38:00,10.4215,10.4424,10.4215,10.4424,287.3158
2025-08-06T09:38:01,10.4291,10.4424,10.4158,10.4291,316.2105
2025-08-06T09:38:02,10.4177,10.4177,10.4177,10.4177,8.5263
2025-08-06T09:38:03,10.4177,10.4253,10.4101,10.4253,28.2105
2025-08-06T09:38:04,10.412,10.4139,10.412,10.412,682.9474
2025-08-06T09:38:05,10.4253,10.4253,10.4139,10.4253,58.9474
2025-08-06T09:38:06,10.4234,10.4234,10.4234,10.4234,21.0
2025-08-06T09:38:07,10.4253,10.4253,10.4139,10.4177,577.0
2025-08-06T09:38:09,10.4149,10.4177,10.4149,10.4158,343.2105
2025-08-06T09:38:10,10.412,10.4158,10.3474,10.4158,801.7368
2025-08-06T09:38:11,10.3702,10.3702,10.3702,10.3702,16.8947
2025-08-06T09:38:12,10.4158,10.4158,10.4158,10.4158,37.3684
2025-08-06T09:38:13,10.3949,10.4158,10.3949,10.4158,80.3684
2025-08-06T09:38:15,10.3816,10.4139,10.3493,10.3816,126.8947
2025-08-06T09:38:16,10.4101,10.4101,10.3778,10.4101,84.8421
2025-08-06T09:38:17,10.3436,10.4101,10.3436,10.4082,95.7895
2025-08-06T09:38:18,10.3075,10.4101,10.3075,10.4101,136.8947
2025-08-06T09:38:19,10.4044,10.4044,10.3246,10.3246,651.5789
2025-08-06T09:38:20,10.4082,10.4082,10.4082,10.4082,157.6842
2025-08-06T09:38:21,10.4101,10.4101,10.4101,10.4101,23.2105
2025-08-06T09:38:22,10.3917,10.3917,10.3917,10.3917,11.8947
2025-08-06T09:38:23,10.3474,10.3778,10.3474,10.3778,27.6316
2025-08-06T09:38:24,10.4101,10.4101,10.3683,10.3683,36.1053
2025-08-06T09:38:25,10.3873,10.3873,10.3873,10.3873,80.5263
2025-08-06T09:38:26,10.3873,10.3873,10.3873,10.3873,10.5263
2025-08-06T09:38:27,10.3674,10.3854,10.3674,10.3854,317.0
2025-08-06T09:38:28,10.3873,10.3873,10.3873,10.3873,160.1579
2025-08-06T09:38:29,10.3873,10.3873,10.3854,10.3873,78.4737
2025-08-06T09:38:30,10.374,10.374,10.374,10.374,262.0526
2025-08-06T09:38:31,10.3873,10.3873,10.3854,10.3854,59.2105
2025-08-06T09:38:32,10.3664,10.3835,10.3664,10.3835,108.7895
2025-08-06T09:38:34,10.3854,10.3854,10.3854,10.3854,60.6316
2025-08-06T09:38:35,10.3873,10.3873,10.374,10.374,328.5263
2025-08-06T09:38:36,10.374,10.374,10.374,10.374,117.6842
2025-08-06T09:38:37,10.374,10.4139,10.3617,10.3968,820.8947
2025-08-06T09:38:38,10.3854,10.3911,10.3797,10.3835,124.5263
2025-08-06T09:38:39,10.3911,10.4139,10.3911,10.4139,186.8947
2025-08-06T09:38:40,10.4158,10.4158,10.4158,10.4158,526.7895
2025-08-06T09:38:41,10.4139,10.4139,10.4016,10.4016,520.5263
2025-08-06T09:38:42,10.4101,10.4101,10.3037,10.3189,1393.6316
2025-08-06T09:38:43,10.355,10.355,10.355,10.355,22.2105
2025-08-06T09:38:44,10.2809,10.3524,10.2809,10.3524,71.0526
2025-08-06T09:38:45,10.3569,10.3569,10.2049,10.2049,4295.4211
2025-08-06T09:38:46,10.2391,10.2391,10.2049,10.2334,89.1053
2025-08-06T09:38:47,10.2353,10.2353,10.2182,10.2353,319.5263
2025-08-06T09:38:48,10.2353,10.2353,10.2353,10.2353,79.7368
2025-08-06T09:38:49,10.2201,10.2313,10.2192,10.2192,166.2105
2025-08-06T09:38:50,10.2277,10.2277,10.2163,10.2163,15.8421
2025-08-06T09:38:51,10.2163,10.2163,10.203,10.2163,500.7895
2025-08-06T09:38:52,10.203,10.2277,10.203,10.2277,130.1053
2025-08-06T09:38:53,10.2296,10.241,10.2163,10.2329,194.2632
2025-08-06T09:38:54,10.2201,10.2429,10.2201,10.2429,324.2632
2025-08-06T09:38:55,10.241,10.2429,10.241,10.2429,58.4211
2025-08-06T09:38:56,10.241,10.241,10.2391,10.2391,87.3158
2025-08-06T09:38:58,10.241,10.3037,10.241,10.2505,924.1053
2025-08-06T09:38:59,10.2524,10.2524,10.2524,10.2524,6.9474
2025-08-06T09:39:00,10.2923,10.3037,10.2923,10.3018,553.7368
2025-08-06T09:39:01,10.3037,10.3037,10.2505,10.3018,150.1053
2025-08-06T09:39:02,10.3018,10.3018,10.2771,10.3018,61.1053
2025-08-06T09:39:03,10.3037,10.3037,10.3037,10.3037,20.0
2025-08-06T09:39:05,10.2828,10.2828,10.2828,10.2828,19.3684
2025-08-06T09:39:06,10.2961,10.3208,10.2828,10.3075,218.0526
2025-08-06T09:39:07,10.3018,10.3018,10.3018,10.3018,11.6842
2025-08-06T09:39:08,10.3037,10.3037,10.3037,10.3037,19.8947
2025-08-06T09:39:09,10.3436,10.3436,10.3436,10.3436,5.7895
2025-08-06T09:39:10,10.3075,10.3075,10.3075,10.3075,26.3158
2025-08-06T09:39:12,10.3058,10.3058,10.3058,10.3058,368.4211
2025-08-06T09:39:13,10.3246,10.355,10.3246,10.355,61.2632
2025-08-06T09:39:14,10.3778,10.3778,10.3778,10.3778,37.6316
2025-08-06T09:39:15,10.3603,10.3603,10.3603,10.3603,10.2632
2025-08-06T09:39:16,10.3455,10.3645,10.3322,10.3645,344.1579
2025-08-06T09:39:17,10.3626,10.3626,10.3436,10.3569,71.3158
2025-08-06T09:39:18,10.3436,10.3702,10.3436,10.3683,139.3684
2025-08-06T09:39:19,10.3683,10.3721,10.3683,10.3702,161.6316
2025-08-06T09:39:21,10.374,10.374,10.3711,10.3711,546.4737
2025-08-06T09:39:22,10.374,10.3854,10.3721,10.3759,821.1579
2025-08-06T09:39:23,10.374,10.374,10.374,10.374,105.2632
2025-08-06T09:39:24,10.3778,10.3778,10.3778,10.3778,76.7895
2025-08-06T09:39:25,10.4158,10.4158,10.3778,10.3778,31.5789
2025-08-06T09:39:26,10.3968,10.4158,10.3968,10.4158,36.0526
2025-08-06T09:39:28,10.3968,10.3968,10.3968,10.3968,263.1579
2025-08-06T09:39:30,10.3968,10.4156,10.3968,10.4156,179.7368
2025-08-06T09:39:31,10.3968,10.4158,10.3968,10.4158,326.1053
2025-08-06T09:39:32,10.4139,10.4139,10.3968,10.3968,61.6316
2025-08-06T09:39:34,10.4125,10.4125,10.4125,10.4125,30.1053
2025-08-06T09:39:36,10.4101,10.4158,10.3987,10.3987,273.6842
2025-08-06T09:39:37,10.4063,10.4063,10.4006,10.4006,32.4211
2025-08-06T09:39:38,10.4025,10.4044,10.3968,10.4044,515.2632
2025-08-06T09:39:39,10.4025,10.4025,10.4025,10.4025,75.0
2025-08-06T09:39:41,10.4025,10.4025,10.3968,10.3987,502.3158
2025-08-06T09:39:42,10.4006,10.4025,10.3987,10.3987,846.0
2025-08-06T09:39:43,10.4139,10.4139,10.4044,10.4044,142.3158
2025-08-06T09:39:44,10.4158,10.4158,10.4143,10.4143,27.5789
2025-08-06T09:39:45,10.4101,10.4405,10.4101,10.4101,506.1053
2025-08-06T09:39:46,10.4253,10.4386,10.4253,10.4386,810.5789
2025-08-06T09:39:47,10.4405,10.4405,10.4082,10.4082,106.3684
2025-08-06T09:39:48,10.4234,10.4234,10.4101,10.4101,111.0526
2025-08-06T09:39:51,10.4253,10.4386,10.4253,10.4386,55.6842
2025-08-06T09:39:52,10.431,10.4329,10.317,10.3284,2430.7368
2025-08-06T09:39:53,10.3873,10.3873,10.3284,10.3284,266.9474
2025-08-06T09:39:54,10.355,10.355,10.317,10.336,1168.0526
2025-08-06T09:39:55,10.3189,10.3341,10.3189,10.3341,545.6316
2025-08-06T09:39:56,10.317,10.3303,10.2828,10.3303,669.6316
2025-08-06T09:39:57,10.3322,10.3322,10.2847,10.3075,551.4211
2025-08-06T09:39:58,10.3322,10.3322,10.2828,10.3303,277.4211
2025-08-06T09:39:59,10.3303,10.3303,10.3303,10.3303,7.8947
2025-08-06T09:40:00,10.3322,10.3322,10.2828,10.2828,101.6316
2025-08-06T09:40:01,10.2828,10.2828,10.2828,10.2828,30.0
2025-08-06T09:40:02,10.3303,10.3303,10.2828,10.2828,157.2105
2025-08-06T09:40:03,10.3322,10.3322,10.3322,10.3322,532.1053
2025-08-06T09:40:04,10.3303,10.3303,10.2847,10.2847,30.1579
2025-08-06T09:40:06,10.2828,10.2828,10.2828,10.2828,7.4737
2025-08-06T09:40:07,10.3075,10.3588,10.3075,10.3588,971.4211
2025-08-06T09:40:08,10.3759,10.3759,10.3759,10.3759,263.1579
2025-08-06T09:40:09,10.3949,10.4101,10.374,10.4101,1728.6316
2025-08-06T09:40:10,10.4101,10.4101,10.3778,10.4035,73.9474
2025-08-06T09:40:12,10.3797,10.393,10.374,10.378,161.0526
2025-08-06T09:40:14,10.374,10.4405,10.374,10.4405,1349.8421
2025-08-06T09:40:15,10.3778,10.3778,10.3778,10.3778,107.6842
2025-08-06T09:40:16,10.4405,10.4405,10.4405,10.4405,5.2632
2025-08-06T09:40:17,10.4405,10.4405,10.4139,10.4405,158.6316
2025-08-06T09:40:18,10.4405,10.4405,10.4405,10.4405,36.5789
2025-08-06T09:40:19,10.4405,10.4405,10.4386,10.4405,535.1579
2025-08-06T09:40:20,10.4396,10.4405,10.4396,10.4405,119.7895
2025-08-06T09:40:21,10.4405,10.4405,10.4386,10.4405,132.1053
2025-08-06T09:40:22,10.4396,10.4405,10.4272,10.4272,201.1053
2025-08-06T09:40:23,10.4405,10.4405,10.4405,10.4405,267.2105
2025-08-06T09:40:24,10.431,10.431,10.4082,10.4139,164.1053
2025-08-06T09:40:25,10.4082,10.4291,10.4082,10.4291,81.2105
2025-08-06T09:40:26,10.431,10.431,10.431,10.431,13.4211
2025-08-06T09:40:27,10.431,10.431,10.431,10.431,7.4737
2025-08-06T09:40:28,10.4082,10.4082,10.3816,10.3816,150.3684
2025-08-06T09:40:29,10.4063,10.431,10.3835,10.3835,472.1579
2025-08-06T09:40:30,10.4139,10.4139,10.3968,10.3968,558.7368
2025-08-06T09:40:31,10.4139,10.4139,10.3816,10.3968,234.0526
2025-08-06T09:40:32,10.4139,10.4139,10.4139,10.4139,50.0526
2025-08-06T09:40:33,10.412,10.412,10.412,10.412,26.8947
2025-08-06T09:40:34,10.4139,10.4139,10.4139,10.4139,266.3684
2025-08-06T09:40:35,10.3968,10.3968,10.3968,10.3968,8.1053
2025-08-06T09:40:36,10.412,10.412,10.412,10.412,30.5263
2025-08-06T09:40:37,10.412,10.4139,10.412,10.4139,68.8947
2025-08-06T09:40:38,10.4139,10.4139,10.412,10.413,219.0
2025-08-06T09:40:40,10.412,10.412,10.412,10.412,28.3158
2025-08-06T09:40:41,10.4139,10.4139,10.4139,10.4139,5.2632
2025-08-06T09:40:42,10.4139,10.4139,10.4139,10.4139,296.9474
2025-08-06T09:40:43,10.413,10.413,10.413,10.413,5.2632
2025-08-06T09:40:45,10.4139,10.4139,10.412,10.412,121.4211
2025-08-06T09:40:47,10.4139,10.4139,10.4138,10.4138,72.2632
2025-08-06T09:40:48,10.412,10.4139,10.393,10.4139,421.5789
2025-08-06T09:40:49,10.4139,10.4139,10.413,10.413,63.6842
2025-08-06T09:40:50,10.412,10.412,10.412,10.412,10.7895
2025-08-06T09:40:51,10.412,10.412,10.412,10.412,5.3158
2025-08-06T09:40:52,10.412,10.412,10.412,10.412,81.0
2025-08-06T09:40:54,10.412,10.412,10.412,10.412,10.6316
2025-08-06T09:40:55,10.412,10.412,10.412,10.412,26.9474
2025-08-06T09:40:56,10.412,10.4139,10.412,10.4139,319.5789
2025-08-06T09:40:57,10.413,10.4139,10.412,10.412,217.6316
2025-08-06T09:40:58,10.412,10.4139,10.412,10.412,200.0
2025-08-06T09:40:59,10.412,10.412,10.412,10.412,74.0
2025-08-06T09:41:00,10.413,10.4139,10.412,10.412,120.5789
2025-08-06T09:41:01,10.4044,10.4139,10.4044,10.4104,698.2632
2025-08-06T09:41:02,10.412,10.412,10.412,10.412,27.9474
2025-08-06T09:41:03,10.413,10.413,10.412,10.412,66.3158
2025-08-06T09:41:04,10.4139,10.4139,10.4139,10.4139,14.4737
2025-08-06T09:41:05,10.4139,10.4139,10.412,10.412,53.7895
2025-08-06T09:41:09,10.413,10.413,10.413,10.413,25.5263
2025-08-06T09:41:13,10.4139,10.4139,10.412,10.413,37.8947
2025-08-06T09:41:14,10.4139,10.4139,10.4139,10.4139,6.5263
2025-08-06T09:41:15,10.4139,10.4139,10.4139,10.4139,947.4211
2025-08-06T09:41:16,10.413,10.413,10.413,10.413,6.4211
2025-08-06T09:41:17,10.412,10.412,10.412,10.412,842.1053
2025-08-06T09:41:18,10.4139,10.4139,10.412,10.413,537.8421
2025-08-06T09:41:19,10.4139,10.4139,10.4139,10.4139,10.5263
2025-08-06T09:41:20,10.4139,10.4139,10.4139,10.4139,20.8421
2025-08-06T09:41:21,10.412,10.4139,10.412,10.413,72.0526
2025-08-06T09:41:22,10.413,10.413,10.413,10.413,37.8947
2025-08-06T09:41:24,10.412,10.4139,10.412,10.412,121.0526
2025-08-06T09:41:26,10.4139,10.4139,10.374,10.412,895.7895
2025-08-06T09:41:27,10.374,10.4063,10.298,10.298,3328.3158
2025-08-06T09:41:28,10.3246,10.3626,10.3132,10.3227,152.3684
2025-08-06T09:41:29,10.3113,10.3113,10.3113,10.3113,11.7368
2025-08-06T09:41:30,10.298,10.298,10.298,10.298,105.2632
2025-08-06T09:41:31,10.298,10.3075,10.2961,10.2961,157.8947
2025-08-06T09:41:32,10.3113,10.3113,10.3113,10.3113,58.4737
2025-08-06T09:41:33,10.3113,10.3113,10.3094,10.3113,21.0526
2025-08-06T09:41:34,10.3104,10.3246,10.3104,10.3189,442.1579
2025-08-06T09:41:35,10.3189,10.3246,10.3189,10.3246,108.7368
2025-08-06T09:41:36,10.3151,10.3151,10.298,10.298,211.5789
2025-08-06T09:41:37,10.3094,10.3094,10.3094,10.3094,25.3684
2025-08-06T09:41:38,10.3094,10.3094,10.3094,10.3094,26.6842
2025-08-06T09:41:39,10.3018,10.3018,10.2961,10.2961,133.8947
2025-08-06T09:41:40,10.3094,10.3189,10.2961,10.2961,284.2105
2025-08-06T09:41:41,10.3018,10.3094,10.3018,10.3094,24.9474
2025-08-06T09:41:43,10.3018,10.3018,10.2904,10.2904,184.2105
2025-08-06T09:41:44,10.3132,10.3132,10.3132,10.3132,30.8421
2025-08-06T09:41:45,10.2904,10.2904,10.2904,10.2904,52.8421
2025-08-06T09:41:46,10.2923,10.3018,10.2923,10.3018,308.3684
2025-08-06T09:41:47,10.2904,10.2904,10.26,10.26,1652.1053
2025-08-06T09:41:48,10.26,10.26,10.2543,10.26,238.5263
2025-08-06T09:41:49,10.2576,10.26,10.2534,10.2534,94.7895
2025-08-06T09:41:50,10.2524,10.2524,10.2505,10.2515,32.1053
2025-08-06T09:41:51,10.2505,10.26,10.2505,10.2562,246.4211
2025-08-06T09:41:52,10.2524,10.2961,10.2505,10.2548,718.5789
2025-08-06T09:41:54,10.2505,10.2828,10.2505,10.2828,349.1579
2025-08-06T09:41:56,10.2828,10.3246,10.2826,10.3246,402.2105
2025-08-06T09:41:57,10.3265,10.3626,10.3265,10.3436,1440.6316
2025-08-06T09:41:58,10.3246,10.3265,10.3227,10.3265,687.5789
2025-08-06T09:41:59,10.3227,10.3626,10.3227,10.3246,874.6316
2025-08-06T09:42:00,10.3626,10.3626,10.3626,10.3626,53.8947
2025-08-06T09:42:01,10.3265,10.3265,10.3246,10.3246,78.9474
2025-08-06T09:42:02,10.3265,10.3265,10.3265,10.3265,56.0526
2025-08-06T09:42:03,10.3265,10.3265,10.3246,10.3246,11.2632
2025-08-06T09:42:04,10.3208,10.3208,10.3208,10.3208,26.6316
2025-08-06T09:42:05,10.3189,10.3189,10.3037,10.3056,26.4737
2025-08-06T09:42:06,10.3436,10.3436,10.3227,10.3227,58.1579
2025-08-06T09:42:07,10.3037,10.317,10.3037,10.3037,116.5789
2025-08-06T09:42:08,10.3037,10.3037,10.3037,10.3037,147.3684
2025-08-06T09:42:12,10.298,10.298,10.2904,10.2904,158.1053
2025-08-06T09:42:15,10.3189,10.3189,10.3189,10.3189,52.7368
2025-08-06T09:42:16,10.2885,10.3075,10.26,10.26,1103.0526
2025-08-06T09:42:17,10.2866,10.2866,10.203,10.2429,1115.6842
2025-08-06T09:42:18,10.2068,10.2068,10.2068,10.2068,521.0526
2025-08-06T09:42:19,10.2087,10.2087,10.2087,10.2087,532.7895
2025-08-06T09:42:20,10.241,10.241,10.2087,10.2087,73.6842
2025-08-06T09:42:21,10.2106,10.2106,10.2106,10.2106,63.4737
2025-08-06T09:42:22,10.2372,10.2429,10.2068,10.2068,368.4737
2025-08-06T09:42:23,10.2068,10.2068,10.2068,10.2068,265.7895
2025-08-06T09:42:24,10.2182,10.2315,10.2049,10.2068,526.4737
2025-08-06T09:42:25,10.2106,10.2106,10.203,10.2087,288.5789
2025-08-06T09:42:26,10.2106,10.2192,10.2068,10.2192,57.8947
2025-08-06T09:42:27,10.2087,10.2087,10.203,10.203,644.5263
2025-08-06T09:42:28,10.2296,10.2296,10.2011,10.203,549.6842
2025-08-06T09:42:29,10.203,10.2106,10.203,10.203,263.0
2025-08-06T09:42:30,10.203,10.2106,10.203,10.2106,275.7368
2025-08-06T09:42:31,10.2049,10.2049,10.203,10.2031,121.1579
2025-08-06T09:42:32,10.2068,10.2068,10.203,10.203,34.7895
2025-08-06T09:42:33,10.2068,10.2068,10.2068,10.2068,52.6316
2025-08-06T09:42:34,10.203,10.2031,10.203,10.2031,150.2105
2025-08-06T09:42:36,10.203,10.2049,10.203,10.2049,159.4737
2025-08-06T09:42:37,10.203,10.2106,10.203,10.2087,171.8421
2025-08-06T09:42:39,10.2087,10.2315,10.2087,10.2087,464.8421
2025-08-06T09:42:40,10.2087,10.2315,10.2087,10.2315,501.5789
2025-08-06T09:42:41,10.2315,10.2315,10.2106,10.2106,64.0
2025-08-06T09:42:42,10.2315,10.2448,10.2315,10.2391,339.6316
2025-08-06T09:42:43,10.2279,10.2279,10.2279,10.2279,16.3158
2025-08-06T09:42:44,10.2448,10.2448,10.2448,10.2448,5.3158
2025-08-06T09:42:45,10.2277,10.2429,10.2277,10.2429,145.8947
2025-08-06T09:42:46,10.2315,10.2315,10.2315,10.2315,14.1053
2025-08-06T09:42:47,10.2448,10.2448,10.2439,10.2439,33.4737
2025-08-06T09:42:48,10.2448,10.2448,10.2448,10.2448,86.1579
2025-08-06T09:42:49,10.2429,10.2448,10.2429,10.2429,254.0526
2025-08-06T09:42:50,10.2439,10.2439,10.2439,10.2439,7.8947
2025-08-06T09:42:51,10.2429,10.2448,10.2429,10.2448,594.7895
2025-08-06T09:42:53,10.2448,10.2448,10.2296,10.2429,198.4737
2025-08-06T09:42:54,10.2429,10.2581,10.2429,10.2448,743.6316
2025-08-06T09:42:55,10.2581,10.2581,10.2429,10.2429,291.2105
2025-08-06T09:42:56,10.2277,10.2277,10.2068,10.2068,331.6316
2025-08-06T09:42:57,10.2201,10.2239,10.203,10.203,525.5789
2025-08-06T09:42:58,10.203,10.203,10.203,10.203,66.3158
2025-08-06T09:42:59,10.2144,10.2429,10.203,10.203,652.5263
2025-08-06T09:43:00,10.222,10.222,10.203,10.203,593.8421
2025-08-06T09:43:01,10.203,10.203,10.203,10.203,13.9474
2025-08-06T09:43:02,10.2343,10.2343,10.2343,10.2343,9.7368
2025-08-06T09:43:03,10.203,10.203,10.203,10.203,10.5263
2025-08-06T09:43:04,10.203,10.2087,10.203,10.2049,236.6316
2025-08-06T09:43:05,10.203,10.203,10.203,10.203,184.2105
2025-08-06T09:43:06,10.2087,10.2087,10.2059,10.2059,67.5263
2025-08-06T09:43:09,10.2087,10.2087,10.203,10.203,78.1053
2025-08-06T09:43:10,10.2049,10.2049,10.203,10.2049,95.7895
2025-08-06T09:43:11,10.2068,10.2068,10.203,10.203,64.5263
2025-08-06T09:43:12,10.203,10.2049,10.203,10.2049,70.3684
2025-08-06T09:43:13,10.2068,10.2068,10.204,10.204,249.1579
2025-08-06T09:43:14,10.2049,10.2049,10.203,10.203,102.2632
2025-08-06T09:43:15,10.2049,10.2049,10.2049,10.2049,15.1579
2025-08-06T09:43:16,10.203,10.204,10.203,10.203,56.8947
2025-08-06T09:43:17,10.204,10.204,10.203,10.203,417.9474
2025-08-06T09:43:18,10.203,10.203,10.1954,10.203,245.5789
2025-08-06T09:43:19,10.203,10.203,10.203,10.203,11.1579
2025-08-06T09:43:20,10.1954,10.203,10.184,10.184,282.7368
2025-08-06T09:43:21,10.1992,10.1992,10.1992,10.1992,10.5263
2025-08-06T09:43:22,10.1878,10.1878,10.165,10.1688,614.5789
2025-08-06T09:43:23,10.1536,10.184,10.1536,10.1821,109.4211
2025-08-06T09:43:24,10.1498,10.1498,10.1498,10.1498,27.5263
2025-08-06T09:43:25,10.1821,10.1821,10.146,10.146,580.1053
2025-08-06T09:43:26,10.1479,10.1479,10.1441,10.1441,388.2632
2025-08-06T09:43:27,10.146,10.146,10.146,10.146,34.4211
2025-08-06T09:43:28,10.1441,10.1479,10.1422,10.1451,508.4737
2025-08-06T09:43:29,10.1441,10.1441,10.1441,10.1441,10.0526
2025-08-06T09:43:30,10.1441,10.1441,10.1441,10.1441,49.4737
2025-08-06T09:43:31,10.1422,10.1422,10.1422,10.1422,92.4737
2025-08-06T09:43:32,10.146,10.146,10.146,10.146,5.2632
2025-08-06T09:43:34,10.1441,10.1878,10.1441,10.1707,1330.6316
2025-08-06T09:43:35,10.1574,10.1821,10.1574,10.1821,693.3158
2025-08-06T09:43:36,10.1574,10.1574,10.1574,10.1574,12.9474
2025-08-06T09:43:37,10.1707,10.1707,10.1707,10.1707,19.4211
2025-08-06T09:43:39,10.1574,10.1764,10.1441,10.146,1933.0526
2025-08-06T09:43:40,10.1641,10.1669,10.1641,10.1669,97.2632
2025-08-06T09:43:41,10.1574,10.1612,10.1574,10.1612,68.0526
2025-08-06T09:43:42,10.1669,10.1669,10.1479,10.1517,121.0526
2025-08-06T09:43:43,10.1479,10.165,10.1479,10.165,168.9474
2025-08-06T09:43:44,10.1498,10.1688,10.1498,10.165,515.2105
2025-08-06T09:43:45,10.1669,10.1669,10.1669,10.1669,30.6842
2025-08-06T09:43:46,10.165,10.1707,10.165,10.1669,1167.1053
2025-08-06T09:43:47,10.1669,10.1669,10.1669,10.1669,57.4737
2025-08-06T09:43:48,10.1669,10.1669,10.1669,10.1669,55.3158
2025-08-06T09:43:49,10.1669,10.1669,10.1517,10.1626,193.3684
2025-08-06T09:43:50,10.1565,10.1565,10.1565,10.1565,56.2105
2025-08-06T09:43:51,10.1479,10.1612,10.1479,10.1612,72.9474
2025-08-06T09:43:52,10.1669,10.1669,10.165,10.165,952.4211
2025-08-06T09:43:53,10.165,10.1669,10.165,10.165,87.0526
2025-08-06T09:43:54,10.165,10.165,10.165,10.165,54.8421
2025-08-06T09:43:55,10.165,10.165,10.165,10.165,68.7368
2025-08-06T09:43:57,10.165,10.1669,10.165,10.1669,124.8421
2025-08-06T09:43:58,10.165,10.165,10.165,10.165,82.5263
2025-08-06T09:43:59,10.1669,10.1669,10.165,10.165,158.4211
2025-08-06T09:44:00,10.166,10.166,10.165,10.165,27.2632
2025-08-06T09:44:01,10.165,10.165,10.165,10.165,55.0
2025-08-06T09:44:02,10.165,10.165,10.165,10.165,67.3158
2025-08-06T09:44:03,10.1669,10.1669,10.165,10.165,553.3158
2025-08-06T09:44:04,10.165,10.165,10.165,10.165,131.5789
2025-08-06T09:44:05,10.165,10.165,10.1574,10.1574,75.2105
2025-08-06T09:44:06,10.1498,10.1498,10.146,10.146,669.6316
2025-08-06T09:44:07,10.1441,10.1479,10.1422,10.147,981.7368
2025-08-06T09:44:08,10.1422,10.1517,10.1346,10.1365,246.8947
2025-08-06T09:44:09,10.1432,10.1432,10.1365,10.1365,43.9474
2025-08-06T09:44:10,10.1422,10.1422,10.108,10.1308,1062.7895
2025-08-06T09:44:11,10.0985,10.1004,10.0985,10.1004,688.6842
2025-08-06T09:44:12,10.1156,10.1156,10.0795,10.1042,193.0
2025-08-06T09:44:13,10.0776,10.1042,10.0776,10.0776,102.5263
2025-08-06T09:44:14,10.0795,10.0795,10.0776,10.0776,303.4737
2025-08-06T09:44:15,10.0776,10.0776,10.07,10.07,1696.7368
2025-08-06T09:44:16,10.07,10.0776,10.07,10.07,542.3684
2025-08-06T09:44:17,10.0719,10.0719,10.07,10.07,236.6316
2025-08-06T09:44:18,10.07,10.0719,10.07,10.07,936.1053
2025-08-06T09:44:19,10.07,10.07,10.07,10.07,16.8421
2025-08-06T09:44:20,10.07,10.07,10.0567,10.0567,459.4737
2025-08-06T09:44:21,10.07,10.07,10.0491,10.0662,486.1579
2025-08-06T09:44:22,10.0491,10.051,10.0491,10.051,55.1579
2025-08-06T09:44:23,10.0576,10.0662,10.0491,10.0491,517.2632
2025-08-06T09:44:24,10.0586,10.0586,10.0472,10.0472,235.5789
2025-08-06T09:44:26,10.0472,10.0491,10.0453,10.0472,365.3684
2025-08-06T09:44:27,10.0453,10.0472,10.0453,10.0453,1160.3158
2025-08-06T09:44:28,10.0434,10.0453,10.0263,10.0263,957.8421
2025-08-06T09:44:29,10.0244,10.0377,10.0168,10.0168,346.8421
2025-08-06T09:44:30,10.0168,10.0187,9.975,10.0007,1420.0
2025-08-06T09:44:31,9.9788,9.9788,9.975,9.975,479.0526
2025-08-06T09:44:33,9.975,9.975,9.975,9.975,91.0
2025-08-06T09:44:34,9.9788,9.9788,9.975,9.9769,84.8421
2025-08-06T09:44:35,9.975,9.9788,9.975,9.975,305.7895
2025-08-06T09:44:36,9.9769,9.9769,9.975,9.975,620.4737
2025-08-06T09:44:37,9.975,9.975,9.956,9.956,1080.7368
2025-08-06T09:44:38,9.956,9.956,9.937,9.937,418.5263
2025-08-06T09:44:39,9.956,9.956,9.937,9.937,512.6842
2025-08-06T09:44:40,9.9389,9.9541,9.937,9.9389,914.5789
2025-08-06T09:44:41,9.937,9.9389,9.937,9.938,1015.5789
2025-08-06T09:44:42,9.956,9.956,9.937,9.9484,923.0526
2025-08-06T09:44:43,9.9465,9.956,9.9446,9.9446,2171.0
2025-08-06T09:44:44,9.9503,9.956,9.9446,9.9503,374.5263
2025-08-06T09:44:45,9.9503,10.0168,9.9446,9.9598,2807.2105
2025-08-06T09:44:46,9.9712,9.9864,9.9579,9.9864,719.0
2025-08-06T09:44:47,9.9864,10.0168,9.956,9.956,194.1579
2025-08-06T09:44:48,9.9883,10.0168,9.9617,9.9674,552.2632
2025-08-06T09:44:49,9.9693,9.9864,9.9655,9.9655,504.8947
2025-08-06T09:44:50,9.9845,9.9864,9.9655,9.9712,500.0
2025-08-06T09:44:51,9.956,9.9636,9.956,9.9607,295.2105
2025-08-06T09:44:52,9.9655,9.9655,9.9655,9.9655,264.1579
2025-08-06T09:44:53,9.9655,9.9864,9.956,9.9864,512.3684
2025-08-06T09:44:54,9.9779,9.9779,9.9779,9.9779,17.2632
2025-08-06T09:44:55,9.9845,9.9845,9.9693,9.9693,73.7895
2025-08-06T09:44:56,9.975,9.975,9.9712,9.9712,58.1579
2025-08-06T09:44:57,9.9722,9.9731,9.9693,9.9693,981.6316
2025-08-06T09:44:58,9.975,10.0415,9.9693,10.0206,2008.6842
2025-08-06T09:44:59,10.0434,10.0434,10.0434,10.0434,23.5263
2025-08-06T09:45:00,10.0206,10.0206,9.9978,9.9997,38.5789
2025-08-06T09:45:01,9.9978,10.0453,9.9978,10.0453,528.4737
2025-08-06T09:45:02,10.0206,10.0434,10.0187,10.0434,346.7895
2025-08-06T09:45:03,10.0206,10.0206,10.0206,10.0206,41.4737
2025-08-06T09:45:04,10.0187,10.0187,10.0187,10.0187,46.3158
2025-08-06T09:45:05,10.0206,10.0206,10.0187,10.0206,235.3684
2025-08-06T09:45:06,10.0187,10.0187,9.975,10.0168,105.8421
2025-08-06T09:45:07,9.9807,10.0168,9.9807,10.0168,229.7368
2025-08-06T09:45:08,10.0149,10.0149,10.0149,10.0149,15.4737
2025-08-06T09:45:09,10.0149,10.0149,9.9769,9.9959,305.7368
2025-08-06T09:45:10,9.9788,9.9788,9.9598,9.9712,434.8421
2025-08-06T09:45:11,9.9712,9.9769,9.9693,9.9769,216.1053
2025-08-06T09:45:12,9.9731,9.9769,9.9693,9.975,632.9474
2025-08-06T09:45:13,9.9627,9.9627,9.9617,9.9617,99.3684
2025-08-06T09:45:14,9.9636,9.9636,9.9617,9.9636,208.5789
2025-08-06T09:45:15,9.9636,9.9636,9.9636,9.9636,7.8947
2025-08-06T09:45:16,9.9617,9.9636,9.9617,9.9636,215.6842
2025-08-06T09:45:17,9.9617,9.9636,9.937,9.937,1660.9474
2025-08-06T09:45:19,9.937,9.956,9.937,9.937,509.1053
2025-08-06T09:45:20,9.9465,9.956,9.937,9.9465,100.3684
2025-08-06T09:45:22,9.9541,9.9541,9.9427,9.9427,404.1579
2025-08-06T09:45:23,9.9427,9.9446,9.937,9.937,592.1053
2025-08-06T09:45:24,9.9465,9.9465,9.9465,9.9465,24.0526
2025-08-06T09:45:25,9.9465,9.9465,9.9465,9.9465,105.2632
2025-08-06T09:45:26,9.937,9.9465,9.937,9.937,397.0526
2025-08-06T09:45:27,9.9427,9.9465,9.9427,9.9465,92.9474
2025-08-06T09:45:28,9.937,9.9389,9.937,9.937,33.3684
2025-08-06T09:45:29,9.9465,9.9465,9.937,9.9389,757.9474
2025-08-06T09:45:30,9.937,9.937,9.937,9.937,53.1579
2025-08-06T09:45:31,9.937,9.937,9.937,9.937,6.3158
2025-08-06T09:45:33,9.937,9.937,9.937,9.937,123.8421
2025-08-06T09:45:34,9.937,9.937,9.937,9.937,124.6316
2025-08-06T09:45:35,9.937,9.937,9.937,9.937,23.4737
2025-08-06T09:45:36,9.937,9.937,9.937,9.937,1673.7895
2025-08-06T09:45:37,9.937,9.937,9.937,9.937,210.6316
2025-08-06T09:45:38,9.937,9.9389,9.937,9.9389,721.1579
2025-08-06T09:45:39,9.937,9.937,9.937,9.937,249.9474
2025-08-06T09:45:40,9.937,9.9389,9.937,9.9389,317.4737
2025-08-06T09:45:42,9.9389,9.9389,9.937,9.937,302.7895
2025-08-06T09:45:43,9.937,9.9389,9.937,9.938,377.8947
2025-08-06T09:45:44,9.937,9.937,9.937,9.937,281.3684
2025-08-06T09:45:45,9.937,9.9372,9.937,9.9372,157.3158
2025-08-06T09:45:46,9.9332,9.9372,9.9332,9.937,106.3684
2025-08-06T09:45:47,9.9332,9.9332,9.9332,9.9332,32.1579
2025-08-06T09:45:48,9.9313,9.9313,9.88,9.8952,2314.1579
2025-08-06T09:45:49,9.8838,9.8838,9.8819,9.8819,231.6316
2025-08-06T09:45:51,9.8819,9.8914,9.8819,9.8914,49.7368
2025-08-06T09:45:52,9.8838,9.8895,9.88,9.88,765.4737
2025-08-06T09:45:53,9.8838,9.8914,9.88,9.882,1227.2105
2025-08-06T09:45:54,9.8914,9.8914,9.8914,9.8914,16.7368
2025-08-06T09:45:55,9.8819,9.882,9.88,9.8819,663.0
2025-08-06T09:45:56,9.881,9.881,9.88,9.88,607.8947
2025-08-06T09:45:57,9.8819,9.8819,9.88,9.8819,234.2632
2025-08-06T09:45:58,9.8819,9.8819,9.88,9.88,1271.5789
2025-08-06T09:45:59,9.8819,9.8819,9.88,9.88,1548.2105
2025-08-06T09:46:00,9.88,9.8819,9.88,9.88,991.8947
2025-08-06T09:46:01,9.88,9.8819,9.8382,9.8382,1215.6842
2025-08-06T09:46:02,9.8363,9.8363,9.823,9.8287,1016.4211
2025-08-06T09:46:03,9.8249,9.8325,9.785,9.785,1224.2105
2025-08-06T09:46:04,9.785,9.7869,9.7793,9.7831,470.3684
2025-08-06T09:46:05,9.7793,9.7831,9.7565,9.7831,777.5789
2025-08-06T09:46:06,9.7546,9.7603,9.747,9.7471,421.5789
2025-08-06T09:46:07,9.7508,9.7622,9.7489,9.7546,832.1053
2025-08-06T09:46:08,9.7831,9.7926,9.7565,9.7565,2046.4211
2025-08-06T09:46:09,9.7584,9.7584,9.7204,9.7451,795.2105
2025-08-06T09:46:10,9.747,9.747,9.7223,9.7223,157.2105
2025-08-06T09:46:11,9.7223,9.7451,9.7204,9.7204,732.3684
2025-08-06T09:46:12,9.7432,9.7432,9.7204,9.7432,630.2632
2025-08-06T09:46:13,9.7318,9.7337,9.7204,9.7337,721.6316
2025-08-06T09:46:14,9.7356,9.7356,9.7318,9.7318,897.6316
2025-08-06T09:46:15,9.7337,9.7337,9.7318,9.732,499.7368
2025-08-06T09:46:16,9.7318,9.7432,9.7318,9.7318,400.5789
2025-08-06T09:46:17,9.7356,9.7698,9.7337,9.7603,2910.0526
2025-08-06T09:46:18,9.7717,9.7736,9.7508,9.7717,1228.6842
2025-08-06T09:46:19,9.7736,9.7736,9.7717,9.7736,395.6316
2025-08-06T09:46:20,9.7736,9.785,9.7717,9.7755,828.8421
2025-08-06T09:46:21,9.7736,9.8059,9.7736,9.7926,549.4737
2025-08-06T09:46:22,9.7983,9.7983,9.7926,9.7945,1136.0526
2025-08-06T09:46:23,9.7945,9.823,9.7945,9.823,971.3684
2025-08-06T09:46:24,9.823,9.823,9.7983,9.823,178.9474
2025-08-06T09:46:25,9.823,9.823,9.814,9.814,326.3158
2025-08-06T09:46:26,9.8154,9.8211,9.7983,9.7983,166.1053
2025-08-06T09:46:27,9.8211,9.8249,9.8211,9.8249,284.7368
2025-08-06T09:46:28,9.8192,9.8192,9.8173,9.8173,281.3684
2025-08-06T09:46:29,9.8173,9.8192,9.8173,9.8192,441.4737
2025-08-06T09:46:30,9.8211,9.8211,9.8173,9.8173,100.0526
2025-08-06T09:46:31,9.8192,9.8211,9.7603,9.7622,1716.3158
2025-08-06T09:46:32,9.785,9.785,9.7489,9.7812,553.9474
2025-08-06T09:46:33,9.7812,9.7812,9.7527,9.7527,176.7895
2025-08-06T09:46:34,9.7793,9.7793,9.7736,9.7772,106.2105
2025-08-06T09:46:35,9.7755,9.7812,9.7755,9.7793,106.8421
2025-08-06T09:46:36,9.7793,9.7812,9.7508,9.7508,532.8421
2025-08-06T09:46:37,9.7508,9.7508,9.7508,9.7508,78.9474
2025-08-06T09:46:38,9.7527,9.7527,9.7527,9.7527,19.1579
2025-08-06T09:46:39,9.7508,9.7518,9.7508,9.7518,68.4211
2025-08-06T09:46:40,9.7527,9.7527,9.7508,9.7508,353.7368
2025-08-06T09:46:41,9.7527,9.7527,9.7508,9.7508,219.2632
2025-08-06T09:46:42,9.7508,9.7508,9.747,9.747,168.0
2025-08-06T09:46:43,9.7508,9.7508,9.747,9.747,527.0526
2025-08-06T09:46:44,9.7451,9.7508,9.7223,9.7375,912.1053
2025-08-06T09:46:45,9.7356,9.7375,9.7242,9.7242,1048.3684
2025-08-06T09:46:46,9.7242,9.7508,9.7242,9.7413,740.1053
2025-08-06T09:46:47,9.7404,9.7404,9.7404,9.7404,28.0526
2025-08-06T09:46:48,9.7356,9.7375,9.7299,9.7337,114.5789
2025-08-06T09:46:49,9.7356,9.7356,9.7299,9.7299,145.7895
2025-08-06T09:46:50,9.728,9.7299,9.7271,9.7271,43.0
2025-08-06T09:46:51,9.7271,9.7271,9.7204,9.7242,896.8947
2025-08-06T09:46:52,9.7223,9.7242,9.7223,9.7242,10.5789
2025-08-06T09:46:53,9.7223,9.7242,9.7185,9.7204,562.4211
2025-08-06T09:46:54,9.7204,9.7223,9.7052,9.7052,561.7895
2025-08-06T09:46:55,9.7223,9.7223,9.7128,9.7128,11.1053
2025-08-06T09:46:56,9.7128,9.7166,9.7052,9.7166,75.9474
2025-08-06T09:46:57,9.7166,9.7166,9.6995,9.6995,368.1053
2025-08-06T09:46:58,9.7109,9.7109,9.6976,9.6996,82.2105
2025-08-06T09:46:59,9.6938,9.7128,9.6919,9.7014,638.0526
2025-08-06T09:47:00,9.6919,9.7109,9.6919,9.7109,501.2105
2025-08-06T09:47:01,9.7109,9.7109,9.709,9.709,24.7895
2025-08-06T09:47:02,9.7109,9.7508,9.7099,9.7508,2069.2105
2025-08-06T09:47:03,9.7499,9.7565,9.7499,9.7546,1200.4211
2025-08-06T09:47:04,9.7546,9.7774,9.7546,9.7643,243.0526
2025-08-06T09:47:05,9.7774,9.7774,9.7708,9.7708,222.6842
2025-08-06T09:47:06,9.7774,9.7812,9.7774,9.7812,196.1579
2025-08-06T09:47:07,9.7812,9.7812,9.7812,9.7812,23.6842
2025-08-06T09:47:08,9.7831,9.7964,9.7831,9.7964,107.1579
2025-08-06T09:47:09,9.7983,9.7983,9.7964,9.7964,109.9474
2025-08-06T09:47:10,9.7964,9.88,9.7964,9.8268,2011.1053
2025-08-06T09:47:11,9.8458,9.88,9.8344,9.8686,1996.5789
2025-08-06T09:47:12,9.88,9.88,9.8609,9.88,681.5263
2025-08-06T09:47:13,9.8781,9.8933,9.8781,9.8933,532.1053
2025-08-06T09:47:14,9.8952,9.899,9.8838,9.8952,2212.5789
2025-08-06T09:47:15,9.899,9.9294,9.8914,9.9294,543.4211
2025-08-06T09:47:16,9.9009,9.9294,9.9009,9.9104,847.3684
2025-08-06T09:47:17,9.8933,9.9275,9.8781,9.899,1307.2632
2025-08-06T09:47:18,9.8971,9.8971,9.8971,9.8971,52.6316
2025-08-06T09:47:19,9.8971,9.8971,9.8876,9.8876,696.4737
2025-08-06T09:47:20,9.8867,9.899,9.8857,9.8914,818.8947
2025-08-06T09:47:21,9.8914,9.8971,9.8895,9.8952,984.4737
2025-08-06T09:47:22,9.8971,9.8971,9.8971,9.8971,9.7895
2025-08-06T09:47:23,9.8952,9.8962,9.8952,9.8962,86.5789
2025-08-06T09:47:24,9.8971,9.8971,9.8964,9.8964,191.3684
2025-08-06T09:47:25,9.899,9.9028,9.8971,9.9028,629.6842
2025-08-06T09:47:26,9.9028,9.9047,9.9009,9.9038,667.7368
2025-08-06T09:47:27,9.9028,9.9038,9.9028,9.9028,131.0
2025-08-06T09:47:29,9.9047,9.9294,9.9028,9.9294,533.0526
2025-08-06T09:47:30,9.9294,10.0035,9.9294,9.9826,1174.4737
2025-08-06T09:47:31,9.9636,9.9845,9.9636,9.9674,100.7368
2025-08-06T09:47:32,9.9674,9.9693,9.9674,9.9693,573.6842
2025-08-06T09:47:33,9.9693,9.9855,9.9693,9.9855,120.0526
2025-08-06T09:47:34,9.9674,9.9817,9.9674,9.9817,57.8947
2025-08-06T09:47:35,9.9617,9.9617,9.9294,9.9541,562.0
2025-08-06T09:47:36,9.9085,9.9085,9.9085,9.9085,8.8947
2025-08-06T09:47:37,9.9655,9.9655,9.9028,9.9047,461.3158
2025-08-06T09:47:39,9.9351,9.9351,9.9104,9.9104,505.2632
2025-08-06T09:47:40,9.9351,9.9351,9.9351,9.9351,13.4737
2025-08-06T09:47:42,9.9209,9.937,9.9199,9.937,367.9474
2025-08-06T09:47:43,9.9123,9.9142,9.9028,9.9047,90.6842
2025-08-06T09:47:44,9.9123,9.9123,9.88,9.8971,1103.2632
2025-08-06T09:47:45,9.88,9.8971,9.88,9.8885,2519.3158
2025-08-06T09:47:46,9.8819,9.8933,9.88,9.8886,1304.3158
2025-08-06T09:47:47,9.8933,9.937,9.8895,9.937,4328.5789
2025-08-06T09:47:48,9.9085,9.937,9.9085,9.9161,636.8421
2025-08-06T09:47:50,9.9142,9.9617,9.9142,9.9617,572.0
2025-08-06T09:47:51,9.9351,9.9617,9.9351,9.9446,158.9474
2025-08-06T09:47:52,9.9617,9.9617,9.9617,9.9617,26.3158
2025-08-06T09:47:53,9.9617,9.9617,9.9256,9.9256,73.6316
2025-08-06T09:47:54,9.937,9.937,9.937,9.937,320.0
2025-08-06T09:47:55,9.9617,9.9617,9.9503,9.9503,58.4211
2025-08-06T09:47:56,9.9617,9.9617,9.9389,9.9617,78.8947
2025-08-06T09:47:57,9.9617,9.9617,9.937,9.937,112.2105
2025-08-06T09:47:58,9.937,9.9617,9.937,9.9617,90.1579
2025-08-06T09:47:59,9.9617,9.9617,9.9617,9.9617,21.5789
2025-08-06T09:48:00,9.9446,9.9446,9.937,9.9446,159.2632
2025-08-06T09:48:02,9.9408,9.9408,9.9408,9.9408,5.2632
2025-08-06T09:48:03,9.9446,9.9446,9.937,9.9446,546.9474
2025-08-06T09:48:04,9.937,9.9446,9.9351,9.9351,377.1579
2025-08-06T09:48:05,9.9389,9.9389,9.9237,9.9237,128.5789
2025-08-06T09:48:06,9.926,9.9332,9.8914,9.8914,327.8421
2025-08-06T09:48:07,9.9142,9.937,9.9142,9.9351,135.0
2025-08-06T09:48:08,9.8933,9.8933,9.88,9.88,826.3158
2025-08-06T09:48:09,9.918,9.918,9.88,9.88,232.7368
2025-08-06T09:48:10,9.88,9.8914,9.8477,9.8477,486.3684
2025-08-06T09:48:11,9.8914,9.8914,9.8135,9.8135,665.3158
2025-08-06T09:48:12,9.8363,9.8392,9.8363,9.8392,45.6316
2025-08-06T09:48:13,9.8401,9.8602,9.8401,9.8602,15.7895
2025-08-06T09:48:14,9.8287,9.8287,9.8287,9.8287,52.6316
2025-08-06T09:48:15,9.8439,9.8439,9.8439,9.8439,26.3158
2025-08-06T09:48:16,9.8373,9.8373,9.8373,9.8373,18.2105
2025-08-06T09:48:17,9.8344,9.8401,9.7983,9.8344,1244.4737
2025-08-06T09:48:18,9.8325,9.8325,9.785,9.8171,403.7895
2025-08-06T09:48:19,9.7641,9.8268,9.7641,9.8268,105.3158
2025-08-06T09:48:20,9.7622,9.7622,9.7622,9.7622,78.9474
2025-08-06T09:48:21,9.7641,9.7641,9.7622,9.7622,99.4211
2025-08-06T09:48:22,9.7641,9.7643,9.7641,9.7643,141.4211
2025-08-06T09:48:23,9.7766,9.7766,9.7766,9.7766,14.0526
2025-08-06T09:48:24,9.766,9.766,9.7622,9.7622,561.4737
2025-08-06T09:48:25,9.7546,9.7869,9.728,9.728,735.4211
2025-08-06T09:48:27,9.7318,9.747,9.7318,9.747,409.6842
2025-08-06T09:48:28,9.747,9.747,9.7461,9.7461,46.9474
2025-08-06T09:48:29,9.747,9.747,9.747,9.747,23.6842
2025-08-06T09:48:30,9.7451,9.7451,9.7451,9.7451,21.3684
2025-08-06T09:48:31,9.747,9.747,9.728,9.728,248.0526
2025-08-06T09:48:32,9.747,9.747,9.747,9.747,52.7895
2025-08-06T09:48:33,9.7356,9.7451,9.728,9.7366,348.6316
2025-08-06T09:48:34,9.7451,9.747,9.7442,9.7451,93.1053
2025-08-06T09:48:36,9.7451,9.747,9.7432,9.747,587.0526
2025-08-06T09:48:37,9.7461,9.7461,9.7461,9.7461,80.0526
2025-08-06T09:48:39,9.7461,9.747,9.7451,9.7461,196.6842
2025-08-06T09:48:40,9.747,9.747,9.7451,9.7451,17.5789
2025-08-06T09:48:41,9.747,9.747,9.7451,9.747,193.1579
2025-08-06T09:48:42,9.7451,9.7461,9.7451,9.7461,520.7895
2025-08-06T09:48:43,9.7451,9.747,9.7451,9.747,89.5263
2025-08-06T09:48:44,9.747,9.747,9.747,9.747,79.4737
2025-08-06T09:48:45,9.747,9.7641,9.747,9.7622,471.4211
2025-08-06T09:48:46,9.7641,9.7641,9.7641,9.7641,78.9474
2025-08-06T09:48:48,9.7641,9.7641,9.7622,9.7622,135.0526
2025-08-06T09:48:49,9.7641,9.7641,9.7622,9.7622,1105.2632
2025-08-06T09:48:50,9.7641,9.7641,9.7489,9.7489,162.5789
2025-08-06T09:48:51,9.747,9.7641,9.747,9.7622,93.2105
2025-08-06T09:48:52,9.7622,9.7622,9.747,9.7556,490.0
2025-08-06T09:48:53,9.7546,9.7546,9.747,9.747,630.8947
2025-08-06T09:48:55,9.7603,9.7603,9.7603,9.7603,86.8421
2025-08-06T09:48:56,9.7565,9.7603,9.7565,9.7584,272.9474
2025-08-06T09:48:57,9.7603,9.7622,9.7565,9.7565,141.7895
2025-08-06T09:48:58,9.7565,9.7641,9.7565,9.7641,50.5789
2025-08-06T09:48:59,9.7584,9.7641,9.7584,9.7641,1558.9474
2025-08-06T09:49:00,9.7641,9.7641,9.7622,9.7622,4240.2632
2025-08-06T09:49:01,9.7641,9.7641,9.7622,9.7622,2364.8947
2025-08-06T09:49:02,9.7641,9.8401,9.7622,9.8401,2920.1579
2025-08-06T09:49:03,9.8401,9.8401,9.8382,9.8382,21.0526
2025-08-06T09:49:04,9.8439,9.9446,9.842,9.9427,200.3158
2025-08-06T09:49:05,9.7926,9.9389,9.7926,9.9389,73.7895
2025-08-06T09:49:06,9.8344,9.937,9.8344,9.937,98.5263
2025-08-06T09:49:07,9.9047,9.9047,9.9047,9.9047,36.4737
2025-08-06T09:49:08,9.8857,9.8857,9.8838,9.8838,690.1053
2025-08-06T09:49:09,9.8838,9.9617,9.8838,9.9617,318.1579
2025-08-06T09:49:10,9.8952,9.9237,9.8952,9.9237,71.6316
2025-08-06T09:49:11,9.9427,9.9446,9.9427,9.9427,800.4737
2025-08-06T09:49:12,9.8971,9.9446,9.8952,9.9446,893.8421
2025-08-06T09:49:13,9.9427,9.9437,9.9427,9.9437,65.7895
2025-08-06T09:49:14,9.9427,9.9446,9.8971,9.8971,717.3684
2025-08-06T09:49:15,9.9389,9.9408,9.8952,9.9408,153.8421
2025-08-06T09:49:16,9.9408,9.9408,9.9408,9.9408,118.4211
2025-08-06T09:49:17,9.9427,9.9427,9.9408,9.9408,807.0
2025-08-06T09:49:18,9.9417,9.9417,9.9417,9.9417,13.1579
2025-08-06T09:49:19,9.9408,9.9427,9.9408,9.9408,597.3684
2025-08-06T09:49:20,9.9417,9.9427,9.9408,9.9408,144.6316
2025-08-06T09:49:21,9.9161,9.9351,9.9161,9.9351,68.2105
2025-08-06T09:49:22,9.9142,9.9256,9.9142,9.9161,545.8421
2025-08-06T09:49:23,9.8971,9.9313,9.8971,9.8971,108.0
2025-08-06T09:49:24,9.8952,9.9313,9.8591,9.8591,2267.6316
2025-08-06T09:49:25,9.8705,9.8838,9.8401,9.8838,207.3158
2025-08-06T09:49:26,9.842,9.842,9.842,9.842,13.1579
2025-08-06T09:49:27,9.8857,9.8857,9.8401,9.8401,22.5789
2025-08-06T09:49:28,9.8705,9.8857,9.8705,9.8857,18.4211
2025-08-06T09:49:29,9.8895,9.9218,9.842,9.842,689.3684
2025-08-06T09:49:31,9.8795,9.9218,9.842,9.9199,363.0526
2025-08-06T09:49:32,9.8401,9.9218,9.8401,9.8838,898.8421
2025-08-06T09:49:33,9.9009,9.9009,9.9009,9.9009,78.9474
2025-08-06T09:49:34,9.918,9.918,9.8439,9.8439,343.1579
2025-08-06T09:49:35,9.8458,9.8458,9.8439,9.8439,789.4737
2025-08-06T09:49:36,9.8781,9.9123,9.8781,9.9123,85.0526
2025-08-06T09:49:40,9.8781,9.8781,9.8781,9.8781,15.7895
2025-08-06T09:49:43,9.8762,9.8781,9.8382,9.8382,387.8421
2025-08-06T09:49:44,9.823,9.8591,9.823,9.8591,43.5789
2025-08-06T09:49:46,9.842,9.842,9.842,9.842,12.0
2025-08-06T09:49:48,9.8287,9.8572,9.8287,9.8572,47.8947
2025-08-06T09:49:52,9.804,9.804,9.804,9.804,21.0526
2025-08-06T09:49:54,9.8553,9.8553,9.8553,9.8553,105.5263
2025-08-06T09:49:55,9.8306,9.8306,9.8306,9.8306,52.7895
2025-08-06T09:49:57,9.804,9.8059,9.785,9.785,171.1579
2025-08-06T09:49:58,9.8021,9.8021,9.8021,9.8021,27.7895
2025-08-06T09:50:00,9.7945,9.7945,9.7945,9.7945,55.4211
2025-08-06T09:50:01,9.785,9.785,9.7641,9.7641,349.3684
2025-08-06T09:50:03,9.7622,9.7926,9.7622,9.7717,98.6842
2025-08-06T09:50:05,9.7527,9.7527,9.7527,9.7527,422.1579
2025-08-06T09:50:06,9.7489,9.7489,9.7489,9.7489,26.8421
2025-08-06T09:50:07,9.7565,9.7565,9.7546,9.7546,55.0
2025-08-06T09:50:09,9.7508,9.7508,9.7508,9.7508,23.8947
2025-08-06T09:50:11,9.7489,9.7489,9.7299,9.7489,189.7895
2025-08-06T09:50:13,9.7546,9.7546,9.747,9.747,15.7895
2025-08-06T09:50:14,9.7527,9.7527,9.7508,9.7508,16.8421
2025-08-06T09:50:15,9.7527,9.7527,9.7527,9.7527,7.7368
2025-08-06T09:50:16,9.7527,9.7546,9.7527,9.7527,889.8421
2025-08-06T09:50:17,9.7546,9.7546,9.7527,9.7527,236.0
2025-08-06T09:50:18,9.7527,9.7537,9.7527,9.7527,24.3158
2025-08-06T09:50:19,9.7518,9.7518,9.7518,9.7518,13.6842
2025-08-06T09:50:20,9.7518,9.7527,9.7518,9.7527,246.9474
2025-08-06T09:50:22,9.7508,9.7518,9.7508,9.7518,14.2105
2025-08-06T09:50:23,9.7508,9.7515,9.7508,9.7508,1026.3158
2025-08-06T09:50:25,9.7527,9.7527,9.7508,9.7508,162.1579
2025-08-06T09:50:26,9.7518,9.7518,9.7518,9.7518,33.1579
2025-08-06T09:50:27,9.7527,9.7527,9.7508,9.7525,185.5263
2025-08-06T09:50:28,9.7518,9.7518,9.7508,9.7508,14.3684
2025-08-06T09:50:29,9.7508,9.7518,9.7508,9.7508,497.4737
2025-08-06T09:50:31,9.7508,9.7508,9.7508,9.7508,36.8947
2025-08-06T09:50:32,9.7518,9.7527,9.7518,9.7527,85.5263
2025-08-06T09:50:33,9.7508,9.7527,9.7432,9.7432,475.1053
2025-08-06T09:50:34,9.7432,9.7442,9.728,9.7375,790.6842
2025-08-06T09:50:35,9.728,9.728,9.69,9.69,1987.5263
2025-08-06T09:50:36,9.7128,9.7318,9.69,9.69,2292.3158
2025-08-06T09:50:37,9.69,9.69,9.69,9.69,52.8947
2025-08-06T09:50:38,9.69,9.6919,9.69,9.6919,3608.2105
2025-08-06T09:50:39,9.69,9.6919,9.69,9.6919,104.6316
2025-08-06T09:50:40,9.7185,9.7204,9.7185,9.7204,24.0526
2025-08-06T09:50:41,9.7052,9.7052,9.69,9.69,65.8947
2025-08-06T09:50:42,9.6938,9.6938,9.6938,9.6938,57.8947
2025-08-06T09:50:43,9.6919,9.6919,9.6919,9.6919,5.2632
2025-08-06T09:50:44,9.7185,9.7185,9.6938,9.6938,34.1579
2025-08-06T09:50:45,9.7204,9.7204,9.7204,9.7204,58.4737
2025-08-06T09:50:46,9.6919,9.6919,9.69,9.69,56.6316
2025-08-06T09:50:47,9.69,9.7029,9.69,9.7029,115.5789
2025-08-06T09:50:48,9.6938,9.6938,9.6938,9.6938,37.8947
2025-08-06T09:50:49,9.6938,9.6938,9.69,9.6938,350.5789
2025-08-06T09:50:50,9.69,9.6919,9.6881,9.69,1362.2632
2025-08-06T09:50:51,9.69,9.6919,9.69,9.6919,57.0
2025-08-06T09:50:52,9.691,9.691,9.691,9.691,5.6842
2025-08-06T09:50:53,9.69,9.69,9.6729,9.6729,254.3684
2025-08-06T09:50:54,9.6729,9.69,9.6729,9.69,77.0526
2025-08-06T09:50:55,9.6729,9.6729,9.6672,9.6672,247.4737
2025-08-06T09:50:56,9.6634,9.69,9.6634,9.6881,121.8421
2025-08-06T09:50:57,9.6634,9.6634,9.5855,9.5874,2907.2105
2025-08-06T09:50:58,9.5798,9.5874,9.557,9.5703,467.7368
2025-08-06T09:50:59,9.557,9.557,9.557,9.557,8.2105
2025-08-06T09:51:00,9.5551,9.5836,9.5494,9.5665,378.4737
2025-08-06T09:51:01,9.557,9.5855,9.557,9.5703,1262.5789
2025-08-06T09:51:02,9.5684,9.6919,9.5589,9.5694,3009.1053
2025-08-06T09:51:03,9.5798,9.5798,9.5589,9.5798,1320.1579
2025-08-06T09:51:04,9.576,9.5798,9.5722,9.5798,297.3684
2025-08-06T09:51:05,9.5779,9.5798,9.5779,9.5798,101.6316
2025-08-06T09:51:06,9.5788,9.6121,9.5788,9.5817,1305.0526
2025-08-06T09:51:07,9.6159,9.6159,9.5798,9.5798,1262.3684
2025-08-06T09:51:08,9.6159,9.6159,9.5798,9.588,377.6842
2025-08-06T09:51:09,9.5893,9.5988,9.5798,9.5817,175.7895
2025-08-06T09:51:10,9.595,9.6064,9.595,9.6064,594.3158
2025-08-06T09:51:11,9.5969,9.6178,9.5969,9.6178,152.7895
2025-08-06T09:51:12,9.595,9.595,9.595,9.595,78.9474
2025-08-06T09:51:13,9.595,9.595,9.595,9.595,5.2632
2025-08-06T09:51:14,9.6178,9.6178,9.5969,9.5969,57.4211
2025-08-06T09:51:15,9.6064,9.6064,9.6064,9.6064,8.6842
2025-08-06T09:51:16,9.6178,9.6178,9.5969,9.6064,266.5263
2025-08-06T09:51:17,9.6064,9.6064,9.6064,9.6064,109.3158
2025-08-06T09:51:18,9.6178,9.6178,9.5969,9.5969,201.1579
2025-08-06T09:51:19,9.5969,9.5969,9.595,9.595,57.9474
2025-08-06T09:51:21,9.5969,9.6159,9.5969,9.5988,386.4737
2025-08-06T09:51:22,9.5969,9.5969,9.5817,9.595,175.3684
2025-08-06T09:51:23,9.5817,9.5836,9.5817,9.5836,203.7895
2025-08-06T09:51:24,9.5836,9.5931,9.5703,9.5931,1881.8947
2025-08-06T09:51:25,9.5912,9.5912,9.5912,9.5912,52.6316
2025-08-06T09:51:26,9.5722,9.5798,9.5722,9.5739,109.5263
2025-08-06T09:51:27,9.5703,9.5722,9.5703,9.5703,67.3158
2025-08-06T09:51:28,9.5722,9.5722,9.5722,9.5722,26.3158
2025-08-06T09:51:29,9.5589,9.5798,9.557,9.557,1091.1053
2025-08-06T09:51:30,9.5589,9.5798,9.557,9.5798,477.1579
2025-08-06T09:51:31,9.557,9.5646,9.557,9.5646,26.3158
2025-08-06T09:51:32,9.5703,9.5703,9.5684,9.5684,94.4211
2025-08-06T09:51:33,9.5646,9.5646,9.557,9.557,61.5263
2025-08-06T09:51:34,9.5703,9.5703,9.557,9.557,210.5263
2025-08-06T09:51:35,9.5703,9.5703,9.5627,9.5627,24.2105
2025-08-06T09:51:36,9.5665,9.5684,9.557,9.558,1100.4211
2025-08-06T09:51:37,9.5693,9.5693,9.5,9.5,6818.1053
2025-08-06T09:51:38,9.5,9.5019,9.5,9.5,1550.7895
2025-08-06T09:51:39,9.5,9.501,9.5,9.5,1568.2632
2025-08-06T09:51:40,9.5,9.501,9.5,9.5,481.6842
2025-08-06T09:51:41,9.5019,9.5019,9.5,9.501,1326.0
2025-08-06T09:51:42,9.5019,9.5019,9.5,9.5019,436.8421
2025-08-06T09:51:43,9.5,9.501,9.5,9.501,272.2632
2025-08-06T09:51:44,9.5,9.5019,9.5,9.5,151.0
2025-08-06T09:51:45,9.5,9.5,9.5,9.5,230.3684
2025-08-06T09:51:46,9.5,9.5019,9.5,9.5019,137.5789
2025-08-06T09:51:47,9.5019,9.5019,9.5,9.5,296.7368
2025-08-06T09:51:48,9.5,9.5019,9.5,9.5019,903.2632
2025-08-06T09:51:49,9.5019,9.5019,9.5,9.5019,304.3158
2025-08-06T09:51:50,9.5,9.5019,9.5,9.5,383.3684
2025-08-06T09:51:51,9.501,9.5323,9.501,9.5323,1285.1053
2025-08-06T09:51:52,9.5114,9.5836,9.5095,9.5437,2374.8947
2025-08-06T09:51:53,9.557,9.5627,9.5342,9.557,1479.4737
2025-08-06T09:51:54,9.5684,9.5817,9.5589,9.5817,848.8421
2025-08-06T09:51:55,9.5817,9.5817,9.5665,9.5817,566.5263
2025-08-06T09:51:56,9.5817,9.5817,9.5817,9.5817,1151.0526
2025-08-06T09:51:57,9.5817,9.5817,9.5817,9.5817,171.0526
2025-08-06T09:51:58,9.5817,9.595,9.5798,9.595,789.7895
2025-08-06T09:51:59,9.5969,9.6159,9.5969,9.6159,1088.5263
2025-08-06T09:52:00,9.6159,9.6178,9.6159,9.6178,441.5263
2025-08-06T09:52:01,9.6178,9.6577,9.6178,9.6577,1143.0526
2025-08-06T09:52:02,9.6577,9.6615,9.6254,9.6615,269.5263
2025-08-06T09:52:03,9.6596,9.69,9.6596,9.6881,292.1579
2025-08-06T09:52:04,9.6349,9.69,9.6197,9.6197,178.2105
2025-08-06T09:52:05,9.6216,9.6216,9.6197,9.6197,146.2105
2025-08-06T09:52:06,9.6216,9.69,9.6216,9.69,536.1579
2025-08-06T09:52:07,9.6881,9.6881,9.6881,9.6881,10.1579
2025-08-06T09:52:08,9.6577,9.6881,9.6577,9.6881,21.0526
2025-08-06T09:52:09,9.6881,9.69,9.6539,9.69,538.2632
2025-08-06T09:52:10,9.69,9.7014,9.69,9.69,911.4211
2025-08-06T09:52:11,9.6919,9.7014,9.6919,9.6995,512.3158
2025-08-06T09:52:12,9.7014,9.7014,9.7014,9.7014,68.4211
2025-08-06T09:52:13,9.7014,9.7052,9.6976,9.6976,374.0
2025-08-06T09:52:14,9.7052,9.7052,9.6976,9.7052,721.6316
2025-08-06T09:52:15,9.7033,9.7318,9.7033,9.7318,1731.1053
2025-08-06T09:52:16,9.7489,9.7489,9.7337,9.7489,281.5789
2025-08-06T09:52:17,9.7489,9.7489,9.7489,9.7489,52.6842
2025-08-06T09:52:18,9.7185,9.7489,9.7185,9.7337,799.7368
2025-08-06T09:52:19,9.7337,9.7337,9.7185,9.7185,50.1579
2025-08-06T09:52:20,9.7185,9.7185,9.7185,9.7185,13.6842
2025-08-06T09:52:21,9.7185,9.747,9.7185,9.747,36.8947
2025-08-06T09:52:22,9.7185,9.7337,9.7185,9.7204,751.8947
2025-08-06T09:52:23,9.7318,9.7318,9.7185,9.7185,271.1053
2025-08-06T09:52:24,9.7451,9.7451,9.7204,9.7318,658.3158
2025-08-06T09:52:25,9.7451,9.7755,9.7451,9.7755,1096.0526
2025-08-06T09:52:26,9.766,9.766,9.766,9.766,13.1579
2025-08-06T09:52:27,9.7736,9.7736,9.7736,9.7736,99.3158
2025-08-06T09:52:28,9.7755,9.7755,9.7546,9.7641,645.5263
2025-08-06T09:52:30,9.7755,9.7755,9.7565,9.7565,401.0526
2025-08-06T09:52:31,9.766,9.7755,9.766,9.7736,161.8421
2025-08-06T09:52:32,9.7546,9.7641,9.7546,9.7546,968.5263
2025-08-06T09:52:33,9.7641,9.7736,9.7641,9.766,55.7895
2025-08-06T09:52:34,9.7679,9.7679,9.7679,9.7679,18.6842
2025-08-06T09:52:35,9.7641,9.7641,9.7641,9.7641,33.7368
2025-08-06T09:52:36,9.7679,9.7679,9.7679,9.7679,13.1579
2025-08-06T09:52:37,9.7641,9.767,9.7641,9.767,108.3684
2025-08-06T09:52:39,9.7641,9.7679,9.7527,9.7565,2484.7895
2025-08-06T09:52:40,9.7527,9.7622,9.7527,9.7622,733.4737
2025-08-06T09:52:41,9.7527,9.7603,9.7527,9.7603,254.4211
2025-08-06T09:52:42,9.7527,9.7569,9.7527,9.7527,3152.6842
2025-08-06T09:52:43,9.7527,9.7546,9.7318,9.7451,1379.1579
2025-08-06T09:52:44,9.7261,9.7261,9.7014,9.7014,82.7368
2025-08-06T09:52:45,9.7185,9.7356,9.7132,9.7223,230.6842
2025-08-06T09:52:47,9.7214,9.7214,9.7214,9.7214,31.5789
2025-08-06T09:52:48,9.7109,9.7109,9.7109,9.7109,10.1053
2025-08-06T09:52:49,9.7109,9.7166,9.7109,9.7166,636.3158
2025-08-06T09:52:50,9.7147,9.7166,9.7147,9.7166,24.5789
2025-08-06T09:52:52,9.7117,9.7117,9.7117,9.7117,12.3684
2025-08-06T09:52:54,9.7166,9.7166,9.7166,9.7166,6.2632
2025-08-06T09:52:55,9.7166,9.7166,9.7166,9.7166,210.5263
2025-08-06T09:52:56,9.7147,9.7147,9.7147,9.7147,52.6316
2025-08-06T09:52:58,9.7166,9.7166,9.7147,9.7147,316.0
2025-08-06T09:52:59,9.7157,9.7157,9.7157,9.7157,10.5263
2025-08-06T09:53:01,9.7166,9.7166,9.7166,9.7166,50.2632
2025-08-06T09:53:02,9.7166,9.7166,9.7166,9.7166,157.8947
2025-08-06T09:53:03,9.7157,9.7157,9.7157,9.7157,10.6842
2025-08-06T09:53:04,9.7147,9.7166,9.7147,9.7166,16.7368
2025-08-06T09:53:07,9.7166,9.7166,9.7147,9.7147,23.6842
2025-08-06T09:53:08,9.7166,9.7166,9.7147,9.7147,29.2632
2025-08-06T09:53:09,9.7147,9.7166,9.7147,9.7147,42.1579
2025-08-06T09:53:10,9.7147,9.7147,9.7147,9.7147,26.3158
2025-08-06T09:53:12,9.7166,9.7166,9.7147,9.7147,42.2105
2025-08-06T09:53:13,9.7147,9.7147,9.7147,9.7147,9.2105
2025-08-06T09:53:14,9.7147,9.7147,9.7147,9.7147,263.1579
2025-08-06T09:53:17,9.7166,9.7166,9.7162,9.7162,89.4737
2025-08-06T09:53:18,9.7147,9.7147,9.7147,9.7147,163.4211
2025-08-06T09:53:19,9.7166,9.7166,9.7166,9.7166,15.1579
2025-08-06T09:53:20,9.7166,9.7166,9.7166,9.7166,15.2105
2025-08-06T09:53:21,9.7147,9.7147,9.7147,9.7147,9.1053
2025-08-06T09:53:23,9.7147,9.7147,9.7109,9.7109,140.1053
2025-08-06T09:53:26,9.7109,9.7166,9.7109,9.7166,162.6316
2025-08-06T09:53:27,9.7166,9.7166,9.6995,9.7014,829.4211
2025-08-06T09:53:28,9.7014,9.7014,9.694,9.694,21.0526
2025-08-06T09:53:30,9.709,9.709,9.709,9.709,10.5263
2025-08-06T09:53:31,9.6919,9.7071,9.69,9.7071,1245.2632
2025-08-06T09:53:32,9.6985,9.6985,9.69,9.69,215.7895
2025-08-06T09:53:33,9.6995,9.6995,9.6995,9.6995,27.6316
2025-08-06T09:53:34,9.69,9.6938,9.69,9.6919,859.2632
2025-08-06T09:53:35,9.6938,9.6957,9.69,9.6919,144.5789
2025-08-06T09:53:36,9.6919,9.6919,9.6919,9.6919,47.3684
2025-08-06T09:53:37,9.69,9.69,9.69,9.69,15.1579
2025-08-06T09:53:38,9.6919,9.6919,9.6919,9.6919,36.8421
2025-08-06T09:53:39,9.6919,9.6919,9.6919,9.6919,58.2632
2025-08-06T09:53:40,9.6919,9.6919,9.6216,9.6216,395.8947
2025-08-06T09:53:41,9.595,9.595,9.595,9.595,552.6316
2025-08-06T09:53:42,9.671,9.671,9.6691,9.6691,39.2105
2025-08-06T09:53:44,9.6653,9.6653,9.6634,9.6634,72.6316
2025-08-06T09:53:45,9.595,9.595,9.595,9.595,72.1579
2025-08-06T09:53:47,9.6615,9.6615,9.6615,9.6615,21.0526
2025-08-06T09:53:48,9.6007,9.6615,9.6007,9.6302,131.7895
2025-08-06T09:53:52,9.6463,9.6463,9.6273,9.6273,39.8421
2025-08-06T09:53:53,9.6463,9.6463,9.6178,9.6463,483.2632
2025-08-06T09:53:54,9.595,9.595,9.595,9.595,7.8947
2025-08-06T09:53:55,9.5988,9.5988,9.5988,9.5988,39.6316
2025-08-06T09:53:56,9.6311,9.6311,9.6311,9.6311,19.7368
2025-08-06T09:53:58,9.6045,9.6045,9.6045,9.6045,31.4737
2025-08-06T09:54:00,9.6083,9.6197,9.5988,9.6197,245.2105
2025-08-06T09:54:02,9.5969,9.6197,9.5969,9.6197,49.7368
2025-08-06T09:54:03,9.5969,9.5969,9.5247,9.5523,1810.1579
2025-08-06T09:54:04,9.5589,9.5589,9.5304,9.5304,479.0
2025-08-06T09:54:05,9.5551,9.576,9.5551,9.576,316.3158
2025-08-06T09:54:06,9.5325,9.5532,9.5325,9.5532,531.9474
2025-08-06T09:54:08,9.5551,9.5589,9.5551,9.5551,60.5789
2025-08-06T09:54:09,9.5608,9.5608,9.5608,9.5608,102.5789
2025-08-06T09:54:10,9.5741,9.5741,9.5741,9.5741,278.9474
2025-08-06T09:54:11,9.5608,9.5608,9.5608,9.5608,11.7895
2025-08-06T09:54:12,9.576,9.576,9.5759,9.576,39.4737
2025-08-06T09:54:13,9.5627,9.5627,9.5627,9.5627,35.3158
2025-08-06T09:54:14,9.5627,9.5684,9.5627,9.5684,86.0526
2025-08-06T09:54:15,9.5684,9.5684,9.5684,9.5684,53.6842
2025-08-06T09:54:16,9.576,9.576,9.5684,9.5684,132.7895
2025-08-06T09:54:17,9.5627,9.5741,9.5608,9.5684,164.4737
2025-08-06T09:54:18,9.5627,9.5627,9.5627,9.5627,11.3158
2025-08-06T09:54:19,9.5608,9.5627,9.5608,9.5627,71.2105
2025-08-06T09:54:20,9.5608,9.5608,9.5608,9.5608,75.7368
2025-08-06T09:54:21,9.5608,9.5608,9.5532,9.557,398.7895
2025-08-06T09:54:22,9.5532,9.5608,9.5532,9.5608,76.7895
2025-08-06T09:54:23,9.557,9.5608,9.557,9.5608,58.5789
2025-08-06T09:54:24,9.5561,9.5608,9.5228,9.537,1041.9474
2025-08-06T09:54:25,9.5266,9.5371,9.5266,9.5371,173.6842
2025-08-06T09:54:28,9.5361,9.5361,9.519,9.519,166.6316
2025-08-06T09:54:29,9.519,9.519,9.519,9.519,53.9474
2025-08-06T09:54:31,9.5209,9.5209,9.5209,9.5209,579.2632
2025-08-06T09:54:32,9.519,9.519,9.519,9.519,26.3158
2025-08-06T09:54:33,9.519,9.519,9.519,9.519,80.4737
2025-08-06T09:54:35,9.5114,9.5171,9.5095,9.5114,154.0526
2025-08-06T09:54:36,9.5114,9.5152,9.5114,9.5152,97.7368
2025-08-06T09:54:37,9.5095,9.5095,9.4544,9.4544,2440.3158
2025-08-06T09:54:38,9.4544,9.4677,9.4544,9.4601,135.7895
2025-08-06T09:54:39,9.462,9.462,9.462,9.462,159.5263
2025-08-06T09:54:40,9.4544,9.4544,9.4525,9.4525,169.7368
2025-08-06T09:54:41,9.424,9.424,9.3955,9.3974,1238.6316
2025-08-06T09:54:42,9.4164,9.4164,9.3955,9.3955,878.1053
2025-08-06T09:54:43,9.3955,9.4164,9.3955,9.406,1330.0
2025-08-06T09:54:44,9.3955,9.4164,9.3955,9.4164,46.0
2025-08-06T09:54:45,9.3974,9.4164,9.3974,9.4069,95.8947
2025-08-06T09:54:46,9.406,9.424,9.405,9.4145,2228.4737
2025-08-06T09:54:47,9.424,9.424,9.4183,9.4183,2765.3158
2025-08-06T09:54:48,9.4183,9.424,9.4183,9.4183,1914.4737
2025-08-06T09:54:49,9.4231,9.4278,9.4231,9.4233,2226.9474
2025-08-06T09:54:50,9.424,9.4411,9.4221,9.4221,1936.8947
2025-08-06T09:54:51,9.424,9.424,9.4221,9.4221,289.6316
2025-08-06T09:54:52,9.4221,9.424,9.4221,9.424,471.6842
2025-08-06T09:54:53,9.4221,9.4221,9.3955,9.3955,2355.7895
2025-08-06T09:54:54,9.4164,9.4164,9.3955,9.3974,1657.5263
2025-08-06T09:54:55,9.4126,9.4126,9.3955,9.4126,1506.1579
2025-08-06T09:54:56,9.4126,9.4126,9.3955,9.3955,1204.7895
2025-08-06T09:54:57,9.3993,9.3993,9.3955,9.3955,1271.3158
2025-08-06T09:54:58,9.3955,9.3974,9.3955,9.3974,1099.5789
2025-08-06T09:54:59,9.3955,9.3955,9.3955,9.3955,5.3158
2025-08-06T09:55:00,9.3955,9.3974,9.3955,9.3965,4162.1053
2025-08-06T09:55:01,9.3955,9.3957,9.3955,9.3957,627.3684
2025-08-06T09:55:02,9.3955,9.3974,9.3955,9.3974,180.1579
2025-08-06T09:55:03,9.3955,9.3974,9.3955,9.3965,293.8947
2025-08-06T09:55:04,9.3965,9.3974,9.3955,9.3974,1048.1053
2025-08-06T09:55:05,9.3974,9.3974,9.3955,9.3955,527.6842
2025-08-06T09:55:06,9.3968,9.3974,9.3955,9.3955,100.7368
2025-08-06T09:55:07,9.3955,9.4145,9.3955,9.3974,1072.7368
2025-08-06T09:55:08,9.4145,9.4221,9.4031,9.4221,701.4211
2025-08-06T09:55:09,9.4202,9.4506,9.405,9.4506,1305.4211
2025-08-06T09:55:10,9.4221,9.5,9.4221,9.4487,1816.4737
2025-08-06T09:55:11,9.4829,9.4905,9.4468,9.4706,1165.0
2025-08-06T09:55:12,9.4905,9.4905,9.4905,9.4905,524.7368
2025-08-06T09:55:13,9.4905,9.5589,9.4905,9.5114,1367.8421
2025-08-06T09:55:14,9.5589,9.5589,9.5352,9.5589,239.9474
2025-08-06T09:55:15,9.5114,9.5589,9.4981,9.4981,493.7368
2025-08-06T09:55:16,9.5114,9.5551,9.5114,9.5551,110.5263
2025-08-06T09:55:17,9.5551,9.5551,9.4905,9.5114,173.7368
2025-08-06T09:55:18,9.5114,9.5532,9.4905,9.4905,170.4737
2025-08-06T09:55:19,9.4905,9.5,9.4905,9.5,1220.1053
2025-08-06T09:55:20,9.4926,9.4953,9.4926,9.4953,529.7368
2025-08-06T09:55:22,9.4962,9.4962,9.4962,9.4962,10.5263
2025-08-06T09:55:23,9.5,9.5,9.4924,9.4981,690.5789
2025-08-06T09:55:24,9.4943,9.4962,9.4905,9.4962,852.9474
2025-08-06T09:55:25,9.4905,9.4924,9.481,9.4905,752.8421
2025-08-06T09:55:26,9.4943,9.4943,9.4544,9.4544,128.9474
2025-08-06T09:55:27,9.4563,9.4563,9.4563,9.4563,473.6842
2025-08-06T09:55:28,9.4725,9.4905,9.4725,9.4905,69.5789
2025-08-06T09:55:29,9.4905,9.4905,9.4848,9.4848,38.4737
2025-08-06T09:55:30,9.4886,9.4905,9.4544,9.4905,47.2105
2025-08-06T09:55:32,9.4886,9.4886,9.4886,9.4886,52.6316
2025-08-06T09:55:33,9.4886,9.4886,9.4772,9.4772,96.8421
2025-08-06T09:55:34,9.4544,9.4696,9.4487,9.4696,166.4737
2025-08-06T09:55:35,9.4506,9.4715,9.4183,9.4335,1072.3684
2025-08-06T09:55:36,9.4363,9.4363,9.4363,9.4363,6.8947
2025-08-06T09:55:37,9.462,9.462,9.4221,9.462,323.8947
2025-08-06T09:55:38,9.4033,9.4033,9.4033,9.4033,39.4737
2025-08-06T09:55:41,9.4582,9.4582,9.4031,9.4031,12.8421
2025-08-06T09:55:42,9.4335,9.4335,9.3955,9.3955,861.1053
2025-08-06T09:55:43,9.4031,9.4487,9.4031,9.4468,346.9474
2025-08-06T09:55:44,9.4468,9.4468,9.4468,9.4468,8.4737
2025-08-06T09:55:46,9.4278,9.4506,9.4278,9.4506,184.2105
2025-08-06T09:55:47,9.4202,9.4487,9.4183,9.4487,108.3158
2025-08-06T09:55:48,9.443,9.443,9.443,9.443,46.8421
2025-08-06T09:55:49,9.4202,9.4221,9.4202,9.4221,97.7368
2025-08-06T09:55:50,9.4449,9.4449,9.4326,9.4326,15.7895
2025-08-06T09:55:51,9.4221,9.4221,9.4221,9.4221,17.1579
2025-08-06T09:55:52,9.4316,9.4316,9.4202,9.4316,323.5263
2025-08-06T09:55:53,9.443,9.443,9.443,9.443,30.4737
2025-08-06T09:55:55,9.4307,9.4411,9.4307,9.4411,167.1053
2025-08-06T09:55:56,9.4468,9.4468,9.4326,9.4326,290.4211
2025-08-06T09:55:57,9.4449,9.4449,9.4363,9.4363,131.5789
2025-08-06T09:55:58,9.4373,9.4525,9.4373,9.443,1540.0526
2025-08-06T09:55:59,9.4411,9.4525,9.4411,9.4487,465.8421
2025-08-06T09:56:00,9.4487,9.4487,9.4487,9.4487,189.0
2025-08-06T09:56:01,9.4422,9.443,9.4421,9.4421,67.1579
2025-08-06T09:56:02,9.4411,9.443,9.4411,9.443,122.7895
2025-08-06T09:56:03,9.443,9.443,9.4421,9.4421,20.3158
2025-08-06T09:56:06,9.443,9.443,9.443,9.443,42.4737
2025-08-06T09:56:07,9.443,9.4544,9.443,9.4525,484.8421
2025-08-06T09:56:08,9.4411,9.462,9.4411,9.462,1897.9474
2025-08-06T09:56:09,9.4525,9.4886,9.4525,9.4715,538.6842
2025-08-06T09:56:10,9.4886,9.4886,9.4734,9.4734,36.7368
2025-08-06T09:56:11,9.4582,9.4582,9.4582,9.4582,82.3158
2025-08-06T09:56:12,9.4886,9.4905,9.4681,9.4905,128.0
2025-08-06T09:56:13,9.4896,9.4896,9.4896,9.4896,197.3684
2025-08-06T09:56:14,9.4905,9.4905,9.4905,9.4905,130.6842
2025-08-06T09:56:15,9.4905,9.5,9.4905,9.4953,481.2632
2025-08-06T09:56:16,9.4905,9.5,9.4905,9.5,213.1579
2025-08-06T09:56:17,9.4981,9.5,9.4981,9.5,574.4211
2025-08-06T09:56:18,9.4962,9.4962,9.4924,9.4924,131.7895
2025-08-06T09:56:19,9.4943,9.5,9.4943,9.5,252.8421
2025-08-06T09:56:20,9.5,9.5,9.5,9.5,315.8421
2025-08-06T09:56:21,9.5019,9.5076,9.5019,9.5076,23.6842
2025-08-06T09:56:22,9.5076,9.5076,9.5,9.5,99.3158
2025-08-06T09:56:23,9.5,9.5,9.5,9.5,13.1579
2025-08-06T09:56:24,9.5038,9.5038,9.5038,9.5038,13.2105
2025-08-06T09:56:25,9.5095,9.5228,9.5095,9.5228,540.4211
2025-08-06T09:56:26,9.5228,9.5228,9.519,9.519,122.9474
2025-08-06T09:56:27,9.5361,9.5361,9.5342,9.5342,10.5789
2025-08-06T09:56:28,9.5228,9.5228,9.5228,9.5228,5.3684
2025-08-06T09:56:30,9.5133,9.5513,9.5133,9.5513,276.1579
2025-08-06T09:56:31,9.5304,9.5323,9.5304,9.5323,313.7368
2025-08-06T09:56:32,9.5114,9.5114,9.5114,9.5114,263.4211
2025-08-06T09:56:33,9.5304,9.5342,9.5304,9.5304,65.8947
2025-08-06T09:56:34,9.5437,9.5475,9.5437,9.5437,191.4211
2025-08-06T09:56:35,9.5437,9.5437,9.5437,9.5437,6.8421
2025-08-06T09:56:36,9.5494,9.5494,9.5399,9.5399,110.5263
2025-08-06T09:56:39,9.5437,9.5494,9.5437,9.5494,52.6842
2025-08-06T09:56:40,9.5494,9.5494,9.5475,9.5494,172.7895
2025-08-06T09:56:41,9.5437,9.5437,9.5437,9.5437,5.2632
2025-08-06T09:56:42,9.5475,9.5475,9.5475,9.5475,8.2105
2025-08-06T09:56:43,9.5485,9.5485,9.5485,9.5485,9.4211
2025-08-06T09:56:46,9.5494,9.5513,9.5494,9.5513,289.5789
2025-08-06T09:56:47,9.5513,9.5513,9.5504,9.5513,245.1579
2025-08-06T09:56:48,9.5513,9.5627,9.5513,9.5532,2468.2632
2025-08-06T09:56:49,9.5722,9.6026,9.5703,9.5703,1062.1053
2025-08-06T09:56:50,9.6083,9.6273,9.5931,9.5931,590.5789
2025-08-06T09:56:51,9.6121,9.6121,9.6102,9.6102,536.8421
2025-08-06T09:56:52,9.6121,9.6292,9.5931,9.6292,453.6842
2025-08-06T09:56:53,9.595,9.6292,9.595,9.6159,53.2105
2025-08-06T09:56:54,9.6083,9.6083,9.6007,9.6007,345.8421
2025-08-06T09:56:55,9.6102,9.6311,9.6102,9.6311,136.0526
2025-08-06T09:56:56,9.6292,9.6292,9.6292,9.6292,13.1579
2025-08-06T09:56:57,9.6311,9.6501,9.6302,9.6501,1023.2632
2025-08-06T09:56:58,9.6501,9.6786,9.6482,9.6482,755.3684
2025-08-06T09:56:59,9.6444,9.69,9.6425,9.6501,336.8947
2025-08-06T09:57:00,9.6672,9.69,9.6672,9.6862,861.7368
2025-08-06T09:57:01,9.6881,9.69,9.6862,9.6862,578.1579
2025-08-06T09:57:02,9.69,9.69,9.69,9.69,117.6842
2025-08-06T09:57:03,9.6862,9.69,9.6862,9.6881,540.0
2025-08-06T09:57:04,9.6881,9.69,9.6862,9.6862,628.2632
2025-08-06T09:57:05,9.69,9.69,9.671,9.6881,400.0526
2025-08-06T09:57:06,9.69,9.69,9.6862,9.6862,18.4211
2025-08-06T09:57:07,9.6881,9.6881,9.6862,9.6874,954.4211
2025-08-06T09:57:08,9.6862,9.69,9.6862,9.6862,697.3684
2025-08-06T09:57:09,9.6862,9.6862,9.6862,9.6862,171.0
2025-08-06T09:57:10,9.6862,9.6862,9.6862,9.6862,13.1579
2025-08-06T09:57:11,9.6881,9.6881,9.6881,9.6881,33.1053
2025-08-06T09:57:12,9.6881,9.6881,9.6862,9.6862,42.1053
2025-08-06T09:57:13,9.6881,9.6881,9.6881,9.6881,16.0526
2025-08-06T09:57:14,9.6881,9.6881,9.6862,9.6872,388.3684
2025-08-06T09:57:15,9.6881,9.6881,9.6881,9.6881,878.8947
2025-08-06T09:57:16,9.6881,9.69,9.6862,9.69,1152.1053
2025-08-06T09:57:17,9.69,9.7147,9.69,9.7147,332.1053
2025-08-06T09:57:18,9.7297,9.7297,9.7297,9.7297,5.3158
2025-08-06T09:57:19,9.728,9.7299,9.7014,9.7299,836.9474
2025-08-06T09:57:21,9.7432,9.7755,9.7432,9.7755,667.5789
2025-08-06T09:57:22,9.7546,9.7546,9.7546,9.7546,115.7895
2025-08-06T09:57:23,9.7651,9.7651,9.7641,9.7641,39.3684
2025-08-06T09:57:25,9.7641,9.7755,9.7546,9.7736,894.6842
2025-08-06T09:57:26,9.7755,9.7755,9.7584,9.7584,141.7368
2025-08-06T09:57:27,9.7641,9.8002,9.7641,9.8002,276.3158
2025-08-06T09:57:28,9.8002,9.8002,9.7859,9.7859,113.5789
2025-08-06T09:57:29,9.8021,9.804,9.8021,9.804,181.8947
2025-08-06T09:57:30,9.8021,9.8021,9.7679,9.7679,58.0526
2025-08-06T09:57:31,9.7679,9.8059,9.7679,9.7869,106.2105
2025-08-06T09:57:32,9.7964,9.7964,9.7964,9.7964,8.8421
2025-08-06T09:57:33,9.785,9.8002,9.785,9.8002,1090.6842
2025-08-06T09:57:34,9.8078,9.8078,9.8078,9.8078,52.6842
2025-08-06T09:57:35,9.7964,9.7964,9.7964,9.7964,203.5263
2025-08-06T09:57:36,9.7945,9.7964,9.7945,9.7964,626.3158
2025-08-06T09:57:37,9.7964,9.7964,9.7945,9.7945,16.6842
2025-08-06T09:57:38,9.7964,9.7964,9.7964,9.7964,5.2632
2025-08-06T09:57:39,9.7945,9.7945,9.7641,9.7907,1214.6316
2025-08-06T09:57:40,9.7774,9.7784,9.7546,9.766,1333.7368
2025-08-06T09:57:41,9.7527,9.7831,9.7337,9.7337,2279.0526
2025-08-06T09:57:42,9.7451,9.7546,9.7337,9.7546,733.9474
2025-08-06T09:57:43,9.7356,9.7356,9.7356,9.7356,124.5263
2025-08-06T09:57:44,9.7546,9.7755,9.7546,9.7546,1067.5263
2025-08-06T09:57:45,9.7717,9.7736,9.7717,9.7736,78.7895
2025-08-06T09:57:46,9.766,9.766,9.728,9.728,526.6842
2025-08-06T09:57:47,9.728,9.728,9.7052,9.7052,675.1053
2025-08-06T09:57:48,9.709,9.7223,9.709,9.7223,534.2105
2025-08-06T09:57:49,9.709,9.709,9.709,9.709,31.5789
2025-08-06T09:57:50,9.7356,9.7356,9.7109,9.7109,102.3158
2025-08-06T09:57:51,9.7356,9.7356,9.7356,9.7356,40.5789
2025-08-06T09:57:53,9.7356,9.7356,9.7356,9.7356,34.1579
2025-08-06T09:57:54,9.7204,9.728,9.7204,9.728,67.8947
2025-08-06T09:57:55,9.728,9.728,9.728,9.728,10.5263
2025-08-06T09:57:56,9.7261,9.7356,9.7261,9.7356,717.7368
2025-08-06T09:57:58,9.7299,9.7299,9.7299,9.7299,34.5263
2025-08-06T09:57:59,9.7497,9.7497,9.7497,9.7497,52.9474
2025-08-06T09:58:00,9.7337,9.7337,9.7337,9.7337,36.8421
2025-08-06T09:58:01,9.7337,9.7337,9.7337,9.7337,11.0526
2025-08-06T09:58:02,9.7356,9.7356,9.7337,9.7338,116.0526
2025-08-06T09:58:04,9.747,9.747,9.747,9.747,210.5263
2025-08-06T09:58:05,9.7356,9.7356,9.7356,9.7356,105.2632
2025-08-06T09:58:06,9.747,9.747,9.7356,9.7356,140.4737
2025-08-06T09:58:08,9.7356,9.7398,9.7356,9.7398,210.5263
2025-08-06T09:58:09,9.7413,9.7413,9.7337,9.7337,577.7895
2025-08-06T09:58:10,9.7337,9.7356,9.7337,9.7356,515.8421
2025-08-06T09:58:11,9.7356,9.7356,9.7356,9.7356,112.6316
2025-08-06T09:58:12,9.7356,9.7356,9.7356,9.7356,53.3158
2025-08-06T09:58:13,9.7337,9.7337,9.7318,9.7318,368.4211
2025-08-06T09:58:14,9.7318,9.7318,9.7318,9.7318,105.2632
2025-08-06T09:58:15,9.7318,9.7318,9.7318,9.7318,57.6316
2025-08-06T09:58:16,9.7318,9.7337,9.7318,9.7337,157.8947
2025-08-06T09:58:19,9.7318,9.7337,9.7166,9.7318,947.7895
2025-08-06T09:58:20,9.7318,9.7318,9.7128,9.7128,263.1579
2025-08-06T09:58:21,9.7318,9.7318,9.7318,9.7318,30.7895
2025-08-06T09:58:22,9.7109,9.7109,9.7109,9.7109,105.2632
2025-08-06T09:58:23,9.7261,9.7261,9.7109,9.7109,72.4211
2025-08-06T09:58:24,9.7194,9.7261,9.7185,9.7261,35.7368
2025-08-06T09:58:25,9.7261,9.728,9.7194,9.7194,63.1579
2025-08-06T09:58:26,9.7109,9.7261,9.7052,9.709,2175.1053
2025-08-06T09:58:27,9.7071,9.7299,9.7071,9.7299,2435.1579
2025-08-06T09:58:28,9.7318,9.747,9.7318,9.747,619.5263
2025-08-06T09:58:29,9.7451,9.7451,9.7413,9.7413,33.0
2025-08-06T09:58:31,9.747,9.747,9.747,9.747,77.0526
2025-08-06T09:58:32,9.747,9.747,9.7356,9.7356,287.8947
2025-08-06T09:58:33,9.7451,9.7451,9.7451,9.7451,157.8947
2025-08-06T09:58:34,9.7451,9.7451,9.7451,9.7451,79.0
2025-08-06T09:58:35,9.7394,9.7394,9.7394,9.7394,26.3158
2025-08-06T09:58:36,9.7508,9.7508,9.7508,9.7508,18.8421
2025-08-06T09:58:37,9.7546,9.7546,9.7546,9.7546,7.7895
2025-08-06T09:58:38,9.7451,9.7641,9.7451,9.7641,58.0
2025-08-06T09:58:39,9.7451,9.7451,9.7451,9.7451,80.3158
2025-08-06T09:58:40,9.7432,9.7641,9.7432,9.7641,773.0
2025-08-06T09:58:42,9.7451,9.7546,9.7451,9.7546,15.7895
2025-08-06T09:58:44,9.7641,9.7641,9.7546,9.7546,119.4211
2025-08-06T09:58:45,9.7641,9.7641,9.7641,9.7641,133.6316
2025-08-06T09:58:46,9.7641,9.766,9.7641,9.766,56.5789
2025-08-06T09:58:47,9.766,9.7698,9.766,9.7698,184.2105
2025-08-06T09:58:48,9.7698,9.7698,9.7698,9.7698,26.5263
2025-08-06T09:58:49,9.7698,9.7698,9.7698,9.7698,115.7895
2025-08-06T09:58:50,9.7679,9.7679,9.7679,9.7679,521.1579
2025-08-06T09:58:51,9.7698,9.7698,9.7679,9.7679,531.8947
2025-08-06T09:58:52,9.766,9.766,9.766,9.766,16.0526
2025-08-06T09:58:54,9.7698,9.7698,9.7679,9.7698,287.8947
2025-08-06T09:58:55,9.7698,9.7983,9.7691,9.7983,792.3158
2025-08-06T09:58:56,9.8002,9.8002,9.7983,9.7983,1031.4737
2025-08-06T09:58:57,9.8078,9.8078,9.8059,9.8059,28.6842
2025-08-06T09:58:58,9.7945,9.7945,9.7945,9.7945,13.1579
2025-08-06T09:58:59,9.8002,9.8002,9.8002,9.8002,278.3158
2025-08-06T09:59:00,9.8002,9.8021,9.7926,9.8021,1423.1579
2025-08-06T09:59:01,9.7964,9.7964,9.7964,9.7964,13.6842
2025-08-06T09:59:02,9.7945,9.8078,9.7945,9.8078,68.4211
2025-08-06T09:59:03,9.8059,9.8059,9.8059,9.8059,105.2632
2025-08-06T09:59:04,9.804,9.804,9.8021,9.8021,139.5263
2025-08-06T09:59:05,9.8059,9.8078,9.804,9.804,1068.5263
2025-08-06T09:59:06,9.8078,9.8078,9.8021,9.8021,120.1579
2025-08-06T09:59:08,9.8059,9.8078,9.8059,9.8078,68.9474
2025-08-06T09:59:09,9.8059,9.8686,9.8059,9.842,1978.5263
2025-08-06T09:59:10,9.8401,9.8544,9.8401,9.8401,93.1053
2025-08-06T09:59:11,9.8553,9.8553,9.8553,9.8553,6.9474
2025-08-06T09:59:12,9.8553,9.8553,9.8401,9.8553,149.1579
2025-08-06T09:59:13,9.8401,9.8553,9.8401,9.8553,130.9474
2025-08-06T09:59:14,9.8534,9.8534,9.8534,9.8534,230.9474
2025-08-06T09:59:15,9.8401,9.8553,9.8401,9.8553,60.3158
2025-08-06T09:59:16,9.842,9.8534,9.842,9.8534,18.4211
2025-08-06T09:59:17,9.8553,9.8553,9.842,9.8534,96.8947
2025-08-06T09:59:19,9.8477,9.8553,9.8439,9.8553,274.7368
2025-08-06T09:59:20,9.8553,9.8686,9.8553,9.861,61.8947
2025-08-06T09:59:21,9.8534,9.861,9.8534,9.861,141.2105
2025-08-06T09:59:22,9.8553,9.8553,9.8553,9.8553,300.0
2025-08-06T09:59:23,9.8648,9.8648,9.8116,9.8116,3102.3158
2025-08-06T09:59:24,9.8306,9.8496,9.6577,9.6881,3064.2632
2025-08-06T09:59:25,9.7052,9.7052,9.6881,9.7052,1244.4211
2025-08-06T09:59:27,9.7052,9.7052,9.7052,9.7052,5.3158
2025-08-06T09:59:28,9.6881,9.6881,9.6881,9.6881,23.4737
2025-08-06T09:59:29,9.6881,9.6881,9.6881,9.6881,891.7368
2025-08-06T09:59:30,9.6881,9.7054,9.6881,9.7054,724.0526
2025-08-06T09:59:31,9.7052,9.7394,9.7052,9.7394,32.6316
2025-08-06T09:59:32,9.7413,9.7413,9.7413,9.7413,82.1053
2025-08-06T09:59:33,9.7736,9.7736,9.747,9.747,24.0526
2025-08-06T09:59:34,9.7451,9.7451,9.7451,9.7451,5.2632
2025-08-06T09:59:35,9.7641,9.7703,9.7527,9.7527,355.8947
2025-08-06T09:59:36,9.7736,9.7736,9.7489,9.7489,53.6842
2025-08-06T09:59:37,9.7641,9.7641,9.7641,9.7641,140.2105
2025-08-06T09:59:39,9.7736,9.7755,9.7565,9.7565,1221.6316
2025-08-06T09:59:40,9.766,9.8078,9.7565,9.8078,1172.2632
2025-08-06T09:59:41,9.8135,9.8135,9.8135,9.8135,5.2632
2025-08-06T09:59:43,9.8135,9.8135,9.7945,9.7945,63.2105
2025-08-06T09:59:44,9.8135,9.8135,9.8135,9.8135,5.2632
2025-08-06T09:59:46,9.7926,9.7926,9.7926,9.7926,15.2632
2025-08-06T09:59:47,9.7964,9.8116,9.7964,9.8116,34.3158
2025-08-06T09:59:49,9.8097,9.8097,9.8097,9.8097,105.5263
2025-08-06T09:59:50,9.8078,9.8097,9.8078,9.8097,534.2105
2025-08-06T09:59:51,9.8116,9.8116,9.8116,9.8116,14.3684
2025-08-06T09:59:52,9.8078,9.8097,9.8078,9.8097,547.8947
2025-08-06T09:59:54,9.8116,9.8116,9.8097,9.8116,736.8421
2025-08-06T09:59:56,9.8116,9.8116,9.8116,9.8116,26.3158
2025-08-06T09:59:57,9.8135,9.8135,9.8126,9.8126,23.0
2025-08-06T09:59:58,9.8126,9.8126,9.8116,9.8116,113.3158
2025-08-06T09:59:59,9.8126,9.8135,9.8116,9.8135,91.9474
2025-08-06T10:00:00,9.8126,9.8126,9.8116,9.8116,18.4211
2025-08-06T10:00:01,9.8126,9.8135,9.8126,9.8135,550.5789
2025-08-06T10:00:02,9.8135,9.8135,9.8126,9.8126,186.8947
2025-08-06T10:00:03,9.8126,9.8126,9.8116,9.8126,110.0526
2025-08-06T10:00:04,9.8116,9.8133,9.8116,9.8116,203.1579
2025-08-06T10:00:06,9.8116,9.8135,9.8116,9.8135,584.5263
2025-08-06T10:00:07,9.8116,9.8116,9.8116,9.8116,33.9474
2025-08-06T10:00:08,9.8118,9.8135,9.8116,9.8135,77.4737
2025-08-06T10:00:09,9.8116,9.8135,9.8116,9.8135,473.0526
2025-08-06T10:00:10,9.8173,9.8173,9.8173,9.8173,18.3158
2025-08-06T10:00:12,9.8268,9.8268,9.8154,9.8173,1052.6316
2025-08-06T10:00:13,9.8154,9.8154,9.8154,9.8154,100.1579
2025-08-06T10:00:14,9.8173,9.8249,9.8173,9.8249,14.8947
2025-08-06T10:00:15,9.8382,9.8382,9.8382,9.8382,211.0
2025-08-06T10:00:16,9.823,9.823,9.823,9.823,473.7895
2025-08-06T10:00:19,9.8382,9.8382,9.8382,9.8382,22.2105
2025-08-06T10:00:20,9.8401,9.9256,9.8401,9.9256,3523.7895
2025-08-06T10:00:21,9.9161,9.9256,9.9161,9.9237,1479.1579
2025-08-06T10:00:22,9.9256,9.9959,9.9256,9.9959,1884.6316
2025-08-06T10:00:23,9.9978,10.0301,9.9978,10.0082,300.6842
2025-08-06T10:00:24,10.0073,10.0396,9.9978,10.0396,347.4737
2025-08-06T10:00:25,10.0434,10.1403,10.0434,10.1403,2634.0
2025-08-06T10:00:26,10.0852,10.1403,10.0852,10.1403,390.8947
2025-08-06T10:00:27,10.1403,10.1403,10.1099,10.1099,896.8947
2025-08-06T10:00:28,10.0852,10.0871,10.0624,10.0624,50.3684
2025-08-06T10:00:29,10.0624,10.0624,10.0586,10.0605,39.5263
2025-08-06T10:00:30,10.0529,10.0757,10.0225,10.0244,583.9474
2025-08-06T10:00:31,10.0263,10.0738,10.0225,10.0643,184.4737
2025-08-06T10:00:32,10.0225,10.0263,10.0149,10.0263,270.6316
2025-08-06T10:00:33,10.0149,10.0263,10.0073,10.0263,31.5789
2025-08-06T10:00:34,10.0263,10.0263,10.0263,10.0263,12.5263
2025-08-06T10:00:35,10.0434,10.0434,10.0206,10.0434,181.1579
2025-08-06T10:00:36,10.0054,10.013,10.0054,10.013,78.3158
2025-08-06T10:00:37,10.0054,10.0073,9.975,9.975,597.8421
2025-08-06T10:00:38,10.0035,10.0092,10.0035,10.0092,41.8421
2025-08-06T10:00:39,10.0073,10.0092,9.9769,9.9769,88.1579
2025-08-06T10:00:40,9.9921,9.9921,9.9769,9.9807,332.1053
2025-08-06T10:00:41,9.9807,9.9807,9.9807,9.9807,138.5789
2025-08-06T10:00:42,9.9807,9.9921,9.9788,9.9921,111.2632
2025-08-06T10:00:43,9.9788,9.9807,9.9731,9.9807,941.6316
2025-08-06T10:00:44,9.9805,9.9807,9.9769,9.9769,1246.0526
2025-08-06T10:00:45,9.9788,9.9788,9.9788,9.9788,96.0
2025-08-06T10:00:46,9.9788,9.9788,9.9769,9.9769,234.8947
2025-08-06T10:00:47,9.9784,9.9788,9.956,9.956,772.6316
2025-08-06T10:00:49,9.9579,9.9731,9.9579,9.9731,77.5789
2025-08-06T10:00:50,9.975,9.975,9.9731,9.9731,118.5263
2025-08-06T10:00:52,9.956,9.9693,9.956,9.9693,25.3158
2025-08-06T10:00:53,9.9712,9.9712,9.9617,9.9617,275.4211
2025-08-06T10:00:54,9.9693,9.9712,9.9617,9.9617,427.2105
2025-08-06T10:00:55,9.9655,9.9655,9.9655,9.9655,57.2632
2025-08-06T10:00:57,9.9665,9.9703,9.9665,9.9693,62.3158
2025-08-06T10:00:58,9.9712,9.975,9.9693,9.9731,1220.9474
2025-08-06T10:01:00,9.9721,9.9721,9.9721,9.9721,126.2632
2025-08-06T10:01:01,9.9769,9.9769,9.9693,9.9693,149.1579
2025-08-06T10:01:02,9.9674,9.9674,9.9674,9.9674,52.6842
2025-08-06T10:01:03,9.9683,9.9693,9.9683,9.9693,36.6316
2025-08-06T10:01:04,9.9683,9.9693,9.9674,9.9693,390.0
2025-08-06T10:01:06,9.9693,10.0035,9.9693,9.9769,450.8421
2025-08-06T10:01:07,9.9807,10.0149,9.9807,10.0111,277.5789
2025-08-06T10:01:08,10.0092,10.0092,10.0092,10.0092,12.2105
2025-08-06T10:01:09,9.9921,9.9921,9.9921,9.9921,10.6842
2025-08-06T10:01:11,10.0102,10.0102,10.0102,10.0102,15.8421
2025-08-06T10:01:12,10.0016,10.0092,9.994,10.0092,56.6316
2025-08-06T10:01:13,10.0092,10.0092,10.0092,10.0092,101.4737
2025-08-06T10:01:14,10.0092,10.0092,10.0077,10.0077,294.7368
2025-08-06T10:01:16,10.0092,10.0092,9.9959,9.9959,399.2632
2025-08-06T10:01:17,10.0073,10.0073,10.0073,10.0073,39.4211
2025-08-06T10:01:18,10.0073,10.013,10.0073,10.0092,215.3684
2025-08-06T10:01:19,10.0263,10.0263,10.0054,10.0102,120.0
2025-08-06T10:01:21,10.0102,10.0263,10.0094,10.0263,372.6316
2025-08-06T10:01:22,10.0092,10.0092,10.0092,10.0092,9.9474
2025-08-06T10:01:23,10.0263,10.0282,10.0225,10.0225,357.8947
2025-08-06T10:01:24,10.0605,10.0605,10.0605,10.0605,1053.2105
2025-08-06T10:01:25,10.0605,10.1365,10.0586,10.1365,778.1579
2025-08-06T10:01:26,10.1346,10.1346,10.07,10.1327,57.8947
2025-08-06T10:01:27,10.1346,10.1346,10.0738,10.0738,31.5789
2025-08-06T10:01:28,10.0719,10.1346,10.0719,10.1346,168.3684
2025-08-06T10:01:29,10.0738,10.1346,10.0738,10.1052,579.4737
2025-08-06T10:01:30,10.1327,10.1327,10.0804,10.0804,37.3684
2025-08-06T10:01:31,10.0804,10.0814,10.0804,10.0814,11.0
2025-08-06T10:01:32,10.0757,10.0795,10.074,10.0795,748.7895
2025-08-06T10:01:33,10.0795,10.0814,10.0776,10.0814,41.6842
2025-08-06T10:01:34,10.0985,10.1042,10.0985,10.1042,405.7895
2025-08-06T10:01:35,10.1023,10.1023,10.0985,10.0985,326.3158
2025-08-06T10:01:36,10.0985,10.1042,10.0814,10.0814,1548.1579
2025-08-06T10:01:37,10.0833,10.0985,10.0814,10.0814,605.2632
2025-08-06T10:01:38,10.0833,10.0966,10.0833,10.0966,47.3684
2025-08-06T10:01:39,10.0814,10.0814,10.0491,10.0605,540.1579
2025-08-06T10:01:40,10.07,10.0757,10.0453,10.0472,300.1053
2025-08-06T10:01:41,10.0453,10.0738,10.0377,10.0377,150.3158
2025-08-06T10:01:42,10.0377,10.0377,10.0263,10.032,187.1053
2025-08-06T10:01:43,10.0377,10.0377,10.0377,10.0377,301.8421
2025-08-06T10:01:44,10.032,10.0795,10.032,10.0795,451.1579
2025-08-06T10:01:45,10.0757,10.0757,10.0757,10.0757,165.4737
2025-08-06T10:01:46,10.0757,10.0814,10.0757,10.0814,168.4211
2025-08-06T10:01:47,10.0738,10.0738,10.0738,10.0738,460.4737
2025-08-06T10:01:48,10.0795,10.0814,10.0795,10.0795,728.9474
2025-08-06T10:01:49,10.0738,10.0795,10.0168,10.0681,1041.1053
2025-08-06T10:01:50,10.0168,10.0168,10.0168,10.0168,26.3158
2025-08-06T10:01:52,10.0168,10.0424,10.0168,10.0187,180.4211
2025-08-06T10:01:53,10.0301,10.0301,10.0301,10.0301,5.2632
2025-08-06T10:01:54,10.0282,10.0681,10.0282,10.0681,214.1579
2025-08-06T10:01:55,10.0282,10.0776,10.0282,10.0776,179.4737
2025-08-06T10:01:57,10.0681,10.0776,10.0681,10.0776,83.3158
2025-08-06T10:01:58,10.0795,10.0795,10.0776,10.0795,92.5789
2025-08-06T10:01:59,10.0795,10.0795,10.0776,10.0793,189.4737
2025-08-06T10:02:00,10.0776,10.0786,10.0776,10.0776,317.3684
2025-08-06T10:02:01,10.0776,10.0783,10.0681,10.0681,483.6842
2025-08-06T10:02:02,10.0729,10.0729,10.0729,10.0729,263.1579
2025-08-06T10:02:03,10.0681,10.0738,10.0396,10.0681,653.6316
2025-08-06T10:02:04,10.0301,10.0681,10.0301,10.0681,481.6842
2025-08-06T10:02:05,10.0681,10.0681,10.0282,10.0301,160.5789
2025-08-06T10:02:06,10.0282,10.0292,10.0282,10.0292,179.6842
2025-08-06T10:02:08,10.0301,10.0301,10.0301,10.0301,24.8421
2025-08-06T10:02:09,10.0301,10.0301,10.0301,10.0301,6.8421
2025-08-06T10:02:10,10.0282,10.0491,10.0282,10.0491,230.1053
2025-08-06T10:02:11,10.0282,10.0282,10.0282,10.0282,10.5263
2025-08-06T10:02:14,10.0301,10.0301,10.0301,10.0301,10.0
2025-08-06T10:02:15,10.032,10.032,10.0282,10.0301,246.7895
2025-08-06T10:02:16,10.0282,10.0282,10.0282,10.0282,36.6842
2025-08-06T10:02:17,10.0301,10.0301,10.0301,10.0301,13.1053
2025-08-06T10:02:19,10.0282,10.0292,10.0282,10.0292,31.6842
2025-08-06T10:02:23,10.0301,10.0681,10.0282,10.0301,2556.2632
2025-08-06T10:02:24,10.0282,10.032,10.0225,10.0301,687.7368
2025-08-06T10:02:25,10.0225,10.0225,10.0168,10.0225,95.5789
2025-08-06T10:02:26,10.0149,10.0149,10.0149,10.0149,1026.3158
2025-08-06T10:02:28,10.0187,10.0377,10.013,10.0206,637.1053
2025-08-06T10:02:30,10.0244,10.032,10.013,10.0244,264.9474
2025-08-06T10:02:32,10.0225,10.0225,10.013,10.013,469.1579
2025-08-06T10:02:33,10.013,10.013,9.9693,9.9883,3711.8421
2025-08-06T10:02:35,9.9712,9.9807,9.9712,9.9807,52.0526
2025-08-06T10:02:37,9.9712,9.9712,9.9693,9.9693,63.1579
2025-08-06T10:02:39,9.9712,9.9712,9.9674,9.9674,110.3158
2025-08-06T10:02:42,9.9883,9.9883,9.9883,9.9883,128.7368
2025-08-06T10:02:43,9.9893,9.9893,9.9893,9.9893,8.3158
2025-08-06T10:02:45,9.9883,9.9883,9.9883,9.9883,270.5263
2025-08-06T10:02:47,9.9902,9.9902,9.9902,9.9902,39.8421
2025-08-06T10:02:48,9.9883,9.9883,9.9883,9.9883,5.2632
2025-08-06T10:02:51,9.9883,9.9883,9.9883,9.9883,53.6842
2025-08-06T10:02:52,9.9902,9.9902,9.9883,9.9883,92.4211
2025-08-06T10:02:53,9.9902,9.9902,9.9885,9.9885,30.4211
2025-08-06T10:02:54,9.9902,9.9902,9.9883,9.9883,35.7895
2025-08-06T10:02:56,9.9902,9.9902,9.9902,9.9902,52.6316
2025-08-06T10:02:58,9.9883,9.9883,9.9883,9.9883,21.0526
2025-08-06T10:02:59,9.9883,9.9883,9.9883,9.9883,222.5263
2025-08-06T10:03:00,9.9902,9.9902,9.9902,9.9902,263.3684
2025-08-06T10:03:02,9.9902,9.9902,9.9902,9.9902,5.5263
2025-08-06T10:03:04,9.9893,9.9893,9.9883,9.9883,315.7895
2025-08-06T10:03:05,9.9883,9.9902,9.9883,9.9902,107.8947
2025-08-06T10:03:06,9.9883,9.9883,9.9674,9.9674,135.3158
2025-08-06T10:03:08,9.9826,9.9826,9.9465,9.9465,529.6842
2025-08-06T10:03:09,9.9465,9.9465,9.8173,9.8173,2615.8947
2025-08-06T10:03:11,9.8496,9.8496,9.8496,9.8496,5.2632
2025-08-06T10:03:12,9.8382,9.8382,9.8116,9.8116,121.4737
2025-08-06T10:03:13,9.8116,9.8363,9.8116,9.8287,116.2105
2025-08-06T10:03:14,9.842,9.9294,9.8287,9.9294,542.2632
2025-08-06T10:03:15,9.8534,9.8534,9.8534,9.8534,21.3684
2025-08-06T10:03:16,9.9237,9.9237,9.9237,9.9237,507.4211
2025-08-06T10:03:18,9.861,9.861,9.861,9.861,23.6316
2025-08-06T10:03:19,9.8648,9.8648,9.8648,9.8648,8.9474
2025-08-06T10:03:20,9.8629,9.8648,9.8629,9.8648,28.4737
2025-08-06T10:03:21,9.8933,9.8933,9.8629,9.8629,118.4211
2025-08-06T10:03:23,9.8667,9.8667,9.8667,9.8667,78.4211
2025-08-06T10:03:24,9.8667,9.8667,9.8667,9.8667,231.5263
2025-08-06T10:03:25,9.8648,9.8648,9.8648,9.8648,6.3158
2025-08-06T10:03:27,9.861,9.8648,9.861,9.8648,101.0526
2025-08-06T10:03:28,9.8629,9.8629,9.8629,9.8629,605.2632
2025-08-06T10:03:29,9.8639,9.8639,9.862,9.8629,222.2105
2025-08-06T10:03:31,9.861,9.861,9.8591,9.8591,234.8421
2025-08-06T10:03:32,9.8629,9.8629,9.8629,9.8629,15.7895
2025-08-06T10:03:33,9.8534,9.8553,9.8534,9.8553,221.0526
2025-08-06T10:03:36,9.8572,9.8572,9.8572,9.8572,52.9474
2025-08-06T10:03:37,9.8534,9.8591,9.8534,9.8591,877.5789
2025-08-06T10:03:38,9.8629,9.8629,9.8534,9.8534,10.5263
2025-08-06T10:03:39,9.8534,9.8534,9.8116,9.8116,383.4211
2025-08-06T10:03:43,9.8097,9.8553,9.8097,9.8553,245.0
2025-08-06T10:03:44,9.8116,9.8553,9.8116,9.8553,37.8421
2025-08-06T10:03:46,9.8135,9.8154,9.8135,9.8135,92.8421
2025-08-06T10:03:47,9.8135,9.8135,9.8135,9.8135,57.6316
2025-08-06T10:03:50,9.8154,9.8154,9.8154,9.8154,15.7368
2025-08-06T10:03:51,9.8154,9.8154,9.8154,9.8154,22.0526
2025-08-06T10:03:52,9.842,9.842,9.842,9.842,12.7895
2025-08-06T10:03:54,9.842,9.842,9.842,9.842,89.0526
2025-08-06T10:03:55,9.8135,9.8154,9.8135,9.8154,35.9474
2025-08-06T10:03:56,9.8439,9.8439,9.842,9.842,37.2632
2025-08-06T10:03:57,9.842,9.8421,9.842,9.8421,136.1053
2025-08-06T10:03:58,9.8648,9.8667,9.8439,9.8667,605.2632
2025-08-06T10:04:00,9.8648,9.8648,9.8648,9.8648,58.4737
2025-08-06T10:04:02,9.8439,9.844,9.8439,9.844,26.0
2025-08-06T10:04:04,9.8439,9.8439,9.8439,9.8439,133.6316
2025-08-06T10:04:05,9.8154,9.8154,9.8154,9.8154,14.7368
2025-08-06T10:04:07,9.842,9.842,9.842,9.842,105.3158
2025-08-06T10:04:08,9.8439,9.8439,9.8192,9.8192,69.7895
2025-08-06T10:04:09,9.8392,9.8392,9.8392,9.8392,52.7368
2025-08-06T10:04:10,9.8591,9.8591,9.8591,9.8591,31.5789
2025-08-06T10:04:12,9.8268,9.8306,9.8268,9.8306,26.3158
2025-08-06T10:04:13,9.8268,9.8268,9.8268,9.8268,196.0526
2025-08-06T10:04:14,9.8363,9.8363,9.8363,9.8363,10.5263
2025-08-06T10:04:15,9.842,9.842,9.842,9.842,5.9474
2025-08-06T10:04:16,9.842,9.842,9.842,9.842,58.4737
2025-08-06T10:04:17,9.842,9.842,9.842,9.842,66.7368
2025-08-06T10:04:18,9.8363,9.8363,9.8363,9.8363,40.6316
2025-08-06T10:04:19,9.8401,9.8401,9.8401,9.8401,52.6316
2025-08-06T10:04:20,9.842,9.842,9.842,9.842,15.7895
2025-08-06T10:04:21,9.8411,9.8411,9.8411,9.8411,47.3684
2025-08-06T10:04:27,9.8401,9.8401,9.8401,9.8401,7.9474
2025-08-06T10:04:29,9.8401,9.8401,9.8382,9.8382,373.5263
2025-08-06T10:04:30,9.8382,9.8382,9.8382,9.8382,73.6842
2025-08-06T10:04:31,9.8382,9.8401,9.8363,9.8401,606.1053
2025-08-06T10:04:32,9.8382,9.8382,9.8382,9.8382,5.3158
2025-08-06T10:04:36,9.823,9.823,9.823,9.823,5.7368
2025-08-06T10:04:37,9.823,9.823,9.823,9.823,48.1053
2025-08-06T10:04:38,9.8363,9.8363,9.8363,9.8363,10.5789
2025-08-06T10:04:41,9.8249,9.8249,9.8249,9.8249,135.6316
2025-08-06T10:04:42,9.8268,9.8268,9.8268,9.8268,18.7368
2025-08-06T10:04:44,9.8249,9.8249,9.823,9.823,295.7895
2025-08-06T10:04:45,9.823,9.823,9.823,9.823,57.3158
2025-08-06T10:04:46,9.823,9.823,9.823,9.823,42.1053
2025-08-06T10:04:49,9.8249,9.8249,9.823,9.8249,689.0526
2025-08-06T10:04:50,9.8249,9.8249,9.823,9.823,455.6316
2025-08-06T10:04:51,9.823,9.823,9.823,9.823,42.7368
2025-08-06T10:04:53,9.8268,9.8268,9.8268,9.8268,21.0526
2025-08-06T10:04:54,9.823,9.823,9.823,9.823,159.4737
2025-08-06T10:04:55,9.823,9.8266,9.823,9.823,118.4211
2025-08-06T10:04:59,9.8268,9.8268,9.8268,9.8268,105.2632
2025-08-06T10:05:00,9.8268,9.8287,9.8268,9.8287,29.4737
2025-08-06T10:05:01,9.8268,9.8287,9.8268,9.8287,267.1053
2025-08-06T10:05:02,9.8268,9.8268,9.8268,9.8268,13.4211
2025-08-06T10:05:03,9.8268,9.8278,9.8268,9.8278,154.2105
2025-08-06T10:05:04,9.8268,9.8268,9.8268,9.8268,7.8947
2025-08-06T10:05:09,9.8287,9.8287,9.8287,9.8287,77.6316
2025-08-06T10:05:10,9.8268,9.8287,9.8268,9.8287,54.8421
2025-08-06T10:05:11,9.8287,9.8287,9.8287,9.8287,43.8421
2025-08-06T10:05:12,9.8278,9.8278,9.8268,9.8268,36.8421
2025-08-06T10:05:16,9.8268,9.8278,9.8268,9.8268,112.2105
2025-08-06T10:05:17,9.8268,9.8268,9.8268,9.8268,5.2632
2025-08-06T10:05:21,9.8268,9.8268,9.8268,9.8268,10.5263
2025-08-06T10:05:23,9.8268,9.8268,9.8268,9.8268,619.3158
2025-08-06T10:05:24,9.8287,9.8287,9.8287,9.8287,31.5789
2025-08-06T10:05:25,9.8268,9.8268,9.8154,9.8154,478.2105
2025-08-06T10:05:27,9.8154,9.8221,9.8097,9.8221,210.5263
2025-08-06T10:05:31,9.8154,9.8249,9.8154,9.8249,28.9474
2025-08-06T10:05:33,9.823,9.823,9.823,9.823,163.1579
2025-08-06T10:05:36,9.8078,9.8078,9.8078,9.8078,357.4211
2025-08-06T10:05:37,9.8078,9.823,9.8078,9.823,401.9474
2025-08-06T10:05:38,9.8078,9.8078,9.8059,9.8078,210.8421
2025-08-06T10:05:42,9.8059,9.8059,9.7926,9.804,601.2632
2025-08-06T10:05:46,9.804,9.804,9.804,9.804,124.6842
2025-08-06T10:05:48,9.804,9.804,9.804,9.804,15.5263
2025-08-06T10:05:52,9.804,9.804,9.804,9.804,178.7368
2025-08-06T10:05:54,9.7983,9.7983,9.7983,9.7983,60.0
2025-08-06T10:05:55,9.7945,9.7945,9.7945,9.7945,105.2632
2025-08-06T10:05:57,9.7983,9.8078,9.7983,9.8078,704.2632
2025-08-06T10:05:58,9.7964,9.7964,9.7964,9.7964,26.3158
2025-08-06T10:06:00,9.7945,9.7945,9.7945,9.7945,104.7368
2025-08-06T10:06:03,9.7964,9.7964,9.7964,9.7964,13.1579
2025-08-06T10:06:04,9.7964,9.7964,9.7964,9.7964,35.5789
2025-08-06T10:06:05,9.7964,9.7964,9.7926,9.7926,789.4737
2025-08-06T10:06:07,9.7926,9.7926,9.7926,9.7926,494.0
2025-08-06T10:06:08,9.7926,9.7926,9.7926,9.7926,78.3158
2025-08-06T10:06:09,9.7926,9.7926,9.7926,9.7926,27.5789
2025-08-06T10:06:10,9.7945,9.7945,9.7945,9.7945,9.5789
2025-08-06T10:06:17,9.7926,9.7926,9.7926,9.7926,26.3158
2025-08-06T10:06:20,9.7926,9.7943,9.7926,9.7926,591.0
2025-08-06T10:06:25,9.7945,9.7945,9.7926,9.7926,328.2105
2025-08-06T10:06:26,9.7945,9.8126,9.7926,9.7926,452.0
2025-08-06T10:06:28,9.8021,9.8021,9.8021,9.8021,10.5263
2025-08-06T10:06:30,9.8078,9.8078,9.8078,9.8078,424.1053
2025-08-06T10:06:31,9.8078,9.8078,9.8078,9.8078,49.4211
2025-08-06T10:06:32,9.8078,9.8078,9.8002,9.8002,218.8947
2025-08-06T10:06:34,9.8078,9.8078,9.8078,9.8078,12.1579
2025-08-06T10:06:36,9.8135,9.8135,9.8135,9.8135,500.0
2025-08-06T10:06:37,9.8097,9.8154,9.8097,9.8154,808.7368
2025-08-06T10:06:38,9.8097,9.8135,9.8078,9.8116,809.7895
2025-08-06T10:06:40,9.8116,9.8515,9.8116,9.8515,801.7368
2025-08-06T10:06:41,9.8486,9.8486,9.8486,9.8486,10.3158
2025-08-06T10:06:42,9.8325,9.8363,9.8325,9.8363,42.1053
2025-08-06T10:06:44,9.8667,9.8667,9.8534,9.8534,32.2105
2025-08-06T10:06:45,9.8667,9.8686,9.8591,9.8591,78.9474
2025-08-06T10:06:47,9.8534,9.86,9.8534,9.86,778.8421
2025-08-06T10:06:48,9.8648,9.8648,9.8648,9.8648,521.5789
2025-08-06T10:06:54,9.8667,9.8686,9.8667,9.8667,230.5789
2025-08-06T10:06:55,9.8686,9.8686,9.8686,9.8686,184.2105
2025-08-06T10:06:56,9.8705,9.88,9.8705,9.88,110.5263
2025-08-06T10:06:59,9.9161,9.9161,9.8933,9.9161,42.0
2025-08-06T10:07:00,9.88,9.9218,9.88,9.8838,542.1053
2025-08-06T10:07:01,9.8838,9.8838,9.8838,9.8838,105.5789
2025-08-06T10:07:02,9.9275,9.9275,9.9275,9.9275,524.5263
2025-08-06T10:07:03,9.8857,9.9275,9.8857,9.9275,57.8947
2025-08-06T10:07:07,9.918,9.918,9.918,9.918,39.8421
2025-08-06T10:07:08,9.8838,9.8857,9.8838,9.8857,177.0
2025-08-06T10:07:15,9.9712,9.9712,9.9712,9.9712,23.3684
2025-08-06T10:07:17,9.9693,9.9693,9.9351,9.9351,1151.8947
2025-08-06T10:07:18,9.971,9.9712,9.971,9.9712,154.6842
2025-08-06T10:07:19,9.9712,9.9712,9.9389,9.9389,14.4211
2025-08-06T10:07:22,9.9389,9.9389,9.9389,9.9389,78.9474
2025-08-06T10:07:27,9.9389,9.9389,9.9389,9.9389,22.5789
2025-08-06T10:07:28,9.9551,9.9551,9.9551,9.9551,48.0
2025-08-06T10:07:29,9.9693,9.9693,9.9693,9.9693,54.4737
2025-08-06T10:07:31,9.9522,9.9522,9.9522,9.9522,52.6316
2025-08-06T10:07:32,9.956,9.975,9.956,9.9693,185.2105
2025-08-06T10:07:34,9.975,10.0035,9.975,10.0035,1081.7895
2025-08-06T10:07:35,10.013,10.0149,9.994,9.994,247.3684
2025-08-06T10:07:36,9.9769,10.0149,9.9769,10.0035,138.1579
2025-08-06T10:07:37,10.0168,10.07,10.0168,10.07,424.1579
2025-08-06T10:07:38,10.0054,10.0054,10.0054,10.0054,101.5789
2025-08-06T10:07:39,10.0681,10.0681,10.0681,10.0681,185.2105
2025-08-06T10:07:40,10.0681,10.0681,10.0681,10.0681,31.5789
2025-08-06T10:07:42,10.0054,10.0054,10.0054,10.0054,34.2105
2025-08-06T10:07:43,10.0586,10.0586,10.0586,10.0586,6.1579
2025-08-06T10:07:45,10.0073,10.0662,10.0073,10.0662,69.2105
2025-08-06T10:07:46,10.0358,10.0681,10.0073,10.0681,57.6842
2025-08-06T10:07:48,10.0092,10.032,10.0054,10.032,27.6316
2025-08-06T10:07:51,10.0586,10.0586,10.0567,10.0567,110.5789
2025-08-06T10:07:52,10.0586,10.0586,10.0396,10.0567,572.5263
2025-08-06T10:07:53,10.0586,10.0586,10.0586,10.0586,526.8947
2025-08-06T10:07:54,10.0567,10.0567,10.0567,10.0567,157.8947
2025-08-06T10:07:55,10.0377,10.0586,10.0377,10.0586,211.0526
2025-08-06T10:07:57,10.0567,10.0567,10.0567,10.0567,26.7895
2025-08-06T10:07:58,10.0301,10.0301,10.0301,10.0301,20.5263
2025-08-06T10:07:59,10.0567,10.0567,10.032,10.0548,454.0
2025-08-06T10:08:00,10.0567,10.0567,10.0567,10.0567,52.6842
2025-08-06T10:08:01,10.0301,10.0301,10.0301,10.0301,321.0526
2025-08-06T10:08:02,10.0567,10.0567,10.0244,10.0244,168.4211
2025-08-06T10:08:03,10.0054,10.0054,10.0054,10.0054,94.7895
2025-08-06T10:08:05,10.0073,10.0073,10.0073,10.0073,24.6316
2025-08-06T10:08:07,10.013,10.013,10.0035,10.0035,856.7368
2025-08-06T10:08:08,10.0054,10.0073,9.899,9.899,1284.8421
2025-08-06T10:08:13,9.9389,9.9389,9.9389,9.9389,52.6316
2025-08-06T10:08:14,9.9009,9.9009,9.9009,9.9009,31.0526
2025-08-06T10:08:16,9.899,9.899,9.899,9.899,91.8947
2025-08-06T10:08:17,9.9389,9.9389,9.9389,9.9389,10.5263
2025-08-06T10:08:18,9.9713,9.9713,9.9713,9.9713,28.9474
2025-08-06T10:08:19,9.9788,9.9788,9.9788,9.9788,21.5263
2025-08-06T10:08:21,9.9788,9.9788,9.9788,9.9788,58.4211
2025-08-06T10:08:24,9.9807,9.9807,9.9389,9.9389,644.7368
2025-08-06T10:08:27,9.9788,9.9807,9.9788,9.9807,36.2632
2025-08-06T10:08:28,9.9807,10.0396,9.9807,10.0396,117.3158
2025-08-06T10:08:29,10.0377,10.0396,10.0092,10.0092,603.5263
2025-08-06T10:08:31,10.0377,10.0377,10.0377,10.0377,10.5263
2025-08-06T10:08:32,10.0396,10.0396,10.0396,10.0396,12.1053
2025-08-06T10:08:33,10.0377,10.0377,10.0377,10.0377,12.6316
2025-08-06T10:08:34,9.9788,10.0016,9.9389,10.0016,697.2632
2025-08-06T10:08:35,10.0206,10.0206,10.0187,10.0187,242.4211
2025-08-06T10:08:39,9.9693,9.9693,9.9693,9.9693,334.5789
2025-08-06T10:08:40,10.0377,10.0377,10.0187,10.0187,34.3684
2025-08-06T10:08:43,9.9142,9.9845,9.9142,9.9826,769.5263
2025-08-06T10:08:44,9.9674,9.9674,9.9674,9.9674,10.5263
2025-08-06T10:08:46,9.9693,9.9693,9.9693,9.9693,6.8421
2025-08-06T10:08:47,9.9237,10.0187,9.9237,10.0187,29.4737
2025-08-06T10:08:48,10.0187,10.0206,9.9883,9.9883,41.8421
2025-08-06T10:08:50,10.0206,10.0206,9.9332,9.9769,44.7368
2025-08-06T10:08:52,10.0187,10.0187,10.0187,10.0187,65.6316
2025-08-06T10:08:53,9.9712,9.9712,9.9712,9.9712,521.0526
2025-08-06T10:08:54,9.9712,9.9712,9.9522,9.9541,357.0526
2025-08-06T10:08:56,9.9161,9.918,9.9161,9.918,526.3158
2025-08-06T10:08:58,9.9199,9.9199,9.9199,9.9199,12.6316
2025-08-06T10:09:01,9.9921,9.9921,9.9921,9.9921,700.4211
2025-08-06T10:09:04,9.9389,9.9389,9.9389,9.9389,16.6316
2025-08-06T10:09:06,9.9465,9.9465,9.9465,9.9465,49.7895
2025-08-06T10:09:10,9.9769,9.9769,9.9769,9.9769,14.9474
2025-08-06T10:09:11,9.9598,9.9921,9.9598,9.9921,508.2632
2025-08-06T10:09:14,9.9617,9.9617,9.9617,9.9617,105.2632
2025-08-06T10:09:17,9.9598,9.994,9.9598,9.9598,67.8421
2025-08-06T10:09:22,9.9931,9.9931,9.9921,9.9921,53.2105
2025-08-06T10:09:23,9.994,9.994,9.9921,9.9921,384.3684
2025-08-06T10:09:24,9.994,9.994,9.994,9.994,5.3158
2025-08-06T10:09:27,9.975,9.975,9.975,9.975,5.4211
2025-08-06T10:09:28,9.9769,9.9921,9.9769,9.9835,196.1579
2025-08-06T10:09:29,9.975,9.9769,9.9465,9.9769,426.1579
2025-08-06T10:09:30,9.9484,9.9484,9.9484,9.9484,184.2105
2025-08-06T10:09:31,9.9465,9.9484,9.9427,9.9484,733.8421
2025-08-06T10:09:32,9.9617,9.9617,9.9389,9.9389,47.3684
2025-08-06T10:09:33,9.9598,9.9617,9.9598,9.9617,129.0
2025-08-06T10:09:36,9.9769,9.9769,9.975,9.975,204.2632
2025-08-06T10:09:37,9.9389,9.9484,9.9389,9.9484,36.9474
2025-08-06T10:09:39,9.9617,9.9617,9.9617,9.9617,74.1053
2025-08-06T10:09:40,9.9636,9.9636,9.9636,9.9636,526.3158
2025-08-06T10:09:41,9.9636,9.9636,9.9617,9.9617,372.8421
2025-08-06T10:09:44,9.975,9.975,9.975,9.975,10.6842
2025-08-06T10:09:48,9.9389,9.9389,9.937,9.937,296.0
2025-08-06T10:09:49,9.937,9.937,9.9351,9.9351,352.4211
2025-08-06T10:09:50,9.9655,9.9655,9.9655,9.9655,28.5789
2025-08-06T10:09:51,9.9693,9.975,9.9693,9.975,733.7368
2025-08-06T10:09:53,9.9636,9.9637,9.9389,9.9637,52.3158
2025-08-06T10:09:56,9.937,9.937,9.937,9.937,170.0
2025-08-06T10:09:57,9.9351,9.956,9.9351,9.956,136.8421
2025-08-06T10:10:04,9.9579,9.9579,9.9579,9.9579,371.0526
2025-08-06T10:10:07,9.956,9.9579,9.956,9.956,67.3158
2025-08-06T10:10:08,9.9598,9.9598,9.956,9.9579,91.8947
2025-08-06T10:10:11,9.956,9.956,9.956,9.956,9.4211
2025-08-06T10:10:12,9.956,9.956,9.956,9.956,5.4211
2025-08-06T10:10:13,9.956,9.956,9.956,9.956,389.8421
2025-08-06T10:10:18,9.9579,9.9579,9.9579,9.9579,17.1579
2025-08-06T10:10:19,9.9589,9.9589,9.9589,9.9589,5.7368
2025-08-06T10:10:20,9.9579,9.9579,9.937,9.9484,275.2632
2025-08-06T10:10:25,9.937,9.937,9.937,9.937,10.3684
2025-08-06T10:10:27,9.956,9.956,9.9351,9.9351,96.1053
2025-08-06T10:10:28,9.9256,9.937,9.9256,9.937,271.5789
2025-08-06T10:10:31,9.937,9.937,9.937,9.937,17.2105
2025-08-06T10:10:33,9.937,9.937,9.937,9.937,33.0526
2025-08-06T10:10:34,9.937,9.937,9.937,9.937,24.3158
2025-08-06T10:10:35,9.9256,9.9256,9.9237,9.9237,31.9474
2025-08-06T10:10:36,9.9199,9.9199,9.9199,9.9199,13.2105
2025-08-06T10:10:37,9.9332,9.9332,9.918,9.918,386.5789
2025-08-06T10:10:38,9.9161,9.9161,9.9161,9.9161,20.0526
2025-08-06T10:10:39,9.9465,9.9465,9.9465,9.9465,26.3158
2025-08-06T10:10:40,9.918,9.918,9.9161,9.9161,319.2105
2025-08-06T10:10:41,9.9161,9.9162,9.9161,9.9161,310.5263
2025-08-06T10:10:45,9.9171,9.9503,9.9171,9.9503,199.0
2025-08-06T10:10:46,9.956,9.975,9.9275,9.965,1026.4211
2025-08-06T10:10:47,9.9645,9.9921,9.9645,9.9921,910.5789
2025-08-06T10:10:48,9.994,9.994,9.9522,9.9693,568.4211
2025-08-06T10:10:49,9.9741,9.9741,9.9741,9.9741,10.5263
2025-08-06T10:10:51,9.9921,9.9921,9.9921,9.9921,8.8947
2025-08-06T10:10:52,9.9902,9.994,9.9902,9.994,421.0526
2025-08-06T10:10:54,9.9788,9.9788,9.9788,9.9788,21.0526
2025-08-06T10:10:55,9.994,9.994,9.994,9.994,20.9474
2025-08-06T10:10:56,9.994,9.994,9.9921,9.9921,252.6316
2025-08-06T10:10:57,9.9921,9.994,9.9921,9.994,584.2105
2025-08-06T10:10:58,9.994,9.994,9.994,9.994,15.7895
2025-08-06T10:10:59,9.994,9.994,9.994,9.994,15.7895
2025-08-06T10:11:00,9.994,9.994,9.9826,9.994,152.6316
2025-08-06T10:11:01,9.994,9.994,9.994,9.994,10.5263
2025-08-06T10:11:02,9.994,9.994,9.994,9.994,16.1053
2025-08-06T10:11:03,9.9788,9.994,9.9788,9.994,15.7895
2025-08-06T10:11:04,9.994,9.994,9.994,9.994,9.4211
2025-08-06T10:11:05,9.9902,9.9902,9.9902,9.9902,52.7368
2025-08-06T10:11:08,9.9835,9.9835,9.975,9.9807,321.0526
2025-08-06T10:11:09,9.9921,9.9921,9.9769,9.9825,552.6842
2025-08-06T10:11:10,9.9807,9.9921,9.9807,9.9921,686.8421
2025-08-06T10:11:13,9.9921,10.0434,9.9864,10.0287,2159.4737
2025-08-06T10:11:14,10.0567,10.0586,10.0519,10.0519,624.6316
2025-08-06T10:11:15,10.0605,10.0681,10.0605,10.0681,351.8947
2025-08-06T10:11:16,10.0681,10.26,10.0681,10.26,6092.2632
2025-08-06T10:11:17,10.2581,10.26,10.2581,10.26,528.0526
2025-08-06T10:11:18,10.2182,10.2809,10.2182,10.279,1908.3684
2025-08-06T10:11:19,10.279,10.2809,10.279,10.2809,105.2632
2025-08-06T10:11:20,10.2809,10.2809,10.2467,10.2467,383.2105
2025-08-06T10:11:21,10.2619,10.2619,10.2619,10.2619,52.8421
2025-08-06T10:11:22,10.279,10.3294,10.26,10.3284,3255.1053
2025-08-06T10:11:23,10.3303,10.4253,10.3303,10.4253,1150.1579
2025-08-06T10:11:24,10.4291,10.507,10.4101,10.4671,4521.8947
2025-08-06T10:11:25,10.5051,10.5241,10.4956,10.4956,714.0526
2025-08-06T10:11:26,10.4918,10.5032,10.4899,10.5032,700.0526
2025-08-06T10:11:27,10.5146,10.5146,10.4899,10.4899,50.8421
2025-08-06T10:11:28,10.4557,10.4994,10.4139,10.4139,577.7895
2025-08-06T10:11:29,10.3892,10.3892,10.2904,10.2999,816.8421
2025-08-06T10:11:30,10.3873,10.4139,10.2676,10.2695,404.5789
2025-08-06T10:11:31,10.45,10.45,10.2676,10.2676,162.7368
2025-08-06T10:11:33,10.4481,10.4481,10.4481,10.4481,247.4211
2025-08-06T10:11:34,10.4139,10.4139,10.2999,10.2999,279.3158
2025-08-06T10:11:35,10.4158,10.4158,10.2676,10.3417,153.2105
2025-08-06T10:11:36,10.3417,10.4158,10.3417,10.3417,138.2105
2025-08-06T10:11:37,10.4158,10.4158,10.3417,10.3417,103.4737
2025-08-06T10:11:38,10.2904,10.3968,10.2904,10.3968,17.0526
2025-08-06T10:11:39,10.3968,10.3968,10.3417,10.3417,134.6316
2025-08-06T10:11:40,10.3778,10.3778,10.3778,10.3778,105.7895
2025-08-06T10:11:41,10.3436,10.3797,10.3436,10.3797,70.0
2025-08-06T10:11:42,10.3797,10.3797,10.3607,10.3607,260.0
2025-08-06T10:11:43,10.3797,10.3797,10.3607,10.3607,51.2105
2025-08-06T10:11:44,10.3417,10.3417,10.3417,10.3417,8.7895
2025-08-06T10:11:45,10.3702,10.3702,10.3626,10.3626,338.8947
2025-08-06T10:11:46,10.3702,10.3702,10.2904,10.3246,837.7368
2025-08-06T10:11:47,10.2942,10.355,10.2942,10.355,226.5789
2025-08-06T10:11:48,10.3246,10.3246,10.2942,10.2999,273.6842
2025-08-06T10:11:49,10.3569,10.3569,10.355,10.355,184.5263
2025-08-06T10:11:50,10.3569,10.3569,10.2999,10.2999,184.8421
2025-08-06T10:11:52,10.3284,10.3284,10.3018,10.3018,167.2105
2025-08-06T10:11:53,10.3037,10.3493,10.3037,10.3037,255.7368
2025-08-06T10:11:54,10.3265,10.3265,10.3018,10.3037,153.4211
2025-08-06T10:11:55,10.3493,10.355,10.3265,10.3298,350.7368
2025-08-06T10:11:57,10.3094,10.3094,10.3094,10.3094,26.2105
2025-08-06T10:11:58,10.3303,10.3303,10.3303,10.3303,5.2632
2025-08-06T10:11:59,10.3113,10.3113,10.3113,10.3113,30.5789
2025-08-06T10:12:01,10.3227,10.3265,10.317,10.3237,1019.6842
2025-08-06T10:12:02,10.317,10.3227,10.317,10.3227,319.7895
2025-08-06T10:12:03,10.3227,10.3227,10.317,10.317,23.8421
2025-08-06T10:12:04,10.317,10.3189,10.317,10.3189,1158.9474
2025-08-06T10:12:05,10.317,10.3208,10.298,10.3208,371.5263
2025-08-06T10:12:07,10.2961,10.2961,10.2942,10.2942,527.2632
2025-08-06T10:12:08,10.2942,10.2942,10.1935,10.26,1722.6842
2025-08-06T10:12:09,10.1935,10.1973,10.1935,10.1973,268.0
2025-08-06T10:12:10,10.1954,10.1954,10.1954,10.1954,34.2632
2025-08-06T10:12:11,10.279,10.279,10.2011,10.2011,21.7368
2025-08-06T10:12:13,10.2049,10.2809,10.2049,10.2809,56.7368
2025-08-06T10:12:14,10.2343,10.2343,10.2343,10.2343,15.7895
2025-08-06T10:12:15,10.2372,10.2372,10.2372,10.2372,117.6316
2025-08-06T10:12:16,10.2353,10.2353,10.2353,10.2353,22.0
2025-08-06T10:12:17,10.2391,10.2391,10.2391,10.2391,526.8947
2025-08-06T10:12:18,10.2391,10.317,10.2391,10.317,102.1053
2025-08-06T10:12:19,10.2847,10.3151,10.2847,10.2885,286.2632
2025-08-06T10:12:20,10.3151,10.3151,10.3151,10.3151,394.7368
2025-08-06T10:12:23,10.3018,10.3018,10.3018,10.3018,256.6842
2025-08-06T10:12:24,10.2752,10.2752,10.2752,10.2752,53.4737
2025-08-06T10:12:25,10.3018,10.3018,10.3018,10.3018,93.2632
2025-08-06T10:12:26,10.3018,10.3018,10.2695,10.3018,355.6316
2025-08-06T10:12:27,10.3018,10.3018,10.3018,10.3018,11.9474
2025-08-06T10:12:29,10.2847,10.2847,10.2847,10.2847,79.0
2025-08-06T10:12:30,10.2923,10.2923,10.2866,10.2866,263.6842
2025-08-06T10:12:31,10.3018,10.3018,10.3018,10.3018,20.7368
2025-08-06T10:12:32,10.2885,10.45,10.2885,10.3389,604.2632
2025-08-06T10:12:33,10.3531,10.3531,10.3531,10.3531,263.1579
2025-08-06T10:12:35,10.355,10.3588,10.355,10.3588,121.6842
2025-08-06T10:12:36,10.4481,10.4481,10.3645,10.4481,762.6842
2025-08-06T10:12:37,10.45,10.45,10.45,10.45,574.5263
2025-08-06T10:12:39,10.431,10.4481,10.3664,10.4481,1321.0526
2025-08-06T10:12:40,10.4462,10.4462,10.4386,10.4386,550.4737
2025-08-06T10:12:41,10.4424,10.5336,10.4424,10.5336,3787.9474
2025-08-06T10:12:42,10.5336,10.5336,10.4861,10.5317,984.7895
2025-08-06T10:12:43,10.5108,10.5336,10.5108,10.5336,17.9474
2025-08-06T10:12:44,10.5118,10.5317,10.5118,10.5317,388.9474
2025-08-06T10:12:45,10.5137,10.564,10.5137,10.564,414.3684
2025-08-06T10:12:46,10.564,10.564,10.4918,10.5602,588.5263
2025-08-06T10:12:47,10.5241,10.5241,10.4823,10.4918,1273.0
2025-08-06T10:12:48,10.488,10.5127,10.4861,10.488,881.2632
2025-08-06T10:12:49,10.4861,10.4861,10.4861,10.4861,136.8421
2025-08-06T10:12:50,10.4861,10.5602,10.4861,10.5231,996.0526
2025-08-06T10:12:51,10.5431,10.5602,10.5298,10.5298,144.2632
2025-08-06T10:12:52,10.5602,10.5602,10.5146,10.5317,745.1579
2025-08-06T10:12:53,10.5298,10.5298,10.5298,10.5298,26.3158
2025-08-06T10:12:54,10.4481,10.4481,10.4443,10.4443,38.3158
2025-08-06T10:12:55,10.4386,10.45,10.3607,10.3626,657.8947
2025-08-06T10:12:56,10.45,10.45,10.4082,10.45,435.6842
2025-08-06T10:12:57,10.45,10.45,10.3721,10.4101,445.0526
2025-08-06T10:12:58,10.3702,10.4082,10.3702,10.4082,112.8421
2025-08-06T10:12:59,10.3883,10.4082,10.3883,10.4082,39.2105
2025-08-06T10:13:00,10.4082,10.4082,10.3702,10.3702,63.1579
2025-08-06T10:13:01,10.4082,10.4082,10.4063,10.4082,116.1579
2025-08-06T10:13:02,10.3883,10.45,10.3721,10.3721,1162.3158
2025-08-06T10:13:03,10.412,10.45,10.3721,10.3721,86.4211
2025-08-06T10:13:04,10.4272,10.4272,10.4272,10.4272,10.0
2025-08-06T10:13:05,10.4101,10.4481,10.4082,10.4082,928.4737
2025-08-06T10:13:06,10.4386,10.4386,10.4386,10.4386,6.4737
2025-08-06T10:13:07,10.4386,10.4386,10.4101,10.4101,537.2632
2025-08-06T10:13:08,10.4291,10.4633,10.4291,10.4633,150.6842
2025-08-06T10:13:09,10.45,10.5317,10.45,10.4899,1031.1579
2025-08-06T10:13:10,10.5298,10.5298,10.45,10.45,531.5789
2025-08-06T10:13:11,10.45,10.5298,10.45,10.4918,483.3158
2025-08-06T10:13:12,10.5317,10.5317,10.4671,10.4671,568.8947
2025-08-06T10:13:13,10.5317,10.5317,10.5317,10.5317,52.6842
2025-08-06T10:13:14,10.5317,10.5317,10.469,10.5298,874.0526
2025-08-06T10:13:15,10.4994,10.4994,10.45,10.4709,660.3684
2025-08-06T10:13:16,10.4481,10.45,10.3626,10.4063,1750.6316
2025-08-06T10:13:17,10.4481,10.45,10.3626,10.4367,1199.8421
2025-08-06T10:13:18,10.4025,10.4386,10.4025,10.4386,790.5263
2025-08-06T10:13:19,10.4386,10.4386,10.4025,10.4025,219.6842
2025-08-06T10:13:21,10.4215,10.4215,10.4063,10.4063,39.5263
2025-08-06T10:13:22,10.4386,10.4386,10.4215,10.4348,606.3158
2025-08-06T10:13:23,10.4329,10.4348,10.4063,10.4206,659.1053
2025-08-06T10:13:24,10.4348,10.4348,10.4348,10.4348,5.2632
2025-08-06T10:13:25,10.4348,10.4348,10.4348,10.4348,105.5263
2025-08-06T10:13:26,10.4348,10.4348,10.4348,10.4348,13.1579
2025-08-06T10:13:27,10.431,10.431,10.431,10.431,95.4211
2025-08-06T10:13:28,10.4329,10.4329,10.4158,10.4158,393.8421
2025-08-06T10:13:29,10.4291,10.431,10.4177,10.431,565.0526
2025-08-06T10:13:30,10.4158,10.4158,10.4139,10.4139,219.0526
2025-08-06T10:13:32,10.4291,10.4291,10.412,10.412,115.8421
2025-08-06T10:13:33,10.4272,10.4272,10.4063,10.4063,26.8421
2025-08-06T10:13:34,10.4063,10.4063,10.3189,10.3189,547.8947
2025-08-06T10:13:35,10.3227,10.3702,10.3227,10.3702,219.5789
2025-08-06T10:13:36,10.3227,10.3702,10.3227,10.3702,428.1579
2025-08-06T10:13:37,10.3683,10.3683,10.3398,10.3398,319.0526
2025-08-06T10:13:38,10.3436,10.3702,10.336,10.3702,224.2632
2025-08-06T10:13:39,10.3683,10.3683,10.336,10.3683,118.2105
2025-08-06T10:13:40,10.336,10.336,10.336,10.336,552.7368
2025-08-06T10:13:43,10.3683,10.3683,10.3683,10.3683,657.8947
2025-08-06T10:13:45,10.3702,10.4101,10.3702,10.4101,153.1579
2025-08-06T10:13:46,10.412,10.412,10.3702,10.3816,23.6842
2025-08-06T10:13:48,10.3949,10.3949,10.3683,10.3683,36.6316
2025-08-06T10:13:49,10.3816,10.3816,10.3816,10.3816,318.4211
2025-08-06T10:13:50,10.3949,10.3949,10.3949,10.3949,6.8421
2025-08-06T10:13:51,10.3816,10.393,10.3816,10.393,67.8421
2025-08-06T10:13:52,10.3949,10.3949,10.393,10.393,31.5789
2025-08-06T10:13:53,10.3816,10.3816,10.3816,10.3816,52.6316
2025-08-06T10:13:54,10.3949,10.3949,10.3949,10.3949,13.4737
2025-08-06T10:13:55,10.3873,10.3949,10.3873,10.3949,511.0526
2025-08-06T10:13:56,10.3854,10.4139,10.3816,10.4139,182.3158
2025-08-06T10:13:57,10.4139,10.45,10.412,10.45,1638.7368
2025-08-06T10:13:58,10.4329,10.4529,10.4329,10.4529,382.8421
2025-08-06T10:13:59,10.4823,10.4823,10.4823,10.4823,527.2632
2025-08-06T10:14:00,10.4823,10.4823,10.4823,10.4823,269.8421
2025-08-06T10:14:01,10.4804,10.4804,10.4804,10.4804,34.6842
2025-08-06T10:14:02,10.4804,10.488,10.4804,10.488,86.1579
2025-08-06T10:14:03,10.4443,10.45,10.4443,10.4481,242.2632
2025-08-06T10:14:05,10.4405,10.4405,10.4405,10.4405,27.8947
2025-08-06T10:14:06,10.4424,10.4424,10.4424,10.4424,500.0
2025-08-06T10:14:08,10.4453,10.4481,10.4291,10.4291,219.9474
2025-08-06T10:14:09,10.4244,10.4289,10.4215,10.4272,1051.9474
2025-08-06T10:14:10,10.4291,10.4291,10.4291,10.4291,105.2632
2025-08-06T10:14:13,10.4215,10.431,10.4215,10.4291,584.2105
2025-08-06T10:14:14,10.431,10.431,10.4196,10.4196,17.7368
2025-08-06T10:14:15,10.4291,10.4291,10.4291,10.4291,500.0526
2025-08-06T10:14:16,10.4291,10.4291,10.4196,10.4196,636.1053
2025-08-06T10:14:17,10.4253,10.4272,10.4234,10.4272,1102.8947
2025-08-06T10:14:18,10.427,10.4272,10.427,10.4272,63.1579
2025-08-06T10:14:19,10.4272,10.4272,10.4272,10.4272,5.2632
2025-08-06T10:14:20,10.3949,10.4196,10.3683,10.3797,978.7895
2025-08-06T10:14:22,10.3892,10.3906,10.3398,10.3398,1204.4211
2025-08-06T10:14:23,10.3398,10.3417,10.2999,10.2999,1082.6316
2025-08-06T10:14:24,10.3018,10.3018,10.3018,10.3018,27.9474
2025-08-06T10:14:25,10.336,10.336,10.336,10.336,13.2105
2025-08-06T10:14:27,10.2999,10.2999,10.2999,10.2999,12.0526
2025-08-06T10:14:28,10.2999,10.2999,10.2999,10.2999,526.3158
2025-08-06T10:14:29,10.3018,10.3018,10.3018,10.3018,12.0526
2025-08-06T10:14:30,10.2999,10.2999,10.2999,10.2999,365.5789
2025-08-06T10:14:31,10.2904,10.2904,10.26,10.26,1131.5789
2025-08-06T10:14:32,10.2619,10.2638,10.26,10.26,1248.9474
2025-08-06T10:14:33,10.26,10.2942,10.26,10.2942,531.5789
2025-08-06T10:14:34,10.2619,10.2619,10.26,10.26,276.3158
2025-08-06T10:14:35,10.2961,10.2961,10.2961,10.2961,9.7895
2025-08-06T10:14:36,10.279,10.279,10.279,10.279,7.8947
2025-08-06T10:14:37,10.2961,10.298,10.2961,10.298,149.6316
2025-08-06T10:14:38,10.2961,10.2961,10.2942,10.2961,1402.6316
2025-08-06T10:14:40,10.298,10.3189,10.2961,10.2961,91.0
2025-08-06T10:14:41,10.2961,10.2961,10.2961,10.2961,456.1579
2025-08-06T10:14:42,10.2942,10.2942,10.2942,10.2942,5.3684
2025-08-06T10:14:43,10.2942,10.2961,10.2942,10.2961,902.6842
2025-08-06T10:14:45,10.2942,10.2942,10.2942,10.2942,49.8421
2025-08-06T10:14:48,10.2942,10.2942,10.2619,10.2619,530.2632
2025-08-06T10:14:49,10.2619,10.2638,10.26,10.2619,2913.6316
2025-08-06T10:14:51,10.2714,10.2714,9.8059,9.9845,6628.1053
2025-08-06T10:14:52,9.9845,10.1052,9.937,9.937,1293.5789
2025-08-06T10:14:54,10.0301,10.0301,10.0301,10.0301,15.7368
2025-08-06T10:14:55,9.937,9.937,9.937,9.937,110.5263
2025-08-06T10:14:56,10.0301,10.089,10.0301,10.07,225.1053
2025-08-06T10:14:58,10.127,10.127,10.127,10.127,196.2632
2025-08-06T10:14:59,10.1897,10.1897,10.1897,10.1897,5.7895
2025-08-06T10:15:00,10.1878,10.1878,10.1878,10.1878,7.9474
2025-08-06T10:15:01,10.184,10.184,10.184,10.184,16.6316
2025-08-06T10:15:02,10.1859,10.1859,10.1859,10.1859,58.9474
2025-08-06T10:15:03,10.1821,10.1821,10.1821,10.1821,5.2632
2025-08-06T10:15:04,10.1555,10.1555,10.1555,10.1555,26.3684
2025-08-06T10:15:05,10.1289,10.1555,10.1289,10.1555,98.7368
2025-08-06T10:15:06,10.1289,10.1802,10.1023,10.1289,158.2632
2025-08-06T10:15:07,10.127,10.127,10.127,10.127,106.1579
2025-08-06T10:15:08,10.1137,10.1287,10.1137,10.1287,211.0526
2025-08-06T10:15:09,10.127,10.1289,10.1004,10.1004,413.1579
2025-08-06T10:15:11,10.1251,10.1308,10.1004,10.1004,74.0526
2025-08-06T10:15:13,10.1403,10.1403,10.1203,10.1384,547.5789
2025-08-06T10:15:14,10.1004,10.1004,10.1004,10.1004,10.5263
2025-08-06T10:15:15,10.127,10.127,10.1005,10.1023,85.2632
2025-08-06T10:15:17,10.127,10.1289,10.127,10.1289,182.1579
2025-08-06T10:15:18,10.1289,10.1289,10.1061,10.1061,191.0526
2025-08-06T10:15:19,10.1061,10.1802,10.1061,10.1802,93.3158
2025-08-06T10:15:21,10.1194,10.1194,10.1194,10.1194,51.6842
2025-08-06T10:15:22,10.1943,10.1943,10.1943,10.1943,13.1579
2025-08-06T10:15:23,10.1232,10.1859,10.1213,10.1859,135.8421
2025-08-06T10:15:27,10.1821,10.1821,10.1821,10.1821,53.1579
2025-08-06T10:15:31,10.1232,10.1232,10.1061,10.1061,176.4737
2025-08-06T10:15:32,10.1194,10.1194,10.1194,10.1194,192.0526
2025-08-06T10:15:33,10.1061,10.1536,10.1023,10.1536,740.7895
2025-08-06T10:15:35,10.1289,10.1289,10.1289,10.1289,7.4211
2025-08-06T10:15:38,10.1289,10.1318,10.1023,10.1023,318.5789
2025-08-06T10:15:39,10.1004,10.1004,10.1004,10.1004,45.3158
2025-08-06T10:15:41,10.1118,10.1118,10.1118,10.1118,26.3158
2025-08-06T10:15:42,10.1118,10.1118,10.1118,10.1118,8.8421
2025-08-06T10:15:44,10.1194,10.1194,10.1004,10.1004,383.7368
2025-08-06T10:15:46,10.1004,10.1023,10.1004,10.1023,88.7895
2025-08-06T10:15:47,10.1004,10.1004,10.1004,10.1004,5.2632
2025-08-06T10:15:48,10.1004,10.1004,10.1004,10.1004,63.5263
2025-08-06T10:15:52,10.0985,10.0985,10.0719,10.0719,103.6316
2025-08-06T10:15:53,10.0919,10.099,10.07,10.099,206.1053
2025-08-06T10:15:54,10.07,10.0719,10.07,10.0719,116.3158
2025-08-06T10:15:55,10.0719,10.0719,10.07,10.07,177.3684
2025-08-06T10:15:56,10.07,10.07,10.07,10.07,9.1579
2025-08-06T10:15:57,10.07,10.07,10.032,10.032,526.9474
2025-08-06T10:15:58,10.0624,10.0643,10.0624,10.0643,18.4211
2025-08-06T10:15:59,10.032,10.032,10.032,10.032,52.6316
2025-08-06T10:16:01,10.032,10.0605,10.032,10.0339,56.5263
2025-08-06T10:16:02,10.032,10.032,10.032,10.032,387.7368
2025-08-06T10:16:03,10.032,10.032,9.9484,9.9484,1059.6316
2025-08-06T10:16:04,9.9484,9.9484,9.9484,9.9484,105.2632
2025-08-06T10:16:05,9.9484,10.032,9.9484,10.032,54.6316
2025-08-06T10:16:07,9.9503,10.0035,9.9503,10.0035,90.6316
2025-08-06T10:16:08,9.9522,9.9522,9.9503,9.9503,93.5789
2025-08-06T10:16:09,9.9522,9.9522,9.9522,9.9522,53.1053
2025-08-06T10:16:10,9.9503,9.9503,9.9503,9.9503,35.1053
2025-08-06T10:16:11,10.0016,10.0016,10.0016,10.0016,105.2632
2025-08-06T10:16:12,9.9797,9.9807,9.9579,9.9579,604.6842
2025-08-06T10:16:13,9.9845,9.9845,9.9845,9.9845,16.3158
2025-08-06T10:16:17,9.9807,9.9807,9.9807,9.9807,45.6316
2025-08-06T10:16:18,9.9636,9.9636,9.9636,9.9636,52.7895
2025-08-06T10:16:20,9.9805,9.9805,9.9805,9.9805,5.2632
2025-08-06T10:16:21,9.9712,9.9712,9.9712,9.9712,134.4211
2025-08-06T10:16:23,9.9617,9.9617,9.9617,9.9617,13.6316
2025-08-06T10:16:24,9.9712,9.9712,9.9617,9.9617,31.5789
2025-08-06T10:16:26,9.9712,9.9712,9.9636,9.9636,124.1053
2025-08-06T10:16:28,9.9617,9.9788,9.9617,9.9712,248.4211
2025-08-06T10:16:29,9.9712,9.9712,9.9643,9.9643,200.0526
2025-08-06T10:16:30,9.9712,9.9712,9.9712,9.9712,599.1053
2025-08-06T10:16:32,9.9617,9.9617,9.9617,9.9617,6.3158
2025-08-06T10:16:38,9.9636,9.9636,9.9636,9.9636,13.2632
2025-08-06T10:16:39,9.9617,9.9712,9.9617,9.9645,552.1053
2025-08-06T10:16:40,9.9617,9.9617,9.9617,9.9617,25.6316
2025-08-06T10:16:47,9.9579,9.9579,9.9579,9.9579,105.8421
2025-08-06T10:16:48,9.9579,9.9579,9.9579,9.9579,505.2632
2025-08-06T10:16:49,9.9579,9.9579,9.9351,9.9579,902.7368
2025-08-06T10:16:54,9.9503,9.9503,9.9446,9.9447,66.9474
2025-08-06T10:16:55,9.956,9.956,9.956,9.956,526.3684
2025-08-06T10:16:56,9.9446,9.9446,9.9446,9.9446,19.6842
2025-08-06T10:17:01,9.956,9.956,9.956,9.956,37.4211
2025-08-06T10:17:03,9.956,10.0605,9.956,10.0605,953.6842
2025-08-06T10:17:04,10.0662,10.165,10.0662,10.1403,932.2105
2025-08-06T10:17:05,10.1232,10.1232,10.0567,10.0643,531.5789
2025-08-06T10:17:06,10.0605,10.0605,10.0605,10.0605,500.0
2025-08-06T10:17:07,10.1403,10.1403,10.1403,10.1403,55.3158
2025-08-06T10:17:10,10.0605,10.0985,10.0605,10.0985,26.2632
2025-08-06T10:17:16,10.1403,10.1403,10.1403,10.1403,10.5263
2025-08-06T10:17:17,10.1004,10.1004,10.1004,10.1004,27.6316
2025-08-06T10:17:19,10.1023,10.1023,10.1004,10.1023,87.3158
2025-08-06T10:17:21,10.1403,10.1403,10.1403,10.1403,13.1579
2025-08-06T10:17:22,10.1023,10.1023,10.1023,10.1023,37.6842
2025-08-06T10:17:26,10.1023,10.1403,10.1023,10.1403,227.0
2025-08-06T10:17:27,10.1384,10.1384,10.1154,10.1154,15.7895
2025-08-06T10:17:28,10.1004,10.1004,10.1004,10.1004,52.6316
2025-08-06T10:17:32,10.1042,10.1042,10.1042,10.1042,157.8947
2025-08-06T10:17:33,10.1023,10.1023,10.1023,10.1023,10.5263
2025-08-06T10:17:36,10.1213,10.1213,10.1213,10.1213,33.7368
2025-08-06T10:17:39,10.1023,10.1023,10.0054,10.0054,556.2632
2025-08-06T10:17:41,10.0073,10.0073,10.0073,10.0073,100.0526
2025-08-06T10:17:42,10.0795,10.0795,10.0795,10.0795,16.2105
2025-08-06T10:17:43,10.0453,10.0453,10.0453,10.0453,51.5789
2025-08-06T10:17:45,10.0358,10.0814,10.0358,10.0814,2579.0
2025-08-06T10:17:55,10.07,10.07,10.0168,10.0168,278.2632
2025-08-06T10:17:59,10.032,10.1403,10.032,10.1403,431.4737
2025-08-06T10:18:00,10.1403,10.1403,10.1403,10.1403,100.5263
2025-08-06T10:18:01,10.1403,10.1821,10.1403,10.1403,106.3158
2025-08-06T10:18:02,10.1403,10.1403,10.1137,10.1308,284.4211
2025-08-06T10:18:03,10.1403,10.1403,10.1356,10.1403,95.7368
2025-08-06T10:18:04,10.1403,10.1403,10.1403,10.1403,52.6316
2025-08-06T10:18:07,10.1403,10.1403,10.1403,10.1403,58.1053
2025-08-06T10:18:08,10.1403,10.1403,10.1403,10.1403,22.7368
2025-08-06T10:18:09,10.1403,10.1403,10.1403,10.1403,39.2105
2025-08-06T10:18:10,10.1403,10.1403,10.1346,10.1403,79.4211
2025-08-06T10:18:11,10.1403,10.1403,10.1384,10.1403,65.2105
2025-08-06T10:18:12,10.1403,10.1403,10.1403,10.1403,38.1579
2025-08-06T10:18:14,10.1365,10.1365,10.1365,10.1365,55.8947
2025-08-06T10:18:16,10.1555,10.1555,10.1346,10.1365,527.5263
2025-08-06T10:18:20,10.1308,10.1308,10.1308,10.1308,131.5789
2025-08-06T10:18:21,10.1308,10.1308,10.1308,10.1308,35.2632
2025-08-06T10:18:22,10.1365,10.1365,10.1023,10.1023,53.2105
2025-08-06T10:18:26,10.1365,10.1365,10.1023,10.1025,164.0526
2025-08-06T10:18:31,10.1023,10.1025,10.1023,10.1023,69.0526
2025-08-06T10:18:32,10.1023,10.1023,10.1023,10.1023,26.3158
2025-08-06T10:18:37,10.1365,10.1365,10.1194,10.1194,115.7895
2025-08-06T10:18:40,10.1023,10.1023,10.089,10.089,255.5263
2025-08-06T10:18:41,10.0168,10.0168,10.0168,10.0168,57.8947
2025-08-06T10:18:43,10.1023,10.1023,10.1023,10.1023,36.5789
2025-08-06T10:18:48,10.1175,10.1194,10.1175,10.1194,80.1579
2025-08-06T10:18:53,10.0653,10.0653,10.0653,10.0653,13.1579
2025-08-06T10:18:55,10.0441,10.0441,10.0441,10.0441,13.1579
2025-08-06T10:18:59,10.0643,10.0643,10.0643,10.0643,12.7895
2025-08-06T10:19:02,10.0643,10.0643,10.0643,10.0643,16.0526
2025-08-06T10:19:04,10.0662,10.0662,10.0662,10.0662,35.6316
2025-08-06T10:19:05,10.0643,10.0643,10.0643,10.0643,26.3158
2025-08-06T10:19:06,10.1023,10.1023,10.0643,10.0643,389.4737
2025-08-06T10:19:09,10.0662,10.0662,10.0168,10.0168,65.2632
2025-08-06T10:19:10,10.032,10.032,10.032,10.032,5.2632
2025-08-06T10:19:11,10.0187,10.0187,10.0187,10.0187,9.4211
2025-08-06T10:19:17,10.0168,10.0168,10.0168,10.0168,5.2632
2025-08-06T10:19:20,10.0187,10.0643,10.0187,10.0643,1002.2105
2025-08-06T10:19:21,10.0206,10.0206,10.0206,10.0206,7.3684
2025-08-06T10:19:23,10.0434,10.0434,10.0434,10.0434,81.8421
2025-08-06T10:19:25,10.0225,10.0225,10.0225,10.0225,5.3684
2025-08-06T10:19:29,10.0434,10.0434,10.0434,10.0434,5.2632
2025-08-06T10:19:30,10.0539,10.0539,10.0539,10.0539,5.2632
2025-08-06T10:19:31,10.0434,10.0453,10.0434,10.0453,85.1579
2025-08-06T10:19:32,10.0434,10.0434,10.0434,10.0434,10.5263
2025-08-06T10:19:33,10.0434,10.0434,10.0434,10.0434,5.2632
2025-08-06T10:19:34,10.0453,10.0453,10.0453,10.0453,5.2632
2025-08-06T10:19:36,10.0434,10.0434,10.0434,10.0434,5.2632
2025-08-06T10:19:37,10.0453,10.0453,10.0453,10.0453,6.5789
2025-08-06T10:19:38,10.0453,10.0453,10.0453,10.0453,7.6842
2025-08-06T10:19:40,10.0624,10.0624,10.0624,10.0624,5.2632
2025-08-06T10:19:41,10.0624,10.0624,10.0624,10.0624,5.4211
2025-08-06T10:19:43,10.0529,10.0529,10.0529,10.0529,421.0526
2025-08-06T10:19:44,10.0643,10.0643,10.0643,10.0643,5.2632
2025-08-06T10:19:46,10.0453,10.0453,10.0453,10.0453,35.2105
2025-08-06T10:19:47,10.0453,10.0453,10.0434,10.0434,190.0
2025-08-06T10:19:48,10.0453,10.0453,10.0453,10.0453,9.2105
2025-08-06T10:19:51,10.0453,10.0453,10.0453,10.0453,157.8947
2025-08-06T10:19:52,10.0489,10.0489,10.0489,10.0489,22.8947
2025-08-06T10:19:53,10.0434,10.0605,10.0434,10.0605,69.7368
2025-08-06T10:19:56,10.0529,10.0529,10.0529,10.0529,15.7895
2025-08-06T10:20:01,10.0434,10.0434,10.0434,10.0434,5.2632
2025-08-06T10:20:02,10.0434,10.0434,10.0434,10.0434,26.3158
2025-08-06T10:20:05,10.0529,10.0529,10.0434,10.0434,333.7368
2025-08-06T10:20:06,10.0225,10.0225,10.0225,10.0225,5.2632
2025-08-06T10:20:09,10.0225,10.0226,10.0225,10.0226,10.5263
2025-08-06T10:20:10,10.0225,10.0434,10.0225,10.0226,416.7368
2025-08-06T10:20:14,10.0225,10.0225,10.0225,10.0225,6.7368
2025-08-06T10:20:15,10.0225,10.0225,10.0225,10.0225,39.7895
2025-08-06T10:20:18,10.0301,10.0301,10.0263,10.0301,44.6842
2025-08-06T10:20:21,10.0225,10.0225,10.0225,10.0225,6.4737
2025-08-06T10:20:23,10.0168,10.0168,10.0168,10.0168,58.0
2025-08-06T10:20:26,10.0206,10.0206,10.0206,10.0206,6.8421
2025-08-06T10:20:28,10.0197,10.0225,10.0187,10.0187,193.5263
2025-08-06T10:20:31,10.0168,10.0187,10.0168,10.0168,235.2632
2025-08-06T10:20:32,10.0168,10.0168,10.0168,10.0168,9.4737
2025-08-06T10:20:39,10.0187,10.0187,10.0187,10.0187,215.5789
2025-08-06T10:20:40,10.0187,10.0187,10.0187,10.0187,24.7368
2025-08-06T10:20:44,10.0187,10.0187,10.0187,10.0187,13.1579
2025-08-06T10:20:48,10.0187,10.0187,10.0187,10.0187,47.2632
2025-08-06T10:20:55,10.0168,10.0168,10.0168,10.0168,11.5789
2025-08-06T10:20:59,10.0206,10.0206,10.0206,10.0206,26.3158
2025-08-06T10:21:00,10.0187,10.0206,10.0187,10.0206,32.3158
2025-08-06T10:21:02,10.0206,10.0206,10.0206,10.0206,31.5789
2025-08-06T10:21:03,10.0187,10.0187,10.0187,10.0187,9.8421
2025-08-06T10:21:08,10.0206,10.0206,10.0206,10.0206,20.2632
2025-08-06T10:21:09,10.0206,10.0586,10.0206,10.0586,296.8421
2025-08-06T10:21:10,10.0567,10.0567,10.0567,10.0567,52.6316
2025-08-06T10:21:11,10.0624,10.07,10.0624,10.07,13.5789
2025-08-06T10:21:12,10.0681,10.0681,10.0681,10.0681,250.1053
2025-08-06T10:21:13,10.0415,10.0415,10.0415,10.0415,8.3684
2025-08-06T10:21:17,10.0472,10.0472,10.0472,10.0472,47.3684
2025-08-06T10:21:20,10.0776,10.0776,10.07,10.07,68.4211
2025-08-06T10:21:21,10.0681,10.0681,10.0681,10.0681,105.2632
2025-08-06T10:21:25,10.0852,10.0852,10.0681,10.0681,31.5789
2025-08-06T10:21:30,10.0947,10.0947,10.0947,10.0947,113.3158
2025-08-06T10:21:31,10.07,10.07,10.07,10.07,10.5263
2025-08-06T10:21:33,10.0966,10.0966,10.0947,10.0966,171.0526
2025-08-06T10:21:46,10.0947,10.0947,10.0947,10.0947,105.3158
2025-08-06T10:21:47,10.0814,10.0814,10.0814,10.0814,5.2632
2025-08-06T10:21:52,10.0795,10.0795,10.0795,10.0795,22.5789
2025-08-06T10:21:54,10.0814,10.0966,10.0814,10.0947,168.4211
2025-08-06T10:22:04,10.0814,10.0871,10.0795,10.0795,103.0526
2025-08-06T10:22:05,10.0776,10.0776,10.0776,10.0776,6.1579
2025-08-06T10:22:07,10.0738,10.0738,10.0681,10.0681,280.4737
2025-08-06T10:22:08,10.0795,10.0795,10.07,10.07,15.2632
2025-08-06T10:22:09,10.0681,10.0681,10.0301,10.0301,525.8947
2025-08-06T10:22:10,10.0396,10.0396,10.0187,10.0187,221.0
2025-08-06T10:22:11,10.0529,10.0814,10.0529,10.0776,1052.6316
2025-08-06T10:22:16,10.0301,10.0301,10.0301,10.0301,10.5263
2025-08-06T10:22:19,10.0757,10.0757,10.0757,10.0757,25.0
2025-08-06T10:22:21,10.0396,10.0396,10.0396,10.0396,78.9474
2025-08-06T10:22:30,10.0605,10.0605,10.0605,10.0605,99.4211
2025-08-06T10:22:31,10.0643,10.0643,10.0643,10.0643,5.2632
2025-08-06T10:22:36,10.0624,10.0624,9.994,9.994,418.3684
2025-08-06T10:22:41,9.9579,9.9579,9.956,9.9579,942.5789
2025-08-06T10:22:42,9.956,9.956,9.956,9.956,49.1579
2025-08-06T10:22:44,9.9522,9.9522,9.9503,9.9503,29.3158
2025-08-06T10:22:46,9.956,9.956,9.956,9.956,12.5789
2025-08-06T10:22:53,9.9598,9.9674,9.9598,9.9674,11.3684
2025-08-06T10:22:56,9.9541,9.9541,9.9541,9.9541,15.3684
2025-08-06T10:22:58,9.9541,9.9541,9.9541,9.9541,57.8947
2025-08-06T10:22:59,9.9541,9.9541,9.9541,9.9541,265.7368
2025-08-06T10:23:00,9.9541,9.9541,9.9541,9.9541,148.7368
2025-08-06T10:23:01,9.9541,9.9541,9.9541,9.9541,70.2632
2025-08-06T10:23:02,9.9541,9.9541,9.9541,9.9541,10.5263
2025-08-06T10:23:04,9.9541,9.9541,9.9541,9.9541,5.2632
2025-08-06T10:23:06,9.9551,9.9551,9.9551,9.9551,37.6842
2025-08-06T10:23:11,9.956,9.956,9.956,9.956,52.6316
2025-08-06T10:23:12,9.9551,9.9551,9.9551,9.9551,21.0526
2025-08-06T10:23:14,9.9541,9.956,9.9541,9.956,447.2105
2025-08-06T10:23:15,9.9541,9.9541,9.9484,9.9484,332.8421
2025-08-06T10:23:17,9.9503,9.9503,9.9503,9.9503,83.5789
2025-08-06T10:23:24,9.9446,9.9446,9.9446,9.9446,52.6316
2025-08-06T10:23:26,9.9446,9.9465,9.9446,9.9446,555.5263
2025-08-06T10:23:27,9.9446,9.9446,9.8933,9.8952,209.9474
2025-08-06T10:23:28,9.9351,9.9351,9.9351,9.9351,13.5789
2025-08-06T10:23:29,9.8952,9.8952,9.8952,9.8952,5.2632
2025-08-06T10:23:30,9.8933,9.8933,9.8933,9.8933,158.0
2025-08-06T10:23:31,9.8933,9.8933,9.8933,9.8933,356.0526
2025-08-06T10:23:32,9.8933,9.8933,9.8933,9.8933,284.1579
2025-08-06T10:23:33,9.8933,9.8933,9.88,9.88,132.4211
2025-08-06T10:23:35,9.88,9.88,9.88,9.88,11.8421
2025-08-06T10:23:40,9.9009,9.9009,9.9009,9.9009,5.4211
2025-08-06T10:23:41,9.899,9.9047,9.899,9.899,350.1579
2025-08-06T10:23:42,9.9009,9.9009,9.899,9.899,350.7895
2025-08-06T10:23:44,9.8991,9.8991,9.88,9.88,666.9474
2025-08-06T10:23:50,9.8819,9.8819,9.8819,9.8819,56.3684
2025-08-06T10:23:51,9.8819,9.8819,9.8819,9.8819,267.1579
2025-08-06T10:23:52,9.88,9.8819,9.88,9.8819,80.4737
2025-08-06T10:23:53,9.8819,9.8819,9.8819,9.8819,37.1053
2025-08-06T10:23:54,9.88,9.88,9.88,9.88,5.7895
2025-08-06T10:23:55,9.88,9.8895,9.88,9.8895,66.8421
2025-08-06T10:23:56,9.8819,9.8819,9.8819,9.8819,6.8421
2025-08-06T10:23:57,9.8819,9.8819,9.8819,9.8819,114.1579
2025-08-06T10:23:59,9.899,9.899,9.899,9.899,25.8421
2025-08-06T10:24:00,9.8933,9.9294,9.8933,9.9294,557.2632
2025-08-06T10:24:03,9.9237,9.9237,9.9237,9.9237,79.0
2025-08-06T10:24:06,9.918,9.918,9.9142,9.9142,66.1579
2025-08-06T10:24:08,9.9389,9.9389,9.9389,9.9389,5.2632
2025-08-06T10:24:09,9.9408,9.9408,9.9408,9.9408,7.8421
2025-08-06T10:24:13,9.9256,9.9256,9.9237,9.9256,199.6316
2025-08-06T10:24:19,9.9256,9.9256,9.9256,9.9256,58.3684
2025-08-06T10:24:21,9.9237,9.9237,9.9237,9.9237,25.4211
2025-08-06T10:24:23,9.9256,9.9256,9.9142,9.9142,62.7895
2025-08-06T10:24:24,9.9142,9.9142,9.9142,9.9142,22.9474
2025-08-06T10:24:26,9.8857,9.9237,9.8857,9.918,215.7895
2025-08-06T10:24:32,9.8819,9.8819,9.8819,9.8819,68.2105
2025-08-06T10:24:34,9.8838,9.9028,9.8838,9.9028,32.3684
2025-08-06T10:24:36,9.8838,9.8838,9.8838,9.8838,11.8947
2025-08-06T10:24:47,9.8876,9.8895,9.8876,9.8895,209.9474
2025-08-06T10:24:49,9.8914,9.8914,9.8895,9.8895,52.6316
2025-08-06T10:24:51,9.8895,9.8895,9.8895,9.8895,31.5789
2025-08-06T10:24:53,9.8895,9.8895,9.8895,9.8895,122.0
2025-08-06T10:24:58,9.9218,9.9218,9.9218,9.9218,1579.0526
2025-08-06T10:25:03,9.9066,9.9066,9.9066,9.9066,102.3684
2025-08-06T10:25:09,9.8895,9.8895,9.8306,9.8306,542.7368
2025-08-06T10:25:10,9.8306,9.8648,9.8306,9.8648,79.6842
2025-08-06T10:25:13,9.8629,9.8629,9.8629,9.8629,134.3158
2025-08-06T10:25:14,9.8306,9.8306,9.8249,9.8249,75.0
2025-08-06T10:25:19,9.8249,9.8249,9.8249,9.8249,526.3158
2025-08-06T10:25:21,9.8249,9.8249,9.8249,9.8249,29.2105
2025-08-06T10:25:24,9.8251,9.8251,9.8251,9.8251,7.3684
2025-08-06T10:25:26,9.8249,9.8249,9.8249,9.8249,69.1579
2025-08-06T10:25:27,9.8268,9.8268,9.8268,9.8268,48.8947
2025-08-06T10:25:29,9.8249,9.8249,9.8249,9.8249,16.8421
2025-08-06T10:25:30,9.8258,9.8258,9.8258,9.8258,10.5263
2025-08-06T10:25:32,9.8249,9.8249,9.8249,9.8249,20.8421
2025-08-06T10:25:34,9.8249,9.8249,9.8002,9.8002,526.3158
2025-08-06T10:25:36,9.8135,9.8135,9.8135,9.8135,26.5263
2025-08-06T10:25:37,9.8002,9.8002,9.7831,9.785,111.0526
2025-08-06T10:25:38,9.7774,9.7774,9.7774,9.7774,63.9474
2025-08-06T10:25:39,9.785,9.785,9.785,9.785,32.5789
2025-08-06T10:25:43,9.7755,9.7755,9.766,9.766,39.2632
2025-08-06T10:25:44,9.7831,9.7831,9.7831,9.7831,26.3158
2025-08-06T10:25:45,9.7831,9.7831,9.7641,9.7831,205.8421
2025-08-06T10:25:47,9.7717,9.7717,9.7299,9.766,622.5263
2025-08-06T10:25:49,9.7622,9.7622,9.7299,9.7299,52.6316
2025-08-06T10:25:50,9.7299,9.7299,9.7299,9.7299,119.6316
2025-08-06T10:25:51,9.7299,9.7299,9.7109,9.7109,91.6842
2025-08-06T10:25:52,9.7109,9.7109,9.7109,9.7109,58.0
2025-08-06T10:25:53,9.709,9.709,9.709,9.709,50.6842
2025-08-06T10:25:54,9.709,9.729,9.69,9.7052,1024.6316
2025-08-06T10:25:55,9.7052,9.7071,9.7052,9.7071,310.8421
2025-08-06T10:25:56,9.7109,9.7109,9.7052,9.7052,334.2105
2025-08-06T10:25:59,9.7109,9.7109,9.7071,9.7071,58.9474
2025-08-06T10:26:00,9.7214,9.7214,9.7214,9.7214,68.4211
2025-08-06T10:26:01,9.7299,9.7299,9.7071,9.7071,58.4737
2025-08-06T10:26:02,9.7489,9.7489,9.709,9.7489,547.9474
2025-08-06T10:26:03,9.7508,9.766,9.7366,9.7394,295.6316
2025-08-06T10:26:04,9.7831,9.7831,9.7831,9.7831,473.8421
2025-08-06T10:26:05,9.785,9.8268,9.785,9.8268,161.4211
2025-08-06T10:26:06,9.8629,9.8629,9.8629,9.8629,5.4737
2025-08-06T10:26:07,9.7831,9.8648,9.7831,9.8648,172.6842
2025-08-06T10:26:08,9.9066,9.9066,9.9066,9.9066,106.0
2025-08-06T10:26:09,9.8876,9.8876,9.8306,9.861,479.0
2025-08-06T10:26:11,9.861,9.8781,9.861,9.8781,78.9474
2025-08-06T10:26:12,9.8895,9.8895,9.8895,9.8895,56.3158
2025-08-06T10:26:13,9.8914,9.8933,9.8914,9.8933,67.2632
2025-08-06T10:26:16,9.88,9.88,9.88,9.88,105.2632
2025-08-06T10:26:21,9.861,9.8648,9.861,9.861,37.1579
2025-08-06T10:26:23,9.88,9.88,9.7983,9.7983,373.6842
2025-08-06T10:26:33,9.8686,9.8686,9.8648,9.8648,67.3684
2025-08-06T10:26:35,9.8686,9.8686,9.8686,9.8686,32.1053
2025-08-06T10:26:37,9.8684,9.8684,9.8684,9.8684,5.2632
2025-08-06T10:26:38,9.8553,9.8553,9.8553,9.8553,6.8947
2025-08-06T10:26:40,9.8686,9.9066,9.8648,9.88,699.5263
2025-08-06T10:26:41,9.88,9.88,9.88,9.88,15.7895
2025-08-06T10:26:50,9.8648,9.8648,9.861,9.861,64.8947
2025-08-06T10:26:53,9.861,9.861,9.842,9.8439,1099.8421
2025-08-06T10:26:55,9.8439,9.8439,9.7983,9.7983,542.4211
2025-08-06T10:26:56,9.8439,9.8439,9.8439,9.8439,26.3158
2025-08-06T10:26:58,9.842,9.842,9.8382,9.8382,110.5263
2025-08-06T10:27:01,9.8382,9.8382,9.8382,9.8382,70.8421
2025-08-06T10:27:02,9.8192,9.8192,9.8192,9.8192,26.3158
2025-08-06T10:27:03,9.8021,9.8382,9.8021,9.8382,221.5789
2025-08-06T10:27:05,9.8192,9.8192,9.8192,9.8192,41.0
2025-08-06T10:27:06,9.8002,9.8002,9.7546,9.7546,163.2105
2025-08-06T10:27:09,9.7432,9.8135,9.7432,9.8135,92.1579
2025-08-06T10:27:12,9.8135,9.8135,9.7584,9.7584,14.7368
2025-08-06T10:27:15,9.8154,9.8154,9.8154,9.8154,78.9474
2025-08-06T10:27:19,9.7755,9.7755,9.7755,9.7755,44.5263
2025-08-06T10:27:20,9.7755,9.7755,9.7755,9.7755,26.3684
2025-08-06T10:27:23,9.785,9.785,9.785,9.785,5.2632
2025-08-06T10:27:25,9.785,9.785,9.785,9.785,5.2632
2025-08-06T10:27:27,9.8154,9.8154,9.8154,9.8154,42.3684
2025-08-06T10:27:30,9.7869,9.8135,9.7869,9.8135,45.7895
2025-08-06T10:27:31,9.785,9.8002,9.785,9.8002,31.5263
2025-08-06T10:27:34,9.785,9.785,9.785,9.785,285.3684
2025-08-06T10:27:35,9.785,9.785,9.7622,9.7622,264.6842
2025-08-06T10:27:36,9.8078,9.8078,9.7033,9.7033,372.6316
2025-08-06T10:27:37,9.7356,9.7356,9.7356,9.7356,5.2632
2025-08-06T10:27:43,9.7299,9.7337,9.7299,9.7337,84.3158
2025-08-06T10:27:52,9.7831,9.7831,9.7831,9.7831,27.7368
2025-08-06T10:27:53,9.7983,9.7983,9.7983,9.7983,11.0526
2025-08-06T10:28:01,9.7964,9.7964,9.7964,9.7964,84.2105
2025-08-06T10:28:05,9.7964,9.7964,9.7584,9.7926,88.6842
2025-08-06T10:28:06,9.7983,9.7983,9.7973,9.7973,82.7895
2025-08-06T10:28:07,9.7793,9.7945,9.7793,9.7793,326.3684
2025-08-06T10:28:08,9.7983,9.8154,9.7983,9.8154,89.4737
2025-08-06T10:28:09,9.8154,9.8154,9.8154,9.8154,21.0526
2025-08-06T10:28:10,9.8154,9.8154,9.8154,9.8154,10.5263
2025-08-06T10:28:11,9.8382,9.8382,9.8382,9.8382,54.2105
2025-08-06T10:28:13,9.8002,9.8002,9.8002,9.8002,5.2632
2025-08-06T10:28:14,9.8252,9.8252,9.8252,9.8252,13.7895
2025-08-06T10:28:15,9.7983,9.8002,9.7983,9.8002,485.7895
2025-08-06T10:28:17,9.7983,9.7983,9.7983,9.7983,5.2632
2025-08-06T10:28:22,9.7974,9.7983,9.7974,9.7983,23.2105
2025-08-06T10:28:25,9.7983,9.7983,9.7565,9.7565,47.4211
2025-08-06T10:28:27,9.7584,9.7584,9.7584,9.7584,13.4211
2025-08-06T10:28:31,9.7698,9.7698,9.7698,9.7698,157.8947
2025-08-06T10:28:32,9.7565,9.7565,9.7565,9.7565,62.6842
2025-08-06T10:28:33,9.7565,9.7565,9.7527,9.7527,165.1053
2025-08-06T10:28:34,9.7527,9.7527,9.7014,9.7014,318.6316
2025-08-06T10:28:35,9.7033,9.7033,9.7033,9.7033,26.3158
2025-08-06T10:28:36,9.7565,9.7565,9.7565,9.7565,26.3158
2025-08-06T10:28:37,9.7014,9.7014,9.7014,9.7014,54.3684
2025-08-06T10:28:38,9.7071,9.7071,9.7071,9.7071,85.6316
2025-08-06T10:28:41,9.709,9.709,9.709,9.709,45.1579
2025-08-06T10:28:42,9.709,9.7109,9.709,9.7109,284.5789
2025-08-06T10:28:44,9.7318,9.7318,9.7318,9.7318,53.1579
2025-08-06T10:28:49,9.7299,9.7299,9.7299,9.7299,13.1579
2025-08-06T10:28:50,9.7318,9.7318,9.7318,9.7318,22.0526
2025-08-06T10:28:51,9.7204,9.7318,9.7204,9.7204,70.5263
2025-08-06T10:28:54,9.7299,9.7299,9.7299,9.7299,7.3158
2025-08-06T10:28:56,9.7223,9.7223,9.7223,9.7223,36.8421
2025-08-06T10:28:59,9.7299,9.7299,9.7299,9.7299,16.7895
2025-08-06T10:29:00,9.7318,9.7451,9.7309,9.7451,606.5789
2025-08-06T10:29:01,9.7546,9.7575,9.7323,9.7546,44.2105
2025-08-06T10:29:03,9.7584,9.7584,9.7584,9.7584,5.2632
2025-08-06T10:29:04,9.7584,9.7584,9.7489,9.7584,15.7895
2025-08-06T10:29:05,9.7499,9.7499,9.7432,9.7432,21.0526
2025-08-06T10:29:06,9.7584,9.7584,9.7584,9.7584,36.8421
2025-08-06T10:29:07,9.7584,9.7584,9.7584,9.7584,26.3158
2025-08-06T10:29:08,9.7584,9.7584,9.7584,9.7584,15.7895
2025-08-06T10:29:09,9.7584,9.7584,9.7584,9.7584,10.5263
2025-08-06T10:29:10,9.7565,9.7565,9.7508,9.7508,118.8421
2025-08-06T10:29:11,9.7584,9.7584,9.7584,9.7584,10.5263
2025-08-06T10:29:13,9.7527,9.7527,9.7527,9.7527,5.2632
2025-08-06T10:29:14,9.7584,9.7584,9.7375,9.7375,1060.4737
2025-08-06T10:29:15,9.7375,9.7375,9.7375,9.7375,53.9474
2025-08-06T10:29:16,9.7375,9.7375,9.7375,9.7375,234.0
2025-08-06T10:29:18,9.7375,9.7375,9.7375,9.7375,15.7895
2025-08-06T10:29:22,9.7356,9.7356,9.7356,9.7356,5.2632
2025-08-06T10:29:25,9.7404,9.7432,9.7404,9.7404,318.2105
2025-08-06T10:29:30,9.7394,9.7394,9.7394,9.7394,15.7895
2025-08-06T10:29:31,9.7432,9.7432,9.7432,9.7432,52.8421
2025-08-06T10:29:32,9.7375,9.7375,9.7375,9.7375,50.1053
2025-08-06T10:29:34,9.7375,9.7375,9.7375,9.7375,13.1579
2025-08-06T10:29:37,9.7375,9.7413,9.7375,9.7413,23.6842
2025-08-06T10:29:38,9.7375,9.7375,9.7375,9.7375,6.0526
2025-08-06T10:29:40,9.7375,9.7375,9.7375,9.7375,11.5789
2025-08-06T10:29:43,9.7394,9.7394,9.7394,9.7394,226.4211
2025-08-06T10:29:44,9.7413,9.7413,9.7413,9.7413,9.9474
2025-08-06T10:29:45,9.7404,9.7404,9.7394,9.7394,57.8947
2025-08-06T10:29:46,9.7394,9.7394,9.7375,9.7375,132.6842
2025-08-06T10:29:49,9.7375,9.7375,9.7375,9.7375,11.2105
2025-08-06T10:29:50,9.7375,9.7375,9.7375,9.7375,21.0526
2025-08-06T10:29:52,9.7375,9.7375,9.7375,9.7375,644.9474
2025-08-06T10:29:54,9.7394,9.7394,9.7394,9.7394,52.6316
2025-08-06T10:29:56,9.7375,9.7375,9.7375,9.7375,384.4211
2025-08-06T10:29:58,9.7375,9.7375,9.7375,9.7375,67.1053
2025-08-06T10:30:00,9.7375,9.7375,9.7375,9.7375,5.2632
2025-08-06T10:30:01,9.7384,9.7432,9.7384,9.7432,1573.8947
2025-08-06T10:30:02,9.7432,9.7432,9.7432,9.7432,36.4737
2025-08-06T10:30:03,9.7375,9.7432,9.7375,9.7432,59.6842
2025-08-06T10:30:04,9.7432,9.7432,9.7432,9.7432,6.7368
2025-08-06T10:30:07,9.7377,9.7394,9.7375,9.7375,220.2105
2025-08-06T10:30:08,9.7384,9.7394,9.7384,9.7394,377.9474
2025-08-06T10:30:10,9.7394,9.7394,9.7394,9.7394,15.7895
2025-08-06T10:30:11,9.7375,9.7375,9.7375,9.7375,21.9474
2025-08-06T10:30:13,9.7394,9.747,9.7394,9.747,319.1053
2025-08-06T10:30:14,9.7432,9.7451,9.7375,9.7375,34.2632
2025-08-06T10:30:15,9.7565,9.7565,9.7565,9.7565,476.7895
2025-08-06T10:30:19,9.7508,9.7508,9.7508,9.7508,476.0526
2025-08-06T10:30:21,9.7527,9.7527,9.7527,9.7527,30.4211
2025-08-06T10:30:23,9.7565,9.7565,9.7565,9.7565,105.2632
2025-08-06T10:30:27,9.7565,9.7565,9.7565,9.7565,26.3158
2025-08-06T10:30:37,9.7527,9.7527,9.7489,9.7489,178.9474
2025-08-06T10:30:43,9.747,9.747,9.747,9.747,26.9474
2025-08-06T10:30:52,9.7489,9.7489,9.7489,9.7489,42.4211
2025-08-06T10:30:53,9.7489,9.7489,9.7489,9.7489,13.8421
2025-08-06T10:30:59,9.7489,9.7489,9.7489,9.7489,52.6316
2025-08-06T10:31:01,9.7527,9.7527,9.7527,9.7527,16.2105
2025-08-06T10:31:02,9.7489,9.7489,9.747,9.747,26.3158
2025-08-06T10:31:04,9.747,9.747,9.747,9.747,28.4211
2025-08-06T10:31:06,9.7565,9.7565,9.7527,9.7527,114.8947
2025-08-06T10:31:09,9.7983,9.7983,9.7983,9.7983,105.2632
2025-08-06T10:31:10,9.785,9.785,9.785,9.785,6.2105
2025-08-06T10:31:13,9.7983,9.7983,9.7983,9.7983,9.8947
2025-08-06T10:31:16,9.785,9.785,9.785,9.785,5.2632
2025-08-06T10:31:20,9.7755,9.7755,9.7755,9.7755,521.0526
2025-08-06T10:31:21,9.7755,9.7755,9.766,9.766,529.0526
2025-08-06T10:31:25,9.766,9.766,9.766,9.766,15.7895
2025-08-06T10:31:26,9.7679,9.7679,9.7679,9.7679,5.2632
2025-08-06T10:31:28,9.7774,9.7774,9.7774,9.7774,130.5789
2025-08-06T10:31:37,9.7793,9.7793,9.7793,9.7793,6.2105
2025-08-06T10:31:39,9.7793,9.7793,9.7793,9.7793,26.3158
2025-08-06T10:31:43,9.7793,9.7793,9.7793,9.7793,5.2632
2025-08-06T10:31:44,9.7812,9.7812,9.7812,9.7812,275.5263
2025-08-06T10:31:45,9.785,9.785,9.785,9.785,162.6842
2025-08-06T10:31:46,9.7812,9.7812,9.7812,9.7812,20.0526
2025-08-06T10:31:49,9.785,9.785,9.785,9.785,157.9474
2025-08-06T10:31:50,9.7812,9.7812,9.7812,9.7812,5.2632
2025-08-06T10:31:53,9.7831,9.7831,9.7831,9.7831,10.0
2025-08-06T10:31:58,9.785,9.7983,9.785,9.7983,692.1579
2025-08-06T10:32:01,9.7983,9.8211,9.7983,9.8211,840.3158
2025-08-06T10:32:02,9.8211,9.8382,9.8211,9.8382,202.1579
2025-08-06T10:32:05,9.8363,9.8363,9.8363,9.8363,105.2632
2025-08-06T10:32:06,9.8363,9.8363,9.8163,9.8163,109.7368
2025-08-06T10:32:07,9.8363,9.88,9.8363,9.88,59.4737
2025-08-06T10:32:08,9.8382,9.9066,9.8382,9.8743,1465.6316
2025-08-06T10:32:11,9.9047,9.9047,9.9047,9.9047,105.3158
2025-08-06T10:32:12,9.8772,9.9047,9.8772,9.9047,105.2632
2025-08-06T10:32:14,9.8781,9.8781,9.8781,9.8781,10.0526
2025-08-06T10:32:15,9.9066,9.9066,9.9047,9.9047,325.3684
2025-08-06T10:32:17,9.8762,9.8762,9.8743,9.8743,498.8421
2025-08-06T10:32:22,9.9066,9.9066,9.9066,9.9066,78.9474
2025-08-06T10:32:23,9.9047,9.9047,9.9047,9.9047,26.3684
2025-08-06T10:32:24,9.8743,9.8743,9.8743,9.8743,12.7368
2025-08-06T10:32:25,9.9066,9.9066,9.9047,9.9047,19.4737
2025-08-06T10:32:32,9.8914,9.8914,9.8914,9.8914,5.3158
2025-08-06T10:32:33,9.8762,9.8762,9.8762,9.8762,15.7895
2025-08-06T10:32:37,9.9066,9.9066,9.9066,9.9066,578.9474
2025-08-06T10:32:38,9.9047,9.9047,9.9047,9.9047,263.2105
2025-08-06T10:32:46,9.9047,9.9047,9.9047,9.9047,13.2632
2025-08-06T10:32:47,9.9066,9.9066,9.9066,9.9066,521.1579
2025-08-06T10:32:48,9.9066,9.9826,9.9066,9.9826,2579.1053
2025-08-06T10:32:49,9.9503,9.9503,9.9503,9.9503,522.1053
2025-08-06T10:32:56,9.9826,9.9826,9.9826,9.9826,303.1053
2025-08-06T10:32:57,10.0301,10.0301,10.0301,10.0301,13.7368
2025-08-06T10:33:01,10.0054,10.0054,10.0054,10.0054,59.6842
2025-08-06T10:33:02,9.9845,9.9845,9.9845,9.9845,473.6842
2025-08-06T10:33:05,10.0301,10.0301,10.0301,10.0301,105.2632
2025-08-06T10:33:06,9.9883,10.0301,9.9883,10.0301,21.0526
2025-08-06T10:33:08,9.994,9.994,9.994,9.994,256.4737
2025-08-06T10:33:10,9.9959,9.9959,9.9959,9.9959,10.5789
2025-08-06T10:33:11,10.013,10.0301,9.9942,10.0301,90.5789
2025-08-06T10:33:12,10.0301,10.0301,10.0301,10.0301,10.5263
2025-08-06T10:33:14,10.07,10.07,10.07,10.07,65.2632
2025-08-06T10:33:16,10.0643,10.0643,10.0643,10.0643,14.1579
2025-08-06T10:33:17,10.0491,10.0491,10.0491,10.0491,15.7895
2025-08-06T10:33:23,10.0301,10.0472,10.0301,10.0472,736.6842
2025-08-06T10:33:25,10.0472,10.0472,10.0453,10.0453,1045.4211
2025-08-06T10:33:26,10.0377,10.0472,10.0377,10.0472,827.3684
2025-08-06T10:33:29,10.0368,10.0434,10.0368,10.0434,52.6842
2025-08-06T10:33:32,10.0301,10.032,10.0301,10.0301,983.4211
2025-08-06T10:33:33,10.0358,10.0358,10.0301,10.0301,868.5263
2025-08-06T10:33:34,10.0339,10.0377,10.0301,10.0377,1917.1579
2025-08-06T10:33:35,10.032,10.032,10.0301,10.0301,531.5263
2025-08-06T10:33:36,10.0453,10.0453,10.0453,10.0453,526.4737
2025-08-06T10:33:37,10.0396,10.0396,10.0301,10.0301,1067.2105
2025-08-06T10:33:38,10.0301,10.0301,9.9066,9.9066,812.0526
2025-08-06T10:33:42,10.0263,10.0263,10.0263,10.0263,88.0526
2025-08-06T10:33:48,9.9541,9.9541,9.9541,9.9541,5.2632
2025-08-06T10:33:55,9.9539,9.9539,9.9539,9.9539,483.8421
2025-08-06T10:33:57,9.918,9.918,9.918,9.918,5.3158
2025-08-06T10:33:58,9.9161,9.9161,9.9161,9.9161,584.7368
2025-08-06T10:34:03,9.9351,9.9351,9.9351,9.9351,361.0
2025-08-06T10:34:09,9.9351,9.9351,9.9351,9.9351,13.3158
2025-08-06T10:34:11,9.9541,9.9541,9.9541,9.9541,15.7895
2025-08-06T10:34:12,9.9351,9.9351,9.9351,9.9351,16.5789
2025-08-06T10:34:17,10.0244,10.0244,10.0244,10.0244,10.5263
2025-08-06T10:34:21,9.937,9.9484,9.9294,9.9294,225.8947
2025-08-06T10:34:22,9.9332,9.9332,9.9332,9.9332,59.2632
2025-08-06T10:34:24,9.9351,9.9351,9.9351,9.9351,26.3158
2025-08-06T10:34:30,9.9351,9.9351,9.9351,9.9351,8.1579
2025-08-06T10:34:36,9.9351,9.9351,9.9332,9.9332,473.6842
2025-08-06T10:34:42,9.9332,9.9339,9.9218,9.9218,575.3158
2025-08-06T10:34:45,9.9218,9.9218,9.9123,9.9123,117.2632
2025-08-06T10:34:49,9.8952,9.8952,9.88,9.88,225.3684
2025-08-06T10:34:51,9.8781,9.8781,9.8781,9.8781,52.6316
2025-08-06T10:34:52,9.8781,9.8791,9.8781,9.8791,126.3158
2025-08-06T10:34:53,9.8781,9.8781,9.8781,9.8781,5.3684
2025-08-06T10:34:57,9.88,9.88,9.7679,9.7755,769.7895
2025-08-06T10:35:03,9.785,9.785,9.7831,9.7831,523.6842
2025-08-06T10:35:04,9.7679,9.7679,9.7679,9.7679,526.3158
2025-08-06T10:35:08,9.7831,9.785,9.7831,9.785,526.3158
2025-08-06T10:35:09,9.7736,9.7736,9.7318,9.766,2312.0
2025-08-06T10:35:15,9.8705,9.8705,9.7717,9.7717,57.8947
2025-08-06T10:35:21,9.8705,9.8705,9.8705,9.8705,2631.5789
2025-08-06T10:35:25,9.7774,9.7774,9.7774,9.7774,78.9474
2025-08-06T10:35:32,9.8387,9.8401,9.7983,9.7983,673.6842
2025-08-06T10:35:33,9.8686,9.8686,9.8686,9.8686,5.2632
2025-08-06T10:35:34,9.842,9.842,9.842,9.842,10.5263
2025-08-06T10:35:36,9.842,9.9218,9.842,9.9218,841.4737
2025-08-06T10:35:40,9.9218,9.9218,9.9218,9.9218,105.6842
2025-08-06T10:35:41,9.9218,9.9218,9.9218,9.9218,592.7368
2025-08-06T10:35:44,9.9218,9.9218,9.9218,9.9218,10.5263
2025-08-06T10:35:45,9.9199,9.9199,9.9199,9.9199,13.1579
2025-08-06T10:35:48,9.8382,9.8382,9.8382,9.8382,109.2632
2025-08-06T10:35:50,9.9199,9.9199,9.9199,9.9199,5.2632
2025-08-06T10:35:51,9.8382,9.8382,9.8382,9.8382,102.6316
2025-08-06T10:35:53,9.7337,9.8382,9.7337,9.8382,6194.8421
2025-08-06T10:35:56,9.8401,9.8401,9.8401,9.8401,243.9474
2025-08-06T10:36:01,9.9199,9.9199,9.9199,9.9199,78.9474
2025-08-06T10:36:03,9.8458,9.8458,9.8458,9.8458,527.9474
2025-08-06T10:36:06,9.88,9.88,9.8667,9.8667,142.1053
2025-08-06T10:36:07,9.8657,9.8657,9.8657,9.8657,15.7895
2025-08-06T10:36:08,9.8717,9.8717,9.8717,9.8717,21.0526
2025-08-06T10:36:10,9.88,9.88,9.88,9.88,26.3158
2025-08-06T10:36:11,9.8534,9.8534,9.8534,9.8534,41.8947
2025-08-06T10:36:12,9.88,9.88,9.88,9.88,15.7895
2025-08-06T10:36:15,9.9161,9.9161,9.9161,9.9161,10.5789
2025-08-06T10:36:18,9.8572,9.8572,9.823,9.823,473.6842
2025-08-06T10:36:19,9.8534,9.8534,9.8534,9.8534,5.5263
2025-08-06T10:36:20,9.8249,9.8249,9.8249,9.8249,7.8947
2025-08-06T10:36:25,9.823,9.823,9.823,9.823,132.6316
2025-08-06T10:36:30,9.823,9.823,9.823,9.823,16.2632
2025-08-06T10:36:31,9.8249,9.8249,9.8249,9.8249,6.3158
2025-08-06T10:36:36,9.823,9.823,9.823,9.823,526.3158
2025-08-06T10:36:37,9.823,9.823,9.823,9.823,238.8947
2025-08-06T10:36:45,9.8249,9.8629,9.8249,9.8629,1698.5789
2025-08-06T10:36:54,9.8496,9.8496,9.8496,9.8496,5.2632
2025-08-06T10:36:58,9.8287,9.8287,9.8287,9.8287,26.3684
2025-08-06T10:37:03,9.8629,9.8629,9.8629,9.8629,26.4737
2025-08-06T10:37:05,9.861,9.861,9.861,9.861,18.4737
2025-08-06T10:37:12,9.8629,9.9218,9.8629,9.9218,781.9474
2025-08-06T10:37:13,9.9218,9.9218,9.9218,9.9218,13.1579
2025-08-06T10:37:15,9.8667,9.8667,9.8667,9.8667,15.7895
2025-08-06T10:37:29,9.8933,9.8933,9.8933,9.8933,131.5789
2025-08-06T10:37:34,9.9199,9.9199,9.9199,9.9199,26.3158
2025-08-06T10:37:36,9.9199,9.9199,9.9199,9.9199,52.6842
2025-08-06T10:37:37,9.8933,9.8933,9.8933,9.8933,26.3158
2025-08-06T10:37:41,9.9199,9.9199,9.9199,9.9199,10.5263
2025-08-06T10:37:42,9.9199,9.9199,9.9199,9.9199,5.2632
2025-08-06T10:37:43,9.8838,9.8838,9.8838,9.8838,55.8421
2025-08-06T10:37:45,9.8857,9.8857,9.8857,9.8857,52.6316
2025-08-06T10:37:46,9.8838,9.8838,9.8838,9.8838,53.3158
2025-08-06T10:37:53,9.8838,9.8838,9.8838,9.8838,77.0526
2025-08-06T10:37:54,9.8857,9.8857,9.8857,9.8857,473.6842
2025-08-06T10:37:56,9.9199,9.9199,9.9199,9.9199,26.3158
2025-08-06T10:38:00,9.8838,9.8838,9.8838,9.8838,5.5789
2025-08-06T10:38:01,9.8857,9.8876,9.8781,9.8876,310.2632
2025-08-06T10:38:04,9.881,9.881,9.881,9.881,210.5263
2025-08-06T10:38:08,9.9104,9.9104,9.9104,9.9104,73.0526
2025-08-06T10:38:11,9.9123,9.9123,9.8249,9.8249,4382.2632
2025-08-06T10:38:12,9.8743,9.8743,9.8743,9.8743,5.3158
2025-08-06T10:38:24,9.8496,9.8496,9.8496,9.8496,5.2632
2025-08-06T10:38:26,9.8249,9.8249,9.8249,9.8249,25.5263
2025-08-06T10:38:28,9.8249,9.8249,9.823,9.823,285.2105
2025-08-06T10:38:30,9.8743,9.8743,9.8743,9.8743,26.3158
2025-08-06T10:38:32,9.8743,9.8743,9.8743,9.8743,26.3158
2025-08-06T10:38:35,9.8743,9.8743,9.8743,9.8743,5.2632
2025-08-06T10:38:37,9.8743,9.8743,9.8743,9.8743,5.3158
2025-08-06T10:38:42,9.8743,9.8743,9.8249,9.8249,16.0526
2025-08-06T10:38:44,9.823,9.823,9.823,9.823,9.5789
2025-08-06T10:38:46,9.8487,9.8487,9.8487,9.8487,5.2632
2025-08-06T10:38:47,9.8724,9.8724,9.8724,9.8724,52.6316
2025-08-06T10:38:48,9.8743,9.8743,9.8496,9.8496,115.7895
2025-08-06T10:38:49,9.8743,9.8743,9.8743,9.8743,98.3684
2025-08-06T10:38:51,9.9199,9.9199,9.918,9.918,128.2632
2025-08-06T10:38:53,9.9199,9.9351,9.9199,9.9351,351.2105
2025-08-06T10:38:54,9.9541,9.9541,9.9541,9.9541,20.2105
2025-08-06T10:38:55,9.8971,9.956,9.8971,9.956,43.3684
2025-08-06T10:38:57,9.956,9.956,9.9541,9.9541,152.6316
2025-08-06T10:39:00,9.956,9.956,9.9541,9.9541,10.5263
2025-08-06T10:39:02,9.9085,9.9085,9.9085,9.9085,526.3158
2025-08-06T10:39:03,9.9104,9.9104,9.9104,9.9104,5.3158
2025-08-06T10:39:09,9.9522,9.9522,9.9199,9.9199,110.6316
2025-08-06T10:39:10,9.9541,9.9541,9.9541,9.9541,100.0
2025-08-06T10:39:14,9.9541,9.9541,9.9541,9.9541,5.2632
2025-08-06T10:39:17,9.9541,9.9541,9.9541,9.9541,105.2632
2025-08-06T10:39:20,9.9522,9.9522,9.9522,9.9522,300.6316
2025-08-06T10:39:21,9.9142,9.9142,9.9142,9.9142,5.3158
2025-08-06T10:39:27,9.9142,9.9142,9.9142,9.9142,14.0
2025-08-06T10:39:33,9.9522,9.9522,9.9522,9.9522,5.2632
2025-08-06T10:39:34,9.9541,9.9541,9.9541,9.9541,5.2632
2025-08-06T10:39:37,9.9522,9.9541,9.9522,9.9522,58.4737
2025-08-06T10:39:39,9.9522,9.9522,9.9351,9.9351,28.7368
2025-08-06T10:39:42,9.918,9.918,9.918,9.918,20.9474
2025-08-06T10:39:57,9.937,9.937,9.937,9.937,5.2632
2025-08-06T10:40:07,9.937,9.937,9.937,9.937,21.0
2025-08-06T10:40:09,9.9408,9.9408,9.9408,9.9408,25.5789
2025-08-06T10:40:11,9.937,9.937,9.937,9.937,26.3158
2025-08-06T10:40:15,9.9465,9.9465,9.9465,9.9465,5.2632
2025-08-06T10:40:19,9.9408,9.9465,9.9408,9.9446,131.8421
2025-08-06T10:40:20,9.9465,9.9465,9.9465,9.9465,17.5263
2025-08-06T10:40:27,9.937,9.937,9.937,9.937,6.5789
2025-08-06T10:40:33,9.9351,9.9351,9.9351,9.9351,72.3684
2025-08-06T10:40:35,9.9351,9.937,9.9009,9.9009,303.3158
2025-08-06T10:40:37,9.9446,9.9446,9.9446,9.9446,52.6316
2025-08-06T10:40:38,9.8781,9.8781,9.8249,9.8249,287.0
2025-08-06T10:40:42,9.823,9.823,9.823,9.823,95.5263
2025-08-06T10:40:44,9.8534,9.8534,9.8534,9.8534,11.1053
2025-08-06T10:40:45,9.8781,9.8781,9.8781,9.8781,26.3158
2025-08-06T10:40:48,9.8439,9.8439,9.8306,9.8306,52.1053
2025-08-06T10:40:53,9.8306,9.8306,9.823,9.823,288.8421
2025-08-06T10:40:57,9.8135,9.8135,9.8135,9.8135,52.6316
2025-08-06T10:40:58,9.8144,9.8287,9.8144,9.8154,163.1579
2025-08-06T10:40:59,9.8135,9.8287,9.8135,9.8287,121.0526
2025-08-06T10:41:01,9.7983,9.7983,9.7983,9.7983,117.7368
2025-08-06T10:41:06,9.8135,9.8135,9.8135,9.8135,37.1053
2025-08-06T10:41:08,9.8154,9.8154,9.8154,9.8154,26.3158
2025-08-06T10:41:14,9.8135,9.8135,9.8135,9.8135,7.2632
2025-08-06T10:41:15,9.8116,9.8116,9.8116,9.8116,131.5789
2025-08-06T10:41:16,9.8154,9.8154,9.8154,9.8154,31.5789
2025-08-06T10:41:19,9.8135,9.8135,9.8135,9.8135,10.5263
2025-08-06T10:41:20,9.8069,9.8154,9.8069,9.8135,350.0526
2025-08-06T10:41:21,9.8135,9.8135,9.8135,9.8135,5.2632
2025-08-06T10:41:26,9.8154,9.8154,9.8154,9.8154,12.0526
2025-08-06T10:41:31,9.8135,9.8135,9.8135,9.8135,10.5263
2025-08-06T10:41:32,9.8135,9.8135,9.8135,9.8135,132.6316
2025-08-06T10:41:33,9.8021,9.8021,9.8021,9.8021,5.3158
2025-08-06T10:41:39,9.804,9.804,9.804,9.804,5.2632
2025-08-06T10:41:40,9.8021,9.804,9.8019,9.8019,257.8947
2025-08-06T10:41:50,9.8078,9.8078,9.8078,9.8078,30.7895
2025-08-06T10:41:55,9.8116,9.8116,9.8116,9.8116,173.7895
2025-08-06T10:41:58,9.804,9.804,9.804,9.804,6.4211
2025-08-06T10:42:01,9.804,9.804,9.804,9.804,23.6842
2025-08-06T10:42:04,9.804,9.804,9.804,9.804,114.1053
2025-08-06T10:42:05,9.8097,9.8097,9.8097,9.8097,20.7895
2025-08-06T10:42:06,9.804,9.804,9.804,9.804,104.6842
2025-08-06T10:42:07,9.8059,9.8059,9.8059,9.8059,26.3158
2025-08-06T10:42:08,9.804,9.804,9.804,9.804,434.8421
2025-08-06T10:42:10,9.8097,9.8097,9.8097,9.8097,16.8421
2025-08-06T10:42:11,9.8097,9.8116,9.8097,9.8116,10.5789
2025-08-06T10:42:12,9.8097,9.8097,9.8097,9.8097,12.8947
2025-08-06T10:42:13,9.8116,9.8116,9.8116,9.8116,14.9474
2025-08-06T10:42:20,9.8106,9.8116,9.8097,9.8097,73.6842
2025-08-06T10:42:22,9.8116,9.8116,9.8116,9.8116,296.1053
2025-08-06T10:42:23,9.8097,9.8116,9.8097,9.8106,473.6842
2025-08-06T10:42:24,9.8116,9.8116,9.8116,9.8116,5.2632
2025-08-06T10:42:26,9.8116,9.8116,9.8116,9.8116,24.6842
2025-08-06T10:42:29,9.8116,9.8116,9.8116,9.8116,182.5263
2025-08-06T10:42:30,9.8097,9.8097,9.804,9.8059,139.9474
2025-08-06T10:42:32,9.8021,9.8021,9.8021,9.8021,5.3158
2025-08-06T10:42:33,9.8097,9.8097,9.8097,9.8097,36.8421
2025-08-06T10:42:37,9.8002,9.8002,9.8002,9.8002,102.6316
2025-08-06T10:42:44,9.8002,9.804,9.8002,9.8021,268.4211
2025-08-06T10:42:45,9.8002,9.8002,9.8002,9.8002,52.6316
2025-08-06T10:42:56,9.8021,9.8021,9.8021,9.8021,10.6316
2025-08-06T10:42:57,9.8021,9.8021,9.8021,9.8021,10.5263
2025-08-06T10:43:00,9.8021,9.8021,9.8021,9.8021,10.5263
2025-08-06T10:43:01,9.804,9.804,9.804,9.804,10.5263
2025-08-06T10:43:02,9.8021,9.8021,9.8021,9.8021,26.3158
2025-08-06T10:43:03,9.804,9.804,9.804,9.804,5.2632
2025-08-06T10:43:04,9.804,9.823,9.8021,9.823,198.8947
2025-08-06T10:43:08,9.8059,9.8059,9.8059,9.8059,52.5263
2025-08-06T10:43:12,9.8249,9.8249,9.8249,9.8249,112.4211
2025-08-06T10:43:15,9.842,9.842,9.823,9.823,194.3158
2025-08-06T10:43:24,9.8781,9.8781,9.8781,9.8781,110.5789
2025-08-06T10:43:29,9.842,9.842,9.842,9.842,134.7895
2025-08-06T10:43:33,9.8781,9.8781,9.8781,9.8781,5.2632
2025-08-06T10:43:38,9.8781,9.8781,9.8781,9.8781,21.0526
2025-08-06T10:43:43,9.8743,9.8762,9.8743,9.8762,110.5263
2025-08-06T10:43:47,9.842,9.842,9.842,9.842,52.6842
2025-08-06T10:43:52,9.8544,9.8544,9.8544,9.8544,20.5263
2025-08-06T10:43:53,9.842,9.842,9.842,9.842,45.8421
2025-08-06T10:43:55,9.842,9.842,9.842,9.842,182.2105
2025-08-06T10:43:58,9.8344,9.8344,9.8344,9.8344,52.2632
2025-08-06T10:44:02,9.823,9.823,9.823,9.823,78.9474
2025-08-06T10:44:03,9.8629,9.8629,9.8629,9.8629,84.2105
2025-08-06T10:44:05,9.8629,9.8781,9.8629,9.8781,33.1579
2025-08-06T10:44:13,9.8629,9.8629,9.8629,9.8629,5.2632
2025-08-06T10:44:14,9.8629,9.8629,9.8629,9.8629,20.6316
2025-08-06T10:44:16,9.861,9.861,9.861,9.861,5.3158
2025-08-06T10:44:22,9.842,9.842,9.842,9.842,108.4211
2025-08-06T10:44:24,9.861,9.861,9.8515,9.8515,66.1579
2025-08-06T10:44:35,9.8515,9.8515,9.8515,9.8515,38.8947
2025-08-06T10:44:36,9.8515,9.8515,9.8515,9.8515,10.5789
2025-08-06T10:44:40,9.842,9.842,9.842,9.842,143.6316
2025-08-06T10:44:46,9.785,9.8306,9.785,9.8306,1022.6842
2025-08-06T10:44:53,9.8287,9.8287,9.8287,9.8287,14.1579
2025-08-06T10:45:01,9.8268,9.8268,9.8268,9.8268,105.4737
2025-08-06T10:45:02,9.8097,9.8097,9.8097,9.8097,52.6316
2025-08-06T10:45:14,9.7964,9.7964,9.7964,9.7964,35.1579
2025-08-06T10:45:15,9.7964,9.7964,9.7964,9.7964,33.1579
2025-08-06T10:45:16,9.7964,9.7964,9.7964,9.7964,105.2632
2025-08-06T10:45:24,9.7983,9.7983,9.7983,9.7983,15.2105
2025-08-06T10:45:26,9.7964,9.7964,9.7964,9.7964,36.8421
2025-08-06T10:45:29,9.7964,9.7964,9.7964,9.7964,473.6842
2025-08-06T10:45:32,9.7964,9.7974,9.7964,9.7974,68.8947
2025-08-06T10:45:33,9.7964,9.7964,9.7964,9.7964,71.7368
2025-08-06T10:45:34,9.7964,9.7964,9.7964,9.7964,5.2632
2025-08-06T10:45:36,9.7964,9.7964,9.7964,9.7964,327.1053
2025-08-06T10:45:37,9.7964,9.7974,9.7964,9.7964,113.1579
2025-08-06T10:45:39,9.7964,9.7964,9.7964,9.7964,20.6316
2025-08-06T10:45:40,9.7964,9.7964,9.7964,9.7964,52.5263
2025-08-06T10:45:41,9.7964,9.7964,9.7964,9.7964,6.4211
2025-08-06T10:45:43,9.7983,9.7983,9.7983,9.7983,11.0526
2025-08-06T10:45:49,9.7964,9.7964,9.7964,9.7964,47.4211
2025-08-06T10:45:54,9.7964,9.7964,9.7964,9.7964,14.6842
2025-08-06T10:45:56,9.7983,9.7983,9.7983,9.7983,5.2632
2025-08-06T10:45:58,9.7983,9.7983,9.7983,9.7983,48.9474
2025-08-06T10:46:02,9.804,9.8287,9.804,9.8287,83.0526
2025-08-06T10:46:03,9.8515,9.9066,9.8515,9.9066,127.3684
2025-08-06T10:46:08,9.8496,9.8496,9.8496,9.8496,14.1579
2025-08-06T10:46:13,9.8496,9.8496,9.8496,9.8496,9.1579
2025-08-06T10:46:14,9.8534,9.8534,9.8534,9.8534,77.3158
2025-08-06T10:46:19,9.8496,9.8496,9.8496,9.8496,5.2632
2025-08-06T10:46:22,9.9351,9.9351,9.8971,9.8971,115.7895
2025-08-06T10:46:23,9.8933,9.8933,9.8933,9.8933,58.4211
2025-08-06T10:46:24,9.8933,9.8933,9.8553,9.8553,86.8421
2025-08-06T10:46:27,9.8553,9.8553,9.8553,9.8553,6.6316
2025-08-06T10:46:37,9.8572,9.8591,9.8572,9.8591,117.3158
2025-08-06T10:46:40,9.9351,9.937,9.9351,9.937,143.0
2025-08-06T10:46:41,9.937,9.956,9.937,9.956,178.7895
2025-08-06T10:46:42,9.9351,9.9351,9.9104,9.9104,10.5263
2025-08-06T10:46:57,9.9123,9.9123,9.9123,9.9123,10.0
2025-08-06T10:46:58,9.9104,9.9361,9.9104,9.9361,55.2632
2025-08-06T10:46:59,9.9104,9.9104,9.9104,9.9104,5.2632
2025-08-06T10:47:01,9.9123,9.9123,9.9123,9.9123,9.7368
2025-08-06T10:47:02,9.9351,9.9351,9.9351,9.9351,7.8947
2025-08-06T10:47:07,9.9617,9.975,9.9408,9.9408,338.2632
2025-08-06T10:47:08,10.0035,10.0035,10.0035,10.0035,39.5789
2025-08-06T10:47:09,10.0263,10.0567,10.0263,10.0567,716.0526
2025-08-06T10:47:11,9.9913,9.9913,9.9913,9.9913,14.4737
2025-08-06T10:47:13,10.0567,10.0567,9.9731,10.0121,329.3684
2025-08-06T10:47:14,10.0529,10.0529,9.9712,9.9731,96.0
2025-08-06T10:47:22,9.9712,9.9712,9.9712,9.9712,30.1579
2025-08-06T10:47:24,9.9674,9.9674,9.9674,9.9674,105.5789
2025-08-06T10:47:25,9.9617,9.9617,9.9617,9.9617,206.5263
2025-08-06T10:47:28,9.9465,9.9465,9.9465,9.9465,5.2632
2025-08-06T10:47:30,9.9484,9.9484,9.9484,9.9484,10.5263
2025-08-06T10:47:34,9.9465,9.9465,9.9465,9.9465,9.6842
2025-08-06T10:47:38,9.9123,9.9123,9.9123,9.9123,10.1579
2025-08-06T10:47:39,9.9104,9.9104,9.9104,9.9104,151.9474
2025-08-06T10:47:43,9.9123,9.9123,9.9123,9.9123,9.7895
2025-08-06T10:47:45,9.9123,9.9123,9.9106,9.9106,25.7895
2025-08-06T10:47:47,9.9123,9.9123,9.9123,9.9123,5.2632
2025-08-06T10:47:52,9.9123,9.9123,9.9123,9.9123,5.2632
2025-08-06T10:47:55,9.9104,9.9104,9.9104,9.9104,21.5263
2025-08-06T10:47:56,9.9104,9.9104,9.9104,9.9104,31.5789
2025-08-06T10:47:57,9.9123,9.9123,9.88,9.9123,913.1579
2025-08-06T10:48:00,9.9123,9.9123,9.9123,9.9123,14.8947
2025-08-06T10:48:03,9.9123,9.9123,9.9123,9.9123,15.7895
2025-08-06T10:48:17,9.9085,9.9104,9.9085,9.9104,42.4211
2025-08-06T10:48:18,9.9085,9.9085,9.9085,9.9085,263.1579
2025-08-06T10:48:19,9.9085,9.9085,9.9085,9.9085,13.4211
2025-08-06T10:48:22,9.9085,9.9085,9.9085,9.9085,26.3158
2025-08-06T10:48:23,9.9066,9.9066,9.9066,9.9066,65.6316
2025-08-06T10:48:25,9.9066,9.9066,9.9066,9.9066,137.3158
2025-08-06T10:48:26,9.9066,9.9066,9.9066,9.9066,14.1579
2025-08-06T10:48:32,9.9085,9.9085,9.88,9.88,252.8947
2025-08-06T10:48:33,9.8724,9.8724,9.8724,9.8724,5.3158
2025-08-06T10:48:34,9.88,9.88,9.88,9.88,71.3158
2025-08-06T10:48:36,9.8553,9.8553,9.8553,9.8553,15.7895
2025-08-06T10:48:37,9.8534,9.8534,9.8515,9.8515,96.8421
2025-08-06T10:48:38,9.7869,9.7869,9.7869,9.7869,22.7368
2025-08-06T10:48:39,9.785,9.8325,9.785,9.8325,349.7895
2025-08-06T10:48:40,9.7869,9.7869,9.7869,9.7869,15.8947
2025-08-06T10:48:42,9.785,9.785,9.785,9.785,78.9474
2025-08-06T10:48:48,9.7926,9.8779,9.7926,9.8779,26.3158
2025-08-06T10:48:52,9.7907,9.7926,9.7907,9.7926,28.4211
2025-08-06T10:48:55,9.7926,9.7926,9.7926,9.7926,139.8947
2025-08-06T10:48:59,9.8354,9.8354,9.7926,9.7926,18.0
2025-08-06T10:49:04,9.8059,9.8059,9.8059,9.8059,114.5789
2025-08-06T10:49:05,9.8059,9.8059,9.7926,9.7926,530.2632
2025-08-06T10:49:06,9.785,9.785,9.785,9.785,48.9474
2025-08-06T10:49:08,9.7869,9.7869,9.7869,9.7869,5.2632
2025-08-06T10:49:16,9.785,9.785,9.785,9.785,6.1579
2025-08-06T10:49:19,9.785,9.785,9.785,9.785,213.1579
2025-08-06T10:49:20,9.7907,9.7907,9.7793,9.7793,315.8421
2025-08-06T10:49:21,9.785,9.785,9.7822,9.7822,259.8947
2025-08-06T10:49:22,9.785,9.785,9.785,9.785,5.9474
2025-08-06T10:49:23,9.785,9.785,9.785,9.785,17.0526
2025-08-06T10:49:26,9.7831,9.785,9.7831,9.785,184.2105
2025-08-06T10:49:27,9.7831,9.7831,9.7831,9.7831,126.8421
2025-08-06T10:49:31,9.785,9.785,9.785,9.785,40.8947
2025-08-06T10:49:32,9.7831,9.7831,9.7831,9.7831,15.3684
2025-08-06T10:49:34,9.785,9.785,9.785,9.785,6.7895
2025-08-06T10:49:40,9.7841,9.7841,9.7841,9.7841,9.0526
2025-08-06T10:49:41,9.7831,9.7841,9.7831,9.7831,124.4737
2025-08-06T10:49:43,9.7833,9.7833,9.7833,9.7833,5.2632
2025-08-06T10:49:44,9.785,9.785,9.785,9.785,16.0526
2025-08-06T10:49:45,9.785,9.785,9.785,9.785,5.2632
2025-08-06T10:49:47,9.7831,9.7831,9.7831,9.7831,52.6316
2025-08-06T10:49:49,9.785,9.785,9.785,9.785,8.1053
2025-08-06T10:49:51,9.7841,9.7841,9.7831,9.7831,1019.7368
2025-08-06T10:49:54,9.785,9.785,9.785,9.785,92.3158
2025-08-06T10:49:55,9.785,9.785,9.785,9.785,54.1053
2025-08-06T10:49:59,9.7831,9.7831,9.7831,9.7831,87.9474
2025-08-06T10:50:10,9.7841,9.7841,9.7841,9.7841,15.7895
2025-08-06T10:50:11,9.7831,9.7831,9.7831,9.7831,100.0
2025-08-06T10:50:13,9.7717,9.7717,9.7356,9.7356,549.2632
2025-08-06T10:50:14,9.747,9.747,9.747,9.747,5.3158
2025-08-06T10:50:19,9.7584,9.7584,9.7584,9.7584,12.2632
2025-08-06T10:50:21,9.7793,9.7793,9.7793,9.7793,5.3158
2025-08-06T10:50:25,9.7432,9.7432,9.7432,9.7432,59.1053
2025-08-06T10:50:36,9.7432,9.7432,9.7432,9.7432,37.1053
2025-08-06T10:50:40,9.7451,9.7508,9.7451,9.7508,10.5263
2025-08-06T10:50:43,9.747,9.747,9.747,9.747,47.7368
2025-08-06T10:50:44,9.7812,9.7812,9.7812,9.7812,16.3158
2025-08-06T10:50:48,9.7812,9.7812,9.7812,9.7812,14.4211
2025-08-06T10:50:54,9.747,9.747,9.747,9.747,26.3158
2025-08-06T10:50:56,9.7793,9.7793,9.7793,9.7793,15.9474
2025-08-06T10:50:59,9.7632,9.7632,9.7632,9.7632,32.7895
2025-08-06T10:51:04,9.7793,9.7793,9.7793,9.7793,47.4211
2025-08-06T10:51:08,9.747,9.747,9.747,9.747,316.1579
2025-08-06T10:51:10,9.747,9.747,9.7432,9.7432,152.1579
2025-08-06T10:51:15,9.7375,9.7375,9.7375,9.7375,15.7895
2025-08-06T10:51:21,9.747,9.747,9.747,9.747,172.7895
2025-08-06T10:51:23,9.7356,9.7356,9.7356,9.7356,5.7895
2025-08-06T10:51:24,9.7375,9.7375,9.7356,9.7356,57.8947
2025-08-06T10:51:30,9.7375,9.7375,9.7375,9.7375,52.6316
2025-08-06T10:51:32,9.7356,9.7356,9.7356,9.7356,39.7368
2025-08-06T10:51:38,9.7356,9.7356,9.7356,9.7356,49.0
2025-08-06T10:51:39,9.7356,9.7356,9.7356,9.7356,52.6316
2025-08-06T10:51:42,9.7356,9.7356,9.7356,9.7356,172.2632
2025-08-06T10:51:52,9.7299,9.7299,9.7147,9.7147,75.0526
2025-08-06T10:51:53,9.7147,9.7299,9.7147,9.7299,229.1053
2025-08-06T10:51:54,9.7147,9.7147,9.7109,9.7109,72.2632
2025-08-06T10:51:55,9.709,9.709,9.6615,9.6615,2509.7895
2025-08-06T10:51:58,9.6634,9.6634,9.6634,9.6634,17.0526
2025-08-06T10:52:00,9.6615,9.6615,9.6615,9.6615,93.2632
2025-08-06T10:52:01,9.6615,9.6615,9.6615,9.6615,206.5263
2025-08-06T10:52:02,9.709,9.709,9.709,9.709,52.6316
2025-08-06T10:52:09,9.6843,9.6843,9.6843,9.6843,25.3158
2025-08-06T10:52:10,9.6634,9.6634,9.6634,9.6634,16.5263
2025-08-06T10:52:11,9.6843,9.6843,9.6634,9.6634,19.1579
2025-08-06T10:52:15,9.6843,9.6843,9.6843,9.6843,157.8947
2025-08-06T10:52:18,9.6634,9.6634,9.6634,9.6634,169.3684
2025-08-06T10:52:19,9.6634,9.6634,9.6634,9.6634,10.5263
2025-08-06T10:52:21,9.6634,9.6634,9.6634,9.6634,83.6842
2025-08-06T10:52:23,9.6653,9.6653,9.6653,9.6653,6.8421
2025-08-06T10:52:24,9.6634,9.6634,9.6634,9.6634,34.7895
2025-08-06T10:52:25,9.6653,9.6653,9.6634,9.6634,215.7368
2025-08-06T10:52:26,9.6634,9.6634,9.6634,9.6634,32.0
2025-08-06T10:52:27,9.6748,9.6748,9.6748,9.6748,199.1579
2025-08-06T10:52:28,9.6634,9.6634,9.6615,9.6615,282.0526
2025-08-06T10:52:29,9.6634,9.6634,9.6482,9.652,127.8947
2025-08-06T10:52:31,9.652,9.652,9.652,9.652,22.0
2025-08-06T10:52:33,9.6463,9.6518,9.6292,9.6368,455.0
2025-08-06T10:52:34,9.6359,9.6359,9.6026,9.6026,25.4737
2025-08-06T10:52:35,9.6045,9.6254,9.6026,9.6026,312.0
2025-08-06T10:52:36,9.614,9.614,9.6007,9.6007,16.9474
2025-08-06T10:52:37,9.5969,9.5969,9.595,9.5969,213.1579
2025-08-06T10:52:38,9.6102,9.6102,9.6102,9.6102,447.6842
2025-08-06T10:52:39,9.595,9.596,9.595,9.596,194.9474
2025-08-06T10:52:40,9.595,9.596,9.595,9.596,23.7368
2025-08-06T10:52:41,9.5969,9.5969,9.5969,9.5969,52.6316
2025-08-06T10:52:42,9.595,9.5969,9.5912,9.5912,1128.9474
2025-08-06T10:52:43,9.5874,9.5875,9.5608,9.5608,584.5789
2025-08-06T10:52:44,9.5789,9.5789,9.5789,9.5789,37.7368
2025-08-06T10:52:46,9.5703,9.5703,9.5703,9.5703,10.5263
2025-08-06T10:52:48,9.5608,9.5608,9.5418,9.5418,214.8421
2025-08-06T10:52:49,9.5456,9.5456,9.5456,9.5456,26.3684
2025-08-06T10:52:50,9.5779,9.5779,9.5418,9.5456,246.3158
2025-08-06T10:52:54,9.5456,9.5456,9.5418,9.5418,115.5789
2025-08-06T10:52:56,9.5456,9.5456,9.5437,9.5456,36.3684
2025-08-06T10:52:57,9.5437,9.5798,9.5437,9.5798,1060.6316
2025-08-06T10:52:58,9.5969,9.652,9.5969,9.652,133.1053
2025-08-06T10:52:59,9.6634,9.7071,9.6102,9.7071,793.7368
2025-08-06T10:53:00,9.709,9.709,9.709,9.709,7.1053
2025-08-06T10:53:01,9.6102,9.6634,9.6102,9.6634,35.5263
2025-08-06T10:53:02,9.614,9.614,9.614,9.614,66.3158
2025-08-06T10:53:06,9.6159,9.6159,9.6159,9.6159,33.5789
2025-08-06T10:53:10,9.69,9.69,9.69,9.69,157.9474
2025-08-06T10:53:12,9.6197,9.6197,9.6197,9.6197,6.2632
2025-08-06T10:53:15,9.6387,9.6387,9.6387,9.6387,6.4211
2025-08-06T10:53:21,9.6463,9.6463,9.6463,9.6463,106.3684
2025-08-06T10:53:22,9.6539,9.6881,9.6539,9.6881,239.9474
2025-08-06T10:53:25,9.6425,9.6653,9.6425,9.6653,79.0
2025-08-06T10:53:26,9.6881,9.6881,9.6881,9.6881,110.1579
2025-08-06T10:53:28,9.6862,9.6881,9.6862,9.6881,105.8421
2025-08-06T10:53:30,9.6425,9.6425,9.6425,9.6425,526.3684
2025-08-06T10:53:31,9.6881,9.69,9.6596,9.6843,554.7368
2025-08-06T10:53:33,9.6558,9.6558,9.6558,9.6558,5.2632
2025-08-06T10:53:36,9.69,9.747,9.69,9.7299,590.0
2025-08-06T10:53:37,9.7299,9.7299,9.7299,9.7299,163.2105
2025-08-06T10:53:38,9.747,9.747,9.7451,9.7451,159.4737
2025-08-06T10:53:39,9.747,9.747,9.747,9.747,5.2632
2025-08-06T10:53:45,9.7318,9.7451,9.7318,9.7451,591.3684
2025-08-06T10:53:46,9.7318,9.7318,9.7318,9.7318,78.9474
2025-08-06T10:53:48,9.747,9.747,9.747,9.747,26.3158
2025-08-06T10:53:52,9.7451,9.747,9.7451,9.747,21.0526
2025-08-06T10:53:54,9.7318,9.7318,9.7318,9.7318,7.2105
2025-08-06T10:53:55,9.7337,9.747,9.7337,9.7394,733.0526
2025-08-06T10:53:56,9.747,9.7641,9.747,9.7641,338.8421
2025-08-06T10:53:58,9.7337,9.7337,9.7337,9.7337,59.1053
2025-08-06T10:53:59,9.7413,9.7413,9.7413,9.7413,5.2632
2025-08-06T10:54:02,9.7356,9.7356,9.7356,9.7356,13.7368
2025-08-06T10:54:03,9.747,9.747,9.7413,9.747,316.6316
2025-08-06T10:54:05,9.747,9.747,9.747,9.747,311.4211
2025-08-06T10:54:08,9.7413,9.7413,9.7413,9.7413,9.2105
2025-08-06T10:54:16,9.7356,9.7356,9.7356,9.7356,6.0
2025-08-06T10:54:17,9.7413,9.7413,9.7413,9.7413,13.7895
2025-08-06T10:54:18,9.7451,9.7451,9.7451,9.7451,7.8947
2025-08-06T10:54:19,9.7451,9.7451,9.7451,9.7451,521.5789
2025-08-06T10:54:22,9.7432,9.7451,9.7432,9.7451,109.8947
2025-08-06T10:54:23,9.7451,9.7451,9.7451,9.7451,861.9474
2025-08-06T10:54:24,9.7451,9.7451,9.7451,9.7451,521.0526
2025-08-06T10:54:25,9.747,9.747,9.747,9.747,271.6842
2025-08-06T10:54:27,9.747,9.747,9.747,9.747,194.2632
2025-08-06T10:54:29,9.7451,9.7451,9.7451,9.7451,26.3158
2025-08-06T10:54:33,9.7451,9.7461,9.7451,9.7461,16.9474
2025-08-06T10:54:36,9.747,9.747,9.747,9.747,105.2632
2025-08-06T10:54:44,9.7451,9.7451,9.7451,9.7451,7.8947
2025-08-06T10:54:47,9.747,9.88,9.747,9.7698,1130.2632
2025-08-06T10:54:48,9.8249,9.8249,9.7736,9.7736,164.7368
2025-08-06T10:54:54,9.88,9.88,9.8781,9.8781,531.5789
2025-08-06T10:54:57,9.88,9.88,9.88,9.88,527.8421
2025-08-06T10:54:58,9.7907,9.8686,9.7907,9.8686,551.2632
2025-08-06T10:55:02,9.7907,9.7907,9.7907,9.7907,91.0526
2025-08-06T10:55:05,9.8135,9.8781,9.8135,9.8781,78.9474
2025-08-06T10:55:08,9.88,9.88,9.8021,9.8021,543.0
2025-08-06T10:55:11,9.8401,9.88,9.8078,9.8078,421.1053
2025-08-06T10:55:13,9.88,9.88,9.8743,9.88,320.2105
2025-08-06T10:55:20,9.8116,9.8116,9.8116,9.8116,10.2632
2025-08-06T10:55:21,9.8553,9.8553,9.8553,9.8553,105.2632
2025-08-06T10:55:24,9.8724,9.8724,9.8724,9.8724,5.2632
2025-08-06T10:55:26,9.8515,9.8515,9.8515,9.8515,52.6316
2025-08-06T10:55:27,9.8335,9.8335,9.8335,9.8335,315.7895
2025-08-06T10:55:28,9.8154,9.8154,9.8154,9.8154,52.6316
2025-08-06T10:55:32,9.8344,9.8344,9.8344,9.8344,26.3158
2025-08-06T10:55:34,9.8363,9.8363,9.8363,9.8363,9.2105
2025-08-06T10:55:35,9.8287,9.8287,9.8287,9.8287,6.0526
2025-08-06T10:55:39,9.8287,9.8287,9.8287,9.8287,10.6316
2025-08-06T10:55:40,9.8287,9.8287,9.8287,9.8287,15.6842
2025-08-06T10:55:41,9.8287,9.8287,9.8287,9.8287,10.5789
2025-08-06T10:55:42,9.8401,9.8401,9.8401,9.8401,52.0526
2025-08-06T10:55:47,9.8249,9.8249,9.8249,9.8249,16.7895
2025-08-06T10:55:53,9.8382,9.8382,9.8232,9.8232,901.9474
2025-08-06T10:55:54,9.8373,9.8373,9.8373,9.8373,84.2105
2025-08-06T10:55:55,9.8515,9.8515,9.8287,9.8287,36.8421
2025-08-06T10:55:58,9.8287,9.8743,9.8287,9.8743,350.5263
2025-08-06T10:56:05,9.8553,9.8553,9.8553,9.8553,5.2632
2025-08-06T10:56:11,9.8743,9.8743,9.8325,9.8325,252.5789
2025-08-06T10:56:12,9.8496,9.8496,9.8496,9.8496,10.5263
2025-08-06T10:56:16,9.861,9.861,9.861,9.861,263.1579
2025-08-06T10:56:24,9.861,9.8781,9.861,9.8781,68.4211
2025-08-06T10:56:26,9.861,9.861,9.8401,9.8401,10.5263
2025-08-06T10:56:28,9.8762,9.8762,9.8762,9.8762,192.1053
2025-08-06T10:56:37,9.8382,9.8382,9.8382,9.8382,26.3158
2025-08-06T10:56:41,9.8553,9.8553,9.8553,9.8553,5.2632
2025-08-06T10:56:46,9.8572,9.8572,9.8572,9.8572,5.2632
2025-08-06T10:56:48,9.8382,9.8382,9.8382,9.8382,26.3158
2025-08-06T10:56:50,9.8591,9.8591,9.8591,9.8591,10.5263
2025-08-06T10:56:55,9.8382,9.8382,9.8382,9.8382,5.2632
2025-08-06T10:56:57,9.8382,9.8382,9.8382,9.8382,6.3158
2025-08-06T10:56:58,9.8382,9.8382,9.8382,9.8382,7.8947
2025-08-06T10:56:59,9.8382,9.8382,9.8116,9.8116,739.1053
2025-08-06T10:57:09,9.7413,9.7413,9.7413,9.7413,52.6316
2025-08-06T10:57:10,9.823,9.823,9.823,9.823,157.8947
2025-08-06T10:57:11,9.8572,9.8572,9.8572,9.8572,5.2632
2025-08-06T10:57:13,9.8173,9.8173,9.8059,9.8059,10.5263
2025-08-06T10:57:41,9.804,9.804,9.804,9.804,52.6316
2025-08-06T10:57:43,9.8059,9.8059,9.8059,9.8059,28.0
2025-08-06T10:57:47,9.804,9.804,9.804,9.804,15.7895
2025-08-06T10:57:51,9.804,9.804,9.804,9.804,26.3158
2025-08-06T10:57:53,9.8059,9.8059,9.8059,9.8059,274.0526
2025-08-06T10:57:55,9.8211,9.8249,9.8211,9.8249,18.4211
2025-08-06T10:57:58,9.8078,9.8078,9.8078,9.8078,157.8947
2025-08-06T10:57:59,9.8325,9.8325,9.8078,9.8078,169.7895
2025-08-06T10:58:00,9.8078,9.8078,9.8078,9.8078,81.2105
2025-08-06T10:58:09,9.8363,9.8363,9.8363,9.8363,16.1579
2025-08-06T10:58:12,9.8097,9.8097,9.8097,9.8097,60.7368
2025-08-06T10:58:22,9.8097,9.8097,9.8097,9.8097,7.8947
2025-08-06T10:58:29,9.8344,9.8344,9.8078,9.8078,110.5263
2025-08-06T10:58:34,9.808,9.808,9.808,9.808,14.2105
2025-08-06T10:58:35,9.8221,9.8221,9.8221,9.8221,5.2632
2025-08-06T10:58:39,9.8363,9.8363,9.8363,9.8363,5.2632
2025-08-06T10:58:41,9.8249,9.8249,9.8249,9.8249,263.2105
2025-08-06T10:58:42,9.8344,9.8344,9.8344,9.8344,266.1053
2025-08-06T10:58:45,9.8249,9.8249,9.8249,9.8249,67.2632
2025-08-06T10:58:49,9.8344,9.8572,9.8344,9.8572,70.7895
2025-08-06T10:58:50,9.8667,9.9066,9.8667,9.9066,928.6316
2025-08-06T10:58:51,9.9199,9.9237,9.8838,9.9237,236.8947
2025-08-06T10:58:53,9.9351,9.9351,9.9351,9.9351,271.0526
2025-08-06T10:58:54,9.975,9.975,9.975,9.975,78.9474
2025-08-06T10:58:59,9.8933,9.8933,9.8933,9.8933,10.5263
2025-08-06T10:59:01,9.9484,9.9484,9.9484,9.9484,8.0
2025-08-06T10:59:02,9.8933,9.8933,9.8933,9.8933,220.9474
2025-08-06T10:59:06,9.9484,9.9484,9.9238,9.9238,132.7368
2025-08-06T10:59:07,9.9218,9.9484,9.9218,9.9484,87.0
2025-08-06T10:59:08,9.9351,9.9351,9.9351,9.9351,17.5263
2025-08-06T10:59:09,9.9484,9.9484,9.9351,9.9351,31.5789
2025-08-06T10:59:13,9.9351,9.9484,9.9351,9.9351,265.7895
2025-08-06T10:59:14,9.9351,9.9351,9.9351,9.9351,9.0
2025-08-06T10:59:20,9.9351,9.9351,9.9351,9.9351,85.4737
2025-08-06T10:59:22,9.9332,9.9332,9.9275,9.9275,273.6842
2025-08-06T10:59:26,9.9332,9.9332,9.9332,9.9332,157.8947
2025-08-06T10:59:28,9.9237,9.9237,9.9237,9.9237,49.7368
2025-08-06T10:59:29,9.9275,9.9275,9.9275,9.9275,16.3158
2025-08-06T10:59:30,9.9351,9.9351,9.9351,9.9351,26.4211
2025-08-06T10:59:31,9.9275,9.9275,9.9275,9.9275,86.6842
2025-08-06T10:59:34,9.9218,9.9218,9.9218,9.9218,35.5789
2025-08-06T10:59:39,9.9275,9.9275,9.9275,9.9275,5.2632
2025-08-06T10:59:42,9.8933,9.8933,9.8933,9.8933,21.0526
2025-08-06T10:59:45,9.9218,9.9218,9.9218,9.9218,10.7368
2025-08-06T10:59:49,9.9218,9.9218,9.9218,9.9218,27.2632
2025-08-06T10:59:50,9.8952,9.8952,9.8952,9.8952,15.8421
2025-08-06T10:59:56,9.8933,9.8933,9.8933,9.8933,6.4211
2025-08-06T10:59:57,9.8933,9.8933,9.8933,9.8933,221.0
2025-08-06T10:59:58,9.9085,9.9218,9.8933,9.8933,710.8947
2025-08-06T10:59:59,9.8933,9.8933,9.8933,9.8933,31.3684
2025-08-06T11:00:00,9.9199,9.9199,9.9199,9.9199,13.1579
2025-08-06T11:00:01,9.9218,9.975,9.9066,9.975,3347.1579
2025-08-06T11:00:03,9.9921,9.9921,9.937,9.937,61.6842
2025-08-06T11:00:12,9.9588,9.9588,9.9588,9.9588,521.0526
2025-08-06T11:00:26,9.9579,9.9579,9.9579,9.9579,7.1579
2025-08-06T11:00:29,9.9579,9.9579,9.9579,9.9579,29.1579
2025-08-06T11:00:37,9.975,9.975,9.9522,9.9522,105.2632
2025-08-06T11:00:38,9.9503,9.9503,9.9493,9.9493,28.1053
2025-08-06T11:00:39,9.9503,9.9503,9.9503,9.9503,31.5789
2025-08-06T11:00:40,9.9503,9.9503,9.9503,9.9503,521.0526
2025-08-06T11:00:42,9.9503,9.9503,9.9503,9.9503,521.0526
2025-08-06T11:00:43,9.9503,9.9503,9.9427,9.9427,107.6316
2025-08-06T11:00:44,9.9427,9.9427,9.9237,9.9237,683.1053
2025-08-06T11:00:45,9.9351,9.9351,9.9351,9.9351,8.6842
2025-08-06T11:00:48,9.9218,9.9218,9.9218,9.9218,105.2632
2025-08-06T11:01:00,9.88,9.88,9.88,9.88,26.3158
2025-08-06T11:01:15,9.8667,9.8667,9.8667,9.8667,7.5789
2025-08-06T11:01:16,9.8762,9.8762,9.8762,9.8762,121.0526
2025-08-06T11:01:23,9.8667,9.8667,9.8268,9.8268,455.7895
2025-08-06T11:01:28,9.8553,9.8553,9.8534,9.8534,107.1579
2025-08-06T11:01:38,9.8534,9.8534,9.8534,9.8534,52.6316
2025-08-06T11:01:41,9.8534,9.8534,9.8534,9.8534,10.5263
2025-08-06T11:01:42,9.8382,9.8382,9.8382,9.8382,53.0
2025-08-06T11:01:43,9.8534,9.9351,9.8534,9.9351,152.8421
2025-08-06T11:01:44,9.9484,9.9503,9.9465,9.9465,167.5789
2025-08-06T11:01:51,9.975,9.975,9.975,9.975,26.7368
2025-08-06T11:01:57,9.9265,9.9265,9.9265,9.9265,19.8947
2025-08-06T11:02:02,9.9731,9.9731,9.9731,9.9731,184.2105
2025-08-06T11:02:05,9.9256,9.9712,9.9218,9.9218,140.7368
2025-08-06T11:02:09,9.9712,9.9712,9.9712,9.9712,8.5263
2025-08-06T11:02:10,9.9712,9.975,9.9712,9.975,152.7368
2025-08-06T11:02:15,9.9731,9.9731,9.9731,9.9731,15.9474
2025-08-06T11:02:17,9.9731,9.9731,9.9731,9.9731,5.3684
2025-08-06T11:02:19,10.0035,10.0035,10.0035,10.0035,53.1053
2025-08-06T11:02:21,10.0158,10.0158,10.0158,10.0158,368.5263
2025-08-06T11:02:23,10.0054,10.0054,10.0054,10.0054,68.4211
2025-08-06T11:02:24,10.0263,10.0263,10.0035,10.0035,209.6842
2025-08-06T11:02:29,10.0035,10.0035,10.0035,10.0035,26.3158
2025-08-06T11:02:34,9.9902,9.9902,9.9902,9.9902,10.5789
2025-08-06T11:02:43,9.9902,9.9902,9.9902,9.9902,115.1579
2025-08-06T11:02:44,9.9636,9.9636,9.9636,9.9636,316.2632
2025-08-06T11:02:46,9.9353,9.9353,9.9353,9.9353,105.2632
2025-08-06T11:02:49,9.937,9.937,9.937,9.937,14.4211
2025-08-06T11:02:54,9.937,9.937,9.937,9.937,48.7895
2025-08-06T11:02:57,9.9351,9.9351,9.9351,9.9351,78.9474
2025-08-06T11:03:04,9.937,9.937,9.937,9.937,64.5263
2025-08-06T11:03:06,9.975,9.975,9.975,9.975,16.6842
2025-08-06T11:03:13,9.9731,9.9731,9.9731,9.9731,133.6316
2025-08-06T11:03:20,9.975,9.975,9.975,9.975,63.4211
2025-08-06T11:03:23,9.9731,9.9731,9.9731,9.9731,233.2105
2025-08-06T11:03:25,9.9731,9.975,9.9731,9.975,259.2105
2025-08-06T11:03:26,9.9902,10.0282,9.9902,10.0282,278.0526
2025-08-06T11:03:29,9.9636,9.9636,9.9636,9.9636,53.1579
2025-08-06T11:03:31,10.0282,10.032,10.0282,10.032,235.3684
2025-08-06T11:03:33,10.0491,10.0491,10.0491,10.0491,372.7368
2025-08-06T11:03:35,10.0168,10.0168,10.0168,10.0168,263.5263
2025-08-06T11:03:38,10.0472,10.0472,10.0472,10.0472,58.2105
2025-08-06T11:03:41,10.0434,10.0434,10.0434,10.0434,18.4211
2025-08-06T11:03:42,10.0453,10.0453,10.0453,10.0453,5.4211
2025-08-06T11:03:46,9.9902,9.9902,9.9902,9.9902,131.5789
2025-08-06T11:03:49,10.0301,10.032,10.0301,10.032,562.7368
2025-08-06T11:03:55,10.032,10.032,10.032,10.032,26.3158
2025-08-06T11:03:59,9.9902,9.9902,9.9902,9.9902,5.3684
2025-08-06T11:04:04,10.0301,10.0301,10.0301,10.0301,18.9474
2025-08-06T11:04:08,10.0225,10.0225,10.0225,10.0225,52.6316
2025-08-06T11:04:10,10.0244,10.0244,10.0244,10.0244,473.7368
2025-08-06T11:04:11,10.0244,10.032,10.0244,10.032,391.4737
2025-08-06T11:04:12,10.032,10.032,10.032,10.032,205.3158
2025-08-06T11:04:14,10.032,10.032,10.0301,10.0301,307.0526
2025-08-06T11:04:19,10.0035,10.0035,10.0035,10.0035,210.5263
2025-08-06T11:04:20,10.0301,10.0301,10.0301,10.0301,26.3158
2025-08-06T11:04:25,10.0073,10.0073,10.0073,10.0073,43.2105
2025-08-06T11:04:28,10.0244,10.0244,10.0054,10.0054,394.7368
2025-08-06T11:04:29,10.0054,10.0263,10.0054,10.0263,552.6842
2025-08-06T11:04:31,10.0244,10.0244,10.0198,10.0198,73.6842
2025-08-06T11:04:34,10.0206,10.0206,10.0206,10.0206,5.2632
2025-08-06T11:04:40,10.013,10.0225,10.013,10.0225,16.8421
2025-08-06T11:04:41,10.0206,10.0206,10.0206,10.0206,5.3158
2025-08-06T11:04:42,10.0225,10.0225,10.0225,10.0225,42.1053
2025-08-06T11:04:43,10.0206,10.0206,10.0206,10.0206,26.3158
2025-08-06T11:04:46,10.0225,10.0225,10.0225,10.0225,157.8947
2025-08-06T11:04:51,10.0206,10.0206,10.0206,10.0206,10.5263
2025-08-06T11:04:52,10.0225,10.0225,10.0225,10.0225,193.6316
2025-08-06T11:04:53,10.0206,10.0206,10.0073,10.0073,59.5263
2025-08-06T11:04:54,10.0073,10.0206,10.0073,10.0206,57.8947
2025-08-06T11:04:55,10.0225,10.0225,10.0225,10.0225,622.8421
2025-08-06T11:04:57,10.0263,10.0263,10.0263,10.0263,33.1053
2025-08-06T11:04:59,10.0054,10.0054,10.0054,10.0054,176.3684
2025-08-06T11:05:05,10.0168,10.0168,10.0168,10.0168,403.2632
2025-08-06T11:05:08,10.0149,10.0149,10.0149,10.0149,31.0
2025-08-06T11:05:11,10.0073,10.0073,10.0073,10.0073,25.4737
2025-08-06T11:05:17,10.0054,10.0054,10.0054,10.0054,26.3684
2025-08-06T11:05:19,10.0054,10.0073,10.0054,10.0054,343.4211
2025-08-06T11:05:21,9.9655,9.9655,9.937,9.937,68.5789
2025-08-06T11:05:27,9.9389,9.9446,9.9389,9.9408,115.8421
2025-08-06T11:05:28,9.994,9.994,9.994,9.994,5.2632
2025-08-06T11:05:33,9.9446,9.9446,9.9446,9.9446,8.8421
2025-08-06T11:05:34,10.0149,10.0149,9.975,9.975,124.2105
2025-08-06T11:05:36,9.9446,9.9465,9.937,9.937,96.8947
2025-08-06T11:05:42,9.9408,9.9408,9.9408,9.9408,28.3684
2025-08-06T11:05:45,10.0016,10.0016,10.0016,10.0016,19.4737
2025-08-06T11:05:48,9.9389,9.9389,9.9389,9.9389,28.9474
2025-08-06T11:05:49,9.9703,9.9703,9.9703,9.9703,26.3684
2025-08-06T11:05:52,9.937,9.937,9.937,9.937,217.4737
2025-08-06T11:05:56,9.9389,9.9389,9.9351,9.9351,29.8947
2025-08-06T11:05:58,9.9389,9.9389,9.9389,9.9389,8.8421
2025-08-06T11:06:03,9.937,9.937,9.937,9.937,26.3158
2025-08-06T11:06:15,9.9389,9.9389,9.9389,9.9389,52.6316
2025-08-06T11:06:18,9.937,9.937,9.937,9.937,178.9474
2025-08-06T11:06:19,9.937,9.937,9.937,9.937,105.4211
2025-08-06T11:06:20,9.937,9.937,9.937,9.937,357.8421
2025-08-06T11:06:22,9.9389,9.9389,9.9389,9.9389,15.1579
2025-08-06T11:06:23,9.937,9.937,9.937,9.937,5.2632
2025-08-06T11:06:26,9.9389,9.9389,9.9389,9.9389,5.2632
2025-08-06T11:06:27,9.9389,9.9389,9.9389,9.9389,57.4737
2025-08-06T11:06:32,9.9389,9.9389,9.9389,9.9389,29.7895
2025-08-06T11:06:39,9.937,9.937,9.937,9.937,16.5789
2025-08-06T11:06:46,9.937,9.937,9.937,9.937,112.8421
2025-08-06T11:06:47,9.937,9.937,9.937,9.937,422.0526
2025-08-06T11:06:58,9.937,9.937,9.937,9.937,10.5263
2025-08-06T11:07:06,9.9389,9.9408,9.9389,9.9408,150.7368
2025-08-06T11:07:07,9.9588,9.9588,9.9588,9.9588,473.8421
2025-08-06T11:07:25,9.9484,9.9484,9.9484,9.9484,14.8421
2025-08-06T11:07:26,9.956,9.956,9.956,9.956,51.0526
2025-08-06T11:07:34,9.941,9.941,9.941,9.941,5.3158
2025-08-06T11:07:35,9.9493,9.9493,9.9493,9.9493,5.3158
2025-08-06T11:07:37,9.9579,9.9579,9.9579,9.9579,5.3684
2025-08-06T11:07:39,9.9484,9.9484,9.9484,9.9484,52.6316
2025-08-06T11:07:42,9.9427,9.9427,9.9408,9.9408,509.1579
2025-08-06T11:07:50,9.9446,9.9446,9.9446,9.9446,48.7368
2025-08-06T11:07:54,9.9408,9.9408,9.9408,9.9408,20.5789
2025-08-06T11:08:00,9.9408,9.9408,9.9408,9.9408,29.8421
2025-08-06T11:08:06,9.9408,9.9408,9.9408,9.9408,118.1053
2025-08-06T11:08:08,9.9465,9.9465,9.9465,9.9465,5.7895
2025-08-06T11:08:10,9.956,9.956,9.956,9.956,15.4211
2025-08-06T11:08:11,9.9446,9.9446,9.9446,9.9446,6.9474
2025-08-06T11:08:14,9.9541,9.9541,9.9541,9.9541,7.8947
2025-08-06T11:08:16,9.9465,9.9465,9.9446,9.9446,159.1053
2025-08-06T11:08:23,9.9427,9.9427,9.9427,9.9427,21.5789
2025-08-06T11:08:27,9.9484,9.9484,9.9484,9.9484,22.2632
2025-08-06T11:08:36,9.9484,9.9484,9.9484,9.9484,42.5789
2025-08-06T11:08:37,9.9465,9.9465,9.9465,9.9465,589.6316
2025-08-06T11:08:40,9.9484,9.9484,9.9484,9.9484,14.5789
2025-08-06T11:08:41,9.9465,9.9465,9.9465,9.9465,5.2632
2025-08-06T11:08:47,9.9484,9.9484,9.9484,9.9484,143.6842
2025-08-06T11:08:51,9.9484,9.9484,9.9484,9.9484,7.4211
2025-08-06T11:08:52,9.956,9.9769,9.956,9.9769,52.5263
2025-08-06T11:08:54,9.9769,10.0415,9.9769,10.0415,3552.4211
2025-08-06T11:08:55,10.0301,10.0301,10.0073,10.0073,276.4211
2025-08-06T11:08:57,10.032,10.032,10.0092,10.0092,105.2632
2025-08-06T11:08:59,10.0548,10.07,10.0443,10.0443,368.3158
2025-08-06T11:09:01,10.0187,10.0206,10.0187,10.0206,523.0
2025-08-06T11:09:02,10.07,10.07,10.07,10.07,26.6842
2025-08-06T11:09:05,10.0681,10.0681,10.0681,10.0681,5.5263
2025-08-06T11:09:07,10.07,10.07,10.07,10.07,37.5263
2025-08-06T11:09:12,10.07,10.07,10.07,10.07,26.3158
2025-08-06T11:09:15,10.0662,10.0662,10.0662,10.0662,99.1579
2025-08-06T11:09:16,10.0681,10.0681,10.0681,10.0681,7.7895
2025-08-06T11:09:19,10.0558,10.0558,10.0558,10.0558,28.5263
2025-08-06T11:09:24,10.055,10.055,10.055,10.055,9.3684
2025-08-06T11:09:27,10.0567,10.0567,9.9902,9.9902,1121.0526
2025-08-06T11:09:32,10.0491,10.0491,10.0491,10.0491,16.4737
2025-08-06T11:09:34,9.9902,9.9902,9.9902,9.9902,8.3158
2025-08-06T11:09:38,9.9921,9.9921,9.9921,9.9921,5.2632
2025-08-06T11:09:40,10.0461,10.0461,10.0461,10.0461,49.2105
2025-08-06T11:09:44,9.9902,9.9902,9.9902,9.9902,25.4211
2025-08-06T11:09:45,10.0206,10.0206,10.0206,10.0206,37.8947
2025-08-06T11:09:51,10.0073,10.0073,10.0073,10.0073,19.5789
2025-08-06T11:09:52,10.0168,10.0168,10.0168,10.0168,52.6316
2025-08-06T11:09:56,9.9959,9.9959,9.9959,9.9959,10.7895
2025-08-06T11:09:57,9.9997,9.9997,9.9997,9.9997,24.8947
2025-08-06T11:10:09,10.0206,10.0206,10.0206,10.0206,95.8421
2025-08-06T11:10:13,10.0035,10.0035,10.0035,10.0035,15.7895
2025-08-06T11:10:20,10.0035,10.0035,10.0035,10.0035,9.1579
2025-08-06T11:10:21,10.0002,10.0035,10.0002,10.0035,35.8947
2025-08-06T11:10:29,10.0035,10.0035,10.0035,10.0035,52.6316
2025-08-06T11:10:36,10.0054,10.0054,10.0054,10.0054,254.7895
2025-08-06T11:10:41,10.0054,10.0054,10.0054,10.0054,21.0526
2025-08-06T11:10:43,10.0035,10.0035,9.994,9.994,74.3684
2025-08-06T11:10:47,9.9969,9.9969,9.9969,9.9969,473.7895
2025-08-06T11:10:52,10.0016,10.0016,10.0016,10.0016,21.1053
2025-08-06T11:10:55,9.994,9.994,9.9902,9.9902,10.8421
2025-08-06T11:10:59,9.9902,9.9902,9.9902,9.9902,23.8421
2025-08-06T11:11:00,9.9902,9.9902,9.9902,9.9902,9.0526
2025-08-06T11:11:03,9.9902,9.9902,9.975,9.975,17.7368
2025-08-06T11:11:05,9.9617,9.9617,9.9617,9.9617,24.6316
2025-08-06T11:11:07,9.9579,9.9883,9.9579,9.9883,13.9474
2025-08-06T11:11:08,9.9427,9.9427,9.9427,9.9427,53.0526
2025-08-06T11:11:13,9.9579,9.9579,9.9579,9.9579,20.0
2025-08-06T11:11:22,9.9427,9.9427,9.9408,9.9408,18.7368
2025-08-06T11:11:23,9.9408,9.9408,9.9408,9.9408,39.6842
2025-08-06T11:11:24,9.9427,9.9427,9.9427,9.9427,473.6842
2025-08-06T11:11:32,9.9408,9.9408,9.9408,9.9408,67.6842
2025-08-06T11:11:33,9.9256,9.9256,9.9256,9.9256,18.9474
2025-08-06T11:11:34,9.9275,9.9351,9.9275,9.9351,58.9474
2025-08-06T11:11:42,9.9417,9.9417,9.9417,9.9417,14.2105
2025-08-06T11:11:44,9.9256,9.9256,9.9256,9.9256,68.3158
2025-08-06T11:11:56,9.937,9.937,9.937,9.937,20.3684
2025-08-06T11:11:57,9.88,9.88,9.842,9.842,607.4737
2025-08-06T11:11:58,9.9275,9.9275,9.9275,9.9275,26.3158
2025-08-06T11:12:03,9.88,9.9256,9.88,9.9256,51.1053
2025-08-06T11:12:04,9.8838,9.8838,9.8838,9.8838,96.2632
2025-08-06T11:12:12,9.861,9.861,9.861,9.861,205.2632
2025-08-06T11:12:15,9.88,9.88,9.88,9.88,263.1579
2025-08-06T11:12:16,9.8629,9.8629,9.8629,9.8629,8.4737
2025-08-06T11:12:18,9.861,9.861,9.861,9.861,8.6316
2025-08-06T11:12:21,9.88,9.88,9.88,9.88,52.6316
2025-08-06T11:12:23,9.8629,9.88,9.8629,9.8686,806.2632
2025-08-06T11:12:24,9.8667,9.8667,9.8667,9.8667,15.7895
2025-08-06T11:12:26,9.8667,9.8667,9.8667,9.8667,26.3158
2025-08-06T11:12:30,9.8781,9.88,9.8781,9.88,52.6316
2025-08-06T11:12:34,9.8781,9.8781,9.8781,9.8781,131.5789
2025-08-06T11:12:37,9.88,9.88,9.88,9.88,5.2632
2025-08-06T11:12:39,9.88,9.88,9.88,9.88,21.0526
2025-08-06T11:12:43,9.88,9.88,9.8791,9.8791,181.0526
2025-08-06T11:12:51,9.8791,9.8791,9.8791,9.8791,23.6842
2025-08-06T11:12:54,9.8781,9.8781,9.8553,9.8553,2434.2632
2025-08-06T11:12:56,9.8857,9.8857,9.8857,9.8857,52.6316
2025-08-06T11:12:57,9.861,9.861,9.8553,9.8553,21.6316
2025-08-06T11:13:02,9.8553,9.8553,9.8553,9.8553,15.6842
2025-08-06T11:13:04,9.8572,9.8572,9.8572,9.8572,7.2105
2025-08-06T11:13:10,9.8591,9.8591,9.8591,9.8591,37.6842
2025-08-06T11:13:11,9.8572,9.8572,9.8572,9.8572,5.2632
2025-08-06T11:13:15,9.8667,9.8895,9.8553,9.8553,134.1053
2025-08-06T11:13:19,9.8819,9.8819,9.8819,9.8819,28.6316
2025-08-06T11:13:22,9.88,9.88,9.88,9.88,128.9474
2025-08-06T11:13:25,9.88,9.88,9.88,9.88,9.2105
2025-08-06T11:13:28,9.88,9.88,9.88,9.88,18.8421
2025-08-06T11:13:30,9.88,9.88,9.88,9.88,84.2105
2025-08-06T11:13:36,9.88,9.88,9.88,9.88,5.2632
2025-08-06T11:13:37,9.9332,9.9332,9.9332,9.9332,50.8947
2025-08-06T11:13:38,9.8781,9.8781,9.8781,9.8781,7.0
2025-08-06T11:13:41,9.9199,9.9351,9.9199,9.9351,48.1053
2025-08-06T11:13:44,9.9408,9.9408,9.9408,9.9408,5.2632
2025-08-06T11:13:47,9.8857,9.8857,9.8857,9.8857,6.7895
2025-08-06T11:13:55,9.9161,9.9161,9.9161,9.9161,22.0526
2025-08-06T11:13:56,9.8914,9.8914,9.8914,9.8914,60.7895
2025-08-06T11:13:59,9.9408,9.9579,9.9408,9.9579,68.1579
2025-08-06T11:14:04,9.9351,9.9351,9.9351,9.9351,12.5263
2025-08-06T11:14:12,9.9228,9.9228,9.9228,9.9228,5.2632
2025-08-06T11:14:29,9.9357,9.9357,9.9357,9.9357,7.3684
2025-08-06T11:14:30,9.8971,9.8971,9.8971,9.8971,10.5263
2025-08-06T11:14:31,9.9408,9.9408,9.9408,9.9408,74.2632
2025-08-06T11:14:33,9.9256,9.9598,9.9256,9.9296,312.8421
2025-08-06T11:14:40,9.9294,9.9294,9.9294,9.9294,23.9474
2025-08-06T11:14:44,9.9408,9.9408,9.9408,9.9408,5.2632
2025-08-06T11:14:46,9.9332,9.9332,9.9332,9.9332,11.7368
2025-08-06T11:14:50,9.9332,9.9332,9.9332,9.9332,52.6316
2025-08-06T11:14:58,9.9351,9.9351,9.9351,9.9351,10.5263
2025-08-06T11:14:59,9.937,9.937,9.937,9.937,5.2632
2025-08-06T11:15:01,9.9351,9.9351,9.9351,9.9351,66.4211
2025-08-06T11:15:04,9.937,9.937,9.937,9.937,23.2632
2025-08-06T11:15:12,9.9085,9.9332,9.9085,9.9332,10.5263
2025-08-06T11:15:18,9.9066,9.9066,9.9066,9.9066,75.0526
2025-08-06T11:15:22,9.9332,9.9332,9.9332,9.9332,5.2632
2025-08-06T11:15:39,9.9332,9.9332,9.9332,9.9332,8.3158
2025-08-06T11:15:47,9.9142,9.9199,9.9142,9.9199,78.9474
2025-08-06T11:15:55,9.9085,9.9085,9.9085,9.9085,38.1053
2025-08-06T11:15:56,9.9066,9.9066,9.9066,9.9066,54.2632
2025-08-06T11:15:57,9.88,9.88,9.88,9.88,148.0526
2025-08-06T11:16:02,9.9237,9.9237,9.9237,9.9237,26.3158
2025-08-06T11:16:13,9.8838,9.8838,9.8838,9.8838,5.2632
2025-08-06T11:16:16,9.8677,9.8677,9.8677,9.8677,26.3684
2025-08-06T11:16:18,9.8686,9.8686,9.8686,9.8686,26.3684
2025-08-06T11:16:21,9.8686,9.8686,9.8686,9.8686,35.6316
2025-08-06T11:16:24,9.8686,9.8686,9.8686,9.8686,24.1579
2025-08-06T11:16:26,9.8667,9.8667,9.8667,9.8667,77.7895
2025-08-06T11:16:27,9.8667,9.8667,9.8667,9.8667,155.3158
2025-08-06T11:16:29,9.8667,9.8667,9.8667,9.8667,15.9474
2025-08-06T11:16:33,9.8686,9.8686,9.8686,9.8686,5.2632
2025-08-06T11:16:34,9.8686,9.8686,9.8686,9.8686,26.3158
2025-08-06T11:16:35,9.8667,9.8667,9.8667,9.8667,13.7895
2025-08-06T11:16:37,9.8686,9.8686,9.8686,9.8686,271.4737
2025-08-06T11:16:40,9.9066,9.9066,9.9066,9.9066,11.1053
2025-08-06T11:16:51,9.9066,9.9066,9.9066,9.9066,68.4211
2025-08-06T11:16:52,9.9066,9.9066,9.9066,9.9066,26.3158
2025-08-06T11:16:57,9.9066,9.9066,9.9066,9.9066,15.7895
2025-08-06T11:17:00,9.8667,9.8667,9.8667,9.8667,49.8947
2025-08-06T11:17:01,9.8667,9.8667,9.8667,9.8667,50.8947
2025-08-06T11:17:05,9.8667,9.8667,9.8667,9.8667,28.0
2025-08-06T11:17:12,9.8667,9.8667,9.8667,9.8667,13.8421
2025-08-06T11:17:15,9.8667,9.8667,9.8667,9.8667,47.6842
2025-08-06T11:17:17,9.88,9.88,9.88,9.88,52.7368
2025-08-06T11:17:18,9.8686,9.8686,9.8686,9.8686,149.5263
2025-08-06T11:17:19,9.8667,9.8667,9.842,9.842,1078.7895
2025-08-06T11:17:20,9.8705,9.8705,9.8705,9.8705,5.2632
2025-08-06T11:17:25,9.842,9.842,9.8249,9.8249,205.5263
2025-08-06T11:17:27,9.8743,9.8743,9.8743,9.8743,1171.0526
2025-08-06T11:17:29,9.8249,9.8249,9.8249,9.8249,52.6842
2025-08-06T11:17:36,9.8268,9.8268,9.8268,9.8268,18.0526
2025-08-06T11:17:37,9.8553,9.8553,9.8553,9.8553,5.2632
2025-08-06T11:17:38,9.8249,9.8249,9.8249,9.8249,131.5789
2025-08-06T11:17:40,9.8268,9.8268,9.8268,9.8268,78.9474
2025-08-06T11:17:41,9.8439,9.8439,9.8439,9.8439,10.5789
2025-08-06T11:17:42,9.8249,9.8572,9.8249,9.8572,57.8947
2025-08-06T11:17:44,9.8572,9.8762,9.8249,9.8762,91.3684
2025-08-06T11:17:51,9.8572,9.8572,9.8572,9.8572,7.4737
2025-08-06T11:17:56,9.88,9.88,9.88,9.88,56.1579
2025-08-06T11:17:58,9.9085,9.937,9.9085,9.937,230.8947
2025-08-06T11:18:00,9.8762,9.8781,9.8762,9.8781,112.2632
2025-08-06T11:18:11,9.9731,9.9731,9.9731,9.9731,10.5789
2025-08-06T11:18:23,9.956,9.956,9.956,9.956,28.8947
2025-08-06T11:18:28,9.9617,9.9617,9.9617,9.9617,28.2632
2025-08-06T11:18:34,9.9731,9.9731,9.9655,9.9655,111.2632
2025-08-06T11:18:43,9.975,9.975,9.975,9.975,5.2632
2025-08-06T11:18:44,9.956,9.956,9.956,9.956,26.3158
2025-08-06T11:18:50,9.9655,9.9655,9.9655,9.9655,25.2105
2025-08-06T11:18:54,9.9655,9.9655,9.9655,9.9655,41.8947
2025-08-06T11:19:02,9.9655,9.9655,9.9655,9.9655,18.8421
2025-08-06T11:19:04,9.9199,9.9199,9.9199,9.9199,7.3684
2025-08-06T11:19:09,9.9199,9.9199,9.9199,9.9199,192.9474
2025-08-06T11:19:17,9.9199,9.9199,9.9199,9.9199,26.3158
2025-08-06T11:19:19,9.9484,9.9484,9.9484,9.9484,21.0526
2025-08-06T11:19:22,9.9484,9.9484,9.9484,9.9484,52.6316
2025-08-06T11:19:26,9.9199,9.9199,9.9199,9.9199,6.4211
2025-08-06T11:19:27,9.9199,9.9199,9.9199,9.9199,30.3158
2025-08-06T11:19:51,9.9218,9.9218,9.9218,9.9218,6.5263
2025-08-06T11:19:56,9.9655,9.9655,9.937,9.937,150.1579
2025-08-06T11:19:59,9.9427,9.9427,9.9427,9.9427,10.5263
2025-08-06T11:20:03,9.9218,9.9218,9.9218,9.9218,21.2105
2025-08-06T11:20:11,9.9085,9.9085,9.9085,9.9085,75.4737
2025-08-06T11:20:12,9.9199,9.9199,9.9199,9.9199,5.2632
2025-08-06T11:20:13,9.9085,9.9085,9.9085,9.9085,118.4211
2025-08-06T11:20:27,9.9104,9.9104,9.9085,9.9085,286.8947
2025-08-06T11:20:28,9.9,9.9,9.9,9.9,7.8947
2025-08-06T11:20:29,9.8819,9.8819,9.8819,9.8819,5.3158
2025-08-06T11:20:35,9.88,9.88,9.88,9.88,42.2105
2025-08-06T11:20:43,9.8857,9.8857,9.8857,9.8857,157.8947
2025-08-06T11:20:44,9.8876,9.8876,9.8876,9.8876,19.7368
2025-08-06T11:20:45,9.9066,9.9066,9.9066,9.9066,43.0526
2025-08-06T11:20:49,9.8895,9.8895,9.8895,9.8895,15.7895
2025-08-06T11:20:53,9.8914,9.8914,9.8914,9.8914,9.3158
2025-08-06T11:21:00,9.899,9.899,9.899,9.899,61.0526
2025-08-06T11:21:12,9.9085,9.9085,9.9085,9.9085,52.6316
2025-08-06T11:21:18,9.9332,9.9332,9.9332,9.9332,52.6316
2025-08-06T11:21:38,9.9332,9.9332,9.9332,9.9332,52.6316
2025-08-06T11:21:42,9.9199,9.9199,9.9199,9.9199,21.5263
2025-08-06T11:21:43,9.9199,9.9199,9.9199,9.9199,16.7368
2025-08-06T11:21:44,9.899,9.9199,9.88,9.88,33.8421
2025-08-06T11:21:46,9.8895,9.8895,9.8895,9.8895,50.0
2025-08-06T11:22:05,9.88,9.88,9.88,9.88,23.4211
2025-08-06T11:22:11,9.88,9.88,9.88,9.88,63.1579
2025-08-06T11:22:35,9.88,9.88,9.88,9.88,25.2105
2025-08-06T11:22:39,9.8819,9.8819,9.8819,9.8819,221.9474
2025-08-06T11:22:42,9.88,9.88,9.88,9.88,5.2632
2025-08-06T11:22:51,9.8819,9.8819,9.8819,9.8819,56.3684
2025-08-06T11:22:56,9.8876,9.8876,9.8876,9.8876,6.7895
2025-08-06T11:23:01,9.88,9.8819,9.861,9.8819,217.4211
2025-08-06T11:23:06,9.8876,9.8876,9.8876,9.8876,5.2632
2025-08-06T11:23:12,9.8477,9.8477,9.8477,9.8477,207.0
2025-08-06T11:23:18,9.8458,9.8458,9.8458,9.8458,52.6316
2025-08-06T11:23:28,9.8477,9.8477,9.8477,9.8477,8.6842
2025-08-06T11:23:33,9.8477,9.8477,9.8458,9.8458,10.6316
2025-08-06T11:23:37,9.8477,9.8591,9.842,9.8477,480.7895
2025-08-06T11:23:38,9.8477,9.8477,9.8458,9.8458,56.4211
2025-08-06T11:23:40,9.8477,9.8477,9.8477,9.8477,10.5263
2025-08-06T11:23:44,9.842,9.842,9.842,9.842,7.8947
2025-08-06T11:23:46,9.842,9.842,9.842,9.842,94.2105
2025-08-06T11:23:48,9.8439,9.8439,9.8439,9.8439,38.4211
2025-08-06T11:23:49,9.842,9.842,9.842,9.842,116.9474
2025-08-06T11:23:52,9.8477,9.8477,9.8477,9.8477,10.5263
2025-08-06T11:24:00,9.8496,9.8496,9.8496,9.8496,14.2632
2025-08-06T11:24:01,9.8619,9.8619,9.8619,9.8619,7.3684
2025-08-06T11:24:10,9.8762,9.8762,9.8762,9.8762,10.5263
2025-08-06T11:24:11,9.88,9.88,9.88,9.88,18.7368
2025-08-06T11:24:23,9.88,9.88,9.88,9.88,28.9474
2025-08-06T11:24:24,9.899,9.899,9.8629,9.8629,131.5789
2025-08-06T11:24:34,9.8648,9.8648,9.8648,9.8648,105.2632
2025-08-06T11:24:44,9.9332,9.9332,9.9332,9.9332,37.6316
2025-08-06T11:24:45,9.9351,9.9351,9.918,9.918,158.1579
2025-08-06T11:24:47,9.9104,9.9104,9.9104,9.9104,52.6316
2025-08-06T11:24:53,9.9104,9.918,9.9104,9.918,30.2105
2025-08-06T11:24:58,9.994,9.994,9.994,9.994,26.3158
2025-08-06T11:25:02,9.994,9.994,9.994,9.994,315.7895
2025-08-06T11:25:07,9.9218,9.9218,9.9218,9.9218,17.2632
2025-08-06T11:25:08,9.994,9.994,9.994,9.994,473.6842
2025-08-06T11:25:11,9.9218,9.9218,9.9218,9.9218,860.3684
2025-08-06T11:25:12,9.9681,9.9681,9.9681,9.9681,5.2632
2025-08-06T11:25:14,9.9617,9.994,9.9617,9.9769,461.3684
2025-08-06T11:25:15,9.994,10.0035,9.9807,10.0035,771.4737
2025-08-06T11:25:23,9.9769,9.9769,9.9769,9.9769,10.5263
2025-08-06T11:25:24,10.0225,10.0434,10.0225,10.0434,42.1053
2025-08-06T11:25:28,10.0434,10.0434,10.0434,10.0434,315.9474
2025-08-06T11:25:31,9.9389,9.9389,9.9389,9.9389,131.5789
2025-08-06T11:25:35,10.0434,10.0434,10.0434,10.0434,315.7895
2025-08-06T11:25:44,10.0434,10.0434,10.0415,10.0415,342.1053
2025-08-06T11:25:45,10.0415,10.0415,10.0415,10.0415,168.4211
2025-08-06T11:25:47,10.0434,10.0434,10.0434,10.0434,5.2632
2025-08-06T11:25:49,10.0434,10.0434,10.0434,10.0434,473.6842
2025-08-06T11:25:50,10.0434,10.0434,10.0434,10.0434,40.0526
2025-08-06T11:25:52,9.9959,9.9959,9.9959,9.9959,52.6316
2025-08-06T11:25:53,10.0434,10.0434,10.0434,10.0434,315.7895
2025-08-06T11:25:57,9.9503,9.9503,9.9503,9.9503,789.4737
2025-08-06T11:26:00,10.0282,10.0282,10.0282,10.0282,22.1053
2025-08-06T11:26:07,10.0263,10.0263,10.0263,10.0263,52.6316
2025-08-06T11:26:10,9.9902,10.0282,9.9902,10.0282,165.7895
2025-08-06T11:26:17,9.956,9.956,9.956,9.956,47.3684
2025-08-06T11:26:18,10.0225,10.0225,10.0225,10.0225,157.8947
2025-08-06T11:26:26,9.9883,9.9883,9.9883,9.9883,37.5789
2025-08-06T11:26:27,9.975,9.975,9.975,9.975,6.3158
2025-08-06T11:26:28,10.0168,10.0168,10.0168,10.0168,105.2632
2025-08-06T11:26:35,10.0168,10.0168,10.0168,10.0168,157.8947
2025-08-06T11:26:43,10.0168,10.0168,9.956,10.0168,343.7368
2025-08-06T11:26:44,10.0225,10.0225,9.9598,9.9598,87.5789
2025-08-06T11:26:50,10.0168,10.0168,9.9598,9.9598,236.8421
2025-08-06T11:26:53,9.9579,9.9579,9.9579,9.9579,10.5263
2025-08-06T11:26:58,9.9598,10.0168,9.9598,10.0168,489.4737
2025-08-06T11:27:00,10.0168,10.0168,10.0168,10.0168,26.3158
2025-08-06T11:27:03,9.9883,9.9883,9.9883,9.9883,52.6316
2025-08-06T11:27:07,10.0168,10.0187,10.0168,10.0187,1332.3684
2025-08-06T11:27:10,10.013,10.0434,10.013,10.0434,82.7895
2025-08-06T11:27:16,10.0282,10.0282,10.0282,10.0282,17.8947
2025-08-06T11:27:17,10.0434,10.0567,10.0434,10.0567,1999.6316
2025-08-06T11:27:18,10.0567,10.0567,10.0567,10.0567,221.9474
2025-08-06T11:27:19,10.0548,10.0548,10.0548,10.0548,473.6842
2025-08-06T11:27:24,10.051,10.051,10.051,10.051,40.2632
2025-08-06T11:27:28,10.0539,10.0539,10.051,10.051,137.0
2025-08-06T11:27:30,10.0529,10.0567,10.0529,10.0567,113.1579
2025-08-06T11:27:31,10.0539,10.0539,10.0539,10.0539,30.2105
2025-08-06T11:27:32,10.0567,10.0567,10.0567,10.0567,79.0526
2025-08-06T11:27:34,10.0624,10.07,10.0567,10.0567,623.0
2025-08-06T11:27:36,10.0659,10.0659,10.0659,10.0659,19.7368
2025-08-06T11:27:38,10.0633,10.07,10.0633,10.07,577.6842
2025-08-06T11:27:39,10.0681,10.0681,10.0681,10.0681,521.0526
2025-08-06T11:27:40,10.0681,10.0681,10.0681,10.0681,521.0526
2025-08-06T11:27:42,10.0681,10.0681,10.0681,10.0681,157.8947
2025-08-06T11:27:44,10.0605,10.07,10.0605,10.0643,413.5263
2025-08-06T11:27:45,10.07,10.0776,10.07,10.0776,139.5789
2025-08-06T11:27:46,10.1137,10.1137,10.1137,10.1137,206.9474
2025-08-06T11:27:50,10.1194,10.1194,10.1194,10.1194,105.2632
2025-08-06T11:27:55,10.1194,10.1251,10.1194,10.1251,105.3684
2025-08-06T11:27:58,10.1194,10.1194,10.1194,10.1194,157.8947
2025-08-06T11:28:00,10.1194,10.1536,10.1194,10.1251,96.7895
2025-08-06T11:28:02,10.1327,10.1327,10.1327,10.1327,5.4211
2025-08-06T11:28:05,10.1403,10.1403,10.1403,10.1403,92.1053
2025-08-06T11:28:07,10.1251,10.1251,10.1251,10.1251,18.4211
2025-08-06T11:28:12,10.127,10.165,10.127,10.165,147.3684
2025-08-06T11:28:13,10.165,10.165,10.165,10.165,26.3158
2025-08-06T11:28:14,10.1251,10.1631,10.1251,10.1631,1473.7368
2025-08-06T11:28:19,10.1631,10.1631,10.1631,10.1631,31.5789
2025-08-06T11:28:28,10.1612,10.1612,10.1612,10.1612,144.4737
2025-08-06T11:28:34,10.1403,10.1403,10.1403,10.1403,15.4737
2025-08-06T11:28:36,10.1612,10.1612,10.1289,10.1289,85.1579
2025-08-06T11:28:39,10.1612,10.1612,10.1574,10.1574,113.4211
2025-08-06T11:28:40,10.1251,10.127,10.1251,10.127,46.5263
2025-08-06T11:28:41,10.0995,10.0995,10.0995,10.0995,521.0526
2025-08-06T11:28:43,10.108,10.108,10.108,10.108,52.6316
2025-08-06T11:28:45,10.1004,10.1061,10.0909,10.0994,297.0
2025-08-06T11:28:51,10.108,10.108,10.108,10.108,27.1579
2025-08-06T11:28:52,10.1052,10.1052,10.1052,10.1052,160.6842
2025-08-06T11:28:57,10.108,10.108,10.108,10.108,21.0526
2025-08-06T11:28:58,10.1042,10.1042,10.1042,10.1042,157.8947
2025-08-06T11:29:01,10.1004,10.1042,10.1004,10.1023,110.5263
2025-08-06T11:29:03,10.0928,10.0928,10.0928,10.0928,10.5263
2025-08-06T11:29:11,10.0776,10.0843,10.0738,10.0843,532.0526
2025-08-06T11:29:13,10.0985,10.0985,10.0833,10.0985,315.7895
2025-08-06T11:29:15,10.089,10.089,10.089,10.089,70.2105
2025-08-06T11:29:20,10.0985,10.1517,10.0985,10.0985,298.1579
2025-08-06T11:29:22,10.0985,10.0985,10.0985,10.0985,21.0526
2025-08-06T11:29:29,10.1517,10.1517,10.1517,10.1517,27.3684
2025-08-06T11:29:33,10.1517,10.1517,10.1517,10.1517,315.7895
2025-08-06T11:29:37,10.146,10.146,10.146,10.146,45.5263
2025-08-06T11:29:42,10.146,10.146,10.146,10.146,12.6316
2025-08-06T11:29:43,10.146,10.146,10.146,10.146,7.2632
2025-08-06T11:29:51,10.1422,10.1422,10.1422,10.1422,5.3158
2025-08-06T11:29:55,10.1441,10.1441,10.1441,10.1441,6.9474
2025-08-06T11:30:01,10.1213,10.1213,10.1004,10.1004,85.0526
2025-08-06T11:30:02,10.1422,10.1517,10.1137,10.1137,63.1579
2025-08-06T11:30:04,10.1137,10.1137,10.1137,10.1137,736.8947
2025-08-06T11:30:12,10.1346,10.1346,10.1346,10.1346,15.7895
2025-08-06T11:30:18,10.1289,10.1289,10.1289,10.1289,157.8947
2025-08-06T11:30:19,10.1403,10.1403,10.1403,10.1403,105.6316
2025-08-06T11:30:25,10.1337,10.1403,10.1308,10.1403,263.1579
2025-08-06T11:30:32,10.127,10.127,10.127,10.127,342.1053
2025-08-06T11:30:37,10.127,10.127,10.127,10.127,7.8947
2025-08-06T11:30:45,10.127,10.127,10.127,10.127,157.8947
2025-08-06T11:30:48,10.1137,10.1137,10.1137,10.1137,11.8421
2025-08-06T11:30:49,10.127,10.127,10.127,10.127,105.2632
2025-08-06T11:30:53,10.1232,10.1232,10.1232,10.1232,116.0
2025-08-06T11:30:59,10.1004,10.1194,10.1004,10.1194,19.3158
2025-08-06T11:31:04,10.1004,10.1004,10.1004,10.1004,26.3158
2025-08-06T11:31:05,10.1156,10.1156,10.1156,10.1156,26.3684
2025-08-06T11:31:09,10.1023,10.1023,10.1023,10.1023,8.4211
2025-08-06T11:31:12,10.108,10.108,10.108,10.108,52.6316
2025-08-06T11:31:21,10.1023,10.1023,10.1023,10.1023,239.3684
2025-08-06T11:31:24,10.1023,10.1023,10.1023,10.1023,10.5263
2025-08-06T11:31:25,10.108,10.1669,10.108,10.1669,2025.7895
2025-08-06T11:31:28,10.1802,10.1821,10.1802,10.1821,13.1579
2025-08-06T11:31:29,10.1783,10.1935,10.1783,10.1935,97.9474
2025-08-06T11:31:31,10.1878,10.2068,10.1821,10.203,1323.2105
2025-08-06T11:31:32,10.184,10.184,10.184,10.184,10.6842
2025-08-06T11:31:37,10.203,10.203,10.203,10.203,6.6316
2025-08-06T11:31:40,10.165,10.165,10.165,10.165,5.2632
2025-08-06T11:31:42,10.165,10.165,10.165,10.165,521.0526
2025-08-06T11:31:43,10.1812,10.1812,10.1812,10.1812,11.8947
2025-08-06T11:31:44,10.184,10.184,10.165,10.165,10.5789
2025-08-06T11:31:46,10.1631,10.1631,10.1631,10.1631,5.4211
2025-08-06T11:31:50,10.1631,10.1631,10.1631,10.1631,26.3684
2025-08-06T11:31:55,10.1631,10.1631,10.1631,10.1631,42.8947
2025-08-06T11:31:58,10.1593,10.1593,10.1479,10.1479,115.7895
2025-08-06T11:32:00,10.108,10.108,10.108,10.108,5.8421
2025-08-06T11:32:02,10.108,10.108,10.0719,10.0719,421.8421
2025-08-06T11:32:03,10.127,10.127,10.127,10.127,42.6316
2025-08-06T11:32:04,10.0738,10.1555,10.0738,10.1555,179.5789
2025-08-06T11:32:10,10.0928,10.108,10.089,10.108,113.0526
2025-08-06T11:32:12,10.1384,10.1384,10.1384,10.1384,47.3684
2025-08-06T11:32:24,10.0966,10.0966,10.0966,10.0966,8.3684
2025-08-06T11:32:25,10.0909,10.0909,10.0909,10.0909,8.4737
2025-08-06T11:32:26,10.0985,10.0985,10.0985,10.0985,26.4211
2025-08-06T11:32:32,10.0985,10.0985,10.0985,10.0985,40.8421
2025-08-06T11:32:36,10.0909,10.0909,10.0909,10.0909,21.2105
2025-08-06T11:32:38,10.0833,10.0833,10.0833,10.0833,7.1579
2025-08-06T11:32:50,10.0757,10.0757,10.0757,10.0757,5.5263
2025-08-06T11:32:52,10.108,10.108,10.0805,10.0805,125.0
2025-08-06T11:32:53,10.0833,10.0966,10.0833,10.0966,44.4211
2025-08-06T11:32:59,10.108,10.108,10.108,10.108,14.5263
2025-08-06T11:33:05,10.1194,10.1194,10.1194,10.1194,42.1053
2025-08-06T11:33:16,10.0985,10.0985,10.0985,10.0985,45.5263
2025-08-06T11:33:22,10.1042,10.1042,10.1042,10.1042,5.2632
2025-08-06T11:33:28,10.1118,10.1118,10.1118,10.1118,161.7368
2025-08-06T11:33:34,10.0985,10.0985,10.0985,10.0985,368.7368
2025-08-06T11:33:35,10.0852,10.0852,10.0719,10.0719,1229.0
2025-08-06T11:33:38,10.0719,10.0719,10.0719,10.0719,5.2632
2025-08-06T11:33:39,10.0719,10.0719,10.0719,10.0719,159.9474
2025-08-06T11:33:53,10.0719,10.0719,10.0719,10.0719,10.3684
2025-08-06T11:33:58,10.0947,10.0966,10.0947,10.0966,16.3684
2025-08-06T11:34:09,10.1004,10.1004,10.1004,10.1004,17.7895
2025-08-06T11:34:12,10.1004,10.1004,10.1004,10.1004,78.9474
2025-08-06T11:34:13,10.0947,10.0947,10.0947,10.0947,14.0
2025-08-06T11:34:14,10.0947,10.1042,10.0947,10.1042,92.7895
2025-08-06T11:34:15,10.0947,10.0947,10.0947,10.0947,28.2105
2025-08-06T11:34:17,10.1004,10.1004,10.1004,10.1004,10.5263
2025-08-06T11:34:19,10.1042,10.1042,10.1042,10.1042,5.2632
2025-08-06T11:34:20,10.0947,10.0947,10.0947,10.0947,52.6316
2025-08-06T11:34:24,10.0966,10.0966,10.0966,10.0966,6.2105
2025-08-06T11:34:34,10.0947,10.0947,10.0947,10.0947,6.0
2025-08-06T11:34:37,10.0947,10.0966,10.0947,10.0966,105.2632
2025-08-06T11:34:41,10.0962,10.0962,10.0962,10.0962,53.6842
2025-08-06T11:34:44,10.0947,10.0947,10.0947,10.0947,5.2632
2025-08-06T11:34:45,10.1042,10.1042,10.1042,10.1042,15.7895
2025-08-06T11:34:46,10.0947,10.1061,10.0947,10.1061,322.2105
2025-08-06T11:34:48,10.0947,10.0947,10.0947,10.0947,10.5263
2025-08-06T11:34:49,10.0947,10.0966,10.0947,10.0966,245.8421
2025-08-06T11:34:50,10.0947,10.0947,10.0947,10.0947,16.2632
2025-08-06T11:34:56,10.0909,10.0909,10.0909,10.0909,105.2632
2025-08-06T11:34:59,10.0776,10.0776,10.0776,10.0776,5.2632
2025-08-06T11:35:05,10.0776,10.0776,10.0776,10.0776,48.8947
2025-08-06T11:35:10,10.0776,10.0776,10.0776,10.0776,52.6316
2025-08-06T11:35:15,10.0776,10.0776,10.0776,10.0776,69.2632
2025-08-06T11:35:16,10.0757,10.0757,10.0757,10.0757,5.2632
2025-08-06T11:35:24,10.0871,10.0871,10.0871,10.0871,14.8947
2025-08-06T11:35:25,10.0795,10.0795,10.0795,10.0795,35.3158
2025-08-06T11:35:26,10.0776,10.0776,10.0776,10.0776,5.2632
2025-08-06T11:35:29,10.0795,10.0795,10.0795,10.0795,21.0526
2025-08-06T11:35:30,10.0776,10.0795,10.0719,10.0776,270.1053
2025-08-06T11:35:31,10.0719,10.0719,10.07,10.07,30.6316
2025-08-06T11:35:36,10.0719,10.0738,10.0719,10.0738,15.7895
2025-08-06T11:35:37,10.0719,10.0719,10.0719,10.0719,46.2105
2025-08-06T11:35:40,10.0719,10.0719,10.07,10.07,1534.3684
2025-08-06T11:35:43,10.07,10.07,10.07,10.07,201.1579
2025-08-06T11:35:44,10.0719,10.0719,10.07,10.0719,842.9474
2025-08-06T11:35:45,10.0719,10.0719,10.07,10.07,537.3158
2025-08-06T11:35:46,10.07,10.0719,10.07,10.0719,600.0
2025-08-06T11:35:47,10.071,10.071,10.07,10.07,125.6842
2025-08-06T11:35:50,10.0719,10.0776,10.07,10.07,525.4737
2025-08-06T11:35:52,10.0724,10.0724,10.0724,10.0724,18.8947
2025-08-06T11:35:53,10.0719,10.0719,10.0719,10.0719,47.5789
2025-08-06T11:35:57,10.0795,10.089,10.0434,10.0434,2722.5263
2025-08-06T11:36:00,10.07,10.07,10.07,10.07,8.6316
2025-08-06T11:36:03,9.994,9.994,9.994,9.994,15.8421
2025-08-06T11:36:05,10.07,10.07,10.07,10.07,5.5263
2025-08-06T11:36:19,9.994,9.994,9.994,9.994,7.8947
2025-08-06T11:36:27,10.0681,10.0681,10.0681,10.0681,15.7895
2025-08-06T11:36:29,9.994,9.994,9.994,9.994,68.9474
2025-08-06T11:36:30,9.9959,9.9959,9.9959,9.9959,7.3684
2025-08-06T11:36:31,10.032,10.051,10.0073,10.051,265.2632
2025-08-06T11:36:32,9.994,10.032,9.994,10.032,101.7895
2025-08-06T11:36:38,9.994,9.994,9.994,9.994,18.4211
2025-08-06T11:36:51,10.032,10.0719,10.013,10.0187,585.0526
2025-08-06T11:36:53,10.0586,10.0586,10.0586,10.0586,26.3158
2025-08-06T11:36:54,10.0244,10.0852,10.0244,10.0472,1394.8421
2025-08-06T11:37:04,10.0092,10.0092,10.0092,10.0092,39.4737
2025-08-06T11:37:06,10.0453,10.108,10.0453,10.108,526.3158
2025-08-06T11:37:08,10.0092,10.0092,10.0092,10.0092,45.7368
2025-08-06T11:37:19,10.0092,10.0092,10.0092,10.0092,104.3684
2025-08-06T11:37:23,10.013,10.013,10.0092,10.0092,254.9474
2025-08-06T11:37:26,10.0662,10.0662,10.0662,10.0662,54.1579
2025-08-06T11:37:35,10.0387,10.0387,10.0387,10.0387,162.4211
2025-08-06T11:37:40,10.0491,10.0491,10.0491,10.0491,5.2632
2025-08-06T11:38:04,10.0472,10.0472,10.0472,10.0472,52.6316
2025-08-06T11:38:07,10.0168,10.0168,10.0168,10.0168,7.5263
2025-08-06T11:38:10,10.0434,10.0434,10.0434,10.0434,6.1053
2025-08-06T11:38:24,10.0282,10.0282,10.0282,10.0282,27.3684
2025-08-06T11:38:38,10.0282,10.0282,10.0282,10.0282,31.5789
2025-08-06T11:38:42,10.0206,10.0206,10.0206,10.0206,16.2632
2025-08-06T11:38:44,10.0111,10.0111,10.0111,10.0111,5.2632
2025-08-06T11:39:02,10.0339,10.0339,10.0339,10.0339,10.0
2025-08-06T11:39:05,10.0339,10.0339,10.0339,10.0339,15.7895
2025-08-06T11:39:08,10.0282,10.0282,10.0282,10.0282,107.8421
2025-08-06T11:39:45,10.0282,10.0282,10.0282,10.0282,10.5263
2025-08-06T11:39:51,10.0187,10.0187,10.0187,10.0187,15.7895
2025-08-06T11:39:55,10.0282,10.0282,10.0282,10.0282,26.3158
2025-08-06T11:39:56,10.0187,10.0187,10.0187,10.0187,7.8947
2025-08-06T11:40:00,10.0282,10.0282,10.0282,10.0282,26.5789
2025-08-06T11:40:10,10.013,10.013,10.013,10.013,5.2632
2025-08-06T11:40:12,10.0125,10.0187,10.0111,10.0187,248.1579
2025-08-06T11:40:14,10.0168,10.0168,10.0168,10.0168,5.2632
2025-08-06T11:40:18,10.0149,10.0149,10.0149,10.0149,10.0
2025-08-06T11:40:20,10.0168,10.0168,10.0168,10.0168,189.4737
2025-08-06T11:40:21,10.0282,10.1403,10.0282,10.1403,1349.3158
2025-08-06T11:40:23,10.0757,10.0757,10.0757,10.0757,9.2105
2025-08-06T11:40:32,10.0795,10.1403,10.0795,10.1403,63.4211
2025-08-06T11:40:41,10.0985,10.1346,10.0814,10.1346,1088.6316
2025-08-06T11:40:42,10.1308,10.1308,10.1308,10.1308,26.3158
2025-08-06T11:40:48,10.1287,10.1384,10.1287,10.1384,93.2632
2025-08-06T11:40:56,10.1289,10.1289,10.1289,10.1289,297.5789
2025-08-06T11:40:58,10.1308,10.1308,10.1308,10.1308,39.3158
2025-08-06T11:41:01,10.1289,10.1289,10.1289,10.1289,21.0526
2025-08-06T11:41:03,10.1308,10.1308,10.1308,10.1308,15.7895
2025-08-06T11:41:06,10.127,10.127,10.127,10.127,10.7895
2025-08-06T11:41:10,10.1175,10.1175,10.1175,10.1175,5.2632
2025-08-06T11:41:13,10.1289,10.1289,10.1289,10.1289,36.8421
2025-08-06T11:41:17,10.1061,10.1061,10.1061,10.1061,5.2632
2025-08-06T11:41:19,10.1143,10.1143,10.1143,10.1143,5.2632
2025-08-06T11:41:21,10.0833,10.0833,10.0833,10.0833,110.0526
2025-08-06T11:41:23,10.1156,10.1156,10.1156,10.1156,15.7895
2025-08-06T11:41:24,10.0852,10.0852,10.0852,10.0852,8.4211
2025-08-06T11:41:34,10.1175,10.1175,10.1175,10.1175,102.2105
2025-08-06T11:41:39,10.1061,10.1175,10.1061,10.1175,269.1579
2025-08-06T11:41:40,10.1289,10.165,10.1156,10.165,289.1579
2025-08-06T11:41:41,10.165,10.184,10.165,10.184,168.1053
2025-08-06T11:41:42,10.2087,10.2296,10.2087,10.2296,601.7368
2025-08-06T11:41:43,10.2315,10.2505,10.2315,10.2505,36.3684
2025-08-06T11:41:44,10.2353,10.26,10.2353,10.26,100.9474
2025-08-06T11:41:45,10.26,10.26,10.26,10.26,6.3684
2025-08-06T11:41:46,10.2287,10.2287,10.2287,10.2287,521.0526
2025-08-06T11:41:47,10.2581,10.2581,10.2581,10.2581,521.0526
2025-08-06T11:41:48,10.26,10.26,10.26,10.26,592.7895
2025-08-06T11:41:49,10.2562,10.2562,10.2562,10.2562,5.3684
2025-08-06T11:41:50,10.2372,10.2562,10.2372,10.2562,31.8421
2025-08-06T11:41:54,10.2562,10.2562,10.2562,10.2562,55.2105
2025-08-06T11:41:56,10.2296,10.2296,10.2296,10.2296,521.0526
2025-08-06T11:41:57,10.203,10.203,10.203,10.203,6.7895
2025-08-06T11:41:59,10.2562,10.2562,10.2562,10.2562,10.5263
2025-08-06T11:42:00,10.2562,10.2562,10.2562,10.2562,26.3158
2025-08-06T11:42:02,10.2543,10.2543,10.2543,10.2543,46.8947
2025-08-06T11:42:03,10.2068,10.2068,10.2068,10.2068,6.5789
2025-08-06T11:42:04,10.2543,10.2543,10.2543,10.2543,14.3158
2025-08-06T11:42:05,10.2543,10.2562,10.2068,10.2562,51.2105
2025-08-06T11:42:06,10.2296,10.2296,10.2296,10.2296,105.2632
2025-08-06T11:42:12,10.2429,10.2562,10.2429,10.2562,179.8947
2025-08-06T11:42:14,10.2543,10.2543,10.2543,10.2543,86.2105
2025-08-06T11:42:20,10.2552,10.2552,10.2552,10.2552,69.5789
2025-08-06T11:42:22,10.2543,10.2543,10.2543,10.2543,248.1579
2025-08-06T11:42:23,10.2562,10.26,10.2562,10.26,769.5263
2025-08-06T11:42:25,10.2581,10.2581,10.2581,10.2581,43.1579
2025-08-06T11:42:26,10.2657,10.2752,10.2657,10.2752,542.8421
2025-08-06T11:42:28,10.2666,10.2771,10.2666,10.2771,605.2632
2025-08-06T11:42:32,10.2771,10.317,10.2771,10.317,132.8421
2025-08-06T11:42:33,10.2714,10.2771,10.2714,10.2771,32.0
2025-08-06T11:42:34,10.3075,10.3189,10.3075,10.3189,57.9474
2025-08-06T11:42:38,10.2771,10.3056,10.2771,10.3056,63.9474
2025-08-06T11:42:40,10.3056,10.3056,10.3056,10.3056,6.2632
2025-08-06T11:42:41,10.3056,10.3075,10.3056,10.3075,322.2632
2025-08-06T11:42:42,10.3075,10.3075,10.3075,10.3075,5.3158
2025-08-06T11:42:43,10.3075,10.3075,10.2904,10.2904,57.8947
2025-08-06T11:42:45,10.2923,10.2923,10.2923,10.2923,5.2632
2025-08-06T11:42:46,10.3075,10.3664,10.3075,10.3664,698.4737
2025-08-06T11:42:47,10.3664,10.3664,10.3664,10.3664,26.4211
2025-08-06T11:42:48,10.3683,10.3683,10.3664,10.3664,59.6316
2025-08-06T11:42:50,10.3493,10.4329,10.3493,10.4329,2368.4211
2025-08-06T11:42:51,10.412,10.45,10.412,10.45,5178.0
2025-08-06T11:42:52,10.45,10.4557,10.4044,10.4044,3315.7895
2025-08-06T11:42:53,10.4272,10.4481,10.4272,10.4481,41.1053
2025-08-06T11:42:54,10.4481,10.45,10.4481,10.45,1367.9474
2025-08-06T11:42:55,10.4481,10.4652,10.4481,10.4652,1599.3158
2025-08-06T11:42:56,10.4728,10.6172,10.4728,10.583,2858.5263
2025-08-06T11:42:57,10.5488,10.64,10.5488,10.6381,1781.6842
2025-08-06T11:42:58,10.601,10.601,10.5621,10.5982,76.2632
2025-08-06T11:42:59,10.5621,10.6362,10.5621,10.6362,280.6316
2025-08-06T11:43:00,10.602,10.6381,10.601,10.602,584.6842
2025-08-06T11:43:01,10.6362,10.6362,10.6324,10.6324,242.0
2025-08-06T11:43:02,10.6381,10.6381,10.6305,10.6371,88.0
2025-08-06T11:43:03,10.6381,10.64,10.6362,10.64,1166.1053
2025-08-06T11:43:04,10.64,10.659,10.64,10.659,736.6842
2025-08-06T11:43:05,10.6419,10.659,10.6419,10.659,231.6842
2025-08-06T11:43:06,10.6818,10.6875,10.6818,10.6856,116.5263
2025-08-06T11:43:07,10.6609,10.716,10.6609,10.716,66.0526
2025-08-06T11:43:08,10.6894,10.6894,10.6894,10.6894,110.0
2025-08-06T11:43:09,10.716,10.716,10.6894,10.6894,430.2632
2025-08-06T11:43:10,10.716,10.716,10.6856,10.6856,269.0526
2025-08-06T11:43:11,10.698,10.698,10.6723,10.6946,840.1053
2025-08-06T11:43:12,10.6628,10.716,10.3949,10.3968,3789.8421
2025-08-06T11:43:13,10.4025,10.5032,10.4025,10.4519,1003.1579
2025-08-06T11:43:14,10.4025,10.5032,10.4025,10.5032,746.7895
2025-08-06T11:43:15,10.5013,10.5013,10.5013,10.5013,9.0526
2025-08-06T11:43:16,10.5013,10.6419,10.469,10.6267,419.0526
2025-08-06T11:43:17,10.6419,10.6837,10.5868,10.6837,3426.3158
2025-08-06T11:43:18,10.6381,10.6381,10.6286,10.6286,79.1579
2025-08-06T11:43:19,10.5146,10.64,10.5146,10.64,68.3684
2025-08-06T11:43:21,10.6381,10.64,10.583,10.6381,340.5263
2025-08-06T11:43:22,10.6381,10.6381,10.526,10.526,531.0526
2025-08-06T11:43:23,10.64,10.64,10.583,10.583,340.7368
2025-08-06T11:43:24,10.583,10.583,10.582,10.582,20.6316
2025-08-06T11:43:25,10.5279,10.5279,10.5279,10.5279,13.8947
2025-08-06T11:43:27,10.6362,10.6362,10.5298,10.583,732.2632
2025-08-06T11:43:28,10.5887,10.5887,10.5887,10.5887,6.1053
2025-08-06T11:43:30,10.5887,10.5887,10.5469,10.5469,26.3684
2025-08-06T11:43:31,10.5488,10.5792,10.5241,10.526,2742.9474
2025-08-06T11:43:33,10.5393,10.5393,10.4595,10.5298,863.2632
2025-08-06T11:43:34,10.5032,10.5298,10.5032,10.5298,216.6316
2025-08-06T11:43:35,10.5298,10.5355,10.5298,10.5355,35.0526
2025-08-06T11:43:36,10.4709,10.4842,10.4652,10.4823,211.7368
2025-08-06T11:43:37,10.507,10.507,10.4909,10.4918,94.0
2025-08-06T11:43:38,10.4918,10.4918,10.4747,10.4747,46.6842
2025-08-06T11:43:39,10.4909,10.5184,10.4766,10.4994,286.1053
2025-08-06T11:43:40,10.5374,10.5374,10.526,10.526,137.7895
2025-08-06T11:43:41,10.5336,10.5336,10.4842,10.4842,37.2632
2025-08-06T11:43:42,10.4842,10.4842,10.4842,10.4842,22.0526
2025-08-06T11:43:43,10.5042,10.526,10.5042,10.526,60.5263
2025-08-06T11:43:44,10.4842,10.4842,10.4804,10.4804,142.8947
2025-08-06T11:43:45,10.5013,10.5165,10.4785,10.5146,172.5789
2025-08-06T11:43:46,10.4766,10.5108,10.4766,10.5108,11.1579
2025-08-06T11:43:47,10.4766,10.4766,10.4766,10.4766,17.6842
2025-08-06T11:43:48,10.5127,10.5127,10.4747,10.4747,25.9474
2025-08-06T11:43:49,10.5146,10.5146,10.5146,10.5146,67.7895
2025-08-06T11:43:50,10.4842,10.4842,10.4842,10.4842,5.8947
2025-08-06T11:43:51,10.5184,10.5811,10.5013,10.5146,898.6842
2025-08-06T11:43:52,10.5868,10.5887,10.5507,10.5887,733.9474
2025-08-06T11:43:53,10.5526,10.5887,10.5526,10.5887,288.2632
2025-08-06T11:43:54,10.5526,10.5526,10.5526,10.5526,79.4737
2025-08-06T11:43:55,10.5583,10.5887,10.5583,10.5887,27.1053
2025-08-06T11:43:56,10.5887,10.5887,10.5887,10.5887,89.6316
2025-08-06T11:43:57,10.6267,10.6267,10.6248,10.6248,38.4211
2025-08-06T11:43:58,10.6267,10.6267,10.5507,10.5925,170.7368
2025-08-06T11:43:59,10.5887,10.6267,10.5887,10.6267,69.7895
2025-08-06T11:44:00,10.5849,10.5849,10.564,10.564,15.8947
2025-08-06T11:44:01,10.6229,10.6229,10.564,10.5925,150.0
2025-08-06T11:44:02,10.6178,10.6178,10.6178,10.6178,211.6842
2025-08-06T11:44:03,10.564,10.6058,10.5602,10.6058,112.6842
2025-08-06T11:44:04,10.583,10.583,10.583,10.583,185.8421
2025-08-06T11:44:06,10.564,10.5811,10.5621,10.5621,294.3684
2025-08-06T11:44:07,10.564,10.564,10.564,10.564,134.5789
2025-08-06T11:44:08,10.6077,10.6077,10.5849,10.6058,276.7895
2025-08-06T11:44:09,10.6077,10.6077,10.5583,10.5583,531.8421
2025-08-06T11:44:10,10.583,10.583,10.583,10.583,10.6842
2025-08-06T11:44:11,10.5615,10.5811,10.5615,10.5811,195.2105
2025-08-06T11:44:12,10.5811,10.5811,10.5811,10.5811,48.7368
2025-08-06T11:44:13,10.583,10.583,10.5707,10.5707,137.7368
2025-08-06T11:44:14,10.5811,10.5811,10.5697,10.5697,254.0526
2025-08-06T11:44:15,10.5583,10.6058,10.5583,10.6039,666.3158
2025-08-06T11:44:16,10.564,10.583,10.564,10.583,38.4211
2025-08-06T11:44:17,10.6058,10.64,10.6058,10.6077,531.8421
2025-08-06T11:44:18,10.6381,10.64,10.6381,10.64,533.4211
2025-08-06T11:44:19,10.64,10.64,10.6077,10.6381,748.6316
2025-08-06T11:44:20,10.6077,10.6324,10.5849,10.6324,234.4737
2025-08-06T11:44:21,10.6324,10.6324,10.6324,10.6324,11.0
2025-08-06T11:44:22,10.6324,10.6324,10.6229,10.6305,75.9474
2025-08-06T11:44:23,10.6077,10.6077,10.6077,10.6077,84.0526
2025-08-06T11:44:24,10.6286,10.6286,10.6286,10.6286,120.8947
2025-08-06T11:44:25,10.6286,10.6286,10.6001,10.6058,96.1053
2025-08-06T11:44:26,10.602,10.602,10.5868,10.5868,340.8947
2025-08-06T11:44:27,10.5849,10.5849,10.5849,10.5849,128.7895
2025-08-06T11:44:28,10.5868,10.5868,10.5868,10.5868,397.5789
2025-08-06T11:44:29,10.6039,10.6039,10.6039,10.6039,37.8947
2025-08-06T11:44:30,10.5868,10.5868,10.5849,10.5849,91.0526
2025-08-06T11:44:32,10.5849,10.5849,10.488,10.488,806.6842
2025-08-06T11:44:33,10.5583,10.5583,10.488,10.488,180.1053
2025-08-06T11:44:34,10.5564,10.5564,10.5564,10.5564,7.8947
2025-08-06T11:44:35,10.5241,10.5564,10.5232,10.5232,21.7368
2025-08-06T11:44:36,10.5583,10.5716,10.5583,10.5716,109.5789
2025-08-06T11:44:37,10.5564,10.5564,10.5564,10.5564,8.0526
2025-08-06T11:44:38,10.5735,10.5735,10.5735,10.5735,44.0
2025-08-06T11:44:39,10.5782,10.5782,10.5782,10.5782,157.8947
2025-08-06T11:44:40,10.5849,10.6039,10.5836,10.5868,160.5263
2025-08-06T11:44:41,10.5868,10.6058,10.5868,10.6058,428.7368
2025-08-06T11:44:43,10.6039,10.64,10.6039,10.64,945.3158
2025-08-06T11:44:44,10.6381,10.6552,10.6381,10.6381,1670.3158
2025-08-06T11:44:45,10.64,10.6533,10.64,10.6533,105.2632
2025-08-06T11:44:46,10.6381,10.64,10.6286,10.6305,185.0
2025-08-06T11:44:47,10.6305,10.6381,10.6305,10.6381,488.6842
2025-08-06T11:44:48,10.6343,10.735,10.6305,10.7046,3569.7368
2025-08-06T11:44:49,10.7331,10.735,10.716,10.735,101.1053
2025-08-06T11:44:50,10.7084,10.735,10.6837,10.735,635.2105
2025-08-06T11:44:51,10.6856,10.7236,10.6666,10.6666,791.9474
2025-08-06T11:44:52,10.7008,10.7008,10.6666,10.6666,216.0526
2025-08-06T11:44:53,10.6856,10.6856,10.6685,10.6818,564.3158
2025-08-06T11:44:54,10.6761,10.6761,10.6666,10.6666,194.2632
2025-08-06T11:44:55,10.6818,10.6818,10.6672,10.6761,242.7895
2025-08-06T11:44:56,10.6761,10.6761,10.6742,10.6742,76.2632
2025-08-06T11:44:57,10.6742,10.6742,10.6723,10.6723,377.9474
2025-08-06T11:44:59,10.6666,10.6761,10.64,10.6761,1620.7368
2025-08-06T11:45:00,10.6742,10.6742,10.5754,10.5792,1352.5789
2025-08-06T11:45:01,10.5906,10.6077,10.5792,10.6077,1758.2105
2025-08-06T11:45:02,10.6362,10.6362,10.6362,10.6362,63.6316
2025-08-06T11:45:03,10.5944,10.6343,10.5944,10.6343,31.4211
2025-08-06T11:45:05,10.5944,10.6267,10.5944,10.6267,147.3684
2025-08-06T11:45:06,10.6134,10.6286,10.6134,10.6286,424.3158
2025-08-06T11:45:07,10.5811,10.6286,10.5811,10.6286,171.9474
2025-08-06T11:45:10,10.6267,10.6267,10.5811,10.5811,276.7895
2025-08-06T11:45:11,10.583,10.583,10.5811,10.5811,214.5263
2025-08-06T11:45:12,10.5925,10.5925,10.5925,10.5925,9.4737
2025-08-06T11:45:13,10.602,10.602,10.602,10.602,10.0526
2025-08-06T11:45:16,10.5906,10.5906,10.5811,10.5811,43.0526
2025-08-06T11:45:17,10.5925,10.5925,10.5925,10.5925,40.2105
2025-08-06T11:45:18,10.5811,10.6001,10.5811,10.5925,252.5263
2025-08-06T11:45:19,10.5925,10.5925,10.5925,10.5925,72.2632
2025-08-06T11:45:20,10.5792,10.5925,10.5792,10.5924,240.4211
2025-08-06T11:45:21,10.5925,10.5925,10.5906,10.5906,63.7368
2025-08-06T11:45:22,10.5925,10.5925,10.5925,10.5925,8.9474
2025-08-06T11:45:24,10.5811,10.5868,10.5507,10.564,454.9474
2025-08-06T11:45:25,10.5792,10.5792,10.564,10.564,75.8421
2025-08-06T11:45:26,10.5507,10.5507,10.5507,10.5507,9.0526
2025-08-06T11:45:27,10.5507,10.5509,10.5374,10.5509,288.0
2025-08-06T11:45:28,10.5507,10.5507,10.5507,10.5507,18.4211
2025-08-06T11:45:29,10.5507,10.583,10.5507,10.5507,1005.0526
2025-08-06T11:45:30,10.584,10.5849,10.5507,10.5849,435.8947
2025-08-06T11:45:31,10.5526,10.5925,10.5526,10.5925,986.5789
2025-08-06T11:45:32,10.5707,10.5707,10.5707,10.5707,43.3158
2025-08-06T11:45:33,10.583,10.583,10.583,10.583,10.3684
2025-08-06T11:45:35,10.583,10.5925,10.583,10.5925,789.1579
2025-08-06T11:45:36,10.5925,10.6267,10.589,10.6267,1163.1579
2025-08-06T11:45:37,10.5849,10.64,10.5849,10.6381,1013.6316
2025-08-06T11:45:38,10.6324,10.6381,10.6191,10.6381,214.7368
2025-08-06T11:45:40,10.6381,10.6381,10.6381,10.6381,34.3158
2025-08-06T11:45:41,10.6381,10.6685,10.6362,10.6666,1101.2105
2025-08-06T11:45:42,10.6685,10.6932,10.6685,10.6932,568.4211
2025-08-06T11:45:43,10.6913,10.6932,10.6913,10.6932,744.1053
2025-08-06T11:45:44,10.6932,10.735,10.6786,10.6786,687.4737
2025-08-06T11:45:45,10.735,10.735,10.7142,10.7331,673.4737
2025-08-06T11:45:46,10.735,10.735,10.7184,10.735,520.2632
2025-08-06T11:45:47,10.735,10.792,10.735,10.792,2186.5789
2025-08-06T11:45:48,10.792,10.811,10.7656,10.7656,862.6316
2025-08-06T11:45:49,10.811,10.83,10.7996,10.83,361.5789
2025-08-06T11:45:50,10.83,10.83,10.8091,10.8091,377.0526
2025-08-06T11:45:51,10.7977,10.7977,10.7922,10.7922,34.8947
2025-08-06T11:45:52,10.7996,10.7996,10.7445,10.7711,1524.2632
2025-08-06T11:45:53,10.7464,10.7464,10.5868,10.6894,2271.6316
2025-08-06T11:45:54,10.6894,10.6913,10.6894,10.6894,419.5263
2025-08-06T11:45:55,10.6913,10.792,10.6913,10.7901,55.2632
2025-08-06T11:45:56,10.7388,10.7825,10.7388,10.7806,165.0526
2025-08-06T11:45:57,10.7806,10.7825,10.7407,10.7825,279.8947
2025-08-06T11:45:59,10.7483,10.7502,10.7483,10.7483,54.6842
2025-08-06T11:46:00,10.7483,10.7502,10.7483,10.7502,114.3158
2025-08-06T11:46:01,10.7521,10.7844,10.7521,10.7844,2358.2105
2025-08-06T11:46:02,10.7825,10.7844,10.7825,10.7825,555.2632
2025-08-06T11:46:03,10.7502,10.849,10.7502,10.849,1537.3158
2025-08-06T11:46:04,10.8661,11.0181,10.8471,10.8946,3554.6316
2025-08-06T11:46:05,10.9136,10.944,10.9136,10.944,25.1053
2025-08-06T11:46:06,10.8832,10.9155,10.8813,10.8832,659.7895
2025-08-06T11:46:07,10.8965,10.9155,10.8946,10.9136,128.0526
2025-08-06T11:46:08,10.9155,10.9155,10.9154,10.9154,488.7895
2025-08-06T11:46:09,10.8965,10.9896,10.8946,10.9695,3712.4211
2025-08-06T11:46:10,10.9896,11.02,10.9887,10.9934,835.5263
2025-08-06T11:46:11,10.9934,11.0181,10.9687,11.0181,671.5789
2025-08-06T11:46:12,10.9725,11.02,10.9725,10.9972,201.2105
2025-08-06T11:46:13,11.0162,11.0162,10.9934,10.9934,271.7368
2025-08-06T11:46:14,11.02,11.02,10.9744,10.9763,522.5789
2025-08-06T11:46:15,10.982,11.0124,10.982,10.982,970.2105
2025-08-06T11:46:16,11.0143,11.0143,10.9744,10.9744,811.2105
2025-08-06T11:46:17,10.9763,10.9763,10.944,10.944,2592.8947
2025-08-06T11:46:18,10.9763,10.9763,10.9174,10.9212,398.7368
2025-08-06T11:46:19,10.9212,10.9763,10.9212,10.963,482.0526
2025-08-06T11:46:20,10.9488,10.9763,10.9488,10.9763,234.0526
2025-08-06T11:46:21,10.9744,10.9763,10.9497,10.9497,700.3684
2025-08-06T11:46:22,10.9497,10.9744,10.9497,10.9744,510.0526
2025-08-06T11:46:23,10.9763,10.9763,10.9763,10.9763,17.3684
2025-08-06T11:46:24,10.9744,10.9744,10.9611,10.9611,144.1579
2025-08-06T11:46:25,10.9611,10.9763,10.9516,10.9763,1285.6842
2025-08-06T11:46:26,10.9535,10.9763,10.9516,10.9516,144.3684
2025-08-06T11:46:27,10.9744,10.9763,10.9611,10.9744,875.0
2025-08-06T11:46:28,10.9763,11.02,10.9666,11.0162,1509.3158
2025-08-06T11:46:29,11.0124,11.02,10.9763,11.02,2104.6316
2025-08-06T11:46:30,11.02,11.02,10.9991,10.9991,2292.3684
2025-08-06T11:46:31,11.016,11.02,11.0019,11.02,2020.5263
2025-08-06T11:46:32,11.0019,11.0162,10.9782,10.9896,1249.7368
2025-08-06T11:46:33,11.0029,11.0029,10.9782,10.982,1074.6316
2025-08-06T11:46:34,10.982,11.0181,10.9763,10.9953,4383.3684
2025-08-06T11:46:35,10.9877,10.9953,10.925,10.9744,1852.8947
2025-08-06T11:46:36,10.9364,10.9858,10.9345,10.9345,179.6842
2025-08-06T11:46:37,10.9269,10.9269,10.83,10.906,1230.7895
2025-08-06T11:46:38,10.8338,10.9345,10.8338,10.8887,698.6316
2025-08-06T11:46:39,10.9174,10.9174,10.8414,10.8747,1390.0
2025-08-06T11:46:40,10.8528,10.8528,10.8528,10.8528,25.3158
2025-08-06T11:46:41,10.9003,10.9003,10.8509,10.8509,863.7895
2025-08-06T11:46:42,10.8832,10.9022,10.8528,10.9022,28.5789
2025-08-06T11:46:43,10.9231,10.9231,10.8604,10.9098,82.7895
2025-08-06T11:46:44,10.9136,10.9725,10.9135,10.9722,81.7895
2025-08-06T11:46:45,10.925,10.925,10.925,10.925,204.6842
2025-08-06T11:46:47,10.9725,10.9725,10.9725,10.9725,38.6842
2025-08-06T11:46:48,10.9706,10.9725,10.9687,10.9704,225.2632
2025-08-06T11:46:49,10.9725,10.9725,10.9345,10.9725,191.3158
2025-08-06T11:46:50,10.9706,10.9725,10.9231,10.9611,1171.6842
2025-08-06T11:46:51,10.9611,10.9611,10.9611,10.9611,39.1579
2025-08-06T11:46:52,10.9136,10.925,10.9022,10.9022,628.0526
2025-08-06T11:46:53,10.9022,10.9022,10.8661,10.8661,758.9474
2025-08-06T11:46:54,10.868,10.9231,10.868,10.9193,974.4211
2025-08-06T11:46:55,10.9231,10.925,10.9155,10.9155,437.0526
2025-08-06T11:46:56,10.925,10.925,10.925,10.925,14.8947
2025-08-06T11:46:57,10.925,10.925,10.9136,10.925,127.8421
2025-08-06T11:46:58,10.9155,10.925,10.9136,10.9193,79.4737
2025-08-06T11:46:59,10.925,10.9611,10.906,10.9592,921.5789
2025-08-06T11:47:00,10.9592,10.9725,10.9479,10.9706,1903.8421
2025-08-06T11:47:01,10.9706,10.9725,10.9269,10.9725,84.7895
2025-08-06T11:47:02,10.9459,10.9896,10.9358,10.9837,974.7895
2025-08-06T11:47:03,10.9896,10.9896,10.9136,10.9706,1026.7895
2025-08-06T11:47:04,10.9535,10.9687,10.9535,10.9668,408.9474
2025-08-06T11:47:05,10.9687,10.9706,10.9592,10.9706,73.3158
2025-08-06T11:47:06,10.9706,10.9896,10.9689,10.9896,717.2632
2025-08-06T11:47:07,10.9706,10.9877,10.9706,10.9877,108.5789
2025-08-06T11:47:08,10.9896,10.9896,10.9611,10.9839,1330.1053
2025-08-06T11:47:09,10.9858,10.9858,10.9725,10.9725,734.9474
2025-08-06T11:47:10,10.982,10.982,10.9136,10.9136,1077.5263
2025-08-06T11:47:11,10.9687,10.9744,10.9326,10.966,189.6316
2025-08-06T11:47:12,10.9364,10.9896,10.9193,10.963,2418.6316
2025-08-06T11:47:13,10.9364,10.9896,10.9364,10.963,132.4737
2025-08-06T11:47:14,10.9383,10.9611,10.9383,10.9611,76.1053
2025-08-06T11:47:16,10.9383,10.9592,10.9022,10.9364,398.7368
2025-08-06T11:47:17,10.9383,10.944,10.9364,10.944,458.2105
2025-08-06T11:47:18,10.9383,10.9392,10.8908,10.8908,1351.9474
2025-08-06T11:47:19,10.8775,10.9345,10.83,10.8319,1357.2632
2025-08-06T11:47:20,10.8699,10.8718,10.8281,10.83,218.0526
2025-08-06T11:47:21,10.8262,10.8262,10.8262,10.8262,113.9474
2025-08-06T11:47:22,10.8319,10.8319,10.8262,10.8262,348.6316
2025-08-06T11:47:23,10.8243,10.8319,10.8243,10.8319,131.0
2025-08-06T11:47:24,10.8319,10.8357,10.8262,10.8319,592.7895
2025-08-06T11:47:25,10.8319,10.8319,10.8243,10.8281,782.4737
2025-08-06T11:47:26,10.8243,10.83,10.8243,10.83,127.3158
2025-08-06T11:47:27,10.8319,10.8319,10.83,10.8319,316.9474
2025-08-06T11:47:28,10.83,10.8319,10.8243,10.8243,1457.7895
2025-08-06T11:47:29,10.8281,10.83,10.8243,10.8262,884.8947
2025-08-06T11:47:30,10.83,10.83,10.8243,10.8262,680.4737
2025-08-06T11:47:31,10.8243,10.8262,10.8243,10.8262,268.4211
2025-08-06T11:47:32,10.8243,10.8243,10.8243,10.8243,304.6316
2025-08-06T11:47:33,10.83,10.83,10.83,10.83,93.4211
2025-08-06T11:47:34,10.8281,10.83,10.8243,10.8276,273.6842
2025-08-06T11:47:35,10.8243,10.83,10.8243,10.83,196.9474
2025-08-06T11:47:36,10.8243,10.83,10.8243,10.8243,92.7895
2025-08-06T11:47:37,10.8243,10.8281,10.8243,10.8262,150.6316
2025-08-06T11:47:38,10.8243,10.8243,10.5792,10.5944,2993.5789
2025-08-06T11:47:39,10.6951,10.6951,10.5925,10.6448,1750.2105
2025-08-06T11:47:40,10.5925,10.5925,10.5925,10.5925,7.9474
2025-08-06T11:47:41,10.6951,10.6951,10.6951,10.6951,7.1579
2025-08-06T11:47:42,10.6448,10.6951,10.5925,10.6448,106.6842
2025-08-06T11:47:43,10.6448,10.6951,10.5944,10.6457,171.9474
2025-08-06T11:47:44,10.5982,10.5982,10.5944,10.5944,87.7368
2025-08-06T11:47:45,10.6457,10.6704,10.6457,10.6704,112.0
2025-08-06T11:47:46,10.6457,10.6476,10.6438,10.6438,84.7368
2025-08-06T11:47:47,10.6856,10.6856,10.6856,10.6856,209.5789
2025-08-06T11:47:48,10.6856,10.6875,10.6457,10.6875,135.0
2025-08-06T11:47:49,10.6875,10.6875,10.6875,10.6875,105.2632
2025-08-06T11:47:50,10.6666,10.6856,10.6666,10.6856,1016.9474
2025-08-06T11:47:51,10.6875,10.7939,10.6875,10.7939,652.8947
2025-08-06T11:47:52,10.7065,10.7996,10.7065,10.7996,126.8421
2025-08-06T11:47:53,10.7531,10.7531,10.7065,10.7065,51.6842
2025-08-06T11:47:56,10.7977,10.7977,10.7977,10.7977,152.6316
2025-08-06T11:47:57,10.716,10.7521,10.7141,10.716,267.5263
2025-08-06T11:47:58,10.735,10.7844,10.7141,10.7844,146.0526
2025-08-06T11:47:59,10.7084,10.7179,10.7084,10.7179,441.7368
2025-08-06T11:48:00,10.7844,10.7844,10.716,10.716,68.3158
2025-08-06T11:48:01,10.7369,10.7407,10.735,10.7407,148.6842
2025-08-06T11:48:02,10.735,10.735,10.735,10.735,10.6316
2025-08-06T11:48:03,10.7455,10.7455,10.7179,10.7179,65.0526
2025-08-06T11:48:04,10.716,10.716,10.716,10.716,93.4211
2025-08-06T11:48:05,10.7122,10.7122,10.7065,10.7084,270.8947
2025-08-06T11:48:06,10.7113,10.7113,10.7113,10.7113,521.0526
2025-08-06T11:48:07,10.7103,10.7103,10.7065,10.7065,60.6316
2025-08-06T11:48:08,10.7141,10.7141,10.7084,10.7084,106.5789
2025-08-06T11:48:09,10.7065,10.7065,10.697,10.697,176.9474
2025-08-06T11:48:10,10.6875,10.6875,10.6647,10.6837,1326.5789
2025-08-06T11:48:11,10.6647,10.6856,10.6647,10.6856,135.6842
2025-08-06T11:48:12,10.6457,10.6856,10.6457,10.6856,29.7368
2025-08-06T11:48:13,10.6856,10.6856,10.6438,10.6799,353.4211
2025-08-06T11:48:14,10.6438,10.6457,10.64,10.6457,286.5263
2025-08-06T11:48:15,10.64,10.64,10.64,10.64,745.6316
2025-08-06T11:48:16,10.64,10.6419,10.64,10.6419,454.4737
2025-08-06T11:48:17,10.6381,10.6381,10.6381,10.6381,76.4211
2025-08-06T11:48:18,10.6381,10.64,10.5925,10.5925,1866.1053
2025-08-06T11:48:19,10.6087,10.6087,10.6087,10.6087,33.2632
2025-08-06T11:48:20,10.621,10.621,10.621,10.621,28.3158
2025-08-06T11:48:21,10.6191,10.6191,10.6191,10.6191,334.5789
2025-08-06T11:48:22,10.6191,10.6191,10.5925,10.5925,202.4211
2025-08-06T11:48:23,10.5925,10.6191,10.5925,10.6191,173.8947
2025-08-06T11:48:24,10.5925,10.5925,10.5925,10.5925,26.9474
2025-08-06T11:48:25,10.5925,10.6153,10.5925,10.6153,88.7368
2025-08-06T11:48:26,10.5925,10.5926,10.5545,10.5755,497.0526
2025-08-06T11:48:27,10.5621,10.5754,10.5621,10.5754,906.7368
2025-08-06T11:48:28,10.5631,10.5754,10.5507,10.5754,68.4211
2025-08-06T11:48:29,10.5621,10.5621,10.5621,10.5621,11.0526
2025-08-06T11:48:30,10.5631,10.5631,10.5621,10.5621,32.8947
2025-08-06T11:48:31,10.5526,10.5697,10.5203,10.5697,1338.2105
2025-08-06T11:48:32,10.5754,10.5754,10.5526,10.5526,408.7368
2025-08-06T11:48:33,10.5545,10.5773,10.5526,10.5526,286.4737
2025-08-06T11:48:34,10.5735,10.5925,10.5507,10.5925,1623.4737
2025-08-06T11:48:35,10.5925,10.6324,10.5697,10.6134,1211.4737
2025-08-06T11:48:36,10.6324,10.659,10.6134,10.6571,1438.0
2025-08-06T11:48:37,10.6571,10.6571,10.6229,10.6229,806.9474
2025-08-06T11:48:39,10.6543,10.6875,10.6543,10.6875,65.8421
2025-08-06T11:48:40,10.697,10.697,10.6571,10.6818,119.7368
2025-08-06T11:48:41,10.6837,10.6837,10.6837,10.6837,13.6316
2025-08-06T11:48:44,10.6481,10.6837,10.64,10.64,206.5263
2025-08-06T11:48:46,10.6552,10.6552,10.6552,10.6552,8.2632
2025-08-06T11:48:48,10.678,10.678,10.64,10.659,486.7368
2025-08-06T11:48:49,10.6761,10.6761,10.6419,10.6419,495.4737
2025-08-06T11:48:50,10.6419,10.659,10.6267,10.64,441.7368
2025-08-06T11:48:52,10.6419,10.6419,10.6419,10.6419,20.2632
2025-08-06T11:48:53,10.659,10.659,10.659,10.659,20.1579
2025-08-06T11:48:56,10.6761,10.6761,10.64,10.64,46.5789
2025-08-06T11:48:57,10.6761,10.6761,10.6419,10.659,336.2105
2025-08-06T11:48:58,10.6581,10.6742,10.64,10.64,642.8421
2025-08-06T11:48:59,10.64,10.64,10.64,10.64,16.2105
2025-08-06T11:49:00,10.6647,10.6647,10.64,10.659,170.0
2025-08-06T11:49:01,10.6524,10.6742,10.64,10.6742,976.4211
2025-08-06T11:49:02,10.6761,10.6761,10.6581,10.6581,311.8421
2025-08-06T11:49:03,10.6581,10.6761,10.6581,10.6685,300.6842
2025-08-06T11:49:04,10.6742,10.6761,10.6742,10.6742,1095.4737
2025-08-06T11:49:05,10.6742,10.697,10.6609,10.6968,722.7368
2025-08-06T11:49:06,10.6951,10.6951,10.6818,10.6818,749.0526
2025-08-06T11:49:07,10.6761,10.6761,10.6742,10.6742,16.5789
2025-08-06T11:49:08,10.6761,10.6761,10.6761,10.6761,9.8421
2025-08-06T11:49:09,10.6761,10.6951,10.6647,10.6951,124.1053
2025-08-06T11:49:10,10.6723,10.697,10.6723,10.697,1790.8421
2025-08-06T11:49:11,10.7084,10.8053,10.7084,10.8015,1735.5789
2025-08-06T11:49:12,10.8015,10.8015,10.8015,10.8015,606.3158
2025-08-06T11:49:14,10.8015,10.8034,10.8015,10.8034,148.3684
2025-08-06T11:49:15,10.7065,10.8034,10.7065,10.8034,1414.1053
2025-08-06T11:49:16,10.8015,10.8022,10.7597,10.7597,325.0
2025-08-06T11:49:17,10.7597,10.7597,10.6875,10.6875,263.1579
2025-08-06T11:49:18,10.7027,10.7806,10.7008,10.7008,1039.4211
2025-08-06T11:49:19,10.7806,10.7806,10.7787,10.7787,69.8421
2025-08-06T11:49:20,10.7654,10.7654,10.7616,10.7616,552.6316
2025-08-06T11:49:21,10.7597,10.7597,10.678,10.678,136.3684
2025-08-06T11:49:22,10.7559,10.7578,10.7559,10.7578,574.4737
2025-08-06T11:49:24,10.717,10.7559,10.717,10.7559,80.6316
2025-08-06T11:49:25,10.678,10.678,10.6552,10.6552,139.7895
2025-08-06T11:49:26,10.6928,10.697,10.6928,10.697,58.0526
2025-08-06T11:49:27,10.678,10.7217,10.6742,10.7198,312.8421
2025-08-06T11:49:28,10.698,10.698,10.6742,10.6742,189.4737
2025-08-06T11:49:29,10.7217,10.7217,10.6742,10.678,689.7368
2025-08-06T11:49:30,10.6742,10.678,10.6742,10.6742,151.6842
2025-08-06T11:49:31,10.6989,10.7198,10.6761,10.7198,662.8947
2025-08-06T11:49:33,10.7217,10.754,10.7217,10.754,315.8947
2025-08-06T11:49:34,10.7236,10.7654,10.7236,10.7521,1301.3684
2025-08-06T11:49:35,10.7958,10.7958,10.7958,10.7958,521.5789
2025-08-06T11:49:36,10.7958,10.7958,10.7958,10.7958,11.4211
2025-08-06T11:49:37,10.7692,10.7977,10.754,10.7977,99.7895
2025-08-06T11:49:38,10.7958,10.7958,10.7597,10.7673,64.0
2025-08-06T11:49:39,10.7939,10.7939,10.7939,10.7939,38.2632
2025-08-06T11:49:40,10.7958,10.7958,10.7597,10.7901,170.4737
2025-08-06T11:49:41,10.7578,10.8281,10.7578,10.7958,949.1053
2025-08-06T11:49:42,10.811,10.811,10.811,10.811,6.1579
2025-08-06T11:49:43,10.7958,10.8243,10.7958,10.8243,29.5263
2025-08-06T11:49:44,10.7977,10.8243,10.7958,10.8243,577.0
2025-08-06T11:49:45,10.7958,10.8186,10.7958,10.8186,579.6842
2025-08-06T11:49:46,10.7941,10.8148,10.7312,10.7673,2124.3684
2025-08-06T11:49:47,10.8072,10.8072,10.8034,10.8034,157.3158
2025-08-06T11:49:48,10.8053,10.8053,10.8053,10.8053,47.3684
2025-08-06T11:49:49,10.8053,10.82,10.7901,10.7901,1031.7895
2025-08-06T11:49:50,10.8053,10.8053,10.7274,10.7863,3948.5789
2025-08-06T11:49:51,10.7274,10.7882,10.7274,10.7578,143.5789
2025-08-06T11:49:52,10.7274,10.7825,10.7274,10.7825,578.4737
2025-08-06T11:49:53,10.7578,10.7825,10.7027,10.7027,821.4211
2025-08-06T11:49:54,10.6875,10.7445,10.6875,10.7179,971.2632
2025-08-06T11:49:55,10.6913,10.735,10.6894,10.735,87.4737
2025-08-06T11:49:56,10.7331,10.7331,10.7331,10.7331,183.0
2025-08-06T11:49:58,10.6913,10.7331,10.6875,10.7331,243.9474
2025-08-06T11:49:59,10.7312,10.7312,10.6875,10.7312,314.7368
2025-08-06T11:50:00,10.7255,10.83,10.7018,10.7369,2256.2632
2025-08-06T11:50:02,10.8224,10.8224,10.8224,10.8224,272.8947
2025-08-06T11:50:03,10.8243,10.8243,10.8243,10.8243,15.1579
2025-08-06T11:50:04,10.773,10.7996,10.735,10.7996,265.5789
2025-08-06T11:50:05,10.8015,10.8015,10.8015,10.8015,18.4211
2025-08-06T11:50:06,10.8205,10.8224,10.8205,10.8224,77.6316
2025-08-06T11:50:07,10.8224,10.8224,10.8034,10.8034,75.2105
2025-08-06T11:50:08,10.8243,10.8243,10.7996,10.8129,666.0
2025-08-06T11:50:09,10.8243,10.83,10.8243,10.83,1294.4211
2025-08-06T11:50:10,10.8243,10.83,10.8091,10.8281,2464.1053
2025-08-06T11:50:11,10.8281,10.8661,10.8186,10.8661,1633.4211
2025-08-06T11:50:12,10.868,10.868,10.83,10.8661,830.2632
2025-08-06T11:50:13,10.8661,10.868,10.8661,10.8661,771.6316
2025-08-06T11:50:14,10.868,10.9136,10.8395,10.8642,906.1053
2025-08-06T11:50:15,10.8604,10.925,10.8547,10.925,1545.4737
2025-08-06T11:50:17,10.8661,10.887,10.8319,10.887,302.0526
2025-08-06T11:50:18,10.887,10.887,10.887,10.887,358.4737
2025-08-06T11:50:19,10.887,10.8889,10.83,10.83,1002.3158
2025-08-06T11:50:20,10.8889,10.8889,10.8319,10.887,678.5789
2025-08-06T11:50:21,10.849,10.887,10.849,10.8528,627.3684
2025-08-06T11:50:22,10.8851,10.887,10.83,10.83,789.8947
2025-08-06T11:50:23,10.8566,10.8794,10.8338,10.8338,1141.1579
2025-08-06T11:50:24,10.8813,10.8813,10.83,10.8319,928.3684
2025-08-06T11:50:25,10.8718,10.8718,10.83,10.8471,821.2105
2025-08-06T11:50:26,10.83,10.8471,10.7559,10.8281,1869.0526
2025-08-06T11:50:27,10.7597,10.8243,10.7578,10.8243,569.9474
2025-08-06T11:50:28,10.792,10.7939,10.735,10.7939,814.0
2025-08-06T11:50:29,10.792,10.792,10.7683,10.7901,383.2105
2025-08-06T11:50:30,10.7844,10.7844,10.7502,10.7502,915.8947
2025-08-06T11:50:31,10.7825,10.7825,10.7825,10.7825,79.4737
2025-08-06T11:50:32,10.7654,10.7654,10.7654,10.7654,7.8421
2025-08-06T11:50:33,10.7654,10.7654,10.7483,10.7483,368.4211
2025-08-06T11:50:34,10.7663,10.7663,10.7663,10.7663,52.6316
2025-08-06T11:50:35,10.7483,10.7787,10.7483,10.7787,373.2105
2025-08-06T11:50:36,10.7749,10.7749,10.7749,10.7749,500.0
2025-08-06T11:50:37,10.7825,10.7825,10.7825,10.7825,11.8947
2025-08-06T11:50:38,10.7635,10.7844,10.7635,10.7844,401.6316
2025-08-06T11:50:39,10.7825,10.7825,10.7483,10.7825,983.8421
2025-08-06T11:50:40,10.7663,10.7844,10.7663,10.7844,213.5263
2025-08-06T11:50:41,10.7483,10.7483,10.7464,10.7483,166.5789
2025-08-06T11:50:42,10.7749,10.7825,10.7483,10.7483,1083.3158
2025-08-06T11:50:44,10.7483,10.7483,10.7084,10.7084,188.4737
2025-08-06T11:50:45,10.7274,10.7464,10.7274,10.7464,442.8947
2025-08-06T11:50:46,10.7084,10.7084,10.659,10.6609,271.5263
2025-08-06T11:50:47,10.6941,10.7293,10.6609,10.6875,333.6316
2025-08-06T11:50:48,10.659,10.7084,10.659,10.6628,142.6842
2025-08-06T11:50:49,10.7217,10.7217,10.6666,10.7217,65.0
2025-08-06T11:50:50,10.659,10.6609,10.659,10.6609,66.0
2025-08-06T11:50:52,10.6609,10.6609,10.6609,10.6609,22.1579
2025-08-06T11:50:53,10.6628,10.6628,10.659,10.6628,45.4737
2025-08-06T11:50:54,10.6609,10.6609,10.6609,10.6609,13.9474
2025-08-06T11:50:56,10.6628,10.6628,10.6628,10.6628,126.5263
2025-08-06T11:50:57,10.6628,10.6628,10.6619,10.6619,46.7895
2025-08-06T11:50:58,10.6609,10.6628,10.6609,10.6609,487.1053
2025-08-06T11:50:59,10.6609,10.6609,10.6609,10.6609,521.1053
2025-08-06T11:51:00,10.6609,10.6628,10.659,10.659,194.9474
2025-08-06T11:51:01,10.6628,10.6951,10.6438,10.6951,864.1579
2025-08-06T11:51:02,10.6476,10.6476,10.6476,10.6476,109.0526
2025-08-06T11:51:03,10.6438,10.6609,10.6438,10.6609,705.2632
2025-08-06T11:51:04,10.659,10.6609,10.659,10.6609,82.6842
2025-08-06T11:51:05,10.6609,10.6609,10.659,10.659,477.8421
2025-08-06T11:51:06,10.659,10.6603,10.64,10.64,882.1053
2025-08-06T11:51:07,10.64,10.6401,10.602,10.6039,2015.8421
2025-08-06T11:51:08,10.602,10.602,10.602,10.602,356.6316
2025-08-06T11:51:09,10.602,10.6305,10.602,10.6172,287.7368
2025-08-06T11:51:11,10.602,10.6305,10.602,10.6305,306.6316
2025-08-06T11:51:12,10.6039,10.6153,10.602,10.6134,856.0
2025-08-06T11:51:13,10.6115,10.6115,10.6039,10.6039,136.7895
2025-08-06T11:51:14,10.6115,10.6115,10.602,10.602,37.3158
2025-08-06T11:51:15,10.6115,10.6286,10.602,10.6041,1323.5789
2025-08-06T11:51:16,10.6172,10.6381,10.6058,10.6381,1319.1579
2025-08-06T11:51:17,10.64,10.6419,10.6381,10.6381,535.7895
2025-08-06T11:51:18,10.659,10.6856,10.6571,10.6856,300.8947
2025-08-06T11:51:19,10.6419,10.6419,10.6419,10.6419,12.4211
2025-08-06T11:51:20,10.6875,10.6875,10.6856,10.6856,434.5789
2025-08-06T11:51:21,10.6495,10.6856,10.6495,10.6856,60.7368
2025-08-06T11:51:22,10.7141,10.7141,10.6419,10.6419,438.2632
2025-08-06T11:51:23,10.7141,10.7141,10.7141,10.7141,46.9474
2025-08-06T11:51:24,10.6571,10.659,10.6571,10.659,10.5263
2025-08-06T11:51:25,10.6571,10.659,10.6571,10.6571,21.4737
2025-08-06T11:51:26,10.7122,10.7122,10.6552,10.6837,44.0526
2025-08-06T11:51:27,10.6609,10.678,10.6609,10.678,29.7895
2025-08-06T11:51:28,10.6438,10.6609,10.6419,10.6609,426.3684
2025-08-06T11:51:30,10.6438,10.6438,10.6419,10.6419,591.6316
2025-08-06T11:51:31,10.678,10.678,10.678,10.678,43.4737
2025-08-06T11:51:32,10.678,10.678,10.678,10.678,94.2105
2025-08-06T11:51:33,10.6761,10.6761,10.6438,10.659,131.3684
2025-08-06T11:51:35,10.659,10.659,10.6514,10.6514,417.6316
2025-08-06T11:51:36,10.6514,10.6514,10.602,10.6039,1459.7368
2025-08-06T11:51:37,10.6039,10.6039,10.602,10.6039,502.0
2025-08-06T11:51:38,10.6039,10.6286,10.6039,10.6286,135.6842
2025-08-06T11:51:39,10.6514,10.6514,10.602,10.602,668.0526
2025-08-06T11:51:40,10.602,10.603,10.602,10.603,18.6842
2025-08-06T11:51:41,10.602,10.602,10.602,10.602,9.2105
2025-08-06T11:51:42,10.602,10.602,10.583,10.583,1051.1053
2025-08-06T11:51:43,10.5963,10.5963,10.5754,10.5754,406.4737
2025-08-06T11:51:44,10.5773,10.583,10.5507,10.5792,1004.4211
2025-08-06T11:51:45,10.5507,10.5526,10.5203,10.5203,1700.4737
2025-08-06T11:51:46,10.5203,10.5488,10.5203,10.5488,54.7895
2025-08-06T11:51:47,10.5222,10.5279,10.5089,10.5089,450.7368
2025-08-06T11:51:48,10.5089,10.5089,10.5089,10.5089,7.2632
2025-08-06T11:51:49,10.4975,10.5165,10.4975,10.5165,367.7368
2025-08-06T11:51:50,10.5165,10.5165,10.4975,10.4975,109.3684
2025-08-06T11:51:51,10.4823,10.4975,10.45,10.4842,1185.2632
2025-08-06T11:51:52,10.45,10.4842,10.45,10.4576,841.1579
2025-08-06T11:51:53,10.45,10.4556,10.4177,10.4272,1141.3684
2025-08-06T11:51:54,10.4177,10.4272,10.4177,10.4253,265.9474
2025-08-06T11:51:55,10.4177,10.4253,10.4177,10.4253,134.7895
2025-08-06T11:51:56,10.4272,10.4272,10.4177,10.4177,205.3684
2025-08-06T11:51:57,10.4272,10.4272,10.4177,10.4272,110.3684
2025-08-06T11:51:58,10.4196,10.4272,10.4177,10.4177,960.4211
2025-08-06T11:51:59,10.4215,10.4272,10.4196,10.4253,738.9474
2025-08-06T11:52:00,10.4272,10.4272,10.4196,10.4234,499.0526
2025-08-06T11:52:01,10.4234,10.4253,10.4234,10.4234,383.8421
2025-08-06T11:52:02,10.4253,10.4253,10.4253,10.4253,60.5789
2025-08-06T11:52:03,10.4234,10.4234,10.4234,10.4234,500.0
2025-08-06T11:52:04,10.4234,10.4272,10.4234,10.4234,450.0526
2025-08-06T11:52:05,10.4253,10.4272,10.4215,10.4215,1569.5789
2025-08-06T11:52:07,10.4253,10.4253,10.3854,10.3854,1046.1579
2025-08-06T11:52:08,10.4215,10.4253,10.3854,10.4063,1173.8421
2025-08-06T11:52:09,10.3835,10.3835,10.3835,10.3835,29.9474
2025-08-06T11:52:10,10.3835,10.3835,10.3835,10.3835,33.0526
2025-08-06T11:52:11,10.3664,10.3664,10.3037,10.3493,185.1053
2025-08-06T11:52:12,10.3056,10.3436,10.3056,10.3075,113.2105
2025-08-06T11:52:13,10.3075,10.3778,10.3075,10.3616,115.3684
2025-08-06T11:52:14,10.3616,10.3949,10.3436,10.3949,1963.1579
2025-08-06T11:52:15,10.393,10.393,10.373,10.373,114.8421
2025-08-06T11:52:16,10.393,10.393,10.3531,10.3873,463.3158
2025-08-06T11:52:17,10.3607,10.3826,10.3531,10.3531,209.0
2025-08-06T11:52:18,10.393,10.4272,10.3531,10.3702,2293.1579
2025-08-06T11:52:19,10.3721,10.45,10.3721,10.4253,1495.6842
2025-08-06T11:52:20,10.3835,10.4063,10.3835,10.3873,113.8421
2025-08-06T11:52:21,10.4063,10.4272,10.3987,10.4168,693.6316
2025-08-06T11:52:23,10.4272,10.4272,10.4272,10.4272,48.1053
2025-08-06T11:52:25,10.412,10.412,10.412,10.412,54.2105
2025-08-06T11:52:26,10.412,10.45,10.4063,10.4063,572.3684
2025-08-06T11:52:27,10.4063,10.4168,10.4063,10.4168,16.0526
2025-08-06T11:52:28,10.4196,10.4196,10.4196,10.4196,35.2105
2025-08-06T11:52:29,10.4177,10.4178,10.4177,10.4178,17.2105
2025-08-06T11:52:31,10.4196,10.4272,10.4196,10.4253,1695.5263
2025-08-06T11:52:33,10.4177,10.4424,10.4177,10.4424,447.8421
2025-08-06T11:52:34,10.4177,10.4177,10.4177,10.4177,17.4211
2025-08-06T11:52:35,10.4424,10.5184,10.4424,10.4471,716.5263
2025-08-06T11:52:36,10.4329,10.4329,10.4329,10.4329,5.9474
2025-08-06T11:52:37,10.5089,10.5089,10.5089,10.5089,384.2105
2025-08-06T11:52:39,10.45,10.45,10.45,10.45,12.5789
2025-08-06T11:52:40,10.4538,10.4538,10.4538,10.4538,17.8421
2025-08-06T11:52:42,10.4538,10.4538,10.4538,10.4538,528.4211
2025-08-06T11:52:44,10.583,10.583,10.583,10.583,35.0
2025-08-06T11:52:45,10.5203,10.5203,10.4576,10.4576,449.1579
2025-08-06T11:52:46,10.4557,10.5203,10.4557,10.5203,25.5263
2025-08-06T11:52:47,10.5203,10.5203,10.5203,10.5203,5.2632
2025-08-06T11:52:49,10.4576,10.4576,10.4576,10.4576,11.3684
2025-08-06T11:52:51,10.4709,10.5469,10.4709,10.5469,120.5263
2025-08-06T11:52:52,10.5108,10.5108,10.5108,10.5108,10.6842
2025-08-06T11:52:55,10.5108,10.5108,10.5108,10.5108,97.2105
2025-08-06T11:52:56,10.4747,10.4747,10.4538,10.4538,417.6316
2025-08-06T11:52:57,10.4557,10.4851,10.4557,10.466,1087.4211
2025-08-06T11:52:58,10.4557,10.4677,10.374,10.3759,1263.6316
2025-08-06T11:52:59,10.3759,10.4424,10.374,10.4424,484.6842
2025-08-06T11:53:00,10.4111,10.4111,10.4111,10.4111,49.4737
2025-08-06T11:53:01,10.4424,10.4424,10.4424,10.4424,5.2632
2025-08-06T11:53:02,10.4443,10.4443,10.4443,10.4443,13.7895
2025-08-06T11:53:04,10.3854,10.3854,10.374,10.374,63.3158
2025-08-06T11:53:05,10.4082,10.4101,10.393,10.393,343.0526
2025-08-06T11:53:06,10.3921,10.3921,10.3911,10.3911,119.4737
2025-08-06T11:53:08,10.4082,10.4082,10.4082,10.4082,75.2632
2025-08-06T11:53:09,10.4082,10.4082,10.3921,10.3921,178.7368
2025-08-06T11:53:10,10.3921,10.3921,10.374,10.374,418.4211
2025-08-06T11:53:12,10.3854,10.3854,10.374,10.374,141.2105
2025-08-06T11:53:13,10.3854,10.3911,10.374,10.3911,1511.6316
2025-08-06T11:53:14,10.3911,10.4272,10.374,10.4272,1005.0
2025-08-06T11:53:15,10.469,10.5032,10.4405,10.5032,1052.1053
2025-08-06T11:53:17,10.4709,10.4719,10.4709,10.4719,160.9474
2025-08-06T11:53:20,10.4719,10.4719,10.4405,10.4405,77.1579
2025-08-06T11:53:23,10.5051,10.5051,10.5051,10.5051,102.8421
2025-08-06T11:53:24,10.4728,10.4747,10.4728,10.4747,807.9474
2025-08-06T11:53:25,10.4405,10.4785,10.4405,10.4785,460.5263
2025-08-06T11:53:27,10.4633,10.4633,10.4633,10.4633,30.3684
2025-08-06T11:53:28,10.4747,10.4747,10.4747,10.4747,263.1579
2025-08-06T11:53:29,10.4766,10.4766,10.4766,10.4766,9.2632
2025-08-06T11:53:30,10.4747,10.4785,10.4633,10.4785,231.8421
2025-08-06T11:53:31,10.4519,10.4519,10.4519,10.4519,430.3158
2025-08-06T11:53:32,10.5032,10.5032,10.5032,10.5032,368.4211
2025-08-06T11:53:36,10.4766,10.4801,10.45,10.45,643.1579
2025-08-06T11:53:37,10.45,10.4507,10.4367,10.4367,521.8947
2025-08-06T11:53:38,10.431,10.4423,10.431,10.431,670.4211
2025-08-06T11:53:40,10.4415,10.4415,10.4415,10.4415,52.6316
2025-08-06T11:53:43,10.4415,10.4415,10.4415,10.4415,50.7895
2025-08-06T11:53:45,10.4358,10.4358,10.4358,10.4358,52.3684
2025-08-06T11:53:46,10.4405,10.4405,10.4405,10.4405,28.0526
2025-08-06T11:53:48,10.4386,10.4386,10.4386,10.4386,372.7895
2025-08-06T11:53:50,10.4386,10.4386,10.4367,10.4367,56.2632
2025-08-06T11:53:52,10.4377,10.4386,10.4367,10.4386,535.8947
2025-08-06T11:53:53,10.4367,10.4367,10.4367,10.4367,121.0
2025-08-06T11:53:54,10.4377,10.45,10.4377,10.45,465.7368
2025-08-06T11:53:55,10.45,10.4519,10.45,10.4519,378.1053
2025-08-06T11:53:56,10.4804,10.4804,10.4804,10.4804,7.8947
2025-08-06T11:53:57,10.5013,10.5013,10.4576,10.4576,441.0526
2025-08-06T11:53:59,10.4804,10.4804,10.4804,10.4804,57.4211
2025-08-06T11:54:00,10.4804,10.4804,10.4804,10.4804,5.2632
2025-08-06T11:54:02,10.5032,10.5032,10.4804,10.4804,161.2632
2025-08-06T11:54:03,10.4804,10.5013,10.4804,10.5013,289.4737
2025-08-06T11:54:06,10.5032,10.5108,10.5013,10.5051,438.4737
2025-08-06T11:54:09,10.545,10.545,10.545,10.545,10.5263
2025-08-06T11:54:12,10.5089,10.5089,10.5089,10.5089,5.2632
2025-08-06T11:54:13,10.5089,10.5469,10.5089,10.5469,161.7368
2025-08-06T11:54:14,10.5279,10.5279,10.5279,10.5279,12.1053
2025-08-06T11:54:15,10.5279,10.5279,10.5279,10.5279,52.6316
2025-08-06T11:54:16,10.5279,10.5279,10.5279,10.5279,32.2632
2025-08-06T11:54:17,10.5488,10.5735,10.5298,10.546,150.3684
2025-08-06T11:54:18,10.5507,10.5811,10.5507,10.5583,226.9474
2025-08-06T11:54:19,10.5735,10.64,10.5545,10.5545,898.7895
2025-08-06T11:54:20,10.6191,10.621,10.6191,10.621,31.6316
2025-08-06T11:54:21,10.621,10.621,10.621,10.621,13.1579
2025-08-06T11:54:23,10.5621,10.5621,10.5621,10.5621,179.8421
2025-08-06T11:54:24,10.564,10.621,10.564,10.621,729.3684
2025-08-06T11:54:26,10.6001,10.6058,10.5849,10.6058,63.5263
2025-08-06T11:54:27,10.6058,10.64,10.6058,10.621,183.6316
2025-08-06T11:54:28,10.6058,10.6058,10.6058,10.6058,30.2105
2025-08-06T11:54:29,10.6286,10.6286,10.6229,10.6229,368.4211
2025-08-06T11:54:30,10.621,10.6362,10.621,10.6362,443.6842
2025-08-06T11:54:31,10.6153,10.6362,10.5488,10.6362,2095.7895
2025-08-06T11:54:32,10.622,10.622,10.622,10.622,10.8947
2025-08-06T11:54:35,10.6191,10.6362,10.5488,10.5488,621.8947
2025-08-06T11:54:36,10.6381,10.6381,10.6381,10.6381,17.1053
2025-08-06T11:54:37,10.5488,10.6229,10.5488,10.6229,83.6316
2025-08-06T11:54:39,10.5545,10.5792,10.5545,10.5792,80.4737
2025-08-06T11:54:40,10.5545,10.5545,10.5488,10.5507,626.3158
2025-08-06T11:54:42,10.5792,10.5792,10.5792,10.5792,16.8947
2025-08-06T11:54:44,10.5792,10.5792,10.5792,10.5792,17.3158
2025-08-06T11:54:48,10.5792,10.5792,10.5746,10.5746,263.6316
2025-08-06T11:54:50,10.6134,10.6134,10.6134,10.6134,27.7368
2025-08-06T11:54:52,10.6134,10.6134,10.6134,10.6134,319.1579
2025-08-06T11:54:53,10.5773,10.5773,10.5773,10.5773,166.8947
2025-08-06T11:54:56,10.5963,10.5963,10.5963,10.5963,26.3158
2025-08-06T11:55:01,10.5944,10.5944,10.5944,10.5944,157.8947
2025-08-06T11:55:02,10.5944,10.5944,10.5944,10.5944,52.4737
2025-08-06T11:55:03,10.5792,10.5877,10.5792,10.5877,380.7895
2025-08-06T11:55:04,10.5944,10.5951,10.5792,10.5792,473.8947
2025-08-06T11:55:05,10.5792,10.5792,10.5792,10.5792,342.1053
2025-08-06T11:55:06,10.5944,10.5944,10.5944,10.5944,6.8947
2025-08-06T11:55:07,10.5868,10.5868,10.5773,10.5792,43.2105
2025-08-06T11:55:08,10.5944,10.5944,10.5944,10.5944,105.3684
2025-08-06T11:55:09,10.5887,10.5887,10.5887,10.5887,23.7368
2025-08-06T11:55:11,10.5887,10.5944,10.5868,10.5868,286.0526
2025-08-06T11:55:12,10.5944,10.5944,10.5868,10.5868,84.9474
2025-08-06T11:55:13,10.5811,10.5811,10.5811,10.5811,63.1579
2025-08-06T11:55:15,10.564,10.5828,10.564,10.5828,21.5789
2025-08-06T11:55:19,10.5792,10.5792,10.5792,10.5792,5.2632
2025-08-06T11:55:20,10.5792,10.5792,10.5792,10.5792,73.6316
2025-08-06T11:55:22,10.564,10.564,10.564,10.564,50.8947
2025-08-06T11:55:23,10.564,10.564,10.564,10.564,9.6316
2025-08-06T11:55:27,10.5792,10.6191,10.5792,10.5868,416.2632
2025-08-06T11:55:29,10.5868,10.5868,10.5754,10.5868,262.7895
2025-08-06T11:55:30,10.5868,10.5868,10.5659,10.5868,335.4211
2025-08-06T11:55:31,10.5849,10.5849,10.5849,10.5849,12.6842
2025-08-06T11:55:33,10.564,10.564,10.564,10.564,9.0526
2025-08-06T11:55:39,10.5849,10.5849,10.5697,10.5697,22.1579
2025-08-06T11:55:40,10.5868,10.5868,10.5849,10.5868,86.5263
2025-08-06T11:55:41,10.5849,10.5868,10.5849,10.5866,576.4211
2025-08-06T11:55:43,10.5868,10.5868,10.5849,10.5849,741.7368
2025-08-06T11:55:45,10.621,10.621,10.621,10.621,521.0526
2025-08-06T11:55:47,10.5868,10.622,10.5868,10.622,19.5789
2025-08-06T11:55:49,10.6229,10.6229,10.622,10.622,271.8947
2025-08-06T11:55:50,10.6229,10.6229,10.6229,10.6229,27.1053
2025-08-06T11:55:51,10.6381,10.6742,10.6381,10.6742,554.8947
2025-08-06T11:55:53,10.6628,10.6628,10.6628,10.6628,125.3158
2025-08-06T11:55:54,10.6856,10.7027,10.6856,10.7027,78.0
2025-08-06T11:55:55,10.7236,10.7236,10.7236,10.7236,5.2632
2025-08-06T11:55:56,10.7217,10.7217,10.6571,10.6571,50.1053
2025-08-06T11:55:58,10.7217,10.7464,10.6894,10.7464,659.4737
2025-08-06T11:55:59,10.7141,10.7141,10.7141,10.7141,521.6842
2025-08-06T11:56:00,10.811,10.811,10.811,10.811,82.6316
2025-08-06T11:56:01,10.8091,10.8091,10.7369,10.8091,136.4737
2025-08-06T11:56:03,10.8091,10.811,10.8091,10.811,1113.4737
2025-08-06T11:56:04,10.811,10.8794,10.811,10.8519,1475.4211
2025-08-06T11:56:05,10.8262,10.8775,10.8262,10.8281,138.9474
2025-08-06T11:56:06,10.8598,10.8699,10.8566,10.8566,646.5789
2025-08-06T11:56:07,10.8623,10.8775,10.8623,10.8775,66.4737
2025-08-06T11:56:08,10.8756,10.8851,10.8395,10.8851,596.6316
2025-08-06T11:56:09,10.887,10.887,10.8566,10.8566,1453.1579
2025-08-06T11:56:10,10.8851,10.887,10.8851,10.887,972.1053
2025-08-06T11:56:11,10.886,10.886,10.8851,10.886,163.3684
2025-08-06T11:56:12,10.887,10.887,10.8851,10.8851,165.3684
2025-08-06T11:56:13,10.887,10.925,10.887,10.9231,1146.2632
2025-08-06T11:56:14,10.925,10.9896,10.9174,10.9383,3116.6842
2025-08-06T11:56:15,10.9896,10.9896,10.9497,10.9611,852.0526
2025-08-06T11:56:16,10.9497,10.9497,10.9497,10.9497,16.8421
2025-08-06T11:56:17,10.9269,10.9535,10.8927,10.8927,201.0526
2025-08-06T11:56:18,10.8946,10.9535,10.8946,10.9535,1973.3158
2025-08-06T11:56:19,10.9535,10.9535,10.9535,10.9535,72.1053
2025-08-06T11:56:20,10.9592,10.9611,10.9554,10.9611,430.1579
2025-08-06T11:56:21,10.9573,10.9573,10.9573,10.9573,25.9474
2025-08-06T11:56:22,10.9611,10.9706,10.9535,10.9706,933.6316
2025-08-06T11:56:23,10.9877,10.9896,10.9554,10.9554,753.2632
2025-08-06T11:56:24,10.9896,11.0181,10.9877,10.9915,1492.3684
2025-08-06T11:56:25,11.0078,11.0124,10.9725,11.0105,1035.4211
2025-08-06T11:56:26,11.0105,11.0105,10.9744,10.9934,135.8947
2025-08-06T11:56:27,10.9744,11.0105,10.9744,11.0105,128.4211
2025-08-06T11:56:28,11.0105,11.0105,11.0086,11.0086,125.1053
2025-08-06T11:56:29,11.0105,11.0124,11.0105,11.0124,306.6842
2025-08-06T11:56:30,11.0124,11.0124,10.9896,11.0105,70.0
2025-08-06T11:56:31,11.0086,11.0086,10.9896,10.9896,573.8947
2025-08-06T11:56:32,11.0029,11.0105,10.9896,11.0029,1206.0
2025-08-06T11:56:33,11.0086,11.0105,10.9877,10.9877,377.6316
2025-08-06T11:56:34,10.9991,11.0162,10.9877,11.0124,1640.3684
2025-08-06T11:56:35,11.0181,11.02,11.0105,11.0124,3423.9474
2025-08-06T11:56:36,11.0181,11.0219,11.0181,11.02,1813.2105
2025-08-06T11:56:37,11.02,11.0257,11.0181,11.0219,520.0526
2025-08-06T11:56:38,11.0219,11.0295,11.0219,11.0238,276.2105
2025-08-06T11:56:39,11.0295,11.0295,11.0257,11.0295,1385.1579
2025-08-06T11:56:40,11.0276,11.0295,11.0257,11.0295,153.1579
2025-08-06T11:56:41,11.0295,11.0523,11.0295,11.0333,1058.1053
2025-08-06T11:56:42,11.0428,11.0428,11.0428,11.0428,267.0
2025-08-06T11:56:43,11.0523,11.0523,11.0219,11.0399,540.6316
2025-08-06T11:56:44,11.039,11.0409,10.887,10.8889,5549.8947
2025-08-06T11:56:45,10.9098,10.9098,10.868,10.8699,1366.6316
2025-08-06T11:56:46,10.9383,10.9383,10.8699,10.9032,348.3158
2025-08-06T11:56:47,10.868,10.8984,10.83,10.8984,414.1053
2025-08-06T11:56:48,10.8319,10.8319,10.8319,10.8319,165.3684
2025-08-06T11:56:49,10.8984,10.8984,10.8338,10.8965,97.2105
2025-08-06T11:56:50,10.8965,10.8965,10.8338,10.868,80.4737
2025-08-06T11:56:51,10.83,10.8376,10.716,10.7198,1187.1053
2025-08-06T11:56:52,10.849,10.849,10.7217,10.7217,276.3158
2025-08-06T11:56:53,10.8509,10.8509,10.7236,10.7236,13.1579
2025-08-06T11:56:54,10.83,10.83,10.83,10.83,108.2105
2025-08-06T11:56:55,10.8471,10.8471,10.8471,10.8471,83.4211
2025-08-06T11:56:56,10.8224,10.8224,10.6875,10.7559,573.3158
2025-08-06T11:56:57,10.754,10.7882,10.754,10.7863,1246.5263
2025-08-06T11:56:58,10.7493,10.7863,10.7493,10.7863,21.6316
2025-08-06T11:57:00,10.7493,10.7863,10.7122,10.7122,227.6842
2025-08-06T11:57:01,10.773,10.773,10.7711,10.773,51.5263
2025-08-06T11:57:02,10.7597,10.7597,10.6875,10.6894,262.0
2025-08-06T11:57:03,10.7217,10.7217,10.7217,10.7217,27.8421
2025-08-06T11:57:04,10.7521,10.7521,10.7521,10.7521,5.2632
2025-08-06T11:57:05,10.6913,10.6913,10.6913,10.6913,9.6316
2025-08-06T11:57:06,10.754,10.754,10.6913,10.6932,245.2632
2025-08-06T11:57:07,10.7521,10.7521,10.7521,10.7521,5.8947
2025-08-06T11:57:08,10.7141,10.7331,10.7141,10.7141,106.0
2025-08-06T11:57:09,10.6932,10.7141,10.6875,10.6875,260.0
2025-08-06T11:57:10,10.7445,10.7445,10.7426,10.7426,286.9474
2025-08-06T11:57:11,10.7103,10.7141,10.6875,10.6875,1073.6842
2025-08-06T11:57:13,10.7293,10.7293,10.7293,10.7293,212.4737
2025-08-06T11:57:14,10.7293,10.8224,10.7293,10.8224,1435.3158
2025-08-06T11:57:15,10.8015,10.8015,10.8015,10.8015,26.3158
2025-08-06T11:57:17,10.7217,10.7787,10.6875,10.7787,335.7368
2025-08-06T11:57:18,10.7768,10.7768,10.7331,10.7331,41.3684
2025-08-06T11:57:20,10.7768,10.7768,10.7768,10.7768,74.6842
2025-08-06T11:57:21,10.7787,10.8224,10.7502,10.8034,187.2632
2025-08-06T11:57:22,10.8072,10.8072,10.8072,10.8072,17.9474
2025-08-06T11:57:25,10.7692,10.7711,10.7692,10.7711,42.2105
2025-08-06T11:57:28,10.7293,10.7692,10.7293,10.7692,72.6842
2025-08-06T11:57:29,10.7293,10.7293,10.6875,10.6875,229.8947
2025-08-06T11:57:30,10.7331,10.7331,10.7331,10.7331,6.1579
2025-08-06T11:57:31,10.6951,10.6951,10.64,10.64,491.5263
2025-08-06T11:57:32,10.6096,10.6343,10.6096,10.6343,104.4737
2025-08-06T11:57:33,10.6324,10.6324,10.6324,10.6324,57.0526
2025-08-06T11:57:35,10.621,10.621,10.621,10.621,53.6842
2025-08-06T11:57:37,10.6305,10.6305,10.6305,10.6305,90.4737
2025-08-06T11:57:39,10.621,10.621,10.621,10.621,5.2632
2025-08-06T11:57:40,10.6229,10.6305,10.6229,10.6258,112.3684
2025-08-06T11:57:41,10.6324,10.64,10.6324,10.6343,533.4211
2025-08-06T11:57:42,10.621,10.64,10.621,10.64,1028.3158
2025-08-06T11:57:43,10.6543,10.6543,10.6543,10.6543,24.3158
2025-08-06T11:57:44,10.6761,10.6951,10.6381,10.6951,774.4211
2025-08-06T11:57:45,10.6951,10.6951,10.6951,10.6951,115.7895
2025-08-06T11:57:47,10.6457,10.6457,10.6457,10.6457,1052.6316
2025-08-06T11:57:49,10.6476,10.6704,10.6476,10.6704,52.6316
2025-08-06T11:57:51,10.6533,10.6611,10.6533,10.6611,26.8947
2025-08-06T11:57:52,10.6704,10.6704,10.6704,10.6704,12.6316
2025-08-06T11:57:53,10.6875,10.6875,10.6875,10.6875,107.8947
2025-08-06T11:57:56,10.6875,10.6875,10.6856,10.6856,66.7895
2025-08-06T11:57:57,10.6723,10.6723,10.6723,10.6723,75.4211
2025-08-06T11:57:58,10.6856,10.6856,10.6856,10.6856,33.1579
2025-08-06T11:58:00,10.6723,10.6837,10.6723,10.6837,423.6842
2025-08-06T11:58:01,10.679,10.6856,10.679,10.6856,140.2105
2025-08-06T11:58:07,10.6799,10.6799,10.6723,10.6723,460.5263
2025-08-06T11:58:08,10.6856,10.6856,10.6856,10.6856,52.6316
2025-08-06T11:58:09,10.6723,10.6723,10.6723,10.6723,54.0526
2025-08-06T11:58:10,10.6723,10.6723,10.6305,10.6305,591.2632
2025-08-06T11:58:11,10.64,10.64,10.64,10.64,56.5263
2025-08-06T11:58:12,10.6305,10.6305,10.621,10.6229,164.3684
2025-08-06T11:58:13,10.621,10.6229,10.621,10.621,478.2105
2025-08-06T11:58:14,10.6305,10.6305,10.6305,10.6305,15.7895
2025-08-06T11:58:15,10.621,10.621,10.6096,10.6096,197.5789
2025-08-06T11:58:16,10.6134,10.6134,10.5602,10.5811,1127.1579
2025-08-06T11:58:17,10.5602,10.5982,10.5602,10.5982,90.7368
2025-08-06T11:58:18,10.5602,10.6058,10.5602,10.6058,41.0
2025-08-06T11:58:20,10.5602,10.5602,10.5602,10.5602,12.6316
2025-08-06T11:58:21,10.5621,10.5621,10.5621,10.5621,12.3684
2025-08-06T11:58:22,10.5602,10.5621,10.5602,10.5621,88.1579
2025-08-06T11:58:23,10.5621,10.6039,10.5621,10.6039,114.5263
2025-08-06T11:58:24,10.583,10.583,10.5602,10.5602,235.3158
2025-08-06T11:58:27,10.5621,10.583,10.5621,10.564,342.6316
2025-08-06T11:58:28,10.5621,10.564,10.5621,10.564,779.7895
2025-08-06T11:58:29,10.5811,10.6058,10.564,10.6001,245.4211
2025-08-06T11:58:30,10.5849,10.5887,10.5602,10.5602,680.6316
2025-08-06T11:58:31,10.564,10.564,10.5621,10.5621,178.5789
2025-08-06T11:58:32,10.5716,10.5716,10.5716,10.5716,18.2632
2025-08-06T11:58:33,10.5716,10.5716,10.5716,10.5716,30.3684
2025-08-06T11:58:34,10.5735,10.5735,10.5602,10.5602,570.4737
2025-08-06T11:58:35,10.5697,10.5697,10.5602,10.5602,35.2632
2025-08-06T11:58:37,10.5659,10.5659,10.5659,10.5659,77.9474
2025-08-06T11:58:39,10.5621,10.5621,10.5621,10.5621,33.3684
2025-08-06T11:58:40,10.564,10.564,10.5621,10.5621,68.9474
2025-08-06T11:58:41,10.564,10.564,10.5602,10.5602,135.5789
2025-08-06T11:58:42,10.564,10.564,10.5602,10.5602,554.4737
2025-08-06T11:58:43,10.5621,10.5621,10.5621,10.5621,31.0526
2025-08-06T11:58:44,10.5602,10.5612,10.5602,10.5612,103.3158
2025-08-06T11:58:45,10.5612,10.5612,10.5612,10.5612,8.0
2025-08-06T11:58:46,10.5602,10.5602,10.5602,10.5602,5.7368
2025-08-06T11:58:47,10.5612,10.5612,10.5602,10.5602,51.3158
2025-08-06T11:58:49,10.5612,10.5612,10.5602,10.5602,141.5263
2025-08-06T11:58:50,10.5602,10.5612,10.5602,10.5612,92.7368
2025-08-06T11:58:51,10.5621,10.5621,10.5621,10.5621,31.1579
2025-08-06T11:58:53,10.5602,10.5602,10.5602,10.5602,121.1579
2025-08-06T11:58:54,10.5621,10.5621,10.5621,10.5621,21.1053
2025-08-06T11:58:55,10.5602,10.5602,10.5602,10.5602,147.5789
2025-08-06T11:58:56,10.5612,10.5621,10.5612,10.5621,16.5263
2025-08-06T11:58:57,10.5621,10.5621,10.5621,10.5621,68.6316
2025-08-06T11:58:58,10.5621,10.5621,10.5602,10.5621,228.9474
2025-08-06T11:59:00,10.5621,10.602,10.5614,10.564,1651.6316
2025-08-06T11:59:04,10.5659,10.5659,10.5659,10.5659,17.5789
2025-08-06T11:59:05,10.5659,10.5659,10.5659,10.5659,9.1579
2025-08-06T11:59:10,10.5659,10.5659,10.564,10.5659,1226.5263
2025-08-06T11:59:11,10.602,10.602,10.5988,10.5988,26.0526
2025-08-06T11:59:13,10.5659,10.5659,10.5659,10.5659,80.9474
2025-08-06T11:59:15,10.5659,10.5659,10.5659,10.5659,210.5263
2025-08-06T11:59:18,10.5659,10.5982,10.5659,10.5659,394.3158
2025-08-06T11:59:19,10.5678,10.5811,10.5678,10.5811,192.0
2025-08-06T11:59:20,10.5659,10.5678,10.5659,10.5678,73.1053
2025-08-06T11:59:22,10.5982,10.5982,10.5678,10.5678,77.8947
2025-08-06T11:59:24,10.5678,10.64,10.5678,10.6153,602.8421
2025-08-06T11:59:25,10.6191,10.6191,10.6191,10.6191,125.9474
2025-08-06T11:59:27,10.6381,10.6381,10.6381,10.6381,26.8421
2025-08-06T11:59:28,10.6182,10.6182,10.6182,10.6182,210.5263
2025-08-06T11:59:29,10.602,10.602,10.602,10.602,40.5789
2025-08-06T11:59:30,10.6039,10.6309,10.602,10.602,145.5789
2025-08-06T11:59:31,10.6039,10.6039,10.6039,10.6039,88.1579
2025-08-06T11:59:32,10.5982,10.6172,10.5982,10.6172,47.3684
2025-08-06T11:59:34,10.6362,10.6362,10.6362,10.6362,26.3158
2025-08-06T11:59:35,10.5887,10.5887,10.5887,10.5887,13.1053
2025-08-06T11:59:41,10.5906,10.5906,10.5906,10.5906,15.1053
2025-08-06T11:59:42,10.5906,10.5906,10.5906,10.5906,14.5789
2025-08-06T11:59:45,10.5906,10.5906,10.545,10.5906,1728.9474
2025-08-06T11:59:46,10.5469,10.5887,10.545,10.545,926.0526
2025-08-06T11:59:47,10.5032,10.5032,10.5032,10.5032,684.2105
2025-08-06T11:59:50,10.5032,10.5032,10.5013,10.5013,126.4737
2025-08-06T11:59:52,10.5032,10.5032,10.5032,10.5032,21.5789
2025-08-06T11:59:53,10.5032,10.5032,10.4823,10.4823,67.5789
2025-08-06T11:59:54,10.4614,10.4614,10.4519,10.4519,553.3158
2025-08-06T11:59:55,10.4804,10.4804,10.45,10.4633,495.7368
2025-08-06T11:59:56,10.45,10.45,10.45,10.45,163.8947
2025-08-06T11:59:57,10.4576,10.4576,10.45,10.45,412.8947
2025-08-06T11:59:58,10.45,10.45,10.45,10.45,25.5789
2025-08-06T12:00:00,10.45,10.45,10.45,10.45,881.1053
2025-08-06T12:00:01,10.4519,10.4519,10.45,10.4519,3204.1579
2025-08-06T12:00:02,10.45,10.4576,10.45,10.4576,959.4211
2025-08-06T12:00:03,10.45,10.4519,10.45,10.45,721.4211
2025-08-06T12:00:04,10.4519,10.4519,10.4519,10.4519,23.7368
2025-08-06T12:00:05,10.4633,10.4633,10.4633,10.4633,44.0526
2025-08-06T12:00:06,10.4519,10.4519,10.4519,10.4519,52.6316
2025-08-06T12:00:07,10.4576,10.4633,10.4519,10.4633,365.7368
2025-08-06T12:00:08,10.4652,10.5013,10.4633,10.4804,504.2105
2025-08-06T12:00:09,10.5013,10.5013,10.5013,10.5013,56.4211
2025-08-06T12:00:10,10.4842,10.488,10.4652,10.488,88.3684
2025-08-06T12:00:11,10.4842,10.4842,10.4842,10.4842,23.3158
2025-08-06T12:00:14,10.4861,10.488,10.4861,10.488,72.0
2025-08-06T12:00:19,10.4652,10.4652,10.4652,10.4652,55.1053
2025-08-06T12:00:20,10.4671,10.4671,10.4671,10.4671,5.2632
2025-08-06T12:00:21,10.488,10.488,10.488,10.488,52.6316
2025-08-06T12:00:22,10.4671,10.4671,10.4671,10.4671,48.3684
2025-08-06T12:00:24,10.5013,10.5013,10.5013,10.5013,26.5263
2025-08-06T12:00:29,10.4899,10.4899,10.4899,10.4899,29.9474
2025-08-06T12:00:31,10.4956,10.4956,10.488,10.488,107.7895
2025-08-06T12:00:33,10.4956,10.4956,10.4956,10.4956,8.0
2025-08-06T12:00:37,10.4956,10.4956,10.4899,10.4899,119.2632
2025-08-06T12:00:38,10.488,10.488,10.488,10.488,43.6316
2025-08-06T12:00:39,10.488,10.488,10.4671,10.469,169.0526
2025-08-06T12:00:41,10.4823,10.4823,10.4633,10.4652,81.3684
2025-08-06T12:00:47,10.4633,10.4633,10.4633,10.4633,5.7368
2025-08-06T12:00:52,10.4633,10.469,10.4633,10.469,53.3684
2025-08-06T12:00:54,10.4652,10.4652,10.4652,10.4652,69.9474
2025-08-06T12:00:58,10.469,10.469,10.469,10.469,22.0526
2025-08-06T12:00:59,10.4633,10.4633,10.4633,10.4633,265.0
2025-08-06T12:01:01,10.4633,10.4633,10.4633,10.4633,10.7368
2025-08-06T12:01:04,10.4662,10.4662,10.4661,10.4661,40.0526
2025-08-06T12:01:05,10.4633,10.4633,10.4633,10.4633,5.6842
2025-08-06T12:01:06,10.4633,10.4633,10.4633,10.4633,15.5789
2025-08-06T12:01:07,10.4633,10.4633,10.4633,10.4633,99.5789
2025-08-06T12:01:13,10.4652,10.4652,10.4652,10.4652,27.6316
2025-08-06T12:01:14,10.4671,10.469,10.4633,10.4633,130.6316
2025-08-06T12:01:18,10.4671,10.4671,10.4671,10.4671,28.8947
2025-08-06T12:01:19,10.4633,10.4633,10.4633,10.4633,90.3684
2025-08-06T12:01:22,10.4633,10.4633,10.4633,10.4633,107.2632
2025-08-06T12:01:26,10.4652,10.4652,10.4633,10.4633,58.5263
2025-08-06T12:01:29,10.4633,10.4633,10.4633,10.4633,25.5789
2025-08-06T12:01:33,10.4652,10.4652,10.4652,10.4652,13.8947
2025-08-06T12:01:39,10.4652,10.4652,10.4652,10.4652,69.1579
2025-08-06T12:01:41,10.4633,10.4633,10.4633,10.4633,46.4211
2025-08-06T12:01:42,10.4633,10.4652,10.3873,10.3892,4139.5789
2025-08-06T12:01:44,10.4462,10.4462,10.4462,10.4462,17.9474
2025-08-06T12:01:47,10.3873,10.3873,10.3873,10.3873,53.5789
2025-08-06T12:01:48,10.3892,10.3892,10.3873,10.3873,242.8421
2025-08-06T12:01:49,10.4139,10.4139,10.3892,10.3892,69.5789
2025-08-06T12:01:51,10.3911,10.3911,10.3911,10.3911,364.4737
2025-08-06T12:01:52,10.412,10.4139,10.3892,10.4139,72.7895
2025-08-06T12:01:53,10.3892,10.3892,10.3892,10.3892,42.5263
2025-08-06T12:01:54,10.4025,10.4139,10.3892,10.3892,199.1579
2025-08-06T12:01:55,10.4006,10.4101,10.3892,10.4101,105.0
2025-08-06T12:01:56,10.412,10.412,10.4101,10.4101,37.0
2025-08-06T12:01:57,10.4025,10.4025,10.4025,10.4025,18.3158
2025-08-06T12:01:58,10.4044,10.4101,10.3892,10.4101,315.2105
2025-08-06T12:01:59,10.4025,10.4025,10.3892,10.3892,54.6842
2025-08-06T12:02:00,10.4101,10.4101,10.4101,10.4101,13.3684
2025-08-06T12:02:01,10.412,10.412,10.412,10.412,7.7895
2025-08-06T12:02:02,10.412,10.412,10.412,10.412,8.1579
2025-08-06T12:02:03,10.4281,10.4281,10.4139,10.4139,283.5263
2025-08-06T12:02:04,10.412,10.4424,10.412,10.4424,53.1579
2025-08-06T12:02:06,10.4443,10.4443,10.412,10.412,37.8947
2025-08-06T12:02:07,10.4405,10.4405,10.4405,10.4405,6.7368
2025-08-06T12:02:09,10.412,10.4405,10.412,10.4405,65.1579
2025-08-06T12:02:10,10.4424,10.4424,10.4253,10.4253,273.3684
2025-08-06T12:02:12,10.4177,10.4234,10.4101,10.4101,1338.0526
2025-08-06T12:02:13,10.4405,10.4405,10.4405,10.4405,9.8947
2025-08-06T12:02:16,10.4424,10.4424,10.4424,10.4424,131.5789
2025-08-06T12:02:21,10.4405,10.4424,10.4405,10.4424,69.4737
2025-08-06T12:02:24,10.412,10.412,10.412,10.412,26.3158
2025-08-06T12:02:28,10.4139,10.4139,10.4139,10.4139,9.7895
2025-08-06T12:02:29,10.4139,10.4139,10.4139,10.4139,13.1579
2025-08-06T12:02:32,10.412,10.412,10.412,10.412,10.5263
2025-08-06T12:02:36,10.412,10.4139,10.412,10.4139,284.2105
2025-08-06T12:02:37,10.4139,10.4139,10.4139,10.4139,13.5789
2025-08-06T12:02:38,10.4139,10.4139,10.4139,10.4139,8.0526
2025-08-06T12:02:39,10.412,10.4139,10.412,10.412,218.3158
2025-08-06T12:02:40,10.412,10.4139,10.412,10.4139,37.8947
2025-08-06T12:02:42,10.412,10.412,10.412,10.412,52.2632
2025-08-06T12:02:47,10.412,10.412,10.412,10.412,112.0
2025-08-06T12:02:48,10.412,10.412,10.412,10.412,10.1053
2025-08-06T12:02:51,10.412,10.412,10.4101,10.4101,49.3684
2025-08-06T12:02:52,10.4111,10.4111,10.4101,10.4101,422.0526
2025-08-06T12:02:53,10.4101,10.412,10.4101,10.412,431.5789
2025-08-06T12:02:54,10.412,10.412,10.4101,10.4101,27.5789
2025-08-06T12:02:55,10.4101,10.4101,10.4101,10.4101,5.2632
2025-08-06T12:02:56,10.4101,10.4101,10.4101,10.4101,448.1053
2025-08-06T12:02:57,10.4101,10.4101,10.4101,10.4101,70.1579
2025-08-06T12:02:58,10.4101,10.4101,10.4101,10.4101,10.2632
2025-08-06T12:03:01,10.412,10.412,10.4101,10.4101,34.1579
2025-08-06T12:03:05,10.4101,10.4424,10.4101,10.4424,1055.0526
2025-08-06T12:03:07,10.4101,10.4101,10.4101,10.4101,42.1053
2025-08-06T12:03:08,10.4101,10.4101,10.4006,10.4006,526.8421
2025-08-06T12:03:10,10.4101,10.4101,10.4101,10.4101,52.7368
2025-08-06T12:03:12,10.4025,10.4101,10.4025,10.4101,63.7895
2025-08-06T12:03:14,10.4006,10.4006,10.4006,10.4006,43.2105
2025-08-06T12:03:15,10.4006,10.4025,10.4006,10.4025,64.4737
2025-08-06T12:03:17,10.4006,10.4006,10.3873,10.3896,133.3158
2025-08-06T12:03:18,10.3854,10.3854,10.2847,10.3122,1204.0
2025-08-06T12:03:19,10.3018,10.3398,10.3018,10.3398,18.7368
2025-08-06T12:03:20,10.2828,10.2828,10.2828,10.2828,39.0526
2025-08-06T12:03:21,10.2771,10.2923,10.26,10.2923,444.1053
2025-08-06T12:03:22,10.241,10.241,10.1289,10.1308,866.5263
2025-08-06T12:03:23,10.1308,10.1707,10.1289,10.1707,309.8947
2025-08-06T12:03:25,10.1308,10.1612,10.1308,10.1612,402.6316
2025-08-06T12:03:26,10.1327,10.1802,10.1289,10.1289,1324.4737
2025-08-06T12:03:27,10.1432,10.1432,10.1289,10.1308,503.9474
2025-08-06T12:03:29,10.146,10.146,10.146,10.146,10.5263
2025-08-06T12:03:31,10.1308,10.1574,10.1308,10.1327,242.1579
2025-08-06T12:03:32,10.1555,10.1802,10.1327,10.1802,193.6316
2025-08-06T12:03:33,10.2021,10.2021,10.2021,10.2021,11.3684
2025-08-06T12:03:34,10.1954,10.1973,10.1532,10.1532,106.2105
2025-08-06T12:03:36,10.1954,10.2277,10.1954,10.2277,16.2105
2025-08-06T12:03:40,10.26,10.26,10.2106,10.2106,1664.3684
2025-08-06T12:03:42,10.2372,10.2372,10.2372,10.2372,106.8421
2025-08-06T12:03:43,10.2752,10.2752,10.2752,10.2752,53.5789
2025-08-06T12:03:44,10.2391,10.2505,10.2391,10.2505,26.7368
2025-08-06T12:03:45,10.3018,10.3018,10.2942,10.2942,152.7368
2025-08-06T12:03:46,10.2942,10.2942,10.2942,10.2942,5.4211
2025-08-06T12:03:47,10.3151,10.3151,10.3151,10.3151,12.9474
2025-08-06T12:03:48,10.3132,10.4006,10.3132,10.3341,1147.2632
2025-08-06T12:03:53,10.3683,10.3683,10.3362,10.3362,42.1053
2025-08-06T12:03:54,10.336,10.3379,10.336,10.3379,126.9474
2025-08-06T12:03:57,10.355,10.3552,10.355,10.3552,210.5263
2025-08-06T12:03:59,10.336,10.336,10.336,10.336,26.3158
2025-08-06T12:04:00,10.3341,10.3341,10.3341,10.3341,9.1579
2025-08-06T12:04:01,10.3341,10.3358,10.3037,10.3037,49.7368
2025-08-06T12:04:02,10.3322,10.3322,10.3322,10.3322,232.7368
2025-08-06T12:04:05,10.3037,10.3037,10.2752,10.2752,55.2632
2025-08-06T12:04:13,10.2933,10.2933,10.2933,10.2933,10.5263
2025-08-06T12:04:14,10.317,10.317,10.2932,10.2932,462.4211
2025-08-06T12:04:15,10.2676,10.2676,10.2676,10.2676,35.8421
2025-08-06T12:04:18,10.2904,10.3018,10.2904,10.2942,97.8947
2025-08-06T12:04:19,10.2752,10.2923,10.2752,10.2923,39.7368
2025-08-06T12:04:23,10.2961,10.2961,10.2961,10.2961,24.3158
2025-08-06T12:04:25,10.2733,10.2733,10.2733,10.2733,25.8421
2025-08-06T12:04:26,10.2771,10.2771,10.2771,10.2771,37.8421
2025-08-06T12:04:27,10.2752,10.2885,10.2752,10.2885,52.7368
2025-08-06T12:04:31,10.2752,10.2752,10.2752,10.2752,33.1579
2025-08-06T12:04:32,10.2771,10.2771,10.2771,10.2771,58.4211
2025-08-06T12:04:33,10.3018,10.3018,10.3018,10.3018,93.4211
2025-08-06T12:04:35,10.2904,10.2904,10.2904,10.2904,106.7368
2025-08-06T12:04:36,10.2885,10.2885,10.2885,10.2885,74.5789
2025-08-06T12:04:37,10.2904,10.3284,10.2904,10.3284,160.4211
2025-08-06T12:04:40,10.3094,10.3094,10.3094,10.3094,52.6316
2025-08-06T12:04:46,10.3265,10.3265,10.3265,10.3265,26.3684
2025-08-06T12:04:49,10.3094,10.3094,10.3094,10.3094,11.8421
2025-08-06T12:04:52,10.3075,10.3075,10.3075,10.3075,7.4211
2025-08-06T12:05:02,10.3075,10.3379,10.3075,10.3075,399.2632
2025-08-06T12:05:09,10.3132,10.3151,10.3132,10.3151,289.4737
2025-08-06T12:05:14,10.3588,10.3588,10.3588,10.3588,22.8947
2025-08-06T12:05:16,10.3588,10.3588,10.3588,10.3588,51.5789
2025-08-06T12:05:17,10.4025,10.4025,10.4025,10.4025,23.6316
2025-08-06T12:05:19,10.3607,10.4025,10.3588,10.3588,50.0526
2025-08-06T12:05:24,10.3607,10.4006,10.3607,10.3607,65.7895
2025-08-06T12:05:27,10.4025,10.4025,10.4025,10.4025,26.3158
2025-08-06T12:05:36,10.3645,10.374,10.3645,10.374,94.7368
2025-08-06T12:05:37,10.4025,10.4025,10.4025,10.4025,26.3158
2025-08-06T12:05:38,10.4006,10.4025,10.393,10.4006,466.0
2025-08-06T12:05:39,10.4025,10.4025,10.4025,10.4025,23.5789
2025-08-06T12:05:43,10.393,10.393,10.393,10.393,5.2632
2025-08-06T12:05:44,10.4006,10.4006,10.4006,10.4006,8.1053
2025-08-06T12:05:48,10.3883,10.393,10.3883,10.393,29.6842
2025-08-06T12:05:50,10.3968,10.4025,10.3864,10.3948,361.8947
2025-08-06T12:05:51,10.431,10.431,10.431,10.431,105.2632
2025-08-06T12:05:53,10.412,10.412,10.412,10.412,66.1053
2025-08-06T12:05:54,10.4025,10.4025,10.4025,10.4025,200.0526
2025-08-06T12:05:55,10.4025,10.4025,10.4025,10.4025,50.0
2025-08-06T12:05:56,10.4025,10.412,10.4025,10.412,449.2632
2025-08-06T12:05:57,10.412,10.412,10.412,10.412,157.8947
2025-08-06T12:05:59,10.4025,10.412,10.4025,10.412,60.9474
2025-08-06T12:06:01,10.412,10.412,10.412,10.412,383.4737
2025-08-06T12:06:02,10.4063,10.412,10.4063,10.4082,319.8947
2025-08-06T12:06:03,10.431,10.431,10.431,10.431,12.6842
2025-08-06T12:06:05,10.4329,10.4329,10.4272,10.4272,48.4211
2025-08-06T12:06:06,10.45,10.45,10.4405,10.4405,50.0526
2025-08-06T12:06:07,10.45,10.5317,10.4462,10.5317,29.9474
2025-08-06T12:06:08,10.4367,10.4367,10.4367,10.4367,33.7895
2025-08-06T12:06:10,10.4567,10.4567,10.4567,10.4567,51.7895
2025-08-06T12:06:11,10.4567,10.4567,10.4567,10.4567,50.0
2025-08-06T12:06:13,10.4576,10.4576,10.4576,10.4576,24.7895
2025-08-06T12:06:14,10.4471,10.4471,10.4471,10.4471,10.7895
2025-08-06T12:06:16,10.4367,10.4367,10.4367,10.4367,15.7895
2025-08-06T12:06:17,10.4576,10.4576,10.4576,10.4576,52.6316
2025-08-06T12:06:18,10.4576,10.4576,10.4567,10.4567,632.6316
2025-08-06T12:06:21,10.4766,10.4766,10.4576,10.4576,82.2632
2025-08-06T12:06:23,10.4681,10.4681,10.4681,10.4681,10.0
2025-08-06T12:06:24,10.4595,10.4595,10.4595,10.4595,60.4211
2025-08-06T12:06:25,10.4595,10.4595,10.4595,10.4595,5.3158
2025-08-06T12:06:26,10.469,10.469,10.469,10.469,15.7368
2025-08-06T12:06:27,10.469,10.469,10.469,10.469,12.6316
2025-08-06T12:06:28,10.4576,10.4576,10.4576,10.4576,48.1579
2025-08-06T12:06:30,10.4595,10.4766,10.4595,10.4766,555.8947
2025-08-06T12:06:34,10.4766,10.4766,10.469,10.469,75.6316
2025-08-06T12:06:35,10.469,10.4728,10.469,10.4728,80.5789
2025-08-06T12:06:37,10.4747,10.4747,10.4747,10.4747,20.4211
2025-08-06T12:06:38,10.4766,10.4766,10.4766,10.4766,226.2632
2025-08-06T12:06:39,10.4695,10.4695,10.4695,10.4695,26.3158
2025-08-06T12:06:40,10.4766,10.4766,10.4766,10.4766,52.6316
2025-08-06T12:06:42,10.4766,10.4766,10.4766,10.4766,15.8421
2025-08-06T12:06:44,10.469,10.469,10.469,10.469,21.2105
2025-08-06T12:06:46,10.469,10.469,10.469,10.469,29.2632
2025-08-06T12:06:48,10.469,10.469,10.469,10.469,86.1053
2025-08-06T12:06:50,10.469,10.4709,10.469,10.4709,166.9474
2025-08-06T12:06:52,10.469,10.469,10.469,10.469,15.7368
2025-08-06T12:06:53,10.4652,10.4652,10.4652,10.4652,27.9474
2025-08-06T12:06:54,10.469,10.469,10.4664,10.4664,81.5789
2025-08-06T12:06:55,10.4652,10.4652,10.4595,10.4595,55.7368
2025-08-06T12:06:56,10.4671,10.4671,10.4614,10.4614,194.4211
2025-08-06T12:06:57,10.4595,10.469,10.4576,10.4671,557.5789
2025-08-06T12:07:00,10.4728,10.4728,10.4272,10.4272,200.9474
2025-08-06T12:07:01,10.4139,10.4139,10.4139,10.4139,32.8947
2025-08-06T12:07:02,10.4709,10.4709,10.4709,10.4709,7.8947
2025-08-06T12:07:03,10.412,10.412,10.4025,10.412,110.7895
2025-08-06T12:07:04,10.4139,10.4139,10.4139,10.4139,16.4737
2025-08-06T12:07:12,10.4139,10.4139,10.4139,10.4139,25.7895
2025-08-06T12:07:13,10.4158,10.4158,10.4158,10.4158,18.1579
2025-08-06T12:07:15,10.4424,10.4424,10.4424,10.4424,105.2632
2025-08-06T12:07:26,10.4158,10.4158,10.4158,10.4158,36.6316
2025-08-06T12:07:38,10.4272,10.4272,10.4272,10.4272,10.5263
2025-08-06T12:07:39,10.431,10.4479,10.431,10.4479,30.6316
2025-08-06T12:07:42,10.432,10.4462,10.432,10.4462,67.1053
2025-08-06T12:07:46,10.4424,10.4424,10.4367,10.4367,142.1579
2025-08-06T12:07:49,10.4424,10.4424,10.4424,10.4424,20.3158
2025-08-06T12:07:51,10.4424,10.4823,10.4405,10.469,475.8421
2025-08-06T12:07:52,10.5317,10.5317,10.5317,10.5317,23.2632
2025-08-06T12:07:53,10.4861,10.4861,10.4861,10.4861,53.2105
2025-08-06T12:07:57,10.4861,10.488,10.4139,10.4614,243.0
2025-08-06T12:08:01,10.4348,10.4348,10.4348,10.4348,38.5263
2025-08-06T12:08:17,10.4519,10.4519,10.4519,10.4519,26.3158
2025-08-06T12:08:18,10.4405,10.4405,10.4405,10.4405,5.2632
2025-08-06T12:08:19,10.4519,10.4519,10.4519,10.4519,19.6842
2025-08-06T12:08:23,10.4272,10.4272,10.4272,10.4272,33.2105
2025-08-06T12:08:24,10.4386,10.4386,10.4386,10.4386,5.2632
2025-08-06T12:08:27,10.4291,10.4291,10.4272,10.4272,244.0526
2025-08-06T12:08:28,10.4272,10.4272,10.4272,10.4272,44.1579
2025-08-06T12:08:33,10.4291,10.4291,10.4291,10.4291,77.4737
2025-08-06T12:08:34,10.4481,10.4481,10.4481,10.4481,26.3158
2025-08-06T12:08:35,10.431,10.431,10.431,10.431,64.6842
2025-08-06T12:08:36,10.4291,10.4367,10.4291,10.4367,78.9474
2025-08-06T12:08:38,10.4272,10.4272,10.4272,10.4272,446.7368
2025-08-06T12:08:42,10.4481,10.4481,10.4481,10.4481,9.6842
2025-08-06T12:08:45,10.4291,10.4291,10.4272,10.4272,554.4211
2025-08-06T12:08:51,10.4272,10.4272,10.4272,10.4272,52.6316
2025-08-06T12:08:52,10.4272,10.4272,10.4272,10.4272,68.2105
2025-08-06T12:08:59,10.4272,10.4272,10.4272,10.4272,91.4211
2025-08-06T12:09:00,10.4386,10.4386,10.4386,10.4386,31.5789
2025-08-06T12:09:11,10.4367,10.4367,10.4367,10.4367,5.3158
2025-08-06T12:09:17,10.4177,10.4177,10.4158,10.4158,35.0526
2025-08-06T12:09:18,10.4158,10.4158,10.4158,10.4158,99.7895
2025-08-06T12:09:19,10.4158,10.4158,10.4158,10.4158,26.4211
2025-08-06T12:09:20,10.4348,10.4348,10.4348,10.4348,11.0
2025-08-06T12:09:24,10.4348,10.4348,10.4177,10.4177,60.1053
2025-08-06T12:09:25,10.4329,10.4861,10.4329,10.4861,814.4211
2025-08-06T12:09:28,10.5317,10.5317,10.4424,10.4424,15.5263
2025-08-06T12:09:34,10.4481,10.4481,10.4481,10.4481,68.5789
2025-08-06T12:09:35,10.4481,10.4747,10.4462,10.4462,84.2105
2025-08-06T12:09:38,10.4481,10.4538,10.4481,10.4538,21.0526
2025-08-06T12:09:39,10.526,10.526,10.526,10.526,65.7895
2025-08-06T12:09:42,10.5241,10.5241,10.5241,10.5241,5.2632
2025-08-06T12:09:45,10.488,10.488,10.488,10.488,7.8947
2025-08-06T12:09:49,10.5241,10.5241,10.5241,10.5241,37.6842
2025-08-06T12:09:50,10.488,10.4899,10.4538,10.4538,863.4737
2025-08-06T12:09:54,10.5222,10.526,10.5222,10.526,789.4737
2025-08-06T12:09:57,10.526,10.526,10.526,10.526,12.6842
2025-08-06T12:09:58,10.5168,10.5168,10.4538,10.4538,531.5789
2025-08-06T12:10:03,10.526,10.526,10.526,10.526,28.4737
2025-08-06T12:10:09,10.5222,10.5222,10.5222,10.5222,15.7895
2025-08-06T12:10:11,10.4595,10.4595,10.4595,10.4595,14.7368
2025-08-06T12:10:15,10.4576,10.4576,10.4576,10.4576,10.5263
2025-08-06T12:10:17,10.4899,10.5336,10.4899,10.5108,907.8421
2025-08-06T12:10:18,10.5488,10.5488,10.5488,10.5488,9.2632
2025-08-06T12:10:20,10.545,10.545,10.5431,10.5431,684.2105
2025-08-06T12:10:21,10.5165,10.5165,10.5165,10.5165,342.1053
2025-08-06T12:10:22,10.545,10.545,10.545,10.545,8.4211
2025-08-06T12:10:24,10.5385,10.5385,10.488,10.488,252.6316
2025-08-06T12:10:28,10.488,10.488,10.488,10.488,7.8947
2025-08-06T12:10:35,10.5507,10.5678,10.5336,10.5583,331.1053
2025-08-06T12:10:36,10.5583,10.5583,10.5374,10.5583,45.8947
2025-08-06T12:10:38,10.5849,10.5849,10.5849,10.5849,342.1053
2025-08-06T12:10:44,10.602,10.6875,10.602,10.6875,1148.9474
2025-08-06T12:10:45,10.7008,10.7008,10.6799,10.6799,558.8947
2025-08-06T12:10:47,10.6647,10.6647,10.6647,10.6647,16.8947
2025-08-06T12:10:48,10.7331,10.7331,10.7331,10.7331,8.3158
2025-08-06T12:10:49,10.6628,10.6628,10.6628,10.6628,16.4211
2025-08-06T12:10:50,10.6989,10.7331,10.6989,10.7331,130.4737
2025-08-06T12:10:54,10.716,10.716,10.716,10.716,5.6842
2025-08-06T12:10:55,10.6704,10.6704,10.6704,10.6704,521.0526
2025-08-06T12:10:56,10.7141,10.7141,10.6704,10.6704,18.5263
2025-08-06T12:10:57,10.6685,10.6685,10.6685,10.6685,5.3684
2025-08-06T12:10:59,10.6932,10.6932,10.6932,10.6932,41.5263
2025-08-06T12:11:00,10.716,10.716,10.716,10.716,61.0526
2025-08-06T12:11:05,10.7141,10.716,10.6951,10.716,119.4737
2025-08-06T12:11:06,10.7198,10.7388,10.6951,10.6951,725.1053
2025-08-06T12:11:07,10.716,10.7559,10.7141,10.7559,1316.3684
2025-08-06T12:11:08,10.7616,10.792,10.7331,10.792,302.1579
2025-08-06T12:11:09,10.8281,10.83,10.8281,10.8281,351.0526
2025-08-06T12:11:10,10.8281,10.83,10.8186,10.83,815.6842
2025-08-06T12:11:12,10.773,10.8281,10.773,10.8015,49.8947
2025-08-06T12:11:13,10.8015,10.83,10.7768,10.8034,345.3158
2025-08-06T12:11:14,10.7787,10.83,10.773,10.83,544.2632
2025-08-06T12:11:15,10.8167,10.8186,10.8167,10.8186,110.2632
2025-08-06T12:11:16,10.7578,10.7578,10.7179,10.7179,400.9474
2025-08-06T12:11:17,10.7901,10.7901,10.7901,10.7901,9.1579
2025-08-06T12:11:19,10.7511,10.792,10.7502,10.7901,2915.1053
2025-08-06T12:11:22,10.716,10.7179,10.716,10.7179,151.8947
2025-08-06T12:11:23,10.7901,10.7901,10.7901,10.7901,10.5263
2025-08-06T12:11:24,10.754,10.754,10.754,10.754,27.8947
2025-08-06T12:11:28,10.792,10.792,10.773,10.773,255.3158
2025-08-06T12:11:29,10.78,10.7996,10.78,10.7996,44.7368
2025-08-06T12:11:31,10.8262,10.8262,10.8243,10.8243,697.3684
2025-08-06T12:11:33,10.8262,10.8262,10.8262,10.8262,789.4737
2025-08-06T12:11:34,10.8243,10.8243,10.811,10.811,75.3684
2025-08-06T12:11:38,10.811,10.811,10.8015,10.8015,418.3158
2025-08-06T12:11:39,10.811,10.811,10.7996,10.7996,231.5789
2025-08-06T12:11:40,10.8015,10.8015,10.8015,10.8015,342.1053
2025-08-06T12:11:41,10.811,10.811,10.8015,10.8015,594.7368
2025-08-06T12:11:42,10.811,10.811,10.8015,10.8015,412.5789
2025-08-06T12:11:43,10.7996,10.7996,10.773,10.773,27.7895
2025-08-06T12:11:44,10.811,10.811,10.7996,10.7996,106.4737
2025-08-06T12:11:45,10.7996,10.7996,10.7635,10.7635,352.7368
2025-08-06T12:11:46,10.7616,10.7616,10.7616,10.7616,140.6316
2025-08-06T12:11:47,10.7274,10.7274,10.7274,10.7274,526.3158
2025-08-06T12:11:48,10.7293,10.7293,10.7293,10.7293,272.6316
2025-08-06T12:11:49,10.7445,10.773,10.7445,10.7445,52.6316
2025-08-06T12:11:51,10.7787,10.7787,10.7369,10.7369,102.0526
2025-08-06T12:11:53,10.7502,10.7502,10.7502,10.7502,122.3158
2025-08-06T12:11:54,10.7521,10.7521,10.7521,10.7521,78.6316
2025-08-06T12:11:55,10.7616,10.7616,10.7616,10.7616,21.0526
2025-08-06T12:11:59,10.7787,10.7787,10.7787,10.7787,14.2632
2025-08-06T12:12:01,10.7635,10.7787,10.7635,10.7787,63.1579
2025-08-06T12:12:02,10.7766,10.7768,10.7766,10.7768,13.1579
2025-08-06T12:12:03,10.7616,10.7616,10.7616,10.7616,105.2632
2025-08-06T12:12:04,10.7768,10.7787,10.7673,10.7787,29.0526
2025-08-06T12:12:06,10.7768,10.7768,10.7768,10.7768,27.0
2025-08-06T12:12:07,10.7768,10.7768,10.7768,10.7768,80.0
2025-08-06T12:12:08,10.773,10.773,10.773,10.773,44.2105
2025-08-06T12:12:13,10.773,10.773,10.773,10.773,224.3158
2025-08-06T12:12:14,10.773,10.773,10.7616,10.7616,39.5263
2025-08-06T12:12:15,10.7635,10.773,10.7635,10.773,99.0526
2025-08-06T12:12:17,10.7616,10.7616,10.7616,10.7616,105.2632
2025-08-06T12:12:20,10.7711,10.7711,10.7711,10.7711,18.8947
2025-08-06T12:12:22,10.7635,10.7635,10.7635,10.7635,157.8947
2025-08-06T12:12:25,10.7616,10.7654,10.7616,10.7616,135.8947
2025-08-06T12:12:26,10.7616,10.7616,10.7559,10.7559,136.0
2025-08-06T12:12:30,10.7559,10.7559,10.7559,10.7559,106.8421
2025-08-06T12:12:31,10.7559,10.7559,10.7559,10.7559,34.5789
2025-08-06T12:12:32,10.7521,10.754,10.7521,10.754,89.6842
2025-08-06T12:12:34,10.7521,10.7521,10.7521,10.7521,13.7895
2025-08-06T12:12:35,10.7312,10.7312,10.7312,10.7312,26.3158
2025-08-06T12:12:38,10.7293,10.7293,10.7293,10.7293,41.7895
2025-08-06T12:12:39,10.7502,10.7502,10.7502,10.7502,52.6316
2025-08-06T12:12:40,10.7293,10.7293,10.7293,10.7293,13.6316
2025-08-06T12:12:42,10.7521,10.7521,10.7293,10.7312,709.0526
2025-08-06T12:12:44,10.7293,10.7293,10.7293,10.7293,61.8947
2025-08-06T12:12:46,10.7274,10.7274,10.7274,10.7274,21.1579
2025-08-06T12:12:47,10.7274,10.7274,10.7274,10.7274,33.8421
2025-08-06T12:12:48,10.7274,10.7274,10.7274,10.7274,7.8947
2025-08-06T12:12:49,10.7274,10.7274,10.7274,10.7274,35.5263
2025-08-06T12:12:51,10.7293,10.7293,10.7293,10.7293,13.1579
2025-08-06T12:12:52,10.7283,10.7283,10.7274,10.7274,109.4737
2025-08-06T12:12:56,10.7274,10.7274,10.716,10.716,242.2632
2025-08-06T12:13:00,10.7274,10.7274,10.716,10.716,34.3158
2025-08-06T12:13:01,10.7274,10.7274,10.7274,10.7274,52.6316
2025-08-06T12:13:02,10.7274,10.7274,10.716,10.716,45.5789
2025-08-06T12:13:03,10.716,10.716,10.716,10.716,52.6316
2025-08-06T12:13:05,10.716,10.716,10.716,10.716,20.4737
2025-08-06T12:13:06,10.716,10.716,10.716,10.716,18.3684
2025-08-06T12:13:09,10.716,10.716,10.716,10.716,11.6842
2025-08-06T12:13:11,10.7274,10.7635,10.7274,10.7635,2039.0526
2025-08-06T12:13:12,10.7749,10.7977,10.7388,10.7806,117.8421
2025-08-06T12:13:13,10.811,10.811,10.811,10.811,34.2105
2025-08-06T12:13:14,10.8091,10.8091,10.8091,10.8091,53.9474
2025-08-06T12:13:15,10.8072,10.8072,10.7806,10.7806,346.8421
2025-08-06T12:13:16,10.8091,10.8091,10.8091,10.8091,30.6316
2025-08-06T12:13:17,10.8091,10.8243,10.8091,10.8243,1052.6842
2025-08-06T12:13:18,10.7806,10.8224,10.7806,10.811,354.1579
2025-08-06T12:13:19,10.7825,10.8205,10.7825,10.8034,590.5789
2025-08-06T12:13:23,10.8197,10.8197,10.8197,10.8197,57.5263
2025-08-06T12:13:24,10.8091,10.8091,10.8091,10.8091,41.7368
2025-08-06T12:13:25,10.811,10.8205,10.811,10.811,170.9474
2025-08-06T12:13:26,10.811,10.811,10.811,10.811,105.2632
2025-08-06T12:13:27,10.8158,10.8158,10.8091,10.8091,458.5789
2025-08-06T12:13:28,10.7939,10.7939,10.7407,10.7825,651.0
2025-08-06T12:13:29,10.8034,10.8034,10.8034,10.8034,24.2105
2025-08-06T12:13:30,10.8034,10.8034,10.8015,10.8015,97.9474
2025-08-06T12:13:31,10.8034,10.8034,10.8034,10.8034,56.9474
2025-08-06T12:13:32,10.8015,10.8015,10.8015,10.8015,17.1579
2025-08-06T12:13:34,10.716,10.716,10.716,10.716,74.4737
2025-08-06T12:13:36,10.8015,10.8015,10.8015,10.8015,15.7895
2025-08-06T12:13:37,10.8015,10.8015,10.7578,10.7578,210.1053
2025-08-06T12:13:40,10.7578,10.7578,10.7578,10.7578,263.1579
2025-08-06T12:13:41,10.7634,10.7634,10.7634,10.7634,5.2632
2025-08-06T12:13:42,10.7996,10.7996,10.7996,10.7996,5.2632
2025-08-06T12:13:43,10.7996,10.7996,10.7578,10.7578,35.7368
2025-08-06T12:13:44,10.8015,10.8015,10.8015,10.8015,11.6316
2025-08-06T12:13:46,10.7806,10.7977,10.7787,10.7787,292.5263
2025-08-06T12:13:47,10.7787,10.7787,10.7787,10.7787,36.8421
2025-08-06T12:13:48,10.7958,10.7958,10.7787,10.7787,188.4211
2025-08-06T12:13:49,10.7882,10.7882,10.7882,10.7882,157.8947
2025-08-06T12:13:50,10.7977,10.7977,10.7977,10.7977,5.2632
2025-08-06T12:13:51,10.7806,10.7806,10.7806,10.7806,262.1053
2025-08-06T12:14:05,10.7958,10.7958,10.7958,10.7958,15.7895
2025-08-06T12:14:11,10.7958,10.7958,10.7806,10.7806,263.1579
2025-08-06T12:14:12,10.7825,10.811,10.7825,10.7939,901.5789
2025-08-06T12:14:13,10.7939,10.7958,10.7882,10.7958,234.7895
2025-08-06T12:14:14,10.7958,10.9041,10.7939,10.849,2457.4211
2025-08-06T12:14:15,10.83,10.8699,10.83,10.8699,1233.4211
2025-08-06T12:14:16,10.8699,10.8699,10.8015,10.8034,631.4737
2025-08-06T12:14:17,10.8718,10.8718,10.868,10.8699,921.0526
2025-08-06T12:14:18,10.8699,10.8718,10.8699,10.8718,348.0
2025-08-06T12:14:20,10.8376,10.8699,10.8376,10.8699,82.6842
2025-08-06T12:14:21,10.8699,10.8718,10.8357,10.8718,120.4737
2025-08-06T12:14:22,10.8366,10.8366,10.8366,10.8366,67.2632
2025-08-06T12:14:24,10.8034,10.8167,10.8034,10.8167,69.6316
2025-08-06T12:14:26,10.7977,10.7977,10.7977,10.7977,521.0526
2025-08-06T12:14:27,10.7977,10.7977,10.7977,10.7977,86.2105
2025-08-06T12:14:29,10.8376,10.8566,10.8376,10.8566,121.5263
2025-08-06T12:14:31,10.8946,10.8946,10.8946,10.8946,29.2105
2025-08-06T12:14:33,10.849,10.849,10.8376,10.8376,58.2105
2025-08-06T12:14:35,10.8851,10.887,10.8851,10.887,17.1579
2025-08-06T12:14:36,10.887,10.887,10.887,10.887,25.9474
2025-08-06T12:14:39,10.8604,10.8851,10.8604,10.8832,59.0
2025-08-06T12:14:40,10.8376,10.8756,10.7844,10.8756,306.6842
2025-08-06T12:14:42,10.8357,10.8661,10.8072,10.8072,545.5263
2025-08-06T12:14:45,10.8452,10.9041,10.8452,10.8946,3087.9474
2025-08-06T12:14:46,10.8946,10.9041,10.8851,10.9041,604.7368
2025-08-06T12:14:47,10.8756,10.9041,10.8756,10.9041,4738.7895
2025-08-06T12:14:48,10.887,10.887,10.887,10.887,522.1053
2025-08-06T12:14:49,10.8965,10.8965,10.83,10.8471,824.9474
2025-08-06T12:14:50,10.8471,10.8471,10.8471,10.8471,47.1579
2025-08-06T12:14:51,10.8661,10.8661,10.8661,10.8661,65.9474
2025-08-06T12:14:54,10.868,10.868,10.868,10.868,106.7368
2025-08-06T12:14:55,10.8661,10.868,10.8661,10.868,64.2632
2025-08-06T12:14:56,10.8661,10.868,10.8661,10.867,562.0526
2025-08-06T12:14:57,10.868,10.868,10.8661,10.8661,330.2105
2025-08-06T12:14:58,10.867,10.868,10.8661,10.868,494.7368
2025-08-06T12:14:59,10.8661,10.8661,10.8661,10.8661,9.3684
2025-08-06T12:15:00,10.867,10.867,10.867,10.867,13.1579
2025-08-06T12:15:02,10.868,10.868,10.867,10.868,405.4737
2025-08-06T12:15:03,10.868,10.868,10.868,10.868,343.3684
2025-08-06T12:15:06,10.867,10.868,10.867,10.868,536.8421
2025-08-06T12:15:07,10.8661,10.8661,10.8661,10.8661,24.9474
2025-08-06T12:15:09,10.8395,10.8395,10.8395,10.8395,342.1053
2025-08-06T12:15:10,10.8395,10.8395,10.8395,10.8395,342.1053
2025-08-06T12:15:11,10.8395,10.8519,10.8376,10.8519,200.4737
2025-08-06T12:15:12,10.8642,10.8642,10.8642,10.8642,105.2632
2025-08-06T12:15:16,10.8376,10.8395,10.8243,10.83,72.8421
2025-08-06T12:15:17,10.8604,10.8604,10.8319,10.8319,421.7895
2025-08-06T12:15:18,10.8433,10.8433,10.8433,10.8433,36.4737
2025-08-06T12:15:20,10.83,10.83,10.8243,10.8243,149.9474
2025-08-06T12:15:21,10.83,10.83,10.8262,10.8262,42.9474
2025-08-06T12:15:22,10.83,10.83,10.8243,10.8243,68.4211
2025-08-06T12:15:23,10.83,10.83,10.83,10.83,41.1053
2025-08-06T12:15:26,10.8243,10.8262,10.8243,10.8262,210.6316
2025-08-06T12:15:27,10.8262,10.8262,10.8262,10.8262,16.6316
2025-08-06T12:15:28,10.8243,10.8243,10.8243,10.8243,33.7895
2025-08-06T12:15:31,10.8262,10.8262,10.8262,10.8262,16.5263
2025-08-06T12:15:32,10.8243,10.8243,10.8243,10.8243,47.0
2025-08-06T12:15:33,10.8262,10.8262,10.8262,10.8262,23.0
2025-08-06T12:15:34,10.8243,10.8262,10.7787,10.7825,246.5789
2025-08-06T12:15:36,10.7806,10.8006,10.7806,10.8006,16.5789
2025-08-06T12:15:37,10.7806,10.7996,10.7806,10.7996,70.8947
2025-08-06T12:15:38,10.7844,10.7844,10.7844,10.7844,21.7368
2025-08-06T12:15:40,10.8205,10.8205,10.8205,10.8205,11.0
2025-08-06T12:15:41,10.7825,10.7825,10.7825,10.7825,20.4211
2025-08-06T12:15:45,10.8205,10.8205,10.8205,10.8205,10.5263
2025-08-06T12:15:47,10.7825,10.8205,10.7825,10.8205,1578.9474
2025-08-06T12:15:49,10.792,10.8205,10.792,10.8205,137.1053
2025-08-06T12:15:53,10.792,10.792,10.792,10.792,17.3684
2025-08-06T12:15:55,10.8186,10.8186,10.8005,10.8186,284.2105
2025-08-06T12:16:00,10.7825,10.7825,10.7825,10.7825,21.3158
2025-08-06T12:16:01,10.8167,10.8167,10.8167,10.8167,40.7368
2025-08-06T12:16:02,10.8015,10.8015,10.8015,10.8015,116.2105
2025-08-06T12:16:07,10.8167,10.8167,10.8167,10.8167,63.2105
2025-08-06T12:16:08,10.8015,10.8015,10.8015,10.8015,64.1579
2025-08-06T12:16:11,10.8091,10.8091,10.8091,10.8091,8.3684
2025-08-06T12:16:14,10.8015,10.8015,10.7996,10.7996,141.8421
2025-08-06T12:16:16,10.7996,10.7996,10.7806,10.7806,526.3158
2025-08-06T12:16:17,10.7825,10.7825,10.7825,10.7825,272.0
2025-08-06T12:16:20,10.7977,10.7977,10.7977,10.7977,5.3158
2025-08-06T12:16:21,10.7578,10.7578,10.7578,10.7578,30.2632
2025-08-06T12:16:22,10.7578,10.7578,10.7578,10.7578,20.8947
2025-08-06T12:16:23,10.7578,10.7578,10.7578,10.7578,61.5263
2025-08-06T12:16:25,10.754,10.754,10.754,10.754,41.3158
2025-08-06T12:16:27,10.7578,10.7578,10.64,10.6514,3184.9474
2025-08-06T12:16:28,10.6495,10.6495,10.6495,10.6495,43.3684
2025-08-06T12:16:29,10.6495,10.6495,10.6495,10.6495,105.2632
2025-08-06T12:16:32,10.6828,10.6828,10.6828,10.6828,263.1579
2025-08-06T12:16:34,10.6495,10.6837,10.6495,10.6514,404.8947
2025-08-06T12:16:35,10.6514,10.6837,10.6514,10.6837,77.9474
2025-08-06T12:16:40,10.6533,10.6837,10.6533,10.6837,16.4211
2025-08-06T12:16:44,10.6837,10.6837,10.6695,10.6695,17.5789
2025-08-06T12:16:46,10.6818,10.6818,10.6818,10.6818,26.3158
2025-08-06T12:16:48,10.6742,10.6742,10.6742,10.6742,10.2632
2025-08-06T12:16:50,10.659,10.659,10.659,10.659,46.8421
2025-08-06T12:16:51,10.6704,10.6704,10.6704,10.6704,52.6316
2025-08-06T12:16:53,10.6647,10.6647,10.6647,10.6647,14.6842
2025-08-06T12:16:57,10.6666,10.6666,10.6628,10.6628,118.6316
2025-08-06T12:17:05,10.6676,10.6676,10.659,10.6609,580.8947
2025-08-06T12:17:06,10.6628,10.6837,10.6628,10.6837,220.7895
2025-08-06T12:17:07,10.6685,10.6685,10.6685,10.6685,6.4737
2025-08-06T12:17:08,10.6666,10.6666,10.6666,10.6666,14.1579
2025-08-06T12:17:09,10.6685,10.6685,10.6685,10.6685,13.1579
2025-08-06T12:17:10,10.754,10.754,10.754,10.754,9.5789
2025-08-06T12:17:12,10.6685,10.6685,10.6685,10.6685,18.4211
2025-08-06T12:17:14,10.7559,10.7559,10.7559,10.7559,9.3158
2025-08-06T12:17:15,10.6704,10.6704,10.6704,10.6704,18.9474
2025-08-06T12:17:18,10.7131,10.7483,10.7131,10.7464,194.1579
2025-08-06T12:17:21,10.7141,10.7141,10.7141,10.7141,135.8421
2025-08-06T12:17:24,10.7122,10.7122,10.7122,10.7122,10.5263
2025-08-06T12:17:27,10.7141,10.7141,10.7141,10.7141,26.3158
2025-08-06T12:17:29,10.7103,10.7103,10.7103,10.7103,37.7895
2025-08-06T12:17:30,10.678,10.7122,10.678,10.7122,82.4737
2025-08-06T12:17:33,10.6723,10.6723,10.6723,10.6723,14.4737
2025-08-06T12:17:35,10.6913,10.6913,10.6913,10.6913,7.1053
2025-08-06T12:17:39,10.6875,10.697,10.6875,10.697,11.8421
2025-08-06T12:17:40,10.6875,10.697,10.6875,10.697,57.8947
2025-08-06T12:17:42,10.6913,10.6913,10.6913,10.6913,167.1579
2025-08-06T12:17:43,10.6875,10.6875,10.6799,10.6799,105.2632
2025-08-06T12:17:44,10.6799,10.6799,10.678,10.6799,324.2105
2025-08-06T12:17:46,10.678,10.678,10.678,10.678,13.4737
2025-08-06T12:17:48,10.678,10.678,10.678,10.678,116.7368
2025-08-06T12:17:49,10.6799,10.6799,10.6799,10.6799,29.2632
2025-08-06T12:17:50,10.678,10.678,10.678,10.678,40.7895
2025-08-06T12:17:51,10.678,10.678,10.678,10.678,18.4211
2025-08-06T12:17:52,10.6742,10.6742,10.5507,10.5507,1762.0526
2025-08-06T12:17:53,10.5507,10.5507,10.5507,10.5507,34.7895
2025-08-06T12:17:54,10.5507,10.5507,10.5507,10.5507,63.1579
2025-08-06T12:17:55,10.6552,10.6552,10.6552,10.6552,194.7368
2025-08-06T12:17:59,10.603,10.603,10.603,10.603,39.3684
2025-08-06T12:18:01,10.5564,10.5564,10.5507,10.5526,805.2632
2025-08-06T12:18:02,10.603,10.603,10.603,10.603,315.7895
2025-08-06T12:18:04,10.5545,10.5545,10.5545,10.5545,14.5789
2025-08-06T12:18:05,10.6039,10.6039,10.6039,10.6039,52.6316
2025-08-06T12:18:06,10.602,10.602,10.602,10.602,20.0
2025-08-06T12:18:09,10.5564,10.6039,10.5564,10.6039,16.3684
2025-08-06T12:18:10,10.5583,10.5583,10.5583,10.5583,20.7895
2025-08-06T12:18:13,10.5811,10.5811,10.5583,10.5583,337.7895
2025-08-06T12:18:15,10.602,10.602,10.5583,10.5811,21.6316
2025-08-06T12:18:17,10.5811,10.5811,10.5811,10.5811,33.2105
2025-08-06T12:18:19,10.5621,10.5621,10.5621,10.5621,27.2105
2025-08-06T12:18:20,10.582,10.582,10.582,10.582,80.7368
2025-08-06T12:18:21,10.5621,10.5621,10.5621,10.5621,67.4737
2025-08-06T12:18:23,10.5868,10.5868,10.5868,10.5868,36.4737
2025-08-06T12:18:26,10.5944,10.5944,10.5811,10.5811,275.5263
2025-08-06T12:18:27,10.5868,10.5868,10.5868,10.5868,39.7895
2025-08-06T12:18:29,10.602,10.6856,10.602,10.6856,109.7895
2025-08-06T12:18:30,10.5906,10.6381,10.5906,10.6381,64.7368
2025-08-06T12:18:32,10.6856,10.6856,10.6856,10.6856,74.7368
2025-08-06T12:18:34,10.6856,10.6856,10.6856,10.6856,52.6316
2025-08-06T12:18:38,10.6875,10.6932,10.64,10.64,121.0526
2025-08-06T12:18:39,10.64,10.64,10.64,10.64,241.3684
2025-08-06T12:18:42,10.6885,10.6885,10.6885,10.6885,8.6316
2025-08-06T12:18:44,10.64,10.6885,10.64,10.6885,380.5789
2025-08-06T12:18:53,10.6913,10.7132,10.6913,10.7132,55.7368
2025-08-06T12:18:54,10.7369,10.7369,10.7369,10.7369,13.4737
2025-08-06T12:18:56,10.7236,10.7236,10.7223,10.7223,526.3158
2025-08-06T12:18:57,10.7369,10.7369,10.735,10.7369,537.6316
2025-08-06T12:18:59,10.7369,10.868,10.7369,10.868,3815.8947
2025-08-06T12:19:01,10.83,10.83,10.83,10.83,43.0526
2025-08-06T12:19:03,10.83,10.83,10.83,10.83,7.2105
2025-08-06T12:19:09,10.85,10.85,10.85,10.85,69.5263
2025-08-06T12:19:10,10.85,10.85,10.697,10.697,3142.2105
2025-08-06T12:19:11,10.6951,10.7122,10.6039,10.64,8436.7895
2025-08-06T12:19:12,10.6818,10.6818,10.6818,10.6818,210.5263
2025-08-06T12:19:14,10.6514,10.6514,10.6514,10.6514,5.6316
2025-08-06T12:19:20,10.6438,10.6438,10.6438,10.6438,101.7895
2025-08-06T12:19:22,10.6438,10.6438,10.6438,10.6438,7.8947
2025-08-06T12:19:27,10.6818,10.6818,10.6818,10.6818,39.4737
2025-08-06T12:19:28,10.659,10.7388,10.659,10.7388,67.5263
2025-08-06T12:19:31,10.8053,10.8053,10.8053,10.8053,16.8947
2025-08-06T12:19:33,10.8034,10.8034,10.8034,10.8034,136.3158
2025-08-06T12:19:35,10.8053,10.8053,10.8053,10.8053,28.8947
2025-08-06T12:19:36,10.8034,10.8034,10.8034,10.8034,26.3158
2025-08-06T12:19:37,10.6609,10.6609,10.6609,10.6609,8.8947
2025-08-06T12:19:38,10.659,10.8034,10.659,10.8034,42.8421
2025-08-06T12:19:39,10.7388,10.7388,10.7388,10.7388,24.4737
2025-08-06T12:19:41,10.7388,10.7388,10.7388,10.7388,6.3684
2025-08-06T12:19:42,10.6647,10.6647,10.6647,10.6647,18.7368
2025-08-06T12:19:45,10.659,10.7388,10.659,10.7388,21.4211
2025-08-06T12:19:47,10.7369,10.7369,10.7369,10.7369,31.5789
2025-08-06T12:19:48,10.6704,10.7787,10.6704,10.7787,17.5789
2025-08-06T12:19:49,10.8053,10.8053,10.7388,10.7388,232.8421
2025-08-06T12:19:50,10.8053,10.8053,10.8053,10.8053,21.0526
2025-08-06T12:19:51,10.678,10.8053,10.678,10.8053,30.6316
2025-08-06T12:19:53,10.7455,10.7977,10.7455,10.7977,28.0
2025-08-06T12:19:54,10.7464,10.7464,10.7464,10.7464,263.1579
2025-08-06T12:19:55,10.7654,10.7977,10.697,10.792,3127.3158
2025-08-06T12:19:56,10.7597,10.7901,10.7597,10.7901,18.1579
2025-08-06T12:19:57,10.7255,10.7939,10.7255,10.7939,62.6316
2025-08-06T12:19:58,10.7588,10.7588,10.7588,10.7588,147.3684
2025-08-06T12:19:59,10.7616,10.7616,10.7616,10.7616,273.6842
2025-08-06T12:20:00,10.792,10.792,10.792,10.792,6.0
2025-08-06T12:20:02,10.7578,10.7578,10.7578,10.7578,202.4737
2025-08-06T12:20:03,10.726,10.726,10.726,10.726,31.5789
2025-08-06T12:20:05,10.7236,10.7236,10.7236,10.7236,273.6842
2025-08-06T12:20:06,10.7597,10.7597,10.7597,10.7597,26.3158
2025-08-06T12:20:09,10.7255,10.7255,10.7255,10.7255,14.8421
2025-08-06T12:20:11,10.7046,10.7046,10.7046,10.7046,21.1053
2025-08-06T12:20:15,10.7274,10.7274,10.7027,10.7027,31.2105
2025-08-06T12:20:17,10.716,10.716,10.716,10.716,6.7895
2025-08-06T12:20:19,10.7046,10.7046,10.7046,10.7046,15.8421
2025-08-06T12:20:20,10.7147,10.7147,10.7147,10.7147,18.3158
2025-08-06T12:20:21,10.7065,10.716,10.7065,10.716,24.0526
2025-08-06T12:20:23,10.7094,10.7141,10.7046,10.7141,149.7895
2025-08-06T12:20:24,10.7046,10.7046,10.7046,10.7046,52.6316
2025-08-06T12:20:26,10.7141,10.7141,10.7141,10.7141,52.6316
2025-08-06T12:20:27,10.7141,10.7141,10.7141,10.7141,5.8947
2025-08-06T12:20:28,10.7046,10.7046,10.7046,10.7046,145.6842
2025-08-06T12:20:31,10.7046,10.7046,10.697,10.697,76.6316
2025-08-06T12:20:35,10.697,10.697,10.6818,10.6818,39.5263
2025-08-06T12:20:37,10.6609,10.6609,10.6609,10.6609,136.3684
2025-08-06T12:20:47,10.6647,10.6647,10.6647,10.6647,15.7895
2025-08-06T12:20:48,10.6609,10.6609,10.6609,10.6609,46.9474
2025-08-06T12:20:49,10.6609,10.6818,10.64,10.6571,926.8421
2025-08-06T12:20:53,10.621,10.621,10.6115,10.6115,398.3684
2025-08-06T12:20:55,10.6324,10.6324,10.6324,10.6324,52.6316
2025-08-06T12:20:56,10.6115,10.6115,10.6096,10.6096,250.4211
2025-08-06T12:20:59,10.6096,10.6096,10.6096,10.6096,26.6842
2025-08-06T12:21:02,10.6115,10.6115,10.6115,10.6115,12.6316
2025-08-06T12:21:05,10.6096,10.6096,10.6096,10.6096,13.1579
2025-08-06T12:21:08,10.6153,10.6153,10.6153,10.6153,9.6842
2025-08-06T12:21:10,10.6419,10.6419,10.6153,10.6153,26.6842
2025-08-06T12:21:12,10.6229,10.6229,10.6134,10.6134,83.1579
2025-08-06T12:21:13,10.6096,10.6096,10.6096,10.6096,61.0526
2025-08-06T12:21:17,10.6115,10.6115,10.6115,10.6115,86.2632
2025-08-06T12:21:18,10.6096,10.6096,10.5925,10.5925,104.0
2025-08-06T12:21:19,10.5906,10.5906,10.5906,10.5906,26.3158
2025-08-06T12:21:20,10.5925,10.5925,10.5925,10.5925,214.7368
2025-08-06T12:21:22,10.5906,10.5906,10.5906,10.5906,52.1579
2025-08-06T12:21:26,10.602,10.602,10.602,10.602,63.1579
2025-08-06T12:21:27,10.5906,10.5906,10.5906,10.5906,16.4211
2025-08-06T12:21:30,10.6001,10.6001,10.6001,10.6001,96.0
2025-08-06T12:21:33,10.602,10.602,10.5963,10.5963,173.5263
2025-08-06T12:21:37,10.5982,10.5982,10.5982,10.5982,48.2632
2025-08-06T12:21:45,10.5906,10.5906,10.5906,10.5906,13.3158
2025-08-06T12:21:50,10.5913,10.5913,10.5913,10.5913,5.2632
2025-08-06T12:21:51,10.5925,10.5925,10.5925,10.5925,10.0
2025-08-06T12:21:52,10.5925,10.5925,10.5925,10.5925,5.7895
2025-08-06T12:21:56,10.5925,10.5925,10.5925,10.5925,5.2632
2025-08-06T12:22:01,10.5963,10.5963,10.5925,10.5925,156.2632
2025-08-06T12:22:03,10.603,10.603,10.603,10.603,5.2632
2025-08-06T12:22:04,10.6115,10.6115,10.6115,10.6115,12.4737
2025-08-06T12:22:05,10.603,10.6134,10.5906,10.6134,473.1579
2025-08-06T12:22:09,10.5925,10.5925,10.5925,10.5925,10.5263
2025-08-06T12:22:13,10.5925,10.6704,10.5925,10.6704,187.1053
2025-08-06T12:22:19,10.6381,10.6381,10.6381,10.6381,52.6316
2025-08-06T12:22:20,10.6704,10.6704,10.6704,10.6704,16.3158
2025-08-06T12:22:24,10.6609,10.6609,10.6609,10.6609,421.0526
2025-08-06T12:22:25,10.6685,10.6685,10.6685,10.6685,7.8947
2025-08-06T12:22:28,10.64,10.64,10.64,10.64,39.3158
2025-08-06T12:22:29,10.6704,10.6704,10.6704,10.6704,28.1579
2025-08-06T12:22:32,10.6419,10.6419,10.6419,10.6419,36.8421
2025-08-06T12:22:35,10.64,10.64,10.64,10.64,5.2632
2025-08-06T12:22:42,10.6704,10.6704,10.6704,10.6704,70.6316
2025-08-06T12:22:43,10.697,10.697,10.697,10.697,421.0526
2025-08-06T12:22:47,10.7046,10.716,10.7046,10.716,140.0
2025-08-06T12:22:49,10.7445,10.7445,10.7445,10.7445,157.8947
2025-08-06T12:22:57,10.7958,10.7958,10.7958,10.7958,5.2632
2025-08-06T12:22:58,10.697,10.7958,10.697,10.7958,204.1053
2025-08-06T12:23:02,10.697,10.697,10.697,10.697,22.1053
2025-08-06T12:23:03,10.7958,10.7958,10.7958,10.7958,105.2632
2025-08-06T12:23:05,10.7958,10.7958,10.7692,10.7692,85.1579
2025-08-06T12:23:06,10.7882,10.7882,10.7882,10.7882,52.6316
2025-08-06T12:23:08,10.6932,10.6932,10.6932,10.6932,131.5789
2025-08-06T12:23:10,10.7958,10.7958,10.7958,10.7958,16.3158
2025-08-06T12:23:11,10.7882,10.7882,10.7388,10.7388,42.7368
2025-08-06T12:23:17,10.7958,10.7958,10.7958,10.7958,263.1579
2025-08-06T12:23:18,10.7777,10.7777,10.7777,10.7777,10.5263
2025-08-06T12:23:19,10.7407,10.7407,10.7407,10.7407,8.6316
2025-08-06T12:23:20,10.7464,10.7464,10.64,10.6799,1074.8947
2025-08-06T12:23:23,10.7179,10.7179,10.7179,10.7179,5.7895
2025-08-06T12:23:24,10.6419,10.6419,10.6419,10.6419,157.8947
2025-08-06T12:23:25,10.7198,10.7198,10.7198,10.7198,5.8947
2025-08-06T12:23:26,10.7198,10.7198,10.7198,10.7198,61.4211
2025-08-06T12:23:29,10.6799,10.6799,10.6799,10.6799,47.0526
2025-08-06T12:23:36,10.678,10.678,10.678,10.678,66.0526
2025-08-06T12:23:38,10.678,10.7179,10.678,10.7179,947.3684
2025-08-06T12:23:39,10.6856,10.6856,10.6856,10.6856,10.5263
2025-08-06T12:23:40,10.7179,10.7179,10.7179,10.7179,11.5789
2025-08-06T12:23:43,10.6552,10.6552,10.6552,10.6552,36.4737
2025-08-06T12:23:44,10.6571,10.6571,10.64,10.64,951.1579
2025-08-06T12:23:49,10.6571,10.6571,10.6571,10.6571,42.0526
2025-08-06T12:23:51,10.621,10.621,10.621,10.621,5.8947
2025-08-06T12:23:56,10.6191,10.6191,10.5697,10.5697,127.7895
2025-08-06T12:23:58,10.6647,10.6647,10.5716,10.5716,579.0
2025-08-06T12:24:00,10.5697,10.5697,10.526,10.526,443.6316
2025-08-06T12:24:07,10.5241,10.5241,10.5241,10.5241,121.0526
2025-08-06T12:24:13,10.526,10.526,10.526,10.526,5.7895
2025-08-06T12:24:14,10.545,10.545,10.545,10.545,15.7895
2025-08-06T12:24:21,10.5317,10.5317,10.5317,10.5317,736.8421
2025-08-06T12:24:23,10.5317,10.5412,10.5317,10.5412,10.5263
2025-08-06T12:24:24,10.5412,10.5887,10.5412,10.5887,352.6316
2025-08-06T12:24:29,10.5469,10.5469,10.5469,10.5469,315.7895
2025-08-06T12:24:30,10.5887,10.5887,10.5887,10.5887,26.3158
2025-08-06T12:24:34,10.5887,10.5887,10.5887,10.5887,18.9474
2025-08-06T12:24:35,10.5469,10.5469,10.5469,10.5469,23.1579
2025-08-06T12:24:36,10.5906,10.5906,10.5906,10.5906,23.7368
2025-08-06T12:24:40,10.5887,10.5887,10.5887,10.5887,10.5263
2025-08-06T12:24:41,10.5545,10.5583,10.545,10.545,1118.1053
2025-08-06T12:24:47,10.545,10.5469,10.545,10.545,1052.6316
2025-08-06T12:24:48,10.545,10.545,10.545,10.545,10.4737
2025-08-06T12:24:51,10.5469,10.5469,10.5469,10.5469,7.8947
2025-08-06T12:24:55,10.545,10.545,10.545,10.545,48.6316
2025-08-06T12:24:58,10.545,10.545,10.545,10.545,6.7895
2025-08-06T12:25:01,10.545,10.545,10.4538,10.4956,1323.8421
2025-08-06T12:25:02,10.4956,10.4956,10.4956,10.4956,26.7895
2025-08-06T12:25:08,10.5013,10.5051,10.4576,10.4576,3165.9474
2025-08-06T12:25:09,10.4576,10.4576,10.4576,10.4576,11.4211
2025-08-06T12:25:12,10.4933,10.4933,10.4933,10.4933,18.2632
2025-08-06T12:25:16,10.544,10.544,10.4994,10.4994,26.4211
2025-08-06T12:25:19,10.4994,10.4994,10.4595,10.4595,263.1579
2025-08-06T12:25:22,10.507,10.507,10.507,10.507,21.1053
2025-08-06T12:25:24,10.4823,10.4823,10.4823,10.4823,26.3158
2025-08-06T12:25:29,10.4576,10.4576,10.4576,10.4576,26.1579
2025-08-06T12:25:31,10.4823,10.4823,10.4823,10.4823,19.4737
2025-08-06T12:25:32,10.4804,10.4804,10.4804,10.4804,157.8947
2025-08-06T12:25:33,10.4595,10.4823,10.4595,10.4823,31.8421
2025-08-06T12:25:35,10.4823,10.4823,10.4823,10.4823,14.0
2025-08-06T12:25:36,10.4823,10.4823,10.4823,10.4823,15.7895
2025-08-06T12:25:38,10.4804,10.4804,10.4804,10.4804,14.3158
2025-08-06T12:25:39,10.4785,10.4785,10.4785,10.4785,12.8947
2025-08-06T12:25:40,10.469,10.469,10.469,10.469,131.5789
2025-08-06T12:25:41,10.469,10.469,10.469,10.469,11.5789
2025-08-06T12:25:42,10.4576,10.4595,10.4576,10.4595,156.6316
2025-08-06T12:25:44,10.4595,10.4671,10.4595,10.4671,23.5263
2025-08-06T12:25:45,10.4671,10.4671,10.4671,10.4671,473.6842
2025-08-06T12:25:46,10.4804,10.4804,10.4804,10.4804,10.3684
2025-08-06T12:25:56,10.526,10.5279,10.526,10.5279,122.3158
2025-08-06T12:25:59,10.5279,10.5279,10.5279,10.5279,15.7895
2025-08-06T12:26:01,10.5289,10.5289,10.5289,10.5289,9.4737
2025-08-06T12:26:02,10.5317,10.5317,10.5317,10.5317,5.5263
2025-08-06T12:26:05,10.526,10.526,10.526,10.526,26.0526
2025-08-06T12:26:06,10.5317,10.5317,10.5317,10.5317,39.4737
2025-08-06T12:26:11,10.5298,10.5317,10.5279,10.5317,2371.6842
2025-08-06T12:26:17,10.4861,10.4861,10.4861,10.4861,23.8421
2025-08-06T12:26:18,10.5317,10.5317,10.5317,10.5317,12.3684
2025-08-06T12:26:27,10.526,10.5279,10.4965,10.4965,455.0
2025-08-06T12:26:28,10.5298,10.5298,10.5298,10.5298,5.6316
2025-08-06T12:26:34,10.5298,10.5298,10.5298,10.5298,519.5789
2025-08-06T12:26:42,10.5089,10.5089,10.5089,10.5089,13.3158
2025-08-06T12:26:52,10.5317,10.5317,10.5317,10.5317,10.9474
2025-08-06T12:26:58,10.526,10.526,10.526,10.526,51.6842
2025-08-06T12:27:04,10.4899,10.4899,10.4899,10.4899,14.3158
2025-08-06T12:27:09,10.4899,10.4899,10.4899,10.4899,52.4737
2025-08-06T12:27:11,10.4899,10.4899,10.4899,10.4899,5.2632
2025-08-06T12:27:15,10.5051,10.5051,10.5051,10.5051,52.6316
2025-08-06T12:27:20,10.5165,10.6362,10.4899,10.6362,3120.3158
2025-08-06T12:27:30,10.5317,10.5317,10.5317,10.5317,23.7368
2025-08-06T12:27:34,10.5298,10.5298,10.5298,10.5298,7.7368
2025-08-06T12:27:35,10.5298,10.5298,10.5298,10.5298,46.9474
2025-08-06T12:27:39,10.5621,10.5621,10.5621,10.5621,10.5263
2025-08-06T12:27:43,10.5567,10.5567,10.5567,10.5567,15.9474
2025-08-06T12:27:45,10.5621,10.5621,10.5621,10.5621,52.6316
2025-08-06T12:27:55,10.5279,10.5279,10.5279,10.5279,32.7368
2025-08-06T12:27:56,10.5602,10.5602,10.5602,10.5602,52.6316
2025-08-06T12:28:08,10.5279,10.5279,10.5279,10.5279,22.1053
2025-08-06T12:28:11,10.5602,10.5602,10.5602,10.5602,111.7368
2025-08-06T12:28:14,10.5279,10.5279,10.5279,10.5279,15.7895
2025-08-06T12:28:15,10.5298,10.5298,10.5298,10.5298,5.2632
2025-08-06T12:28:17,10.5298,10.5298,10.5298,10.5298,164.3684
2025-08-06T12:28:19,10.5279,10.5279,10.5279,10.5279,23.5263
2025-08-06T12:28:20,10.5298,10.5298,10.5298,10.5298,17.0
2025-08-06T12:28:29,10.5089,10.5089,10.5089,10.5089,52.6316
2025-08-06T12:28:31,10.5241,10.5241,10.5241,10.5241,52.6316
2025-08-06T12:28:34,10.5241,10.5241,10.5241,10.5241,6.0
2025-08-06T12:28:35,10.5089,10.5089,10.4956,10.4956,40.0526
2025-08-06T12:28:36,10.4747,10.4899,10.469,10.4899,314.2105
2025-08-06T12:28:54,10.4918,10.4918,10.4918,10.4918,30.5789
2025-08-06T12:29:00,10.4909,10.4909,10.4899,10.4899,203.3684
2025-08-06T12:29:02,10.4918,10.4918,10.4918,10.4918,33.7368
2025-08-06T12:29:03,10.4909,10.4909,10.4909,10.4909,5.2632
2025-08-06T12:29:05,10.4909,10.4909,10.4899,10.4899,28.9474
2025-08-06T12:29:12,10.4918,10.4918,10.4918,10.4918,131.7895
2025-08-06T12:29:14,10.4918,10.4918,10.4899,10.4899,160.6842
2025-08-06T12:29:17,10.4709,10.4709,10.4709,10.4709,131.5789
2025-08-06T12:29:18,10.4861,10.4861,10.4861,10.4861,5.2632
2025-08-06T12:29:19,10.4709,10.4709,10.4709,10.4709,131.5789
2025-08-06T12:29:21,10.4709,10.4709,10.4709,10.4709,131.5789
2025-08-06T12:29:22,10.4709,10.4861,10.4709,10.4861,62.4737
2025-08-06T12:29:23,10.4709,10.4709,10.4709,10.4709,131.5789
2025-08-06T12:29:25,10.4709,10.4709,10.4709,10.4709,131.5789
2025-08-06T12:29:27,10.469,10.469,10.4519,10.4519,537.6316
2025-08-06T12:29:28,10.4595,10.4595,10.45,10.45,460.9474
2025-08-06T12:29:31,10.4519,10.4671,10.4519,10.4671,147.3684
2025-08-06T12:29:32,10.4519,10.4519,10.4519,10.4519,26.3158
2025-08-06T12:29:33,10.4519,10.4804,10.4519,10.4804,36.5263
2025-08-06T12:29:35,10.4804,10.4804,10.4804,10.4804,12.0
2025-08-06T12:29:36,10.4652,10.4652,10.4652,10.4652,24.0
2025-08-06T12:29:41,10.4652,10.4918,10.4652,10.4918,1601.1579
2025-08-06T12:29:43,10.469,10.469,10.4557,10.4557,19.2105
2025-08-06T12:29:50,10.4595,10.4595,10.4595,10.4595,32.4737
2025-08-06T12:30:00,10.4747,10.4747,10.4747,10.4747,29.4211
2025-08-06T12:30:03,10.4747,10.4747,10.4747,10.4747,149.0
2025-08-06T12:30:06,10.5336,10.5336,10.5336,10.5336,102.2105
2025-08-06T12:30:09,10.5336,10.5336,10.5336,10.5336,10.5263
2025-08-06T12:30:13,10.5317,10.5317,10.5317,10.5317,5.2632
2025-08-06T12:30:15,10.5336,10.5336,10.5336,10.5336,133.0
2025-08-06T12:30:22,10.4861,10.4861,10.4861,10.4861,5.2632
2025-08-06T12:30:23,10.5298,10.5298,10.5298,10.5298,13.0
2025-08-06T12:30:44,10.4937,10.4937,10.4937,10.4937,10.5263
2025-08-06T12:30:59,10.507,10.526,10.507,10.526,37.1579
2025-08-06T12:31:00,10.5298,10.564,10.5298,10.564,365.8947
2025-08-06T12:31:03,10.5412,10.5412,10.5412,10.5412,52.6842
2025-08-06T12:31:05,10.5621,10.5621,10.5621,10.5621,16.5263
2025-08-06T12:31:06,10.583,10.583,10.583,10.583,10.4211
2025-08-06T12:31:08,10.5602,10.5602,10.5602,10.5602,233.8947
2025-08-06T12:31:09,10.5602,10.602,10.5602,10.602,58.5263
2025-08-06T12:31:10,10.564,10.564,10.564,10.564,52.6316
2025-08-06T12:31:11,10.6058,10.6115,10.6058,10.6115,52.0
2025-08-06T12:31:13,10.583,10.583,10.583,10.583,37.4211
2025-08-06T12:31:16,10.583,10.583,10.583,10.583,6.6842
2025-08-06T12:31:18,10.6305,10.6343,10.6286,10.6343,73.6842
2025-08-06T12:31:19,10.6343,10.7312,10.6343,10.7312,680.6842
2025-08-06T12:31:20,10.6695,10.6695,10.6695,10.6695,52.6316
2025-08-06T12:31:30,10.6685,10.6685,10.6685,10.6685,26.3158
2025-08-06T12:31:31,10.6685,10.7293,10.6685,10.7293,34.4737
2025-08-06T12:31:35,10.6704,10.6999,10.6704,10.6999,68.2632
2025-08-06T12:31:36,10.6666,10.7274,10.6666,10.7274,22.7368
2025-08-06T12:31:40,10.7255,10.7255,10.7255,10.7255,36.8421
2025-08-06T12:31:47,10.7236,10.7236,10.7236,10.7236,10.5263
2025-08-06T12:31:52,10.7122,10.7141,10.7122,10.7141,23.3158
2025-08-06T12:31:55,10.6875,10.6875,10.6875,10.6875,10.0526
2025-08-06T12:31:59,10.7027,10.7027,10.7027,10.7027,34.0526
2025-08-06T12:32:07,10.678,10.678,10.678,10.678,157.8947
2025-08-06T12:32:16,10.6828,10.6828,10.6828,10.6828,8.1579
2025-08-06T12:32:19,10.7255,10.7255,10.7255,10.7255,5.2632
2025-08-06T12:32:20,10.7274,10.7274,10.7274,10.7274,35.6316
2025-08-06T12:32:21,10.7293,10.7426,10.7185,10.7426,133.8947
2025-08-06T12:32:28,10.7958,10.7977,10.7958,10.7977,77.0
2025-08-06T12:32:30,10.7977,10.7977,10.7502,10.7502,125.8947
2025-08-06T12:32:31,10.7483,10.7958,10.7483,10.7958,17.3684
2025-08-06T12:32:39,10.7977,10.7977,10.7027,10.7265,477.8947
2025-08-06T12:32:40,10.7027,10.7027,10.7027,10.7027,5.3684
2025-08-06T12:32:47,10.7312,10.7312,10.7312,10.7312,10.5263
2025-08-06T12:32:48,10.7255,10.7255,10.7255,10.7255,11.3158
2025-08-06T12:32:56,10.7502,10.7502,10.7502,10.7502,96.6842
2025-08-06T12:32:57,10.7255,10.735,10.7255,10.7274,273.6316
2025-08-06T12:33:00,10.7293,10.7293,10.7293,10.7293,47.3158
2025-08-06T12:33:01,10.7293,10.7293,10.7293,10.7293,21.0
2025-08-06T12:33:04,10.7293,10.7293,10.7293,10.7293,31.5789
2025-08-06T12:33:05,10.7293,10.7293,10.7293,10.7293,1315.7895
2025-08-06T12:33:06,10.7274,10.7274,10.7274,10.7274,154.1053
2025-08-06T12:33:09,10.7274,10.7293,10.7274,10.7293,1315.7895
2025-08-06T12:33:10,10.7293,10.7293,10.7293,10.7293,1315.7895
2025-08-06T12:33:16,10.7293,10.7293,10.7293,10.7293,24.4737
2025-08-06T12:33:19,10.7293,10.7293,10.7293,10.7293,22.1053
2025-08-06T12:33:22,10.7274,10.7274,10.697,10.697,107.0
2025-08-06T12:33:30,10.7255,10.7255,10.7217,10.7217,24.7368
2025-08-06T12:33:50,10.7179,10.7179,10.7179,10.7179,10.5263
2025-08-06T12:33:55,10.7179,10.7179,10.7179,10.7179,5.2632
2025-08-06T12:33:56,10.7217,10.7293,10.7217,10.7293,164.5789
2025-08-06T12:33:58,10.735,10.735,10.735,10.735,6.1579
2025-08-06T12:33:59,10.7483,10.7483,10.7483,10.7483,447.8947
2025-08-06T12:34:02,10.7502,10.7502,10.7502,10.7502,26.3158
2025-08-06T12:34:03,10.7388,10.7388,10.7388,10.7388,10.5263
2025-08-06T12:34:04,10.735,10.8946,10.735,10.8946,1356.0526
2025-08-06T12:34:05,10.8338,10.8338,10.8338,10.8338,7.4737
2025-08-06T12:34:07,10.8927,10.8927,10.8927,10.8927,15.7895
2025-08-06T12:34:09,10.8243,10.8243,10.8243,10.8243,26.3158
2025-08-06T12:34:11,10.8805,10.8805,10.8805,10.8805,17.6842
2025-08-06T12:34:13,10.8889,10.8889,10.7673,10.7673,187.8947
2025-08-06T12:34:14,10.8357,10.8357,10.8357,10.8357,15.7895
2025-08-06T12:34:15,10.8509,10.8509,10.8509,10.8509,16.6842
2025-08-06T12:34:16,10.8471,10.8509,10.8471,10.8509,507.9474
2025-08-06T12:34:17,10.8509,10.8509,10.849,10.849,107.6842
2025-08-06T12:34:18,10.849,10.849,10.849,10.849,12.3158
2025-08-06T12:34:19,10.8509,10.8509,10.8509,10.8509,116.3684
2025-08-06T12:34:21,10.81,10.8338,10.7654,10.7911,3581.2632
2025-08-06T12:34:22,10.792,10.792,10.792,10.792,6.1053
2025-08-06T12:34:33,10.8167,10.8167,10.8167,10.8167,15.1053
2025-08-06T12:34:34,10.8148,10.8148,10.7996,10.7996,269.7368
2025-08-06T12:34:35,10.8044,10.8044,10.8044,10.8044,11.5263
2025-08-06T12:34:36,10.7939,10.8148,10.7939,10.8148,22.1053
2025-08-06T12:34:37,10.7939,10.8034,10.7939,10.8034,121.6842
2025-08-06T12:34:42,10.8044,10.8044,10.8044,10.8044,100.1053
2025-08-06T12:34:43,10.8167,10.8167,10.7502,10.7654,145.4211
2025-08-06T12:34:44,10.791,10.791,10.791,10.791,72.1053
2025-08-06T12:34:47,10.8091,10.8091,10.8091,10.8091,15.7895
2025-08-06T12:34:48,10.7939,10.8015,10.7654,10.7749,195.6842
2025-08-06T12:34:50,10.792,10.792,10.792,10.792,10.5263
2025-08-06T12:34:51,10.792,10.792,10.7749,10.7749,58.2632
2025-08-06T12:34:53,10.7787,10.7787,10.7787,10.7787,139.7895
2025-08-06T12:34:54,10.792,10.792,10.792,10.792,11.7895
2025-08-06T12:34:55,10.7787,10.792,10.7787,10.792,15.9474
2025-08-06T12:34:58,10.792,10.792,10.792,10.792,22.6316
2025-08-06T12:35:00,10.7901,10.7901,10.7787,10.7787,371.7895
2025-08-06T12:35:08,10.7882,10.7882,10.7882,10.7882,10.5263
2025-08-06T12:35:13,10.7369,10.7569,10.7369,10.7569,30.3158
2025-08-06T12:35:17,10.735,10.735,10.735,10.735,8.4211
2025-08-06T12:35:20,10.7559,10.7559,10.7559,10.7559,122.3684
2025-08-06T12:35:23,10.7366,10.7366,10.7366,10.7366,36.8421
2025-08-06T12:35:24,10.735,10.7464,10.7179,10.7179,554.8947
2025-08-06T12:35:31,10.736,10.736,10.716,10.716,24.2105
2025-08-06T12:35:35,10.716,10.716,10.716,10.716,10.5263
2025-08-06T12:35:40,10.7179,10.7179,10.716,10.716,16.3158
2025-08-06T12:35:41,10.7141,10.7141,10.7141,10.7141,26.3158
2025-08-06T12:35:48,10.678,10.6951,10.6742,10.6951,103.8947
2025-08-06T12:35:51,10.6761,10.6761,10.6761,10.6761,29.6316
2025-08-06T12:35:56,10.6932,10.6932,10.6932,10.6932,7.4211
2025-08-06T12:35:59,10.6714,10.6714,10.6704,10.6704,313.7895
2025-08-06T12:36:02,10.6685,10.6685,10.6685,10.6685,127.3684
2025-08-06T12:36:04,10.6419,10.6419,10.6419,10.6419,1342.1579
2025-08-06T12:36:05,10.6438,10.6438,10.6438,10.6438,263.1579
2025-08-06T12:36:07,10.6476,10.6476,10.6476,10.6476,7.3684
2025-08-06T12:36:10,10.6476,10.6476,10.6476,10.6476,9.1053
2025-08-06T12:36:11,10.6495,10.6704,10.6495,10.6704,12.5789
2025-08-06T12:36:27,10.6704,10.6704,10.6704,10.6704,42.1053
2025-08-06T12:36:40,10.6704,10.6704,10.6704,10.6704,52.6316
2025-08-06T12:36:41,10.6704,10.678,10.6704,10.6761,270.0
2025-08-06T12:36:42,10.716,10.716,10.716,10.716,26.3158
2025-08-06T12:36:45,10.678,10.678,10.678,10.678,257.5789
2025-08-06T12:36:46,10.7065,10.7065,10.6799,10.6799,125.8947
2025-08-06T12:36:47,10.697,10.697,10.678,10.697,450.5263
2025-08-06T12:36:55,10.6799,10.6799,10.6799,10.6799,43.8947
2025-08-06T12:37:10,10.6951,10.6951,10.6951,10.6951,5.3158
2025-08-06T12:37:12,10.6885,10.697,10.6438,10.697,1694.1053
2025-08-06T12:37:26,10.6989,10.6989,10.64,10.64,342.4211
2025-08-06T12:37:54,10.6419,10.6419,10.64,10.64,314.1053
2025-08-06T12:38:04,10.64,10.64,10.64,10.64,32.7368
2025-08-06T12:38:07,10.64,10.64,10.64,10.64,212.4211
2025-08-06T12:38:08,10.64,10.64,10.64,10.64,1531.0526
2025-08-06T12:38:12,10.6419,10.6419,10.6419,10.6419,21.0526
2025-08-06T12:38:15,10.5526,10.5526,10.5526,10.5526,10.6842
2025-08-06T12:38:20,10.6381,10.6381,10.6381,10.6381,17.0
2025-08-06T12:38:36,10.5954,10.5954,10.5526,10.5526,26.6842
2025-08-06T12:38:37,10.6115,10.6115,10.6115,10.6115,13.6842
2025-08-06T12:38:42,10.5545,10.5545,10.5545,10.5545,11.9474
2025-08-06T12:38:46,10.6115,10.6115,10.6115,10.6115,5.2632
2025-08-06T12:38:47,10.5545,10.5545,10.5545,10.5545,10.6842
2025-08-06T12:38:49,10.5526,10.5526,10.5526,10.5526,10.5263
2025-08-06T12:38:50,10.5526,10.5526,10.5526,10.5526,19.5263
2025-08-06T12:38:52,10.5526,10.5526,10.5526,10.5526,75.8947
2025-08-06T12:38:53,10.5469,10.64,10.5469,10.5621,318.7895
2025-08-06T12:38:55,10.64,10.64,10.64,10.64,14.3684
2025-08-06T12:39:01,10.64,10.64,10.64,10.64,10.6842
2025-08-06T12:39:05,10.64,10.64,10.64,10.64,28.8947
2025-08-06T12:39:06,10.6419,10.6419,10.6419,10.6419,31.5789
2025-08-06T12:39:08,10.64,10.64,10.64,10.64,84.7368
2025-08-06T12:39:09,10.64,10.64,10.64,10.64,6.8421
2025-08-06T12:39:18,10.6676,10.6932,10.6676,10.6932,165.1579
2025-08-06T12:39:19,10.6932,10.6932,10.6932,10.6932,18.9474
2025-08-06T12:39:22,10.6951,10.6951,10.6951,10.6951,8.8947
2025-08-06T12:39:23,10.6951,10.6951,10.6951,10.6951,8.8421
2025-08-06T12:39:25,10.6932,10.6932,10.6932,10.6932,33.5789
2025-08-06T12:39:26,10.6941,10.6951,10.6932,10.6951,479.0
2025-08-06T12:39:27,10.6932,10.6932,10.6932,10.6932,526.3158
2025-08-06T12:39:28,10.6932,10.6932,10.6932,10.6932,13.3684
2025-08-06T12:39:29,10.6723,10.6723,10.6723,10.6723,5.3684
2025-08-06T12:39:30,10.6533,10.6533,10.6533,10.6533,526.3158
2025-08-06T12:39:31,10.6533,10.6533,10.6533,10.6533,423.6842
2025-08-06T12:39:40,10.6913,10.6913,10.6913,10.6913,10.5263
2025-08-06T12:39:41,10.6533,10.6533,10.6533,10.6533,10.2632
2025-08-06T12:39:42,10.64,10.64,10.64,10.64,24.7368
2025-08-06T12:39:44,10.6381,10.6381,10.6381,10.6381,5.7895
2025-08-06T12:39:45,10.64,10.64,10.64,10.64,1344.9474
2025-08-06T12:39:46,10.5963,10.5963,10.5963,10.5963,81.0
2025-08-06T12:39:52,10.5963,10.5963,10.5963,10.5963,158.1053
2025-08-06T12:39:56,10.6381,10.6381,10.6381,10.6381,37.7368
2025-08-06T12:39:57,10.5982,10.5982,10.5982,10.5982,8.8947
2025-08-06T12:39:58,10.5526,10.5526,10.5526,10.5526,21.0526
2025-08-06T12:40:01,10.583,10.5982,10.5526,10.5735,52.6316
2025-08-06T12:40:03,10.6362,10.6362,10.6362,10.6362,26.3158
2025-08-06T12:40:05,10.5526,10.5526,10.5526,10.5526,157.8947
2025-08-06T12:40:08,10.5849,10.5849,10.5849,10.5849,52.6316
2025-08-06T12:40:09,10.5602,10.5602,10.5602,10.5602,10.7368
2025-08-06T12:40:11,10.6286,10.6286,10.6286,10.6286,92.1053
2025-08-06T12:40:12,10.5621,10.5621,10.5621,10.5621,17.0
2025-08-06T12:40:15,10.621,10.621,10.621,10.621,65.0526
2025-08-06T12:40:18,10.6286,10.6286,10.6286,10.6286,142.6316
2025-08-06T12:40:19,10.621,10.621,10.621,10.621,60.2632
2025-08-06T12:40:30,10.621,10.621,10.621,10.621,50.5263
2025-08-06T12:40:35,10.6305,10.6761,10.6305,10.6761,500.0
2025-08-06T12:40:37,10.64,10.64,10.64,10.64,294.3158
2025-08-06T12:40:43,10.6486,10.6486,10.6486,10.6486,263.1579
2025-08-06T12:40:44,10.621,10.621,10.621,10.621,10.5263
2025-08-06T12:40:46,10.5602,10.5602,10.5602,10.5602,131.8947
2025-08-06T12:40:51,10.5602,10.5602,10.5602,10.5602,12.3158
2025-08-06T12:41:03,10.5659,10.5659,10.5659,10.5659,122.3684
2025-08-06T12:41:08,10.5697,10.5697,10.5697,10.5697,315.7895
2025-08-06T12:41:10,10.5697,10.5697,10.5697,10.5697,87.0
2025-08-06T12:41:12,10.5697,10.6381,10.5697,10.6381,71.5789
2025-08-06T12:41:20,10.64,10.64,10.64,10.64,28.9474
2025-08-06T12:41:21,10.5716,10.5716,10.5716,10.5716,5.2632
2025-08-06T12:41:25,10.5849,10.5849,10.5849,10.5849,26.3158
2025-08-06T12:41:33,10.5849,10.64,10.5849,10.64,14.1053
2025-08-06T12:41:34,10.5716,10.5716,10.5716,10.5716,9.0
2025-08-06T12:41:38,10.5868,10.5868,10.5868,10.5868,91.7895
2025-08-06T12:41:43,10.5849,10.6134,10.5849,10.6134,100.4211
2025-08-06T12:41:44,10.5849,10.5849,10.5849,10.5849,26.3158
2025-08-06T12:41:47,10.5887,10.5887,10.5887,10.5887,5.2632
2025-08-06T12:41:57,10.602,10.6229,10.602,10.602,1613.9474
2025-08-06T12:42:00,10.64,10.64,10.64,10.64,11.0
2025-08-06T12:42:01,10.602,10.602,10.602,10.602,57.8947
2025-08-06T12:42:04,10.602,10.6039,10.602,10.6039,18.2632
2025-08-06T12:42:13,10.6305,10.6305,10.6305,10.6305,10.5263
2025-08-06T12:42:15,10.602,10.602,10.602,10.602,15.7895
2025-08-06T12:42:23,10.6305,10.6326,10.6305,10.6326,33.3158
2025-08-06T12:42:38,10.6172,10.6172,10.6172,10.6172,9.4737
2025-08-06T12:42:41,10.6172,10.6172,10.6172,10.6172,52.6316
2025-08-06T12:42:43,10.6324,10.6324,10.6324,10.6324,10.5263
2025-08-06T12:42:44,10.6039,10.6039,10.6039,10.6039,8.0526
2025-08-06T12:42:52,10.6039,10.6039,10.6039,10.6039,55.0526
2025-08-06T12:42:57,10.602,10.602,10.602,10.602,51.6316
2025-08-06T12:43:00,10.5868,10.5868,10.5868,10.5868,25.2632
2025-08-06T12:43:02,10.5887,10.5887,10.5887,10.5887,73.5789
2025-08-06T12:43:04,10.5878,10.5878,10.5878,10.5878,20.5789
2025-08-06T12:43:06,10.5735,10.5735,10.5735,10.5735,505.2632
2025-08-06T12:43:10,10.5735,10.5792,10.5735,10.5792,67.7895
2025-08-06T12:43:11,10.5659,10.5659,10.5659,10.5659,13.6316
2025-08-06T12:43:22,10.5697,10.5697,10.5697,10.5697,66.6316
2025-08-06T12:43:23,10.5659,10.5659,10.5659,10.5659,13.6316
2025-08-06T12:43:28,10.5982,10.5982,10.5982,10.5982,52.6316
2025-08-06T12:43:38,10.5982,10.5982,10.5982,10.5982,263.1579
2025-08-06T12:43:39,10.5982,10.5982,10.5982,10.5982,263.1579
2025-08-06T12:43:41,10.6001,10.64,10.5982,10.64,237.0526
2025-08-06T12:43:42,10.6381,10.6381,10.6381,10.6381,263.1579
2025-08-06T12:43:44,10.6381,10.6381,10.6381,10.6381,10.5263
2025-08-06T12:43:46,10.6381,10.64,10.6381,10.64,827.6316
2025-08-06T12:43:47,10.6742,10.6742,10.6742,10.6742,5.2632
2025-08-06T12:43:53,10.6609,10.6742,10.6609,10.6742,53.3684
2025-08-06T12:43:57,10.6041,10.6041,10.6041,10.6041,35.6316
2025-08-06T12:43:59,10.64,10.64,10.64,10.64,128.9474
2025-08-06T12:44:08,10.6058,10.6058,10.6058,10.6058,52.6316
2025-08-06T12:44:11,10.6324,10.6324,10.6324,10.6324,187.1053
2025-08-06T12:44:14,10.6039,10.6039,10.6039,10.6039,10.5263
2025-08-06T12:44:16,10.5906,10.6058,10.5906,10.6058,367.8947
2025-08-06T12:44:17,10.6039,10.6039,10.6039,10.6039,6.3158
2025-08-06T12:44:25,10.5887,10.5887,10.5887,10.5887,27.7368
2025-08-06T12:44:38,10.5887,10.5887,10.5887,10.5887,8.7368
2025-08-06T12:44:40,10.5678,10.5678,10.5678,10.5678,263.1579
2025-08-06T12:44:43,10.5659,10.5659,10.5659,10.5659,263.1579
2025-08-06T12:44:46,10.5811,10.5811,10.5811,10.5811,9.4737
2025-08-06T12:44:58,10.583,10.583,10.583,10.583,5.2632
2025-08-06T12:45:04,10.583,10.583,10.583,10.583,26.3158
2025-08-06T12:45:06,10.5811,10.5811,10.5811,10.5811,9.7895
2025-08-06T12:45:08,10.5678,10.5735,10.5678,10.5735,355.0
2025-08-06T12:45:09,10.5697,10.5697,10.5697,10.5697,473.6842
2025-08-06T12:45:19,10.5678,10.5678,10.5678,10.5678,23.3684
2025-08-06T12:45:24,10.5688,10.5688,10.5688,10.5688,5.2632
2025-08-06T12:45:29,10.5678,10.5678,10.5583,10.5583,684.6316
2025-08-06T12:45:31,10.5583,10.5583,10.5526,10.5526,33.5263
2025-08-06T12:45:32,10.545,10.545,10.545,10.545,427.9474
2025-08-06T12:45:33,10.545,10.545,10.545,10.545,263.1579
2025-08-06T12:45:39,10.545,10.545,10.545,10.545,347.3684
2025-08-06T12:45:59,10.545,10.545,10.545,10.545,147.3684
2025-08-06T12:46:02,10.5526,10.5526,10.5526,10.5526,47.8947
2025-08-06T12:46:09,10.545,10.545,10.545,10.545,52.6316
2025-08-06T12:46:13,10.5469,10.5469,10.546,10.546,36.8421
2025-08-06T12:46:14,10.545,10.545,10.5127,10.5336,486.3684
2025-08-06T12:46:19,10.545,10.545,10.545,10.545,25.6842
2025-08-06T12:46:20,10.545,10.545,10.545,10.545,5.2632
2025-08-06T12:46:24,10.5469,10.5469,10.5469,10.5469,26.3158
2025-08-06T12:46:25,10.5469,10.5469,10.545,10.545,43.8947
2025-08-06T12:46:27,10.5108,10.545,10.5108,10.5108,1550.6842
2025-08-06T12:46:30,10.5108,10.5108,10.5108,10.5108,21.0526
2025-08-06T12:46:40,10.5127,10.5127,10.5127,10.5127,102.9474
2025-08-06T12:46:46,10.5127,10.5127,10.5127,10.5127,55.0526
2025-08-06T12:46:52,10.5203,10.5203,10.5203,10.5203,23.0
2025-08-06T12:46:53,10.5108,10.5108,10.5108,10.5108,5.2632
2025-08-06T12:46:56,10.5127,10.5127,10.5127,10.5127,26.1053
2025-08-06T12:47:00,10.5118,10.5118,10.5118,10.5118,21.0526
2025-08-06T12:47:01,10.5127,10.5127,10.5127,10.5127,65.2632
2025-08-06T12:47:06,10.5289,10.5289,10.5289,10.5289,5.5789
2025-08-06T12:47:09,10.545,10.545,10.545,10.545,7.3684
2025-08-06T12:47:12,10.5288,10.5288,10.5288,10.5288,263.1579
2025-08-06T12:47:15,10.5108,10.5108,10.5108,10.5108,8.3684
2025-08-06T12:47:21,10.5146,10.5146,10.5127,10.5127,68.4211
2025-08-06T12:47:23,10.5127,10.5127,10.5127,10.5127,10.5263
2025-08-06T12:47:25,10.5279,10.5279,10.5127,10.5127,81.5789
2025-08-06T12:47:30,10.5127,10.5127,10.5127,10.5127,28.4211
2025-08-06T12:47:31,10.5127,10.5127,10.5127,10.5127,12.6316
2025-08-06T12:47:35,10.5127,10.5127,10.5127,10.5127,33.5789
2025-08-06T12:47:37,10.5146,10.5146,10.5032,10.5032,247.1053
2025-08-06T12:47:46,10.4823,10.4823,10.4823,10.4823,13.1579
2025-08-06T12:47:51,10.4823,10.4823,10.4823,10.4823,17.5263
2025-08-06T12:47:54,10.5108,10.5108,10.4823,10.4823,81.5789
2025-08-06T12:48:06,10.4899,10.4899,10.4823,10.4823,78.3684
2025-08-06T12:48:15,10.4842,10.4842,10.4842,10.4842,9.9474
2025-08-06T12:48:20,10.4842,10.4842,10.4842,10.4842,96.6842
2025-08-06T12:48:23,10.4842,10.4842,10.4842,10.4842,10.6316
2025-08-06T12:48:27,10.4975,10.4975,10.4975,10.4975,21.0526
2025-08-06T12:48:28,10.5089,10.5089,10.5089,10.5089,478.1579
2025-08-06T12:48:32,10.4975,10.4975,10.4975,10.4975,71.1579
2025-08-06T12:48:33,10.5108,10.545,10.5108,10.545,50.5789
2025-08-06T12:48:34,10.5488,10.5488,10.5488,10.5488,263.1579
2025-08-06T12:48:38,10.5469,10.5469,10.5469,10.5469,263.1579
2025-08-06T12:48:41,10.5469,10.5469,10.5469,10.5469,263.1579
2025-08-06T12:48:44,10.5469,10.5469,10.5469,10.5469,26.3158
2025-08-06T12:48:45,10.545,10.5488,10.545,10.5488,147.9474
2025-08-06T12:48:49,10.545,10.545,10.545,10.545,13.1579
2025-08-06T12:48:53,10.5431,10.5431,10.5431,10.5431,243.7895
2025-08-06T12:48:57,10.545,10.545,10.5431,10.5431,73.7368
2025-08-06T12:49:14,10.4956,10.4956,10.4956,10.4956,9.7895
2025-08-06T12:49:28,10.4975,10.4975,10.4975,10.4975,279.7895
2025-08-06T12:49:29,10.5412,10.5412,10.5412,10.5412,52.6316
2025-08-06T12:49:33,10.5431,10.5431,10.5431,10.5431,10.6842
2025-08-06T12:49:36,10.5393,10.5393,10.5393,10.5393,21.2105
2025-08-06T12:49:37,10.5374,10.5374,10.5374,10.5374,38.0526
2025-08-06T12:49:41,10.526,10.526,10.526,10.526,5.2632
2025-08-06T12:49:43,10.4956,10.4956,10.4956,10.4956,52.7368
2025-08-06T12:49:44,10.5108,10.5108,10.5108,10.5108,525.6316
2025-08-06T12:49:46,10.5108,10.5108,10.5108,10.5108,52.4211
2025-08-06T12:49:53,10.507,10.507,10.507,10.507,59.2105
2025-08-06T12:49:59,10.4975,10.4975,10.4975,10.4975,53.0
2025-08-06T12:50:10,10.5023,10.5023,10.5023,10.5023,236.8421
2025-08-06T12:50:11,10.5032,10.5032,10.5032,10.5032,32.1053
2025-08-06T12:50:17,10.4965,10.4965,10.4965,10.4965,21.0526
2025-08-06T12:50:30,10.4975,10.4975,10.4975,10.4975,50.6842
2025-08-06T12:50:34,10.4956,10.4956,10.4956,10.4956,14.8421
2025-08-06T12:50:35,10.4956,10.4956,10.4956,10.4956,10.5263
2025-08-06T12:50:39,10.4956,10.4956,10.4956,10.4956,195.7368
2025-08-06T12:50:40,10.4956,10.4956,10.4928,10.4928,158.4211
2025-08-06T12:50:41,10.4975,10.4975,10.4975,10.4975,5.2632
2025-08-06T12:50:43,10.4956,10.4956,10.4956,10.4956,13.1579
2025-08-06T12:50:44,10.4899,10.4899,10.45,10.45,1199.2632
2025-08-06T12:50:45,10.45,10.45,10.45,10.45,302.7895
2025-08-06T12:50:46,10.4519,10.4519,10.4519,10.4519,263.1579
2025-08-06T12:50:47,10.4519,10.4519,10.4519,10.4519,583.1579
2025-08-06T12:50:58,10.4519,10.4519,10.4519,10.4519,25.7895
2025-08-06T12:50:59,10.4785,10.4785,10.4785,10.4785,26.3158
2025-08-06T12:51:02,10.4538,10.4538,10.4519,10.4519,64.3158
2025-08-06T12:51:03,10.4519,10.4519,10.4519,10.4519,28.3158
2025-08-06T12:51:04,10.4614,10.4614,10.4538,10.4538,85.1579
2025-08-06T12:51:09,10.4519,10.4519,10.4519,10.4519,18.9474
2025-08-06T12:51:10,10.4519,10.4538,10.4519,10.4538,211.0
2025-08-06T12:51:19,10.4519,10.4519,10.4519,10.4519,52.6316
2025-08-06T12:51:21,10.4519,10.4519,10.4519,10.4519,417.2105
2025-08-06T12:51:22,10.4519,10.4519,10.4519,10.4519,21.0526
2025-08-06T12:51:24,10.4519,10.4519,10.374,10.3778,2476.1053
2025-08-06T12:51:25,10.4006,10.4006,10.4006,10.4006,18.3684
2025-08-06T12:51:30,10.4016,10.4016,10.4016,10.4016,263.1579
2025-08-06T12:51:35,10.3987,10.3987,10.3987,10.3987,26.3158
2025-08-06T12:51:36,10.3854,10.3854,10.3854,10.3854,321.7895
2025-08-06T12:51:37,10.3854,10.3854,10.3854,10.3854,17.5263
2025-08-06T12:51:47,10.3816,10.3816,10.3816,10.3816,21.0526
2025-08-06T12:51:49,10.3778,10.3778,10.3778,10.3778,7.3684
2025-08-06T12:51:56,10.3816,10.3816,10.3816,10.3816,67.8947
2025-08-06T12:51:58,10.3835,10.3835,10.3835,10.3835,5.2632
2025-08-06T12:52:00,10.3854,10.3854,10.3816,10.3816,30.2632
2025-08-06T12:52:04,10.3778,10.3778,10.3778,10.3778,263.1579
2025-08-06T12:52:07,10.3778,10.3778,10.3778,10.3778,60.3158
2025-08-06T12:52:14,10.3702,10.3854,10.3702,10.3816,856.9474
2025-08-06T12:52:15,10.4177,10.4187,10.4177,10.4187,39.5263
2025-08-06T12:52:20,10.3892,10.3892,10.3892,10.3892,7.3158
2025-08-06T12:52:36,10.3949,10.3949,10.3949,10.3949,28.3158
2025-08-06T12:52:42,10.4177,10.4177,10.397,10.397,21.0526
2025-08-06T12:52:47,10.4367,10.4367,10.4367,10.4367,6.3158
2025-08-06T12:53:06,10.412,10.412,10.412,10.412,52.6316
2025-08-06T12:53:08,10.3987,10.4367,10.3987,10.3987,62.1579
2025-08-06T12:53:20,10.4348,10.4348,10.4348,10.4348,18.4211
2025-08-06T12:53:35,10.4253,10.4253,10.4253,10.4253,196.7895
2025-08-06T12:53:48,10.4006,10.4006,10.4006,10.4006,31.7368
2025-08-06T12:54:02,10.4006,10.4006,10.4006,10.4006,5.7895
2025-08-06T12:54:04,10.3892,10.3892,10.3892,10.3892,394.3158
2025-08-06T12:54:07,10.3892,10.3892,10.3892,10.3892,13.7895
2025-08-06T12:54:08,10.3911,10.3911,10.3911,10.3911,61.1053
2025-08-06T12:54:11,10.3911,10.3911,10.3911,10.3911,79.0526
2025-08-06T12:54:12,10.3949,10.3949,10.3949,10.3949,68.4211
2025-08-06T12:54:14,10.3911,10.3911,10.3911,10.3911,13.4737
2025-08-06T12:54:15,10.4006,10.4006,10.4006,10.4006,12.9474
2025-08-06T12:54:17,10.4006,10.412,10.4006,10.412,67.4211
2025-08-06T12:54:23,10.3968,10.3968,10.3968,10.3968,122.6316
2025-08-06T12:54:29,10.4348,10.4348,10.4348,10.4348,263.1579
2025-08-06T12:54:38,10.4348,10.4348,10.4348,10.4348,5.2632
2025-08-06T12:54:39,10.4367,10.4519,10.4367,10.4519,374.3158
2025-08-06T12:54:45,10.4899,10.4975,10.4899,10.4975,58.2632
2025-08-06T12:54:46,10.5108,10.5412,10.5089,10.5412,159.4737
2025-08-06T12:54:47,10.5412,10.5412,10.5412,10.5412,105.2632
2025-08-06T12:54:48,10.4994,10.4994,10.4994,10.4994,106.6842
2025-08-06T12:54:49,10.4557,10.4994,10.4557,10.4994,40.2105
2025-08-06T12:54:55,10.4994,10.4994,10.4994,10.4994,8.6842
2025-08-06T12:54:56,10.4842,10.4842,10.4557,10.4557,52.0
2025-08-06T12:55:10,10.4956,10.4956,10.4956,10.4956,95.9474
2025-08-06T12:55:14,10.4927,10.4927,10.4927,10.4927,22.2105
2025-08-06T12:55:15,10.5089,10.5089,10.5089,10.5089,10.5263
2025-08-06T12:55:39,10.5412,10.5412,10.5412,10.5412,526.3158
2025-08-06T12:55:46,10.5431,10.5431,10.5431,10.5431,5.3684
2025-08-06T12:56:05,10.5431,10.5431,10.5431,10.5431,44.5263
2025-08-06T12:56:10,10.5393,10.5393,10.5393,10.5393,5.2632
2025-08-06T12:56:12,10.5393,10.5393,10.5393,10.5393,5.2632
2025-08-06T12:56:33,10.5431,10.6001,10.5431,10.6001,929.3684
2025-08-06T12:56:34,10.5868,10.5868,10.5868,10.5868,12.6842
2025-08-06T12:56:38,10.583,10.6856,10.583,10.6856,606.7368
2025-08-06T12:56:43,10.6856,10.6856,10.6856,10.6856,5.2632
2025-08-06T12:56:46,10.6837,10.6837,10.6837,10.6837,5.2632
2025-08-06T12:57:06,10.6172,10.6286,10.6172,10.6286,54.0
2025-08-06T12:57:13,10.64,10.6913,10.64,10.6913,1381.6316
2025-08-06T12:57:16,10.6913,10.6913,10.6913,10.6913,5.2632
2025-08-06T12:57:21,10.6837,10.6837,10.6837,10.6837,5.2632
2025-08-06T12:57:30,10.6476,10.6476,10.6476,10.6476,6.3158
2025-08-06T12:57:36,10.6476,10.6476,10.6476,10.6476,41.1579
2025-08-06T12:57:42,10.6875,10.6875,10.6875,10.6875,5.2632
2025-08-06T12:57:46,10.6875,10.6875,10.6875,10.6875,5.2632
2025-08-06T12:57:47,10.6875,10.6875,10.6875,10.6875,21.0526
2025-08-06T12:57:48,10.6495,10.6495,10.6495,10.6495,19.3684
2025-08-06T12:57:57,10.6495,10.6837,10.6495,10.6837,1684.2105
2025-08-06T12:57:59,10.6837,10.6837,10.6599,10.6837,789.4737
2025-08-06T12:58:00,10.6818,10.6818,10.64,10.64,540.5263
2025-08-06T12:58:13,10.6837,10.6837,10.6837,10.6837,105.2632
2025-08-06T12:58:22,10.64,10.64,10.64,10.64,22.8947
2025-08-06T12:58:23,10.6837,10.6837,10.6837,10.6837,31.5789
2025-08-06T12:58:24,10.6609,10.6795,10.6609,10.6795,21.1053
2025-08-06T12:58:31,10.6837,10.6837,10.6837,10.6837,100.5789
2025-08-06T12:58:35,10.6704,10.6704,10.6647,10.6647,1344.7895
2025-08-06T12:58:36,10.6647,10.6647,10.6647,10.6647,305.2632
2025-08-06T12:58:37,10.6685,10.6685,10.6685,10.6685,207.8947
2025-08-06T12:58:42,10.6818,10.6818,10.6818,10.6818,5.9474
2025-08-06T12:58:49,10.6837,10.6837,10.6837,10.6837,86.4211
2025-08-06T12:58:52,10.6476,10.6476,10.6476,10.6476,5.2632
2025-08-06T12:58:57,10.6666,10.6666,10.6666,10.6666,108.4737
2025-08-06T12:59:00,10.6533,10.6533,10.6533,10.6533,7.5263
2025-08-06T12:59:06,10.6837,10.6837,10.6533,10.6533,37.5263
2025-08-06T12:59:19,10.6533,10.6533,10.6533,10.6533,281.1053
2025-08-06T12:59:20,10.6533,10.6533,10.6533,10.6533,263.1579
2025-08-06T12:59:26,10.6552,10.6552,10.6552,10.6552,263.1579
2025-08-06T12:59:30,10.6741,10.6741,10.6741,10.6741,26.3158
2025-08-06T12:59:33,10.6543,10.6543,10.6543,10.6543,10.5263
2025-08-06T12:59:34,10.6543,10.6543,10.6543,10.6543,263.1579
2025-08-06T12:59:42,10.6533,10.6552,10.64,10.64,160.0
2025-08-06T12:59:44,10.6191,10.6191,10.5811,10.5811,576.0
2025-08-06T12:59:45,10.5203,10.5203,10.4652,10.4785,303.1579
2025-08-06T12:59:59,10.5621,10.5621,10.5621,10.5621,10.5263
2025-08-06T13:00:07,10.5764,10.5764,10.5764,10.5764,26.3158
2025-08-06T13:00:13,10.5792,10.5792,10.5792,10.5792,105.4211
2025-08-06T13:00:15,10.6153,10.6153,10.6153,10.6153,10.5263
2025-08-06T13:00:22,10.5792,10.5792,10.5773,10.5773,268.1579
2025-08-06T13:00:27,10.5773,10.5773,10.5773,10.5773,206.1579
2025-08-06T13:00:41,10.5773,10.5773,10.5773,10.5773,55.2632
2025-08-06T13:00:48,10.5792,10.5925,10.5792,10.5925,26.3158
2025-08-06T13:00:51,10.5811,10.6172,10.5811,10.6172,295.2105
2025-08-06T13:00:53,10.6381,10.6381,10.6381,10.6381,26.3158
2025-08-06T13:00:56,10.64,10.64,10.64,10.64,9.0
2025-08-06T13:00:58,10.64,10.6552,10.64,10.6552,69.9474
2025-08-06T13:01:07,10.621,10.621,10.5868,10.5868,510.5263
2025-08-06T13:01:08,10.621,10.621,10.621,10.621,105.2632
2025-08-06T13:01:21,10.6343,10.6343,10.6343,10.6343,21.4737
2025-08-06T13:01:25,10.6343,10.6343,10.6343,10.6343,26.3158
2025-08-06T13:01:27,10.6229,10.6229,10.6229,10.6229,5.6316
2025-08-06T13:01:30,10.6552,10.6913,10.6552,10.6913,1050.4737
2025-08-06T13:01:31,10.6913,10.697,10.6913,10.697,659.7895
2025-08-06T13:01:43,10.716,10.716,10.716,10.716,131.5789
2025-08-06T13:01:45,10.7179,10.7179,10.7122,10.716,426.3158
2025-08-06T13:01:47,10.716,10.716,10.716,10.716,421.0526
2025-08-06T13:01:49,10.6951,10.7027,10.64,10.64,1173.6842
2025-08-06T13:01:58,10.716,10.716,10.716,10.716,52.6316
2025-08-06T13:02:10,10.6685,10.6685,10.6685,10.6685,10.5263
2025-08-06T13:02:13,10.6685,10.6685,10.6685,10.6685,21.0526
2025-08-06T13:02:14,10.6704,10.6704,10.64,10.6704,77.7895
2025-08-06T13:02:16,10.697,10.697,10.697,10.697,113.5263
2025-08-06T13:02:20,10.6704,10.6704,10.6704,10.6704,64.2105
2025-08-06T13:02:25,10.6685,10.6685,10.6685,10.6685,210.5263
2025-08-06T13:02:26,10.697,10.697,10.697,10.697,31.5789
2025-08-06T13:02:30,10.6685,10.6685,10.6685,10.6685,647.0526
2025-08-06T13:02:34,10.64,10.64,10.64,10.64,38.2632
2025-08-06T13:02:38,10.6343,10.6343,10.6343,10.6343,26.3158
2025-08-06T13:02:59,10.5925,10.5925,10.5925,10.5925,6.6842
2025-08-06T13:03:06,10.5849,10.5849,10.5849,10.5849,118.5263
2025-08-06T13:03:09,10.5849,10.5849,10.5849,10.5849,421.0526
2025-08-06T13:03:10,10.5849,10.5849,10.5849,10.5849,421.0526
2025-08-06T13:03:22,10.5849,10.5849,10.5849,10.5849,88.4211
2025-08-06T13:03:27,10.5868,10.5868,10.5868,10.5868,75.7895
2025-08-06T13:03:40,10.6343,10.6343,10.6343,10.6343,5.2632
2025-08-06T13:04:15,10.6324,10.6324,10.6324,10.6324,26.3158
2025-08-06T13:04:22,10.5887,10.5887,10.5887,10.5887,13.3684
2025-08-06T13:04:23,10.6324,10.6324,10.6324,10.6324,5.2632
2025-08-06T13:04:38,10.5887,10.5887,10.5887,10.5887,10.5263
2025-08-06T13:04:40,10.5887,10.5887,10.5887,10.5887,26.3158
2025-08-06T13:04:44,10.5887,10.5887,10.5887,10.5887,42.1053
2025-08-06T13:04:46,10.5887,10.5887,10.5887,10.5887,10.5263
2025-08-06T13:04:55,10.6001,10.6001,10.6001,10.6001,157.8947
2025-08-06T13:04:58,10.602,10.602,10.5887,10.5887,115.2632
2025-08-06T13:05:01,10.5887,10.5887,10.5887,10.5887,40.3684
2025-08-06T13:05:07,10.5954,10.5954,10.5954,10.5954,6.1053
2025-08-06T13:05:09,10.5887,10.5887,10.5887,10.5887,52.6316
2025-08-06T13:05:11,10.602,10.602,10.6001,10.6001,42.1053
2025-08-06T13:05:21,10.5887,10.5887,10.5887,10.5887,263.8421
2025-08-06T13:05:22,10.5925,10.5925,10.5925,10.5925,52.6316
2025-08-06T13:05:23,10.5963,10.5963,10.5963,10.5963,29.9474
2025-08-06T13:05:25,10.5963,10.5963,10.5963,10.5963,8.6842
2025-08-06T13:05:26,10.6001,10.6001,10.6001,10.6001,347.3684
2025-08-06T13:05:27,10.5991,10.5991,10.5991,10.5991,348.0
2025-08-06T13:05:28,10.602,10.602,10.6001,10.6001,373.7368
2025-08-06T13:05:29,10.6324,10.697,10.6153,10.697,771.0526
2025-08-06T13:05:30,10.6951,10.6951,10.6951,10.6951,947.3684
2025-08-06T13:05:31,10.6951,10.697,10.6951,10.697,526.3158
2025-08-06T13:05:32,10.6229,10.6229,10.6229,10.6229,6.2632
2025-08-06T13:05:46,10.64,10.64,10.64,10.64,350.1579
2025-08-06T13:05:49,10.6685,10.6685,10.6685,10.6685,25.7895
2025-08-06T13:05:55,10.6419,10.697,10.6419,10.697,40.7895
2025-08-06T13:05:59,10.6951,10.6951,10.6951,10.6951,105.2632
2025-08-06T13:06:02,10.64,10.64,10.64,10.64,25.2105
2025-08-06T13:06:03,10.6685,10.6685,10.6685,10.6685,19.4211
2025-08-06T13:06:07,10.697,10.697,10.697,10.697,218.1579
2025-08-06T13:06:10,10.697,10.697,10.697,10.697,27.6316
2025-08-06T13:06:13,10.6951,10.6951,10.6951,10.6951,63.1579
2025-08-06T13:06:16,10.697,10.697,10.697,10.697,10.5263
2025-08-06T13:06:21,10.697,10.697,10.697,10.697,115.8421
2025-08-06T13:06:23,10.6837,10.697,10.6837,10.697,768.4211
2025-08-06T13:06:24,10.6875,10.697,10.6723,10.697,477.0526
2025-08-06T13:06:28,10.6704,10.6704,10.6704,10.6704,31.5789
2025-08-06T13:06:30,10.6723,10.697,10.6723,10.6873,221.0526
2025-08-06T13:06:35,10.6704,10.6704,10.6704,10.6704,5.9474
2025-08-06T13:06:38,10.6723,10.6723,10.6723,10.6723,10.5263
2025-08-06T13:06:41,10.697,10.697,10.6837,10.6837,52.6316
2025-08-06T13:06:42,10.6932,10.697,10.6932,10.6969,47.6316
2025-08-06T13:06:43,10.697,10.697,10.697,10.697,263.1579
2025-08-06T13:06:44,10.6951,10.8243,10.6951,10.8243,3608.7895
2025-08-06T13:06:45,10.8224,10.8224,10.7407,10.7407,1000.0
2025-08-06T13:06:46,10.8224,10.8243,10.8224,10.8224,1110.5263
2025-08-06T13:06:47,10.8224,10.8224,10.7645,10.7645,610.6316
2025-08-06T13:06:49,10.8224,10.8224,10.8224,10.8224,96.0526
2025-08-06T13:06:50,10.8243,10.8243,10.8243,10.8243,43.3684
2025-08-06T13:07:00,10.8224,10.8224,10.8224,10.8224,88.4737
2025-08-06T13:07:01,10.7426,10.7426,10.7426,10.7426,22.6842
2025-08-06T13:07:03,10.8224,10.8224,10.8224,10.8224,6.0526
2025-08-06T13:07:06,10.8205,10.8205,10.8205,10.8205,14.6842
2025-08-06T13:07:08,10.8224,10.8224,10.7825,10.8205,212.2105
2025-08-06T13:07:14,10.8205,10.8205,10.8205,10.8205,26.3158
2025-08-06T13:07:15,10.7996,10.8205,10.7996,10.8205,486.0
2025-08-06T13:07:16,10.8205,10.8205,10.8205,10.8205,42.9474
2025-08-06T13:07:18,10.811,10.8965,10.811,10.8376,2513.3684
2025-08-06T13:07:20,10.8965,10.9991,10.8965,10.9991,2254.8421
2025-08-06T13:07:21,11.0029,11.0029,11.001,11.001,1979.5789
2025-08-06T13:07:22,11.001,11.02,11.001,11.0181,1275.1579
2025-08-06T13:07:23,11.02,11.02,11.02,11.02,487.2105
2025-08-06T13:07:24,11.0105,11.02,11.001,11.0048,940.2105
2025-08-06T13:07:25,10.9687,10.9687,10.9687,10.9687,55.2632
2025-08-06T13:07:26,11.0181,11.02,11.0181,11.0191,912.7368
2025-08-06T13:07:27,11.02,11.0922,11.02,11.0922,1696.8421
2025-08-06T13:07:28,11.0675,11.1131,11.0447,11.0447,1628.9474
2025-08-06T13:07:29,11.1112,11.1131,11.0371,11.0371,1608.2105
2025-08-06T13:07:30,11.0371,11.1131,11.0371,11.1112,607.7368
2025-08-06T13:07:31,11.0742,11.1112,11.0352,11.0371,2082.3158
2025-08-06T13:07:32,11.0922,11.0922,11.058,11.0751,877.9474
2025-08-06T13:07:33,11.0599,11.0903,11.0599,11.0599,595.3684
2025-08-06T13:07:34,11.0922,11.0922,11.0607,11.0607,116.3158
2025-08-06T13:07:35,11.0903,11.1131,11.0618,11.0618,527.7895
2025-08-06T13:07:36,11.1112,11.1131,11.1112,11.1131,1126.1579
2025-08-06T13:07:37,11.1131,11.1131,11.1112,11.1131,2553.8947
2025-08-06T13:07:38,11.1122,11.1131,11.1112,11.1131,1187.1053
2025-08-06T13:07:39,11.1112,11.21,11.1112,11.2081,2456.1579
2025-08-06T13:07:40,11.21,11.2233,11.1777,11.2233,704.1579
2025-08-06T13:07:41,11.2233,11.2233,11.2233,11.2233,289.5263
2025-08-06T13:07:42,11.2243,11.2243,11.2243,11.2243,142.9474
2025-08-06T13:07:43,11.2252,11.2366,11.2252,11.2366,100.3158
2025-08-06T13:07:44,11.2366,11.2898,11.2366,11.2898,318.2632
2025-08-06T13:07:45,11.2898,11.2936,11.2537,11.2727,490.7895
2025-08-06T13:07:46,11.2936,11.2936,11.2917,11.2917,92.2632
2025-08-06T13:07:47,11.2936,11.2936,11.286,11.2934,598.9474
2025-08-06T13:07:48,11.2594,11.2936,11.2594,11.2936,745.7368
2025-08-06T13:07:49,11.2934,11.2936,11.2898,11.2917,151.9474
2025-08-06T13:07:50,11.2917,11.2936,11.2917,11.2936,374.8947
2025-08-06T13:07:51,11.2927,11.2955,11.2898,11.2917,764.0
2025-08-06T13:07:52,11.2917,11.2917,11.2556,11.2898,1947.6842
2025-08-06T13:07:53,11.2898,11.2898,11.1872,11.191,2897.4211
2025-08-06T13:07:54,11.191,11.2651,11.191,11.229,1491.4211
2025-08-06T13:07:55,11.2632,11.2651,11.21,11.2651,369.7895
2025-08-06T13:07:56,11.2309,11.2309,11.2309,11.2309,30.7895
2025-08-06T13:07:57,11.2632,11.2632,11.21,11.21,479.4737
2025-08-06T13:07:58,11.248,11.248,11.2309,11.2309,72.3158
2025-08-06T13:07:59,11.1986,11.2395,11.1967,11.2205,190.8421
2025-08-06T13:08:00,11.2461,11.248,11.2214,11.248,492.2632
2025-08-06T13:08:01,11.2357,11.2357,11.2328,11.2328,366.6842
2025-08-06T13:08:02,11.248,11.248,11.2309,11.2461,267.7895
2025-08-06T13:08:03,11.248,11.248,11.248,11.248,173.8421
2025-08-06T13:08:05,11.248,11.248,11.2461,11.2461,32.4211
2025-08-06T13:08:06,11.2471,11.2471,11.2461,11.2461,61.6316
2025-08-06T13:08:08,11.2461,11.2471,11.2461,11.2471,196.8947
2025-08-06T13:08:09,11.248,11.248,11.248,11.248,37.3158
2025-08-06T13:08:10,11.248,11.248,11.2461,11.2461,419.4737
2025-08-06T13:08:12,11.248,11.248,11.2471,11.2471,429.7895
2025-08-06T13:08:13,11.2461,11.2632,11.2461,11.2613,258.9474
2025-08-06T13:08:14,11.2632,11.2632,11.2632,11.2632,110.4737
2025-08-06T13:08:15,11.2461,11.2632,11.2461,11.248,715.7895
2025-08-06T13:08:16,11.2613,11.2936,11.2556,11.2936,1989.4737
2025-08-06T13:08:17,11.267,11.305,11.267,11.286,873.7895
2025-08-06T13:08:18,11.305,11.3525,11.305,11.3506,2482.0
2025-08-06T13:08:19,11.3525,11.3715,11.324,11.3715,264.1053
2025-08-06T13:08:20,11.3696,11.3696,11.3392,11.3392,93.1053
2025-08-06T13:08:21,11.3715,11.3829,11.3449,11.381,1639.4211
2025-08-06T13:08:22,11.3449,11.3449,11.3449,11.3449,17.2105
2025-08-06T13:08:23,11.3715,11.4,11.3576,11.3576,1187.4211
2025-08-06T13:08:24,11.3829,11.4,11.381,11.4,573.1053
2025-08-06T13:08:25,11.3981,11.4,11.3886,11.4,911.0
2025-08-06T13:08:26,11.3915,11.4,11.3829,11.4,939.4211
2025-08-06T13:08:27,11.3981,11.3981,11.3905,11.3962,121.8421
2025-08-06T13:08:28,11.3962,11.3981,11.3848,11.3848,622.3684
2025-08-06T13:08:29,11.3943,11.3981,11.3829,11.3867,1031.2105
2025-08-06T13:08:30,11.3962,11.4,11.3525,11.4,646.6842
2025-08-06T13:08:31,11.3962,11.3962,11.3525,11.3601,152.2632
2025-08-06T13:08:32,11.3525,11.3525,11.2119,11.2822,908.0
2025-08-06T13:08:33,11.2746,11.2841,11.2195,11.2195,1779.5789
2025-08-06T13:08:34,11.2195,11.2195,11.2176,11.2176,2488.3684
2025-08-06T13:08:35,11.2176,11.2195,11.2176,11.2176,429.3684
2025-08-06T13:08:36,11.2195,11.2195,11.2176,11.2195,61.0526
2025-08-06T13:08:37,11.2176,11.2176,11.2176,11.2176,316.2632
2025-08-06T13:08:38,11.2195,11.2195,11.2195,11.2195,130.5789
2025-08-06T13:08:39,11.2195,11.2195,11.2195,11.2195,38.5263
2025-08-06T13:08:40,11.2186,11.2195,11.1929,11.2195,895.8421
2025-08-06T13:08:41,11.1796,11.1796,11.1435,11.1454,800.2632
2025-08-06T13:08:42,11.1624,11.1624,11.1473,11.153,485.7895
2025-08-06T13:08:43,11.1435,11.1435,11.1435,11.1435,43.2632
2025-08-06T13:08:44,11.1454,11.1872,11.1454,11.1454,230.0526
2025-08-06T13:08:45,11.1511,11.1872,11.1445,11.1872,239.6316
2025-08-06T13:08:46,11.1872,11.1891,11.1587,11.1891,502.0526
2025-08-06T13:08:47,11.1872,11.1872,11.1872,11.1872,16.1053
2025-08-06T13:08:48,11.1568,11.1872,11.1568,11.1872,13.7895
2025-08-06T13:08:49,11.173,11.1872,11.173,11.1872,221.7368
2025-08-06T13:08:50,11.172,11.172,11.172,11.172,21.3684
2025-08-06T13:08:52,11.1872,11.1891,11.1492,11.1492,682.8421
2025-08-06T13:08:53,11.1815,11.1815,11.1435,11.1511,155.0
2025-08-06T13:08:54,11.172,11.172,11.1435,11.1701,685.3158
2025-08-06T13:08:55,11.1587,11.3105,11.1435,11.1568,300.7368
2025-08-06T13:08:57,11.1397,11.1473,11.1397,11.1473,303.6842
2025-08-06T13:08:58,11.1435,11.1872,11.1421,11.1872,115.1053
2025-08-06T13:08:59,11.1416,11.1511,11.0903,11.1511,2023.0526
2025-08-06T13:09:00,11.1492,11.1492,11.0333,11.0333,577.4737
2025-08-06T13:09:02,11.1245,11.1245,11.0941,11.0941,43.6316
2025-08-06T13:09:03,11.1207,11.1207,11.1207,11.1207,9.2105
2025-08-06T13:09:06,11.1074,11.1207,11.0333,11.1207,409.9474
2025-08-06T13:09:07,11.0618,11.0618,11.0618,11.0618,106.8947
2025-08-06T13:09:08,11.0751,11.0789,11.0333,11.0333,2368.7368
2025-08-06T13:09:09,11.0257,11.0257,10.963,10.963,726.3158
2025-08-06T13:09:10,10.9953,11.0238,10.9953,11.0238,72.1579
2025-08-06T13:09:11,11.0238,11.0238,10.9668,10.9991,262.5263
2025-08-06T13:09:12,10.9649,10.9877,10.9195,10.9877,52.6316
2025-08-06T13:09:13,10.9877,11.0124,10.9877,11.0124,40.0
2025-08-06T13:09:15,11.0143,11.0333,11.0143,11.0333,510.7895
2025-08-06T13:09:16,11.0333,11.0333,11.0333,11.0333,9.3158
2025-08-06T13:09:17,11.0808,11.0808,11.0808,11.0808,263.9474
2025-08-06T13:09:18,11.0352,11.0542,11.0352,11.0542,155.8947
2025-08-06T13:09:19,11.0713,11.0713,11.0542,11.0542,43.3158
2025-08-06T13:09:20,11.0542,11.0542,11.0542,11.0542,5.9474
2025-08-06T13:09:21,11.0675,11.0675,11.0333,11.0333,522.5789
2025-08-06T13:09:22,11.0238,11.0238,11.0105,11.0219,569.2632
2025-08-06T13:09:24,10.9943,11.0219,10.9943,11.0219,226.7368
2025-08-06T13:09:26,11.0219,11.0219,11.0219,11.0219,8.3684
2025-08-06T13:09:28,11.0314,11.0314,11.0219,11.0238,517.1053
2025-08-06T13:09:31,11.024,11.024,11.0238,11.0238,498.3684
2025-08-06T13:09:32,11.0238,11.0238,11.0238,11.0238,28.0
2025-08-06T13:09:33,11.0238,11.0238,11.0029,11.0029,233.6842
2025-08-06T13:09:34,10.9839,10.9839,10.9839,10.9839,78.4737
2025-08-06T13:09:38,10.9915,10.9915,10.9915,10.9915,21.0526
2025-08-06T13:09:39,10.9896,11.0181,10.9877,10.9877,229.2105
2025-08-06T13:09:40,10.9877,10.9896,10.9877,10.9877,198.6316
2025-08-06T13:09:41,11.0124,11.0124,10.9877,10.9877,605.2632
2025-08-06T13:09:42,10.9915,10.9915,10.9364,10.9364,937.1053
2025-08-06T13:09:43,10.9383,10.982,10.9383,10.982,345.1053
2025-08-06T13:09:44,10.9535,10.9535,10.9383,10.9383,528.1579
2025-08-06T13:09:45,10.9725,10.9725,10.9649,10.9649,48.5263
2025-08-06T13:09:46,10.9782,10.9782,10.9383,10.9383,771.4211
2025-08-06T13:09:50,10.9402,10.9402,10.9402,10.9402,24.3684
2025-08-06T13:09:51,10.9744,10.9744,10.9744,10.9744,52.6316
2025-08-06T13:09:53,10.9649,10.9649,10.849,10.849,2693.6316
2025-08-06T13:09:56,10.8528,10.9402,10.8528,10.9402,34.3684
2025-08-06T13:09:58,10.8509,10.9345,10.8509,10.9345,132.8947
2025-08-06T13:09:59,10.9022,10.9022,10.9022,10.9022,42.3158
2025-08-06T13:10:00,10.8528,10.8528,10.8528,10.8528,45.0
2025-08-06T13:10:02,10.9364,10.9364,10.9364,10.9364,159.5263
2025-08-06T13:10:03,10.9345,10.9345,10.9345,10.9345,30.4737
2025-08-06T13:10:04,10.8623,10.8623,10.8623,10.8623,18.6316
2025-08-06T13:10:05,10.8747,10.8747,10.8747,10.8747,18.4211
2025-08-06T13:10:07,10.8946,10.8946,10.8927,10.8946,235.2632
2025-08-06T13:10:08,10.8946,10.9326,10.8946,10.9288,859.2105
2025-08-06T13:10:09,10.9288,10.9288,10.8965,10.9288,979.5263
2025-08-06T13:10:10,10.9307,10.9307,10.8756,10.8756,598.8947
2025-08-06T13:10:11,10.9098,10.9098,10.9098,10.9098,347.4211
2025-08-06T13:10:12,10.8984,10.925,10.8984,10.925,204.4737
2025-08-06T13:10:13,10.906,10.906,10.906,10.906,25.5263
2025-08-06T13:10:14,10.8965,10.8966,10.8965,10.8966,95.9474
2025-08-06T13:10:15,10.8965,10.9003,10.8965,10.9003,31.4737
2025-08-06T13:10:16,10.906,10.906,10.906,10.906,1132.1053
2025-08-06T13:10:18,10.9041,10.9041,10.9041,10.9041,5.2632
2025-08-06T13:10:19,10.8984,10.8984,10.8984,10.8984,315.7895
2025-08-06T13:10:20,10.9041,10.9041,10.9041,10.9041,21.3158
2025-08-06T13:10:21,10.9003,10.9022,10.8965,10.8984,734.1579
2025-08-06T13:10:22,10.906,10.906,10.8984,10.8984,346.8421
2025-08-06T13:10:25,10.906,10.906,10.9003,10.9003,51.8947
2025-08-06T13:10:26,10.9041,10.9041,10.9003,10.9041,665.1579
2025-08-06T13:10:28,10.9041,10.9041,10.9041,10.9041,104.1579
2025-08-06T13:10:29,10.9022,10.9041,10.9022,10.9041,401.0526
2025-08-06T13:10:30,10.9022,10.9022,10.9022,10.9022,347.3684
2025-08-06T13:10:31,10.906,10.906,10.906,10.906,28.0
2025-08-06T13:10:32,10.9041,10.9763,10.9041,10.9763,1978.4737
2025-08-06T13:10:33,10.9231,10.9744,10.9231,10.9744,246.0
2025-08-06T13:10:34,10.9744,10.9763,10.9744,10.9763,24.7895
2025-08-06T13:10:35,10.9668,10.9763,10.9668,10.9763,456.8421
2025-08-06T13:10:36,10.9744,10.9744,10.9744,10.9744,15.7895
2025-08-06T13:10:37,10.9763,10.9763,10.9744,10.9744,189.4737
2025-08-06T13:10:38,11.0105,11.0105,11.0105,11.0105,897.6842
2025-08-06T13:10:39,11.0105,11.0162,11.0105,11.0143,441.1579
2025-08-06T13:10:40,11.0143,11.0143,11.0105,11.0105,321.0526
2025-08-06T13:10:41,11.0124,11.0314,11.0124,11.0136,1344.1053
2025-08-06T13:10:42,11.0143,11.0143,11.0143,11.0143,52.6316
2025-08-06T13:10:44,11.0143,11.0162,11.0143,11.0162,491.5263
2025-08-06T13:10:47,11.0694,11.0694,11.0694,11.0694,10.6316
2025-08-06T13:10:48,11.0675,11.0675,11.02,11.02,884.2105
2025-08-06T13:10:49,11.0884,11.0884,11.0219,11.0219,161.3684
2025-08-06T13:10:50,11.0219,11.0789,11.0143,11.0789,517.3684
2025-08-06T13:10:51,11.0162,11.0162,11.0162,11.0162,450.3158
2025-08-06T13:10:52,11.0162,11.0162,11.0162,11.0162,131.5789
2025-08-06T13:10:53,11.0447,11.0732,11.0447,11.0732,318.2632
2025-08-06T13:10:54,11.0751,11.0751,11.0751,11.0751,14.2632
2025-08-06T13:10:55,11.0495,11.0495,11.0495,11.0495,9.6316
2025-08-06T13:10:56,11.0751,11.0751,11.0732,11.0732,211.3158
2025-08-06T13:10:57,11.0751,11.0751,11.0751,11.0751,30.4737
2025-08-06T13:10:59,11.0732,11.0732,11.0732,11.0732,94.0
2025-08-06T13:11:00,11.0599,11.0732,11.0599,11.0732,38.9474
2025-08-06T13:11:01,11.0599,11.0599,11.0599,11.0599,84.5263
2025-08-06T13:11:02,11.0751,11.0751,11.0732,11.0751,554.1579
2025-08-06T13:11:03,11.0751,11.0751,11.0466,11.0466,368.7895
2025-08-06T13:11:04,11.0599,11.0732,11.0466,11.0466,591.4737
2025-08-06T13:11:05,11.0466,11.0466,11.0466,11.0466,371.1579
2025-08-06T13:11:06,11.0238,11.0314,11.0143,11.02,2358.6842
2025-08-06T13:11:07,11.0238,11.0238,11.0181,11.0238,528.5789
2025-08-06T13:11:08,11.02,11.02,11.02,11.02,158.0
2025-08-06T13:11:09,11.0219,11.0219,11.0219,11.0219,8.0526
2025-08-06T13:11:10,11.02,11.039,11.02,11.039,78.9474
2025-08-06T13:11:11,11.02,11.0314,11.02,11.0286,127.5263
2025-08-06T13:11:12,11.0267,11.0316,11.0257,11.0314,423.5789
2025-08-06T13:11:14,11.0314,11.0314,11.0314,11.0314,90.7368
2025-08-06T13:11:16,11.0276,11.0276,11.0276,11.0276,13.0
2025-08-06T13:11:18,11.0599,11.0979,11.0485,11.0485,817.2632
2025-08-06T13:11:19,11.096,11.0979,11.096,11.096,949.9474
2025-08-06T13:11:21,11.096,11.096,11.096,11.096,348.4211
2025-08-06T13:11:22,11.0941,11.096,11.0941,11.0941,666.6316
2025-08-06T13:11:23,11.0732,11.0979,11.0732,11.0979,231.0
2025-08-06T13:11:24,11.096,11.1321,11.096,11.1236,584.3684
2025-08-06T13:11:25,11.1302,11.1644,11.1302,11.1501,801.0526
2025-08-06T13:11:26,11.1625,11.21,11.134,11.21,1681.7368
2025-08-06T13:11:27,11.2081,11.2784,11.2081,11.2784,834.8421
2025-08-06T13:11:29,11.2784,11.2784,11.2138,11.2138,477.3684
2025-08-06T13:11:31,11.2794,11.2803,11.2138,11.2138,419.5789
2025-08-06T13:11:32,11.2784,11.2784,11.2157,11.2784,1191.2105
2025-08-06T13:11:33,11.2765,11.2765,11.2214,11.2765,399.7368
2025-08-06T13:11:34,11.2404,11.2746,11.2404,11.2746,74.1053
2025-08-06T13:11:35,11.2765,11.2765,11.2309,11.2765,95.1053
2025-08-06T13:11:36,11.2765,11.2765,11.2746,11.2746,70.6842
2025-08-06T13:11:37,11.2765,11.2765,11.2328,11.2328,221.4737
2025-08-06T13:11:38,11.2765,11.2765,11.2746,11.2746,31.6842
2025-08-06T13:11:39,11.2746,11.2746,11.2347,11.2366,945.9474
2025-08-06T13:11:40,11.2366,11.2366,11.229,11.2309,1372.2632
2025-08-06T13:11:41,11.2328,11.2328,11.2328,11.2328,700.8947
2025-08-06T13:11:42,11.2347,11.2366,11.2328,11.2328,266.6842
2025-08-06T13:11:43,11.2347,11.2366,11.2347,11.2366,232.4737
2025-08-06T13:11:44,11.2347,11.305,11.2347,11.2613,912.8947
2025-08-06T13:11:45,11.3031,11.3031,11.3031,11.3031,52.7895
2025-08-06T13:11:46,11.3031,11.3031,11.3031,11.3031,293.8421
2025-08-06T13:11:47,11.305,11.3126,11.2803,11.3126,340.0
2025-08-06T13:11:48,11.3126,11.3126,11.2689,11.3126,1264.1053
2025-08-06T13:11:49,11.267,11.3696,11.267,11.3696,1404.6316
2025-08-06T13:11:50,11.3829,11.3943,11.3411,11.3411,1641.4211
2025-08-06T13:11:53,11.3544,11.3601,11.3544,11.3601,96.1053
2025-08-06T13:11:54,11.3582,11.3943,11.3582,11.3943,381.9474
2025-08-06T13:11:55,11.362,11.3943,11.3506,11.3924,815.5263
2025-08-06T13:11:56,11.3848,11.3943,11.3829,11.3829,315.7895
2025-08-06T13:11:57,11.3924,11.3981,11.3924,11.3962,471.6842
2025-08-06T13:11:58,11.3962,11.3981,11.3962,11.3981,327.5789
2025-08-06T13:11:59,11.3981,11.4,11.3962,11.3981,1429.2632
2025-08-06T13:12:00,11.4,11.4,11.3972,11.4,3138.0
2025-08-06T13:12:01,11.4,11.4,11.3981,11.4,3999.7368
2025-08-06T13:12:02,11.4,11.4057,11.3962,11.3981,4622.3158
2025-08-06T13:12:03,11.4,11.457,11.4,11.4114,654.4737
2025-08-06T13:12:04,11.4456,11.4817,11.4228,11.4606,551.9474
2025-08-06T13:12:05,11.457,11.4608,11.4209,11.4209,930.5789
2025-08-06T13:12:06,11.419,11.4608,11.419,11.4456,1179.2105
2025-08-06T13:12:07,11.4608,11.4608,11.4608,11.4608,263.4737
2025-08-06T13:12:08,11.4608,11.5083,11.4599,11.495,1328.3684
2025-08-06T13:12:09,11.5083,11.5102,11.4893,11.5102,99.3684
2025-08-06T13:12:10,11.4684,11.5254,11.4684,11.5254,720.2105
2025-08-06T13:12:11,11.5273,11.5463,11.5273,11.5368,181.3684
2025-08-06T13:12:12,11.5349,11.5463,11.5349,11.5349,53.8421
2025-08-06T13:12:13,11.5292,11.5482,11.5292,11.5463,358.4737
2025-08-06T13:12:14,11.5482,11.5634,11.5292,11.5634,400.7895
2025-08-06T13:12:15,11.5634,11.571,11.5634,11.571,195.0
2025-08-06T13:12:16,11.5766,11.7781,11.5615,11.6546,3959.9474
2025-08-06T13:12:17,11.5615,11.7519,11.5615,11.7059,2401.2105
2025-08-06T13:12:18,11.6071,11.6565,11.6052,11.6299,1206.4211
2025-08-06T13:12:19,11.6147,11.7059,11.6147,11.7059,2955.5789
2025-08-06T13:12:20,11.704,11.7059,11.6223,11.6546,370.2105
2025-08-06T13:12:21,11.6546,11.7059,11.6489,11.7021,1600.9474
2025-08-06T13:12:22,11.6698,11.704,11.6527,11.7021,978.4737
2025-08-06T13:12:23,11.6584,11.7173,11.6584,11.7173,1427.4737
2025-08-06T13:12:24,11.7021,11.7173,11.6774,11.7173,538.4737
2025-08-06T13:12:25,11.7012,11.7173,11.59,11.6565,3691.9474
2025-08-06T13:12:26,11.6926,11.6926,11.5653,11.61,3719.5263
2025-08-06T13:12:27,11.6204,11.6432,11.5615,11.6413,1114.8947
2025-08-06T13:12:28,11.6394,11.6413,11.5482,11.5482,539.7368
2025-08-06T13:12:29,11.6033,11.6394,11.6033,11.609,953.2105
2025-08-06T13:12:30,11.6204,11.6204,11.5843,11.5843,346.2632
2025-08-06T13:12:31,11.5824,11.6003,11.5368,11.5368,1946.7895
2025-08-06T13:12:32,11.5368,11.5387,11.5368,11.5387,704.1579
2025-08-06T13:12:33,11.5387,11.5387,11.5368,11.5368,1023.3158
2025-08-06T13:12:34,11.5368,11.5387,11.5007,11.5026,2243.5263
2025-08-06T13:12:35,11.5026,11.5501,11.476,11.5501,1504.6842
2025-08-06T13:12:36,11.5007,11.5349,11.476,11.5349,215.1579
2025-08-06T13:12:37,11.5349,11.5349,11.5349,11.5349,7.2632
2025-08-06T13:12:38,11.5102,11.533,11.5064,11.5216,64.8947
2025-08-06T13:12:39,11.5349,11.5387,11.5349,11.5387,646.7368
2025-08-06T13:12:40,11.572,11.6033,11.552,11.5938,1270.1579
2025-08-06T13:12:41,11.5406,11.6413,11.5406,11.6413,1268.1579
2025-08-06T13:12:42,11.628,11.6413,11.6014,11.6214,681.4211
2025-08-06T13:12:43,11.6413,11.7154,11.6356,11.7154,1471.6842
2025-08-06T13:12:44,11.6451,11.6451,11.6451,11.6451,26.8947
2025-08-06T13:12:45,11.7154,11.7154,11.5938,11.6584,472.8421
2025-08-06T13:12:46,11.6565,11.6584,11.6451,11.6565,301.5263
2025-08-06T13:12:47,11.6508,11.6508,11.6052,11.6185,663.5789
2025-08-06T13:12:48,11.6119,11.6204,11.6052,11.6204,201.3684
2025-08-06T13:12:49,11.6185,11.6185,11.6033,11.6052,237.3158
2025-08-06T13:12:50,11.6033,11.6033,11.6033,11.6033,17.0526
2025-08-06T13:12:51,11.6052,11.6432,11.6052,11.609,1265.2105
2025-08-06T13:12:52,11.6413,11.6432,11.609,11.6185,2087.3684
2025-08-06T13:12:53,11.6413,11.6413,11.628,11.628,95.7895
2025-08-06T13:12:54,11.6147,11.6185,11.6147,11.6185,73.8421
2025-08-06T13:12:55,11.628,11.6432,11.6128,11.6128,128.1579
2025-08-06T13:12:56,11.6432,11.6603,11.6377,11.6432,587.6316
2025-08-06T13:12:57,11.628,11.6603,11.628,11.6603,806.6842
2025-08-06T13:12:58,11.6584,11.6584,11.6242,11.628,553.6316
2025-08-06T13:12:59,11.628,11.647,11.6033,11.6052,1720.8947
2025-08-06T13:13:00,11.6185,11.6204,11.6033,11.6033,1246.5789
2025-08-06T13:13:01,11.6109,11.6204,11.6033,11.6185,672.4737
2025-08-06T13:13:02,11.6204,11.6204,11.6033,11.6204,109.1579
2025-08-06T13:13:03,11.6118,11.6118,11.5349,11.5995,3943.2632
2025-08-06T13:13:04,11.5919,11.609,11.5368,11.5634,1280.3158
2025-08-06T13:13:05,11.5634,11.628,11.5634,11.628,1890.4211
2025-08-06T13:13:06,11.6052,11.6166,11.5653,11.6071,823.2632
2025-08-06T13:13:07,11.609,11.609,11.5862,11.59,186.8421
2025-08-06T13:13:08,11.5881,11.6128,11.5881,11.6109,513.0526
2025-08-06T13:13:09,11.6118,11.6204,11.6109,11.6204,194.6842
2025-08-06T13:13:10,11.609,11.7154,11.609,11.7154,1776.5263
2025-08-06T13:13:11,11.6219,11.7781,11.6219,11.7572,3909.8947
2025-08-06T13:13:12,11.7667,11.78,11.7572,11.7572,1584.0
2025-08-06T13:13:13,11.7572,11.799,11.7553,11.7781,5878.7368
2025-08-06T13:13:14,11.7838,11.8389,11.7838,11.8085,2928.7368
2025-08-06T13:13:15,11.8522,11.856,11.8161,11.8161,517.8421
2025-08-06T13:13:16,11.8332,11.856,11.8104,11.8503,1388.0
2025-08-06T13:13:17,11.8427,11.856,11.8427,11.8465,1043.7895
2025-08-06T13:13:18,11.8351,11.856,11.8351,11.8541,647.5263
2025-08-06T13:13:19,11.8351,11.913,11.8351,11.875,2640.0
2025-08-06T13:13:20,11.8931,11.913,11.8579,11.8883,1340.1579
2025-08-06T13:13:21,11.8902,11.9206,11.8693,11.9206,567.4211
2025-08-06T13:13:22,11.9206,11.9605,11.8807,11.9377,2266.1579
2025-08-06T13:13:23,11.9434,11.9605,11.9168,11.9586,3662.0526
2025-08-06T13:13:24,11.9434,11.97,11.9263,11.9567,738.4211
2025-08-06T13:13:25,11.9434,11.9586,11.9434,11.9548,2952.0526
2025-08-06T13:13:26,11.9548,11.9548,11.9548,11.9548,108.4737
2025-08-06T13:13:27,11.9586,11.97,11.9548,11.9548,3018.1053
2025-08-06T13:13:28,11.9662,11.9662,11.913,11.9149,3657.2632
2025-08-06T13:13:29,11.913,11.9548,11.913,11.9396,2788.6842
2025-08-06T13:13:30,11.9415,11.97,11.9415,11.9672,1251.2105
2025-08-06T13:13:31,11.9691,11.9691,11.9225,11.9396,1556.8421
2025-08-06T13:13:32,11.9491,11.9681,11.9415,11.951,1246.2632
2025-08-06T13:13:33,11.951,11.951,11.9396,11.9434,913.1053
2025-08-06T13:13:34,11.9434,11.9434,11.913,11.9187,3095.6316
2025-08-06T13:13:35,11.9396,11.9396,11.7496,11.7496,3745.8947
2025-08-06T13:13:36,11.685,11.8028,11.6831,11.7021,1622.8421
2025-08-06T13:13:37,11.6831,11.9415,11.6831,11.9396,1897.6316
2025-08-06T13:13:38,11.9339,11.9339,11.8522,11.9339,282.8421
2025-08-06T13:13:39,11.932,11.9415,11.8541,11.9396,2182.1579
2025-08-06T13:13:40,11.9339,11.9415,11.913,11.913,785.4737
2025-08-06T13:13:41,11.9415,11.9529,11.9396,11.951,3782.4211
2025-08-06T13:13:42,11.9491,11.97,11.9491,11.9548,2075.8947
2025-08-06T13:13:43,11.9586,11.97,11.9548,11.97,1759.2632
2025-08-06T13:13:44,11.97,11.989,11.9472,11.9643,4502.1053
2025-08-06T13:13:45,11.9643,11.97,11.9605,11.97,1811.1579
2025-08-06T13:13:46,11.9662,11.97,11.951,11.9643,996.3684
2025-08-06T13:13:47,11.97,12.0061,11.9681,11.9947,3273.7895
2025-08-06T13:13:48,11.9966,12.0061,11.9928,12.0042,650.9474
2025-08-06T13:13:49,12.0042,12.0042,11.951,11.951,2636.3684
2025-08-06T13:13:50,11.951,11.9529,11.9396,11.9415,3563.1053
2025-08-06T13:13:51,11.932,12.0042,11.78,11.78,5439.0
2025-08-06T13:13:52,11.8541,11.8598,11.78,11.8541,992.6842
2025-08-06T13:13:53,11.8541,11.913,11.8199,11.8864,802.6316
2025-08-06T13:13:54,11.9415,11.9434,11.8997,11.9434,512.6842
2025-08-06T13:13:55,11.9434,11.9434,11.9434,11.9434,183.8421
2025-08-06T13:13:56,11.9415,11.9415,11.8997,11.932,276.1579
2025-08-06T13:13:57,11.9225,11.932,11.8617,11.9111,964.1053
2025-08-06T13:13:58,11.913,11.913,11.8712,11.9111,427.7368
2025-08-06T13:13:59,11.8921,11.913,11.8731,11.8731,622.6316
2025-08-06T13:14:00,11.913,11.913,11.8712,11.8712,208.0526
2025-08-06T13:14:01,11.8674,11.8674,11.856,11.8674,99.6316
2025-08-06T13:14:02,11.8541,11.8674,11.8294,11.8674,844.2105
2025-08-06T13:14:03,11.8294,11.8902,11.8294,11.875,247.4737
2025-08-06T13:14:04,11.8826,11.8826,11.8503,11.8503,420.4737
2025-08-06T13:14:05,11.8503,11.8579,11.8237,11.8237,1517.4737
2025-08-06T13:14:06,11.8408,11.8921,11.7724,11.78,872.0
2025-08-06T13:14:07,11.7762,11.7762,11.7726,11.7743,181.4211
2025-08-06T13:14:08,11.7724,11.7762,11.7724,11.7724,54.7895
2025-08-06T13:14:09,11.7743,11.7743,11.7192,11.7211,771.4211
2025-08-06T13:14:10,11.7211,11.7667,11.7192,11.7192,217.0526
2025-08-06T13:14:11,11.743,11.7629,11.7192,11.761,219.8947
2025-08-06T13:14:12,11.7411,11.78,11.7325,11.7667,3132.6316
2025-08-06T13:14:13,11.7667,11.78,11.7629,11.7629,1824.3684
2025-08-06T13:14:14,11.7781,11.8712,11.7781,11.8712,1334.2632
2025-08-06T13:14:15,11.7819,11.7819,11.7819,11.7819,117.1053
2025-08-06T13:14:16,11.8522,11.8674,11.8522,11.8522,167.8947
2025-08-06T13:14:17,11.8541,11.8541,11.8522,11.8522,50.9474
2025-08-06T13:14:18,11.8522,11.8997,11.8104,11.8104,901.4211
2025-08-06T13:14:19,11.8598,11.8731,11.8541,11.8731,505.2632
2025-08-06T13:14:20,11.875,11.875,11.8104,11.8589,105.0526
2025-08-06T13:14:21,11.8589,11.8959,11.8589,11.8598,143.7368
2025-08-06T13:14:22,11.8902,11.8902,11.8142,11.8142,143.8947
2025-08-06T13:14:23,11.875,11.9092,11.8695,11.9092,505.2105
2025-08-06T13:14:24,11.9111,11.9111,11.8902,11.8959,108.1579
2025-08-06T13:14:25,11.9092,11.9092,11.8104,11.8351,1160.1579
2025-08-06T13:14:26,11.8275,11.8579,11.8275,11.837,1129.0526
2025-08-06T13:14:27,11.8484,11.8484,11.7819,11.8152,663.0
2025-08-06T13:14:28,11.8161,11.8465,11.78,11.78,431.3684
2025-08-06T13:14:29,11.78,11.8598,11.7363,11.7363,5001.7368
2025-08-06T13:14:30,11.7401,11.7401,11.7287,11.7344,1020.5789
2025-08-06T13:14:31,11.7572,11.7572,11.7154,11.7249,527.8947
2025-08-06T13:14:32,11.7249,11.7838,11.7154,11.7515,813.5263
2025-08-06T13:14:33,11.7154,11.7344,11.7154,11.7344,788.5789
2025-08-06T13:14:34,11.7249,11.7344,11.7249,11.7325,157.6316
2025-08-06T13:14:35,11.7249,11.7325,11.7154,11.7325,126.0526
2025-08-06T13:14:36,11.7154,11.7344,11.7154,11.7249,176.7895
2025-08-06T13:14:38,11.7325,11.7325,11.7306,11.7325,684.5789
2025-08-06T13:14:39,11.7268,11.7306,11.723,11.724,321.5263
2025-08-06T13:14:40,11.7249,11.7249,11.7173,11.7173,588.3684
2025-08-06T13:14:41,11.7192,11.723,11.685,11.723,723.3684
2025-08-06T13:14:42,11.7154,11.7249,11.7154,11.7192,510.2632
2025-08-06T13:14:43,11.7192,11.7249,11.7192,11.723,464.7895
2025-08-06T13:14:44,11.7249,11.7249,11.723,11.723,321.2105
2025-08-06T13:14:45,11.723,11.7249,11.723,11.7249,108.3684
2025-08-06T13:14:46,11.723,11.7249,11.723,11.7249,28.9474
2025-08-06T13:14:47,11.723,11.723,11.723,11.723,28.0
2025-08-06T13:14:48,11.7192,11.7211,11.7154,11.7211,345.0526
2025-08-06T13:14:49,11.685,11.7249,11.685,11.685,415.6316
2025-08-06T13:14:50,11.723,11.7249,11.685,11.7249,95.7368
2025-08-06T13:14:51,11.7249,11.7249,11.723,11.7249,238.3684
2025-08-06T13:14:52,11.7249,11.78,11.6888,11.7439,2520.1579
2025-08-06T13:14:53,11.7344,11.78,11.6907,11.7287,2719.2105
2025-08-06T13:14:54,11.7534,11.7534,11.7534,11.7534,315.7895
2025-08-06T13:14:55,11.78,11.78,11.7268,11.7781,402.0
2025-08-06T13:14:57,11.7249,11.742,11.7249,11.742,161.7895
2025-08-06T13:14:58,11.7439,11.7439,11.7268,11.7439,608.6842
2025-08-06T13:14:59,11.7287,11.7344,11.6964,11.725,383.5263
2025-08-06T13:15:00,11.704,11.704,11.7021,11.704,901.4211
2025-08-06T13:15:01,11.7268,11.742,11.7249,11.7287,94.1579
2025-08-06T13:15:02,11.742,11.7439,11.742,11.7439,153.4737
2025-08-06T13:15:03,11.742,11.7437,11.742,11.7437,177.7895
2025-08-06T13:15:04,11.742,11.742,11.685,11.6888,1098.1579
2025-08-06T13:15:05,11.7154,11.7154,11.685,11.6888,788.2632
2025-08-06T13:15:06,11.6983,11.6983,11.6489,11.6964,2054.6842
2025-08-06T13:15:07,11.6983,11.6983,11.6812,11.6926,317.2632
2025-08-06T13:15:09,11.6907,11.6907,11.6489,11.6508,327.6842
2025-08-06T13:15:10,11.666,11.6831,11.666,11.6831,473.4737
2025-08-06T13:15:11,11.6527,11.6527,11.6527,11.6527,60.7895
2025-08-06T13:15:12,11.6812,11.6812,11.6641,11.6641,175.4211
2025-08-06T13:15:13,11.6527,11.6812,11.6508,11.6508,83.4211
2025-08-06T13:15:14,11.6546,11.6546,11.6451,11.6451,666.7895
2025-08-06T13:15:15,11.647,11.6641,11.6451,11.647,312.6842
2025-08-06T13:15:16,11.6451,11.6451,11.628,11.6375,232.3684
2025-08-06T13:15:17,11.6299,11.6299,11.628,11.628,311.6316
2025-08-06T13:15:18,11.609,11.6109,11.5786,11.5786,1322.7368
2025-08-06T13:15:19,11.5881,11.59,11.5748,11.5805,753.6842
2025-08-06T13:15:20,11.5748,11.5767,11.5748,11.5748,94.4737
2025-08-06T13:15:21,11.5748,11.5748,11.495,11.5197,268.1053
2025-08-06T13:15:22,11.5767,11.5767,11.5178,11.5197,444.6842
2025-08-06T13:15:23,11.5178,11.5786,11.495,11.552,788.1579
2025-08-06T13:15:24,11.5235,11.5767,11.5235,11.5511,533.3684
2025-08-06T13:15:25,11.5767,11.5767,11.5216,11.5349,537.9474
2025-08-06T13:15:26,11.5216,11.5444,11.5216,11.5444,147.6316
2025-08-06T13:15:27,11.552,11.59,11.5492,11.5767,2852.5263
2025-08-06T13:15:28,11.552,11.6223,11.552,11.6223,3080.0
2025-08-06T13:15:29,11.6223,11.6451,11.5577,11.5615,1711.3158
2025-08-06T13:15:30,11.6432,11.6451,11.6432,11.6432,908.6842
2025-08-06T13:15:31,11.6432,11.6878,11.5539,11.6527,3681.3684
2025-08-06T13:15:32,11.704,11.7496,11.6451,11.6812,547.3684
2025-08-06T13:15:33,11.7059,11.7496,11.6679,11.7477,180.1579
2025-08-06T13:15:34,11.6641,11.7496,11.6641,11.742,229.4211
2025-08-06T13:15:35,11.7154,11.7477,11.6812,11.7477,376.0
2025-08-06T13:15:37,11.7496,11.894,11.7477,11.894,1591.7368
2025-08-06T13:15:38,11.8921,11.894,11.8389,11.8921,1750.2105
2025-08-06T13:15:39,11.8674,11.9168,11.8674,11.9168,2276.8421
2025-08-06T13:15:40,11.9168,11.9491,11.9035,11.9491,2676.1053
2025-08-06T13:15:41,11.9567,12.0384,11.9567,12.0384,3288.6316
2025-08-06T13:15:42,12.0384,12.065,12.0118,12.0118,2377.3684
2025-08-06T13:15:43,12.0118,12.0574,12.0099,12.0498,1215.7895
2025-08-06T13:15:44,12.0118,12.0707,12.0099,12.0707,3945.8947
2025-08-06T13:15:45,12.0726,12.1486,12.0479,12.1486,3581.2105
2025-08-06T13:15:46,12.1106,12.16,12.0688,12.16,2233.1053
2025-08-06T13:15:47,12.16,12.16,12.122,12.1467,389.2632
2025-08-06T13:15:48,12.1201,12.16,12.1201,12.122,422.1579
2025-08-06T13:15:49,12.1448,12.1448,12.1011,12.1391,1036.3158
2025-08-06T13:15:50,12.1429,12.1429,12.0707,12.0983,2067.4737
2025-08-06T13:15:51,12.0859,12.1315,12.0859,12.0973,1314.1053
2025-08-06T13:15:52,12.1372,12.1372,12.0498,12.0498,3062.3684
2025-08-06T13:15:53,12.0498,12.1201,12.0384,12.0403,1494.1053
2025-08-06T13:15:54,12.0403,12.0707,11.97,12.0137,2520.0526
2025-08-06T13:15:55,11.9738,12.0564,11.9738,12.0564,2704.3684
2025-08-06T13:15:56,12.0403,12.0726,12.0403,12.0707,396.2105
2025-08-06T13:15:57,12.0726,12.0726,12.0422,12.0498,962.0526
2025-08-06T13:15:58,12.0498,12.0498,12.046,12.0479,967.3158
2025-08-06T13:15:59,12.046,12.0498,12.046,12.0479,711.5789
2025-08-06T13:16:00,12.0498,12.0498,12.0498,12.0498,21.1053
2025-08-06T13:16:01,12.0479,12.0498,12.0479,12.0479,841.6842
2025-08-06T13:16:02,12.046,12.0498,12.0061,12.008,2050.6842
2025-08-06T13:16:03,12.0308,12.0403,11.97,11.97,708.1053
2025-08-06T13:16:04,12.0346,12.0365,11.9225,11.932,1852.4211
2025-08-06T13:16:05,11.9595,11.9947,11.9225,11.9225,524.3158
2025-08-06T13:16:06,11.9605,12.0042,11.9605,12.0042,913.4211
2025-08-06T13:16:07,11.9434,12.0308,11.9434,11.9719,1104.0526
2025-08-06T13:16:08,12.0327,12.0327,11.97,12.0004,479.7895
2025-08-06T13:16:09,11.9949,12.0308,11.9719,12.0308,444.7895
2025-08-06T13:16:10,11.9757,12.0213,11.9757,11.9871,186.8421
2025-08-06T13:16:11,11.9871,12.0232,11.97,12.0033,1066.5263
2025-08-06T13:16:12,12.0194,12.0194,12.0032,12.0175,67.2632
2025-08-06T13:16:13,12.0175,12.0308,12.0004,12.0004,1185.7895
2025-08-06T13:16:14,12.0023,12.0042,11.9871,12.0042,2476.3684
2025-08-06T13:16:15,12.0042,12.0042,11.9871,12.0023,821.3158
2025-08-06T13:16:16,11.989,12.0042,11.9719,11.989,1031.1053
2025-08-06T13:16:17,11.9757,12.0042,11.97,12.0004,988.7368
2025-08-06T13:16:18,12.0004,12.0004,12.0004,12.0004,17.4737
2025-08-06T13:16:19,11.989,11.9947,11.97,11.97,423.1579
2025-08-06T13:16:20,11.971,11.9719,11.9206,11.951,1792.1053
2025-08-06T13:16:21,11.9225,11.9491,11.9206,11.932,489.5263
2025-08-06T13:16:22,11.9206,11.947,11.9206,11.947,500.4211
2025-08-06T13:16:23,11.9206,11.9453,11.9206,11.9225,89.6316
2025-08-06T13:16:24,11.9225,11.9339,11.9225,11.9339,230.0526
2025-08-06T13:16:25,11.932,11.932,11.9301,11.9301,28.2105
2025-08-06T13:16:26,11.9301,11.932,11.9206,11.9206,224.7368
2025-08-06T13:16:27,11.9263,11.932,11.894,11.9206,435.6316
2025-08-06T13:16:28,11.9301,11.932,11.9263,11.932,252.0526
2025-08-06T13:16:29,11.9073,11.9947,11.894,11.9947,706.4211
2025-08-06T13:16:30,11.9947,12.0042,11.9377,12.0042,1274.7895
2025-08-06T13:16:31,11.9881,12.0707,11.9881,12.0194,3176.6316
2025-08-06T13:16:32,12.0403,12.1581,12.0403,12.1581,3454.6842
2025-08-06T13:16:33,12.1391,12.16,12.1201,12.1391,1904.5789
2025-08-06T13:16:34,12.1467,12.16,12.1201,12.1581,1817.3684
2025-08-06T13:16:35,12.16,12.255,12.16,12.255,4096.1053
2025-08-06T13:16:36,12.2911,12.2968,12.1961,12.2835,2190.5789
2025-08-06T13:16:37,12.1961,12.2835,12.1733,12.179,3011.6842
2025-08-06T13:16:38,12.2417,12.2417,12.2284,12.2398,729.8421
2025-08-06T13:16:39,12.2398,12.2417,12.2284,12.2398,1466.3158
2025-08-06T13:16:40,12.2417,12.2417,12.236,12.2398,828.7368
2025-08-06T13:16:41,12.2398,12.2398,12.218,12.218,875.3158
2025-08-06T13:16:42,12.2313,12.2341,12.1391,12.2094,1522.8421
2025-08-06T13:16:43,12.2113,12.2113,12.1391,12.2018,1620.6842
2025-08-06T13:16:44,12.1999,12.3082,12.16,12.3082,3937.3684
2025-08-06T13:16:45,12.3082,12.3101,12.2911,12.3082,774.7895
2025-08-06T13:16:46,12.3082,12.35,12.2797,12.3063,4436.4737
2025-08-06T13:16:47,12.3082,12.331,12.274,12.3272,2109.1053
2025-08-06T13:16:48,12.3291,12.331,12.3158,12.331,616.4211
2025-08-06T13:16:49,12.3196,12.35,12.3194,12.3215,2470.8947
2025-08-06T13:16:50,12.3215,12.35,12.3215,12.3401,484.2632
2025-08-06T13:16:51,12.3481,12.35,12.3215,12.3291,754.3158
2025-08-06T13:16:52,12.3348,12.3367,12.2721,12.2959,2919.0526
2025-08-06T13:16:53,12.2723,12.3196,12.2721,12.3196,2209.9474
2025-08-06T13:16:54,12.3177,12.3196,12.2246,12.2246,3711.5789
2025-08-06T13:16:55,12.2265,12.255,12.2018,12.2018,1518.4737
2025-08-06T13:16:56,12.2018,12.2341,12.1961,12.2142,498.5789
2025-08-06T13:16:57,12.198,12.2398,12.1752,12.198,1509.7895
2025-08-06T13:16:58,12.1999,12.2398,12.1752,12.1923,2649.6842
2025-08-06T13:16:59,12.179,12.1904,12.1752,12.1904,1336.8947
2025-08-06T13:17:00,12.1752,12.2037,12.1752,12.1752,207.0526
2025-08-06T13:17:01,12.1847,12.1923,12.1752,12.1752,781.6316
2025-08-06T13:17:02,12.1866,12.1866,12.1752,12.1752,568.1053
2025-08-06T13:17:03,12.1752,12.1771,12.0555,12.0707,2639.3158
2025-08-06T13:17:04,12.0707,12.0859,12.0555,12.0574,1306.9474
2025-08-06T13:17:05,12.084,12.084,12.0536,12.0536,398.9474
2025-08-06T13:17:06,12.0175,12.0555,12.0175,12.0365,284.4211
2025-08-06T13:17:07,12.0194,12.0555,12.0194,12.0536,852.3158
2025-08-06T13:17:08,12.0555,12.0878,12.0175,12.0232,1299.8947
2025-08-06T13:17:09,12.0821,12.0878,12.0555,12.0878,985.2105
2025-08-06T13:17:10,12.0745,12.0745,12.0536,12.0584,1247.5789
2025-08-06T13:17:11,12.0555,12.0878,12.0555,12.0593,610.5263
2025-08-06T13:17:12,12.0859,12.1011,12.0726,12.0878,1696.1053
2025-08-06T13:17:13,12.0878,12.16,12.0593,12.16,1198.4737
2025-08-06T13:17:14,12.16,12.16,12.0878,12.1581,1122.7895
2025-08-06T13:17:15,12.1581,12.16,12.0992,12.16,332.1579
2025-08-06T13:17:16,12.16,12.16,12.1581,12.16,74.1053
2025-08-06T13:17:17,12.103,12.16,12.103,12.1581,300.2632
2025-08-06T13:17:18,12.159,12.1676,12.1505,12.1657,1452.2632
2025-08-06T13:17:19,12.1619,12.2132,12.1619,12.1714,1269.8421
2025-08-06T13:17:20,12.2189,12.2531,12.1847,12.2531,1846.6316
2025-08-06T13:17:21,12.2198,12.2531,12.1942,12.2529,1424.3158
2025-08-06T13:17:22,12.2531,12.2531,12.1923,12.2161,155.3684
2025-08-06T13:17:23,12.2493,12.2645,12.1809,12.2322,1763.0
2025-08-06T13:17:24,12.2436,12.255,12.2208,12.2455,1617.2632
2025-08-06T13:17:25,12.2455,12.2474,12.2189,12.2208,1588.0
2025-08-06T13:17:26,12.2417,12.2436,12.2056,12.2056,742.1053
2025-08-06T13:17:27,12.2227,12.2379,12.1638,12.179,1907.0
2025-08-06T13:17:28,12.1847,12.2018,12.1068,12.1315,6802.5789
2025-08-06T13:17:29,12.1448,12.2037,12.0992,12.1334,2985.5263
2025-08-06T13:17:30,12.1486,12.1543,12.0593,12.0821,907.4737
2025-08-06T13:17:31,12.0973,12.0992,12.0593,12.0916,1258.8421
2025-08-06T13:17:32,12.0992,12.0992,12.0821,12.0897,476.1579
2025-08-06T13:17:33,12.0897,12.103,12.0802,12.0954,619.2105
2025-08-06T13:17:34,12.1524,12.16,12.0954,12.1372,953.7368
2025-08-06T13:17:35,12.141,12.1543,12.141,12.1476,166.3684
2025-08-06T13:17:36,12.1486,12.1543,12.122,12.1391,348.3684
2025-08-06T13:17:37,12.1144,12.1296,12.0555,12.0555,636.8947
2025-08-06T13:17:38,12.0973,12.0992,12.0441,12.0935,1510.6842
2025-08-06T13:17:39,12.0612,12.0954,12.0308,12.0555,1077.2105
2025-08-06T13:17:40,12.0783,12.0783,12.0308,12.065,178.2632
2025-08-06T13:17:41,12.0688,12.084,12.0593,12.0783,248.4737
2025-08-06T13:17:42,12.0973,12.1961,12.0954,12.1961,2240.2632
2025-08-06T13:17:43,12.1742,12.1961,12.1742,12.1942,1060.7368
2025-08-06T13:17:44,12.1961,12.1961,12.1942,12.1942,176.0526
2025-08-06T13:17:45,12.1952,12.1961,12.1942,12.1961,451.3158
2025-08-06T13:17:46,12.1914,12.1942,12.1524,12.1942,1150.8947
2025-08-06T13:17:47,12.1942,12.35,12.1714,12.2873,6600.1053
2025-08-06T13:17:48,12.2873,12.35,12.2854,12.35,959.1579
2025-08-06T13:17:49,12.35,12.35,12.2854,12.35,1615.1053
2025-08-06T13:17:50,12.2854,12.3329,12.2854,12.3329,419.5263
2025-08-06T13:17:51,12.312,12.3329,12.3103,12.3103,829.3684
2025-08-06T13:17:52,12.331,12.3329,12.3101,12.331,3020.7368
2025-08-06T13:17:53,12.3329,12.3329,12.2721,12.3196,2333.7895
2025-08-06T13:17:54,12.2968,12.3101,12.2968,12.3082,133.0
2025-08-06T13:17:55,12.2987,12.3234,12.2968,12.3177,873.4737
2025-08-06T13:17:56,12.3177,12.3329,12.3177,12.3329,951.4211
2025-08-06T13:17:57,12.331,12.3329,12.3253,12.3253,735.3158
2025-08-06T13:17:58,12.3329,12.35,12.3291,12.35,3875.5789
2025-08-06T13:17:59,12.3443,12.4697,12.3443,12.4678,9336.6842
2025-08-06T13:18:00,12.4697,12.4735,12.4374,12.4488,5299.2632
2025-08-06T13:18:01,12.4488,12.521,12.4431,12.4697,2534.6842
2025-08-06T13:18:02,12.4849,12.5514,12.3709,12.4089,7275.2632
2025-08-06T13:18:03,12.4393,12.5229,12.4089,12.4507,4050.2105
2025-08-06T13:18:04,12.5153,12.521,12.483,12.483,1285.6316
2025-08-06T13:18:05,12.483,12.502,12.35,12.35,2904.3684
2025-08-06T13:18:06,12.387,12.4241,12.35,12.3671,2097.5789
2025-08-06T13:18:07,12.3519,12.3519,12.1676,12.1676,5619.2105
2025-08-06T13:18:08,12.2037,12.2398,12.0897,12.1429,2570.4737
2025-08-06T13:18:09,12.0897,12.1467,12.0897,12.1467,1304.4737
2025-08-06T13:18:10,12.0897,12.2873,12.0897,12.2873,1801.4211
2025-08-06T13:18:11,12.1676,12.3329,12.1676,12.179,3135.3684
2025-08-06T13:18:12,12.1923,12.1923,12.1704,12.1923,2080.7895
2025-08-06T13:18:13,12.2208,12.3139,12.2151,12.312,881.4211
2025-08-06T13:18:14,12.3139,12.4298,12.2911,12.331,6180.7368
2025-08-06T13:18:15,12.3652,12.3652,12.2854,12.3025,810.5789
2025-08-06T13:18:16,12.3025,12.3196,12.3025,12.3101,728.5263
2025-08-06T13:18:17,12.3101,12.312,12.2854,12.312,348.7895
2025-08-06T13:18:18,12.312,12.3158,12.3044,12.3139,752.8421
2025-08-06T13:18:19,12.3111,12.3139,12.2854,12.2854,2418.4211
2025-08-06T13:18:20,12.2987,12.2987,12.2075,12.2094,3169.6842
2025-08-06T13:18:21,12.2094,12.2702,12.2075,12.2094,1176.9474
2025-08-06T13:18:22,12.2075,12.2645,12.2075,12.2094,670.2105
2025-08-06T13:18:23,12.2588,12.2588,12.2094,12.2341,486.4737
2025-08-06T13:18:24,12.2094,12.2569,12.2075,12.2075,72.0526
2025-08-06T13:18:25,12.2322,12.2588,12.2075,12.2094,1116.7368
2025-08-06T13:18:26,12.2113,12.2588,12.2113,12.2341,418.7895
2025-08-06T13:18:27,12.236,12.2569,12.2341,12.2417,811.5789
2025-08-06T13:18:28,12.2436,12.2436,12.0897,12.0897,3367.7368
2025-08-06T13:18:29,12.141,12.141,12.0593,12.1144,3615.7895
2025-08-06T13:18:30,12.1087,12.1087,12.0593,12.1049,737.5789
2025-08-06T13:18:31,12.103,12.103,12.0593,12.0878,434.5789
2025-08-06T13:18:32,12.0878,12.103,12.0745,12.0878,1329.6316
2025-08-06T13:18:33,12.0726,12.1011,12.0593,12.0764,2046.0
2025-08-06T13:18:34,12.0593,12.1923,12.0593,12.1277,1390.7368
2025-08-06T13:18:35,12.1885,12.1885,12.0916,12.1752,368.6842
2025-08-06T13:18:36,12.1011,12.1847,12.1011,12.16,199.1053
2025-08-06T13:18:37,12.16,12.1809,12.16,12.1809,510.6316
2025-08-06T13:18:38,12.1771,12.1771,12.1619,12.1619,188.3684
2025-08-06T13:18:39,12.1619,12.179,12.16,12.1695,809.7895
2025-08-06T13:18:40,12.1619,12.179,12.16,12.1619,913.2105
2025-08-06T13:18:41,12.1638,12.179,12.1619,12.179,274.8947
2025-08-06T13:18:42,12.1619,12.179,12.1619,12.1638,881.8421
2025-08-06T13:18:43,12.1638,12.179,12.1619,12.1619,69.4737
2025-08-06T13:18:44,12.1638,12.1809,12.1619,12.179,1495.1053
2025-08-06T13:18:45,12.1809,12.1847,12.179,12.1828,328.2632
2025-08-06T13:18:46,12.1809,12.2645,12.1809,12.2265,2867.5789
2025-08-06T13:18:47,12.2531,12.2854,12.2531,12.2664,593.9474
2025-08-06T13:18:48,12.2835,12.2854,12.2531,12.2778,1051.2632
2025-08-06T13:18:49,12.2854,12.2854,12.2835,12.2835,35.8947
2025-08-06T13:18:50,12.2835,12.2845,12.2265,12.2265,158.1579
2025-08-06T13:18:51,12.255,12.2835,12.0954,12.0954,3468.3684
2025-08-06T13:18:52,12.1116,12.122,12.0973,12.0973,992.5263
2025-08-06T13:18:53,12.0973,12.1087,12.0764,12.0935,1075.0
2025-08-06T13:18:54,12.0783,12.0954,12.0593,12.0878,511.8421
2025-08-06T13:18:55,12.0612,12.0954,12.0593,12.0954,722.2632
2025-08-06T13:18:56,12.0783,12.122,12.0631,12.0878,768.6316
2025-08-06T13:18:57,12.122,12.1524,12.0935,12.1182,1059.4737
2025-08-06T13:18:58,12.1087,12.1201,12.1087,12.1201,96.1053
2025-08-06T13:18:59,12.122,12.122,12.1201,12.1201,473.9474
2025-08-06T13:19:00,12.1125,12.1676,12.1125,12.1144,557.5789
2025-08-06T13:19:01,12.1277,12.2075,12.1277,12.2075,594.3158
2025-08-06T13:19:02,12.1676,12.179,12.1448,12.1448,121.5789
2025-08-06T13:19:03,12.1296,12.1581,12.1296,12.1296,239.4737
2025-08-06T13:19:04,12.16,12.16,12.1258,12.1505,566.3158
2025-08-06T13:19:05,12.1296,12.1296,12.1277,12.1277,138.3684
2025-08-06T13:19:06,12.1439,12.1562,12.1277,12.1277,346.1053
2025-08-06T13:19:07,12.141,12.2132,12.1277,12.2132,1255.1579
2025-08-06T13:19:08,12.141,12.1847,12.141,12.1847,409.3684
2025-08-06T13:19:09,12.1866,12.3082,12.1866,12.255,1272.6316
2025-08-06T13:19:10,12.3082,12.3082,12.2569,12.2569,399.7895
2025-08-06T13:19:11,12.3063,12.3082,12.2569,12.3063,978.0526
2025-08-06T13:19:12,12.255,12.3082,12.255,12.3006,311.6842
2025-08-06T13:19:13,12.3006,12.3063,12.2816,12.3063,562.3158
2025-08-06T13:19:14,12.3082,12.3082,12.2816,12.2816,337.0
2025-08-06T13:19:15,12.2949,12.3082,12.2949,12.3006,587.2105
2025-08-06T13:19:16,12.2997,12.3025,12.255,12.2588,1756.9474
2025-08-06T13:19:17,12.2189,12.2322,12.1277,12.1277,2632.9474
2025-08-06T13:19:18,12.1524,12.1752,12.1429,12.1429,237.1579
2025-08-06T13:19:19,12.1429,12.16,12.1429,12.16,578.3158
2025-08-06T13:19:20,12.16,12.16,12.1353,12.1353,734.5263
2025-08-06T13:19:21,12.1277,12.16,12.1277,12.1524,1074.5789
2025-08-06T13:19:22,12.1467,12.2094,12.1467,12.2094,429.7368
2025-08-06T13:19:23,12.2094,12.2322,12.2094,12.2208,592.4211
2025-08-06T13:19:24,12.2094,12.217,12.198,12.2132,650.8421
2025-08-06T13:19:25,12.2094,12.2113,12.1638,12.1638,421.3158
2025-08-06T13:19:26,12.1999,12.2104,12.1828,12.1961,306.3158
2025-08-06T13:19:27,12.1638,12.1923,12.1638,12.1638,195.3684
2025-08-06T13:19:28,12.16,12.1866,12.16,12.16,777.3158
2025-08-06T13:19:29,12.1524,12.1581,12.1448,12.1562,532.7895
2025-08-06T13:19:30,12.1524,12.1524,12.1277,12.1296,1663.8947
2025-08-06T13:19:31,12.1296,12.1372,12.0954,12.1239,1370.4211
2025-08-06T13:19:32,12.1049,12.1448,12.0973,12.1011,468.6842
2025-08-06T13:19:33,12.1011,12.1173,12.0954,12.0992,587.6842
2025-08-06T13:19:34,12.0992,12.0992,12.0973,12.0992,85.2632
2025-08-06T13:19:35,12.0954,12.1315,12.0916,12.1315,1250.0526
2025-08-06T13:19:36,12.0992,12.1249,12.0973,12.1182,373.0526
2025-08-06T13:19:37,12.1239,12.1315,12.1163,12.1163,1066.8947
2025-08-06T13:19:38,12.1163,12.2094,12.1163,12.1828,1384.0
2025-08-06T13:19:39,12.2056,12.2236,12.1752,12.2236,1837.4211
2025-08-06T13:19:40,12.2274,12.2274,12.2018,12.2018,42.1053
2025-08-06T13:19:41,12.2227,12.2227,12.16,12.1695,1625.1053
2025-08-06T13:19:42,12.1904,12.1904,12.141,12.1657,1445.4737
2025-08-06T13:19:43,12.1847,12.1847,12.1429,12.1629,336.0
2025-08-06T13:19:44,12.1429,12.1904,12.1429,12.1904,491.8947
2025-08-06T13:19:45,12.2018,12.2018,12.1923,12.198,335.4737
2025-08-06T13:19:46,12.2246,12.2417,12.1904,12.2417,1202.3158
2025-08-06T13:19:47,12.2436,12.2531,12.2284,12.2531,330.5263
2025-08-06T13:19:48,12.2417,12.2626,12.2303,12.2531,1134.4737
2025-08-06T13:19:49,12.274,12.3196,12.2721,12.3194,2080.9474
2025-08-06T13:19:50,12.3196,12.3196,12.2854,12.2987,383.6842
2025-08-06T13:19:51,12.2968,12.2987,12.2968,12.2987,61.7895
2025-08-06T13:19:52,12.2968,12.3082,12.2512,12.2531,2237.2105
2025-08-06T13:19:53,12.3101,12.3101,12.2322,12.2512,1731.5263
2025-08-06T13:19:54,12.2645,12.2645,12.2341,12.2645,1282.1053
2025-08-06T13:19:55,12.2664,12.2664,12.236,12.2645,198.2105
2025-08-06T13:19:56,12.2588,12.2664,12.2417,12.2664,81.1579
2025-08-06T13:19:57,12.2512,12.2512,12.2284,12.2303,909.8421
2025-08-06T13:19:58,12.2398,12.2512,12.2284,12.2284,905.8947
2025-08-06T13:19:59,12.2322,12.2398,12.2322,12.2398,28.1053
2025-08-06T13:20:00,12.2322,12.2493,12.2284,12.2365,1015.3158
2025-08-06T13:20:01,12.2379,12.2474,12.236,12.2427,289.4211
2025-08-06T13:20:02,12.2398,12.2873,12.2398,12.2854,3568.1579
2025-08-06T13:20:03,12.2673,12.2854,12.2455,12.2664,1558.0526
2025-08-06T13:20:04,12.2645,12.3329,12.2645,12.3215,1952.4211
2025-08-06T13:20:05,12.2816,12.3196,12.2816,12.2921,378.1053
2025-08-06T13:20:06,12.3044,12.3291,12.2911,12.3101,1621.9474
2025-08-06T13:20:07,12.2911,12.3215,12.2873,12.3215,184.5263
2025-08-06T13:20:08,12.2797,12.293,12.2664,12.2797,1293.0
2025-08-06T13:20:09,12.2683,12.274,12.2683,12.2683,1097.7895
2025-08-06T13:20:10,12.2683,12.2921,12.2664,12.2921,411.6842
2025-08-06T13:20:11,12.2921,12.293,12.2911,12.2911,424.0526
2025-08-06T13:20:12,12.2911,12.293,12.2911,12.2911,751.2105
2025-08-06T13:20:13,12.293,12.293,12.293,12.293,109.0526
2025-08-06T13:20:14,12.2921,12.293,12.2284,12.2373,2629.7368
2025-08-06T13:20:15,12.2322,12.2645,12.2303,12.2398,628.2105
2025-08-06T13:20:16,12.2379,12.2398,12.2284,12.2284,1836.7368
2025-08-06T13:20:17,12.2379,12.2588,12.236,12.236,464.8947
2025-08-06T13:20:18,12.2474,12.2569,12.2284,12.2303,827.5789
2025-08-06T13:20:19,12.2436,12.2436,12.0992,12.141,1317.9474
2025-08-06T13:20:20,12.0992,12.1353,12.0612,12.0612,4914.8947
2025-08-06T13:20:21,12.0631,12.1087,12.0631,12.1087,830.3158
2025-08-06T13:20:22,12.065,12.1106,12.065,12.0688,292.0526
2025-08-06T13:20:23,12.0821,12.1106,12.0821,12.1106,149.6316
2025-08-06T13:20:24,12.084,12.084,12.0783,12.0783,65.0
2025-08-06T13:20:25,12.0821,12.084,12.0821,12.0821,108.6316
2025-08-06T13:20:26,12.084,12.084,12.0593,12.0802,602.4211
2025-08-06T13:20:27,12.0802,12.0802,12.0593,12.0593,916.2632
2025-08-06T13:20:28,12.0593,12.0802,12.0593,12.0707,218.7368
2025-08-06T13:20:29,12.0593,12.0707,12.0593,12.0707,982.3684
2025-08-06T13:20:30,12.0821,12.0821,12.0593,12.0593,250.7895
2025-08-06T13:20:31,12.0612,12.0612,12.0593,12.0593,775.6316
2025-08-06T13:20:32,12.0603,12.0612,12.0593,12.0593,592.2105
2025-08-06T13:20:33,12.0593,12.0612,12.0593,12.0612,22.4211
2025-08-06T13:20:34,12.0593,12.0593,12.0593,12.0593,78.0
2025-08-06T13:20:35,12.0603,12.0603,12.0593,12.0593,28.4737
2025-08-06T13:20:37,12.0593,12.0593,12.0555,12.0555,1981.3684
2025-08-06T13:20:38,12.0555,12.0612,12.0061,12.0479,1181.5789
2025-08-06T13:20:39,12.008,12.0175,11.989,12.0175,591.5789
2025-08-06T13:20:40,11.9909,12.0061,11.989,11.9891,1617.1579
2025-08-06T13:20:41,11.989,12.008,11.989,11.989,133.4737
2025-08-06T13:20:42,11.989,11.9909,11.989,11.9909,200.7368
2025-08-06T13:20:43,11.989,11.989,11.9738,11.9738,795.7368
2025-08-06T13:20:44,11.9909,11.9909,11.9206,11.9206,3161.2105
2025-08-06T13:20:45,11.9624,11.9624,11.9206,11.9206,1291.3684
2025-08-06T13:20:46,11.951,11.951,11.9206,11.9208,442.4737
2025-08-06T13:20:47,11.9206,11.9225,11.8218,11.8218,3075.8421
2025-08-06T13:20:48,11.8218,11.8237,11.8218,11.8237,1037.0
2025-08-06T13:20:49,11.8237,11.875,11.8237,11.875,1362.7895
2025-08-06T13:20:50,11.8294,11.875,11.8294,11.8731,702.7895
2025-08-06T13:20:51,11.8551,11.875,11.8389,11.8731,488.8421
2025-08-06T13:20:52,11.8731,11.9206,11.856,11.8655,2370.2632
2025-08-06T13:20:53,11.875,11.9225,11.8731,11.9225,408.1579
2025-08-06T13:20:54,11.9225,11.9225,11.9111,11.9206,1073.5263
2025-08-06T13:20:55,11.9187,11.9358,11.8769,11.8807,1671.3158
2025-08-06T13:20:56,11.8826,11.913,11.8807,11.8826,1211.3158
2025-08-06T13:20:57,11.8978,11.9206,11.8978,11.9206,57.3158
2025-08-06T13:20:58,11.951,11.951,11.9244,11.9244,62.0
2025-08-06T13:20:59,11.9491,11.9491,11.9244,11.9244,625.5263
2025-08-06T13:21:00,11.9491,11.9491,11.9244,11.9244,382.6842
2025-08-06T13:21:01,11.9491,11.9491,11.9225,11.9225,224.2105
2025-08-06T13:21:02,11.9377,11.9434,11.9339,11.9339,589.7895
2025-08-06T13:21:03,11.9415,11.9415,11.9415,11.9415,43.0526
2025-08-06T13:21:04,11.9339,11.9339,11.8883,11.9111,2420.4737
2025-08-06T13:21:05,11.8883,11.9434,11.8883,11.9206,711.0526
2025-08-06T13:21:06,11.932,11.932,11.9206,11.9263,69.0526
2025-08-06T13:21:07,11.9206,11.9301,11.9206,11.9206,217.0
2025-08-06T13:21:08,11.9263,11.9301,11.9206,11.9206,1107.3684
2025-08-06T13:21:09,11.9244,11.9244,11.9206,11.9225,419.6842
2025-08-06T13:21:10,11.9206,11.9225,11.9206,11.9225,370.7895
2025-08-06T13:21:11,11.9206,11.9244,11.9206,11.9206,676.0
2025-08-06T13:21:12,11.9206,11.9244,11.9206,11.9244,369.7895
2025-08-06T13:21:13,11.9225,11.9225,11.8807,11.9209,2585.5263
2025-08-06T13:21:14,11.8807,11.8864,11.8788,11.8864,381.8421
2025-08-06T13:21:15,11.9149,11.9149,11.8788,11.8788,38.9474
2025-08-06T13:21:16,11.8883,11.8921,11.875,11.8826,394.1579
2025-08-06T13:21:17,11.8807,11.8807,11.8807,11.8807,36.8421
2025-08-06T13:21:18,11.8826,11.8864,11.875,11.8864,645.8947
2025-08-06T13:21:19,11.8788,11.8864,11.8769,11.8807,878.4211
2025-08-06T13:21:20,11.8788,11.8788,11.875,11.875,102.6316
2025-08-06T13:21:21,11.8731,11.8731,11.8731,11.8731,59.9474
2025-08-06T13:21:22,11.8731,11.875,11.8674,11.8693,88.8421
2025-08-06T13:21:23,11.8712,11.875,11.8674,11.8674,817.5263
2025-08-06T13:21:24,11.8712,11.8731,11.8579,11.8712,273.8947
2025-08-06T13:21:25,11.8579,11.8617,11.8579,11.8579,118.1579
2025-08-06T13:21:26,11.8617,11.8617,11.8579,11.8598,54.0526
2025-08-06T13:21:27,11.8674,11.8674,11.8522,11.8522,264.3684
2025-08-06T13:21:28,11.8617,11.8617,11.8541,11.8541,154.1579
2025-08-06T13:21:29,11.8522,11.8522,11.8522,11.8522,44.2105
2025-08-06T13:21:30,11.8579,11.8579,11.8522,11.8522,44.8421
2025-08-06T13:21:31,11.8484,11.8503,11.8351,11.8351,439.0526
2025-08-06T13:21:33,11.8389,11.8465,11.8389,11.8465,38.4737
2025-08-06T13:21:34,11.8351,11.8351,11.8351,11.8351,80.3158
2025-08-06T13:21:35,11.8351,11.8351,11.8123,11.8123,713.1579
2025-08-06T13:21:36,11.799,11.799,11.6223,11.6337,2531.6316
2025-08-06T13:21:37,11.6451,11.704,11.6356,11.6375,1596.2105
2025-08-06T13:21:38,11.6356,11.6793,11.6356,11.6584,2684.2105
2025-08-06T13:21:39,11.6394,11.6679,11.6356,11.6489,954.9474
2025-08-06T13:21:40,11.6945,11.6945,11.685,11.6926,653.3684
2025-08-06T13:21:41,11.7306,11.7306,11.685,11.6869,1200.0
2025-08-06T13:21:42,11.7724,11.7724,11.685,11.685,1851.1053
2025-08-06T13:21:43,11.7515,11.7515,11.6888,11.6964,467.0526
2025-08-06T13:21:44,11.6993,11.7515,11.6993,11.7277,492.2632
2025-08-06T13:21:45,11.7515,11.7705,11.7078,11.7078,2014.2105
2025-08-06T13:21:46,11.7686,11.7762,11.742,11.7762,452.0
2025-08-06T13:21:47,11.7762,11.818,11.7743,11.818,1592.2105
2025-08-06T13:21:48,11.799,11.9206,11.799,11.9206,2407.2105
2025-08-06T13:21:49,11.8655,11.9187,11.8655,11.8931,710.1053
2025-08-06T13:21:50,11.9187,11.9187,11.8617,11.8655,1752.3684
2025-08-06T13:21:51,11.8959,11.8959,11.8066,11.8066,691.0
2025-08-06T13:21:52,11.8123,11.8389,11.8123,11.8389,34.4737
2025-08-06T13:21:53,11.837,11.837,11.8351,11.8351,36.4737
2025-08-06T13:21:54,11.8332,11.837,11.8294,11.8294,73.5263
2025-08-06T13:21:56,11.8351,11.8351,11.8351,11.8351,131.3684
2025-08-06T13:21:57,11.8351,11.8351,11.8351,11.8351,59.3158
2025-08-06T13:21:58,11.837,11.837,11.8351,11.837,409.8421
2025-08-06T13:21:59,11.8351,11.837,11.8351,11.837,494.0
2025-08-06T13:22:00,11.8361,11.8361,11.8351,11.8351,319.0526
2025-08-06T13:22:01,11.8351,11.837,11.8351,11.837,21.8947
2025-08-06T13:22:02,11.837,11.837,11.8351,11.837,216.4211
2025-08-06T13:22:03,11.8361,11.837,11.8361,11.837,205.1579
2025-08-06T13:22:04,11.837,11.8389,11.837,11.837,731.5789
2025-08-06T13:22:05,11.8389,11.9472,11.837,11.9149,2834.7368
2025-08-06T13:22:06,11.9491,11.9491,11.8807,11.8807,336.1053
2025-08-06T13:22:07,11.8826,11.951,11.8826,11.9491,238.1053
2025-08-06T13:22:08,11.8883,11.8883,11.8883,11.8883,6.5789
2025-08-06T13:22:09,11.8921,11.9216,11.8921,11.9216,46.5789
2025-08-06T13:22:10,11.8921,11.894,11.8921,11.894,148.3158
2025-08-06T13:22:11,11.9073,11.9073,11.9073,11.9073,42.3684
2025-08-06T13:22:12,11.9054,11.989,11.9054,11.932,3311.0
2025-08-06T13:22:13,11.9871,11.9871,11.9529,11.97,148.4211
2025-08-06T13:22:14,11.9529,11.9624,11.9472,11.9624,1045.0
2025-08-06T13:22:15,11.9472,11.9491,11.9415,11.9415,364.6842
2025-08-06T13:22:16,11.9406,11.9415,11.9406,11.9415,430.4211
2025-08-06T13:22:17,11.9472,11.9472,11.9225,11.9244,539.0
2025-08-06T13:22:18,11.8883,11.9358,11.8807,11.9083,555.6842
2025-08-06T13:22:19,11.9377,11.9491,11.8788,11.9358,1183.3158
2025-08-06T13:22:20,11.9111,11.9111,11.9111,11.9111,23.7368
2025-08-06T13:22:21,11.9225,11.9225,11.8788,11.8807,815.3158
2025-08-06T13:22:22,11.9035,11.9035,11.9035,11.9035,22.2632
2025-08-06T13:22:23,11.9225,11.9491,11.913,11.9491,631.4737
2025-08-06T13:22:24,11.913,11.913,11.913,11.913,55.0526
2025-08-06T13:22:25,11.9263,11.9263,11.9263,11.9263,34.9474
2025-08-06T13:22:27,11.932,11.9415,11.932,11.9415,19.2105
2025-08-06T13:22:28,11.9339,11.9339,11.9206,11.9206,99.8421
2025-08-06T13:22:29,11.9149,11.9206,11.913,11.913,492.1579
2025-08-06T13:22:30,11.913,11.913,11.8788,11.8788,201.0
2025-08-06T13:22:31,11.8408,11.8408,11.8408,11.8408,12.3158
2025-08-06T13:22:32,11.875,11.875,11.8731,11.8731,381.6842
2025-08-06T13:22:33,11.8598,11.8598,11.8598,11.8598,12.6316
2025-08-06T13:22:34,11.875,11.875,11.875,11.875,13.1579
2025-08-06T13:22:35,11.875,11.875,11.875,11.875,9.4737
2025-08-06T13:22:36,11.8408,11.8427,11.8408,11.8427,230.1579
2025-08-06T13:22:37,11.8731,11.8731,11.8731,11.8731,36.1579
2025-08-06T13:22:38,11.8579,11.8579,11.7724,11.7724,2473.3158
2025-08-06T13:22:39,11.7724,11.7724,11.6755,11.6774,1652.7368
2025-08-06T13:22:40,11.7477,11.7477,11.6755,11.6755,305.6316
2025-08-06T13:22:41,11.742,11.7724,11.6755,11.7249,1569.2105
2025-08-06T13:22:42,11.6774,11.6774,11.6755,11.6755,431.4211
2025-08-06T13:22:43,11.6774,11.6774,11.6755,11.6765,642.4737
2025-08-06T13:22:44,11.6755,11.6793,11.6755,11.6793,592.3684
2025-08-06T13:22:45,11.6869,11.7192,11.6812,11.7192,1271.8947
2025-08-06T13:22:46,11.7154,11.7173,11.7154,11.7154,396.3158
2025-08-06T13:22:47,11.7192,11.7534,11.6774,11.7059,387.2632
2025-08-06T13:22:48,11.6774,11.6926,11.6774,11.6812,90.2632
2025-08-06T13:22:49,11.7724,11.7724,11.7154,11.7173,164.7368
2025-08-06T13:22:50,11.7534,11.7534,11.7534,11.7534,18.7368
2025-08-06T13:22:51,11.7154,11.7173,11.6793,11.7173,1052.1579
2025-08-06T13:22:52,11.6793,11.7059,11.6793,11.6793,79.2632
2025-08-06T13:22:53,11.6945,11.7344,11.6945,11.7344,135.6316
2025-08-06T13:22:55,11.6888,11.7116,11.6888,11.6907,468.5789
2025-08-06T13:22:56,11.6907,11.7534,11.6888,11.6907,209.3158
2025-08-06T13:22:57,11.6926,11.7116,11.685,11.6907,213.6842
2025-08-06T13:22:58,11.7325,11.7344,11.6926,11.7344,118.8947
2025-08-06T13:22:59,11.6907,11.7344,11.6907,11.6907,473.8421
2025-08-06T13:23:00,11.6926,11.7126,11.6926,11.7126,54.3684
2025-08-06T13:23:01,11.7344,11.7344,11.7002,11.7154,100.8947
2025-08-06T13:23:02,11.742,11.7724,11.6964,11.7401,1447.8421
2025-08-06T13:23:04,11.7572,11.7591,11.7572,11.7591,57.8947
2025-08-06T13:23:05,11.7933,11.7933,11.7591,11.7591,385.4211
2025-08-06T13:23:06,11.7572,11.7771,11.6926,11.6926,693.4737
2025-08-06T13:23:07,11.6907,11.6907,11.647,11.647,1378.6842
2025-08-06T13:23:08,11.6489,11.6869,11.6147,11.6546,854.6842
2025-08-06T13:23:09,11.647,11.6793,11.59,11.5919,816.8421
2025-08-06T13:23:10,11.6356,11.6356,11.59,11.59,717.4211
2025-08-06T13:23:11,11.59,11.591,11.59,11.591,423.6842
2025-08-06T13:23:12,11.59,11.6071,11.59,11.6071,466.8421
2025-08-06T13:23:13,11.609,11.6214,11.59,11.5919,272.0
2025-08-06T13:23:14,11.59,11.5919,11.59,11.5919,109.9474
2025-08-06T13:23:15,11.59,11.5938,11.59,11.59,224.4737
2025-08-06T13:23:16,11.5919,11.6185,11.5786,11.5805,1130.2632
2025-08-06T13:23:17,11.5862,11.59,11.5159,11.5254,484.2632
2025-08-06T13:23:18,11.5539,11.5539,11.5159,11.5349,1074.5263
2025-08-06T13:23:19,11.552,11.552,11.5159,11.5298,1235.7368
2025-08-06T13:23:20,11.5159,11.8389,11.5159,11.6489,3490.4211
2025-08-06T13:23:21,11.6489,11.837,11.6242,11.6242,738.2632
2025-08-06T13:23:22,11.837,11.837,11.6375,11.7363,381.4211
2025-08-06T13:23:23,11.8294,11.8294,11.8294,11.8294,46.8421
2025-08-06T13:23:24,11.7876,11.7876,11.7876,11.7876,81.1579
2025-08-06T13:23:25,11.742,11.742,11.5919,11.5938,1676.3684
2025-08-06T13:23:26,11.59,11.59,11.5862,11.5862,33.7895
2025-08-06T13:23:27,11.609,11.609,11.5691,11.5938,758.7368
2025-08-06T13:23:28,11.6071,11.609,11.6071,11.609,50.4737
2025-08-06T13:23:29,11.5995,11.5995,11.5995,11.5995,23.7895
2025-08-06T13:23:30,11.6071,11.609,11.5919,11.609,2334.6842
2025-08-06T13:23:31,11.609,11.609,11.5976,11.6024,266.2632
2025-08-06T13:23:32,11.6033,11.609,11.6033,11.609,466.2632
2025-08-06T13:23:33,11.609,11.609,11.6042,11.609,285.6316
2025-08-06T13:23:34,11.6071,11.6508,11.6071,11.609,3188.0
2025-08-06T13:23:35,11.7781,11.7781,11.685,11.685,817.6316
2025-08-06T13:23:36,11.7097,11.7097,11.7097,11.7097,92.0526
2025-08-06T13:23:38,11.647,11.6698,11.5235,11.5235,4683.4737
2025-08-06T13:23:39,11.551,11.551,11.5235,11.5235,498.0
2025-08-06T13:23:40,11.5511,11.5786,11.5235,11.5786,1228.5789
2025-08-06T13:23:41,11.5928,11.6052,11.5928,11.6052,170.3684
2025-08-06T13:23:42,11.6071,11.6831,11.5881,11.5881,1104.8947
2025-08-06T13:23:43,11.5881,11.5881,11.5881,11.5881,25.0526
2025-08-06T13:23:45,11.59,11.59,11.59,11.59,46.3684
2025-08-06T13:23:47,11.6793,11.6793,11.5957,11.5957,89.0526
2025-08-06T13:23:48,11.5938,11.5938,11.5938,11.5938,344.7895
2025-08-06T13:23:49,11.5938,11.6366,11.5938,11.6366,123.2105
2025-08-06T13:23:50,11.6774,11.78,11.6603,11.7458,1306.8421
2025-08-06T13:23:51,11.7078,11.7382,11.7078,11.7382,611.6842
2025-08-06T13:23:52,11.7287,11.7287,11.6318,11.6793,775.2632
2025-08-06T13:23:53,11.7078,11.7344,11.59,11.6584,904.4211
2025-08-06T13:23:54,11.6347,11.6451,11.6337,11.6451,738.0
2025-08-06T13:23:55,11.6432,11.6432,11.6432,11.6432,25.0
2025-08-06T13:23:56,11.6432,11.6432,11.6432,11.6432,274.8421
2025-08-06T13:23:59,11.6394,11.6432,11.6375,11.6375,81.6842
2025-08-06T13:24:00,11.6413,11.6413,11.6413,11.6413,31.5789
2025-08-06T13:24:01,11.6394,11.6394,11.6356,11.6356,157.8947
2025-08-06T13:24:02,11.7287,11.7287,11.647,11.6489,200.0
2025-08-06T13:24:03,11.6489,11.6489,11.6489,11.6489,159.4211
2025-08-06T13:24:04,11.647,11.7268,11.647,11.6907,46.2105
2025-08-06T13:24:05,11.6565,11.7287,11.6565,11.7287,72.6316
2025-08-06T13:24:06,11.7268,11.7287,11.6936,11.7287,453.8947
2025-08-06T13:24:07,11.7287,11.7287,11.6603,11.6603,129.1579
2025-08-06T13:24:08,11.6603,11.7135,11.6603,11.7135,137.8947
2025-08-06T13:24:09,11.7154,11.7154,11.7154,11.7154,45.8421
2025-08-06T13:24:10,11.666,11.666,11.666,11.666,7.6316
2025-08-06T13:24:11,11.7154,11.7211,11.7154,11.7211,19.8421
2025-08-06T13:24:13,11.7135,11.7154,11.7021,11.7154,784.3684
2025-08-06T13:24:14,11.7021,11.7344,11.7021,11.7287,570.6316
2025-08-06T13:24:15,11.7458,11.7477,11.7316,11.7316,513.1579
2025-08-06T13:24:16,11.7316,11.7458,11.7173,11.7458,544.6316
2025-08-06T13:24:18,11.7439,11.7439,11.7154,11.7306,47.2105
2025-08-06T13:24:19,11.7458,11.7648,11.7458,11.7477,189.0
2025-08-06T13:24:20,11.7648,11.7648,11.7648,11.7648,61.7368
2025-08-06T13:24:21,11.7648,11.7648,11.7458,11.7477,138.3684
2025-08-06T13:24:22,11.7458,11.7648,11.7154,11.7373,1675.4211
2025-08-06T13:24:23,11.7325,11.7325,11.7325,11.7325,36.8421
2025-08-06T13:24:24,11.7477,11.78,11.7458,11.7658,1550.4737
2025-08-06T13:24:25,11.7648,11.7648,11.7629,11.7629,123.9474
2025-08-06T13:24:26,11.7734,11.7734,11.7705,11.7705,33.6842
2025-08-06T13:24:27,11.7724,11.7743,11.7648,11.7734,69.1053
2025-08-06T13:24:28,11.761,11.7629,11.7458,11.761,1749.4211
2025-08-06T13:24:29,11.746,11.7544,11.7458,11.7521,672.2632
2025-08-06T13:24:30,11.7382,11.7521,11.647,11.6489,2101.1053
2025-08-06T13:24:31,11.647,11.7249,11.647,11.6489,579.2632
2025-08-06T13:24:32,11.7249,11.7249,11.6489,11.6489,99.1053
2025-08-06T13:24:33,11.686,11.686,11.686,11.686,25.6842
2025-08-06T13:24:34,11.7059,11.7059,11.704,11.704,44.5789
2025-08-06T13:24:39,11.6926,11.6926,11.6869,11.6869,76.1579
2025-08-06T13:24:40,11.6679,11.6679,11.6679,11.6679,53.2632
2025-08-06T13:24:41,11.6679,11.6679,11.6679,11.6679,124.2632
2025-08-06T13:24:42,11.6698,11.6698,11.6679,11.6679,438.3684
2025-08-06T13:24:43,11.7021,11.7629,11.6831,11.6831,532.2632
2025-08-06T13:24:45,11.742,11.7553,11.742,11.7553,526.3158
2025-08-06T13:24:46,11.6869,11.7202,11.6869,11.7202,103.2632
2025-08-06T13:24:47,11.685,11.685,11.685,11.685,44.5263
2025-08-06T13:24:48,11.704,11.7648,11.6945,11.7401,371.7368
2025-08-06T13:24:49,11.7648,11.7648,11.7629,11.7629,34.7895
2025-08-06T13:24:50,11.742,11.7667,11.723,11.723,1372.2632
2025-08-06T13:24:51,11.7667,11.78,11.7667,11.7667,243.7895
2025-08-06T13:24:53,11.7734,11.78,11.7686,11.78,33.7368
2025-08-06T13:24:54,11.78,11.8826,11.7743,11.8826,1516.8421
2025-08-06T13:24:55,11.8237,11.8769,11.8047,11.875,1642.1053
2025-08-06T13:24:56,11.8769,11.8769,11.8636,11.8636,1615.7895
2025-08-06T13:24:57,11.8142,11.8636,11.8142,11.8161,116.8421
2025-08-06T13:24:58,11.8408,11.8408,11.8408,11.8408,395.1053
2025-08-06T13:24:59,11.8636,11.8655,11.8636,11.8655,437.3158
2025-08-06T13:25:00,11.8655,11.8712,11.8636,11.8674,621.4211
2025-08-06T13:25:01,11.8665,11.8769,11.856,11.8708,997.4211
2025-08-06T13:25:02,11.8674,11.8769,11.8655,11.8769,2183.1579
2025-08-06T13:25:03,11.8769,11.8921,11.8712,11.8769,1290.7895
2025-08-06T13:25:04,11.8769,11.8788,11.8712,11.8712,631.0
2025-08-06T13:25:05,11.8731,11.875,11.8674,11.8731,782.2105
2025-08-06T13:25:06,11.8674,11.8693,11.818,11.8538,2036.9474
2025-08-06T13:25:07,11.818,11.8465,11.685,11.685,1113.5789
2025-08-06T13:25:08,11.6869,11.6869,11.6869,11.6869,131.5789
2025-08-06T13:25:09,11.6869,11.6869,11.6869,11.6869,12.1053
2025-08-06T13:25:11,11.818,11.818,11.818,11.818,158.4211
2025-08-06T13:25:12,11.8199,11.8199,11.8199,11.8199,24.5789
2025-08-06T13:25:13,11.7477,11.7477,11.7477,11.7477,592.0
2025-08-06T13:25:14,11.7572,11.7572,11.7477,11.7496,963.1579
2025-08-06T13:25:15,11.7648,11.7648,11.7648,11.7648,27.8947
2025-08-06T13:25:16,11.7667,11.7667,11.6888,11.6888,601.6316
2025-08-06T13:25:17,11.7724,11.7743,11.7724,11.7743,72.6842
2025-08-06T13:25:18,11.7629,11.7629,11.7629,11.7629,135.5263
2025-08-06T13:25:19,11.7515,11.7743,11.7496,11.7743,678.6842
2025-08-06T13:25:20,11.7306,11.7306,11.7306,11.7306,15.7895
2025-08-06T13:25:21,11.7629,11.7629,11.7306,11.7477,109.6842
2025-08-06T13:25:22,11.7287,11.761,11.7287,11.7591,200.7368
2025-08-06T13:25:23,11.6964,11.6983,11.6964,11.6983,705.4737
2025-08-06T13:25:24,11.7002,11.7002,11.7002,11.7002,10.7895
2025-08-06T13:25:25,11.7002,11.7002,11.7002,11.7002,683.0526
2025-08-06T13:25:26,11.761,11.761,11.6983,11.6983,96.5789
2025-08-06T13:25:27,11.6983,11.7458,11.6888,11.6983,300.2632
2025-08-06T13:25:28,11.6907,11.6926,11.647,11.647,1830.9474
2025-08-06T13:25:29,11.6964,11.6983,11.6489,11.6983,1071.7368
2025-08-06T13:25:30,11.704,11.7458,11.704,11.7458,460.8947
2025-08-06T13:25:31,11.7078,11.7458,11.7078,11.7458,617.7895
2025-08-06T13:25:32,11.6983,11.6983,11.6983,11.6983,264.0526
2025-08-06T13:25:33,11.7002,11.7002,11.6907,11.6907,63.1579
2025-08-06T13:25:34,11.6907,11.6907,11.6907,11.6907,21.0526
2025-08-06T13:25:36,11.6964,11.6964,11.6964,11.6964,5.2632
2025-08-06T13:25:38,11.6945,11.6945,11.6945,11.6945,5.8947
2025-08-06T13:25:39,11.6926,11.6926,11.6907,11.6907,22.1053
2025-08-06T13:25:40,11.6907,11.6926,11.6907,11.6926,155.5263
2025-08-06T13:25:41,11.6926,11.6926,11.6736,11.6774,279.2632
2025-08-06T13:25:42,11.6755,11.6755,11.647,11.6489,828.2105
2025-08-06T13:25:43,11.6584,11.6698,11.6584,11.6679,112.9474
2025-08-06T13:25:44,11.6489,11.6489,11.6489,11.6489,26.3684
2025-08-06T13:25:45,11.647,11.647,11.647,11.647,106.9474
2025-08-06T13:25:46,11.647,11.648,11.647,11.647,266.5789
2025-08-06T13:25:47,11.647,11.647,11.6299,11.6299,185.1579
2025-08-06T13:25:48,11.59,11.6299,11.59,11.6299,1191.6842
2025-08-06T13:25:49,11.6147,11.6394,11.59,11.6147,316.3158
2025-08-06T13:25:50,11.59,11.6394,11.59,11.6394,37.4211
2025-08-06T13:25:51,11.6147,11.6147,11.59,11.59,378.6316
2025-08-06T13:25:52,11.6299,11.6299,11.6109,11.6109,175.3684
2025-08-06T13:25:53,11.61,11.61,11.59,11.5919,708.0
2025-08-06T13:25:54,11.6299,11.6299,11.5919,11.5919,35.0526
2025-08-06T13:25:55,11.628,11.628,11.6147,11.6147,169.1053
2025-08-06T13:25:56,11.6223,11.647,11.6223,11.647,627.8947
2025-08-06T13:25:57,11.6451,11.6451,11.6147,11.6147,1807.9474
2025-08-06T13:25:58,11.6166,11.6204,11.609,11.6109,605.9474
2025-08-06T13:25:59,11.5938,11.5938,11.59,11.5938,734.6842
2025-08-06T13:26:00,11.6109,11.6109,11.5349,11.5349,1862.8421
2025-08-06T13:26:01,11.5681,11.5681,11.5349,11.5368,583.2632
2025-08-06T13:26:02,11.5349,11.5672,11.5349,11.5672,183.1053
2025-08-06T13:26:03,11.5387,11.5995,11.5349,11.5881,543.5263
2025-08-06T13:26:04,11.5349,11.5368,11.5235,11.5349,676.5263
2025-08-06T13:26:05,11.5311,11.647,11.5254,11.5368,645.1579
2025-08-06T13:26:06,11.609,11.609,11.609,11.609,159.4737
2025-08-06T13:26:07,11.647,11.647,11.571,11.6451,72.7368
2025-08-06T13:26:08,11.5938,11.6128,11.5938,11.6128,20.0
2025-08-06T13:26:09,11.5919,11.5919,11.5919,11.5919,11.9474
2025-08-06T13:26:10,11.5938,11.5938,11.5938,11.5938,10.4737
2025-08-06T13:26:11,11.6147,11.6147,11.6147,11.6147,6.7368
2025-08-06T13:26:12,11.6147,11.6337,11.6147,11.6337,42.8947
2025-08-06T13:26:13,11.6242,11.6242,11.6128,11.6147,612.3158
2025-08-06T13:26:14,11.6223,11.6223,11.6128,11.6138,82.1579
2025-08-06T13:26:15,11.6147,11.6147,11.6147,11.6147,500.0
2025-08-06T13:26:16,11.6128,11.6147,11.6128,11.6147,322.8947
2025-08-06T13:26:17,11.6138,11.6147,11.6043,11.6052,661.5789
2025-08-06T13:26:18,11.6147,11.6147,11.6147,11.6147,10.3684
2025-08-06T13:26:19,11.6147,11.6147,11.6147,11.6147,8.1053
2025-08-06T13:26:21,11.5957,11.6071,11.571,11.571,915.7895
2025-08-06T13:26:22,11.5819,11.5819,11.5235,11.5729,647.4737
2025-08-06T13:26:23,11.5235,11.5235,11.5159,11.5159,681.1579
2025-08-06T13:26:24,11.5159,11.5463,11.5159,11.5463,312.6316
2025-08-06T13:26:25,11.5197,11.5463,11.5197,11.5216,820.4737
2025-08-06T13:26:26,11.5178,11.5216,11.5178,11.5197,216.4737
2025-08-06T13:26:27,11.5197,11.5235,11.5197,11.5235,37.6316
2025-08-06T13:26:28,11.5197,11.5235,11.5197,11.5235,264.3684
2025-08-06T13:26:29,11.5197,11.5197,11.5178,11.5178,235.3684
2025-08-06T13:26:30,11.5178,11.5187,11.5178,11.5187,70.2632
2025-08-06T13:26:31,11.5178,11.5197,11.5178,11.5178,257.8421
2025-08-06T13:26:32,11.5178,11.5195,11.5178,11.5195,68.9474
2025-08-06T13:26:33,11.5178,11.5197,11.5178,11.5178,257.6842
2025-08-06T13:26:34,11.5178,11.5178,11.5178,11.5178,58.3158
2025-08-06T13:26:35,11.5197,11.5197,11.5178,11.5178,468.3684
2025-08-06T13:26:36,11.5197,11.5197,11.5197,11.5197,17.2105
2025-08-06T13:26:37,11.5197,11.5197,11.5159,11.5178,981.7368
2025-08-06T13:26:38,11.5159,11.5169,11.5159,11.5169,447.3684
2025-08-06T13:26:39,11.5178,11.5178,11.5159,11.5159,579.4737
2025-08-06T13:26:40,11.5159,11.5178,11.5159,11.5169,304.8947
2025-08-06T13:26:41,11.5159,11.5178,11.5159,11.5159,158.2105
2025-08-06T13:26:42,11.5169,11.5169,11.5169,11.5169,39.4737
2025-08-06T13:26:43,11.5159,11.5169,11.5159,11.5159,104.7368
2025-08-06T13:26:44,11.5159,11.5159,11.5159,11.5159,9.7895
2025-08-06T13:26:45,11.5159,11.5159,11.5159,11.5159,11.4211
2025-08-06T13:26:46,11.5159,11.5159,11.5159,11.5159,82.2632
2025-08-06T13:26:47,11.5178,11.5235,11.5178,11.5178,497.0526
2025-08-06T13:26:48,11.5463,11.6071,11.5235,11.5482,1401.7895
2025-08-06T13:26:49,11.6071,11.6071,11.5976,11.6052,1121.1053
2025-08-06T13:26:50,11.5444,11.6052,11.5444,11.6052,1075.0526
2025-08-06T13:26:51,11.5748,11.5748,11.5748,11.5748,21.4737
2025-08-06T13:26:52,11.5482,11.572,11.5482,11.572,46.4211
2025-08-06T13:26:53,11.59,11.59,11.552,11.552,242.1053
2025-08-06T13:26:54,11.5957,11.5957,11.571,11.571,88.9474
2025-08-06T13:26:55,11.571,11.571,11.571,11.571,10.5263
2025-08-06T13:26:57,11.5539,11.5539,11.5539,11.5539,266.0526
2025-08-06T13:26:58,11.5577,11.59,11.5577,11.59,41.9474
2025-08-06T13:27:00,11.59,11.59,11.571,11.571,73.6842
2025-08-06T13:27:01,11.5748,11.5748,11.5748,11.5748,36.8421
2025-08-06T13:27:02,11.5701,11.5881,11.5701,11.5881,54.8947
2025-08-06T13:27:05,11.5786,11.5862,11.5786,11.5843,133.1053
2025-08-06T13:27:06,11.5862,11.6147,11.5862,11.59,602.1579
2025-08-06T13:27:07,11.59,11.647,11.59,11.6242,1205.6316
2025-08-06T13:27:08,11.6128,11.647,11.6128,11.6223,358.5263
2025-08-06T13:27:10,11.6147,11.6717,11.6147,11.6717,32.3684
2025-08-06T13:27:11,11.647,11.647,11.647,11.647,265.7895
2025-08-06T13:27:12,11.647,11.647,11.647,11.647,52.6842
2025-08-06T13:27:13,11.6736,11.6736,11.647,11.647,131.5789
2025-08-06T13:27:15,11.647,11.6584,11.6128,11.6584,244.7895
2025-08-06T13:27:16,11.6584,11.6584,11.6204,11.6204,543.4737
2025-08-06T13:27:17,11.6223,11.6223,11.6204,11.6204,166.4211
2025-08-06T13:27:19,11.6204,11.6204,11.6204,11.6204,207.3158
2025-08-06T13:27:21,11.6413,11.6698,11.6185,11.666,177.2105
2025-08-06T13:27:22,11.6736,11.685,11.666,11.666,346.2632
2025-08-06T13:27:24,11.6774,11.6945,11.666,11.6869,586.5789
2025-08-06T13:27:25,11.6755,11.7439,11.6755,11.7344,236.2632
2025-08-06T13:27:26,11.7401,11.7401,11.704,11.704,25.2632
2025-08-06T13:27:27,11.7401,11.7401,11.666,11.666,16.6842
2025-08-06T13:27:28,11.666,11.7401,11.666,11.7401,175.0
2025-08-06T13:27:29,11.704,11.704,11.704,11.704,17.6842
2025-08-06T13:27:30,11.704,11.7059,11.7002,11.704,57.7895
2025-08-06T13:27:31,11.7325,11.7325,11.704,11.7059,630.1579
2025-08-06T13:27:32,11.7211,11.7211,11.6489,11.7192,1007.8421
2025-08-06T13:27:33,11.666,11.685,11.6622,11.685,620.0
2025-08-06T13:27:34,11.685,11.685,11.6736,11.6736,128.0526
2025-08-06T13:27:35,11.6717,11.6717,11.6717,11.6717,34.7368
2025-08-06T13:27:36,11.6831,11.6831,11.6831,11.6831,7.7368
2025-08-06T13:27:37,11.6831,11.685,11.6603,11.685,79.3684
2025-08-06T13:27:39,11.685,11.685,11.685,11.685,37.2105
2025-08-06T13:27:40,11.6831,11.685,11.6831,11.685,268.8421
2025-08-06T13:27:41,11.685,11.7135,11.685,11.7021,533.0
2025-08-06T13:27:42,11.7097,11.7097,11.7021,11.704,37.7895
2025-08-06T13:27:43,11.7192,11.7192,11.7192,11.7192,142.1053
2025-08-06T13:27:44,11.7059,11.7401,11.7059,11.7173,858.0
2025-08-06T13:27:45,11.7382,11.7382,11.7382,11.7382,149.8947
2025-08-06T13:27:46,11.7382,11.7382,11.7382,11.7382,26.3158
2025-08-06T13:27:49,11.7316,11.7363,11.7097,11.7363,238.4737
2025-08-06T13:27:50,11.7239,11.724,11.7239,11.724,157.7368
2025-08-06T13:27:51,11.7287,11.7344,11.7287,11.7344,14.4737
2025-08-06T13:27:52,11.7078,11.7078,11.7078,11.7078,104.4737
2025-08-06T13:27:53,11.7078,11.7135,11.685,11.685,899.8421
2025-08-06T13:27:54,11.685,11.723,11.685,11.685,598.4211
2025-08-06T13:27:55,11.7211,11.7211,11.7211,11.7211,127.5789
2025-08-06T13:27:56,11.6831,11.6831,11.6831,11.6831,36.0526
2025-08-06T13:28:00,11.6755,11.704,11.6755,11.704,62.6316
2025-08-06T13:28:01,11.7031,11.7031,11.685,11.685,68.3684
2025-08-06T13:28:02,11.704,11.704,11.704,11.704,473.6842
2025-08-06T13:28:03,11.685,11.685,11.685,11.685,62.6316
2025-08-06T13:28:04,11.6869,11.6869,11.685,11.685,30.7368
2025-08-06T13:28:05,11.6869,11.6869,11.6869,11.6869,44.9474
2025-08-06T13:28:06,11.685,11.685,11.685,11.685,68.8421
2025-08-06T13:28:07,11.704,11.704,11.704,11.704,31.4737
2025-08-06T13:28:09,11.685,11.7021,11.685,11.7021,434.4211
2025-08-06T13:28:11,11.6869,11.6869,11.6375,11.647,774.5789
2025-08-06T13:28:12,11.647,11.6755,11.6204,11.6679,1000.5263
2025-08-06T13:28:13,11.6204,11.6717,11.6204,11.6204,260.5263
2025-08-06T13:28:14,11.6204,11.6204,11.6204,11.6204,493.0526
2025-08-06T13:28:15,11.6223,11.6223,11.6223,11.6223,20.8947
2025-08-06T13:28:16,11.6223,11.6223,11.6223,11.6223,103.3684
2025-08-06T13:28:17,11.6479,11.6479,11.6479,11.6479,75.7895
2025-08-06T13:28:18,11.6223,11.6755,11.6223,11.6736,94.4737
2025-08-06T13:28:20,11.6223,11.6755,11.6223,11.6755,102.2632
2025-08-06T13:28:22,11.6755,11.6755,11.6755,11.6755,27.3158
2025-08-06T13:28:23,11.6242,11.6242,11.6242,11.6242,12.8947
2025-08-06T13:28:24,11.6394,11.6394,11.6394,11.6394,68.6316
2025-08-06T13:28:26,11.6755,11.6755,11.6242,11.6242,38.0
2025-08-06T13:28:27,11.6755,11.6755,11.6755,11.6755,157.8947
2025-08-06T13:28:28,11.6755,11.6755,11.6204,11.6204,57.6316
2025-08-06T13:28:30,11.6223,11.6223,11.6223,11.6223,9.1579
2025-08-06T13:28:31,11.6223,11.6223,11.6223,11.6223,36.4737
2025-08-06T13:28:33,11.647,11.6753,11.6204,11.6204,38.3158
2025-08-06T13:28:34,11.6223,11.6223,11.6223,11.6223,600.5789
2025-08-06T13:28:37,11.6717,11.6717,11.6717,11.6717,17.5263
2025-08-06T13:28:38,11.6242,11.6242,11.59,11.6223,229.2105
2025-08-06T13:28:39,11.6204,11.6337,11.5938,11.5957,428.6316
2025-08-06T13:28:40,11.609,11.609,11.609,11.609,8.0
2025-08-06T13:28:41,11.5938,11.5938,11.5938,11.5938,5.2632
2025-08-06T13:28:42,11.5957,11.5957,11.5957,11.5957,113.9474
2025-08-06T13:28:43,11.6204,11.6204,11.59,11.5976,1066.2632
2025-08-06T13:28:44,11.5938,11.5976,11.59,11.5976,36.8421
2025-08-06T13:28:45,11.5976,11.5976,11.5976,11.5976,263.2105
2025-08-06T13:28:46,11.5938,11.5938,11.5938,11.5938,60.1053
2025-08-06T13:28:47,11.5938,11.5938,11.5919,11.5919,75.0
2025-08-06T13:28:49,11.5938,11.5938,11.5938,11.5938,5.2632
2025-08-06T13:28:50,11.5938,11.5938,11.5938,11.5938,488.8421
2025-08-06T13:28:51,11.5938,11.5938,11.5938,11.5938,90.9474
2025-08-06T13:28:52,11.5938,11.5938,11.5159,11.5311,3027.3158
2025-08-06T13:28:53,11.5159,11.5577,11.5102,11.5102,2353.9474
2025-08-06T13:28:54,11.5102,11.5121,11.4285,11.4285,2800.6316
2025-08-06T13:28:55,11.4285,11.4285,11.4114,11.4114,56.6316
2025-08-06T13:28:56,11.4228,11.438,11.419,11.4209,590.5263
2025-08-06T13:28:57,11.4228,11.4285,11.419,11.4209,931.2105
2025-08-06T13:28:58,11.4247,11.4266,11.4209,11.4209,266.0526
2025-08-06T13:28:59,11.419,11.4285,11.419,11.4209,238.6316
2025-08-06T13:29:00,11.4228,11.4228,11.419,11.4209,380.9474
2025-08-06T13:29:01,11.4228,11.4228,11.4209,11.4209,174.0526
2025-08-06T13:29:02,11.4266,11.4266,11.419,11.4228,1174.9474
2025-08-06T13:29:03,11.4228,11.4266,11.4228,11.4266,235.0
2025-08-06T13:29:04,11.4228,11.4399,11.419,11.4323,1066.3684
2025-08-06T13:29:05,11.4646,11.4646,11.4266,11.4266,1186.7368
2025-08-06T13:29:06,11.4418,11.4475,11.4266,11.4475,1087.3158
2025-08-06T13:29:07,11.4437,11.5159,11.438,11.476,2054.7368
2025-08-06T13:29:08,11.4399,11.4912,11.438,11.438,1309.5789
2025-08-06T13:29:09,11.457,11.457,11.457,11.457,53.4737
2025-08-06T13:29:10,11.5159,11.5159,11.514,11.514,546.3684
2025-08-06T13:29:11,11.4475,11.4475,11.4475,11.4475,26.7368
2025-08-06T13:29:12,11.4969,11.4969,11.4456,11.4456,54.7368
2025-08-06T13:29:13,11.5159,11.5159,11.5159,11.5159,42.1053
2025-08-06T13:29:14,11.4589,11.5121,11.4475,11.4475,77.2105
2025-08-06T13:29:15,11.495,11.495,11.495,11.495,13.1579
2025-08-06T13:29:16,11.495,11.495,11.495,11.495,5.7895
2025-08-06T13:29:17,11.4732,11.4732,11.4551,11.4551,35.0526
2025-08-06T13:29:18,11.4589,11.4608,11.4589,11.4608,180.9474
2025-08-06T13:29:19,11.495,11.495,11.476,11.4841,374.5263
2025-08-06T13:29:20,11.495,11.495,11.4627,11.4627,178.4737
2025-08-06T13:29:21,11.495,11.495,11.4893,11.4893,139.7895
2025-08-06T13:29:22,11.4931,11.4931,11.4931,11.4931,105.2632
2025-08-06T13:29:23,11.4722,11.4722,11.4722,11.4722,10.5263
2025-08-06T13:29:24,11.4874,11.495,11.4874,11.4931,186.1579
2025-08-06T13:29:25,11.4931,11.5463,11.4912,11.5463,1961.7368
2025-08-06T13:29:27,11.5748,11.5748,11.571,11.5748,358.6842
2025-08-06T13:29:29,11.5197,11.5197,11.5197,11.5197,163.4737
2025-08-06T13:29:30,11.5216,11.5216,11.5216,11.5216,158.3158
2025-08-06T13:29:31,11.5216,11.5216,11.5216,11.5216,12.2632
2025-08-06T13:29:33,11.5349,11.5349,11.5349,11.5349,9.3158
2025-08-06T13:29:34,11.5387,11.5672,11.5387,11.5672,370.5789
2025-08-06T13:29:35,11.5273,11.5672,11.5273,11.5672,22.7895
2025-08-06T13:29:36,11.5482,11.5482,11.5482,11.5482,30.7895
2025-08-06T13:29:37,11.5463,11.5596,11.5463,11.5596,41.7368
2025-08-06T13:29:38,11.5672,11.647,11.5653,11.647,1461.5263
2025-08-06T13:29:39,11.6451,11.666,11.6451,11.6451,796.8947
2025-08-06T13:29:40,11.666,11.666,11.6641,11.6641,217.8421
2025-08-06T13:29:41,11.6451,11.6641,11.6451,11.6641,221.5789
2025-08-06T13:29:42,11.6641,11.6641,11.6641,11.6641,150.8947
2025-08-06T13:29:43,11.628,11.628,11.628,11.628,37.5789
2025-08-06T13:29:44,11.6451,11.6641,11.6451,11.6641,34.1579
2025-08-06T13:29:45,11.647,11.647,11.647,11.647,79.1579
2025-08-06T13:29:46,11.6461,11.6461,11.6299,11.6299,642.0
2025-08-06T13:29:47,11.647,11.647,11.6282,11.6282,166.2105
2025-08-06T13:29:48,11.6641,11.6641,11.6299,11.6299,514.2105
2025-08-06T13:29:49,11.6451,11.6508,11.6451,11.6508,17.8947
2025-08-06T13:29:51,11.628,11.6299,11.6242,11.6242,231.8421
2025-08-06T13:29:52,11.6242,11.628,11.6242,11.628,1280.0526
2025-08-06T13:29:53,11.6261,11.6261,11.6261,11.6261,21.0526
2025-08-06T13:29:54,11.628,11.628,11.6242,11.628,363.1579
2025-08-06T13:29:55,11.6109,11.6109,11.6109,11.6109,72.1053
2025-08-06T13:29:56,11.6261,11.6261,11.6261,11.6261,9.5789
2025-08-06T13:29:57,11.6271,11.628,11.6271,11.628,60.8421
2025-08-06T13:29:58,11.6271,11.628,11.6271,11.628,130.8947
2025-08-06T13:29:59,11.6261,11.6603,11.6261,11.6603,168.3684
2025-08-06T13:30:00,11.6451,11.6451,11.6451,11.6451,17.2105
2025-08-06T13:30:01,11.628,11.628,11.628,11.628,48.2105
2025-08-06T13:30:02,11.6261,11.6261,11.6261,11.6261,26.3158
2025-08-06T13:30:03,11.628,11.628,11.628,11.628,127.2105
2025-08-06T13:30:04,11.628,11.628,11.6261,11.6261,205.2632
2025-08-06T13:30:05,11.628,11.628,11.6261,11.6261,52.9474
2025-08-06T13:30:06,11.628,11.628,11.628,11.628,10.5789
2025-08-06T13:30:08,11.628,11.628,11.628,11.628,5.7895
2025-08-06T13:30:10,11.628,11.628,11.628,11.628,78.9474
2025-08-06T13:30:11,11.628,11.628,11.628,11.628,26.3158
2025-08-06T13:30:12,11.628,11.628,11.628,11.628,328.5263
2025-08-06T13:30:13,11.6375,11.78,11.6356,11.7363,4064.0
2025-08-06T13:30:14,11.7781,11.78,11.7363,11.7781,1002.0
2025-08-06T13:30:15,11.78,11.78,11.7572,11.7572,68.5789
2025-08-06T13:30:16,11.742,11.742,11.742,11.742,377.6316
2025-08-06T13:30:17,11.742,11.78,11.742,11.7781,1239.0
2025-08-06T13:30:18,11.7553,11.7572,11.742,11.7572,322.5789
2025-08-06T13:30:19,11.7439,11.78,11.7439,11.761,1024.7895
2025-08-06T13:30:20,11.7439,11.78,11.6812,11.704,985.2105
2025-08-06T13:30:21,11.704,11.78,11.6869,11.78,931.2105
2025-08-06T13:30:22,11.7781,11.7781,11.7781,11.7781,304.0526
2025-08-06T13:30:23,11.7762,11.7762,11.7762,11.7762,46.7368
2025-08-06T13:30:24,11.78,11.78,11.7515,11.7515,694.3684
2025-08-06T13:30:25,11.7543,11.78,11.7363,11.7363,27.0
2025-08-06T13:30:26,11.78,11.78,11.7401,11.7572,413.4737
2025-08-06T13:30:27,11.7743,11.7743,11.7582,11.7591,278.9474
2025-08-06T13:30:28,11.7762,11.7762,11.7591,11.7591,36.9474
2025-08-06T13:30:29,11.7439,11.8389,11.7439,11.7838,2357.0
2025-08-06T13:30:30,11.837,11.8389,11.837,11.8389,214.1579
2025-08-06T13:30:31,11.8199,11.894,11.818,11.8845,1931.2105
2025-08-06T13:30:32,11.8845,11.8845,11.837,11.8826,986.3158
2025-08-06T13:30:33,11.8845,11.8845,11.8626,11.8845,123.6316
2025-08-06T13:30:34,11.8826,11.9206,11.8712,11.9206,2510.5789
2025-08-06T13:30:35,11.9187,11.9301,11.894,11.894,1192.1053
2025-08-06T13:30:36,11.9301,11.9301,11.8959,11.9263,955.2632
2025-08-06T13:30:37,11.8978,11.97,11.8978,11.97,3216.0526
2025-08-06T13:30:38,11.97,12.0593,11.9677,12.0593,3042.7368
2025-08-06T13:30:39,12.0593,12.1372,12.008,12.1372,4354.4737
2025-08-06T13:30:40,12.1372,12.1372,12.0118,12.0422,1432.4737
2025-08-06T13:30:41,12.0422,12.0422,12.0118,12.0403,1208.7368
2025-08-06T13:30:42,12.0308,12.0422,11.9947,12.0422,643.6316
2025-08-06T13:30:43,12.0403,12.0422,11.9947,11.9947,850.7895
2025-08-06T13:30:44,12.0118,12.0118,11.97,11.9909,1350.1053
2025-08-06T13:30:45,11.9871,12.0118,11.9719,12.0118,687.6316
2025-08-06T13:30:46,12.0118,12.0118,12.0099,12.0104,323.1579
2025-08-06T13:30:47,12.0109,12.0118,12.0099,12.0118,583.8421
2025-08-06T13:30:48,12.0118,12.0118,12.0099,12.0099,1180.2632
2025-08-06T13:30:49,12.0118,12.0118,11.9719,11.9719,692.1053
2025-08-06T13:30:50,11.97,12.008,11.9624,11.9624,760.8421
2025-08-06T13:30:51,12.0042,12.0042,11.8978,11.9909,1161.2632
2025-08-06T13:30:52,11.8978,11.9909,11.8978,11.8997,674.3684
2025-08-06T13:30:53,11.989,11.989,11.9149,11.9149,251.9474
2025-08-06T13:30:54,11.8997,11.9871,11.8997,11.9871,878.6316
2025-08-06T13:30:55,11.9852,11.9871,11.9263,11.9681,400.2105
2025-08-06T13:30:57,11.97,11.9757,11.9244,11.9244,553.2632
2025-08-06T13:30:58,11.9662,11.9757,11.9301,11.9757,123.7368
2025-08-06T13:30:59,11.9738,11.9738,11.9738,11.9738,26.1053
2025-08-06T13:31:00,11.97,11.97,11.97,11.97,33.9474
2025-08-06T13:31:01,11.97,11.97,11.9519,11.9681,466.1053
2025-08-06T13:31:02,11.9681,11.97,11.9339,11.97,210.3158
2025-08-06T13:31:03,11.951,11.951,11.9491,11.9491,166.3684
2025-08-06T13:31:04,11.9491,11.9491,11.9339,11.9358,341.7368
2025-08-06T13:31:05,11.9472,11.9472,11.9339,11.9339,326.5263
2025-08-06T13:31:06,11.9491,11.9491,11.9339,11.9339,71.5263
2025-08-06T13:31:07,11.9491,11.9491,11.9472,11.9472,35.6842
2025-08-06T13:31:08,11.9415,11.9491,11.9339,11.9358,1026.4737
2025-08-06T13:31:09,11.9358,11.9491,11.9358,11.9415,270.2105
2025-08-06T13:31:10,11.9434,11.9624,11.9358,11.9624,292.1579
2025-08-06T13:31:11,11.97,12.0403,11.9491,12.0403,2282.0526
2025-08-06T13:31:12,12.0403,12.0593,12.0023,12.0574,1916.2105
2025-08-06T13:31:13,12.0156,12.1372,12.0156,12.1277,880.1579
2025-08-06T13:31:14,12.1277,12.1277,12.1277,12.1277,13.1053
2025-08-06T13:31:15,12.0574,12.0574,12.0498,12.0498,506.5263
2025-08-06T13:31:16,12.0479,12.0574,12.0479,12.0574,552.2105
2025-08-06T13:31:17,12.0479,12.0479,12.0384,12.0403,1308.4737
2025-08-06T13:31:18,12.0479,12.0479,11.9206,11.9225,1406.0526
2025-08-06T13:31:19,11.9719,11.9719,11.9225,11.9719,940.3158
2025-08-06T13:31:20,11.9548,11.9719,11.9206,11.9225,1329.3158
2025-08-06T13:31:21,11.97,11.9719,11.9662,11.9717,74.3158
2025-08-06T13:31:22,11.9719,11.9719,11.9263,11.97,405.1053
2025-08-06T13:31:23,11.971,11.9719,11.97,11.97,456.1579
2025-08-06T13:31:24,11.97,11.9719,11.97,11.971,381.4211
2025-08-06T13:31:25,11.9719,11.9719,11.97,11.9719,732.1053
2025-08-06T13:31:26,11.9282,11.9491,11.9282,11.9301,103.7368
2025-08-06T13:31:27,11.9225,11.9491,11.9206,11.9255,1049.1579
2025-08-06T13:31:28,11.932,11.9339,11.8921,11.8921,2205.1579
2025-08-06T13:31:29,11.8845,11.9206,11.8826,11.9016,435.2632
2025-08-06T13:31:30,11.9187,11.9187,11.875,11.8826,168.4211
2025-08-06T13:31:31,11.8883,11.8921,11.8826,11.8883,133.7368
2025-08-06T13:31:32,11.8921,11.8921,11.8845,11.8845,31.5789
2025-08-06T13:31:33,11.8921,11.894,11.8826,11.8826,224.0526
2025-08-06T13:31:34,11.8883,11.894,11.8883,11.894,105.1579
2025-08-06T13:31:35,11.894,11.894,11.8883,11.8921,490.1579
2025-08-06T13:31:36,11.894,11.894,11.894,11.894,16.5789
2025-08-06T13:31:37,11.8883,11.8883,11.8883,11.8883,5.8421
2025-08-06T13:31:38,11.8883,11.894,11.8883,11.894,131.1053
2025-08-06T13:31:39,11.8902,11.8904,11.875,11.8864,727.5263
2025-08-06T13:31:40,11.875,11.875,11.8503,11.8503,778.4737
2025-08-06T13:31:41,11.8522,11.8826,11.8503,11.8807,320.8947
2025-08-06T13:31:42,11.8522,11.8807,11.8408,11.8408,447.4737
2025-08-06T13:31:43,11.856,11.856,11.856,11.856,39.4211
2025-08-06T13:31:44,11.8674,11.8674,11.8408,11.8408,27.5263
2025-08-06T13:31:45,11.856,11.8693,11.8408,11.8674,175.3684
2025-08-06T13:31:46,11.856,11.856,11.856,11.856,10.5263
2025-08-06T13:31:47,11.8674,11.8674,11.8674,11.8674,315.7895
2025-08-06T13:31:48,11.8408,11.9073,11.8408,11.8883,2223.4211
2025-08-06T13:31:49,11.894,11.8978,11.894,11.8959,684.2632
2025-08-06T13:31:50,11.8959,11.8959,11.894,11.895,2030.8421
2025-08-06T13:31:51,11.9007,11.9007,11.895,11.895,398.8421
2025-08-06T13:31:52,11.894,11.8959,11.894,11.8959,321.0526
2025-08-06T13:31:53,11.895,11.895,11.895,11.895,344.7368
2025-08-06T13:31:56,11.894,11.894,11.894,11.894,16.1053
2025-08-06T13:31:57,11.894,11.8959,11.8617,11.8617,797.7368
2025-08-06T13:31:58,11.8617,11.8636,11.8237,11.8598,1027.2632
2025-08-06T13:31:59,11.8589,11.8598,11.8579,11.8579,756.0526
2025-08-06T13:32:00,11.8598,11.8598,11.8579,11.8579,222.1579
2025-08-06T13:32:01,11.8579,11.8579,11.8579,11.8579,16.1053
2025-08-06T13:32:02,11.8237,11.8541,11.8237,11.8541,219.9474
2025-08-06T13:32:03,11.8066,11.856,11.8066,11.8522,655.6842
2025-08-06T13:32:04,11.8522,11.8579,11.8522,11.8526,1333.6842
2025-08-06T13:32:05,11.856,11.894,11.8541,11.8541,1236.1579
2025-08-06T13:32:06,11.8741,11.875,11.8741,11.875,146.6316
2025-08-06T13:32:07,11.894,11.8959,11.8731,11.8798,329.8947
2025-08-06T13:32:08,11.8807,11.8807,11.8807,11.8807,5.4211
2025-08-06T13:32:09,11.8883,11.8883,11.8883,11.8883,42.2632
2025-08-06T13:32:10,11.8598,11.8655,11.8598,11.8655,152.3158
2025-08-06T13:32:11,11.8883,11.894,11.8636,11.8636,346.2632
2025-08-06T13:32:12,11.8636,11.8959,11.8636,11.8921,356.2632
2025-08-06T13:32:13,11.8959,11.932,11.8931,11.9102,610.5263
2025-08-06T13:32:14,11.9073,11.951,11.9073,11.9491,2212.7895
2025-08-06T13:32:15,11.9472,11.97,11.9399,11.9681,2119.7368
2025-08-06T13:32:16,11.9681,12.0289,11.9681,12.0289,1691.4737
2025-08-06T13:32:17,11.9928,12.0384,11.9909,12.0308,2362.2632
2025-08-06T13:32:18,12.0308,12.0441,11.9966,12.0308,879.3158
2025-08-06T13:32:19,12.0555,12.1125,12.0251,12.1125,1448.3684
2025-08-06T13:32:20,12.0251,12.1125,12.0251,12.0954,776.5789
2025-08-06T13:32:21,12.0802,12.1125,12.0802,12.0802,865.7895
2025-08-06T13:32:22,12.0954,12.1125,12.0954,12.0954,993.9474
2025-08-06T13:32:23,12.0802,12.1106,12.0574,12.0764,1175.3158
2025-08-06T13:32:24,12.0897,12.0897,12.0308,12.0308,860.1579
2025-08-06T13:32:25,12.046,12.046,11.9928,12.0137,991.5789
2025-08-06T13:32:26,12.0156,12.0156,12.0118,12.0137,61.7895
2025-08-06T13:32:27,12.0118,12.0118,11.951,11.9928,525.2632
2025-08-06T13:32:28,11.9909,11.9909,11.9491,11.951,972.2632
2025-08-06T13:32:29,11.989,11.9909,11.856,11.875,1402.3684
2025-08-06T13:32:30,11.8902,11.8902,11.8769,11.89,559.4737
2025-08-06T13:32:31,11.8769,11.8902,11.8655,11.8674,609.8421
2025-08-06T13:32:32,11.8769,11.951,11.78,11.78,1624.3158
2025-08-06T13:32:33,11.8579,11.8788,11.8579,11.8788,1208.4737
2025-08-06T13:32:34,11.8807,11.951,11.8617,11.8921,731.9474
2025-08-06T13:32:35,11.951,12.0156,11.9054,11.97,680.7895
2025-08-06T13:32:36,11.9092,11.9092,11.8978,11.8978,859.1053
2025-08-06T13:32:37,11.9225,11.9491,11.9225,11.9491,486.2632
2025-08-06T13:32:38,11.9491,11.9491,11.9491,11.9491,105.9474
2025-08-06T13:32:39,11.9491,11.9491,11.9111,11.9111,19.0
2025-08-06T13:32:40,11.9491,11.951,11.9225,11.9225,172.6842
2025-08-06T13:32:41,11.9491,11.9681,11.9491,11.9491,839.4737
2025-08-06T13:32:42,11.9681,11.9681,11.951,11.951,485.8421
2025-08-06T13:32:43,11.9662,11.9662,11.9662,11.9662,819.5263
2025-08-06T13:32:44,11.951,11.9662,11.951,11.9624,95.3158
2025-08-06T13:32:45,11.9586,11.9662,11.9586,11.9662,58.1579
2025-08-06T13:32:46,11.9624,11.9681,11.9624,11.9681,68.4211
2025-08-06T13:32:47,11.9681,11.9681,11.9491,11.951,1004.7368
2025-08-06T13:32:48,11.9548,11.9681,11.9491,11.9681,1520.8421
2025-08-06T13:32:49,11.9491,11.9586,11.9206,11.9586,1469.4211
2025-08-06T13:32:50,11.9263,11.9491,11.913,11.9491,99.8421
2025-08-06T13:32:51,11.9472,11.9491,11.913,11.913,891.1579
2025-08-06T13:32:52,11.932,11.932,11.9073,11.913,430.5789
2025-08-06T13:32:54,11.9301,11.932,11.9111,11.913,31.1579
2025-08-06T13:32:55,11.913,11.913,11.9092,11.9092,171.0
2025-08-06T13:32:56,11.9073,11.9206,11.9073,11.9092,279.8421
2025-08-06T13:32:57,11.913,11.9206,11.8805,11.8805,1458.1579
2025-08-06T13:32:58,11.894,11.894,11.8769,11.8769,53.0
2025-08-06T13:32:59,11.8769,11.9073,11.8522,11.8788,1670.7368
2025-08-06T13:33:00,11.894,11.9054,11.8522,11.9016,1094.5263
2025-08-06T13:33:01,11.875,11.875,11.8123,11.8123,1221.3684
2025-08-06T13:33:02,11.8123,11.8427,11.78,11.7819,1487.2632
2025-08-06T13:33:03,11.78,11.78,11.7325,11.7658,392.4211
2025-08-06T13:33:04,11.7344,11.78,11.685,11.6869,3006.5789
2025-08-06T13:33:05,11.7325,11.7325,11.7306,11.7325,93.4737
2025-08-06T13:33:06,11.7325,11.7363,11.6926,11.6926,1881.2632
2025-08-06T13:33:07,11.7363,11.932,11.7363,11.932,2682.7895
2025-08-06T13:33:08,11.8674,11.8674,11.8674,11.8674,40.8947
2025-08-06T13:33:09,11.932,11.932,11.8978,11.8978,157.8947
2025-08-06T13:33:11,11.9301,11.9301,11.9301,11.9301,267.7895
2025-08-06T13:33:12,11.8674,11.932,11.8674,11.932,84.2105
2025-08-06T13:33:13,11.932,11.932,11.8674,11.8674,743.1053
2025-08-06T13:33:14,11.8978,12.0593,11.8807,12.0593,1426.8421
2025-08-06T13:33:15,11.9795,11.9795,11.932,11.9377,52.6316
2025-08-06T13:33:16,11.9624,12.0308,11.9624,12.0308,460.5263
2025-08-06T13:33:17,11.9681,11.9681,11.9206,11.9206,634.2632
2025-08-06T13:33:19,11.9263,11.9263,11.9263,11.9263,12.4211
2025-08-06T13:33:20,11.932,12.1372,11.9282,12.1372,2684.7895
2025-08-06T13:33:21,12.141,12.1543,11.9605,11.9966,512.6842
2025-08-06T13:33:22,12.1524,12.1524,12.0878,12.1448,634.2632
2025-08-06T13:33:23,11.9605,12.1467,11.9605,11.9605,598.4211
2025-08-06T13:33:24,11.97,12.0593,11.97,12.0593,445.6316
2025-08-06T13:33:25,12.0593,12.0593,11.9719,11.989,695.4211
2025-08-06T13:33:26,12.0403,12.0403,11.9814,11.9814,58.0
2025-08-06T13:33:27,12.0422,12.0422,12.0422,12.0422,168.6842
2025-08-06T13:33:28,12.0593,12.0593,12.0593,12.0593,73.6842
2025-08-06T13:33:29,12.0574,12.0574,12.0422,12.0517,2204.5263
2025-08-06T13:33:30,12.0593,12.0593,12.0156,12.0593,374.1579
2025-08-06T13:33:31,11.9966,12.141,11.9966,12.046,1598.8947
2025-08-06T13:33:32,12.046,12.141,12.046,12.0954,1220.6316
2025-08-06T13:33:33,12.0631,12.1391,12.0612,12.1391,442.2632
2025-08-06T13:33:34,12.065,12.1068,12.065,12.1068,236.7895
2025-08-06T13:33:35,12.1087,12.1524,12.1087,12.1467,478.4211
2025-08-06T13:33:36,12.1467,12.16,12.1277,12.1486,4667.5263
2025-08-06T13:33:37,12.1372,12.16,12.1372,12.16,1117.2632
2025-08-06T13:33:38,12.16,12.2227,12.1144,12.16,2396.5789
2025-08-06T13:33:39,12.1467,12.16,12.1391,12.1391,75.0
2025-08-06T13:33:40,12.1391,12.1391,12.1087,12.139,1779.4211
2025-08-06T13:33:41,12.1239,12.1391,12.0935,12.1163,654.4211
2025-08-06T13:33:42,12.1068,12.1182,12.0859,12.1011,1438.6316
2025-08-06T13:33:43,12.1011,12.1049,12.0631,12.0992,397.0
2025-08-06T13:33:44,12.0669,12.0669,12.0669,12.0669,8.4211
2025-08-06T13:33:46,12.0726,12.0802,12.0669,12.0801,65.6842
2025-08-06T13:33:47,12.0802,12.0802,12.0593,12.0612,498.5789
2025-08-06T13:33:48,12.0697,12.0783,12.0593,12.0783,191.6316
2025-08-06T13:33:49,12.0726,12.0726,12.0593,12.0726,75.5789
2025-08-06T13:33:50,12.0593,12.0726,12.0593,12.0726,104.2105
2025-08-06T13:33:51,12.0726,12.0726,12.0593,12.0726,615.0526
2025-08-06T13:33:53,12.0726,12.0726,12.065,12.065,129.3158
2025-08-06T13:33:54,12.0631,12.065,12.0631,12.065,49.0526
2025-08-06T13:33:55,12.0593,12.0593,11.9814,12.0593,561.8421
2025-08-06T13:33:56,12.0612,12.0612,12.0612,12.0612,26.8947
2025-08-06T13:33:57,12.0631,12.0631,12.0593,12.0593,755.4737
2025-08-06T13:33:58,12.0612,12.0631,12.0118,12.0118,428.7895
2025-08-06T13:34:00,12.0574,12.0593,11.9814,12.0593,305.5789
2025-08-06T13:34:01,11.9814,11.9814,11.9814,11.9814,12.6842
2025-08-06T13:34:02,12.0137,12.0137,11.9814,12.0128,255.4211
2025-08-06T13:34:03,11.9833,12.0441,11.9814,12.0441,51.3684
2025-08-06T13:34:04,12.0118,12.0118,11.9833,11.9833,108.0526
2025-08-06T13:34:05,11.9928,11.9928,11.9814,11.9814,52.6316
2025-08-06T13:34:07,11.9814,12.0061,11.9814,12.0061,325.0
2025-08-06T13:34:08,12.0289,12.0289,11.9814,11.9814,303.2632
2025-08-06T13:34:09,11.9814,12.0023,11.9814,12.0023,95.0526
2025-08-06T13:34:10,11.989,12.0593,11.9605,12.0593,2408.7895
2025-08-06T13:34:11,12.0593,12.0612,12.0357,12.0357,815.4737
2025-08-06T13:34:12,12.0156,12.0156,12.0156,12.0156,13.1579
2025-08-06T13:34:13,12.0593,12.065,12.0446,12.0631,1700.0
2025-08-06T13:34:14,12.0536,12.0612,12.0536,12.0593,196.0
2025-08-06T13:34:15,12.0612,12.0612,12.0593,12.0603,1515.4737
2025-08-06T13:34:16,12.0593,12.0631,12.0593,12.0603,230.8421
2025-08-06T13:34:17,12.0593,12.0612,12.0593,12.0593,217.7368
2025-08-06T13:34:18,12.0603,12.0612,12.0593,12.0612,641.1053
2025-08-06T13:34:19,12.0603,12.0603,12.0593,12.0593,46.2105
2025-08-06T13:34:20,12.0517,12.0517,12.0061,12.008,1038.5789
2025-08-06T13:34:21,12.028,12.028,11.9814,11.9833,998.7895
2025-08-06T13:34:22,11.9757,12.0175,11.9206,11.9757,2245.1579
2025-08-06T13:34:24,12.0194,12.0194,11.9225,11.9225,653.1579
2025-08-06T13:34:25,12.0156,12.0156,11.9852,11.9852,228.6842
2025-08-06T13:34:26,11.9681,11.9681,11.9149,11.9586,1082.2632
2025-08-06T13:34:28,11.9187,11.9187,11.9187,11.9187,24.1579
2025-08-06T13:34:30,11.9187,11.9187,11.9187,11.9187,27.8947
2025-08-06T13:34:32,11.9187,11.9187,11.9187,11.9187,29.7368
2025-08-06T13:34:33,11.9149,11.9149,11.9149,11.9149,276.1053
2025-08-06T13:34:34,11.9149,11.9168,11.9149,11.9149,139.3684
2025-08-06T13:34:35,11.9168,11.9168,11.8864,11.8864,111.0526
2025-08-06T13:34:37,11.9092,11.9168,11.9073,11.9168,51.2105
2025-08-06T13:34:38,11.9016,11.97,11.875,11.97,942.1579
2025-08-06T13:34:39,11.9719,11.9871,11.9719,11.9738,197.3158
2025-08-06T13:34:40,12.0023,12.0023,11.9719,11.9719,136.8421
2025-08-06T13:34:41,11.9871,11.9871,11.9871,11.9871,26.3158
2025-08-06T13:34:42,12.0023,12.0023,12.0023,12.0023,89.4737
2025-08-06T13:34:43,11.9852,11.9852,11.9776,11.9776,293.5789
2025-08-06T13:34:44,12.0023,12.0612,12.0023,12.0612,1147.4737
2025-08-06T13:34:46,12.0536,12.0536,12.0536,12.0536,124.7368
2025-08-06T13:34:47,12.0593,12.16,12.0593,12.16,2527.0526
2025-08-06T13:34:48,12.1638,12.1923,12.1258,12.1258,1200.6316
2025-08-06T13:34:49,12.1239,12.1239,12.1239,12.1239,1343.4211
2025-08-06T13:34:50,12.16,12.179,12.0593,12.0612,204.6316
2025-08-06T13:34:51,12.0612,12.0612,12.0612,12.0612,21.0526
2025-08-06T13:34:52,12.0612,12.1154,12.0612,12.0745,111.4211
2025-08-06T13:34:53,12.0878,12.1163,12.0878,12.1163,130.8947
2025-08-06T13:34:54,12.065,12.065,12.065,12.065,26.5789
2025-08-06T13:34:55,12.1163,12.1676,12.0707,12.0745,336.3158
2025-08-06T13:34:56,12.1201,12.1657,12.1201,12.1505,785.1053
2025-08-06T13:34:57,12.1087,12.1087,12.1087,12.1087,13.4211
2025-08-06T13:34:58,12.1448,12.1467,12.0802,12.1467,592.9474
2025-08-06T13:34:59,12.1315,12.1676,12.1274,12.1676,1187.3158
2025-08-06T13:35:00,12.1277,12.141,12.0859,12.0878,357.3158
2025-08-06T13:35:01,12.1201,12.1277,12.0612,12.0783,1610.0
2025-08-06T13:35:02,12.0631,12.122,12.0631,12.0726,505.3684
2025-08-06T13:35:03,12.0745,12.1201,11.97,12.1049,2427.9474
2025-08-06T13:35:04,12.0593,12.122,12.0593,12.1201,257.8947
2025-08-06T13:35:05,12.065,12.1106,12.065,12.1106,3852.6316
2025-08-06T13:35:06,12.0878,12.0878,12.0869,12.0869,103.0
2025-08-06T13:35:07,12.0631,12.0992,12.0042,12.0992,382.0
2025-08-06T13:35:08,12.0422,12.0431,12.0422,12.0431,64.2105
2025-08-06T13:35:09,12.0118,12.0118,12.0118,12.0118,51.0
2025-08-06T13:35:10,12.0764,12.0764,12.0612,12.0764,588.0526
2025-08-06T13:35:11,12.0745,12.0745,12.0612,12.0612,199.2632
2025-08-06T13:35:12,12.0612,12.0612,11.97,11.97,1458.3684
2025-08-06T13:35:13,12.0099,12.0118,11.9719,12.0099,197.9474
2025-08-06T13:35:14,11.9719,11.9719,11.97,11.9719,203.0526
2025-08-06T13:35:15,11.9719,11.9719,11.97,11.97,557.8947
2025-08-06T13:35:16,11.9757,11.9776,11.97,11.9776,1064.7368
2025-08-06T13:35:17,11.9928,11.9928,11.9928,11.9928,31.3684
2025-08-06T13:35:18,11.97,11.97,11.949,11.9491,874.0526
2025-08-06T13:35:19,11.9491,12.0631,11.9358,12.0631,1088.4211
2025-08-06T13:35:20,12.0118,12.0593,12.0118,12.0118,119.0
2025-08-06T13:35:21,12.0593,12.0593,12.0118,12.0118,347.3684
2025-08-06T13:35:22,12.0137,12.0593,12.0118,12.0593,44.2105
2025-08-06T13:35:24,12.0593,12.0593,12.0175,12.0175,52.9474
2025-08-06T13:35:25,12.0175,12.0175,12.0175,12.0175,820.0
2025-08-06T13:35:26,12.0194,12.0194,12.0194,12.0194,113.0526
2025-08-06T13:35:27,12.0384,12.0384,12.0289,12.0289,13.2632
2025-08-06T13:35:28,12.0118,12.0213,12.0118,12.0213,345.6316
2025-08-06T13:35:29,12.0175,12.0175,12.0175,12.0175,11.6842
2025-08-06T13:35:31,12.0137,12.0188,12.0118,12.0118,345.6842
2025-08-06T13:35:33,12.0118,12.0194,11.97,11.97,1519.8947
2025-08-06T13:35:34,11.97,11.97,11.97,11.97,1315.7895
2025-08-06T13:35:35,11.97,11.9719,11.97,11.97,144.9474
2025-08-06T13:35:39,12.0042,12.0042,12.0042,12.0042,315.8947
2025-08-06T13:35:40,11.9719,11.9719,11.875,11.875,4525.6316
2025-08-06T13:35:41,11.875,11.9007,11.875,11.8997,378.0
2025-08-06T13:35:42,11.9244,11.9244,11.9244,11.9244,30.4211
2025-08-06T13:35:43,11.9263,11.9263,11.9263,11.9263,26.3684
2025-08-06T13:35:44,11.9244,11.9244,11.9244,11.9244,10.5263
2025-08-06T13:35:45,11.8864,11.8978,11.8769,11.8769,163.0
2025-08-06T13:35:47,11.8769,11.97,11.875,11.9698,712.6316
2025-08-06T13:35:48,11.8807,11.9681,11.8807,11.9263,1163.7895
2025-08-06T13:35:49,11.8807,11.8807,11.8807,11.8807,118.4737
2025-08-06T13:35:50,11.9681,11.9681,11.8807,11.8807,141.2632
2025-08-06T13:35:51,11.9263,11.9263,11.9263,11.9263,135.2632
2025-08-06T13:35:52,11.8826,11.8826,11.8826,11.8826,201.0
2025-08-06T13:35:53,11.8807,11.9263,11.8807,11.9263,92.8947
2025-08-06T13:35:55,11.9206,11.9206,11.9187,11.9187,31.5789
2025-08-06T13:35:56,11.8807,11.9187,11.8807,11.9187,71.1579
2025-08-06T13:35:57,11.8845,11.8845,11.8845,11.8845,52.6316
2025-08-06T13:35:58,11.9206,11.9206,11.9206,11.9206,26.3158
2025-08-06T13:35:59,11.8845,11.9187,11.8845,11.8864,765.6842
2025-08-06T13:36:00,11.9187,11.9187,11.9054,11.9054,25.4211
2025-08-06T13:36:01,11.9206,11.9206,11.9206,11.9206,42.7368
2025-08-06T13:36:02,11.8826,11.9054,11.8826,11.894,401.2632
2025-08-06T13:36:03,11.894,11.9054,11.8826,11.9054,215.3158
2025-08-06T13:36:04,11.8921,11.9054,11.8864,11.8959,1123.1579
2025-08-06T13:36:05,11.894,11.894,11.894,11.894,75.8421
2025-08-06T13:36:06,11.8949,11.8949,11.894,11.894,49.2632
2025-08-06T13:36:08,11.894,11.894,11.894,11.894,57.7368
2025-08-06T13:36:09,11.8959,11.9016,11.894,11.9016,347.0
2025-08-06T13:36:10,11.8864,11.894,11.8674,11.8693,2383.0526
2025-08-06T13:36:11,11.8693,11.8731,11.8066,11.8085,1325.3158
2025-08-06T13:36:12,11.8066,11.8712,11.7838,11.8712,831.0526
2025-08-06T13:36:13,11.7838,11.8712,11.7838,11.8712,308.0
2025-08-06T13:36:14,11.7838,11.8275,11.7838,11.7857,348.4211
2025-08-06T13:36:15,11.8066,11.8066,11.78,11.78,313.1579
2025-08-06T13:36:16,11.8085,11.8712,11.78,11.78,1897.8421
2025-08-06T13:36:17,11.7686,11.78,11.7686,11.78,38.4211
2025-08-06T13:36:18,11.7781,11.7781,11.742,11.761,571.2632
2025-08-06T13:36:19,11.7667,11.7667,11.742,11.7648,80.6316
2025-08-06T13:36:20,11.7439,11.7667,11.742,11.7667,174.7368
2025-08-06T13:36:21,11.7648,11.7648,11.7534,11.7648,391.2105
2025-08-06T13:36:22,11.7667,11.7667,11.742,11.7439,810.7895
2025-08-06T13:36:23,11.7544,11.7667,11.7439,11.7667,461.2632
2025-08-06T13:36:24,11.7439,11.7648,11.742,11.7648,1459.0
2025-08-06T13:36:25,11.7629,11.7629,11.742,11.742,369.6316
2025-08-06T13:36:26,11.7553,11.7553,11.7553,11.7553,38.3684
2025-08-06T13:36:27,11.761,11.7648,11.7553,11.7648,381.2632
2025-08-06T13:36:29,11.7648,11.7648,11.7553,11.7553,119.4211
2025-08-06T13:36:30,11.7601,11.7601,11.7601,11.7601,5.2632
2025-08-06T13:36:31,11.7648,11.7648,11.742,11.7648,714.6842
2025-08-06T13:36:32,11.7667,11.8541,11.7667,11.8541,1385.5789
2025-08-06T13:36:33,11.8085,11.856,11.8085,11.8541,1395.2632
2025-08-06T13:36:34,11.8332,11.8332,11.8332,11.8332,368.4211
2025-08-06T13:36:36,11.8294,11.856,11.8142,11.856,146.6316
2025-08-06T13:36:37,11.8161,11.8161,11.8161,11.8161,122.7368
2025-08-06T13:36:38,11.8332,11.8332,11.8332,11.8332,96.1053
2025-08-06T13:36:39,11.8199,11.8199,11.8085,11.8085,615.9474
2025-08-06T13:36:40,11.8313,11.8313,11.8085,11.8085,123.7368
2025-08-06T13:36:41,11.8332,11.8332,11.8313,11.8332,105.2632
2025-08-06T13:36:42,11.8199,11.8199,11.8066,11.8199,232.5263
2025-08-06T13:36:43,11.8123,11.8123,11.8123,11.8123,32.5789
2025-08-06T13:36:44,11.818,11.818,11.7819,11.8161,757.7895
2025-08-06T13:36:45,11.7819,11.7819,11.78,11.78,992.3158
2025-08-06T13:36:46,11.78,11.8142,11.78,11.799,1779.0
2025-08-06T13:36:47,11.78,11.78,11.78,11.78,6.5789
2025-08-06T13:36:48,11.7819,11.7819,11.7819,11.7819,15.2105
2025-08-06T13:36:49,11.78,11.78,11.78,11.78,54.8421
2025-08-06T13:36:50,11.78,11.78,11.78,11.78,35.3684
2025-08-06T13:36:51,11.7819,11.7819,11.78,11.78,30.7895
2025-08-06T13:36:52,11.78,11.78,11.78,11.78,26.3158
2025-08-06T13:36:53,11.78,11.7819,11.78,11.7819,261.9474
2025-08-06T13:36:54,11.7819,11.7819,11.78,11.78,283.2632
2025-08-06T13:36:55,11.78,11.78,11.78,11.78,48.9474
2025-08-06T13:36:56,11.7819,11.7819,11.7819,11.7819,30.1579
2025-08-06T13:36:57,11.78,11.7819,11.78,11.7819,321.2105
2025-08-06T13:36:58,11.78,11.78,11.78,11.78,368.4211
2025-08-06T13:36:59,11.78,11.78,11.78,11.78,27.8421
2025-08-06T13:37:00,11.78,11.78,11.78,11.78,121.1579
2025-08-06T13:37:01,11.78,11.7819,11.78,11.78,132.2105
2025-08-06T13:37:02,11.78,11.78,11.7667,11.7798,196.0526
2025-08-06T13:37:03,11.7648,11.7648,11.6964,11.7287,481.0
2025-08-06T13:37:04,11.7648,11.7648,11.6128,11.6128,1149.5263
2025-08-06T13:37:05,11.6128,11.7838,11.6128,11.7553,3632.0
2025-08-06T13:37:06,11.7838,11.7895,11.7838,11.7895,3177.1579
2025-08-06T13:37:07,11.7971,11.856,11.7857,11.8323,1970.5263
2025-08-06T13:37:08,11.8617,11.875,11.8009,11.875,957.1053
2025-08-06T13:37:09,11.875,11.97,11.875,11.9244,3622.6316
2025-08-06T13:37:10,11.9681,11.9681,11.9681,11.9681,105.2632
2025-08-06T13:37:11,11.97,11.97,11.9681,11.9681,36.8421
2025-08-06T13:37:12,11.9681,11.97,11.894,11.9111,1768.5263
2025-08-06T13:37:13,11.97,11.97,11.9681,11.9681,69.6842
2025-08-06T13:37:14,11.9681,11.9681,11.9681,11.9681,24.8421
2025-08-06T13:37:15,11.9187,11.9187,11.9187,11.9187,10.3158
2025-08-06T13:37:16,11.8522,11.9073,11.8503,11.9073,386.8421
2025-08-06T13:37:17,11.9605,11.9624,11.8522,11.8522,220.6842
2025-08-06T13:37:18,11.9624,11.9624,11.8503,11.8503,642.1053
2025-08-06T13:37:19,11.9624,11.9624,11.96,11.96,141.7895
2025-08-06T13:37:21,11.9092,11.9092,11.9092,11.9092,5.2632
2025-08-06T13:37:22,11.9092,11.9092,11.9092,11.9092,12.0526
2025-08-06T13:37:23,11.951,11.951,11.951,11.951,22.3158
2025-08-06T13:37:24,11.9301,11.9491,11.9301,11.9491,19.5789
2025-08-06T13:37:25,11.9092,11.9396,11.9092,11.9396,61.6842
2025-08-06T13:37:26,11.9491,11.9491,11.913,11.9301,98.7895
2025-08-06T13:37:27,11.9301,11.9491,11.9301,11.9491,426.8947
2025-08-06T13:37:28,11.9301,11.9301,11.9111,11.9111,268.1053
2025-08-06T13:37:30,11.9301,11.932,11.9225,11.932,159.5263
2025-08-06T13:37:32,11.9301,11.9491,11.9282,11.9491,736.7368
2025-08-06T13:37:33,11.9418,11.9437,11.9225,11.9225,506.3158
2025-08-06T13:37:34,11.9339,11.951,11.9301,11.951,1001.1053
2025-08-06T13:37:35,11.9605,12.0992,11.9515,12.0992,1487.2632
2025-08-06T13:37:36,12.0992,12.16,12.0694,12.1441,4140.1053
2025-08-06T13:37:37,12.1163,12.16,12.1163,12.16,2156.7368
2025-08-06T13:37:38,12.1676,12.2227,12.16,12.1866,2373.4737
2025-08-06T13:37:39,12.1885,12.2645,12.188,12.255,4229.1053
2025-08-06T13:37:40,12.2094,12.2645,12.2094,12.2094,294.8947
2025-08-06T13:37:41,12.2094,12.3329,12.2094,12.3063,1449.6316
2025-08-06T13:37:42,12.2683,12.2854,12.255,12.2569,829.3158
2025-08-06T13:37:43,12.2113,12.2569,12.2075,12.2075,2690.8947
2025-08-06T13:37:44,12.1999,12.1999,12.1163,12.1163,1582.4211
2025-08-06T13:37:45,12.141,12.198,12.0728,12.0728,161.3158
2025-08-06T13:37:46,12.1401,12.2075,12.1401,12.2075,578.1053
2025-08-06T13:37:47,12.0935,12.198,12.0935,12.16,225.0526
2025-08-06T13:37:48,12.16,12.179,12.16,12.179,130.7895
2025-08-06T13:37:49,12.198,12.198,12.16,12.1752,486.4211
2025-08-06T13:37:50,12.198,12.198,12.1714,12.1714,205.7895
2025-08-06T13:37:51,12.2075,12.2113,12.2056,12.2113,974.1579
2025-08-06T13:37:52,12.2075,12.2474,12.2075,12.2474,278.3158
2025-08-06T13:37:53,12.2493,12.2664,12.2094,12.2417,1296.8421
2025-08-06T13:37:54,12.2645,12.2645,12.2113,12.2235,1525.0526
2025-08-06T13:37:55,12.2113,12.2113,12.0726,12.1258,2977.4737
2025-08-06T13:37:56,12.1258,12.1258,12.0137,12.0156,647.5263
2025-08-06T13:37:57,12.0707,12.122,12.0384,12.0384,271.1579
2025-08-06T13:37:58,12.1239,12.1239,12.0925,12.122,160.7368
2025-08-06T13:37:59,12.1467,12.1467,12.1467,12.1467,56.3158
2025-08-06T13:38:00,12.122,12.16,12.122,12.1581,399.2105
2025-08-06T13:38:01,12.1429,12.2094,12.1429,12.1581,1001.8947
2025-08-06T13:38:02,12.1828,12.2208,12.1258,12.2208,331.6316
2025-08-06T13:38:03,12.1429,12.2664,12.1429,12.2227,1387.8421
2025-08-06T13:38:04,12.2189,12.2531,12.1619,12.2455,297.6842
2025-08-06T13:38:05,12.1885,12.2189,12.1885,12.2189,198.9474
2025-08-06T13:38:06,12.2455,12.2474,12.2208,12.2474,126.1053
2025-08-06T13:38:07,12.228,12.255,12.2189,12.2189,2137.4737
2025-08-06T13:38:08,12.255,12.3063,12.2208,12.3044,2609.2632
2025-08-06T13:38:09,12.2702,12.3063,12.2702,12.3044,510.2632
2025-08-06T13:38:10,12.3044,12.3063,12.2683,12.2883,595.4737
2025-08-06T13:38:11,12.2721,12.3044,12.2721,12.2721,150.2105
2025-08-06T13:38:12,12.3036,12.3044,12.2474,12.2892,942.0526
2025-08-06T13:38:13,12.2493,12.2911,12.2493,12.2524,645.4211
2025-08-06T13:38:14,12.2721,12.274,12.2721,12.2721,616.0526
2025-08-06T13:38:15,12.2721,12.2721,12.2474,12.2607,585.5789
2025-08-06T13:38:16,12.2721,12.274,12.2474,12.2626,494.4737
2025-08-06T13:38:17,12.2569,12.2569,12.2531,12.2569,79.1053
2025-08-06T13:38:18,12.255,12.2588,12.2531,12.2588,374.0
2025-08-06T13:38:19,12.2531,12.255,12.2455,12.255,747.9474
2025-08-06T13:38:20,12.2502,12.2512,12.2455,12.2455,543.7895
2025-08-06T13:38:21,12.2455,12.2455,12.2227,12.2402,636.8421
2025-08-06T13:38:22,12.2322,12.2322,12.2322,12.2322,77.4737
2025-08-06T13:38:23,12.236,12.236,12.2208,12.2208,468.0
2025-08-06T13:38:24,12.2208,12.2218,12.2018,12.2208,282.6842
2025-08-06T13:38:25,12.198,12.2189,12.1828,12.2189,345.6316
2025-08-06T13:38:26,12.217,12.2189,12.1828,12.2008,215.3684
2025-08-06T13:38:28,12.2094,12.217,12.2018,12.2018,102.6842
2025-08-06T13:38:29,12.2094,12.2151,12.2018,12.2018,822.3684
2025-08-06T13:38:30,12.2094,12.2094,12.1828,12.1999,407.5789
2025-08-06T13:38:31,12.1999,12.1999,12.1999,12.1999,816.3684
2025-08-06T13:38:33,12.2094,12.217,12.198,12.1999,550.7368
2025-08-06T13:38:34,12.198,12.217,12.1828,12.217,1116.5789
2025-08-06T13:38:35,12.1999,12.1999,11.9491,12.0403,5038.9474
2025-08-06T13:38:36,12.0403,12.1467,12.0023,12.0023,466.6842
2025-08-06T13:38:37,12.0555,12.141,12.0403,12.1391,820.3684
2025-08-06T13:38:38,12.0916,12.1408,12.0403,12.0897,960.2632
2025-08-06T13:38:39,12.0422,12.0859,12.0422,12.0859,82.7895
2025-08-06T13:38:40,12.1353,12.1353,12.1353,12.1353,13.6316
2025-08-06T13:38:41,12.0422,12.103,12.0422,12.103,25.4737
2025-08-06T13:38:42,12.1353,12.1353,12.0954,12.0954,402.0526
2025-08-06T13:38:43,12.1353,12.1353,12.0764,12.0764,57.8421
2025-08-06T13:38:44,12.0783,12.1353,12.0783,12.0783,147.6316
2025-08-06T13:38:45,12.1353,12.1353,12.1334,12.1334,111.8421
2025-08-06T13:38:46,12.1334,12.1353,12.0783,12.1353,229.2632
2025-08-06T13:38:47,12.0821,12.0821,12.0821,12.0821,33.3158
2025-08-06T13:38:49,12.0973,12.0973,12.0973,12.0973,5.2632
2025-08-06T13:38:50,12.1106,12.1106,12.1106,12.1106,9.4737
2025-08-06T13:38:52,12.0821,12.0821,12.0688,12.0688,75.6316
2025-08-06T13:38:53,12.046,12.0726,12.046,12.0726,480.3158
2025-08-06T13:38:54,12.0441,12.103,12.0441,12.103,112.2632
2025-08-06T13:38:56,12.0812,12.0973,12.0812,12.0954,49.2105
2025-08-06T13:38:58,12.0973,12.0973,12.0973,12.0973,200.0
2025-08-06T13:38:59,12.084,12.0954,12.084,12.0954,44.7368
2025-08-06T13:39:01,12.0954,12.0973,12.0954,12.0973,31.7368
2025-08-06T13:39:02,12.0954,12.0954,12.0821,12.0821,105.4737
2025-08-06T13:39:03,12.0726,12.0821,12.0726,12.0821,13.8947
2025-08-06T13:39:04,12.0726,12.0745,12.0327,12.0403,436.4211
2025-08-06T13:39:05,12.0213,12.0213,11.989,11.989,1581.4211
2025-08-06T13:39:06,11.989,11.989,11.989,11.989,13.2632
2025-08-06T13:39:07,12.0137,12.0137,12.0137,12.0137,25.0
2025-08-06T13:39:08,12.0137,12.0137,12.0137,12.0137,49.4211
2025-08-06T13:39:09,12.0099,12.0099,12.0099,12.0099,207.3158
2025-08-06T13:39:10,11.989,11.989,11.989,11.989,18.3684
2025-08-06T13:39:11,11.989,11.989,11.9491,11.9681,380.8421
2025-08-06T13:39:12,11.97,11.97,11.9377,11.9434,844.2632
2025-08-06T13:39:13,11.97,11.97,11.9453,11.9567,25.1579
2025-08-06T13:39:14,11.9472,11.97,11.9472,11.97,338.4211
2025-08-06T13:39:15,11.97,12.0308,11.9567,12.0308,1871.7368
2025-08-06T13:39:16,12.0308,12.0859,11.9757,11.9757,35.0
2025-08-06T13:39:17,12.0745,12.0859,11.989,12.008,1568.6842
2025-08-06T13:39:18,11.9871,11.9871,11.9871,11.9871,28.3684
2025-08-06T13:39:19,11.9852,12.16,11.9852,12.16,1083.7368
2025-08-06T13:39:20,12.16,12.1828,12.16,12.1828,1316.8421
2025-08-06T13:39:21,12.0897,12.1809,12.0897,12.0916,116.0
2025-08-06T13:39:22,12.0897,12.0916,12.0897,12.0916,91.9474
2025-08-06T13:39:23,12.1581,12.1581,12.1581,12.1581,10.4211
2025-08-06T13:39:24,12.1581,12.1581,12.0897,12.0897,34.3158
2025-08-06T13:39:25,12.1258,12.1828,12.1258,12.1828,605.7368
2025-08-06T13:39:26,12.1505,12.1505,12.0954,12.0954,751.2632
2025-08-06T13:39:27,12.1505,12.2645,12.1505,12.2246,2757.2105
2025-08-06T13:39:28,12.2645,12.2645,12.2246,12.2246,339.7895
2025-08-06T13:39:29,12.2259,12.3234,12.2259,12.3234,1183.6842
2025-08-06T13:39:30,12.3234,12.3234,12.2635,12.2645,566.0
2025-08-06T13:39:31,12.2626,12.2645,12.2626,12.2645,599.1579
2025-08-06T13:39:32,12.3234,12.3272,12.2664,12.3269,1685.4737
2025-08-06T13:39:33,12.3234,12.3234,12.2683,12.3196,517.6842
2025-08-06T13:39:34,12.3272,12.3329,12.2702,12.2721,2583.4211
2025-08-06T13:39:35,12.3063,12.3234,12.3063,12.3234,24.5789
2025-08-06T13:39:36,12.3196,12.35,12.3196,12.3234,2802.7895
2025-08-06T13:39:37,12.2949,12.3462,12.2949,12.3044,1323.5789
2025-08-06T13:39:38,12.313,12.35,12.313,12.35,1247.2632
2025-08-06T13:39:39,12.3481,12.35,12.3253,12.3481,1549.1053
2025-08-06T13:39:40,12.3367,12.35,12.3272,12.3386,3376.5789
2025-08-06T13:39:41,12.35,12.35,12.3234,12.3339,3007.3158
2025-08-06T13:39:42,12.3234,12.35,12.3234,12.3395,5886.9474
2025-08-06T13:39:43,12.3386,12.3481,12.3386,12.3481,533.3158
2025-08-06T13:39:44,12.3481,12.3481,12.3196,12.3196,1233.6842
2025-08-06T13:39:45,12.3044,12.3234,12.3025,12.3025,1057.0526
2025-08-06T13:39:46,12.3234,12.3234,12.2816,12.3006,2758.5263
2025-08-06T13:39:47,12.3139,12.3139,12.2607,12.2607,660.8421
2025-08-06T13:39:48,12.2968,12.2968,12.2702,12.2721,616.7895
2025-08-06T13:39:49,12.2702,12.274,12.2702,12.274,167.7895
2025-08-06T13:39:50,12.274,12.2911,12.1657,12.2702,1576.0
2025-08-06T13:39:51,12.2721,12.2721,12.2265,12.2265,380.8947
2025-08-06T13:39:52,12.2531,12.2702,12.2531,12.2702,53.8421
2025-08-06T13:39:53,12.2721,12.2721,12.2417,12.2417,176.2105
2025-08-06T13:39:54,12.2417,12.2417,12.2417,12.2417,111.0526
2025-08-06T13:39:55,12.2588,12.2588,12.2588,12.2588,16.6842
2025-08-06T13:39:56,12.2607,12.2607,12.2227,12.2227,221.7895
2025-08-06T13:39:57,12.2341,12.35,12.2341,12.35,2774.1579
2025-08-06T13:39:58,12.3158,12.35,12.3158,12.35,2294.0
2025-08-06T13:39:59,12.35,12.35,12.3158,12.3158,148.7368
2025-08-06T13:40:00,12.3481,12.3481,12.3177,12.3177,41.0
2025-08-06T13:40:01,12.3329,12.3481,12.2911,12.2911,861.5789
2025-08-06T13:40:02,12.2721,12.3196,12.2721,12.2721,1022.2105
2025-08-06T13:40:03,12.2664,12.274,12.2417,12.274,238.2632
2025-08-06T13:40:04,12.274,12.3177,12.2455,12.3177,1150.7368
2025-08-06T13:40:05,12.3196,12.35,12.3177,12.3481,2318.1053
2025-08-06T13:40:06,12.35,12.35,12.3462,12.35,983.5263
2025-08-06T13:40:07,12.3462,12.35,12.3462,12.35,1904.5789
2025-08-06T13:40:08,12.3424,12.35,12.3424,12.35,3406.8947
2025-08-06T13:40:09,12.3424,12.35,12.3424,12.3481,2366.0526
2025-08-06T13:40:10,12.3481,12.35,12.3481,12.3481,1934.7368
2025-08-06T13:40:11,12.35,12.35,12.2968,12.2968,932.3158
2025-08-06T13:40:12,12.2797,12.3424,12.274,12.274,3118.2105
2025-08-06T13:40:13,12.2968,12.2968,12.0099,12.16,5259.8947
2025-08-06T13:40:14,12.084,12.2132,12.0289,12.1239,1374.6316
2025-08-06T13:40:15,12.122,12.2075,12.1211,12.2056,1401.3158
2025-08-06T13:40:16,12.1961,12.2797,12.0441,12.1847,1012.2632
2025-08-06T13:40:17,12.2303,12.2322,12.1847,12.1866,336.8421
2025-08-06T13:40:18,12.2284,12.2284,12.1847,12.2056,860.2632
2025-08-06T13:40:19,12.1847,12.2246,12.1847,12.2227,614.8947
2025-08-06T13:40:20,12.1847,12.2227,12.1847,12.2227,265.5263
2025-08-06T13:40:21,12.2208,12.2208,12.1866,12.1866,541.8947
2025-08-06T13:40:22,12.2037,12.2398,12.1847,12.1847,493.8947
2025-08-06T13:40:23,12.2227,12.2265,12.179,12.2151,2348.4211
2025-08-06T13:40:24,12.217,12.2417,12.1638,12.217,1014.4211
2025-08-06T13:40:25,12.2037,12.2759,12.2037,12.2759,748.6316
2025-08-06T13:40:26,12.2178,12.2759,12.216,12.2759,1003.9474
2025-08-06T13:40:27,12.2645,12.3025,12.2645,12.2683,1035.3158
2025-08-06T13:40:28,12.3006,12.3006,12.2702,12.3006,550.0526
2025-08-06T13:40:29,12.2379,12.3025,12.2379,12.3025,35.9474
2025-08-06T13:40:30,12.2398,12.2436,12.2398,12.2436,373.5789
2025-08-06T13:40:31,12.2436,12.2911,12.2436,12.2455,186.2632
2025-08-06T13:40:32,12.2455,12.2455,12.2436,12.2455,240.6842
2025-08-06T13:40:33,12.2436,12.2436,12.16,12.16,1523.5789
2025-08-06T13:40:34,12.16,12.1695,12.1125,12.1695,837.1579
2025-08-06T13:40:35,12.1391,12.141,12.1391,12.141,1426.2632
2025-08-06T13:40:36,12.1524,12.16,12.0688,12.0688,1273.8947
2025-08-06T13:40:37,12.1524,12.1524,12.0973,12.0973,291.4211
2025-08-06T13:40:38,12.0688,12.0973,12.065,12.0973,712.4211
2025-08-06T13:40:39,12.0631,12.0707,12.0593,12.0612,906.6842
2025-08-06T13:40:40,12.0593,12.0916,12.0327,12.0802,492.3684
2025-08-06T13:40:41,12.0802,12.0916,12.0802,12.0916,947.0
2025-08-06T13:40:42,12.0707,12.0878,12.0707,12.0878,44.0526
2025-08-06T13:40:43,12.0992,12.1543,12.0963,12.1543,2015.7895
2025-08-06T13:40:44,12.1486,12.1486,12.1486,12.1486,316.1053
2025-08-06T13:40:45,12.1391,12.179,12.122,12.122,1010.2632
2025-08-06T13:40:46,12.2322,12.2322,12.1781,12.1781,131.1053
2025-08-06T13:40:47,12.1543,12.2322,12.1239,12.1239,143.0
2025-08-06T13:40:48,12.16,12.16,12.16,12.16,29.8947
2025-08-06T13:40:49,12.2322,12.2322,12.2322,12.2322,89.8421
2025-08-06T13:40:50,12.1657,12.198,12.1657,12.198,116.8421
2025-08-06T13:40:51,12.2322,12.2322,12.2322,12.2322,36.8421
2025-08-06T13:40:52,12.1657,12.1657,12.0878,12.1087,2478.9474
2025-08-06T13:40:53,12.0707,12.1087,12.0707,12.1087,709.7368
2025-08-06T13:40:54,12.0973,12.1182,12.0878,12.1087,695.8421
2025-08-06T13:40:55,12.1961,12.1961,12.1258,12.1258,84.2105
2025-08-06T13:40:56,12.0878,12.0916,12.0878,12.0916,20.9474
2025-08-06T13:40:57,12.0897,12.1106,12.0897,12.1106,52.0
2025-08-06T13:40:58,12.1961,12.1961,12.1961,12.1961,46.7368
2025-08-06T13:40:59,12.1809,12.1809,12.1619,12.1619,302.6316
2025-08-06T13:41:00,12.2018,12.2018,12.2018,12.2018,526.3158
2025-08-06T13:41:01,12.1809,12.1942,12.1809,12.1942,17.6842
2025-08-06T13:41:02,12.1809,12.1809,12.1809,12.1809,11.8421
2025-08-06T13:41:03,12.1961,12.1961,12.16,12.16,355.7368
2025-08-06T13:41:04,12.16,12.1602,12.16,12.16,476.0
2025-08-06T13:41:05,12.1771,12.1771,12.065,12.065,1185.1579
2025-08-06T13:41:06,12.065,12.084,12.065,12.084,201.7895
2025-08-06T13:41:07,12.1011,12.1125,12.0954,12.1125,395.4737
2025-08-06T13:41:08,12.1106,12.1106,12.1106,12.1106,36.0
2025-08-06T13:41:11,12.1087,12.1087,12.1087,12.1087,504.2632
2025-08-06T13:41:12,12.1106,12.179,12.1106,12.179,210.5263
2025-08-06T13:41:13,12.179,12.179,12.179,12.179,19.8947
2025-08-06T13:41:15,12.1144,12.1144,12.1144,12.1144,25.1053
2025-08-06T13:41:16,12.1334,12.1543,12.1334,12.1543,51.5263
2025-08-06T13:41:17,12.1524,12.1524,12.1524,12.1524,5.2632
2025-08-06T13:41:20,12.1334,12.141,12.1125,12.1125,63.1579
2025-08-06T13:41:21,12.1125,12.1503,12.1125,12.1144,530.2632
2025-08-06T13:41:23,12.1524,12.1524,12.1524,12.1524,200.1053
2025-08-06T13:41:24,12.1524,12.1562,12.1429,12.1524,911.4211
2025-08-06T13:41:25,12.1505,12.1505,12.1439,12.1439,10.5263
2025-08-06T13:41:26,12.141,12.179,12.1391,12.1771,660.1579
2025-08-06T13:41:27,12.1239,12.1239,12.1239,12.1239,506.6842
2025-08-06T13:41:28,12.141,12.141,12.1353,12.1391,157.1053
2025-08-06T13:41:29,12.1353,12.1353,12.1353,12.1353,18.7368
2025-08-06T13:41:30,12.141,12.141,12.141,12.141,8.6842
2025-08-06T13:41:31,12.122,12.2227,12.122,12.2227,770.0526
2025-08-06T13:41:33,12.1714,12.2208,12.1714,12.2037,833.0
2025-08-06T13:41:34,12.1866,12.1866,12.1695,12.1714,70.4211
2025-08-06T13:41:35,12.1695,12.1714,12.16,12.16,585.7368
2025-08-06T13:41:36,12.1581,12.1581,12.1581,12.1581,160.5263
2025-08-06T13:41:38,12.1581,12.1581,12.1581,12.1581,38.8421
2025-08-06T13:41:39,12.1581,12.1581,12.141,12.141,108.1579
2025-08-06T13:41:40,12.141,12.1467,12.141,12.141,1091.6316
2025-08-06T13:41:41,12.141,12.141,12.1106,12.122,1093.0
2025-08-06T13:41:42,12.1315,12.1315,12.0764,12.0764,473.4737
2025-08-06T13:41:43,12.0745,12.1125,12.0707,12.0726,811.1053
2025-08-06T13:41:44,12.1068,12.1125,12.1068,12.1106,170.4737
2025-08-06T13:41:45,12.1448,12.1448,12.1182,12.1315,266.3684
2025-08-06T13:41:46,12.1562,12.1562,12.1315,12.1315,73.6842
2025-08-06T13:41:47,12.1068,12.1068,12.1068,12.1068,20.4211
2025-08-06T13:41:48,12.1562,12.1562,12.1562,12.1562,500.2632
2025-08-06T13:41:51,12.1391,12.1429,12.1391,12.1429,171.2632
2025-08-06T13:41:52,12.1429,12.1429,12.1315,12.1315,37.8421
2025-08-06T13:41:54,12.1315,12.1334,12.103,12.1334,805.0
2025-08-06T13:41:55,12.1011,12.1011,12.1011,12.1011,38.5263
2025-08-06T13:41:56,12.0745,12.1068,12.0745,12.1068,771.3158
2025-08-06T13:41:57,12.1049,12.1049,12.1049,12.1049,8.5789
2025-08-06T13:41:58,12.1049,12.1049,12.0764,12.0764,24.7368
2025-08-06T13:41:59,12.1049,12.1049,12.1049,12.1049,12.6316
2025-08-06T13:42:00,12.103,12.103,12.103,12.103,315.7895
2025-08-06T13:42:01,12.0745,12.103,12.0745,12.103,165.6842
2025-08-06T13:42:02,12.103,12.1049,12.0745,12.0745,846.4211
2025-08-06T13:42:03,12.0767,12.1049,12.0748,12.1049,464.4211
2025-08-06T13:42:04,12.103,12.103,12.103,12.103,11.5789
2025-08-06T13:42:06,12.1049,12.1049,12.0745,12.103,130.0526
2025-08-06T13:42:07,12.0897,12.1277,12.0897,12.1277,1055.6316
2025-08-06T13:42:08,12.0992,12.2056,12.0992,12.2056,375.7895
2025-08-06T13:42:09,12.2037,12.2645,12.1733,12.2645,1142.2105
2025-08-06T13:42:10,12.2455,12.2481,12.2379,12.2436,926.5789
2025-08-06T13:42:11,12.2417,12.2455,12.2151,12.2151,586.8421
2025-08-06T13:42:12,12.2294,12.2294,12.2294,12.2294,294.7368
2025-08-06T13:42:13,12.217,12.2436,12.1068,12.2284,1783.7895
2025-08-06T13:42:14,12.1676,12.1676,12.1676,12.1676,39.8421
2025-08-06T13:42:16,12.1961,12.1961,12.1087,12.1695,47.3684
2025-08-06T13:42:17,12.1068,12.1562,12.1068,12.1562,78.5789
2025-08-06T13:42:18,12.1961,12.1961,12.1961,12.1961,26.3158
2025-08-06T13:42:19,12.1809,12.1809,12.1809,12.1809,14.5263
2025-08-06T13:42:20,12.1163,12.1771,12.1163,12.1771,43.7368
2025-08-06T13:42:21,12.1657,12.1657,12.1657,12.1657,263.1579
2025-08-06T13:42:22,12.1788,12.1788,12.1788,12.1788,8.6316
2025-08-06T13:42:23,12.1657,12.1771,12.1657,12.1771,350.4737
2025-08-06T13:42:24,12.1697,12.1771,12.1239,12.1771,76.8421
2025-08-06T13:42:25,12.16,12.16,12.1543,12.16,147.3158
2025-08-06T13:42:26,12.141,12.141,12.0973,12.1201,3229.3158
2025-08-06T13:42:27,12.0992,12.1429,12.0973,12.0973,1745.5263
2025-08-06T13:42:28,12.1201,12.1429,12.0973,12.1429,486.5263
2025-08-06T13:42:29,12.1429,12.1429,12.065,12.0992,1321.7895
2025-08-06T13:42:30,12.0669,12.0669,12.065,12.065,1052.6316
2025-08-06T13:42:31,12.0887,12.1125,12.0669,12.1125,1495.8421
2025-08-06T13:42:33,12.0669,12.0669,12.0669,12.0669,161.8421
2025-08-06T13:42:34,12.1106,12.1106,12.1106,12.1106,5.2632
2025-08-06T13:42:35,12.1125,12.1125,12.1125,12.1125,19.0
2025-08-06T13:42:36,12.1125,12.1125,12.1125,12.1125,21.0526
2025-08-06T13:42:39,12.0897,12.0897,12.0859,12.0859,60.5789
2025-08-06T13:42:40,12.0745,12.0745,12.0745,12.0745,58.9474
2025-08-06T13:42:41,12.0726,12.0726,12.065,12.0688,64.8947
2025-08-06T13:42:42,12.0669,12.0669,12.065,12.065,146.4211
2025-08-06T13:42:43,12.0669,12.0726,12.0669,12.0707,34.2632
2025-08-06T13:42:44,12.0688,12.0688,12.0688,12.0688,141.5263
2025-08-06T13:42:45,12.0688,12.0745,12.0688,12.0745,139.4737
2025-08-06T13:42:46,12.0726,12.0726,12.0707,12.0707,292.4211
2025-08-06T13:42:47,12.0679,12.0679,12.0679,12.0679,9.0
2025-08-06T13:42:49,12.0679,12.0679,12.065,12.065,491.8421
2025-08-06T13:42:50,12.0669,12.0688,12.065,12.065,1288.4211
2025-08-06T13:42:51,12.0669,12.0669,12.065,12.065,199.1579
2025-08-06T13:42:52,12.065,12.0669,12.065,12.065,683.5789
2025-08-06T13:42:53,12.065,12.065,12.065,12.065,428.3158
2025-08-06T13:42:54,12.065,12.066,12.065,12.065,2150.2632
2025-08-06T13:42:55,12.065,12.065,12.065,12.065,14.4737
2025-08-06T13:42:56,12.065,12.065,12.0612,12.065,602.2105
2025-08-06T13:42:57,12.0612,12.0612,11.97,11.97,2469.0526
2025-08-06T13:42:58,11.9719,12.0593,11.97,12.0593,634.0
2025-08-06T13:42:59,12.0042,12.0042,12.0042,12.0042,22.7368
2025-08-06T13:43:01,11.9719,11.9719,11.97,11.9719,44.2632
2025-08-06T13:43:02,11.9719,12.0023,11.9719,12.0023,28.8947
2025-08-06T13:43:03,11.9719,12.0023,11.9719,11.9833,109.5789
2025-08-06T13:43:04,11.9871,12.0023,11.9871,12.0023,236.8421
2025-08-06T13:43:05,12.0023,12.0023,11.97,11.97,345.5263
2025-08-06T13:43:06,11.9871,11.9871,11.97,11.97,423.5789
2025-08-06T13:43:07,11.97,11.9719,11.9358,11.9567,662.9474
2025-08-06T13:43:08,11.9358,11.97,11.9301,11.97,828.3684
2025-08-06T13:43:09,11.97,12.0042,11.97,12.0042,1851.8421
2025-08-06T13:43:10,11.97,12.0593,11.932,12.0574,2483.5789
2025-08-06T13:43:11,12.065,12.065,12.0099,12.0631,542.5263
2025-08-06T13:43:12,12.0365,12.0631,12.0365,12.0631,495.6316
2025-08-06T13:43:13,12.0099,12.0593,12.0099,12.0593,340.4211
2025-08-06T13:43:14,12.0593,12.0593,12.0593,12.0593,15.6316
2025-08-06T13:43:15,12.0593,12.0593,12.0593,12.0593,99.7368
2025-08-06T13:43:16,12.0593,12.0612,12.0593,12.0612,42.3684
2025-08-06T13:43:17,12.0612,12.065,12.0612,12.065,50.8421
2025-08-06T13:43:18,12.0232,12.198,12.0232,12.198,1370.0526
2025-08-06T13:43:19,12.1372,12.1961,12.1372,12.1961,195.6316
2025-08-06T13:43:20,12.1676,12.1676,12.1676,12.1676,43.0526
2025-08-06T13:43:21,12.141,12.141,12.141,12.141,200.0
2025-08-06T13:43:22,12.16,12.16,12.1372,12.1372,16.1053
2025-08-06T13:43:23,12.1467,12.1524,12.0593,12.1134,720.4737
2025-08-06T13:43:26,12.0612,12.0612,12.0612,12.0612,21.5789
2025-08-06T13:43:27,12.1353,12.1372,12.1353,12.1372,605.2632
2025-08-06T13:43:29,12.1258,12.1315,12.1144,12.1315,85.8421
2025-08-06T13:43:30,12.1372,12.2322,12.1372,12.2322,2636.8421
2025-08-06T13:43:31,12.2113,12.2322,12.1904,12.1999,489.8947
2025-08-06T13:43:32,12.2322,12.2645,12.2303,12.2645,505.2632
2025-08-06T13:43:33,12.2645,12.2645,12.2588,12.2588,512.2105
2025-08-06T13:43:34,12.2569,12.35,12.2569,12.35,2930.1579
2025-08-06T13:43:35,12.35,12.35,12.2664,12.3196,4796.2632
2025-08-06T13:43:36,12.3462,12.35,12.2797,12.2797,1492.8421
2025-08-06T13:43:37,12.2797,12.3139,12.2322,12.312,1103.1579
2025-08-06T13:43:38,12.3082,12.3595,12.293,12.331,4398.6842
2025-08-06T13:43:39,12.293,12.293,12.2018,12.2018,904.6842
2025-08-06T13:43:40,12.2721,12.2721,12.1619,12.2075,706.8947
2025-08-06T13:43:41,12.2531,12.255,12.1828,12.255,369.5789
2025-08-06T13:43:42,12.2208,12.255,12.2208,12.255,109.6842
2025-08-06T13:43:43,12.1885,12.1885,12.1885,12.1885,39.9474
2025-08-06T13:43:45,12.2531,12.255,12.2208,12.255,105.3158
2025-08-06T13:43:46,12.2531,12.2531,12.2379,12.2379,60.0
2025-08-06T13:43:47,12.255,12.255,12.255,12.255,33.5263
2025-08-06T13:43:48,12.2208,12.2227,12.2208,12.2227,168.5263
2025-08-06T13:43:49,12.2208,12.2227,12.2208,12.2208,1027.1579
2025-08-06T13:43:50,12.2227,12.2227,12.2208,12.2208,54.2105
2025-08-06T13:43:51,12.2227,12.2227,12.2208,12.2208,139.8947
2025-08-06T13:43:52,12.2208,12.2208,12.2208,12.2208,13.9474
2025-08-06T13:43:53,12.2225,12.2379,12.2225,12.2379,261.8421
2025-08-06T13:43:54,12.2227,12.2227,12.2208,12.2227,804.3158
2025-08-06T13:43:55,12.2208,12.2987,12.2208,12.2987,1780.6316
2025-08-06T13:43:56,12.312,12.3443,12.2968,12.2968,1050.3684
2025-08-06T13:43:57,12.3424,12.3443,12.3205,12.3424,2448.1579
2025-08-06T13:43:58,12.3405,12.3405,12.2987,12.3405,211.4211
2025-08-06T13:43:59,12.3424,12.3424,12.3215,12.3215,74.3158
2025-08-06T13:44:00,12.2989,12.3177,12.2989,12.3177,99.2105
2025-08-06T13:44:01,12.2987,12.312,12.2968,12.3006,1009.4737
2025-08-06T13:44:02,12.2588,12.2845,12.2588,12.2588,1124.8421
2025-08-06T13:44:03,12.2702,12.2968,12.16,12.2208,863.1579
2025-08-06T13:44:04,12.2835,12.2835,12.1619,12.2835,630.1579
2025-08-06T13:44:05,12.2569,12.2569,12.2569,12.2569,17.3684
2025-08-06T13:44:06,12.2265,12.2265,12.2265,12.2265,41.4737
2025-08-06T13:44:07,12.255,12.255,12.255,12.255,50.6842
2025-08-06T13:44:08,12.255,12.255,12.255,12.255,56.2632
2025-08-06T13:44:09,12.2256,12.2256,12.2256,12.2256,6.0526
2025-08-06T13:44:11,12.2246,12.2246,12.2246,12.2246,26.3158
2025-08-06T13:44:12,12.2246,12.2246,12.217,12.217,301.4737
2025-08-06T13:44:13,12.1999,12.2455,12.1999,12.2132,228.4737
2025-08-06T13:44:14,12.2018,12.2227,12.2018,12.2227,530.2632
2025-08-06T13:44:15,12.2227,12.2227,12.2227,12.2227,269.7368
2025-08-06T13:44:16,12.2246,12.2246,12.1999,12.1999,435.4211
2025-08-06T13:44:17,12.2123,12.2246,12.2123,12.2246,327.7368
2025-08-06T13:44:19,12.2132,12.2987,12.2132,12.2987,1114.8947
2025-08-06T13:44:20,12.2635,12.312,12.2284,12.312,1476.3158
2025-08-06T13:44:21,12.3177,12.3177,12.3158,12.3158,301.0
2025-08-06T13:44:22,12.2968,12.2987,12.2702,12.2987,478.3158
2025-08-06T13:44:25,12.2835,12.2835,12.2721,12.2721,13.4211
2025-08-06T13:44:26,12.2474,12.2721,12.2474,12.2721,406.5789
2025-08-06T13:44:27,12.2721,12.2987,12.2721,12.2987,24.3158
2025-08-06T13:44:28,12.2702,12.2702,12.2474,12.2664,845.8421
2025-08-06T13:44:29,12.2455,12.2474,12.2132,12.2132,810.6316
2025-08-06T13:44:30,12.2246,12.2341,12.2246,12.2341,491.4737
2025-08-06T13:44:31,12.236,12.236,12.2246,12.236,586.7368
2025-08-06T13:44:32,12.236,12.236,12.236,12.236,44.7368
2025-08-06T13:44:33,12.236,12.3044,12.236,12.3044,708.1579
2025-08-06T13:44:34,12.312,12.3462,12.312,12.3462,1220.8947
2025-08-06T13:44:35,12.3234,12.35,12.312,12.3481,2684.7368
2025-08-06T13:44:36,12.3481,12.35,12.331,12.35,373.7368
2025-08-06T13:44:37,12.3481,12.35,12.3329,12.3329,712.2105
2025-08-06T13:44:38,12.3329,12.3481,12.312,12.312,427.0
2025-08-06T13:44:39,12.3481,12.3481,12.3139,12.3139,640.6316
2025-08-06T13:44:40,12.3481,12.3481,12.3481,12.3481,6.8947
2025-08-06T13:44:41,12.3481,12.3481,12.312,12.3234,1856.6842
2025-08-06T13:44:42,12.331,12.331,12.274,12.274,1298.0526
2025-08-06T13:44:43,12.2797,12.293,12.2778,12.293,61.5263
2025-08-06T13:44:45,12.3253,12.3253,12.3253,12.3253,177.3684
2025-08-06T13:44:46,12.3139,12.3139,12.3139,12.3139,58.8421
2025-08-06T13:44:48,12.3272,12.3272,12.3139,12.3139,16.3684
2025-08-06T13:44:49,12.3139,12.3139,12.312,12.312,154.8421
2025-08-06T13:44:50,12.2892,12.2892,12.2892,12.2892,104.8947
2025-08-06T13:44:51,12.2854,12.2854,12.2379,12.2645,1170.5263
2025-08-06T13:44:52,12.274,12.274,12.2227,12.2227,1274.8947
2025-08-06T13:44:53,12.2417,12.2417,12.2246,12.2246,304.5263
2025-08-06T13:44:54,12.2911,12.2911,12.2474,12.2474,28.8947
2025-08-06T13:44:55,12.2692,12.2707,12.2692,12.2707,104.5789
2025-08-06T13:44:56,12.2474,12.2607,12.2474,12.2607,104.0526
2025-08-06T13:44:57,12.2816,12.2816,12.2664,12.2664,58.0
2025-08-06T13:44:58,12.2816,12.2816,12.2664,12.2664,559.3158
2025-08-06T13:44:59,12.2683,12.2816,12.2683,12.2702,333.2632
2025-08-06T13:45:00,12.2835,12.2835,12.2683,12.2683,39.1053
2025-08-06T13:45:02,12.2835,12.2835,12.2835,12.2835,489.4737
2025-08-06T13:45:03,12.2816,12.3272,12.2816,12.3272,2242.2105
2025-08-06T13:45:04,12.3006,12.35,12.3006,12.35,1220.3684
2025-08-06T13:45:05,12.3101,12.35,12.3101,12.35,4416.8947
2025-08-06T13:45:06,12.35,12.4317,12.3291,12.4127,5115.2105
2025-08-06T13:45:07,12.4118,12.4963,12.3937,12.4754,5943.0
2025-08-06T13:45:08,12.4963,12.5495,12.4764,12.5495,3630.1579
2025-08-06T13:45:09,12.5381,12.7433,12.4614,12.7433,9694.8947
2025-08-06T13:45:10,12.7433,12.92,12.7072,12.8877,10887.0
2025-08-06T13:45:11,12.8858,12.901,12.692,12.6958,7570.5263
2025-08-06T13:45:12,12.6939,12.863,12.6939,12.7053,2190.4737
2025-08-06T13:45:13,12.8687,12.8687,12.6692,12.6711,2642.3684
2025-08-06T13:45:14,12.6673,12.6977,12.5533,12.6369,7221.9474
2025-08-06T13:45:15,12.597,12.6369,12.54,12.577,3105.8421
2025-08-06T13:45:16,12.578,12.5951,12.5552,12.5951,1413.7895
2025-08-06T13:45:17,12.635,12.635,12.5533,12.5552,2802.3158
2025-08-06T13:45:18,12.5609,12.6179,12.5609,12.5894,478.0526
2025-08-06T13:45:19,12.6179,12.6179,12.578,12.578,725.2632
2025-08-06T13:45:20,12.6084,12.616,12.597,12.6046,714.0
2025-08-06T13:45:21,12.597,12.6179,12.5951,12.6065,910.2105
2025-08-06T13:45:22,12.597,12.6673,12.597,12.6426,1237.8947
2025-08-06T13:45:23,12.6635,12.6654,12.6217,12.6654,2942.1579
2025-08-06T13:45:24,12.6445,12.6445,12.6426,12.6445,303.3158
2025-08-06T13:45:25,12.6426,12.6597,12.6426,12.6578,251.1053
2025-08-06T13:45:26,12.6426,12.6597,12.6426,12.654,924.5263
2025-08-06T13:45:27,12.6559,12.6597,12.6426,12.6464,3311.3684
2025-08-06T13:45:28,12.6464,12.7566,12.6464,12.6711,2773.9474
2025-08-06T13:45:29,12.7528,12.7528,12.712,12.7129,3597.3158
2025-08-06T13:45:30,12.7452,12.8763,12.7452,12.7642,984.1053
2025-08-06T13:45:31,12.8687,12.8744,12.7993,12.8288,272.6842
2025-08-06T13:45:32,12.8288,12.8744,12.7528,12.8288,1211.0526
2025-08-06T13:45:33,12.8288,12.8288,12.635,12.6369,2914.8421
2025-08-06T13:45:34,12.6369,12.8231,12.6312,12.7623,2215.8421
2025-08-06T13:45:35,12.7623,12.7642,12.6825,12.7252,1442.9474
2025-08-06T13:45:36,12.6673,12.7623,12.6673,12.7424,1166.6316
2025-08-06T13:45:37,12.7642,12.78,12.7461,12.78,619.7368
2025-08-06T13:45:38,12.8212,12.8212,12.7642,12.806,552.8947
2025-08-06T13:45:39,12.7908,12.8174,12.6217,12.6654,4407.8421
2025-08-06T13:45:40,12.6654,12.7129,12.6559,12.7129,820.1053
2025-08-06T13:45:41,12.7129,12.7129,12.6521,12.6559,1227.9474
2025-08-06T13:45:42,12.7129,12.7129,12.6825,12.7129,173.7368
2025-08-06T13:45:43,12.6825,12.7319,12.6825,12.7319,511.9474
2025-08-06T13:45:44,12.7547,12.7566,12.7319,12.7338,482.4737
2025-08-06T13:45:45,12.75,12.7604,12.7376,12.7376,562.3684
2025-08-06T13:45:46,12.7547,12.7566,12.73,12.7509,1840.0
2025-08-06T13:45:47,12.73,12.73,12.616,12.6179,4207.7368
2025-08-06T13:45:48,12.616,12.6179,12.6084,12.6103,662.7368
2025-08-06T13:45:49,12.6103,12.6787,12.6065,12.6464,1167.6842
2025-08-06T13:45:50,12.6455,12.6806,12.5932,12.6464,606.2105
2025-08-06T13:45:51,12.6464,12.6806,12.6464,12.6806,329.1053
2025-08-06T13:45:52,12.6141,12.6739,12.6141,12.6739,619.6316
2025-08-06T13:45:53,12.6787,12.6806,12.6673,12.6806,568.7895
2025-08-06T13:45:54,12.6464,12.6806,12.6464,12.6597,248.0
2025-08-06T13:45:55,12.6616,12.6749,12.6464,12.6749,119.6316
2025-08-06T13:45:56,12.6464,12.6749,12.6464,12.6749,264.5263
2025-08-06T13:45:57,12.6749,12.6749,12.6293,12.6749,1234.2105
2025-08-06T13:45:58,12.6312,12.6749,12.6312,12.673,143.3158
2025-08-06T13:45:59,12.6749,12.6749,12.6483,12.6616,490.3158
2025-08-06T13:46:00,12.673,12.6749,12.6578,12.6749,258.9474
2025-08-06T13:46:01,12.6654,12.6806,12.6597,12.6787,3166.0
2025-08-06T13:46:02,12.6787,12.73,12.6749,12.73,3153.1053
2025-08-06T13:46:03,12.7044,12.7281,12.6825,12.7281,1093.5263
2025-08-06T13:46:04,12.73,12.73,12.6825,12.73,355.9474
2025-08-06T13:46:05,12.6844,12.7281,12.6844,12.7015,163.9474
2025-08-06T13:46:06,12.6901,12.6901,12.4887,12.4906,5559.3158
2025-08-06T13:46:07,12.5324,12.5324,12.35,12.4868,4353.6316
2025-08-06T13:46:08,12.3576,12.4887,12.3576,12.3633,986.6316
2025-08-06T13:46:09,12.4887,12.4906,12.3918,12.4393,255.5263
2025-08-06T13:46:10,12.426,12.483,12.426,12.4811,330.6842
2025-08-06T13:46:11,12.426,12.4811,12.426,12.4792,70.4211
2025-08-06T13:46:12,12.4773,12.4811,12.426,12.4811,449.4211
2025-08-06T13:46:13,12.4792,12.4792,12.4412,12.4583,58.1053
2025-08-06T13:46:14,12.4887,12.4887,12.4887,12.4887,22.8421
2025-08-06T13:46:15,12.4887,12.654,12.4873,12.5248,3241.6316
2025-08-06T13:46:16,12.4925,12.4925,12.4393,12.4412,413.8947
2025-08-06T13:46:17,12.4412,12.4412,12.3519,12.3519,1278.7895
2025-08-06T13:46:18,12.3519,12.4089,12.3519,12.407,2472.8421
2025-08-06T13:46:19,12.35,12.3804,12.1277,12.1277,7646.5263
2025-08-06T13:46:20,12.1942,12.1942,11.8256,11.8256,4846.1579
2025-08-06T13:46:21,11.8503,12.0536,11.8275,11.9405,1345.5789
2025-08-06T13:46:22,11.8598,12.0574,11.8598,12.0555,1191.5263
2025-08-06T13:46:23,12.0517,12.0574,11.8997,11.8997,204.2105
2025-08-06T13:46:24,12.0555,12.4089,11.9149,12.16,1910.5263
2025-08-06T13:46:25,12.3424,12.3424,12.16,12.1638,2611.1053
2025-08-06T13:46:26,12.2531,12.3234,12.1657,12.1695,342.4211
2025-08-06T13:46:27,12.1695,12.3139,12.1676,12.2531,548.4211
2025-08-06T13:46:28,12.2531,12.5172,12.2531,12.4089,7505.7368
2025-08-06T13:46:29,12.4032,12.4602,12.4032,12.4602,681.0
2025-08-06T13:46:30,12.4032,12.4944,12.1657,12.2436,1725.8947
2025-08-06T13:46:31,12.1847,12.3006,12.1847,12.3006,146.1053
2025-08-06T13:46:32,12.2968,12.2968,12.2778,12.2968,191.3158
2025-08-06T13:46:33,12.2968,12.4412,12.2227,12.4412,1742.5263
2025-08-06T13:46:34,12.3956,12.4412,12.2835,12.2835,398.8947
2025-08-06T13:46:35,12.2854,12.2873,12.2854,12.2873,47.7895
2025-08-06T13:46:36,12.4412,12.4412,12.3063,12.3861,198.0
2025-08-06T13:46:37,12.35,12.3519,12.35,12.3519,140.1053
2025-08-06T13:46:38,12.3519,12.4222,12.3519,12.3519,137.4737
2025-08-06T13:46:39,12.35,12.35,12.3139,12.3139,184.7368
2025-08-06T13:46:40,12.3139,12.3842,12.3139,12.35,476.7368
2025-08-06T13:46:41,12.3139,12.3234,12.2284,12.2284,336.1053
2025-08-06T13:46:42,12.3139,12.3158,12.2284,12.3158,455.8421
2025-08-06T13:46:43,12.312,12.3139,12.2303,12.3139,269.6316
2025-08-06T13:46:44,12.3139,12.3139,12.2303,12.3082,395.0526
2025-08-06T13:46:45,12.2303,12.3063,12.2303,12.2322,614.4737
2025-08-06T13:46:46,12.2322,12.3044,12.2322,12.3044,116.3684
2025-08-06T13:46:47,12.3034,12.3063,12.2322,12.293,196.6842
2025-08-06T13:46:48,12.3044,12.3044,12.2341,12.2341,346.2105
2025-08-06T13:46:49,12.293,12.293,12.236,12.236,105.6316
2025-08-06T13:46:50,12.2322,12.2322,12.2322,12.2322,41.7895
2025-08-06T13:46:51,12.2322,12.2332,12.2284,12.2284,294.7368
2025-08-06T13:46:52,12.2284,12.2284,12.1676,12.1676,833.4737
2025-08-06T13:46:53,12.1695,12.1942,12.1676,12.1676,144.5789
2025-08-06T13:46:54,12.1695,12.2075,12.1676,12.2075,454.3684
2025-08-06T13:46:55,12.2094,12.2094,12.1676,12.1676,325.8421
2025-08-06T13:46:56,12.2094,12.2094,12.1676,12.1961,1006.7368
2025-08-06T13:46:57,12.2037,12.2037,12.1942,12.1942,53.5789
2025-08-06T13:46:59,12.1961,12.1961,12.1961,12.1961,52.6316
2025-08-06T13:47:00,12.1961,12.2037,12.1961,12.198,456.2105
2025-08-06T13:47:01,12.2037,12.2037,12.1961,12.2037,201.7895
2025-08-06T13:47:02,12.1961,12.2037,12.1961,12.198,137.6842
2025-08-06T13:47:03,12.198,12.198,12.198,12.198,39.4211
2025-08-06T13:47:04,12.198,12.2037,12.198,12.2018,423.7368
2025-08-06T13:47:05,12.2035,12.2035,12.1999,12.1999,45.0526
2025-08-06T13:47:06,12.1999,12.2322,12.1961,12.2322,1056.4211
2025-08-06T13:47:07,12.2303,12.2303,12.2303,12.2303,158.7895
2025-08-06T13:47:08,12.2284,12.2322,12.2284,12.2284,239.6842
2025-08-06T13:47:09,12.2303,12.2303,12.2284,12.2284,89.0526
2025-08-06T13:47:10,12.2284,12.2284,12.2284,12.2284,13.3158
2025-08-06T13:47:11,12.2294,12.2303,12.2284,12.2303,57.2105
2025-08-06T13:47:12,12.2303,12.2303,12.2246,12.2265,286.0526
2025-08-06T13:47:13,12.2303,12.2303,12.2246,12.2265,897.3684
2025-08-06T13:47:14,12.2246,12.2265,12.2218,12.2265,306.9474
2025-08-06T13:47:15,12.2284,12.2303,12.2094,12.2094,527.4737
2025-08-06T13:47:16,12.2113,12.2113,12.2075,12.2075,600.3684
2025-08-06T13:47:17,12.2056,12.293,12.2056,12.2175,774.2105
2025-08-06T13:47:18,12.2189,12.2683,12.2189,12.2341,477.5263
2025-08-06T13:47:19,12.2341,12.3044,12.2341,12.3025,136.6316
2025-08-06T13:47:20,12.2322,12.2341,12.2322,12.2341,49.2632
2025-08-06T13:47:21,12.2322,12.2683,12.2322,12.2341,211.5263
2025-08-06T13:47:22,12.293,12.3044,12.2702,12.2702,93.7895
2025-08-06T13:47:25,12.2417,12.2645,12.2417,12.2417,156.2632
2025-08-06T13:47:26,12.2645,12.2645,12.2455,12.2455,80.3684
2025-08-06T13:47:27,12.2455,12.2645,12.236,12.2512,62.3684
2025-08-06T13:47:28,12.2531,12.2531,12.2531,12.2531,5.3158
2025-08-06T13:47:29,12.2512,12.2512,12.2512,12.2512,86.5789
2025-08-06T13:47:30,12.2579,12.2645,12.2512,12.2512,387.2632
2025-08-06T13:47:31,12.2579,12.2645,12.2579,12.2645,356.1053
2025-08-06T13:47:32,12.2512,12.2626,12.2379,12.2607,116.3158
2025-08-06T13:47:33,12.2322,12.2626,12.1961,12.198,1825.9474
2025-08-06T13:47:34,12.198,12.2373,12.16,12.16,1640.8947
2025-08-06T13:47:35,12.198,12.198,12.1258,12.1524,727.3158
2025-08-06T13:47:36,12.1258,12.1524,12.0593,12.1059,1647.7368
2025-08-06T13:47:37,12.1505,12.1505,12.0612,12.1372,957.9474
2025-08-06T13:47:38,12.1524,12.2322,12.0707,12.0707,4498.5789
2025-08-06T13:47:39,12.065,12.16,12.065,12.16,1994.8421
2025-08-06T13:47:40,12.0669,12.0669,12.065,12.065,1315.7895
2025-08-06T13:47:41,12.1581,12.1581,12.0669,12.0669,220.3158
2025-08-06T13:47:42,12.0688,12.0688,12.065,12.065,420.2105
2025-08-06T13:47:43,12.065,12.0669,12.065,12.0669,129.4211
2025-08-06T13:47:44,12.065,12.0669,12.065,12.065,1019.6842
2025-08-06T13:47:45,12.065,12.066,12.0593,12.065,1244.6316
2025-08-06T13:47:46,12.0669,12.0669,12.0023,12.0023,1486.5263
2025-08-06T13:47:47,11.9928,11.9947,11.9491,11.9729,1002.0
2025-08-06T13:47:48,11.9729,12.0042,11.9206,11.9491,1658.8421
2025-08-06T13:47:49,11.9225,11.989,11.9206,11.9225,1126.3684
2025-08-06T13:47:50,11.9453,11.97,11.9206,11.9681,2070.0526
2025-08-06T13:47:51,11.9206,11.97,11.9206,11.9681,4743.4737
2025-08-06T13:47:52,11.9472,11.97,11.9225,11.9244,1598.5789
2025-08-06T13:47:53,11.9225,11.97,11.9225,11.97,1776.6316
2025-08-06T13:47:54,11.9681,11.9681,11.9453,11.9453,373.7895
2025-08-06T13:47:55,11.9463,12.3025,11.9453,12.0612,3321.2105
2025-08-06T13:47:56,12.2892,12.293,12.103,12.103,194.6316
2025-08-06T13:47:57,12.2892,12.2892,12.103,12.1163,45.7895
2025-08-06T13:47:58,12.1068,12.1087,12.0669,12.0669,316.2632
2025-08-06T13:47:59,12.1961,12.1961,12.0669,12.0669,53.3684
2025-08-06T13:48:00,12.1961,12.1961,12.0726,12.0726,118.6316
2025-08-06T13:48:01,12.1011,12.1011,12.0631,12.0631,19.3158
2025-08-06T13:48:02,12.0821,12.103,12.0631,12.103,810.5263
2025-08-06T13:48:03,12.0631,12.0935,12.0631,12.0935,18.6316
2025-08-06T13:48:05,12.0935,12.103,12.0935,12.103,447.8947
2025-08-06T13:48:06,12.0982,12.0982,12.0982,12.0982,16.1579
2025-08-06T13:48:07,12.0954,12.103,12.0935,12.103,220.3158
2025-08-06T13:48:08,12.0954,12.103,12.0954,12.1011,761.3158
2025-08-06T13:48:09,12.103,12.1429,12.0954,12.0973,86.1579
2025-08-06T13:48:10,12.1448,12.1448,12.103,12.103,268.4737
2025-08-06T13:48:11,12.1448,12.2626,12.1448,12.2626,594.7368
2025-08-06T13:48:12,12.2645,12.2645,12.2645,12.2645,56.7895
2025-08-06T13:48:13,12.1942,12.1942,12.1448,12.16,2892.4737
2025-08-06T13:48:14,12.1581,12.2569,12.1581,12.1657,2729.0526
2025-08-06T13:48:15,12.1638,12.2474,12.1638,12.2474,261.4211
2025-08-06T13:48:16,12.1657,12.1657,12.1657,12.1657,26.6842
2025-08-06T13:48:17,12.2474,12.2474,12.2474,12.2474,59.7895
2025-08-06T13:48:18,12.1695,12.1695,12.16,12.1676,491.9474
2025-08-06T13:48:19,12.2493,12.2493,12.1049,12.16,930.0
2025-08-06T13:48:20,12.2056,12.2056,12.103,12.1049,430.8421
2025-08-06T13:48:21,12.1657,12.1676,12.1657,12.1657,511.3684
2025-08-06T13:48:22,12.1657,12.1676,12.1657,12.1676,197.8947
2025-08-06T13:48:23,12.1676,12.1676,12.1676,12.1676,11.8421
2025-08-06T13:48:24,12.1258,12.1657,12.1258,12.1657,24.1579
2025-08-06T13:48:25,12.16,12.16,12.1391,12.1391,128.9474
2025-08-06T13:48:26,12.1657,12.1657,12.1144,12.1144,516.6842
2025-08-06T13:48:27,12.1144,12.1372,12.1144,12.1163,532.0
2025-08-06T13:48:28,12.1087,12.1296,12.1068,12.1296,343.5789
2025-08-06T13:48:29,12.1087,12.1382,12.1087,12.1382,300.5263
2025-08-06T13:48:30,12.1524,12.1676,12.103,12.1049,886.5263
2025-08-06T13:48:31,12.1201,12.1353,12.065,12.065,2397.5789
2025-08-06T13:48:33,12.1185,12.1239,12.1185,12.1239,167.6316
2025-08-06T13:48:35,12.1239,12.141,12.122,12.141,1399.1579
2025-08-06T13:48:36,12.1296,12.1296,12.1296,12.1296,10.2632
2025-08-06T13:48:38,12.1239,12.1239,12.1239,12.1239,52.6316
2025-08-06T13:48:39,12.1315,12.141,12.1315,12.141,440.7895
2025-08-06T13:48:40,12.1562,12.16,12.1562,12.16,1347.3684
2025-08-06T13:48:41,12.1298,12.16,12.1296,12.1296,1255.3158
2025-08-06T13:48:42,12.1315,12.16,12.1315,12.16,264.2105
2025-08-06T13:48:43,12.1581,12.16,12.1581,12.16,76.3158
2025-08-06T13:48:45,12.16,12.16,12.16,12.16,34.8421
2025-08-06T13:48:46,12.1581,12.1581,12.1581,12.1581,336.8421
2025-08-06T13:48:47,12.1591,12.1591,12.1591,12.1591,26.3158
2025-08-06T13:48:48,12.1581,12.1588,12.141,12.141,1002.6842
2025-08-06T13:48:49,12.141,12.1429,12.1315,12.1315,336.4211
2025-08-06T13:48:50,12.1296,12.1581,12.1296,12.1429,758.3158
2025-08-06T13:48:51,12.1429,12.1581,12.1429,12.1448,100.9474
2025-08-06T13:48:53,12.1315,12.1438,12.1315,12.1438,24.2632
2025-08-06T13:48:54,12.141,12.141,12.141,12.141,27.2105
2025-08-06T13:48:55,12.1581,12.236,12.1524,12.1524,1423.2105
2025-08-06T13:48:56,12.16,12.1942,12.1543,12.1581,884.9474
2025-08-06T13:48:57,12.16,12.16,12.1486,12.1486,271.0526
2025-08-06T13:48:58,12.1448,12.1448,12.1448,12.1448,9.3684
2025-08-06T13:48:59,12.1581,12.1581,12.1581,12.1581,242.1053
2025-08-06T13:49:00,12.1514,12.2493,12.1429,12.1581,2144.6842
2025-08-06T13:49:02,12.1486,12.1581,12.1486,12.1581,44.0
2025-08-06T13:49:03,12.1448,12.1448,12.1448,12.1448,8.1053
2025-08-06T13:49:04,12.1448,12.1448,12.1429,12.1448,527.8421
2025-08-06T13:49:05,12.1448,12.1448,12.141,12.141,627.3158
2025-08-06T13:49:06,12.1429,12.2056,12.1391,12.2056,318.6316
2025-08-06T13:49:07,12.1809,12.1809,12.179,12.1809,568.4211
2025-08-06T13:49:08,12.2056,12.2056,12.1448,12.1448,1243.5789
2025-08-06T13:49:09,12.1334,12.1458,12.1334,12.1458,600.0
2025-08-06T13:49:10,12.1467,12.1467,12.1467,12.1467,243.4211
2025-08-06T13:49:11,12.1467,12.1467,12.1467,12.1467,78.9474
2025-08-06T13:49:12,12.1467,12.1467,12.1467,12.1467,13.0
2025-08-06T13:49:13,12.1448,12.1448,12.1448,12.1448,319.6316
2025-08-06T13:49:14,12.1467,12.1467,12.1448,12.1448,696.1579
2025-08-06T13:49:15,12.1448,12.1467,12.1448,12.1467,30.0526
2025-08-06T13:49:16,12.1467,12.1467,12.065,12.1277,1423.2632
2025-08-06T13:49:17,12.0669,12.0669,12.0669,12.0669,442.7368
2025-08-06T13:49:18,12.065,12.0669,12.0612,12.0612,1368.0
2025-08-06T13:49:19,12.0593,12.0897,12.0593,12.0897,41.5789
2025-08-06T13:49:20,12.1144,12.1144,12.0593,12.0593,186.8421
2025-08-06T13:49:21,12.0593,12.0593,12.0593,12.0593,19.4211
2025-08-06T13:49:23,12.0669,12.1125,12.065,12.065,30.0
2025-08-06T13:49:24,12.0631,12.0631,12.0631,12.0631,32.3684
2025-08-06T13:49:25,12.0593,12.0593,12.0593,12.0593,45.3684
2025-08-06T13:49:26,12.0593,12.0593,12.0593,12.0593,31.5789
2025-08-06T13:49:27,12.0612,12.0612,12.0612,12.0612,52.7368
2025-08-06T13:49:28,12.0593,12.0593,12.0042,12.0517,1294.5789
2025-08-06T13:49:29,12.008,12.008,12.0042,12.0042,94.8947
2025-08-06T13:49:30,12.0042,12.0061,11.97,12.0061,1507.4211
2025-08-06T13:49:31,11.9757,11.9757,11.97,11.9719,122.4211
2025-08-06T13:49:32,11.97,11.9757,11.97,11.97,1509.5789
2025-08-06T13:49:33,12.0061,12.0061,11.97,11.989,94.4737
2025-08-06T13:49:34,11.97,11.9966,11.97,11.9966,307.5789
2025-08-06T13:49:35,11.9719,12.0042,11.932,11.932,451.8421
2025-08-06T13:49:36,11.932,11.9415,11.932,11.932,271.0
2025-08-06T13:49:37,11.932,11.9852,11.932,11.9833,86.3158
2025-08-06T13:49:38,11.9852,12.0517,11.932,11.932,1720.8947
2025-08-06T13:49:39,11.97,12.0517,11.97,12.0422,1794.3158
2025-08-06T13:49:40,12.008,12.0403,12.008,12.0403,143.3158
2025-08-06T13:49:41,12.0593,12.0593,11.9472,12.0061,1431.7368
2025-08-06T13:49:42,12.0422,12.0593,12.0422,12.0593,1240.6842
2025-08-06T13:49:43,12.0099,12.1961,12.0099,12.1524,4365.6842
2025-08-06T13:49:44,12.1524,12.1524,12.1087,12.1087,166.1579
2025-08-06T13:49:45,12.1087,12.1087,12.1087,12.1087,7.7368
2025-08-06T13:49:46,12.1581,12.1581,12.1581,12.1581,32.3158
2025-08-06T13:49:47,12.1146,12.198,12.0156,12.198,2769.8947
2025-08-06T13:49:48,12.1258,12.1258,12.1068,12.1068,37.5263
2025-08-06T13:49:49,12.1387,12.2645,12.1387,12.2018,1122.3684
2025-08-06T13:49:50,12.2018,12.2018,12.1999,12.1999,68.4211
2025-08-06T13:49:51,12.2626,12.2626,12.1999,12.2626,1224.8947
2025-08-06T13:49:52,12.2018,12.2018,12.198,12.198,96.6316
2025-08-06T13:49:53,12.1999,12.1999,12.0612,12.1334,775.3684
2025-08-06T13:49:54,12.1999,12.2018,12.1999,12.2018,245.1053
2025-08-06T13:49:55,12.1733,12.1733,12.1733,12.1733,78.9474
2025-08-06T13:49:56,12.1467,12.16,12.1467,12.16,22.5263
2025-08-06T13:49:58,12.1581,12.16,12.1581,12.16,33.8421
2025-08-06T13:49:59,12.1543,12.1543,12.1467,12.1467,36.2632
2025-08-06T13:50:00,12.1543,12.1543,12.1543,12.1543,8.1579
2025-08-06T13:50:01,12.1467,12.1467,12.1467,12.1467,29.5789
2025-08-06T13:50:05,12.16,12.16,12.1543,12.16,352.9474
2025-08-06T13:50:06,12.16,12.16,12.16,12.16,17.5789
2025-08-06T13:50:07,12.16,12.16,12.16,12.16,6.3684
2025-08-06T13:50:09,12.16,12.16,12.1505,12.1505,14.4737
2025-08-06T13:50:10,12.1581,12.1581,12.1581,12.1581,32.9474
2025-08-06T13:50:11,12.1581,12.1581,12.1581,12.1581,28.0
2025-08-06T13:50:12,12.16,12.16,12.16,12.16,16.0526
2025-08-06T13:50:13,12.1486,12.1493,12.1467,12.1467,314.8421
2025-08-06T13:50:14,12.1486,12.1486,12.1486,12.1486,5.2632
2025-08-06T13:50:15,12.1467,12.1467,12.141,12.1467,624.6316
2025-08-06T13:50:16,12.1239,12.1239,12.1239,12.1239,16.8421
2025-08-06T13:50:17,12.1467,12.1467,12.1467,12.1467,16.0526
2025-08-06T13:50:18,12.1258,12.1467,12.1258,12.1467,54.4211
2025-08-06T13:50:19,12.1448,12.1467,12.1448,12.1467,59.2105
2025-08-06T13:50:24,12.1011,12.1087,12.1011,12.1087,44.0
2025-08-06T13:50:26,12.1391,12.331,12.1391,12.2645,2667.4737
2025-08-06T13:50:27,12.3291,12.3291,12.3291,12.3291,473.6842
2025-08-06T13:50:28,12.2797,12.3272,12.2797,12.3272,22.3158
2025-08-06T13:50:29,12.2778,12.331,12.2778,12.331,2962.2632
2025-08-06T13:50:30,12.331,12.331,12.2797,12.3253,1080.6842
2025-08-06T13:50:31,12.3025,12.3272,12.3025,12.3253,282.0526
2025-08-06T13:50:32,12.3253,12.3253,12.3253,12.3253,34.7368
2025-08-06T13:50:33,12.3272,12.3272,12.2778,12.3253,123.0526
2025-08-06T13:50:34,12.3253,12.3253,12.3253,12.3253,17.8421
2025-08-06T13:50:35,12.3253,12.3253,12.2778,12.2797,363.3158
2025-08-06T13:50:36,12.2778,12.3253,12.2778,12.3253,32.3684
2025-08-06T13:50:37,12.3253,12.3253,12.3025,12.312,63.1579
2025-08-06T13:50:38,12.3253,12.3272,12.2778,12.2778,1421.6842
2025-08-06T13:50:39,12.3196,12.3253,12.3139,12.3196,784.7895
2025-08-06T13:50:40,12.3272,12.35,12.3234,12.3272,3123.0
2025-08-06T13:50:41,12.3861,12.4545,12.312,12.3177,4388.1053
2025-08-06T13:50:42,12.35,12.4545,12.3177,12.4545,1606.5263
2025-08-06T13:50:43,12.35,12.4507,12.35,12.4507,745.7895
2025-08-06T13:50:44,12.4013,12.4526,12.35,12.4526,164.7895
2025-08-06T13:50:45,12.4507,12.4697,12.35,12.4678,883.1579
2025-08-06T13:50:46,12.4203,12.4678,12.4203,12.4393,84.7368
2025-08-06T13:50:47,12.4393,12.4535,12.4393,12.4393,292.2632
2025-08-06T13:50:48,12.4507,12.4507,12.4393,12.4435,1222.8421
2025-08-06T13:50:49,12.4393,12.4488,12.4393,12.4488,632.8421
2025-08-06T13:50:50,12.4488,12.4495,12.4203,12.4393,1170.8421
2025-08-06T13:50:51,12.4393,12.4393,12.4203,12.4393,901.3158
2025-08-06T13:50:52,12.4127,12.4127,12.4013,12.4013,107.6316
2025-08-06T13:50:53,12.3852,12.4165,12.3538,12.3538,176.0526
2025-08-06T13:50:54,12.4184,12.4203,12.4184,12.4203,187.6316
2025-08-06T13:50:55,12.4203,12.4203,12.3871,12.3871,132.1053
2025-08-06T13:50:56,12.4184,12.4184,12.4184,12.4184,264.0526
2025-08-06T13:50:57,12.3557,12.3861,12.3557,12.3861,303.6842
2025-08-06T13:50:58,12.3557,12.3861,12.3557,12.3557,1004.2632
2025-08-06T13:50:59,12.3709,12.3861,12.3699,12.3699,62.3158
2025-08-06T13:51:00,12.3861,12.3861,12.3861,12.3861,19.4211
2025-08-06T13:51:01,12.3842,12.4241,12.3842,12.4146,1115.4211
2025-08-06T13:51:02,12.4374,12.5039,12.4374,12.5039,2179.5263
2025-08-06T13:51:03,12.4526,12.502,12.4222,12.4545,550.0
2025-08-06T13:51:04,12.483,12.5039,12.4336,12.5039,899.1053
2025-08-06T13:51:05,12.4621,12.483,12.4621,12.483,32.6842
2025-08-06T13:51:06,12.5039,12.5039,12.4222,12.4621,751.2632
2025-08-06T13:51:07,12.4203,12.502,12.4203,12.4621,668.1579
2025-08-06T13:51:08,12.4659,12.4849,12.4222,12.4849,350.5789
2025-08-06T13:51:09,12.4735,12.4735,12.4013,12.4564,1339.6842
2025-08-06T13:51:10,12.4241,12.4241,12.4241,12.4241,14.6316
2025-08-06T13:51:11,12.4621,12.4621,12.4241,12.4602,309.7368
2025-08-06T13:51:12,12.4602,12.521,12.4602,12.4944,770.7895
2025-08-06T13:51:13,12.4678,12.521,12.4678,12.521,197.3684
2025-08-06T13:51:14,12.4621,12.5096,12.4013,12.4621,1551.1053
2025-08-06T13:51:15,12.5115,12.5115,12.5096,12.5115,62.4211
2025-08-06T13:51:16,12.521,12.54,12.4906,12.54,1987.7895
2025-08-06T13:51:17,12.54,12.54,12.483,12.5305,994.7895
2025-08-06T13:51:18,12.5077,12.6046,12.4849,12.5875,2056.5789
2025-08-06T13:51:19,12.5077,12.6046,12.5077,12.5685,506.8947
2025-08-06T13:51:20,12.5932,12.635,12.5438,12.635,1486.9474
2025-08-06T13:51:21,12.6037,12.635,12.5742,12.5951,321.3684
2025-08-06T13:51:22,12.6046,12.6065,12.5951,12.6046,410.2105
2025-08-06T13:51:23,12.6046,12.6046,12.4621,12.4697,4422.2105
2025-08-06T13:51:24,12.4887,12.5096,12.4678,12.4678,1086.7895
2025-08-06T13:51:25,12.502,12.502,12.502,12.502,16.1053
2025-08-06T13:51:26,12.4839,12.4982,12.4839,12.4982,40.6842
2025-08-06T13:51:27,12.5058,12.5058,12.4982,12.4982,423.4211
2025-08-06T13:51:29,12.5001,12.5001,12.4013,12.4013,1536.1579
2025-08-06T13:51:30,12.4013,12.4659,12.4013,12.4659,460.2105
2025-08-06T13:51:31,12.4678,12.4678,12.4013,12.4032,440.3158
2025-08-06T13:51:32,12.445,12.445,12.4013,12.4013,38.8421
2025-08-06T13:51:33,12.4441,12.502,12.4222,12.4222,764.6842
2025-08-06T13:51:34,12.4431,12.4431,12.4222,12.4222,514.3158
2025-08-06T13:51:35,12.4431,12.445,12.4222,12.4222,210.3684
2025-08-06T13:51:36,12.4431,12.4431,12.4431,12.4431,5.4211
2025-08-06T13:51:37,12.4336,12.4887,12.4336,12.4887,1097.4737
2025-08-06T13:51:38,12.4241,12.4773,12.4241,12.4773,382.3158
2025-08-06T13:51:39,12.4754,12.4754,12.3557,12.3557,1598.5263
2025-08-06T13:51:40,12.4127,12.4127,12.4127,12.4127,78.9474
2025-08-06T13:51:41,12.4146,12.4146,12.4146,12.4146,10.5263
2025-08-06T13:51:43,12.4412,12.4412,12.4241,12.4241,284.2632
2025-08-06T13:51:44,12.4564,12.4564,12.4564,12.4564,31.5789
2025-08-06T13:51:45,12.4697,12.4697,12.4697,12.4697,21.2105
2025-08-06T13:51:47,12.4564,12.4564,12.4564,12.4564,57.8947
2025-08-06T13:51:48,12.4697,12.4697,12.4564,12.4564,58.5789
2025-08-06T13:51:49,12.464,12.464,12.4241,12.4241,147.1053
2025-08-06T13:51:50,12.4602,12.4697,12.4564,12.4678,313.4737
2025-08-06T13:51:51,12.4621,12.4621,12.4621,12.4621,17.2105
2025-08-06T13:51:52,12.4697,12.4697,12.4564,12.4678,179.2105
2025-08-06T13:51:53,12.4678,12.4678,12.4564,12.4678,173.4211
2025-08-06T13:51:54,12.4678,12.4678,12.4678,12.4678,35.1053
2025-08-06T13:51:56,12.4583,12.4678,12.445,12.445,489.4737
2025-08-06T13:51:57,12.426,12.426,12.4241,12.426,586.7895
2025-08-06T13:51:58,12.426,12.426,12.4241,12.4241,54.1579
2025-08-06T13:51:59,12.4279,12.4279,12.4241,12.4241,27.3158
2025-08-06T13:52:00,12.4241,12.4241,12.4146,12.4146,32.0526
2025-08-06T13:52:01,12.4203,12.4203,12.4127,12.4127,537.7368
2025-08-06T13:52:02,12.4165,12.4165,12.4127,12.4146,185.4737
2025-08-06T13:52:03,12.4165,12.4165,12.4013,12.4032,531.4211
2025-08-06T13:52:04,12.407,12.407,12.4013,12.4013,234.2632
2025-08-06T13:52:05,12.407,12.407,12.369,12.4027,1934.4211
2025-08-06T13:52:06,12.369,12.3766,12.35,12.35,307.6316
2025-08-06T13:52:07,12.3956,12.3956,12.35,12.35,43.2632
2025-08-06T13:52:08,12.35,12.35,12.35,12.35,59.7368
2025-08-06T13:52:10,12.3836,12.3836,12.3836,12.3836,56.5263
2025-08-06T13:52:11,12.35,12.35,12.35,12.35,131.8947
2025-08-06T13:52:12,12.3481,12.35,12.3481,12.35,525.0
2025-08-06T13:52:13,12.3462,12.3462,12.3462,12.3462,7.0526
2025-08-06T13:52:14,12.3462,12.35,12.3462,12.35,90.3684
2025-08-06T13:52:15,12.3462,12.35,12.3462,12.35,596.6316
2025-08-06T13:52:16,12.3481,12.35,12.3481,12.3481,211.0526
2025-08-06T13:52:17,12.3462,12.388,12.3462,12.3481,974.5789
2025-08-06T13:52:18,12.3557,12.3804,12.3557,12.3804,280.7895
2025-08-06T13:52:19,12.3813,12.3813,12.3557,12.3557,842.1053
2025-08-06T13:52:20,12.3557,12.3557,12.3557,12.3557,421.1053
2025-08-06T13:52:21,12.3994,12.6464,12.388,12.6464,6873.6316
2025-08-06T13:52:22,12.5913,12.5913,12.5913,12.5913,320.1053
2025-08-06T13:52:23,12.5932,12.5932,12.5932,12.5932,246.0
2025-08-06T13:52:24,12.5932,12.5932,12.5913,12.5932,286.4211
2025-08-06T13:52:25,12.6369,12.6369,12.3329,12.407,3123.6316
2025-08-06T13:52:26,12.3519,12.73,12.3519,12.5913,3080.8421
2025-08-06T13:52:27,12.5913,12.5913,12.5913,12.5913,33.2105
2025-08-06T13:52:28,12.5429,12.5429,12.4982,12.4982,92.1053
2025-08-06T13:52:29,12.5457,12.5913,12.502,12.502,442.4211
2025-08-06T13:52:30,12.5894,12.5894,12.5077,12.5077,113.3684
2025-08-06T13:52:31,12.5077,12.54,12.4241,12.54,1331.8947
2025-08-06T13:52:32,12.4279,12.5419,12.4279,12.5419,61.8421
2025-08-06T13:52:33,12.5419,12.5438,12.5134,12.5248,282.4737
2025-08-06T13:52:34,12.5163,12.5163,12.5163,12.5163,5.2632
2025-08-06T13:52:35,12.5229,12.5229,12.5229,12.5229,15.0
2025-08-06T13:52:36,12.5229,12.5229,12.5229,12.5229,18.4211
2025-08-06T13:52:37,12.521,12.521,12.521,12.521,140.1053
2025-08-06T13:52:38,12.5172,12.5172,12.3557,12.5096,1397.8947
2025-08-06T13:52:39,12.4754,12.4754,12.4469,12.4697,358.4737
2025-08-06T13:52:40,12.4697,12.5039,12.4697,12.4754,235.7895
2025-08-06T13:52:41,12.5058,12.5058,12.5058,12.5058,10.5263
2025-08-06T13:52:43,12.4602,12.4659,12.4602,12.4659,35.3158
2025-08-06T13:52:44,12.4659,12.4659,12.445,12.445,489.2105
2025-08-06T13:52:45,12.4602,12.4678,12.4602,12.4677,68.5263
2025-08-06T13:52:46,12.445,12.4602,12.445,12.4602,74.8947
2025-08-06T13:52:47,12.445,12.445,12.3557,12.3794,1371.4211
2025-08-06T13:52:48,12.4013,12.445,12.4013,12.4013,527.9474
2025-08-06T13:52:49,12.407,12.407,12.35,12.35,1315.7895
2025-08-06T13:52:50,12.35,12.35,12.35,12.35,742.1053
2025-08-06T13:52:51,12.35,12.3652,12.3329,12.3329,1443.2632
2025-08-06T13:52:52,12.3728,12.3728,12.3728,12.3728,26.3158
2025-08-06T13:52:53,12.3614,12.3614,12.2037,12.3063,1387.9474
2025-08-06T13:52:54,12.3063,12.3063,12.3063,12.3063,194.2632
2025-08-06T13:52:55,12.3063,12.3063,12.2037,12.3025,740.0526
2025-08-06T13:52:56,12.3025,12.3025,12.2246,12.2246,423.0
2025-08-06T13:52:57,12.2626,12.3025,12.2626,12.3025,87.2105
2025-08-06T13:52:58,12.3006,12.3025,12.2227,12.3025,196.3684
2025-08-06T13:52:59,12.2987,12.2987,12.2987,12.2987,6.3158
2025-08-06T13:53:00,12.2246,12.2246,12.2227,12.2227,322.5789
2025-08-06T13:53:01,12.2075,12.3329,12.2075,12.331,2900.0
2025-08-06T13:53:02,12.3006,12.3329,12.3006,12.3329,226.3684
2025-08-06T13:53:03,12.331,12.3329,12.312,12.3329,1394.0526
2025-08-06T13:53:04,12.3177,12.3329,12.3025,12.3025,82.2105
2025-08-06T13:53:05,12.3025,12.3139,12.3025,12.3139,29.4211
2025-08-06T13:53:06,12.3139,12.3139,12.3025,12.3025,134.3158
2025-08-06T13:53:07,12.3044,12.3082,12.3025,12.3082,363.2105
2025-08-06T13:53:08,12.3025,12.3329,12.3025,12.3025,69.4211
2025-08-06T13:53:09,12.3044,12.331,12.3044,12.331,63.2105
2025-08-06T13:53:10,12.3025,12.3025,12.3025,12.3025,13.4737
2025-08-06T13:53:11,12.3025,12.3196,12.3025,12.3025,428.9474
2025-08-06T13:53:12,12.331,12.331,12.3177,12.3177,31.5263
2025-08-06T13:53:13,12.3177,12.3253,12.2769,12.3253,1577.3158
2025-08-06T13:53:15,12.3025,12.3025,12.3025,12.3025,42.7895
2025-08-06T13:53:16,12.2835,12.2835,12.2645,12.2645,182.4211
2025-08-06T13:53:17,12.3025,12.3025,12.2664,12.2664,74.2632
2025-08-06T13:53:18,12.3006,12.3006,12.3006,12.3006,46.6316
2025-08-06T13:53:19,12.3006,12.3006,12.2911,12.2911,70.6842
2025-08-06T13:53:20,12.2987,12.2987,12.2968,12.2968,65.2105
2025-08-06T13:53:21,12.3025,12.331,12.3025,12.331,935.9474
2025-08-06T13:53:22,12.3202,12.3202,12.3101,12.3101,57.8947
2025-08-06T13:53:23,12.3291,12.331,12.3101,12.3101,1784.2105
2025-08-06T13:53:24,12.3196,12.3251,12.3196,12.3251,534.3684
2025-08-06T13:53:26,12.3272,12.4564,12.3272,12.331,4147.2105
2025-08-06T13:53:27,12.3842,12.4545,12.312,12.4545,712.2105
2025-08-06T13:53:28,12.4545,12.4564,12.312,12.312,2273.7368
2025-08-06T13:53:29,12.4545,12.4545,12.4545,12.4545,8.4737
2025-08-06T13:53:30,12.4431,12.4431,12.4431,12.4431,26.3158
2025-08-06T13:53:32,12.407,12.445,12.3633,12.3633,208.1579
2025-08-06T13:53:33,12.4469,12.4469,12.4222,12.4222,282.4211
2025-08-06T13:53:34,12.3975,12.445,12.35,12.3519,1538.2105
2025-08-06T13:53:35,12.3519,12.389,12.3519,12.389,540.2105
2025-08-06T13:53:38,12.3576,12.4222,12.3576,12.4222,72.0
2025-08-06T13:53:39,12.3899,12.4203,12.3519,12.3519,635.0526
2025-08-06T13:53:41,12.3899,12.3899,12.3652,12.3652,50.2105
2025-08-06T13:53:44,12.3861,12.3875,12.3633,12.3633,103.2632
2025-08-06T13:53:45,12.3633,12.3633,12.3633,12.3633,15.7895
2025-08-06T13:53:48,12.388,12.4032,12.3652,12.3652,1052.6842
2025-08-06T13:53:50,12.388,12.388,12.388,12.388,26.3158
2025-08-06T13:53:51,12.3652,12.3652,12.3652,12.3652,37.2105
2025-08-06T13:53:53,12.388,12.388,12.388,12.388,12.7895
2025-08-06T13:53:54,12.3861,12.3861,12.3861,12.3861,34.5263
2025-08-06T13:53:55,12.3861,12.3861,12.3861,12.3861,38.3684
2025-08-06T13:53:57,12.388,12.388,12.3595,12.3729,405.5263
2025-08-06T13:53:58,12.3633,12.3633,12.3519,12.3538,703.2632
2025-08-06T13:53:59,12.3538,12.3538,12.3538,12.3538,10.1053
2025-08-06T13:54:00,12.3576,12.3576,12.3576,12.3576,32.1053
2025-08-06T13:54:01,12.3538,12.3633,12.3519,12.3633,643.8947
2025-08-06T13:54:02,12.3614,12.3614,12.3614,12.3614,6.1053
2025-08-06T13:54:03,12.3519,12.3519,12.3519,12.3519,74.9474
2025-08-06T13:54:04,12.3576,12.3614,12.3519,12.3519,556.9474
2025-08-06T13:54:05,12.3519,12.3633,12.3519,12.3614,137.5263
2025-08-06T13:54:06,12.3633,12.445,12.3626,12.4431,1581.6842
2025-08-06T13:54:07,12.4431,12.445,12.3956,12.4431,1058.4211
2025-08-06T13:54:08,12.4203,12.445,12.4203,12.4298,452.6842
2025-08-06T13:54:09,12.3956,12.4317,12.3956,12.4317,1361.1579
2025-08-06T13:54:11,12.4298,12.4298,12.4298,12.4298,30.4211
2025-08-06T13:54:12,12.4298,12.4298,12.4298,12.4298,25.7895
2025-08-06T13:54:13,12.4298,12.4298,12.369,12.3814,724.4737
2025-08-06T13:54:15,12.3671,12.3671,12.3671,12.3671,26.3158
2025-08-06T13:54:16,12.369,12.3956,12.369,12.369,237.2632
2025-08-06T13:54:17,12.369,12.369,12.369,12.369,68.4211
2025-08-06T13:54:18,12.3937,12.3937,12.3823,12.3823,86.8421
2025-08-06T13:54:19,12.369,12.3956,12.369,12.3823,84.2105
2025-08-06T13:54:20,12.3956,12.4431,12.3956,12.4431,1315.8421
2025-08-06T13:54:21,12.4431,12.4431,12.4013,12.4412,442.3158
2025-08-06T13:54:22,12.4203,12.445,12.4203,12.4393,1019.7368
2025-08-06T13:54:23,12.445,12.4697,12.445,12.4526,1384.7368
2025-08-06T13:54:24,12.4678,12.4697,12.4516,12.4516,584.2105
2025-08-06T13:54:25,12.4697,12.4697,12.4507,12.4697,36.5263
2025-08-06T13:54:26,12.4516,12.5381,12.4516,12.4906,840.2632
2025-08-06T13:54:27,12.483,12.54,12.483,12.54,473.8421
2025-08-06T13:54:28,12.54,12.54,12.5381,12.5381,76.3684
2025-08-06T13:54:29,12.54,12.6027,12.4925,12.5125,1029.1053
2025-08-06T13:54:30,12.597,12.597,12.4925,12.5666,442.4737
2025-08-06T13:54:32,12.5134,12.5324,12.4925,12.5324,323.2632
2025-08-06T13:54:33,12.5305,12.5305,12.5305,12.5305,13.0526
2025-08-06T13:54:34,12.5324,12.5324,12.5305,12.5305,56.1579
2025-08-06T13:54:35,12.5229,12.5362,12.5115,12.5324,286.6316
2025-08-06T13:54:36,12.5381,12.54,12.5381,12.54,93.4211
2025-08-06T13:54:37,12.54,12.5523,12.54,12.5523,532.4737
2025-08-06T13:54:38,12.5514,12.5514,12.54,12.54,32.7368
2025-08-06T13:54:39,12.54,12.5514,12.54,12.54,118.6316
2025-08-06T13:54:40,12.54,12.5401,12.4925,12.4925,736.5263
2025-08-06T13:54:41,12.483,12.5362,12.483,12.5115,72.7895
2025-08-06T13:54:42,12.4963,12.4963,12.468,12.468,170.4737
2025-08-06T13:54:43,12.4697,12.4697,12.4697,12.4697,16.1579
2025-08-06T13:54:44,12.4878,12.4878,12.4013,12.4032,441.5789
2025-08-06T13:54:45,12.4602,12.4602,12.4051,12.4051,17.7895
2025-08-06T13:54:46,12.4326,12.4326,12.4326,12.4326,65.7895
2025-08-06T13:54:47,12.4545,12.4678,12.4545,12.4678,447.3684
2025-08-06T13:54:49,12.464,12.4678,12.4526,12.4678,445.4211
2025-08-06T13:54:50,12.4678,12.521,12.4678,12.5191,1554.6842
2025-08-06T13:54:51,12.521,12.521,12.521,12.521,26.3684
2025-08-06T13:54:52,12.5191,12.5191,12.5191,12.5191,109.4211
2025-08-06T13:54:53,12.4792,12.54,12.4792,12.54,1531.3684
2025-08-06T13:54:54,12.4982,12.54,12.4982,12.5134,655.9474
2025-08-06T13:54:55,12.5134,12.54,12.5134,12.54,630.1053
2025-08-06T13:54:56,12.54,12.5647,12.5229,12.5229,833.8947
2025-08-06T13:54:57,12.5438,12.5438,12.5438,12.5438,200.0
2025-08-06T13:54:58,12.5476,12.5476,12.5476,12.5476,12.3158
2025-08-06T13:54:59,12.5495,12.5495,12.5495,12.5495,47.3684
2025-08-06T13:55:00,12.5495,12.5495,12.5495,12.5495,200.0
2025-08-06T13:55:01,12.5514,12.5666,12.5514,12.5666,822.0526
2025-08-06T13:55:02,12.5666,12.73,12.5666,12.73,1825.5789
2025-08-06T13:55:03,12.73,12.73,12.6825,12.6825,1314.6316
2025-08-06T13:55:04,12.6958,12.7034,12.6806,12.6806,644.4211
2025-08-06T13:55:05,12.6369,12.7053,12.6369,12.6597,636.8421
2025-08-06T13:55:06,12.6388,12.6806,12.6388,12.6407,660.8947
2025-08-06T13:55:07,12.6388,12.6806,12.6388,12.6388,1275.6316
2025-08-06T13:55:08,12.6578,12.6578,12.6027,12.6027,315.7895
2025-08-06T13:55:09,12.6578,12.6578,12.6065,12.6331,848.2632
2025-08-06T13:55:10,12.6084,12.6331,12.6084,12.6331,38.8421
2025-08-06T13:55:11,12.6597,12.6597,12.6065,12.6065,990.7895
2025-08-06T13:55:12,12.6369,12.6521,12.6302,12.6521,146.1053
2025-08-06T13:55:13,12.635,12.635,12.5495,12.6255,1462.6842
2025-08-06T13:55:14,12.6255,12.6255,12.5884,12.5885,96.5263
2025-08-06T13:55:15,12.5533,12.6236,12.5533,12.5533,408.6842
2025-08-06T13:55:16,12.5666,12.5932,12.5666,12.5799,276.4737
2025-08-06T13:55:17,12.578,12.578,12.578,12.578,56.3158
2025-08-06T13:55:18,12.5856,12.5856,12.5495,12.5514,2425.7895
2025-08-06T13:55:19,12.5723,12.5799,12.5495,12.5495,703.3158
2025-08-06T13:55:20,12.5951,12.5951,12.5533,12.5533,371.4211
2025-08-06T13:55:21,12.5533,12.5761,12.4792,12.4792,1557.9474
2025-08-06T13:55:22,12.4792,12.4792,12.369,12.369,890.8421
2025-08-06T13:55:23,12.426,12.4279,12.3709,12.3984,1978.2105
2025-08-06T13:55:24,12.4279,12.4279,12.3747,12.3994,930.5789
2025-08-06T13:55:25,12.369,12.3899,12.369,12.3719,770.8421
2025-08-06T13:55:26,12.3728,12.3747,12.3709,12.3709,431.5789
2025-08-06T13:55:27,12.3728,12.3747,12.3557,12.3557,3441.2632
2025-08-06T13:55:28,12.3557,12.5495,12.3557,12.5476,2357.2105
2025-08-06T13:55:29,12.54,12.54,12.54,12.54,36.8421
2025-08-06T13:55:30,12.5495,12.5495,12.5495,12.5495,5.2632
2025-08-06T13:55:31,12.445,12.5495,12.407,12.5495,870.3684
2025-08-06T13:55:32,12.54,12.54,12.4782,12.4782,126.4737
2025-08-06T13:55:33,12.4773,12.4773,12.4773,12.4773,76.0526
2025-08-06T13:55:34,12.407,12.407,12.407,12.407,32.6316
2025-08-06T13:55:35,12.54,12.54,12.54,12.54,81.3684
2025-08-06T13:55:37,12.5267,12.5267,12.5267,12.5267,22.7368
2025-08-06T13:55:39,12.5191,12.5191,12.5172,12.5172,113.1579
2025-08-06T13:55:40,12.4868,12.4868,12.4868,12.4868,114.2632
2025-08-06T13:55:41,12.5039,12.5039,12.5039,12.5039,52.6316
2025-08-06T13:55:42,12.5105,12.5105,12.5096,12.5096,529.6316
2025-08-06T13:55:44,12.5153,12.5153,12.5153,12.5153,521.0526
2025-08-06T13:55:45,12.5096,12.5096,12.5096,12.5096,9.2632
2025-08-06T13:55:46,12.5096,12.5096,12.5096,12.5096,52.6316
2025-08-06T13:55:47,12.5096,12.5096,12.5096,12.5096,65.6842
2025-08-06T13:55:48,12.502,12.5381,12.502,12.5381,1009.1579
2025-08-06T13:55:49,12.5134,12.5134,12.4469,12.4469,3234.3684
2025-08-06T13:55:50,12.4507,12.5096,12.4507,12.4802,835.5789
2025-08-06T13:55:51,12.5077,12.5077,12.4526,12.4526,41.3684
2025-08-06T13:55:52,12.4526,12.4526,12.35,12.35,5523.9474
2025-08-06T13:55:53,12.4089,12.445,12.35,12.35,3191.0526
2025-08-06T13:55:54,12.3652,12.3652,12.3652,12.3652,25.4737
2025-08-06T13:55:55,12.3842,12.3842,12.3747,12.3842,68.4211
2025-08-06T13:55:56,12.3823,12.4298,12.3785,12.4298,59.1053
2025-08-06T13:55:57,12.3652,12.3652,12.3652,12.3652,119.6316
2025-08-06T13:55:59,12.3861,12.4298,12.3861,12.4298,326.3158
2025-08-06T13:56:00,12.3861,12.3861,12.3861,12.3861,13.4211
2025-08-06T13:56:01,12.4108,12.4298,12.4013,12.4298,244.3158
2025-08-06T13:56:02,12.4013,12.4013,12.3785,12.3785,166.5263
2025-08-06T13:56:03,12.4279,12.4279,12.3462,12.3462,3175.3684
2025-08-06T13:56:04,12.3462,12.3462,12.16,12.1809,5474.0526
2025-08-06T13:56:05,12.1619,12.3215,12.1619,12.3215,204.1579
2025-08-06T13:56:06,12.1676,12.2075,12.1676,12.1676,864.9474
2025-08-06T13:56:07,12.2455,12.2474,12.2075,12.2455,166.6842
2025-08-06T13:56:08,12.1714,12.2056,12.1714,12.2056,19.1579
2025-08-06T13:56:09,12.1695,12.1695,12.1695,12.1695,110.6842
2025-08-06T13:56:10,12.2075,12.2911,12.2075,12.2892,234.5789
2025-08-06T13:56:11,12.2892,12.2892,12.2892,12.2892,424.8421
2025-08-06T13:56:12,12.2474,12.3177,12.2474,12.2474,108.8947
2025-08-06T13:56:13,12.2531,12.3196,12.2493,12.2569,133.3684
2025-08-06T13:56:14,12.2721,12.3177,12.2721,12.2835,661.3158
2025-08-06T13:56:17,12.2759,12.3158,12.2759,12.2987,83.0526
2025-08-06T13:56:18,12.2949,12.2949,12.2949,12.2949,203.3158
2025-08-06T13:56:19,12.3044,12.3044,12.2721,12.2721,61.5263
2025-08-06T13:56:20,12.3044,12.3177,12.274,12.274,40.5263
2025-08-06T13:56:24,12.274,12.274,12.274,12.274,32.3684
2025-08-06T13:56:25,12.2738,12.274,12.2738,12.274,39.4737
2025-08-06T13:56:26,12.274,12.274,12.274,12.274,26.8421
2025-08-06T13:56:27,12.2759,12.2759,12.2759,12.2759,6.3158
2025-08-06T13:56:28,12.2759,12.2759,12.2759,12.2759,55.2632
2025-08-06T13:56:29,12.2759,12.3196,12.274,12.274,433.6842
2025-08-06T13:56:30,12.274,12.2759,12.274,12.2759,267.6316
2025-08-06T13:56:31,12.3177,12.3177,12.3177,12.3177,12.6316
2025-08-06T13:56:33,12.2873,12.2873,12.2873,12.2873,421.0526
2025-08-06T13:56:34,12.2873,12.2873,12.2873,12.2873,790.4737
2025-08-06T13:56:35,12.3196,12.3196,12.3196,12.3196,39.2632
2025-08-06T13:56:36,12.3728,12.3747,12.3728,12.3728,504.3684
2025-08-06T13:56:37,12.331,12.331,12.2892,12.2892,42.2632
2025-08-06T13:56:38,12.3196,12.3348,12.3177,12.3177,65.9474
2025-08-06T13:56:39,12.3728,12.3728,12.3728,12.3728,43.2105
2025-08-06T13:56:40,12.3728,12.3728,12.3709,12.3709,65.7895
2025-08-06T13:56:41,12.3653,12.368,12.3653,12.368,228.7895
2025-08-06T13:56:42,12.3044,12.331,12.2987,12.3063,93.5263
2025-08-06T13:56:49,12.35,12.35,12.35,12.35,17.8421
2025-08-06T13:56:51,12.3338,12.3338,12.3338,12.3338,7.8947
2025-08-06T13:56:52,12.3348,12.3348,12.3177,12.3177,275.5263
2025-08-06T13:56:53,12.3339,12.3339,12.274,12.312,756.4211
2025-08-06T13:56:54,12.3063,12.3063,12.2742,12.2742,24.6842
2025-08-06T13:56:55,12.3082,12.3082,12.3082,12.3082,421.1579
2025-08-06T13:56:56,12.312,12.3177,12.312,12.3177,30.4737
2025-08-06T13:57:01,12.3291,12.3443,12.3082,12.3443,88.0
2025-08-06T13:57:04,12.3386,12.3386,12.3344,12.3344,231.7368
2025-08-06T13:57:05,12.331,12.331,12.331,12.331,75.2105
2025-08-06T13:57:06,12.331,12.331,12.331,12.331,6.3158
2025-08-06T13:57:07,12.3177,12.3177,12.3177,12.3177,50.5263
2025-08-06T13:57:08,12.3443,12.3443,12.3196,12.3196,20.5789
2025-08-06T13:57:09,12.3443,12.3443,12.331,12.331,190.1579
2025-08-06T13:57:10,12.3424,12.3424,12.3424,12.3424,40.0
2025-08-06T13:57:13,12.3405,12.35,12.3367,12.3443,157.4211
2025-08-06T13:57:14,12.3433,12.3433,12.3433,12.3433,161.8421
2025-08-06T13:57:15,12.3443,12.3443,12.3424,12.3424,47.6316
2025-08-06T13:57:16,12.3443,12.3443,12.3424,12.3424,57.7895
2025-08-06T13:57:17,12.3426,12.3426,12.3426,12.3426,5.2632
2025-08-06T13:57:18,12.3424,12.3424,12.3177,12.3177,640.3158
2025-08-06T13:57:19,12.3443,12.3443,12.3443,12.3443,64.2632
2025-08-06T13:57:20,12.312,12.312,12.312,12.312,12.3684
2025-08-06T13:57:21,12.3329,12.3329,12.3082,12.3177,364.8947
2025-08-06T13:57:22,12.3082,12.3082,12.3063,12.3063,415.5789
2025-08-06T13:57:23,12.3044,12.3044,12.3044,12.3044,27.4211
2025-08-06T13:57:24,12.3101,12.312,12.2892,12.2892,64.6842
2025-08-06T13:57:25,12.3063,12.3063,12.274,12.274,337.6316
2025-08-06T13:57:26,12.2759,12.312,12.274,12.312,92.0
2025-08-06T13:57:27,12.2892,12.2892,12.2873,12.2873,63.0526
2025-08-06T13:57:28,12.2816,12.2892,12.2816,12.2816,618.5789
2025-08-06T13:57:29,12.2892,12.312,12.2892,12.312,138.7368
2025-08-06T13:57:30,12.3101,12.3101,12.3101,12.3101,500.0
2025-08-06T13:57:31,12.2987,12.312,12.2987,12.312,43.1579
2025-08-06T13:57:32,12.312,12.312,12.312,12.312,193.6316
2025-08-06T13:57:33,12.2892,12.2892,12.2892,12.2892,81.6842
2025-08-06T13:57:34,12.2892,12.2911,12.274,12.2911,636.6316
2025-08-06T13:57:35,12.3044,12.3044,12.3044,12.3044,81.0
2025-08-06T13:57:37,12.3044,12.3044,12.3025,12.3025,382.7895
2025-08-06T13:57:38,12.3044,12.3044,12.2892,12.3044,640.1053
2025-08-06T13:57:39,12.3025,12.3044,12.274,12.274,399.5263
2025-08-06T13:57:40,12.2892,12.312,12.2892,12.312,151.1053
2025-08-06T13:57:41,12.3082,12.3082,12.2892,12.2892,42.8421
2025-08-06T13:57:42,12.3025,12.3025,12.3025,12.3025,354.1579
2025-08-06T13:57:43,12.2892,12.2892,12.2892,12.2892,305.2632
2025-08-06T13:57:44,12.2759,12.2892,12.2759,12.2892,28.7368
2025-08-06T13:57:45,12.2816,12.289,12.2816,12.289,10.8421
2025-08-06T13:57:47,12.2797,12.2797,12.2778,12.2778,20.7368
2025-08-06T13:57:48,12.2873,12.2873,12.2835,12.2835,760.5789
2025-08-06T13:57:49,12.2835,12.2835,12.2835,12.2835,14.2105
2025-08-06T13:57:50,12.2835,12.2892,12.2531,12.2569,1269.5789
2025-08-06T13:57:51,12.2778,12.2778,12.255,12.2721,330.2632
2025-08-06T13:57:52,12.255,12.255,12.2379,12.2379,194.6316
2025-08-06T13:57:53,12.2493,12.2493,12.198,12.2417,302.0
2025-08-06T13:57:54,12.2151,12.2151,12.1657,12.1885,1300.6316
2025-08-06T13:57:55,12.1657,12.1657,12.1657,12.1657,129.8947
2025-08-06T13:57:56,12.1676,12.2113,12.1676,12.1695,377.9474
2025-08-06T13:57:57,12.1695,12.1695,12.1676,12.1676,453.9474
2025-08-06T13:57:58,12.1895,12.1895,12.1695,12.1695,459.2632
2025-08-06T13:57:59,12.2094,12.2094,12.1809,12.2094,104.2632
2025-08-06T13:58:00,12.1809,12.2113,12.1809,12.2094,754.5263
2025-08-06T13:58:01,12.1847,12.2094,12.1809,12.1828,33.0
2025-08-06T13:58:02,12.2094,12.2113,12.1828,12.2094,163.2105
2025-08-06T13:58:03,12.236,12.236,12.2113,12.2113,82.3684
2025-08-06T13:58:04,12.2113,12.236,12.1866,12.236,379.8421
2025-08-06T13:58:05,12.2094,12.2094,12.2075,12.2075,205.0
2025-08-06T13:58:06,12.2002,12.2075,12.2002,12.2075,695.1053
2025-08-06T13:58:07,12.2094,12.2094,12.2075,12.2075,101.2105
2025-08-06T13:58:08,12.2075,12.2379,12.2075,12.2075,609.1579
2025-08-06T13:58:09,12.2075,12.2075,12.2075,12.2075,53.9474
2025-08-06T13:58:10,12.2379,12.2569,12.2094,12.2094,139.9474
2025-08-06T13:58:13,12.2246,12.236,12.2113,12.2113,165.8947
2025-08-06T13:58:15,12.2322,12.2379,12.2322,12.2379,37.6842
2025-08-06T13:58:16,12.2417,12.2892,12.2417,12.2892,995.8947
2025-08-06T13:58:17,12.2645,12.35,12.2645,12.3006,1320.7368
2025-08-06T13:58:18,12.3481,12.3481,12.3025,12.3025,111.4211
2025-08-06T13:58:20,12.3329,12.3329,12.3044,12.3044,536.5789
2025-08-06T13:58:21,12.3329,12.3329,12.3329,12.3329,426.3158
2025-08-06T13:58:22,12.3348,12.3348,12.3348,12.3348,20.2105
2025-08-06T13:58:23,12.312,12.312,12.312,12.312,6.5789
2025-08-06T13:58:24,12.3196,12.3196,12.3044,12.3044,249.0526
2025-08-06T13:58:25,12.3196,12.3215,12.3158,12.3158,73.4211
2025-08-06T13:58:26,12.3215,12.3215,12.3215,12.3215,16.7368
2025-08-06T13:58:28,12.3196,12.3205,12.3196,12.3196,171.5789
2025-08-06T13:58:29,12.3215,12.3215,12.3205,12.3215,158.5789
2025-08-06T13:58:30,12.3196,12.3215,12.3196,12.3215,55.0
2025-08-06T13:58:31,12.3196,12.3215,12.3196,12.3205,459.7895
2025-08-06T13:58:32,12.3196,12.3215,12.312,12.3215,792.8947
2025-08-06T13:58:33,12.3215,12.3215,12.2911,12.2911,141.8421
2025-08-06T13:58:34,12.3215,12.3215,12.3053,12.3053,389.5263
2025-08-06T13:58:36,12.2911,12.2911,12.2911,12.2911,68.4211
2025-08-06T13:58:37,12.2892,12.3025,12.2816,12.2816,412.0
2025-08-06T13:58:38,12.2911,12.2911,12.2854,12.2854,37.9474
2025-08-06T13:58:39,12.3196,12.3196,12.3196,12.3196,7.8421
2025-08-06T13:58:40,12.2911,12.2911,12.2911,12.2911,5.4211
2025-08-06T13:58:42,12.2911,12.2911,12.2816,12.2911,92.1579
2025-08-06T13:58:44,12.3139,12.3139,12.2816,12.2816,56.4211
2025-08-06T13:58:45,12.3025,12.3025,12.2911,12.2911,47.5789
2025-08-06T13:58:46,12.2816,12.2816,12.2816,12.2816,229.0
2025-08-06T13:58:47,12.2303,12.2493,12.2284,12.2493,557.8947
2025-08-06T13:58:48,12.2303,12.2303,12.2303,12.2303,58.8421
2025-08-06T13:58:50,12.2645,12.2645,12.2132,12.2284,660.9474
2025-08-06T13:58:51,12.2094,12.236,12.1657,12.1657,473.5263
2025-08-06T13:58:52,12.1838,12.1838,12.1838,12.1838,14.0
2025-08-06T13:58:53,12.198,12.198,12.1714,12.1714,31.5789
2025-08-06T13:58:54,12.198,12.198,12.198,12.198,473.6842
2025-08-06T13:58:55,12.1714,12.1714,12.1714,12.1714,9.8947
2025-08-06T13:58:56,12.1714,12.1714,12.1714,12.1714,241.6842
2025-08-06T13:58:57,12.1866,12.1866,12.1866,12.1866,5.2632
2025-08-06T13:58:58,12.198,12.198,12.1733,12.1733,540.0526
2025-08-06T13:58:59,12.198,12.198,12.1752,12.1752,220.8421
2025-08-06T13:59:00,12.198,12.2284,12.1961,12.2284,798.7368
2025-08-06T13:59:01,12.2284,12.255,12.2284,12.255,34.3158
2025-08-06T13:59:02,12.2037,12.255,12.2037,12.255,140.2105
2025-08-06T13:59:03,12.2208,12.2512,12.1999,12.2255,461.6842
2025-08-06T13:59:04,12.2018,12.2018,12.2018,12.2018,10.5263
2025-08-06T13:59:05,12.1885,12.2018,12.1885,12.2018,121.0526
2025-08-06T13:59:06,12.1733,12.2018,12.1695,12.2018,182.9474
2025-08-06T13:59:07,12.1752,12.1752,12.1752,12.1752,237.4211
2025-08-06T13:59:08,12.1999,12.2018,12.1999,12.2018,40.7895
2025-08-06T13:59:10,12.2018,12.2493,12.2018,12.2246,353.2105
2025-08-06T13:59:11,12.2018,12.2018,12.198,12.2018,252.7895
2025-08-06T13:59:12,12.2008,12.2057,12.2008,12.2018,35.5789
2025-08-06T13:59:13,12.2018,12.2018,12.2018,12.2018,9.1053
2025-08-06T13:59:15,12.2132,12.2132,12.2132,12.2132,31.4211
2025-08-06T13:59:17,12.2046,12.2046,12.2046,12.2046,5.2632
2025-08-06T13:59:18,12.2018,12.2037,12.2018,12.2037,57.8947
2025-08-06T13:59:20,12.2075,12.2075,12.2075,12.2075,39.2632
2025-08-06T13:59:22,12.2037,12.2037,12.2018,12.2037,201.5789
2025-08-06T13:59:23,12.2028,12.2037,12.2028,12.2037,626.5789
2025-08-06T13:59:24,12.2037,12.2037,12.2018,12.2018,57.3684
2025-08-06T13:59:26,12.2018,12.2037,12.179,12.1914,704.4211
2025-08-06T13:59:27,12.1809,12.1814,12.1657,12.1814,1055.0
2025-08-06T13:59:28,12.1752,12.1923,12.16,12.16,2899.6842
2025-08-06T13:59:29,12.1619,12.1619,12.16,12.16,2383.1579
2025-08-06T13:59:30,12.1619,12.1619,12.1619,12.1619,525.5789
2025-08-06T13:59:31,12.1961,12.1961,12.16,12.1619,697.1053
2025-08-06T13:59:32,12.16,12.1619,12.16,12.1619,154.5789
2025-08-06T13:59:33,12.16,12.1619,12.16,12.1619,106.5263
2025-08-06T13:59:34,12.16,12.1619,12.16,12.1619,72.5263
2025-08-06T13:59:35,12.16,12.1619,12.16,12.1619,95.6316
2025-08-06T13:59:36,12.16,12.1619,12.16,12.16,40.3684
2025-08-06T13:59:37,12.16,12.161,12.16,12.161,257.1579
2025-08-06T13:59:38,12.16,12.16,12.16,12.16,193.3684
2025-08-06T13:59:39,12.16,12.1619,12.065,12.0944,5029.3158
2025-08-06T13:59:40,12.1239,12.1239,12.065,12.0669,1124.8421
2025-08-06T13:59:41,12.0697,12.0745,12.065,12.065,353.9474
2025-08-06T13:59:42,12.0745,12.0745,12.065,12.0745,589.7895
2025-08-06T13:59:43,12.0657,12.0745,12.065,12.065,470.2105
2025-08-06T13:59:44,12.0669,12.0669,12.065,12.0669,399.0
2025-08-06T13:59:45,12.0669,12.0669,12.065,12.0669,515.1053
2025-08-06T13:59:46,12.066,12.0745,12.0593,12.065,619.0526
2025-08-06T13:59:47,12.065,12.0745,12.065,12.0745,53.1053
2025-08-06T13:59:48,12.0697,12.0745,12.0669,12.0745,426.6316
2025-08-06T13:59:49,12.0697,12.0726,12.0697,12.0726,589.8947
2025-08-06T13:59:50,12.0702,12.0707,12.065,12.0669,553.5789
2025-08-06T13:59:51,12.0726,12.1106,12.0669,12.1106,718.7895
2025-08-06T13:59:52,12.1106,12.1106,12.1106,12.1106,54.4211
2025-08-06T13:59:53,12.0897,12.0897,12.0878,12.0878,736.8421
2025-08-06T13:59:54,12.1049,12.1049,12.0745,12.0745,125.9474
2025-08-06T13:59:55,12.0745,12.1106,12.0745,12.0925,423.0526
2025-08-06T13:59:56,12.1106,12.1258,12.0878,12.112,209.2632
2025-08-06T13:59:57,12.1239,12.1258,12.1239,12.1239,327.3684
2025-08-06T13:59:58,12.1182,12.1258,12.1182,12.1258,689.4737
2025-08-06T13:59:59,12.1144,12.1144,12.1144,12.1144,62.3684
2025-08-06T14:00:00,12.1258,12.1258,12.1144,12.1144,243.6842
2025-08-06T14:00:01,12.1106,12.1256,12.1106,12.1256,175.1053
2025-08-06T14:00:03,12.1106,12.1106,12.1106,12.1106,10.2632
2025-08-06T14:00:06,12.1087,12.1087,12.1087,12.1087,30.0526
2025-08-06T14:00:08,12.1106,12.1106,12.1106,12.1106,23.1053
2025-08-06T14:00:10,12.1068,12.1087,12.1068,12.1087,161.7895
2025-08-06T14:00:11,12.1087,12.1087,12.1068,12.1068,65.1579
2025-08-06T14:00:12,12.1087,12.1087,12.1087,12.1087,107.6316
2025-08-06T14:00:13,12.1068,12.1068,12.1068,12.1068,10.1053
2025-08-06T14:00:14,12.1106,12.1106,12.1106,12.1106,10.5263
2025-08-06T14:00:15,12.1106,12.1106,12.1087,12.1087,89.8947
2025-08-06T14:00:16,12.1068,12.1087,12.1068,12.1087,118.4737
2025-08-06T14:00:17,12.1068,12.1106,12.0992,12.1106,532.4737
2025-08-06T14:00:18,12.1068,12.1087,12.1068,12.1087,70.6842
2025-08-06T14:00:19,12.1068,12.1106,12.1068,12.1106,90.5263
2025-08-06T14:00:20,12.1087,12.1182,12.1087,12.1106,195.3158
2025-08-06T14:00:21,12.122,12.236,12.122,12.2341,749.6316
2025-08-06T14:00:22,12.1619,12.1619,12.16,12.16,165.1579
2025-08-06T14:00:23,12.1619,12.1619,12.1619,12.1619,8.5263
2025-08-06T14:00:25,12.197,12.197,12.197,12.197,204.9474
2025-08-06T14:00:26,12.2341,12.2341,12.2341,12.2341,31.5789
2025-08-06T14:00:27,12.1619,12.1619,12.16,12.16,111.9474
2025-08-06T14:00:28,12.1961,12.1961,12.1619,12.1619,59.0526
2025-08-06T14:00:33,12.1638,12.1638,12.1638,12.1638,10.3684
2025-08-06T14:00:39,12.1961,12.1961,12.1961,12.1961,19.5263
2025-08-06T14:00:40,12.1638,12.1638,12.1638,12.1638,26.3158
2025-08-06T14:00:41,12.1885,12.1885,12.1885,12.1885,5.5263
2025-08-06T14:00:42,12.1885,12.1885,12.1885,12.1885,9.8421
2025-08-06T14:00:43,12.1657,12.1657,12.1657,12.1657,26.7895
2025-08-06T14:00:44,12.1657,12.1885,12.1657,12.1676,373.8947
2025-08-06T14:00:45,12.1809,12.1809,12.1809,12.1809,26.3158
2025-08-06T14:00:49,12.1809,12.35,12.1809,12.35,2648.9474
2025-08-06T14:00:50,12.369,12.4279,12.3481,12.3481,1904.7895
2025-08-06T14:00:51,12.35,12.35,12.1809,12.3196,1565.7368
2025-08-06T14:00:54,12.3462,12.3462,12.3462,12.3462,31.0526
2025-08-06T14:00:55,12.3481,12.3481,12.3481,12.3481,262.1579
2025-08-06T14:00:56,12.2987,12.2987,12.255,12.255,26.3158
2025-08-06T14:00:57,12.255,12.255,12.255,12.255,95.8947
2025-08-06T14:00:58,12.2778,12.2778,12.2569,12.2569,58.3684
2025-08-06T14:00:59,12.2987,12.2987,12.2987,12.2987,78.9474
2025-08-06T14:01:00,12.3025,12.3025,12.2987,12.2987,39.1053
2025-08-06T14:01:02,12.2987,12.2987,12.2987,12.2987,9.9474
2025-08-06T14:01:03,12.2987,12.2987,12.2987,12.2987,13.1053
2025-08-06T14:01:04,12.2987,12.3424,12.2987,12.3424,265.3684
2025-08-06T14:01:05,12.3462,12.3462,12.3025,12.3025,126.8947
2025-08-06T14:01:06,12.3481,12.4811,12.3443,12.4811,1099.7368
2025-08-06T14:01:07,12.4792,12.54,12.4792,12.54,1528.4211
2025-08-06T14:01:08,12.4906,12.5381,12.4887,12.4906,1881.8947
2025-08-06T14:01:09,12.54,12.54,12.4906,12.54,112.1579
2025-08-06T14:01:10,12.54,12.54,12.5153,12.5172,266.1579
2025-08-06T14:01:11,12.5153,12.5381,12.4811,12.4811,1814.8421
2025-08-06T14:01:12,12.4849,12.5818,12.4849,12.5818,2193.4211
2025-08-06T14:01:13,12.5609,12.6331,12.559,12.6331,2043.6316
2025-08-06T14:01:14,12.5932,12.6806,12.5913,12.6806,2217.7368
2025-08-06T14:01:15,12.6806,12.6806,12.6407,12.6407,633.9474
2025-08-06T14:01:16,12.6607,12.6787,12.6407,12.6407,342.4211
2025-08-06T14:01:17,12.6597,12.673,12.6407,12.6407,198.3684
2025-08-06T14:01:18,12.6008,12.6008,12.5172,12.5609,1402.2632
2025-08-06T14:01:19,12.5419,12.5419,12.54,12.54,42.1579
2025-08-06T14:01:20,12.578,12.5799,12.54,12.5656,758.0
2025-08-06T14:01:21,12.578,12.5799,12.5533,12.5799,574.2632
2025-08-06T14:01:22,12.5609,12.5609,12.5562,12.5562,37.7895
2025-08-06T14:01:23,12.559,12.559,12.5514,12.5514,393.6842
2025-08-06T14:01:24,12.5609,12.5609,12.5514,12.5514,103.4211
2025-08-06T14:01:25,12.5476,12.5514,12.5476,12.5514,19.6316
2025-08-06T14:01:26,12.5419,12.5533,12.5419,12.5533,313.2105
2025-08-06T14:01:27,12.5476,12.6103,12.5476,12.5856,2769.5789
2025-08-06T14:01:28,12.5856,12.5856,12.5476,12.559,632.3158
2025-08-06T14:01:29,12.5552,12.5552,12.5552,12.5552,79.8947
2025-08-06T14:01:30,12.5533,12.5552,12.5514,12.5533,705.9474
2025-08-06T14:01:31,12.5533,12.5543,12.5533,12.5543,122.4211
2025-08-06T14:01:32,12.5533,12.5533,12.5533,12.5533,240.7895
2025-08-06T14:01:33,12.5533,12.5533,12.5324,12.54,832.1053
2025-08-06T14:01:34,12.5438,12.5438,12.5172,12.5172,216.1579
2025-08-06T14:01:35,12.5315,12.5457,12.5315,12.5457,101.5263
2025-08-06T14:01:36,12.5457,12.5457,12.5324,12.5419,122.3684
2025-08-06T14:01:37,12.5191,12.5191,12.5153,12.5172,402.2632
2025-08-06T14:01:38,12.5096,12.5324,12.5096,12.5324,50.8421
2025-08-06T14:01:39,12.4963,12.4963,12.4963,12.4963,37.7895
2025-08-06T14:01:40,12.4963,12.5001,12.4811,12.4925,319.1579
2025-08-06T14:01:41,12.5058,12.521,12.4925,12.521,410.0526
2025-08-06T14:01:43,12.5191,12.5274,12.5134,12.5134,71.5789
2025-08-06T14:01:44,12.5248,12.5248,12.5248,12.5248,45.8421
2025-08-06T14:01:45,12.521,12.5799,12.521,12.5381,1763.0
2025-08-06T14:01:46,12.5609,12.5932,12.5286,12.54,2339.7368
2025-08-06T14:01:47,12.5172,12.6198,12.5172,12.5932,648.2105
2025-08-06T14:01:48,12.5506,12.5894,12.5438,12.5438,535.7895
2025-08-06T14:01:50,12.587,12.587,12.5704,12.5704,18.5789
2025-08-06T14:01:51,12.597,12.597,12.5704,12.5704,790.5263
2025-08-06T14:01:52,12.597,12.597,12.597,12.597,28.7368
2025-08-06T14:01:53,12.5438,12.5438,12.5381,12.54,97.7895
2025-08-06T14:01:54,12.5381,12.5381,12.5172,12.5172,233.0
2025-08-06T14:01:55,12.5277,12.5277,12.5134,12.5134,1345.0
2025-08-06T14:01:56,12.5134,12.5134,12.4963,12.4963,900.0
2025-08-06T14:01:57,12.5305,12.5305,12.5305,12.5305,13.6316
2025-08-06T14:01:58,12.5305,12.5305,12.5172,12.5286,84.4211
2025-08-06T14:01:59,12.5039,12.5039,12.5039,12.5039,31.2105
2025-08-06T14:02:01,12.5305,12.5305,12.5305,12.5305,530.0
2025-08-06T14:02:03,12.5039,12.5039,12.4868,12.4925,490.9474
2025-08-06T14:02:04,12.4697,12.502,12.4697,12.502,185.0526
2025-08-06T14:02:05,12.4697,12.502,12.4697,12.502,417.8421
2025-08-06T14:02:06,12.5001,12.5001,12.5001,12.5001,13.5789
2025-08-06T14:02:08,12.4925,12.4925,12.4089,12.4089,116.7895
2025-08-06T14:02:09,12.4089,12.4089,12.407,12.407,11.4211
2025-08-06T14:02:10,12.4165,12.4165,12.4051,12.4051,81.3684
2025-08-06T14:02:14,12.4156,12.4156,12.4156,12.4156,21.1579
2025-08-06T14:02:15,12.4051,12.4393,12.4051,12.4222,155.4737
2025-08-06T14:02:16,12.4374,12.4393,12.4222,12.4222,526.3158
2025-08-06T14:02:18,12.4222,12.4222,12.4222,12.4222,5.5263
2025-08-06T14:02:19,12.4118,12.4118,12.4118,12.4118,5.2632
2025-08-06T14:02:20,12.407,12.407,12.407,12.407,500.0
2025-08-06T14:02:21,12.4051,12.4944,12.4051,12.4944,504.0
2025-08-06T14:02:22,12.4545,12.4545,12.4127,12.4127,40.3158
2025-08-06T14:02:23,12.407,12.407,12.407,12.407,21.1053
2025-08-06T14:02:24,12.4127,12.4127,12.4127,12.4127,16.8421
2025-08-06T14:02:25,12.4127,12.4127,12.4127,12.4127,41.9474
2025-08-06T14:02:28,12.4127,12.4127,12.4127,12.4127,38.0
2025-08-06T14:02:29,12.4127,12.4127,12.4108,12.4108,55.8421
2025-08-06T14:02:32,12.4108,12.4108,12.4108,12.4108,17.3158
2025-08-06T14:02:33,12.4108,12.4108,12.4108,12.4108,8.0
2025-08-06T14:02:34,12.4108,12.4108,12.4108,12.4108,52.6316
2025-08-06T14:02:36,12.4089,12.4127,12.407,12.407,245.7895
2025-08-06T14:02:37,12.4108,12.4108,12.4108,12.4108,5.7895
2025-08-06T14:02:40,12.4108,12.4108,12.4108,12.4108,40.0
2025-08-06T14:02:41,12.4108,12.4108,12.4108,12.4108,17.7368
2025-08-06T14:02:42,12.4089,12.4108,12.4089,12.4108,109.0
2025-08-06T14:02:43,12.4099,12.4108,12.4099,12.4108,72.0526
2025-08-06T14:02:44,12.4108,12.4108,12.4108,12.4108,44.6316
2025-08-06T14:02:46,12.4089,12.4089,12.4089,12.4089,5.3158
2025-08-06T14:02:47,12.4108,12.4127,12.4108,12.4127,126.3684
2025-08-06T14:02:48,12.4118,12.4127,12.4108,12.4108,1111.3684
2025-08-06T14:02:49,12.4127,12.483,12.4108,12.426,615.0
2025-08-06T14:02:50,12.4308,12.4431,12.4308,12.4431,760.3684
2025-08-06T14:02:52,12.445,12.445,12.445,12.445,62.7368
2025-08-06T14:02:53,12.4431,12.445,12.4431,12.445,598.2105
2025-08-06T14:02:56,12.445,12.4735,12.4431,12.4735,840.7895
2025-08-06T14:02:57,12.483,12.5001,12.483,12.5001,511.0526
2025-08-06T14:02:58,12.5001,12.5305,12.4982,12.5153,519.6842
2025-08-06T14:02:59,12.521,12.5305,12.521,12.5286,242.1053
2025-08-06T14:03:00,12.5305,12.5305,12.5229,12.5286,510.6842
2025-08-06T14:03:02,12.5267,12.5381,12.5267,12.5381,47.3684
2025-08-06T14:03:03,12.5286,12.5286,12.5286,12.5286,5.2632
2025-08-06T14:03:04,12.5286,12.5333,12.5286,12.5286,163.1579
2025-08-06T14:03:05,12.5381,12.54,12.5286,12.54,1073.3158
2025-08-06T14:03:06,12.5343,12.6749,12.5343,12.6749,2475.5789
2025-08-06T14:03:08,12.635,12.655,12.635,12.655,277.4211
2025-08-06T14:03:09,12.673,12.673,12.635,12.635,198.0
2025-08-06T14:03:10,12.6369,12.6369,12.6369,12.6369,210.5263
2025-08-06T14:03:11,12.6369,12.6464,12.635,12.6464,106.8421
2025-08-06T14:03:12,12.6464,12.6559,12.635,12.6369,231.6316
2025-08-06T14:03:13,12.6559,12.6559,12.6559,12.6559,61.9474
2025-08-06T14:03:14,12.6559,12.6578,12.6559,12.6578,179.5789
2025-08-06T14:03:15,12.6578,12.6578,12.6369,12.6578,722.5789
2025-08-06T14:03:16,12.6559,12.6578,12.635,12.6559,672.5789
2025-08-06T14:03:17,12.6369,12.6445,12.6141,12.6141,356.8947
2025-08-06T14:03:18,12.6141,12.6331,12.5932,12.5932,229.7368
2025-08-06T14:03:19,12.5799,12.6274,12.5742,12.6274,153.1579
2025-08-06T14:03:20,12.5818,12.6274,12.5818,12.5818,818.5263
2025-08-06T14:03:21,12.6027,12.6274,12.5799,12.5856,95.3158
2025-08-06T14:03:22,12.5799,12.6255,12.54,12.559,799.6316
2025-08-06T14:03:23,12.5799,12.5799,12.5799,12.5799,39.0
2025-08-06T14:03:24,12.5419,12.56,12.5419,12.56,175.9474
2025-08-06T14:03:25,12.5419,12.578,12.5419,12.5723,673.3158
2025-08-06T14:03:26,12.5438,12.5628,12.483,12.5628,316.3158
2025-08-06T14:03:27,12.5172,12.5172,12.5172,12.5172,52.6316
2025-08-06T14:03:28,12.5248,12.5248,12.5248,12.5248,13.1579
2025-08-06T14:03:29,12.5153,12.5153,12.5153,12.5153,19.5789
2025-08-06T14:03:31,12.4887,12.5305,12.4792,12.5153,82.2105
2025-08-06T14:03:32,12.5324,12.5324,12.5134,12.5134,309.2105
2025-08-06T14:03:33,12.483,12.5153,12.483,12.5151,56.8421
2025-08-06T14:03:35,12.483,12.483,12.483,12.483,22.6842
2025-08-06T14:03:36,12.483,12.483,12.483,12.483,6.1053
2025-08-06T14:03:38,12.4849,12.4849,12.4849,12.4849,26.3158
2025-08-06T14:03:39,12.502,12.6065,12.502,12.5058,512.5789
2025-08-06T14:03:40,12.6046,12.6046,12.5039,12.5039,578.9474
2025-08-06T14:03:41,12.6065,12.6065,12.5039,12.6065,84.3158
2025-08-06T14:03:42,12.5153,12.5153,12.5153,12.5153,26.3158
2025-08-06T14:03:43,12.6065,12.6065,12.6065,12.6065,8.9474
2025-08-06T14:03:45,12.5856,12.6065,12.5856,12.6065,109.8421
2025-08-06T14:03:46,12.6046,12.6046,12.6046,12.6046,52.7895
2025-08-06T14:03:47,12.6046,12.6046,12.5856,12.5856,133.3684
2025-08-06T14:03:48,12.5799,12.5799,12.5039,12.5381,953.5263
2025-08-06T14:03:49,12.5381,12.5381,12.5229,12.5229,184.8421
2025-08-06T14:03:53,12.54,12.54,12.54,12.54,45.8947
2025-08-06T14:03:54,12.5267,12.5267,12.5267,12.5267,10.8947
2025-08-06T14:03:55,12.5286,12.5286,12.5267,12.5286,173.6842
2025-08-06T14:03:57,12.5248,12.5267,12.5248,12.5267,165.7895
2025-08-06T14:03:58,12.5267,12.5267,12.5248,12.5248,377.1053
2025-08-06T14:04:00,12.5229,12.5229,12.5229,12.5229,6.2105
2025-08-06T14:04:02,12.502,12.5267,12.502,12.5267,887.8947
2025-08-06T14:04:03,12.502,12.5514,12.502,12.5514,948.9474
2025-08-06T14:04:04,12.5514,12.6046,12.5514,12.6027,834.4737
2025-08-06T14:04:06,12.5723,12.6046,12.5723,12.5723,427.4737
2025-08-06T14:04:08,12.6027,12.6065,12.6027,12.6065,121.3684
2025-08-06T14:04:09,12.5704,12.5704,12.5704,12.5704,8.6842
2025-08-06T14:04:10,12.5704,12.5704,12.5286,12.5704,45.8947
2025-08-06T14:04:11,12.5495,12.5723,12.5495,12.5723,141.0
2025-08-06T14:04:12,12.5343,12.5723,12.5343,12.5723,31.6316
2025-08-06T14:04:13,12.5343,12.5685,12.5058,12.5511,590.8947
2025-08-06T14:04:14,12.5438,12.5438,12.5286,12.5381,761.0526
2025-08-06T14:04:17,12.5096,12.5115,12.5096,12.5115,12.0
2025-08-06T14:04:18,12.5096,12.5229,12.5096,12.5229,258.7368
2025-08-06T14:04:19,12.5115,12.5248,12.5096,12.522,610.1579
2025-08-06T14:04:20,12.5229,12.5229,12.5058,12.5096,536.2105
2025-08-06T14:04:21,12.5229,12.5229,12.5229,12.5229,55.2105
2025-08-06T14:04:23,12.5153,12.5153,12.5153,12.5153,15.7895
2025-08-06T14:04:24,12.5153,12.5153,12.5153,12.5153,14.0
2025-08-06T14:04:25,12.5182,12.5182,12.5182,12.5182,51.4737
2025-08-06T14:04:26,12.5096,12.5286,12.5077,12.5096,108.1053
2025-08-06T14:04:27,12.5134,12.5134,12.4431,12.4716,1037.0526
2025-08-06T14:04:28,12.4545,12.4716,12.4545,12.4697,64.3684
2025-08-06T14:04:29,12.4488,12.4716,12.426,12.4697,1447.2105
2025-08-06T14:04:30,12.4716,12.4716,12.3519,12.3519,734.0526
2025-08-06T14:04:31,12.3519,12.4165,12.3424,12.4165,1974.2632
2025-08-06T14:04:32,12.3842,12.4146,12.3842,12.4146,15.8421
2025-08-06T14:04:33,12.3519,12.4165,12.3519,12.4165,274.6316
2025-08-06T14:04:35,12.4165,12.4165,12.4146,12.4146,29.7368
2025-08-06T14:04:36,12.3823,12.3823,12.3557,12.3557,38.0526
2025-08-06T14:04:37,12.3595,12.3595,12.3595,12.3595,100.0
2025-08-06T14:04:38,12.3633,12.3633,12.3633,12.3633,22.3684
2025-08-06T14:04:39,12.3671,12.4165,12.3671,12.4165,45.6316
2025-08-06T14:04:40,12.4165,12.4165,12.3918,12.3918,20.1579
2025-08-06T14:04:41,12.369,12.369,12.369,12.369,17.4211
2025-08-06T14:04:42,12.3671,12.3823,12.3671,12.369,60.2632
2025-08-06T14:04:43,12.3671,12.3671,12.3671,12.3671,18.1053
2025-08-06T14:04:46,12.3899,12.3899,12.3899,12.3899,28.6316
2025-08-06T14:04:47,12.3728,12.3804,12.3595,12.3595,602.4737
2025-08-06T14:04:50,12.3823,12.407,12.3823,12.4051,156.4737
2025-08-06T14:04:51,12.3975,12.3975,12.3899,12.3899,65.5263
2025-08-06T14:04:54,12.4089,12.4089,12.4089,12.4089,500.6842
2025-08-06T14:04:55,12.4053,12.4089,12.4051,12.4089,343.6316
2025-08-06T14:04:58,12.407,12.4089,12.4051,12.4051,147.3684
2025-08-06T14:04:59,12.4051,12.4072,12.3899,12.3899,505.5263
2025-08-06T14:05:00,12.3899,12.3899,12.3652,12.369,229.2632
2025-08-06T14:05:01,12.388,12.388,12.388,12.388,315.7895
2025-08-06T14:05:02,12.4051,12.4051,12.3462,12.3462,1790.8947
2025-08-06T14:05:03,12.3481,12.35,12.3481,12.35,95.5263
2025-08-06T14:05:05,12.35,12.35,12.3481,12.3481,70.4211
2025-08-06T14:05:06,12.3462,12.35,12.3462,12.35,18.4211
2025-08-06T14:05:07,12.3481,12.3481,12.3481,12.3481,157.8947
2025-08-06T14:05:08,12.3462,12.3481,12.3462,12.3462,64.7895
2025-08-06T14:05:09,12.3462,12.3462,12.3462,12.3462,28.2632
2025-08-06T14:05:10,12.3462,12.3462,12.3462,12.3462,42.1579
2025-08-06T14:05:11,12.35,12.35,12.35,12.35,30.3158
2025-08-06T14:05:12,12.3462,12.35,12.3462,12.35,604.8421
2025-08-06T14:05:13,12.3462,12.3462,12.255,12.255,862.4211
2025-08-06T14:05:14,12.255,12.3291,12.255,12.255,544.5263
2025-08-06T14:05:15,12.255,12.255,12.255,12.255,266.3684
2025-08-06T14:05:16,12.3291,12.331,12.2569,12.331,56.2105
2025-08-06T14:05:17,12.2569,12.2569,12.2569,12.2569,23.4211
2025-08-06T14:05:18,12.293,12.293,12.2569,12.2569,39.2632
2025-08-06T14:05:19,12.255,12.255,12.255,12.255,78.9474
2025-08-06T14:05:20,12.2778,12.2778,12.2778,12.2778,7.8947
2025-08-06T14:05:21,12.293,12.2959,12.293,12.2959,76.4737
2025-08-06T14:05:22,12.2987,12.4108,12.2968,12.3082,1384.2105
2025-08-06T14:05:23,12.4108,12.4108,12.3728,12.3728,796.3158
2025-08-06T14:05:24,12.4165,12.4165,12.4165,12.4165,526.3158
2025-08-06T14:05:25,12.388,12.388,12.3861,12.3861,25.2632
2025-08-06T14:05:27,12.35,12.35,12.35,12.35,32.5263
2025-08-06T14:05:28,12.369,12.54,12.369,12.54,1673.8421
2025-08-06T14:05:30,12.5647,12.5647,12.5058,12.5058,18.6842
2025-08-06T14:05:31,12.5628,12.5628,12.4317,12.4317,746.9474
2025-08-06T14:05:33,12.5381,12.5381,12.5381,12.5381,6.1053
2025-08-06T14:05:35,12.5058,12.5058,12.5058,12.5058,24.7368
2025-08-06T14:05:38,12.5058,12.506,12.4393,12.5058,294.8947
2025-08-06T14:05:40,12.5058,12.506,12.5058,12.5058,268.4211
2025-08-06T14:05:42,12.4336,12.4336,12.4336,12.4336,13.1579
2025-08-06T14:05:43,12.5001,12.5001,12.5001,12.5001,10.5789
2025-08-06T14:05:44,12.5058,12.5058,12.4602,12.4602,55.4211
2025-08-06T14:05:49,12.4963,12.4963,12.4963,12.4963,16.8947
2025-08-06T14:05:50,12.4697,12.4697,12.4697,12.4697,228.0
2025-08-06T14:05:51,12.4355,12.4697,12.4336,12.4656,368.4211
2025-08-06T14:05:54,12.4526,12.4526,12.4526,12.4526,26.3158
2025-08-06T14:05:55,12.4678,12.4678,12.4355,12.4355,41.8421
2025-08-06T14:05:56,12.4412,12.4412,12.4412,12.4412,5.8947
2025-08-06T14:05:57,12.4678,12.4678,12.4678,12.4678,36.7895
2025-08-06T14:05:58,12.4507,12.4507,12.4507,12.4507,105.2632
2025-08-06T14:05:59,12.4431,12.4526,12.4431,12.4526,36.8421
2025-08-06T14:06:00,12.4526,12.4526,12.4526,12.4526,7.0526
2025-08-06T14:06:01,12.4526,12.4526,12.4507,12.4526,32.7895
2025-08-06T14:06:02,12.4507,12.4507,12.4507,12.4507,60.8421
2025-08-06T14:06:05,12.4431,12.4431,12.4431,12.4431,37.2632
2025-08-06T14:06:07,12.4507,12.4507,12.4507,12.4507,19.1579
2025-08-06T14:06:09,12.4431,12.445,12.4431,12.445,32.7895
2025-08-06T14:06:10,12.4479,12.4488,12.4479,12.4488,213.6316
2025-08-06T14:06:11,12.4507,12.4507,12.4469,12.4469,84.0
2025-08-06T14:06:12,12.445,12.445,12.445,12.445,20.5789
2025-08-06T14:06:13,12.4488,12.4944,12.4488,12.4944,224.6842
2025-08-06T14:06:14,12.4697,12.502,12.4697,12.4944,685.5789
2025-08-06T14:06:15,12.5001,12.5001,12.5001,12.5001,391.7895
2025-08-06T14:06:16,12.502,12.5894,12.5001,12.5799,2884.4737
2025-08-06T14:06:17,12.5894,12.6065,12.5628,12.5704,2773.3684
2025-08-06T14:06:18,12.6046,12.6122,12.578,12.578,857.3684
2025-08-06T14:06:19,12.6027,12.6046,12.5799,12.6046,556.0526
2025-08-06T14:06:20,12.6046,12.6046,12.5742,12.5742,435.5263
2025-08-06T14:06:21,12.5039,12.5913,12.5039,12.5913,23.2105
2025-08-06T14:06:22,12.5932,12.5932,12.502,12.5467,770.7895
2025-08-06T14:06:24,12.5799,12.6046,12.5799,12.6046,547.6316
2025-08-06T14:06:25,12.5229,12.5647,12.5229,12.5229,416.2632
2025-08-06T14:06:26,12.5932,12.5932,12.5932,12.5932,33.3684
2025-08-06T14:06:28,12.5913,12.5913,12.5799,12.5799,16.8421
2025-08-06T14:06:29,12.5799,12.5799,12.5495,12.5495,110.5789
2025-08-06T14:06:30,12.5818,12.5818,12.5647,12.5647,120.5263
2025-08-06T14:06:31,12.5799,12.5799,12.5799,12.5799,106.1579
2025-08-06T14:06:32,12.5495,12.5495,12.5495,12.5495,170.0
2025-08-06T14:06:33,12.5476,12.5476,12.5476,12.5476,11.0
2025-08-06T14:06:34,12.5799,12.5799,12.5666,12.5666,260.5263
2025-08-06T14:06:36,12.5647,12.5742,12.5647,12.5647,190.0
2025-08-06T14:06:38,12.5666,12.5666,12.5666,12.5666,31.5789
2025-08-06T14:06:39,12.5761,12.5761,12.5742,12.5742,596.8421
2025-08-06T14:06:40,12.5742,12.5742,12.5381,12.5381,859.8947
2025-08-06T14:06:41,12.502,12.502,12.445,12.4469,1316.8947
2025-08-06T14:06:42,12.445,12.4925,12.445,12.4925,735.5789
2025-08-06T14:06:43,12.54,12.54,12.4469,12.4469,368.4211
2025-08-06T14:06:45,12.5381,12.5381,12.5381,12.5381,8.3684
2025-08-06T14:06:47,12.4925,12.4925,12.4925,12.4925,15.9474
2025-08-06T14:06:48,12.5381,12.5381,12.521,12.5381,124.2632
2025-08-06T14:06:49,12.521,12.521,12.52,12.52,31.9474
2025-08-06T14:06:50,12.5039,12.5381,12.5039,12.5381,84.1579
2025-08-06T14:06:52,12.5381,12.5381,12.5381,12.5381,27.6842
2025-08-06T14:06:53,12.5381,12.5381,12.5381,12.5381,9.6316
2025-08-06T14:06:54,12.521,12.521,12.521,12.521,19.3684
2025-08-06T14:06:58,12.5286,12.5381,12.5286,12.5286,74.2632
2025-08-06T14:07:02,12.5201,12.5201,12.5201,12.5201,105.7895
2025-08-06T14:07:03,12.521,12.521,12.521,12.521,55.2105
2025-08-06T14:07:04,12.521,12.5379,12.521,12.5379,57.8947
2025-08-06T14:07:05,12.5305,12.5932,12.5305,12.5495,2136.7895
2025-08-06T14:07:06,12.5514,12.635,12.5286,12.5286,5059.2105
2025-08-06T14:07:07,12.6348,12.6348,12.5761,12.6312,1542.1053
2025-08-06T14:07:08,12.635,12.6388,12.6331,12.635,797.4737
2025-08-06T14:07:09,12.6122,12.6331,12.6122,12.6312,428.8947
2025-08-06T14:07:10,12.616,12.635,12.6153,12.635,772.5789
2025-08-06T14:07:11,12.635,12.635,12.6312,12.6331,473.7368
2025-08-06T14:07:12,12.6331,12.635,12.6312,12.6331,1310.5263
2025-08-06T14:07:13,12.6331,12.6331,12.6141,12.616,1025.2632
2025-08-06T14:07:14,12.6312,12.6331,12.616,12.6236,552.4737
2025-08-06T14:07:15,12.6141,12.616,12.5961,12.5961,589.4737
2025-08-06T14:07:16,12.578,12.578,12.5761,12.5761,751.2105
2025-08-06T14:07:17,12.5761,12.6065,12.5761,12.5761,581.6842
2025-08-06T14:07:18,12.6046,12.6046,12.5913,12.5913,31.0526
2025-08-06T14:07:19,12.578,12.5856,12.578,12.5856,25.3158
2025-08-06T14:07:20,12.578,12.635,12.578,12.6122,2014.2632
2025-08-06T14:07:21,12.6046,12.635,12.5951,12.635,2630.3684
2025-08-06T14:07:22,12.635,12.6749,12.6239,12.6749,2983.6842
2025-08-06T14:07:23,12.6749,12.7129,12.6749,12.7091,1583.3684
2025-08-06T14:07:24,12.7091,12.7433,12.6863,12.7433,4092.6842
2025-08-06T14:07:25,12.6977,12.73,12.6977,12.73,716.9474
2025-08-06T14:07:26,12.7281,12.7851,12.6977,12.7851,1260.2632
2025-08-06T14:07:27,12.7376,12.7832,12.7357,12.7604,643.5263
2025-08-06T14:07:28,12.7851,12.7851,12.7376,12.7851,1241.6316
2025-08-06T14:07:29,12.7832,12.7851,12.7414,12.7851,83.3158
2025-08-06T14:07:30,12.7851,12.7851,12.7633,12.7633,693.1053
2025-08-06T14:07:31,12.7851,12.7851,12.7433,12.7433,632.5789
2025-08-06T14:07:32,12.7642,12.7851,12.7471,12.7851,276.7895
2025-08-06T14:07:33,12.7851,12.8117,12.7851,12.8117,1648.1053
2025-08-06T14:07:34,12.8231,12.825,12.7918,12.825,546.8421
2025-08-06T14:07:35,12.787,12.8611,12.787,12.8269,1202.8421
2025-08-06T14:07:36,12.8611,12.8801,12.825,12.8801,2465.0526
2025-08-06T14:07:37,12.8782,12.9086,12.8592,12.9086,2108.4737
2025-08-06T14:07:38,12.9086,12.9086,12.8858,12.9086,80.4211
2025-08-06T14:07:39,12.8868,12.9086,12.8649,12.8649,1285.1579
2025-08-06T14:07:40,12.8868,12.9067,12.8649,12.8877,721.4737
2025-08-06T14:07:41,12.863,12.8687,12.8269,12.8288,4530.2632
2025-08-06T14:07:42,12.863,12.863,12.825,12.863,1584.1579
2025-08-06T14:07:43,12.8516,12.8592,12.825,12.825,559.3158
2025-08-06T14:07:44,12.8592,12.8592,12.825,12.825,471.5789
2025-08-06T14:07:45,12.8269,12.8269,12.825,12.8269,185.1053
2025-08-06T14:07:46,12.8611,12.8611,12.825,12.8573,1889.9474
2025-08-06T14:07:47,12.826,12.8618,12.825,12.825,1082.5263
2025-08-06T14:07:48,12.8611,12.863,12.8269,12.863,741.9474
2025-08-06T14:07:49,12.825,12.863,12.825,12.863,409.6316
2025-08-06T14:07:50,12.8611,12.863,12.825,12.8383,1234.1579
2025-08-06T14:07:51,12.8516,12.8535,12.825,12.8516,793.6842
2025-08-06T14:07:52,12.8516,12.8516,12.825,12.825,502.4211
2025-08-06T14:07:53,12.8421,12.8421,12.825,12.825,2372.1579
2025-08-06T14:07:54,12.825,12.8288,12.825,12.8269,1737.9474
2025-08-06T14:07:55,12.8307,12.863,12.8288,12.863,2168.0526
2025-08-06T14:07:56,12.8269,12.861,12.8269,12.8554,608.1579
2025-08-06T14:07:57,12.863,12.9086,12.863,12.9067,3723.4737
2025-08-06T14:07:58,12.8725,12.9903,12.8725,12.9903,3049.9474
2025-08-06T14:07:59,12.9903,13.0948,12.9523,13.0226,5019.9474
2025-08-06T14:08:00,13.0131,13.1081,12.9922,13.072,3402.2632
2025-08-06T14:08:01,13.0758,13.0948,13.0663,13.0663,347.7895
2025-08-06T14:08:02,13.0663,13.091,12.9827,13.034,2837.6316
2025-08-06T14:08:03,13.0777,13.0777,12.9523,12.9542,1180.3684
2025-08-06T14:08:04,12.9922,13.0321,12.9542,12.9941,503.5263
2025-08-06T14:08:05,12.9732,13.0321,12.9732,12.9922,531.5789
2025-08-06T14:08:06,13.0302,13.0302,12.9542,12.9732,714.8947
2025-08-06T14:08:07,12.958,12.9941,12.958,12.9941,24.1579
2025-08-06T14:08:08,12.9922,12.9922,12.9732,12.9903,756.5263
2025-08-06T14:08:09,12.9751,12.9922,12.9751,12.9827,979.5789
2025-08-06T14:08:10,12.9751,12.9903,12.9751,12.9827,319.4211
2025-08-06T14:08:11,12.9827,13.015,12.9827,13.015,368.7895
2025-08-06T14:08:12,13.015,13.015,12.9827,12.9827,321.5789
2025-08-06T14:08:13,12.9865,13.015,12.9865,12.9922,92.4737
2025-08-06T14:08:14,12.9874,13.015,12.9827,12.9846,1473.2105
2025-08-06T14:08:15,13.015,13.0302,12.996,12.996,1349.9474
2025-08-06T14:08:16,13.0302,13.0302,12.9827,13.0074,1265.5789
2025-08-06T14:08:17,12.9846,12.9922,12.9466,12.9808,1758.3158
2025-08-06T14:08:18,12.9599,12.9808,12.939,12.9789,1949.9474
2025-08-06T14:08:19,12.9808,12.9808,12.9582,12.9808,218.0
2025-08-06T14:08:20,12.9599,12.9789,12.92,12.92,2276.0526
2025-08-06T14:08:21,12.92,12.979,12.92,12.9561,1312.4737
2025-08-06T14:08:22,12.9409,12.958,12.939,12.958,669.3158
2025-08-06T14:08:23,12.9485,12.9656,12.939,12.9656,543.4211
2025-08-06T14:08:24,12.9656,12.9789,12.958,12.9599,80.0
2025-08-06T14:08:25,12.9694,12.9808,12.9599,12.9713,1166.7895
2025-08-06T14:08:26,12.9713,12.977,12.9713,12.977,42.8421
2025-08-06T14:08:27,12.9808,12.9865,12.9732,12.9865,1186.6842
2025-08-06T14:08:28,13.0036,13.0302,13.0017,13.0036,1898.3158
2025-08-06T14:08:29,13.0283,13.0283,12.996,12.9979,651.2632
2025-08-06T14:08:30,13.03,13.0302,13.0169,13.0169,637.3158
2025-08-06T14:08:31,13.0302,13.0302,13.0188,13.0302,211.4737
2025-08-06T14:08:32,13.0283,13.0967,13.0188,13.0549,1688.6842
2025-08-06T14:08:33,13.1005,13.11,13.0663,13.0663,681.1053
2025-08-06T14:08:34,13.1081,13.11,13.0872,13.0872,566.1579
2025-08-06T14:08:35,13.1062,13.11,13.0549,13.1081,2472.5789
2025-08-06T14:08:36,13.1062,13.1081,13.0798,13.0798,1481.1579
2025-08-06T14:08:37,13.0872,13.1005,13.0796,13.0986,1930.4737
2025-08-06T14:08:38,13.1005,13.1005,13.0416,13.072,963.8421
2025-08-06T14:08:39,13.053,13.0891,13.0302,13.0321,410.7368
2025-08-06T14:08:40,13.0635,13.0635,13.0416,13.0435,362.1053
2025-08-06T14:08:41,13.0853,13.0853,13.0283,13.0302,198.7368
2025-08-06T14:08:42,13.0549,13.0549,13.0188,13.0359,820.5789
2025-08-06T14:08:43,13.053,13.053,12.996,13.0321,1030.7895
2025-08-06T14:08:44,12.996,13.0321,12.996,12.9979,1515.5263
2025-08-06T14:08:45,13.0207,13.0321,12.996,12.996,442.4211
2025-08-06T14:08:46,13.0302,13.0302,12.996,13.0302,422.8947
2025-08-06T14:08:47,13.0264,13.0549,13.015,13.015,440.8947
2025-08-06T14:08:48,13.0359,13.0359,13.035,13.0359,53.4737
2025-08-06T14:08:49,13.053,13.0549,13.0359,13.0435,185.2632
2025-08-06T14:08:50,13.0321,13.0549,13.0321,13.0359,104.6842
2025-08-06T14:08:51,13.0454,13.0454,13.0454,13.0454,5.2632
2025-08-06T14:08:52,13.053,13.0549,13.0359,13.0359,148.1053
2025-08-06T14:08:53,13.0397,13.0549,13.0397,13.0549,358.5263
2025-08-06T14:08:54,13.053,13.0549,13.053,13.053,150.1053
2025-08-06T14:08:55,13.0492,13.0834,13.0473,13.0834,848.1053
2025-08-06T14:08:56,13.0834,13.1081,13.0454,13.0834,1998.2632
2025-08-06T14:08:57,13.1081,13.205,13.1081,13.1309,5836.5263
2025-08-06T14:08:58,13.167,13.205,13.11,13.2031,2812.6316
2025-08-06T14:08:59,13.2031,13.205,13.1176,13.167,391.2105
2025-08-06T14:09:00,13.2031,13.2031,13.129,13.129,756.3684
2025-08-06T14:09:01,13.2031,13.2031,13.1537,13.1613,648.4211
2025-08-06T14:09:02,13.1594,13.2031,13.1594,13.1822,1621.9474
2025-08-06T14:09:03,13.1594,13.205,13.129,13.1309,1918.1053
2025-08-06T14:09:04,13.1784,13.1822,13.1594,13.1594,1244.7895
2025-08-06T14:09:05,13.1708,13.1803,13.1689,13.1746,1012.4211
2025-08-06T14:09:06,13.1822,13.1822,13.1594,13.1803,151.5263
2025-08-06T14:09:07,13.167,13.1803,13.1537,13.1594,846.9474
2025-08-06T14:09:08,13.129,13.129,13.0587,13.0834,4244.3684
2025-08-06T14:09:09,13.0711,13.0834,13.0587,13.0606,1084.5263
2025-08-06T14:09:10,13.0587,13.1081,13.0587,13.1081,33.6316
2025-08-06T14:09:11,13.0606,13.0815,13.0587,13.0606,691.6842
2025-08-06T14:09:12,13.0701,13.0796,13.0568,13.0568,237.2105
2025-08-06T14:09:13,13.0813,13.0815,13.0606,13.0606,391.7895
2025-08-06T14:09:14,13.072,13.0739,13.0587,13.0587,1118.3684
2025-08-06T14:09:15,13.0587,13.0739,12.9599,12.9618,3169.0
2025-08-06T14:09:16,12.9789,12.9789,12.9599,12.977,1198.5263
2025-08-06T14:09:17,12.9751,12.9789,12.9732,12.9789,548.7895
2025-08-06T14:09:18,12.9751,12.977,12.9751,12.977,471.6316
2025-08-06T14:09:19,12.977,12.9789,12.977,12.9789,159.0
2025-08-06T14:09:20,12.977,12.9789,12.977,12.9789,40.3158
2025-08-06T14:09:21,12.977,12.9789,12.977,12.9789,168.5263
2025-08-06T14:09:22,12.9789,12.9789,12.9789,12.9789,301.7368
2025-08-06T14:09:23,12.9789,12.9789,12.9789,12.9789,29.6842
2025-08-06T14:09:24,12.9789,12.9789,12.977,12.9789,214.7895
2025-08-06T14:09:25,12.9789,12.9789,12.977,12.9789,98.0
2025-08-06T14:09:26,12.9789,12.9789,12.977,12.977,208.9474
2025-08-06T14:09:27,12.9789,12.9789,12.977,12.977,127.4211
2025-08-06T14:09:28,12.9789,12.9789,12.9732,12.977,1160.6316
2025-08-06T14:09:29,12.9751,12.9751,12.92,12.92,1136.6316
2025-08-06T14:09:30,12.92,12.977,12.9181,12.9637,1918.9474
2025-08-06T14:09:31,12.9656,12.9656,12.9447,12.9637,422.7368
2025-08-06T14:09:32,12.9656,12.9656,12.9637,12.9637,18.1579
2025-08-06T14:09:33,12.9257,12.9257,12.9181,12.92,298.0526
2025-08-06T14:09:34,12.9198,12.9198,12.8801,12.8801,459.3158
2025-08-06T14:09:35,12.8972,12.9143,12.8801,12.9143,90.3158
2025-08-06T14:09:36,12.9124,12.9181,12.9124,12.9181,375.1579
2025-08-06T14:09:37,12.9162,12.9162,12.8801,12.8801,280.8421
2025-08-06T14:09:38,12.8991,12.9181,12.8801,12.8801,711.4737
2025-08-06T14:09:39,12.8982,12.8982,12.8478,12.8478,483.5263
2025-08-06T14:09:40,12.8478,12.8592,12.8478,12.8573,1483.7895
2025-08-06T14:09:41,12.8592,12.8592,12.825,12.8592,2911.4737
2025-08-06T14:09:42,12.8573,12.8573,12.8421,12.8535,147.3158
2025-08-06T14:09:43,12.825,12.8478,12.825,12.8478,803.3684
2025-08-06T14:09:44,12.825,12.8459,12.7756,12.8459,866.4737
2025-08-06T14:09:45,12.8117,12.8573,12.8117,12.8573,780.7368
2025-08-06T14:09:46,12.8535,12.8801,12.8269,12.8383,2977.7895
2025-08-06T14:09:47,12.9162,13.1081,12.9086,13.1005,5078.4737
2025-08-06T14:09:48,13.0207,13.11,12.958,12.9865,1672.8947
2025-08-06T14:09:49,13.0473,13.11,12.9865,12.9884,1508.1579
2025-08-06T14:09:50,12.9884,13.0179,12.9884,12.9903,947.3684
2025-08-06T14:09:51,12.9903,13.0435,12.9903,12.9922,412.5263
2025-08-06T14:09:52,13.0179,13.0435,12.9922,12.9922,484.8947
2025-08-06T14:09:53,13.034,13.0397,12.9903,13.0302,540.0526
2025-08-06T14:09:54,13.0321,13.0454,13.0264,13.0454,622.6842
2025-08-06T14:09:55,13.0435,13.11,13.0435,13.11,858.7368
2025-08-06T14:09:56,13.1081,13.1081,13.0587,13.1081,1498.5789
2025-08-06T14:09:57,13.0834,13.11,13.0834,13.11,1435.7895
2025-08-06T14:09:58,13.1081,13.11,13.1081,13.11,332.3158
2025-08-06T14:09:59,13.0663,13.1005,13.0663,13.0986,633.8947
2025-08-06T14:10:00,13.0834,13.092,13.0815,13.0853,1030.1579
2025-08-06T14:10:01,13.0834,13.1005,13.0834,13.0919,149.4211
2025-08-06T14:10:02,13.0929,13.1005,13.0929,13.0986,620.9474
2025-08-06T14:10:03,13.1005,13.11,13.0967,13.1081,2166.2632
2025-08-06T14:10:04,13.11,13.205,13.1024,13.205,3498.0526
2025-08-06T14:10:05,13.205,13.205,13.1594,13.1822,1480.4737
2025-08-06T14:10:06,13.2031,13.205,13.2031,13.205,60.5263
2025-08-06T14:10:07,13.2031,13.205,13.1822,13.1936,438.1053
2025-08-06T14:10:08,13.2031,13.205,13.1822,13.2031,1059.2105
2025-08-06T14:10:09,13.205,13.205,13.2031,13.205,1780.0526
2025-08-06T14:10:10,13.2041,13.205,13.2031,13.2031,2068.0
2025-08-06T14:10:11,13.2031,13.205,13.2031,13.2031,445.2632
2025-08-06T14:10:12,13.2031,13.205,13.2031,13.2031,298.6842
2025-08-06T14:10:13,13.2031,13.2038,13.1024,13.1024,2611.3158
2025-08-06T14:10:14,13.1005,13.1148,13.0017,13.0378,2377.3684
2025-08-06T14:10:15,13.0017,13.072,12.9903,13.0311,2184.6316
2025-08-06T14:10:16,13.0701,13.0701,12.9903,12.9903,78.6316
2025-08-06T14:10:17,13.0701,13.0701,13.0701,13.0701,18.4211
2025-08-06T14:10:18,13.072,13.072,13.0701,13.0701,23.6842
2025-08-06T14:10:19,13.0701,13.072,12.9941,13.072,434.2105
2025-08-06T14:10:20,13.072,13.11,13.0701,13.0701,1159.5263
2025-08-06T14:10:21,13.11,13.11,13.0701,13.11,931.4737
2025-08-06T14:10:22,13.072,13.11,13.072,13.1081,252.0
2025-08-06T14:10:23,13.072,13.11,13.0701,13.0967,784.5263
2025-08-06T14:10:24,13.1062,13.11,13.0967,13.11,274.3158
2025-08-06T14:10:25,13.1081,13.1081,13.0948,13.0948,296.6316
2025-08-06T14:10:26,13.1081,13.11,13.0967,13.1099,102.8421
2025-08-06T14:10:27,13.0967,13.1024,13.0948,13.0948,79.7368
2025-08-06T14:10:28,13.1024,13.1081,13.072,13.0986,1191.4211
2025-08-06T14:10:29,13.1081,13.1822,13.0986,13.1822,274.2105
2025-08-06T14:10:30,13.1822,13.1822,13.11,13.1803,1952.4737
2025-08-06T14:10:31,13.1803,13.1803,13.1803,13.1803,391.1579
2025-08-06T14:10:32,13.1157,13.1803,13.1138,13.148,454.5789
2025-08-06T14:10:33,13.1195,13.1822,13.1195,13.1803,385.8947
2025-08-06T14:10:34,13.1784,13.1784,13.1784,13.1784,80.7895
2025-08-06T14:10:35,13.1594,13.1803,13.1385,13.1404,798.3158
2025-08-06T14:10:37,13.1157,13.1461,13.0967,13.1404,1659.2632
2025-08-06T14:10:38,13.1176,13.1176,13.1176,13.1176,419.1579
2025-08-06T14:10:39,13.1385,13.1385,13.1385,13.1385,52.6316
2025-08-06T14:10:40,13.1024,13.1385,13.1024,13.1385,244.1579
2025-08-06T14:10:41,13.1366,13.1385,13.1271,13.1271,60.3684
2025-08-06T14:10:42,13.1233,13.1271,13.1214,13.1271,70.3684
2025-08-06T14:10:43,13.1252,13.1385,13.1176,13.1214,136.3158
2025-08-06T14:10:44,13.1271,13.1347,13.1024,13.1347,1265.4737
2025-08-06T14:10:45,13.1129,13.1129,13.0948,13.0948,922.8421
2025-08-06T14:10:46,13.1043,13.1081,13.0948,13.0948,442.3158
2025-08-06T14:10:47,13.0948,13.11,13.0701,13.0701,868.4211
2025-08-06T14:10:48,13.0901,13.0901,13.0891,13.0891,213.7895
2025-08-06T14:10:49,13.0872,13.1043,13.072,13.0872,206.5263
2025-08-06T14:10:50,13.1024,13.1043,13.072,13.1024,156.0
2025-08-06T14:10:51,13.1024,13.1024,13.1024,13.1024,18.6842
2025-08-06T14:10:52,13.1043,13.1043,13.1024,13.1033,178.9474
2025-08-06T14:10:53,13.1024,13.1347,13.072,13.1214,1928.5789
2025-08-06T14:10:54,13.1328,13.1822,13.1328,13.1822,1723.6842
2025-08-06T14:10:55,13.1822,13.1822,13.1043,13.1043,840.1579
2025-08-06T14:10:56,13.1442,13.1822,13.1442,13.1803,768.1053
2025-08-06T14:10:57,13.1461,13.1461,13.1461,13.1461,10.8421
2025-08-06T14:10:58,13.1822,13.1822,13.1822,13.1822,11.1053
2025-08-06T14:10:59,13.1461,13.1461,13.1062,13.11,608.1579
2025-08-06T14:11:00,13.1119,13.1537,13.1119,13.1138,822.2632
2025-08-06T14:11:01,13.1537,13.1537,13.072,13.072,1559.5263
2025-08-06T14:11:02,13.11,13.11,13.072,13.072,1474.2105
2025-08-06T14:11:03,13.072,13.0739,13.072,13.0739,373.6842
2025-08-06T14:11:04,13.091,13.1043,13.091,13.1043,89.1053
2025-08-06T14:11:05,13.091,13.11,13.072,13.11,654.0526
2025-08-06T14:11:06,13.11,13.11,13.11,13.11,60.7895
2025-08-06T14:11:07,13.11,13.11,13.0929,13.0929,44.9474
2025-08-06T14:11:08,13.1081,13.1081,13.091,13.1005,37.2632
2025-08-06T14:11:09,13.1005,13.11,13.091,13.0929,348.7895
2025-08-06T14:11:10,13.0929,13.0929,13.0929,13.0929,16.1579
2025-08-06T14:11:11,13.1081,13.1081,13.1081,13.1081,7.8947
2025-08-06T14:11:12,13.0929,13.1005,13.0929,13.1005,95.1579
2025-08-06T14:11:13,13.1081,13.1081,13.1081,13.1081,10.9474
2025-08-06T14:11:14,13.0967,13.11,13.072,13.091,1338.5789
2025-08-06T14:11:15,13.0929,13.1081,13.0929,13.0929,105.8947
2025-08-06T14:11:16,13.0796,13.0872,13.0796,13.0872,131.9474
2025-08-06T14:11:17,13.072,13.0872,13.0454,13.0758,1834.8947
2025-08-06T14:11:18,13.0739,13.0758,13.0435,13.0435,337.3158
2025-08-06T14:11:19,13.0587,13.0587,13.0454,13.0454,16.9474
2025-08-06T14:11:20,13.0606,13.0606,13.0606,13.0606,62.8947
2025-08-06T14:11:21,13.0853,13.11,13.072,13.11,659.4211
2025-08-06T14:11:22,13.1081,13.1081,13.1081,13.1081,588.0526
2025-08-06T14:11:23,13.1062,13.11,13.091,13.11,1080.6842
2025-08-06T14:11:24,13.1423,13.1822,13.1347,13.1423,1260.0
2025-08-06T14:11:25,13.1822,13.2031,13.1518,13.1537,612.0526
2025-08-06T14:11:26,13.1936,13.2525,13.1936,13.2525,3120.7368
2025-08-06T14:11:27,13.2506,13.2563,13.205,13.2563,2601.0
2025-08-06T14:11:28,13.2088,13.2563,13.2088,13.2221,651.8947
2025-08-06T14:11:29,13.224,13.262,13.224,13.2259,2171.4211
2025-08-06T14:11:30,13.224,13.2563,13.2221,13.2392,569.8421
2025-08-06T14:11:31,13.224,13.2563,13.2221,13.2496,1623.6316
2025-08-06T14:11:32,13.2449,13.2487,13.2012,13.2012,2282.4211
2025-08-06T14:11:33,13.1594,13.2335,13.1594,13.1613,518.3158
2025-08-06T14:11:34,13.1974,13.224,13.1974,13.224,202.5789
2025-08-06T14:11:35,13.2354,13.2354,13.1632,13.2071,477.3684
2025-08-06T14:11:36,13.1955,13.2335,13.1594,13.1632,792.8421
2025-08-06T14:11:37,13.2031,13.2297,13.1461,13.2278,758.6842
2025-08-06T14:11:38,13.205,13.205,13.205,13.205,16.2632
2025-08-06T14:11:39,13.2069,13.224,13.2069,13.224,670.8947
2025-08-06T14:11:40,13.224,13.224,13.1594,13.1613,1477.5263
2025-08-06T14:11:41,13.2164,13.2164,13.205,13.2051,76.1053
2025-08-06T14:11:42,13.2069,13.2164,13.1955,13.2164,987.4737
2025-08-06T14:11:43,13.2069,13.2069,13.129,13.1936,1810.8421
2025-08-06T14:11:44,13.129,13.1936,13.129,13.1936,123.5789
2025-08-06T14:11:45,13.1955,13.1955,13.1955,13.1955,78.9474
2025-08-06T14:11:46,13.1613,13.1898,13.1613,13.1898,111.8421
2025-08-06T14:11:47,13.1594,13.1689,13.1594,13.167,41.5263
2025-08-06T14:11:48,13.1594,13.1689,13.1594,13.1642,519.6842
2025-08-06T14:11:49,13.167,13.167,13.1613,13.1632,288.0
2025-08-06T14:11:51,13.1613,13.205,13.1613,13.1851,953.0
2025-08-06T14:11:52,13.1851,13.205,13.1651,13.205,1061.1053
2025-08-06T14:11:53,13.205,13.205,13.1898,13.205,105.7368
2025-08-06T14:11:54,13.1974,13.205,13.1898,13.1898,115.2632
2025-08-06T14:11:55,13.1898,13.1898,13.1898,13.1898,8.8947
2025-08-06T14:11:56,13.1898,13.224,13.1746,13.2221,1257.9474
2025-08-06T14:11:57,13.2107,13.2259,13.1822,13.1822,671.0526
2025-08-06T14:11:58,13.205,13.2278,13.1862,13.2155,917.5263
2025-08-06T14:11:59,13.2107,13.2221,13.1537,13.2107,1031.1053
2025-08-06T14:12:00,13.1898,13.2145,13.1176,13.1708,2476.2105
2025-08-06T14:12:01,13.1157,13.1727,13.1157,13.1157,1062.5263
2025-08-06T14:12:02,13.1433,13.1433,13.1138,13.1157,435.8947
2025-08-06T14:12:03,13.1433,13.1433,13.1433,13.1433,369.3684
2025-08-06T14:12:04,13.1708,13.1708,13.1708,13.1708,15.5263
2025-08-06T14:12:05,13.1176,13.1567,13.1176,13.1567,227.8947
2025-08-06T14:12:07,13.1214,13.1613,13.1176,13.1176,629.8421
2025-08-06T14:12:08,13.1157,13.1347,13.11,13.1176,3135.0
2025-08-06T14:12:09,13.1129,13.1176,13.1129,13.1157,402.2632
2025-08-06T14:12:10,13.1271,13.1442,13.1005,13.1024,546.9474
2025-08-06T14:12:11,13.1024,13.1423,13.1024,13.1423,60.4211
2025-08-06T14:12:12,13.1157,13.1157,13.1157,13.1157,12.8947
2025-08-06T14:12:14,13.1176,13.1176,13.1176,13.1176,18.4211
2025-08-06T14:12:16,13.1404,13.1404,13.11,13.11,747.4737
2025-08-06T14:12:17,13.1081,13.1157,13.1043,13.1157,302.3684
2025-08-06T14:12:18,13.1043,13.11,13.1043,13.11,268.6842
2025-08-06T14:12:19,13.1024,13.11,13.091,13.1081,263.7895
2025-08-06T14:12:20,13.1024,13.11,13.1005,13.1005,406.8421
2025-08-06T14:12:21,13.1404,13.1404,13.0549,13.0549,719.7368
2025-08-06T14:12:22,13.0454,13.0454,13.0321,13.0321,858.2632
2025-08-06T14:12:23,13.0321,13.0435,13.0321,13.0435,376.4211
2025-08-06T14:12:24,13.0388,13.0388,13.0388,13.0388,26.8947
2025-08-06T14:12:25,13.0606,13.0606,13.0606,13.0606,19.8421
2025-08-06T14:12:26,13.0853,13.0853,13.0853,13.0853,271.8421
2025-08-06T14:12:27,13.0454,13.0473,13.0454,13.0473,84.3684
2025-08-06T14:12:28,13.0473,13.0853,13.0321,13.0853,249.3684
2025-08-06T14:12:29,13.0682,13.0682,13.0663,13.0663,69.7895
2025-08-06T14:12:30,13.0663,13.0663,13.0549,13.0549,594.9474
2025-08-06T14:12:31,13.0606,13.0682,13.053,13.0682,211.5789
2025-08-06T14:12:32,13.0606,13.0663,13.0606,13.0663,29.7368
2025-08-06T14:12:33,13.0682,13.0777,13.0663,13.0777,1839.8421
2025-08-06T14:12:34,13.0777,13.0853,13.0549,13.0691,810.0
2025-08-06T14:12:35,13.0777,13.1404,13.0777,13.1404,1691.7895
2025-08-06T14:12:36,13.1404,13.1442,13.0764,13.1366,1407.0
2025-08-06T14:12:37,13.13,13.1404,13.1195,13.13,910.5263
2025-08-06T14:12:38,13.1195,13.1195,13.1195,13.1195,264.1053
2025-08-06T14:12:39,13.1357,13.1366,13.1328,13.1328,726.3158
2025-08-06T14:12:40,13.1366,13.1442,13.1366,13.1366,316.6842
2025-08-06T14:12:41,13.1404,13.148,13.1404,13.1423,625.1053
2025-08-06T14:12:42,13.1518,13.186,13.1385,13.1803,886.6316
2025-08-06T14:12:43,13.1499,13.1955,13.1499,13.1841,1169.5789
2025-08-06T14:12:44,13.1955,13.205,13.1841,13.1936,817.7368
2025-08-06T14:12:45,13.1841,13.2031,13.1822,13.1841,379.8947
2025-08-06T14:12:46,13.2031,13.2031,13.1309,13.1537,759.7368
2025-08-06T14:12:47,13.1527,13.1746,13.129,13.129,1054.2105
2025-08-06T14:12:48,13.167,13.167,13.1366,13.1366,1055.3684
2025-08-06T14:12:49,13.1385,13.1509,13.129,13.129,479.1053
2025-08-06T14:12:50,13.129,13.1347,13.0853,13.0853,1607.8421
2025-08-06T14:12:51,13.1328,13.1347,13.1176,13.1347,168.7895
2025-08-06T14:12:52,13.1328,13.1328,13.1024,13.1053,482.5263
2025-08-06T14:12:53,13.11,13.11,13.11,13.11,9.6316
2025-08-06T14:12:54,13.11,13.11,13.11,13.11,78.0526
2025-08-06T14:12:55,13.1053,13.1062,13.1053,13.1062,51.0
2025-08-06T14:12:56,13.1062,13.1062,13.1043,13.1043,331.5789
2025-08-06T14:12:58,13.1081,13.1081,13.1081,13.1081,28.3684
2025-08-06T14:13:00,13.1062,13.1347,13.1062,13.1271,804.2632
2025-08-06T14:13:01,13.1081,13.1727,13.1081,13.148,1163.4211
2025-08-06T14:13:02,13.1404,13.1478,13.1404,13.1478,485.7895
2025-08-06T14:13:03,13.1357,13.1765,13.1357,13.1765,769.7895
2025-08-06T14:13:04,13.1347,13.1689,13.1347,13.1689,289.9474
2025-08-06T14:13:05,13.1689,13.1689,13.1347,13.1347,79.4211
2025-08-06T14:13:06,13.1347,13.1499,13.1347,13.148,334.8947
2025-08-06T14:13:07,13.1556,13.1556,13.11,13.148,430.8947
2025-08-06T14:13:08,13.165,13.165,13.1081,13.1081,253.4737
2025-08-06T14:13:09,13.1081,13.1081,13.1005,13.1005,527.7895
2025-08-06T14:13:10,13.11,13.11,13.0853,13.0872,1942.9474
2025-08-06T14:13:11,13.0977,13.0977,13.0977,13.0977,5.2632
2025-08-06T14:13:12,13.1043,13.11,13.1043,13.11,28.7895
2025-08-06T14:13:13,13.0853,13.1043,13.0853,13.1005,92.5263
2025-08-06T14:13:14,13.11,13.11,13.11,13.11,26.3158
2025-08-06T14:13:15,13.1043,13.1043,13.1043,13.1043,25.1053
2025-08-06T14:13:16,13.1024,13.1024,13.1024,13.1024,13.6842
2025-08-06T14:13:17,13.1005,13.1005,13.0872,13.0872,68.3158
2025-08-06T14:13:18,13.0986,13.0986,13.0853,13.0873,347.6842
2025-08-06T14:13:19,13.0872,13.0929,13.0872,13.0929,27.6316
2025-08-06T14:13:20,13.0891,13.0891,13.0891,13.0891,27.7368
2025-08-06T14:13:21,13.0872,13.0872,13.0872,13.0872,14.5789
2025-08-06T14:13:22,13.0872,13.0986,13.0872,13.0948,1546.4737
2025-08-06T14:13:23,13.1005,13.11,13.0948,13.0986,812.2105
2025-08-06T14:13:24,13.0948,13.1385,13.0948,13.1262,1994.1053
2025-08-06T14:13:26,13.1366,13.1366,13.1366,13.1366,19.6842
2025-08-06T14:13:27,13.1385,13.1442,13.0853,13.1081,1370.3158
2025-08-06T14:13:28,13.1385,13.1423,13.0872,13.0872,360.2632
2025-08-06T14:13:29,13.0872,13.1148,13.0872,13.1148,516.3158
2025-08-06T14:13:30,13.1233,13.1366,13.1233,13.1366,26.8421
2025-08-06T14:13:31,13.1024,13.1119,13.091,13.1119,915.3684
2025-08-06T14:13:33,13.1271,13.1271,13.11,13.11,31.6316
2025-08-06T14:13:34,13.1119,13.1119,13.1119,13.1119,61.9474
2025-08-06T14:13:35,13.1119,13.1119,13.11,13.1119,1347.6316
2025-08-06T14:13:36,13.11,13.11,13.0321,13.0321,1051.4211
2025-08-06T14:13:37,13.0777,13.0777,13.034,13.0549,91.8421
2025-08-06T14:13:38,13.0321,13.0758,13.0321,13.0758,275.0
2025-08-06T14:13:39,13.0777,13.0777,13.0169,13.0169,2767.8421
2025-08-06T14:13:40,13.0188,13.0416,13.015,13.015,845.5789
2025-08-06T14:13:41,13.0169,13.0302,12.958,13.0169,692.1053
2025-08-06T14:13:42,12.958,12.9599,12.958,12.9599,18.7368
2025-08-06T14:13:43,12.977,12.9998,12.958,12.958,258.5263
2025-08-06T14:13:44,12.958,12.9789,12.958,12.9789,84.3684
2025-08-06T14:13:45,12.958,12.9808,12.958,12.9789,422.6842
2025-08-06T14:13:46,12.9894,12.9998,12.9789,12.9789,278.1579
2025-08-06T14:13:47,12.9894,12.9894,12.9894,12.9894,24.4737
2025-08-06T14:13:48,12.9998,13.11,12.9998,13.11,1396.6842
2025-08-06T14:13:49,13.1081,13.11,13.0549,13.0549,303.8421
2025-08-06T14:13:50,13.11,13.1138,13.11,13.1138,80.3158
2025-08-06T14:13:51,13.11,13.11,13.11,13.11,11.4211
2025-08-06T14:13:52,13.1119,13.1119,13.0815,13.0815,188.5263
2025-08-06T14:13:53,13.0796,13.0815,13.034,13.034,128.9474
2025-08-06T14:13:54,13.11,13.11,13.072,13.072,29.7895
2025-08-06T14:13:55,13.034,13.034,13.034,13.034,126.3158
2025-08-06T14:13:56,13.072,13.1081,13.0359,13.0359,310.3684
2025-08-06T14:13:57,13.0359,13.0359,13.0359,13.0359,35.3684
2025-08-06T14:13:58,13.11,13.11,13.072,13.072,111.2105
2025-08-06T14:13:59,13.11,13.11,13.072,13.072,34.6316
2025-08-06T14:14:00,13.0796,13.0986,13.072,13.072,38.4211
2025-08-06T14:14:01,13.0862,13.0862,13.0739,13.0739,67.0
2025-08-06T14:14:02,13.0872,13.0872,13.0872,13.0872,36.7895
2025-08-06T14:14:03,13.0986,13.0986,13.0986,13.0986,12.5789
2025-08-06T14:14:04,13.0986,13.0986,13.0739,13.0739,57.8947
2025-08-06T14:14:06,13.0986,13.0986,13.0473,13.0473,200.6842
2025-08-06T14:14:08,13.0929,13.0929,13.0853,13.0854,53.8947
2025-08-06T14:14:09,13.0701,13.0701,13.0454,13.0473,457.8947
2025-08-06T14:14:12,13.0473,13.0606,13.0473,13.0473,26.3158
2025-08-06T14:14:13,13.072,13.072,13.072,13.072,37.3684
2025-08-06T14:14:15,13.072,13.072,13.072,13.072,6.0526
2025-08-06T14:14:16,13.072,13.072,13.072,13.072,13.1579
2025-08-06T14:14:17,13.0701,13.0701,13.0625,13.0625,101.6842
2025-08-06T14:14:18,13.072,13.072,13.0625,13.0625,17.4211
2025-08-06T14:14:22,13.072,13.072,13.0549,13.072,150.2632
2025-08-06T14:14:23,13.0625,13.072,13.0625,13.0625,361.3684
2025-08-06T14:14:24,13.0578,13.0625,13.0578,13.0606,839.0
2025-08-06T14:14:25,13.0578,13.0578,13.0578,13.0578,10.1579
2025-08-06T14:14:26,13.0587,13.0606,13.0587,13.0606,21.0526
2025-08-06T14:14:27,13.0587,13.0606,13.0587,13.0606,561.5263
2025-08-06T14:14:29,13.0587,13.0606,13.0587,13.0587,141.0526
2025-08-06T14:14:31,13.0587,13.0587,13.0587,13.0587,13.1579
2025-08-06T14:14:32,13.053,13.0568,13.0359,13.0568,835.3684
2025-08-06T14:14:33,13.0359,13.0359,13.0169,13.0169,636.8421
2025-08-06T14:14:34,13.0321,13.0321,13.0321,13.0321,29.3684
2025-08-06T14:14:35,13.0169,13.0454,13.0169,13.0454,81.7368
2025-08-06T14:14:37,13.0169,13.0188,13.0169,13.0188,10.5263
2025-08-06T14:14:38,13.0169,13.034,13.0169,13.0245,43.4211
2025-08-06T14:14:40,13.0359,13.0359,13.0359,13.0359,52.7895
2025-08-06T14:14:41,13.0359,13.0359,13.034,13.034,638.8421
2025-08-06T14:14:42,13.034,13.0359,12.9219,12.958,1458.5263
2025-08-06T14:14:43,12.9257,12.9257,12.9257,12.9257,201.2632
2025-08-06T14:14:44,12.9884,12.9884,12.9276,12.9276,122.0
2025-08-06T14:14:45,12.9276,12.9903,12.9257,12.9257,631.8421
2025-08-06T14:14:46,12.9846,12.9846,12.9808,12.9808,57.8947
2025-08-06T14:14:47,12.9903,12.9903,12.9276,12.9884,1384.1579
2025-08-06T14:14:48,12.9903,12.9903,12.9333,12.9333,281.0
2025-08-06T14:14:49,12.9371,12.9371,12.9371,12.9371,256.1053
2025-08-06T14:14:50,12.9371,12.9371,12.9371,12.9371,8.0
2025-08-06T14:14:51,12.9609,12.9618,12.92,12.9219,1521.0
2025-08-06T14:14:52,12.9219,12.9219,12.7946,12.7946,7122.5263
2025-08-06T14:14:53,12.8079,12.8801,12.7965,12.8022,724.5789
2025-08-06T14:14:54,12.8079,12.8098,12.8079,12.8098,538.8421
2025-08-06T14:14:55,12.8022,12.958,12.7946,12.958,2081.7368
2025-08-06T14:14:56,12.9561,12.9561,12.8402,12.844,73.1579
2025-08-06T14:14:57,12.9561,12.9561,12.9561,12.9561,64.7895
2025-08-06T14:14:58,12.92,12.9219,12.92,12.9219,37.8947
2025-08-06T14:14:59,12.958,12.958,12.9561,12.958,153.6316
2025-08-06T14:15:00,12.9561,12.958,12.9561,12.958,196.7368
2025-08-06T14:15:01,12.958,12.958,12.9561,12.9561,60.5263
2025-08-06T14:15:02,12.9561,12.958,12.9561,12.957,114.7368
2025-08-06T14:15:03,12.9561,12.9561,12.9561,12.9561,45.6316
2025-08-06T14:15:04,12.9561,12.9561,12.9561,12.9561,50.8947
2025-08-06T14:15:05,12.9561,12.9568,12.92,12.9219,260.6842
2025-08-06T14:15:06,12.9561,12.9561,12.9561,12.9561,350.0526
2025-08-06T14:15:07,12.92,12.92,12.8136,12.8136,1319.2105
2025-08-06T14:15:09,12.8535,12.9561,12.8136,12.9542,7057.7895
2025-08-06T14:15:10,12.844,12.9542,12.844,12.9542,43.7368
2025-08-06T14:15:11,12.9485,12.9485,12.9485,12.9485,28.2632
2025-08-06T14:15:12,12.9542,12.9542,12.9542,12.9542,127.6316
2025-08-06T14:15:13,12.9219,12.9219,12.8573,12.8573,448.7895
2025-08-06T14:15:14,12.9333,12.9352,12.9333,12.9352,36.2105
2025-08-06T14:15:15,12.92,12.92,12.92,12.92,24.8421
2025-08-06T14:15:16,12.8915,12.8915,12.863,12.863,129.1053
2025-08-06T14:15:19,12.9067,12.958,12.9067,12.9219,3978.9474
2025-08-06T14:15:20,12.9381,12.94,12.9381,12.939,297.4211
2025-08-06T14:15:21,12.9523,12.9523,12.9276,12.9276,132.2105
2025-08-06T14:15:22,12.9523,12.9523,12.9352,12.9352,41.5263
2025-08-06T14:15:23,12.9352,12.9381,12.9352,12.9371,139.0
2025-08-06T14:15:24,12.9371,12.939,12.9371,12.9381,807.8421
2025-08-06T14:15:25,12.939,12.939,12.9371,12.939,362.7368
2025-08-06T14:15:26,12.9371,12.939,12.9371,12.9381,144.9474
2025-08-06T14:15:27,12.939,12.939,12.9381,12.939,136.7895
2025-08-06T14:15:29,12.939,12.939,12.9381,12.9381,10.5263
2025-08-06T14:15:30,12.9381,12.9381,12.9371,12.9378,596.7368
2025-08-06T14:15:31,12.939,13.1366,12.9381,13.0872,4003.2105
2025-08-06T14:15:32,13.0872,13.1366,13.0872,13.0891,1554.2105
2025-08-06T14:15:33,13.0872,13.11,13.0872,13.11,697.6316
2025-08-06T14:15:34,13.0986,13.1081,13.0914,13.0986,78.5263
2025-08-06T14:15:35,13.0891,13.1091,13.0891,13.1081,31.3158
2025-08-06T14:15:36,13.1091,13.1091,13.1091,13.1091,22.2105
2025-08-06T14:15:37,13.1081,13.11,13.1081,13.11,40.4737
2025-08-06T14:15:38,13.1081,13.1081,13.0891,13.1081,147.1053
2025-08-06T14:15:39,13.0986,13.1936,13.0986,13.1575,3327.8421
2025-08-06T14:15:40,13.1917,13.2145,13.1575,13.2126,2843.8421
2025-08-06T14:15:41,13.1908,13.2924,13.167,13.2468,4515.6316
2025-08-06T14:15:42,13.2905,13.2924,13.2449,13.2886,1971.4737
2025-08-06T14:15:43,13.2886,13.2886,13.2449,13.2677,2937.4211
2025-08-06T14:15:44,13.2886,13.2886,13.2449,13.2867,1985.6842
2025-08-06T14:15:45,13.2449,13.2867,13.2449,13.2772,551.6316
2025-08-06T14:15:46,13.2848,13.2848,13.2696,13.2696,392.1053
2025-08-06T14:15:47,13.2715,13.2848,13.2677,13.2772,588.4737
2025-08-06T14:15:48,13.2867,13.3,13.2848,13.3,2659.1053
2025-08-06T14:15:49,13.3,13.3,13.2924,13.2924,1806.5263
2025-08-06T14:15:50,13.2981,13.3,13.2677,13.3,4081.6316
2025-08-06T14:15:51,13.2981,13.3,13.2677,13.2801,1967.4211
2025-08-06T14:15:52,13.2905,13.2905,13.2696,13.2696,1739.7368
2025-08-06T14:15:53,13.2905,13.2905,13.2677,13.2791,1979.4737
2025-08-06T14:15:54,13.2677,13.2677,13.1347,13.205,3117.9474
2025-08-06T14:15:55,13.1347,13.2753,13.1347,13.2753,258.7368
2025-08-06T14:15:56,13.2164,13.7028,13.2164,13.5318,15972.6316
2025-08-06T14:15:57,13.6069,13.6069,13.3475,13.5337,2404.8947
2025-08-06T14:15:58,13.5337,13.5356,13.2943,13.3684,3609.7895
2025-08-06T14:15:59,13.4273,13.4881,13.3665,13.472,871.3684
2025-08-06T14:16:00,13.472,13.4862,13.4558,13.4577,414.8421
2025-08-06T14:16:01,13.4701,13.4767,13.3665,13.4254,5482.8421
2025-08-06T14:16:02,13.3969,13.4406,13.395,13.395,523.7368
2025-08-06T14:16:03,13.395,13.4024,13.3722,13.4024,983.3684
2025-08-06T14:16:04,13.4026,13.4406,13.395,13.4387,749.9474
2025-08-06T14:16:05,13.4406,13.5489,13.4387,13.5489,2021.0
2025-08-06T14:16:06,13.5565,13.68,13.5337,13.6781,3063.0
2025-08-06T14:16:07,13.585,13.661,13.585,13.661,1991.9474
2025-08-06T14:16:08,13.661,13.661,13.509,13.5161,1529.1579
2025-08-06T14:16:09,13.509,13.5907,13.4976,13.5432,783.5263
2025-08-06T14:16:10,13.5147,13.528,13.4995,13.5014,138.8947
2025-08-06T14:16:11,13.5138,13.5261,13.4995,13.5261,647.2105
2025-08-06T14:16:12,13.5261,13.5755,13.4976,13.4976,2093.8947
2025-08-06T14:16:13,13.5242,13.5755,13.5052,13.5318,1126.5263
2025-08-06T14:16:14,13.5337,13.6743,13.5299,13.6591,3930.2105
2025-08-06T14:16:15,13.6743,13.68,13.642,13.642,1100.7895
2025-08-06T14:16:16,13.6401,13.68,13.5282,13.6154,4186.1579
2025-08-06T14:16:17,13.5489,13.5831,13.5014,13.5242,2907.7895
2025-08-06T14:16:18,13.5318,13.5318,13.5033,13.5033,413.4211
2025-08-06T14:16:19,13.5185,13.604,13.5014,13.6038,1186.8421
2025-08-06T14:16:20,13.604,13.642,13.585,13.5964,969.0
2025-08-06T14:16:21,13.6382,13.68,13.6002,13.68,1429.6316
2025-08-06T14:16:22,13.6743,13.6743,13.5698,13.6382,2159.8421
2025-08-06T14:16:23,13.6344,13.6724,13.6268,13.6268,689.5263
2025-08-06T14:16:24,13.6325,13.68,13.6268,13.68,255.6316
2025-08-06T14:16:25,13.6325,13.68,13.6325,13.6724,1658.3684
2025-08-06T14:16:26,13.6591,13.68,13.6363,13.6363,2393.3684
2025-08-06T14:16:27,13.6563,13.6762,13.6382,13.6382,877.7368
2025-08-06T14:16:28,13.6382,13.6762,13.6363,13.6608,1265.1579
2025-08-06T14:16:29,13.6477,13.6762,13.6059,13.661,1856.3684
2025-08-06T14:16:30,13.6608,13.6686,13.6363,13.6544,2197.6842
2025-08-06T14:16:31,13.6724,13.6724,13.5983,13.642,1768.7368
2025-08-06T14:16:32,13.642,13.642,13.5679,13.6173,1295.2105
2025-08-06T14:16:33,13.6287,13.6306,13.6059,13.6078,614.6316
2025-08-06T14:16:34,13.6059,13.6306,13.5698,13.6306,331.8947
2025-08-06T14:16:35,13.6287,13.6287,13.6287,13.6287,98.8947
2025-08-06T14:16:36,13.6306,13.6306,13.5717,13.6173,652.3158
2025-08-06T14:16:37,13.6192,13.6572,13.6192,13.6572,1124.6316
2025-08-06T14:16:38,13.6325,13.6572,13.6325,13.6572,550.1579
2025-08-06T14:16:39,13.6449,13.6553,13.5698,13.5698,2323.3158
2025-08-06T14:16:40,13.6021,13.6572,13.5869,13.6553,1369.7895
2025-08-06T14:16:41,13.6325,13.6439,13.5755,13.6439,1116.1053
2025-08-06T14:16:42,13.6325,13.6439,13.6306,13.642,657.6842
2025-08-06T14:16:43,13.5812,13.642,13.5793,13.6192,649.5789
2025-08-06T14:16:44,13.6192,13.6192,13.5812,13.6173,357.4211
2025-08-06T14:16:45,13.5755,13.5964,13.5641,13.5641,1182.4211
2025-08-06T14:16:46,13.5641,13.5774,13.5109,13.5774,2043.6316
2025-08-06T14:16:47,13.5109,13.5793,13.5109,13.5451,1052.1579
2025-08-06T14:16:48,13.5774,13.5774,13.5195,13.5195,296.0
2025-08-06T14:16:49,13.5451,13.5793,13.5128,13.566,195.3158
2025-08-06T14:16:50,13.5774,13.5793,13.5128,13.5793,375.0526
2025-08-06T14:16:51,13.5784,13.5793,13.5774,13.5774,315.6842
2025-08-06T14:16:52,13.5546,13.5546,13.5546,13.5546,27.6842
2025-08-06T14:16:53,13.5546,13.5755,13.5451,13.5736,1638.1579
2025-08-06T14:16:54,13.5641,13.5717,13.5641,13.5717,548.9474
2025-08-06T14:16:55,13.5698,13.5762,13.5641,13.566,641.3158
2025-08-06T14:16:56,13.566,13.566,13.5451,13.5641,1432.3684
2025-08-06T14:16:57,13.5622,13.5622,13.5014,13.5014,535.0526
2025-08-06T14:16:58,13.4976,13.509,13.4558,13.509,2653.7895
2025-08-06T14:16:59,13.4748,13.5052,13.4558,13.5052,1761.2105
2025-08-06T14:17:00,13.4805,13.5052,13.4805,13.496,247.8947
2025-08-06T14:17:01,13.4919,13.5014,13.49,13.49,596.2632
2025-08-06T14:17:02,13.5071,13.509,13.4634,13.4948,624.9474
2025-08-06T14:17:03,13.4948,13.509,13.4805,13.5066,438.1053
2025-08-06T14:17:04,13.509,13.509,13.4805,13.4919,733.8947
2025-08-06T14:17:05,13.5071,13.5071,13.4995,13.4995,763.2105
2025-08-06T14:17:06,13.49,13.509,13.4577,13.4577,1071.4211
2025-08-06T14:17:07,13.4881,13.49,13.4558,13.4729,1154.7895
2025-08-06T14:17:08,13.4862,13.49,13.4691,13.4691,658.9474
2025-08-06T14:17:09,13.4691,13.4881,13.4558,13.4881,663.7368
2025-08-06T14:17:10,13.4577,13.4862,13.4558,13.4729,744.7895
2025-08-06T14:17:11,13.4729,13.4824,13.4558,13.4558,720.2632
2025-08-06T14:17:12,13.4558,13.4881,13.4387,13.4387,834.0
2025-08-06T14:17:13,13.4558,13.4881,13.4387,13.4881,5065.0
2025-08-06T14:17:14,13.4881,13.4881,13.4292,13.4786,964.1053
2025-08-06T14:17:15,13.4444,13.4444,13.4197,13.4387,359.6316
2025-08-06T14:17:16,13.4045,13.4273,13.4026,13.4159,556.3684
2025-08-06T14:17:17,13.4273,13.4292,13.4273,13.4292,21.7895
2025-08-06T14:17:18,13.4045,13.4292,13.4045,13.4273,367.8421
2025-08-06T14:17:19,13.4026,13.4482,13.4026,13.4254,1014.1579
2025-08-06T14:17:20,13.4501,13.4501,13.4387,13.4387,1208.3684
2025-08-06T14:17:21,13.452,13.452,13.4045,13.4501,1121.0526
2025-08-06T14:17:23,13.4406,13.452,13.4064,13.452,205.5789
2025-08-06T14:17:24,13.4482,13.4482,13.4387,13.4387,530.0526
2025-08-06T14:17:25,13.4387,13.4387,13.4387,13.4387,33.0526
2025-08-06T14:17:26,13.4311,13.4425,13.4273,13.4425,92.3158
2025-08-06T14:17:27,13.4406,13.4425,13.414,13.4425,489.1053
2025-08-06T14:17:28,13.4482,13.4615,13.4454,13.4615,1326.3158
2025-08-06T14:17:29,13.4767,13.5432,13.4596,13.4971,2898.1579
2025-08-06T14:17:30,13.5185,13.5451,13.4444,13.4506,3104.4211
2025-08-06T14:17:31,13.4881,13.528,13.452,13.528,796.2105
2025-08-06T14:17:32,13.471,13.5278,13.471,13.5278,422.1053
2025-08-06T14:17:33,13.4919,13.4919,13.49,13.49,94.7368
2025-08-06T14:17:34,13.4976,13.5337,13.4976,13.5033,76.8947
2025-08-06T14:17:35,13.5261,13.5356,13.5185,13.5337,622.7895
2025-08-06T14:17:36,13.5337,13.5337,13.4368,13.4558,2370.6842
2025-08-06T14:17:37,13.4577,13.471,13.4558,13.4577,1517.1579
2025-08-06T14:17:38,13.4577,13.4606,13.4577,13.4596,382.8421
2025-08-06T14:17:39,13.4558,13.4558,13.4007,13.4055,1551.1053
2025-08-06T14:17:40,13.4045,13.433,13.3912,13.3912,1655.4211
2025-08-06T14:17:41,13.4349,13.4349,13.3893,13.3912,1057.8947
2025-08-06T14:17:42,13.4045,13.4349,13.3893,13.4349,186.0
2025-08-06T14:17:43,13.3817,13.3969,13.3817,13.3969,36.8421
2025-08-06T14:17:44,13.433,13.4615,13.3931,13.4615,1816.0526
2025-08-06T14:17:45,13.4482,13.4482,13.4482,13.4482,67.8947
2025-08-06T14:17:46,13.4482,13.4482,13.4368,13.4368,235.1053
2025-08-06T14:17:47,13.4349,13.4615,13.4349,13.4615,99.8947
2025-08-06T14:17:48,13.4387,13.4482,13.4387,13.4482,33.2632
2025-08-06T14:17:49,13.4368,13.4368,13.4368,13.4368,265.9474
2025-08-06T14:17:50,13.452,13.49,13.4387,13.49,476.4211
2025-08-06T14:17:51,13.4615,13.5071,13.4615,13.5071,1197.3158
2025-08-06T14:17:52,13.5128,13.528,13.49,13.5071,2588.5789
2025-08-06T14:17:53,13.5261,13.5375,13.4919,13.5261,1173.0526
2025-08-06T14:17:54,13.5071,13.5071,13.5071,13.5071,7.7895
2025-08-06T14:17:55,13.509,13.5109,13.4938,13.5109,307.5263
2025-08-06T14:17:56,13.509,13.5353,13.509,13.509,225.3158
2025-08-06T14:17:57,13.509,13.509,13.4891,13.4891,1229.1053
2025-08-06T14:17:58,13.509,13.509,13.471,13.471,606.6842
2025-08-06T14:17:59,13.4881,13.49,13.4881,13.4898,830.2105
2025-08-06T14:18:00,13.4881,13.4881,13.4748,13.4748,142.2105
2025-08-06T14:18:01,13.49,13.49,13.4729,13.4824,713.4211
2025-08-06T14:18:02,13.491,13.5242,13.49,13.5242,1278.1053
2025-08-06T14:18:03,13.5109,13.5242,13.5109,13.5242,1171.1053
2025-08-06T14:18:04,13.5223,13.5242,13.5014,13.509,685.7895
2025-08-06T14:18:05,13.5033,13.509,13.5033,13.5071,564.2105
2025-08-06T14:18:06,13.5071,13.509,13.5071,13.509,586.8947
2025-08-06T14:18:07,13.5052,13.5147,13.5052,13.5147,78.8947
2025-08-06T14:18:08,13.5052,13.524,13.4653,13.5014,1543.3684
2025-08-06T14:18:09,13.4824,13.4824,13.471,13.4712,50.8421
2025-08-06T14:18:10,13.4976,13.4976,13.4501,13.4501,324.7895
2025-08-06T14:18:11,13.4824,13.4824,13.4482,13.4482,315.0526
2025-08-06T14:18:12,13.4406,13.4767,13.4368,13.471,420.1053
2025-08-06T14:18:13,13.4434,13.471,13.4434,13.471,433.1053
2025-08-06T14:18:14,13.452,13.4539,13.4368,13.4406,54.7368
2025-08-06T14:18:15,13.4387,13.4406,13.4387,13.4406,270.5789
2025-08-06T14:18:16,13.4368,13.4368,13.4349,13.4368,91.8421
2025-08-06T14:18:17,13.4368,13.4406,13.433,13.4368,358.2105
2025-08-06T14:18:18,13.4349,13.4406,13.4292,13.4292,580.2632
2025-08-06T14:18:19,13.433,13.433,13.3969,13.3969,1347.3684
2025-08-06T14:18:20,13.4311,13.4311,13.3988,13.4311,186.4737
2025-08-06T14:18:21,13.4064,13.4311,13.4064,13.4102,177.7368
2025-08-06T14:18:22,13.4159,13.4159,13.4064,13.4121,149.7368
2025-08-06T14:18:23,13.433,13.4349,13.433,13.4349,713.1579
2025-08-06T14:18:24,13.4292,13.4349,13.4102,13.4349,341.7895
2025-08-06T14:18:25,13.4102,13.4824,13.4102,13.4368,1100.7895
2025-08-06T14:18:26,13.4102,13.4615,13.4083,13.433,1122.7895
2025-08-06T14:18:28,13.4368,13.4492,13.4368,13.4444,27.9474
2025-08-06T14:18:29,13.4615,13.4615,13.4482,13.4482,31.6842
2025-08-06T14:18:30,13.4387,13.4615,13.4387,13.4501,654.7895
2025-08-06T14:18:31,13.4613,13.566,13.4613,13.566,1793.9474
2025-08-06T14:18:32,13.5641,13.5641,13.5641,13.5641,386.5789
2025-08-06T14:18:33,13.566,13.566,13.5299,13.5339,395.5263
2025-08-06T14:18:34,13.4976,13.5432,13.4957,13.5014,1807.5789
2025-08-06T14:18:35,13.528,13.528,13.5261,13.5261,140.0526
2025-08-06T14:18:36,13.528,13.5413,13.5185,13.5185,349.4737
2025-08-06T14:18:37,13.5318,13.5318,13.4957,13.4957,693.0526
2025-08-06T14:18:38,13.4976,13.4976,13.4976,13.4976,500.2632
2025-08-06T14:18:39,13.5014,13.5014,13.4995,13.4995,58.0
2025-08-06T14:18:40,13.5014,13.5014,13.3874,13.3874,3498.4737
2025-08-06T14:18:41,13.3874,13.3969,13.3817,13.3893,414.6842
2025-08-06T14:18:42,13.3874,13.3874,13.3741,13.3741,688.0526
2025-08-06T14:18:43,13.4311,13.433,13.376,13.433,450.0526
2025-08-06T14:18:44,13.4045,13.4102,13.4045,13.4102,30.4737
2025-08-06T14:18:45,13.4102,13.433,13.4102,13.433,209.2105
2025-08-06T14:18:46,13.4311,13.433,13.3893,13.3893,352.2632
2025-08-06T14:18:47,13.3874,13.3874,13.3874,13.3874,6.5789
2025-08-06T14:18:48,13.3884,13.3893,13.3884,13.3893,571.8421
2025-08-06T14:18:49,13.3893,13.4083,13.3893,13.4083,37.5263
2025-08-06T14:18:50,13.4083,13.4102,13.4055,13.4102,957.6316
2025-08-06T14:18:51,13.4102,13.4169,13.4026,13.4169,1639.2105
2025-08-06T14:18:52,13.4273,13.433,13.4273,13.433,15.7895
2025-08-06T14:18:53,13.433,13.4577,13.414,13.414,405.3684
2025-08-06T14:18:54,13.4159,13.4159,13.4159,13.4159,21.3684
2025-08-06T14:18:55,13.4235,13.4615,13.4235,13.4615,75.5263
2025-08-06T14:18:57,13.4615,13.4615,13.4615,13.4615,78.9474
2025-08-06T14:18:58,13.4501,13.4501,13.4501,13.4501,20.2105
2025-08-06T14:18:59,13.4406,13.4406,13.4406,13.4406,431.6842
2025-08-06T14:19:01,13.4501,13.4615,13.4387,13.4615,262.8421
2025-08-06T14:19:03,13.4596,13.4596,13.4406,13.4406,266.9474
2025-08-06T14:19:04,13.4406,13.4406,13.395,13.3969,1275.6842
2025-08-06T14:19:05,13.396,13.3969,13.395,13.395,437.5263
2025-08-06T14:19:06,13.3969,13.3969,13.3969,13.3969,404.9474
2025-08-06T14:19:07,13.396,13.4064,13.395,13.395,319.3684
2025-08-06T14:19:08,13.4292,13.4292,13.4121,13.4121,457.8421
2025-08-06T14:19:09,13.3969,13.3969,13.396,13.396,131.2105
2025-08-06T14:19:10,13.395,13.395,13.395,13.395,134.5789
2025-08-06T14:19:11,13.395,13.3969,13.395,13.3969,267.3684
2025-08-06T14:19:12,13.396,13.396,13.396,13.396,21.0526
2025-08-06T14:19:13,13.395,13.3969,13.395,13.395,606.2632
2025-08-06T14:19:14,13.395,13.3969,13.3874,13.3874,1794.2632
2025-08-06T14:19:15,13.3874,13.4254,13.3874,13.3874,642.1053
2025-08-06T14:19:16,13.3893,13.4254,13.3874,13.3969,692.2105
2025-08-06T14:19:17,13.395,13.3969,13.323,13.3874,750.8947
2025-08-06T14:19:18,13.395,13.395,13.3874,13.3922,37.8947
2025-08-06T14:19:19,13.3874,13.3893,13.3874,13.3893,37.4211
2025-08-06T14:19:20,13.395,13.395,13.395,13.395,12.5789
2025-08-06T14:19:21,13.3952,13.3952,13.3741,13.3836,551.5789
2025-08-06T14:19:22,13.3931,13.3931,13.3931,13.3931,84.2105
2025-08-06T14:19:23,13.3874,13.3893,13.3874,13.3893,44.3158
2025-08-06T14:19:24,13.3912,13.3912,13.3912,13.3912,48.4211
2025-08-06T14:19:25,13.3893,13.3893,13.3874,13.3874,222.1579
2025-08-06T14:19:26,13.3741,13.3874,13.3741,13.3855,452.8421
2025-08-06T14:19:27,13.3798,13.3798,13.3741,13.3741,21.8947
2025-08-06T14:19:28,13.3741,13.376,13.3703,13.376,1046.6842
2025-08-06T14:19:29,13.3836,13.3836,13.3703,13.3836,251.0
2025-08-06T14:19:30,13.3817,13.3817,13.3817,13.3817,11.7368
2025-08-06T14:19:31,13.3741,13.3741,13.3741,13.3741,27.9474
2025-08-06T14:19:32,13.3741,13.3874,13.3741,13.3741,851.6842
2025-08-06T14:19:33,13.3779,13.3836,13.3779,13.3836,644.2105
2025-08-06T14:19:34,13.3817,13.3817,13.376,13.376,326.4737
2025-08-06T14:19:35,13.376,13.3836,13.376,13.3788,60.6842
2025-08-06T14:19:36,13.3741,13.3741,13.3608,13.3608,557.1053
2025-08-06T14:19:37,13.3608,13.3684,13.3418,13.3532,1303.0
2025-08-06T14:19:38,13.338,13.3608,13.338,13.3608,383.8947
2025-08-06T14:19:39,13.3399,13.3608,13.3399,13.3608,325.0
2025-08-06T14:19:40,13.338,13.3684,13.3228,13.3684,196.7368
2025-08-06T14:19:41,13.3608,13.3608,13.3551,13.3551,221.2105
2025-08-06T14:19:42,13.3608,13.3608,13.3456,13.3456,474.5263
2025-08-06T14:19:43,13.3494,13.3627,13.3494,13.3627,1270.7895
2025-08-06T14:19:44,13.3608,13.3608,13.3399,13.3503,702.6316
2025-08-06T14:19:45,13.338,13.3532,13.3342,13.338,241.5789
2025-08-06T14:19:46,13.3342,13.3456,13.3209,13.3209,644.0
2025-08-06T14:19:47,13.3228,13.3437,13.3228,13.3437,428.5263
2025-08-06T14:19:48,13.3209,13.3342,13.3209,13.3342,81.9474
2025-08-06T14:19:49,13.3247,13.3437,13.3247,13.3437,273.6842
2025-08-06T14:19:50,13.3418,13.3418,13.3209,13.3228,202.1579
2025-08-06T14:19:51,13.3323,13.3437,13.3323,13.3437,369.5263
2025-08-06T14:19:52,13.3361,13.4083,13.3361,13.4007,931.2632
2025-08-06T14:19:53,13.3969,13.4235,13.395,13.4102,2081.3158
2025-08-06T14:19:54,13.4235,13.4235,13.395,13.4235,986.7895
2025-08-06T14:19:55,13.4007,13.4254,13.4007,13.4254,95.6316
2025-08-06T14:19:56,13.4197,13.452,13.3798,13.452,1350.2105
2025-08-06T14:19:57,13.4292,13.566,13.4083,13.49,3044.8947
2025-08-06T14:19:58,13.49,13.49,13.4482,13.4501,1868.9474
2025-08-06T14:19:59,13.4501,13.452,13.4501,13.4501,579.2105
2025-08-06T14:20:00,13.4501,13.4501,13.4482,13.4501,1338.6842
2025-08-06T14:20:01,13.4425,13.452,13.4292,13.4425,675.7895
2025-08-06T14:20:02,13.4501,13.452,13.4235,13.4292,794.0526
2025-08-06T14:20:03,13.4197,13.4444,13.4197,13.4444,498.8947
2025-08-06T14:20:04,13.4425,13.4444,13.4102,13.4102,423.0
2025-08-06T14:20:05,13.4083,13.4083,13.395,13.4007,285.0
2025-08-06T14:20:06,13.395,13.4064,13.3437,13.4064,1019.7368
2025-08-06T14:20:07,13.3437,13.3874,13.3228,13.3228,1526.2632
2025-08-06T14:20:08,13.3228,13.3722,13.3,13.3,3996.4737
2025-08-06T14:20:09,13.3703,13.3703,13.3,13.3,380.2105
2025-08-06T14:20:10,13.3437,13.3437,13.3,13.3,1383.4211
2025-08-06T14:20:11,13.3,13.3019,13.3,13.3019,744.1053
2025-08-06T14:20:12,13.3361,13.3361,13.3,13.3152,681.9474
2025-08-06T14:20:13,13.3152,13.3152,13.3019,13.3019,131.5263
2025-08-06T14:20:14,13.3285,13.3285,13.3152,13.3152,24.1579
2025-08-06T14:20:15,13.3038,13.3076,13.2639,13.2943,1022.4737
2025-08-06T14:20:16,13.2658,13.3532,13.2658,13.3352,2011.9474
2025-08-06T14:20:17,13.3,13.4558,13.3,13.452,6632.9474
2025-08-06T14:20:18,13.4501,13.4501,13.4321,13.433,295.5263
2025-08-06T14:20:19,13.414,13.452,13.414,13.414,472.7895
2025-08-06T14:20:20,13.4121,13.4197,13.4121,13.4197,24.2105
2025-08-06T14:20:21,13.4501,13.452,13.414,13.452,660.8421
2025-08-06T14:20:22,13.414,13.452,13.414,13.433,125.4737
2025-08-06T14:20:23,13.433,13.452,13.4292,13.452,243.6842
2025-08-06T14:20:24,13.452,13.4558,13.4292,13.4349,727.8421
2025-08-06T14:20:25,13.4501,13.452,13.433,13.4501,1681.9474
2025-08-06T14:20:26,13.4368,13.452,13.4368,13.452,1870.5263
2025-08-06T14:20:27,13.452,13.452,13.452,13.452,70.4737
2025-08-06T14:20:28,13.4444,13.452,13.4368,13.4368,2061.7368
2025-08-06T14:20:29,13.4501,13.452,13.4387,13.452,132.3158
2025-08-06T14:20:30,13.4444,13.452,13.433,13.433,657.8421
2025-08-06T14:20:31,13.4501,13.4501,13.4387,13.4387,223.4737
2025-08-06T14:20:32,13.4511,13.452,13.3817,13.452,389.6842
2025-08-06T14:20:33,13.3456,13.3456,13.3456,13.3456,528.3158
2025-08-06T14:20:34,13.3456,13.3456,13.3456,13.3456,52.6842
2025-08-06T14:20:35,13.4026,13.4311,13.3684,13.3684,184.5263
2025-08-06T14:20:36,13.3665,13.3665,13.3665,13.3665,10.0526
2025-08-06T14:20:38,13.4292,13.4292,13.4083,13.4083,69.9474
2025-08-06T14:20:39,13.414,13.414,13.414,13.414,5.2632
2025-08-06T14:20:40,13.395,13.566,13.395,13.4131,2912.2105
2025-08-06T14:20:41,13.5641,13.566,13.5413,13.5413,1177.8421
2025-08-06T14:20:42,13.5166,13.5717,13.5166,13.5394,990.7368
2025-08-06T14:20:43,13.5717,13.5926,13.5451,13.5451,859.3684
2025-08-06T14:20:44,13.5907,13.6743,13.585,13.585,2410.5263
2025-08-06T14:20:45,13.6743,13.6743,13.5926,13.6743,1321.8421
2025-08-06T14:20:46,13.6762,13.6762,13.6335,13.6762,1893.3684
2025-08-06T14:20:47,13.6154,13.6762,13.6154,13.661,107.4737
2025-08-06T14:20:48,13.661,13.661,13.6135,13.6591,1620.7895
2025-08-06T14:20:49,13.6591,13.6743,13.6192,13.6192,1022.5789
2025-08-06T14:20:50,13.661,13.68,13.6211,13.661,2910.6842
2025-08-06T14:20:51,13.6468,13.6468,13.6135,13.6373,321.1579
2025-08-06T14:20:52,13.6154,13.661,13.6154,13.6591,365.2632
2025-08-06T14:20:53,13.6439,13.661,13.6268,13.6268,221.2105
2025-08-06T14:20:54,13.6287,13.6363,13.6287,13.6306,806.0
2025-08-06T14:20:55,13.6316,13.6344,13.585,13.585,3113.6842
2025-08-06T14:20:56,13.6192,13.6192,13.585,13.6116,518.2632
2025-08-06T14:20:57,13.6116,13.6135,13.585,13.6135,770.3684
2025-08-06T14:20:58,13.5926,13.5926,13.5717,13.5926,101.8421
2025-08-06T14:21:00,13.585,13.585,13.585,13.585,15.1579
2025-08-06T14:21:01,13.6116,13.6135,13.6116,13.6126,179.1053
2025-08-06T14:21:02,13.6135,13.6344,13.6116,13.6344,2311.6316
2025-08-06T14:21:03,13.6382,13.68,13.6382,13.6772,5821.5789
2025-08-06T14:21:04,13.68,13.68,13.6743,13.6793,2993.7895
2025-08-06T14:21:05,13.68,13.68,13.6458,13.6781,1858.1053
2025-08-06T14:21:06,13.6781,13.6781,13.6059,13.6439,3077.8947
2025-08-06T14:21:07,13.6135,13.6287,13.5489,13.5603,2994.0526
2025-08-06T14:21:08,13.5489,13.5869,13.5489,13.585,2295.4737
2025-08-06T14:21:09,13.5793,13.5793,13.5489,13.5679,850.5789
2025-08-06T14:21:10,13.547,13.5508,13.5451,13.5508,1156.3158
2025-08-06T14:21:11,13.5774,13.5793,13.5489,13.5793,59.3684
2025-08-06T14:21:12,13.5489,13.5565,13.5489,13.5565,417.5789
2025-08-06T14:21:13,13.5527,13.5565,13.5508,13.5508,231.0
2025-08-06T14:21:14,13.5565,13.5565,13.4976,13.4976,3182.2105
2025-08-06T14:21:15,13.5413,13.5413,13.4976,13.4995,963.6316
2025-08-06T14:21:16,13.4976,13.5033,13.4976,13.4995,501.5789
2025-08-06T14:21:17,13.509,13.5204,13.4976,13.5204,516.1053
2025-08-06T14:21:18,13.509,13.509,13.509,13.509,5.2632
2025-08-06T14:21:19,13.509,13.509,13.509,13.509,210.8421
2025-08-06T14:21:20,13.5204,13.5508,13.5204,13.5508,111.0
2025-08-06T14:21:21,13.5489,13.5508,13.5489,13.5508,1062.5263
2025-08-06T14:21:22,13.5489,13.5489,13.5489,13.5489,221.5789
2025-08-06T14:21:24,13.5508,13.5508,13.5499,13.5499,27.8947
2025-08-06T14:21:25,13.5499,13.5508,13.547,13.547,1251.9474
2025-08-06T14:21:26,13.5489,13.5489,13.5375,13.5375,1012.1579
2025-08-06T14:21:27,13.5451,13.5451,13.5375,13.5375,510.5263
2025-08-06T14:21:28,13.5451,13.5451,13.5394,13.5451,403.2632
2025-08-06T14:21:29,13.5375,13.5489,13.5375,13.5489,260.0
2025-08-06T14:21:30,13.5375,13.5413,13.5375,13.5413,292.6316
2025-08-06T14:21:31,13.5413,13.5451,13.5413,13.5432,732.8947
2025-08-06T14:21:32,13.5451,13.5451,13.5413,13.5413,55.2632
2025-08-06T14:21:33,13.5413,13.5451,13.5375,13.5394,746.9474
2025-08-06T14:21:34,13.5413,13.5413,13.5375,13.5394,1183.3684
2025-08-06T14:21:35,13.5394,13.5394,13.5375,13.5394,415.1053
2025-08-06T14:21:36,13.5375,13.5394,13.5375,13.5375,1826.3158
2025-08-06T14:21:37,13.5385,13.5394,13.528,13.5394,977.0526
2025-08-06T14:21:38,13.5375,13.5375,13.528,13.528,157.4211
2025-08-06T14:21:39,13.528,13.5394,13.4976,13.4976,705.9474
2025-08-06T14:21:40,13.5318,13.5318,13.49,13.4919,1960.4211
2025-08-06T14:21:41,13.4919,13.4919,13.4919,13.4919,12.0526
2025-08-06T14:21:42,13.4919,13.4919,13.491,13.491,294.3684
2025-08-06T14:21:43,13.49,13.4919,13.49,13.4919,542.7895
2025-08-06T14:21:44,13.49,13.4919,13.49,13.4919,64.1579
2025-08-06T14:21:45,13.49,13.4919,13.49,13.4919,150.0526
2025-08-06T14:21:46,13.4919,13.4919,13.49,13.49,55.4737
2025-08-06T14:21:47,13.49,13.4919,13.49,13.4919,26.0
2025-08-06T14:21:48,13.49,13.49,13.49,13.49,15.6316
2025-08-06T14:21:49,13.49,13.49,13.49,13.49,473.1053
2025-08-06T14:21:50,13.4919,13.4919,13.49,13.49,117.2632
2025-08-06T14:21:51,13.49,13.49,13.49,13.49,52.6842
2025-08-06T14:21:52,13.49,13.4919,13.49,13.49,68.2105
2025-08-06T14:21:53,13.4919,13.4919,13.395,13.395,2760.9474
2025-08-06T14:21:54,13.4368,13.4368,13.338,13.3608,3074.0
2025-08-06T14:21:55,13.3798,13.3817,13.338,13.3817,240.3684
2025-08-06T14:21:56,13.338,13.3817,13.338,13.338,85.1053
2025-08-06T14:21:57,13.3817,13.3817,13.3323,13.3323,844.1053
2025-08-06T14:21:58,13.3646,13.3646,13.3,13.3456,1135.7368
2025-08-06T14:21:59,13.3019,13.3475,13.3,13.3019,1278.8421
2025-08-06T14:22:00,13.3019,13.3475,13.3019,13.3342,864.5263
2025-08-06T14:22:01,13.3361,13.3361,13.3019,13.3019,147.0
2025-08-06T14:22:02,13.3,13.3019,13.2791,13.2905,1408.6842
2025-08-06T14:22:03,13.2791,13.2886,13.2791,13.281,38.5789
2025-08-06T14:22:04,13.2753,13.3019,13.2696,13.3,713.5263
2025-08-06T14:22:05,13.2696,13.2696,13.2202,13.2316,954.6842
2025-08-06T14:22:06,13.2791,13.2791,13.1271,13.1385,1943.3158
2025-08-06T14:22:07,13.1385,13.1936,13.1366,13.1917,691.7895
2025-08-06T14:22:08,13.1917,13.1917,13.1879,13.1917,1443.0
2025-08-06T14:22:09,13.1765,13.205,13.1746,13.1746,64.8421
2025-08-06T14:22:10,13.2088,13.2107,13.1746,13.2107,568.7895
2025-08-06T14:22:11,13.2107,13.2107,13.1917,13.1917,331.6842
2025-08-06T14:22:12,13.1955,13.1955,13.1917,13.1917,183.3158
2025-08-06T14:22:13,13.1936,13.1936,13.1917,13.1936,397.5263
2025-08-06T14:22:14,13.1917,13.1955,13.11,13.11,4232.5263
2025-08-06T14:22:15,13.1651,13.1651,13.1119,13.1376,847.7895
2025-08-06T14:22:16,13.129,13.2297,13.129,13.1366,1085.0526
2025-08-06T14:22:17,13.1727,13.1727,13.0663,13.0663,5835.8947
2025-08-06T14:22:18,13.0739,13.0758,13.0169,13.0606,2507.1579
2025-08-06T14:22:19,13.0188,13.11,12.939,12.9409,3052.7895
2025-08-06T14:22:20,13.0804,13.0804,12.9447,13.0435,587.8421
2025-08-06T14:22:21,13.0454,13.0929,13.0264,13.0587,1656.7368
2025-08-06T14:22:22,13.0568,13.0587,13.0264,13.0587,900.6842
2025-08-06T14:22:23,13.0511,13.0511,12.92,12.92,3259.0526
2025-08-06T14:22:24,12.92,13.1098,12.92,12.9998,963.4737
2025-08-06T14:22:25,13.0226,13.0245,12.9979,12.9979,1557.4737
2025-08-06T14:22:26,12.9998,13.0929,12.9979,13.0625,1683.5263
2025-08-06T14:22:27,13.0606,13.0891,13.0606,13.0758,1396.6842
2025-08-06T14:22:28,13.091,13.091,13.0321,13.0794,475.9474
2025-08-06T14:22:29,13.0302,13.0625,13.0264,13.0264,615.6316
2025-08-06T14:22:30,13.0511,13.053,12.977,13.0321,670.2105
2025-08-06T14:22:31,13.0321,13.0321,13.015,13.0226,225.7895
2025-08-06T14:22:32,12.9979,13.0568,12.9979,13.0568,115.0526
2025-08-06T14:22:33,12.9998,13.0568,12.9979,13.0321,243.8947
2025-08-06T14:22:34,13.0511,13.0511,13.0378,13.0378,184.5263
2025-08-06T14:22:35,13.0245,13.0454,13.0169,13.0435,500.1579
2025-08-06T14:22:36,13.0169,13.0359,12.9979,12.9979,559.1579
2025-08-06T14:22:37,13.0169,13.0359,12.9998,12.9998,501.7368
2025-08-06T14:22:38,12.9979,13.0169,12.9979,13.0169,50.1579
2025-08-06T14:22:39,12.9979,13.0169,12.9979,13.0169,257.9474
2025-08-06T14:22:40,13.015,13.0169,13.015,13.015,88.3158
2025-08-06T14:22:41,13.015,13.0169,13.015,13.015,205.5789
2025-08-06T14:22:42,13.015,13.0169,13.015,13.016,132.0526
2025-08-06T14:22:43,13.016,13.072,13.015,13.072,667.2105
2025-08-06T14:22:44,13.0435,13.072,13.0378,13.072,239.9474
2025-08-06T14:22:45,13.0587,13.0758,13.0511,13.0511,591.6316
2025-08-06T14:22:46,13.0701,13.072,13.0511,13.072,40.0
2025-08-06T14:22:47,13.0701,13.0701,13.0511,13.0511,47.7368
2025-08-06T14:22:48,13.0701,13.0701,13.053,13.053,500.4737
2025-08-06T14:22:49,13.0625,13.072,13.0511,13.0511,56.1579
2025-08-06T14:22:50,13.053,13.0701,13.053,13.0701,125.4211
2025-08-06T14:22:51,13.0704,13.072,13.0587,13.072,125.8947
2025-08-06T14:22:52,13.0701,13.072,13.0701,13.0701,161.6316
2025-08-06T14:22:53,13.0701,13.072,13.0701,13.0713,681.2105
2025-08-06T14:22:54,13.072,13.072,13.0511,13.0511,1106.2632
2025-08-06T14:22:55,13.0511,13.053,13.0378,13.0378,1045.7368
2025-08-06T14:22:56,13.0359,13.0568,12.977,12.977,1723.4737
2025-08-06T14:22:57,12.977,12.9922,12.9618,12.9922,386.2632
2025-08-06T14:22:58,12.9637,12.9903,12.92,12.92,3242.1579
2025-08-06T14:22:59,12.92,12.939,12.92,12.939,1260.8947
2025-08-06T14:23:00,12.9371,12.939,12.8573,12.8573,7041.2632
2025-08-06T14:23:01,12.8573,12.9314,12.8573,12.9295,964.4211
2025-08-06T14:23:02,12.939,12.939,12.864,12.8934,1117.8421
2025-08-06T14:23:03,12.8782,12.8953,12.825,12.8934,1694.3158
2025-08-06T14:23:04,12.8269,12.8269,12.635,12.6369,2877.2632
2025-08-06T14:23:05,12.6654,12.7148,12.635,12.6445,990.3684
2025-08-06T14:23:06,12.6464,12.7091,12.4963,12.5229,4764.9474
2025-08-06T14:23:07,12.5096,12.521,12.388,12.4336,6718.4211
2025-08-06T14:23:08,12.4355,12.5191,12.3937,12.4659,1243.4211
2025-08-06T14:23:09,12.5191,12.6103,12.4522,12.5723,2210.2632
2025-08-06T14:23:10,12.5362,12.6103,12.5343,12.56,2082.1579
2025-08-06T14:23:11,12.559,12.6065,12.54,12.5875,876.3158
2025-08-06T14:23:12,12.6065,12.6084,12.5856,12.5875,1265.6842
2025-08-06T14:23:13,12.597,12.6084,12.54,12.5761,2229.8421
2025-08-06T14:23:14,12.5913,12.5913,12.5609,12.5609,534.8947
2025-08-06T14:23:15,12.5552,12.559,12.4659,12.5087,2740.3684
2025-08-06T14:23:16,12.5495,12.5514,12.4659,12.5514,1137.8947
2025-08-06T14:23:17,12.4659,12.5514,12.4659,12.5495,837.8947
2025-08-06T14:23:18,12.5096,12.5324,12.4697,12.4737,1474.5263
2025-08-06T14:23:19,12.5058,12.5229,12.4773,12.521,890.4737
2025-08-06T14:23:20,12.521,12.5343,12.4792,12.5343,177.7895
2025-08-06T14:23:21,12.5229,12.5229,12.4792,12.4887,895.1053
2025-08-06T14:23:22,12.4887,12.4887,12.4735,12.4792,643.1053
2025-08-06T14:23:23,12.5077,12.521,12.4792,12.521,703.6316
2025-08-06T14:23:24,12.521,12.54,12.521,12.54,1785.8421
2025-08-06T14:23:25,12.5381,12.54,12.5381,12.5381,1060.8421
2025-08-06T14:23:26,12.5381,12.5628,12.5381,12.5381,2017.6842
2025-08-06T14:23:27,12.5391,12.5628,12.5381,12.54,650.7895
2025-08-06T14:23:28,12.5419,12.5628,12.54,12.5628,565.8947
2025-08-06T14:23:29,12.54,12.5628,12.54,12.5628,93.0
2025-08-06T14:23:30,12.54,12.54,12.4887,12.4906,1866.7368
2025-08-06T14:23:31,12.5125,12.5362,12.4887,12.4887,1617.1053
2025-08-06T14:23:32,12.5172,12.5343,12.4887,12.5106,1540.8421
2025-08-06T14:23:33,12.4906,12.5096,12.4906,12.5096,32.5263
2025-08-06T14:23:34,12.5096,12.5286,12.4906,12.5286,1136.3684
2025-08-06T14:23:35,12.5286,12.5286,12.502,12.502,697.3684
2025-08-06T14:23:36,12.502,12.5267,12.502,12.502,207.7895
2025-08-06T14:23:37,12.5286,12.5286,12.5115,12.5134,48.3158
2025-08-06T14:23:38,12.5115,12.5134,12.4697,12.4697,3578.1053
2025-08-06T14:23:39,12.4849,12.5229,12.4849,12.521,1136.4737
2025-08-06T14:23:40,12.521,12.5248,12.521,12.5229,2075.5789
2025-08-06T14:23:41,12.5248,12.5286,12.521,12.522,1099.6316
2025-08-06T14:23:42,12.5227,12.5381,12.5227,12.5286,916.7368
2025-08-06T14:23:43,12.5381,12.54,12.5229,12.5343,2658.5789
2025-08-06T14:23:44,12.5229,12.54,12.521,12.5248,5751.8947
2025-08-06T14:23:45,12.5248,12.5381,12.5248,12.5381,110.7895
2025-08-06T14:23:46,12.5286,12.5362,12.5286,12.5286,772.6316
2025-08-06T14:23:47,12.5343,12.5362,12.5286,12.5296,80.1053
2025-08-06T14:23:49,12.5248,12.5248,12.5229,12.5229,643.6842
2025-08-06T14:23:50,12.5229,12.5229,12.4355,12.4355,3412.8947
2025-08-06T14:23:51,12.4782,12.5191,12.4013,12.4526,1676.4737
2025-08-06T14:23:52,12.426,12.426,12.255,12.3253,5408.6842
2025-08-06T14:23:53,12.255,12.2873,12.0479,12.0517,4024.6316
2025-08-06T14:23:54,12.141,12.1429,12.0517,12.1296,4371.6842
2025-08-06T14:23:55,12.1277,12.1296,12.065,12.0859,4301.3158
2025-08-06T14:23:56,12.0831,12.1296,12.0831,12.1296,2546.8947
2025-08-06T14:23:57,12.1106,12.16,12.1068,12.1334,2800.6842
2025-08-06T14:23:58,12.1353,12.2151,12.1353,12.1752,708.6842
2025-08-06T14:23:59,12.217,12.2455,12.1752,12.1752,792.3158
2025-08-06T14:24:00,12.2436,12.4013,12.1752,12.3975,2920.7895
2025-08-06T14:24:01,12.35,12.4013,12.2512,12.4013,2798.3684
2025-08-06T14:24:02,12.4146,12.4165,12.3557,12.3633,1357.0526
2025-08-06T14:24:03,12.3443,12.3994,12.2949,12.3994,2047.1579
2025-08-06T14:24:04,12.3576,12.4697,12.3576,12.4697,2282.0526
2025-08-06T14:24:05,12.4678,12.9181,12.4678,12.597,5621.0526
2025-08-06T14:24:06,12.6768,12.7566,12.597,12.7376,1832.1053
2025-08-06T14:24:07,12.6721,12.7376,12.6103,12.673,800.7368
2025-08-06T14:24:08,12.6141,12.673,12.6122,12.673,1014.1053
2025-08-06T14:24:09,12.6426,12.673,12.426,12.597,1209.7895
2025-08-06T14:24:10,12.5571,12.559,12.4298,12.4583,975.1053
2025-08-06T14:24:11,12.4944,12.4982,12.4184,12.4982,2102.3158
2025-08-06T14:24:12,12.4982,12.559,12.4298,12.4336,345.5263
2025-08-06T14:24:13,12.5001,12.559,12.4963,12.5296,852.0
2025-08-06T14:24:14,12.5571,12.5571,12.5267,12.5286,216.5789
2025-08-06T14:24:15,12.5039,12.54,12.4317,12.4317,787.7368
2025-08-06T14:24:16,12.4963,12.5001,12.4374,12.464,125.0
2025-08-06T14:24:17,12.464,12.5001,12.4317,12.5001,325.1579
2025-08-06T14:24:18,12.4811,12.4982,12.4659,12.4868,239.5789
2025-08-06T14:24:19,12.4982,12.4982,12.4716,12.4716,82.7368
2025-08-06T14:24:20,12.5001,12.5001,12.4982,12.4982,88.0526
2025-08-06T14:24:21,12.4659,12.5001,12.4659,12.5001,121.9474
2025-08-06T14:24:22,12.4963,12.4982,12.4963,12.4982,72.1053
2025-08-06T14:24:23,12.4963,12.5001,12.4963,12.4982,212.1579
2025-08-06T14:24:24,12.4982,12.4982,12.4963,12.4963,348.5789
2025-08-06T14:24:25,12.4982,12.5001,12.4963,12.4982,729.1053
2025-08-06T14:24:26,12.5001,12.5001,12.4963,12.4963,132.5263
2025-08-06T14:24:27,12.4896,12.4896,12.4849,12.4849,380.9474
2025-08-06T14:24:28,12.483,12.4868,12.483,12.484,137.5263
2025-08-06T14:24:31,12.483,12.4849,12.483,12.4849,345.0526
2025-08-06T14:24:32,12.483,12.483,12.4621,12.4621,637.5789
2025-08-06T14:24:33,12.464,12.464,12.4621,12.4621,38.6316
2025-08-06T14:24:34,12.4621,12.464,12.4621,12.4621,167.8947
2025-08-06T14:24:35,12.4621,12.464,12.2474,12.2474,1224.4737
2025-08-06T14:24:36,12.2987,12.2987,12.2493,12.2493,60.4737
2025-08-06T14:24:37,12.3291,12.3291,12.2493,12.2921,392.2632
2025-08-06T14:24:38,12.331,12.331,12.3291,12.3291,42.1579
2025-08-06T14:24:39,12.2911,12.464,12.2911,12.4013,3440.9474
2025-08-06T14:24:40,12.4013,12.464,12.3405,12.4013,332.2632
2025-08-06T14:24:41,12.3386,12.3386,12.3386,12.3386,40.9474
2025-08-06T14:24:42,12.3291,12.35,12.2721,12.35,35.6842
2025-08-06T14:24:43,12.2987,12.3329,12.2987,12.331,75.2105
2025-08-06T14:24:44,12.331,12.3329,12.3097,12.3329,403.2105
2025-08-06T14:24:45,12.3329,12.35,12.3044,12.35,74.1053
2025-08-06T14:24:46,12.3415,12.464,12.3348,12.3709,1220.8421
2025-08-06T14:24:47,12.3443,12.3994,12.3443,12.3728,266.4737
2025-08-06T14:24:48,12.3994,12.3994,12.3861,12.3861,11.1053
2025-08-06T14:24:49,12.3728,12.3861,12.3329,12.3861,689.0
2025-08-06T14:24:50,12.3861,12.3861,12.3538,12.3538,23.3158
2025-08-06T14:24:51,12.3861,12.3861,12.3557,12.3557,54.3684
2025-08-06T14:24:52,12.3576,12.3994,12.3576,12.3994,1825.1053
2025-08-06T14:24:53,12.3975,12.3975,12.3595,12.3595,294.7368
2025-08-06T14:24:54,12.3785,12.3785,12.3595,12.3595,45.5263
2025-08-06T14:24:55,12.3994,12.3994,12.3671,12.3671,154.4211
2025-08-06T14:24:56,12.3994,12.3994,12.388,12.388,61.3684
2025-08-06T14:24:57,12.3833,12.3994,12.3833,12.3994,10.5263
2025-08-06T14:24:58,12.3994,12.4564,12.3975,12.4355,390.6316
2025-08-06T14:24:59,12.4545,12.4564,12.3899,12.4564,107.3684
2025-08-06T14:25:00,12.4545,12.4545,12.3918,12.3918,221.1053
2025-08-06T14:25:02,12.4545,12.4545,12.3918,12.3956,74.4737
2025-08-06T14:25:03,12.4507,12.4507,12.3956,12.3956,84.0526
2025-08-06T14:25:04,12.4336,12.4336,12.3956,12.4334,303.2632
2025-08-06T14:25:05,12.4146,12.445,12.4146,12.4203,157.5789
2025-08-06T14:25:07,12.4241,12.4488,12.4241,12.4488,23.1053
2025-08-06T14:25:08,12.4241,12.4336,12.4241,12.4334,250.1053
2025-08-06T14:25:09,12.4488,12.4488,12.4488,12.4488,162.5263
2025-08-06T14:25:10,12.4317,12.4317,12.4317,12.4317,19.8947
2025-08-06T14:25:11,12.4317,12.4488,12.4317,12.4336,28.3684
2025-08-06T14:25:12,12.4422,12.4431,12.4422,12.4431,126.6842
2025-08-06T14:25:13,12.4488,12.4488,12.4431,12.4431,278.9474
2025-08-06T14:25:14,12.4488,12.4507,12.4488,12.4507,43.9474
2025-08-06T14:25:15,12.4507,12.4507,12.4498,12.4498,121.0526
2025-08-06T14:25:16,12.4498,12.4507,12.4488,12.4488,702.0526
2025-08-06T14:25:17,12.4507,12.4507,12.4488,12.4507,582.7895
2025-08-06T14:25:18,12.4507,12.4507,12.4488,12.4507,73.4737
2025-08-06T14:25:19,12.4488,12.4507,12.3671,12.3823,1572.1579
2025-08-06T14:25:20,12.3652,12.4051,12.3595,12.4051,1941.6842
2025-08-06T14:25:21,12.3652,12.3652,12.3652,12.3652,131.6316
2025-08-06T14:25:22,12.3595,12.3595,12.3595,12.3595,8.0
2025-08-06T14:25:23,12.3823,12.4051,12.3823,12.3842,52.2632
2025-08-06T14:25:24,12.3652,12.4051,12.3652,12.3842,1000.0
2025-08-06T14:25:25,12.3823,12.4032,12.3671,12.4032,38.7895
2025-08-06T14:25:26,12.3852,12.4032,12.3852,12.4032,213.7895
2025-08-06T14:25:27,12.369,12.3728,12.35,12.3728,2929.5789
2025-08-06T14:25:28,12.3538,12.3842,12.35,12.35,42.1053
2025-08-06T14:25:29,12.369,12.369,12.3538,12.3538,40.5263
2025-08-06T14:25:30,12.369,12.369,12.3595,12.3595,61.7895
2025-08-06T14:25:31,12.3538,12.3595,12.3538,12.3538,179.5263
2025-08-06T14:25:32,12.3519,12.3595,12.35,12.3538,470.1579
2025-08-06T14:25:33,12.35,12.35,12.35,12.35,39.3158
2025-08-06T14:25:34,12.35,12.3538,12.35,12.3538,83.5789
2025-08-06T14:25:35,12.3538,12.3557,12.35,12.35,717.3684
2025-08-06T14:25:36,12.3595,12.3595,12.3595,12.3595,10.5263
2025-08-06T14:25:38,12.3538,12.3538,12.35,12.3519,371.1579
2025-08-06T14:25:39,12.3538,12.3538,12.3538,12.3538,16.4211
2025-08-06T14:25:40,12.35,12.3538,12.35,12.3519,139.8421
2025-08-06T14:25:41,12.35,12.3595,12.35,12.3595,133.9474
2025-08-06T14:25:42,12.3557,12.4412,12.3557,12.369,2789.1579
2025-08-06T14:25:43,12.4042,12.4222,12.4042,12.4222,105.0526
2025-08-06T14:25:44,12.3709,12.3709,12.3709,12.3709,52.6316
2025-08-06T14:25:45,12.3728,12.4412,12.3728,12.4393,290.8947
2025-08-06T14:25:46,12.4336,12.4412,12.4336,12.4412,341.3158
2025-08-06T14:25:47,12.4412,12.5381,12.4412,12.5381,1729.6842
2025-08-06T14:25:48,12.5362,12.5362,12.4944,12.5362,336.8421
2025-08-06T14:25:49,12.5362,12.5362,12.5362,12.5362,52.6316
2025-08-06T14:25:50,12.4963,12.5381,12.4963,12.5163,130.8421
2025-08-06T14:25:51,12.5381,12.5381,12.5305,12.5362,443.8947
2025-08-06T14:25:52,12.5362,12.5362,12.5343,12.5343,199.1053
2025-08-06T14:25:53,12.5362,12.5362,12.5305,12.5343,57.7895
2025-08-06T14:25:54,12.5248,12.5362,12.5248,12.5362,67.1579
2025-08-06T14:25:55,12.5305,12.5362,12.4906,12.5153,262.3684
2025-08-06T14:25:56,12.5305,12.5324,12.5305,12.5315,210.6842
2025-08-06T14:25:57,12.5324,12.5324,12.5305,12.5305,351.1579
2025-08-06T14:25:58,12.5315,12.5324,12.5305,12.5305,400.2632
2025-08-06T14:25:59,12.5324,12.5324,12.5324,12.5324,280.8421
2025-08-06T14:26:00,12.5305,12.5324,12.5305,12.5324,26.8421
2025-08-06T14:26:01,12.5305,12.7281,12.5305,12.7281,2951.1579
2025-08-06T14:26:02,12.6388,12.6388,12.5305,12.5362,484.1579
2025-08-06T14:26:03,12.5362,12.5609,12.5343,12.5362,462.0526
2025-08-06T14:26:04,12.5362,12.5628,12.5362,12.5628,576.7368
2025-08-06T14:26:05,12.54,12.5419,12.4526,12.4526,1207.9474
2025-08-06T14:26:06,12.4868,12.4868,12.4545,12.4545,85.8947
2025-08-06T14:26:07,12.4431,12.4431,12.4222,12.4222,130.2105
2025-08-06T14:26:08,12.4241,12.5001,12.4241,12.5001,21.1579
2025-08-06T14:26:09,12.4849,12.4868,12.4583,12.4849,1142.0
2025-08-06T14:26:10,12.4868,12.54,12.4868,12.5381,571.5263
2025-08-06T14:26:12,12.5381,12.54,12.5343,12.5353,587.8947
2025-08-06T14:26:13,12.5343,12.5343,12.4754,12.4849,514.6842
2025-08-06T14:26:14,12.4982,12.5001,12.4735,12.4735,658.5263
2025-08-06T14:26:15,12.4754,12.5001,12.4754,12.5001,1701.8947
2025-08-06T14:26:16,12.5248,12.5248,12.5001,12.5248,184.2105
2025-08-06T14:26:17,12.5039,12.5248,12.5039,12.5229,334.2105
2025-08-06T14:26:18,12.502,12.5248,12.5001,12.5248,44.7368
2025-08-06T14:26:19,12.5229,12.5229,12.5229,12.5229,516.0
2025-08-06T14:26:20,12.5039,12.5039,12.5039,12.5039,29.7895
2025-08-06T14:26:21,12.5039,12.5229,12.5039,12.5229,53.5789
2025-08-06T14:26:22,12.502,12.502,12.502,12.502,95.7895
2025-08-06T14:26:23,12.5039,12.5039,12.5039,12.5039,147.9474
2025-08-06T14:26:25,12.502,12.5039,12.502,12.5039,16.5263
2025-08-06T14:26:26,12.5039,12.5039,12.5039,12.5039,29.5263
2025-08-06T14:26:27,12.5039,12.521,12.5039,12.521,18.4211
2025-08-06T14:26:28,12.5191,12.5191,12.5191,12.5191,115.7368
2025-08-06T14:26:29,12.5229,12.5229,12.5229,12.5229,12.1053
2025-08-06T14:26:30,12.5229,12.5229,12.5229,12.5229,26.3158
2025-08-06T14:26:31,12.5168,12.5168,12.5039,12.5039,57.8947
2025-08-06T14:26:32,12.521,12.5229,12.5134,12.5229,822.8947
2025-08-06T14:26:33,12.521,12.5229,12.521,12.5229,86.1053
2025-08-06T14:26:34,12.521,12.521,12.521,12.521,30.5263
2025-08-06T14:26:35,12.5229,12.5229,12.5229,12.5229,242.9474
2025-08-06T14:26:36,12.5248,12.5248,12.5248,12.5248,59.2105
2025-08-06T14:26:37,12.5229,12.5248,12.5229,12.5239,290.0526
2025-08-06T14:26:38,12.5248,12.5248,12.5248,12.5248,27.5263
2025-08-06T14:26:39,12.5239,12.5362,12.5229,12.5343,553.7368
2025-08-06T14:26:40,12.5362,12.54,12.5343,12.54,63.3684
2025-08-06T14:26:41,12.54,12.54,12.5381,12.54,640.3684
2025-08-06T14:26:43,12.54,12.7262,12.5248,12.7262,1955.0526
2025-08-06T14:26:44,12.6141,12.7262,12.6141,12.6141,125.4211
2025-08-06T14:26:45,12.7186,12.7186,12.6673,12.6673,28.3684
2025-08-06T14:26:46,12.6673,12.7167,12.6141,12.6673,729.2632
2025-08-06T14:26:47,12.6673,12.7167,12.6673,12.6711,27.5789
2025-08-06T14:26:48,12.6711,12.6711,12.6711,12.6711,12.5789
2025-08-06T14:26:49,12.6711,12.6901,12.6141,12.6711,270.6842
2025-08-06T14:26:50,12.6711,12.6901,12.5856,12.654,1380.5789
2025-08-06T14:26:51,12.654,12.654,12.6198,12.6198,25.0
2025-08-06T14:26:52,12.6559,12.6559,12.6559,12.6559,260.1579
2025-08-06T14:26:53,12.6559,12.6559,12.6027,12.6027,31.0526
2025-08-06T14:26:54,12.5875,12.6559,12.5476,12.6196,884.3684
2025-08-06T14:26:55,12.6141,12.6198,12.6141,12.6141,106.4737
2025-08-06T14:26:56,12.6141,12.616,12.6141,12.616,185.4211
2025-08-06T14:26:57,12.6179,12.6198,12.6179,12.6198,26.1579
2025-08-06T14:26:58,12.6198,12.6198,12.6141,12.6179,62.1053
2025-08-06T14:26:59,12.6141,12.6198,12.6084,12.6198,115.1579
2025-08-06T14:27:00,12.6084,12.6084,12.4982,12.502,2464.1579
2025-08-06T14:27:01,12.5153,12.5172,12.502,12.5039,144.7895
2025-08-06T14:27:03,12.5058,12.5058,12.5058,12.5058,96.0
2025-08-06T14:27:04,12.5039,12.5039,12.4868,12.4868,659.8421
2025-08-06T14:27:05,12.54,12.54,12.4868,12.4868,2838.5263
2025-08-06T14:27:06,12.4982,12.4982,12.4868,12.4868,289.4737
2025-08-06T14:27:07,12.5286,12.5286,12.5058,12.5058,64.8421
2025-08-06T14:27:08,12.5058,12.5058,12.5058,12.5058,16.8421
2025-08-06T14:27:09,12.5058,12.5058,12.5058,12.5058,11.8421
2025-08-06T14:27:10,12.5058,12.5485,12.5058,12.5485,121.0526
2025-08-06T14:27:11,12.5438,12.5552,12.5438,12.5552,78.6316
2025-08-06T14:27:13,12.5552,12.5552,12.5552,12.5552,115.7895
2025-08-06T14:27:14,12.5552,12.5552,12.5533,12.5533,19.9474
2025-08-06T14:27:16,12.5476,12.7167,12.5476,12.6521,3715.2105
2025-08-06T14:27:17,12.654,12.654,12.6521,12.6521,31.5789
2025-08-06T14:27:18,12.7167,12.7167,12.6521,12.6521,113.1579
2025-08-06T14:27:19,12.654,12.711,12.6521,12.6521,84.6316
2025-08-06T14:27:20,12.7091,12.711,12.6521,12.711,232.6316
2025-08-06T14:27:22,12.692,12.692,12.654,12.654,27.8947
2025-08-06T14:27:23,12.654,12.6825,12.5856,12.5856,1033.3684
2025-08-06T14:27:24,12.6882,12.6882,12.6882,12.6882,10.5263
2025-08-06T14:27:25,12.6882,12.7015,12.654,12.654,245.2632
2025-08-06T14:27:26,12.654,12.6654,12.654,12.6654,52.6316
2025-08-06T14:27:27,12.654,12.654,12.654,12.654,70.4737
2025-08-06T14:27:28,12.6521,12.654,12.6521,12.654,56.6842
2025-08-06T14:27:29,12.654,12.654,12.6521,12.6521,106.4737
2025-08-06T14:27:30,12.654,12.654,12.6521,12.6521,387.0526
2025-08-06T14:27:31,12.654,12.654,12.6521,12.6521,202.4737
2025-08-06T14:27:32,12.654,12.654,12.5647,12.5647,1982.7895
2025-08-06T14:27:33,12.5552,12.5799,12.54,12.5552,4188.4211
2025-08-06T14:27:34,12.5514,12.5514,12.5514,12.5514,8.9474
2025-08-06T14:27:35,12.5457,12.5476,12.54,12.5476,191.8421
2025-08-06T14:27:36,12.5419,12.5495,12.5419,12.5495,300.8421
2025-08-06T14:27:37,12.5438,12.5438,12.5438,12.5438,52.6842
2025-08-06T14:27:38,12.5495,12.5495,12.5419,12.5419,303.4211
2025-08-06T14:27:39,12.5457,12.5457,12.54,12.5438,1381.3684
2025-08-06T14:27:40,12.5419,12.5419,12.54,12.54,149.3684
2025-08-06T14:27:41,12.54,12.54,12.54,12.54,63.2105
2025-08-06T14:27:42,12.54,12.54,12.54,12.54,105.7368
2025-08-06T14:27:43,12.54,12.54,12.54,12.54,22.9474
2025-08-06T14:27:44,12.5419,12.5419,12.54,12.54,36.1579
2025-08-06T14:27:45,12.54,12.54,12.4868,12.5267,3980.8421
2025-08-06T14:27:46,12.5419,12.5419,12.54,12.5402,63.2632
2025-08-06T14:27:47,12.5419,12.5419,12.5419,12.5419,14.6842
2025-08-06T14:27:48,12.5419,12.5419,12.54,12.54,210.5263
2025-08-06T14:27:49,12.5419,12.5419,12.54,12.54,129.8421
2025-08-06T14:27:50,12.5419,12.5419,12.54,12.54,256.0
2025-08-06T14:27:51,12.54,12.54,12.3614,12.3614,2741.8947
2025-08-06T14:27:52,12.3956,12.4279,12.3956,12.4279,35.2105
2025-08-06T14:27:53,12.3614,12.3956,12.3614,12.3633,3001.5263
2025-08-06T14:27:54,12.4298,12.4298,12.4279,12.4279,18.4211
2025-08-06T14:27:55,12.4298,12.4298,12.4298,12.4298,98.4211
2025-08-06T14:27:57,12.3966,12.4279,12.3966,12.4279,51.0526
2025-08-06T14:27:58,12.3633,12.3671,12.3633,12.3671,105.0526
2025-08-06T14:27:59,12.3652,12.3652,12.3652,12.3652,24.2105
2025-08-06T14:28:00,12.3633,12.3975,12.3633,12.3975,2795.5263
2025-08-06T14:28:01,12.3633,12.3975,12.2778,12.3363,5300.2105
2025-08-06T14:28:02,12.2797,12.3291,12.2797,12.3291,553.9474
2025-08-06T14:28:03,12.3291,12.3291,12.2797,12.2797,368.6316
2025-08-06T14:28:04,12.2778,12.331,12.2778,12.331,555.6316
2025-08-06T14:28:05,12.3291,12.3291,12.3291,12.3291,26.3158
2025-08-06T14:28:06,12.3044,12.3308,12.2778,12.2778,417.8421
2025-08-06T14:28:07,12.3044,12.3044,12.2778,12.2797,188.8947
2025-08-06T14:28:08,12.2788,12.2797,12.2778,12.2797,100.1053
2025-08-06T14:28:09,12.2778,12.2797,12.2778,12.2778,274.6842
2025-08-06T14:28:10,12.2778,12.2797,12.2778,12.2797,181.5789
2025-08-06T14:28:11,12.2778,12.2788,12.2778,12.2778,48.3684
2025-08-06T14:28:12,12.2778,12.2797,12.1961,12.2778,404.4737
2025-08-06T14:28:13,12.236,12.255,12.2265,12.2531,151.4211
2025-08-06T14:28:14,12.2531,12.2531,12.2284,12.2531,106.3158
2025-08-06T14:28:15,12.2531,12.35,12.2531,12.3177,2498.4737
2025-08-06T14:28:16,12.2892,12.2892,12.2892,12.2892,284.1053
2025-08-06T14:28:17,12.35,12.35,12.3177,12.3272,98.8947
2025-08-06T14:28:18,12.3177,12.3272,12.3177,12.3234,69.8421
2025-08-06T14:28:19,12.3234,12.3272,12.3196,12.3196,73.7368
2025-08-06T14:28:20,12.3234,12.4868,12.3234,12.4868,1642.1053
2025-08-06T14:28:21,12.4564,12.4706,12.4564,12.4706,316.8947
2025-08-06T14:28:23,12.4545,12.4868,12.4203,12.4811,635.5789
2025-08-06T14:28:24,12.4222,12.4792,12.2835,12.2835,729.6842
2025-08-06T14:28:25,12.2797,12.3861,12.2797,12.3861,2175.0526
2025-08-06T14:28:27,12.388,12.388,12.388,12.388,111.5263
2025-08-06T14:28:28,12.3547,12.388,12.3234,12.3861,157.4737
2025-08-06T14:28:31,12.3253,12.4697,12.3253,12.3348,1712.3684
2025-08-06T14:28:32,12.388,12.388,12.3863,12.388,103.1579
2025-08-06T14:28:33,12.388,12.388,12.388,12.388,16.6316
2025-08-06T14:28:34,12.3861,12.388,12.3861,12.388,126.3684
2025-08-06T14:28:36,12.3861,12.3861,12.2645,12.2645,4210.5263
2025-08-06T14:28:37,12.3139,12.3158,12.3139,12.3158,16.1053
2025-08-06T14:28:38,12.293,12.293,12.293,12.293,34.8947
2025-08-06T14:28:39,12.3158,12.3158,12.3044,12.3044,45.2105
2025-08-06T14:28:40,12.3158,12.3158,12.293,12.3158,79.5263
2025-08-06T14:28:41,12.3158,12.3158,12.2645,12.3025,786.7895
2025-08-06T14:28:42,12.2835,12.3158,12.2645,12.3044,185.7368
2025-08-06T14:28:43,12.3063,12.3063,12.3063,12.3063,27.2105
2025-08-06T14:28:44,12.312,12.3158,12.312,12.3158,20.8421
2025-08-06T14:28:45,12.3044,12.388,12.2645,12.388,2281.5789
2025-08-06T14:28:46,12.3215,12.3215,12.3139,12.3139,57.8947
2025-08-06T14:28:47,12.312,12.3158,12.312,12.3158,27.2105
2025-08-06T14:28:48,12.3158,12.3158,12.3139,12.3139,138.2632
2025-08-06T14:28:49,12.312,12.312,12.312,12.312,263.1579
2025-08-06T14:28:50,12.3139,12.3158,12.312,12.312,223.6316
2025-08-06T14:28:51,12.3158,12.3158,12.312,12.312,355.5263
2025-08-06T14:28:52,12.312,12.3139,12.312,12.3139,30.6842
2025-08-06T14:28:53,12.312,12.3139,12.3063,12.3063,1473.7368
2025-08-06T14:28:54,12.3139,12.3139,12.3139,12.3139,9.7368
2025-08-06T14:28:56,12.3139,12.3139,12.3139,12.3139,23.2632
2025-08-06T14:28:57,12.3139,12.3158,12.3139,12.3158,16.9474
2025-08-06T14:28:58,12.312,12.312,12.312,12.312,31.5789
2025-08-06T14:28:59,12.3139,12.3139,12.3139,12.3139,21.0526
2025-08-06T14:29:00,12.3139,12.3158,12.3139,12.3158,292.7368
2025-08-06T14:29:01,12.3139,12.3139,12.312,12.312,107.6842
2025-08-06T14:29:02,12.3063,12.3063,12.3063,12.3063,144.0526
2025-08-06T14:29:03,12.3082,12.312,12.3082,12.3101,131.5789
2025-08-06T14:29:04,12.3063,12.3063,12.3063,12.3063,10.7895
2025-08-06T14:29:05,12.3063,12.3101,12.3063,12.3101,42.8947
2025-08-06T14:29:06,12.312,12.312,12.3092,12.3092,169.2105
2025-08-06T14:29:08,12.3101,12.3101,12.3063,12.3063,25.2632
2025-08-06T14:29:09,12.3101,12.312,12.3101,12.312,78.4737
2025-08-06T14:29:12,12.3101,12.3101,12.236,12.236,1022.7895
2025-08-06T14:29:13,12.2284,12.2284,12.1961,12.2063,480.7895
2025-08-06T14:29:14,12.1961,12.2417,12.1961,12.198,169.4737
2025-08-06T14:29:16,12.2417,12.2873,12.236,12.2873,133.8947
2025-08-06T14:29:17,12.236,12.2873,12.1961,12.2873,302.6842
2025-08-06T14:29:18,12.2265,12.2265,12.1961,12.1961,93.6316
2025-08-06T14:29:20,12.1961,12.198,12.1961,12.1961,89.4211
2025-08-06T14:29:21,12.198,12.198,12.1961,12.1961,78.9474
2025-08-06T14:29:22,12.198,12.2189,12.198,12.198,300.0526
2025-08-06T14:29:23,12.2018,12.2702,12.1961,12.2702,565.7895
2025-08-06T14:29:24,12.198,12.198,12.198,12.198,14.5789
2025-08-06T14:29:25,12.2341,12.2341,12.2341,12.2341,18.9474
2025-08-06T14:29:26,12.2626,12.2626,12.2341,12.2341,46.1053
2025-08-06T14:29:27,12.2341,12.2341,12.2341,12.2341,13.0526
2025-08-06T14:29:28,12.2341,12.2341,12.2341,12.2341,28.2105
2025-08-06T14:29:29,12.2351,12.2351,12.2341,12.2341,34.0526
2025-08-06T14:29:31,12.236,12.236,12.236,12.236,5.6842
2025-08-06T14:29:32,12.2341,12.236,12.2341,12.236,32.0526
2025-08-06T14:29:33,12.2483,12.2626,12.2483,12.2626,178.6316
2025-08-06T14:29:34,12.2436,12.2626,12.2341,12.2626,289.4737
2025-08-06T14:29:35,12.236,12.2379,12.236,12.2379,255.2632
2025-08-06T14:29:36,12.2379,12.2474,12.2379,12.2474,29.3158
2025-08-06T14:29:37,12.236,12.236,12.236,12.236,50.3684
2025-08-06T14:29:38,12.2417,12.2417,12.2379,12.2379,10.5263
2025-08-06T14:29:39,12.2379,12.2379,12.236,12.236,224.6842
2025-08-06T14:29:40,12.2379,12.2379,12.2379,12.2379,32.5263
2025-08-06T14:29:41,12.236,12.2379,12.236,12.237,192.5789
2025-08-06T14:29:42,12.237,12.2379,12.237,12.2379,428.7895
2025-08-06T14:29:43,12.236,12.2379,12.236,12.2379,901.2632
2025-08-06T14:29:44,12.236,12.236,12.236,12.236,6.3158
2025-08-06T14:29:45,12.2379,12.2474,12.2379,12.2474,218.4211
2025-08-06T14:29:46,12.2398,12.2493,12.2379,12.2493,34.0
2025-08-06T14:29:47,12.2362,12.2626,12.2362,12.2626,48.3158
2025-08-06T14:29:48,12.2379,12.2379,12.236,12.236,76.8947
2025-08-06T14:29:49,12.2379,12.2379,12.2379,12.2379,31.0526
2025-08-06T14:29:50,12.236,12.236,12.236,12.236,272.9474
2025-08-06T14:29:51,12.2379,12.2379,12.2379,12.2379,38.7895
2025-08-06T14:29:52,12.236,12.237,12.236,12.237,24.1053
2025-08-06T14:29:53,12.236,12.236,12.198,12.1999,402.8421
2025-08-06T14:29:54,12.2094,12.2094,12.2094,12.2094,8.4737
2025-08-06T14:29:55,12.198,12.198,12.198,12.198,164.1579
2025-08-06T14:29:56,12.2132,12.2132,12.16,12.1619,3200.4737
2025-08-06T14:29:57,12.16,12.1904,12.16,12.179,1897.2632
2025-08-06T14:29:58,12.1619,12.1619,12.1619,12.1619,28.0526
2025-08-06T14:29:59,12.198,12.198,12.16,12.16,1369.3684
2025-08-06T14:30:00,12.1524,12.16,12.1524,12.16,78.3158
2025-08-06T14:30:01,12.1505,12.1581,12.1125,12.1144,452.0526
2025-08-06T14:30:02,12.1125,12.1125,12.065,12.0802,1958.4211
2025-08-06T14:30:03,12.0821,12.0916,12.0479,12.0479,4018.8421
2025-08-06T14:30:04,12.084,12.084,12.0498,12.0564,1400.8947
2025-08-06T14:30:05,12.065,12.0973,12.0479,12.0973,611.6316
2025-08-06T14:30:06,12.0498,12.1581,12.0479,12.1562,1249.9474
2025-08-06T14:30:07,12.1087,12.16,12.0612,12.16,515.4737
2025-08-06T14:30:08,12.1049,12.1233,12.0517,12.0622,438.5789
2025-08-06T14:30:09,12.0745,12.0745,12.0479,12.0612,1636.5789
2025-08-06T14:30:10,12.0745,12.236,12.065,12.1933,5073.7368
2025-08-06T14:30:11,12.1847,12.236,12.065,12.2341,2805.0526
2025-08-06T14:30:12,12.236,12.236,12.1562,12.1562,228.2105
2025-08-06T14:30:13,12.1562,12.1562,12.1562,12.1562,317.3158
2025-08-06T14:30:14,12.16,12.236,12.1578,12.1578,2735.6842
2025-08-06T14:30:15,12.2341,12.2341,12.1866,12.1866,291.2105
2025-08-06T14:30:16,12.2341,12.4697,12.2341,12.3994,3730.1053
2025-08-06T14:30:17,12.4678,12.4678,12.3975,12.3975,461.2105
2025-08-06T14:30:18,12.427,12.4564,12.3082,12.312,3207.4211
2025-08-06T14:30:19,12.3975,12.3994,12.312,12.312,606.7368
2025-08-06T14:30:20,12.3975,12.3975,12.312,12.312,24.1053
2025-08-06T14:30:21,12.3975,12.3975,12.3139,12.3139,44.1053
2025-08-06T14:30:22,12.312,12.3975,12.312,12.3975,118.6842
2025-08-06T14:30:23,12.3766,12.3899,12.3766,12.388,462.5789
2025-08-06T14:30:24,12.3899,12.3899,12.3158,12.3158,423.4211
2025-08-06T14:30:25,12.388,12.388,12.3387,12.3387,254.5263
2025-08-06T14:30:26,12.3861,12.3861,12.3709,12.3709,23.0
2025-08-06T14:30:27,12.388,12.388,12.3709,12.3709,52.2105
2025-08-06T14:30:28,12.3861,12.4545,12.3861,12.4545,354.1579
2025-08-06T14:30:29,12.3785,12.502,12.3766,12.502,848.4211
2025-08-06T14:30:30,12.5248,12.6084,12.4697,12.6084,1572.1053
2025-08-06T14:30:31,12.5305,12.6122,12.472,12.472,421.4211
2025-08-06T14:30:32,12.6198,12.6236,12.5286,12.5761,206.6842
2025-08-06T14:30:33,12.6236,12.6236,12.6084,12.6236,285.0
2025-08-06T14:30:34,12.6084,12.6236,12.6084,12.6084,340.6316
2025-08-06T14:30:35,12.6084,12.6236,12.6084,12.6084,911.4211
2025-08-06T14:30:36,12.6236,12.6236,12.6084,12.6084,131.5789
2025-08-06T14:30:37,12.6122,12.6236,12.6084,12.6236,922.4737
2025-08-06T14:30:38,12.6084,12.6103,12.5476,12.6084,1155.7895
2025-08-06T14:30:39,12.6084,12.6084,12.5476,12.6084,582.2632
2025-08-06T14:30:40,12.6084,12.6084,12.4792,12.4792,2009.9474
2025-08-06T14:30:41,12.5248,12.5248,12.5248,12.5248,37.4211
2025-08-06T14:30:42,12.5267,12.5913,12.4792,12.5913,200.2105
2025-08-06T14:30:43,12.4811,12.5913,12.4811,12.5362,76.8421
2025-08-06T14:30:44,12.4916,12.4916,12.4916,12.4916,110.0
2025-08-06T14:30:45,12.5894,12.5894,12.5894,12.5894,7.8421
2025-08-06T14:30:46,12.5761,12.5761,12.5248,12.5248,151.0
2025-08-06T14:30:47,12.5248,12.5362,12.5248,12.5362,34.6316
2025-08-06T14:30:48,12.54,12.54,12.4792,12.4906,411.8947
2025-08-06T14:30:49,12.4811,12.4811,12.4792,12.4792,91.9474
2025-08-06T14:30:50,12.4792,12.4811,12.4792,12.4811,42.8421
2025-08-06T14:30:51,12.4792,12.4811,12.4792,12.4811,78.5263
2025-08-06T14:30:54,12.4811,12.4811,12.4811,12.4811,27.8947
2025-08-06T14:30:55,12.4802,12.4811,12.4802,12.4811,79.3158
2025-08-06T14:30:56,12.4811,12.4811,12.4792,12.4792,95.8947
2025-08-06T14:30:57,12.4792,12.4811,12.4792,12.4811,352.8421
2025-08-06T14:30:58,12.4811,12.5267,12.4802,12.5267,1297.2105
2025-08-06T14:30:59,12.4811,12.4811,12.4811,12.4811,6.5263
2025-08-06T14:31:00,12.4811,12.4811,12.4792,12.4792,153.7895
2025-08-06T14:31:01,12.483,12.483,12.4811,12.4811,147.6316
2025-08-06T14:31:02,12.5248,12.5248,12.5248,12.5248,121.5789
2025-08-06T14:31:03,12.5248,12.5267,12.521,12.5267,570.6316
2025-08-06T14:31:04,12.4811,12.4811,12.4811,12.4811,17.1579
2025-08-06T14:31:05,12.4963,12.4963,12.483,12.483,48.4737
2025-08-06T14:31:06,12.4811,12.4811,12.4811,12.4811,13.2105
2025-08-06T14:31:08,12.4944,12.4944,12.483,12.483,89.4737
2025-08-06T14:31:09,12.4963,12.4963,12.4963,12.4963,26.3158
2025-08-06T14:31:10,12.483,12.483,12.4811,12.4811,221.9474
2025-08-06T14:31:11,12.4963,12.4963,12.4963,12.4963,113.2105
2025-08-06T14:31:13,12.4811,12.4811,12.4811,12.4811,7.0526
2025-08-06T14:31:15,12.4887,12.4906,12.4887,12.4906,84.7368
2025-08-06T14:31:16,12.4887,12.4888,12.4811,12.4811,21.7895
2025-08-06T14:31:17,12.4811,12.4963,12.4811,12.4963,132.6316
2025-08-06T14:31:19,12.483,12.5248,12.4811,12.5248,338.1053
2025-08-06T14:31:20,12.5267,12.5875,12.5172,12.5172,2276.5263
2025-08-06T14:31:21,12.5856,12.5856,12.5191,12.5191,444.5263
2025-08-06T14:31:23,12.5419,12.5419,12.5419,12.5419,195.6316
2025-08-06T14:31:24,12.5875,12.5875,12.5875,12.5875,17.2105
2025-08-06T14:31:25,12.5856,12.5856,12.5856,12.5856,18.7368
2025-08-06T14:31:26,12.5856,12.5856,12.5191,12.5191,722.6316
2025-08-06T14:31:27,12.5457,12.5723,12.5457,12.5723,429.5263
2025-08-06T14:31:28,12.5457,12.5685,12.4811,12.4811,513.3158
2025-08-06T14:31:29,12.4792,12.5191,12.4792,12.5191,447.7895
2025-08-06T14:31:30,12.4792,12.5001,12.4545,12.464,507.1053
2025-08-06T14:31:31,12.445,12.445,12.3785,12.3785,201.8421
2025-08-06T14:31:32,12.3804,12.3804,12.3804,12.3804,10.4211
2025-08-06T14:31:33,12.4412,12.4412,12.4412,12.4412,26.3158
2025-08-06T14:31:34,12.4412,12.4412,12.4355,12.4412,395.8947
2025-08-06T14:31:35,12.4393,12.464,12.3728,12.3728,1386.5263
2025-08-06T14:31:36,12.4621,12.4621,12.3785,12.3785,428.0
2025-08-06T14:31:37,12.445,12.464,12.445,12.464,445.8947
2025-08-06T14:31:38,12.445,12.445,12.445,12.445,10.0526
2025-08-06T14:31:39,12.4222,12.464,12.4222,12.464,44.7895
2025-08-06T14:31:40,12.4355,12.4355,12.4355,12.4355,368.6842
2025-08-06T14:31:41,12.4621,12.4621,12.4621,12.4621,5.2632
2025-08-06T14:31:44,12.4621,12.464,12.4621,12.4621,113.9474
2025-08-06T14:31:46,12.4621,12.4621,12.4621,12.4621,10.5263
2025-08-06T14:31:47,12.464,12.464,12.464,12.464,21.0526
2025-08-06T14:31:48,12.4621,12.4621,12.4621,12.4621,190.6316
2025-08-06T14:31:49,12.4636,12.4636,12.4636,12.4636,54.5789
2025-08-06T14:31:50,12.4621,12.54,12.4621,12.54,2642.5789
2025-08-06T14:31:54,12.54,12.5419,12.54,12.5419,134.3158
2025-08-06T14:31:55,12.54,12.558,12.54,12.558,182.3684
2025-08-06T14:31:56,12.5571,12.5571,12.5514,12.5563,20.7368
2025-08-06T14:31:57,12.54,12.54,12.54,12.54,173.6842
2025-08-06T14:31:59,12.5647,12.5647,12.54,12.54,62.4737
2025-08-06T14:32:00,12.54,12.54,12.54,12.54,10.7895
2025-08-06T14:32:01,12.5552,12.5552,12.5486,12.5486,137.8947
2025-08-06T14:32:02,12.54,12.5495,12.54,12.5495,25.2105
2025-08-06T14:32:04,12.5552,12.5552,12.5419,12.5552,146.9474
2025-08-06T14:32:05,12.5486,12.5495,12.5486,12.5495,74.7895
2025-08-06T14:32:06,12.5495,12.5495,12.5495,12.5495,8.8947
2025-08-06T14:32:07,12.5571,12.5628,12.5571,12.5628,162.4737
2025-08-06T14:32:08,12.5495,12.5552,12.5495,12.5514,185.5263
2025-08-06T14:32:09,12.5514,12.5552,12.5514,12.5552,18.3684
2025-08-06T14:32:10,12.5552,12.5552,12.5552,12.5552,158.3158
2025-08-06T14:32:11,12.5514,12.5514,12.5495,12.5495,115.7895
2025-08-06T14:32:13,12.5552,12.5552,12.5552,12.5552,5.2632
2025-08-06T14:32:15,12.5514,12.5514,12.5495,12.5514,105.2632
2025-08-06T14:32:16,12.5514,12.5514,12.5495,12.5495,34.3684
2025-08-06T14:32:17,12.5495,12.5552,12.4621,12.4621,1607.2105
2025-08-06T14:32:18,12.4621,12.4621,12.4621,12.4621,57.8947
2025-08-06T14:32:19,12.4621,12.4859,12.4621,12.4859,249.4737
2025-08-06T14:32:20,12.4621,12.4621,12.4431,12.4431,42.8421
2025-08-06T14:32:21,12.4692,12.4692,12.4692,12.4692,17.1053
2025-08-06T14:32:22,12.4279,12.5096,12.4279,12.5096,35.2105
2025-08-06T14:32:23,12.4184,12.4184,12.4184,12.4184,526.3158
2025-08-06T14:32:24,12.4621,12.4621,12.4621,12.4621,5.2632
2025-08-06T14:32:25,12.5096,12.5096,12.5096,12.5096,7.6842
2025-08-06T14:32:27,12.4279,12.4602,12.4279,12.4279,144.7368
2025-08-06T14:32:29,12.4602,12.4602,12.4602,12.4602,19.6316
2025-08-06T14:32:30,12.4051,12.4279,12.4051,12.4184,167.0526
2025-08-06T14:32:31,12.4279,12.4279,12.4279,12.4279,57.8947
2025-08-06T14:32:32,12.4621,12.4621,12.445,12.445,20.0526
2025-08-06T14:32:34,12.4279,12.445,12.4279,12.445,169.1579
2025-08-06T14:32:35,12.4364,12.445,12.4364,12.445,110.1579
2025-08-06T14:32:36,12.4431,12.4431,12.4431,12.4431,42.9474
2025-08-06T14:32:37,12.445,12.445,12.445,12.445,157.9474
2025-08-06T14:32:39,12.4431,12.4431,12.4431,12.4431,256.0
2025-08-06T14:32:41,12.4298,12.4298,12.4298,12.4298,8.6316
2025-08-06T14:32:42,12.4364,12.4364,12.4364,12.4364,7.8947
2025-08-06T14:32:43,12.4279,12.4279,12.4279,12.4279,14.1579
2025-08-06T14:32:44,12.4279,12.4346,12.4279,12.4336,109.1053
2025-08-06T14:32:45,12.4298,12.4298,12.4279,12.4298,56.4211
2025-08-06T14:32:46,12.4289,12.4289,12.4146,12.4146,490.1579
2025-08-06T14:32:47,12.4146,12.4146,12.4146,12.4146,52.6316
2025-08-06T14:32:48,12.4146,12.4146,12.3804,12.407,59.9474
2025-08-06T14:32:50,12.369,12.369,12.369,12.369,11.1579
2025-08-06T14:32:51,12.3652,12.3785,12.3652,12.3785,33.1579
2025-08-06T14:32:52,12.3728,12.3804,12.3728,12.3747,116.7368
2025-08-06T14:32:53,12.373,12.3785,12.373,12.373,141.6842
2025-08-06T14:32:54,12.3766,12.3766,12.3766,12.3766,15.7895
2025-08-06T14:32:56,12.3766,12.3766,12.3766,12.3766,5.2632
2025-08-06T14:32:57,12.3804,12.3804,12.3804,12.3804,105.0
2025-08-06T14:32:58,12.4051,12.4051,12.4051,12.4051,10.5263
2025-08-06T14:32:59,12.3823,12.3823,12.3823,12.3823,7.8947
2025-08-06T14:33:01,12.3937,12.407,12.3842,12.407,149.0526
2025-08-06T14:33:02,12.407,12.426,12.407,12.426,27.8947
2025-08-06T14:33:03,12.4051,12.4165,12.4051,12.4165,23.1579
2025-08-06T14:33:06,12.426,12.4754,12.426,12.4754,600.9474
2025-08-06T14:33:08,12.4374,12.4374,12.4374,12.4374,5.2632
2025-08-06T14:33:09,12.5191,12.5191,12.5191,12.5191,6.2105
2025-08-06T14:33:10,12.4412,12.4412,12.4412,12.4412,425.4211
2025-08-06T14:33:12,12.54,12.54,12.54,12.54,9.8947
2025-08-06T14:33:15,12.445,12.4925,12.445,12.4925,100.7368
2025-08-06T14:33:16,12.4944,12.4944,12.4944,12.4944,18.4211
2025-08-06T14:33:17,12.5229,12.5229,12.5229,12.5229,6.4211
2025-08-06T14:33:18,12.4963,12.4963,12.4963,12.4963,92.6842
2025-08-06T14:33:19,12.4944,12.5381,12.4944,12.5381,1205.7368
2025-08-06T14:33:20,12.5191,12.5191,12.5191,12.5191,17.2632
2025-08-06T14:33:21,12.5286,12.54,12.5286,12.54,568.8947
2025-08-06T14:33:23,12.54,12.5571,12.5248,12.5571,1198.4211
2025-08-06T14:33:24,12.559,12.5875,12.5514,12.5685,588.5789
2025-08-06T14:33:25,12.5875,12.5875,12.5514,12.5685,338.3158
2025-08-06T14:33:26,12.5685,12.5685,12.5685,12.5685,36.0
2025-08-06T14:33:27,12.5856,12.5856,12.5495,12.5495,300.0526
2025-08-06T14:33:29,12.5694,12.5694,12.5191,12.5191,717.5789
2025-08-06T14:33:30,12.5191,12.5191,12.5191,12.5191,157.8947
2025-08-06T14:33:31,12.5191,12.5551,12.5191,12.5343,586.5263
2025-08-06T14:33:32,12.5362,12.5362,12.5362,12.5362,38.2632
2025-08-06T14:33:33,12.5628,12.5628,12.5628,12.5628,60.3158
2025-08-06T14:33:34,12.5628,12.5628,12.5628,12.5628,9.8421
2025-08-06T14:33:36,12.5419,12.5419,12.5419,12.5419,270.3684
2025-08-06T14:33:37,12.5628,12.5628,12.5628,12.5628,24.2632
2025-08-06T14:33:39,12.5514,12.5514,12.5514,12.5514,89.4737
2025-08-06T14:33:40,12.5514,12.5628,12.4925,12.54,468.5263
2025-08-06T14:33:41,12.5153,12.5153,12.5153,12.5153,13.4737
2025-08-06T14:33:42,12.5381,12.5381,12.4944,12.4944,78.0526
2025-08-06T14:33:43,12.4962,12.4962,12.4962,12.4962,27.4737
2025-08-06T14:33:44,12.5381,12.5381,12.5381,12.5381,105.2632
2025-08-06T14:33:47,12.54,12.54,12.54,12.54,437.2632
2025-08-06T14:33:48,12.5381,12.5381,12.5381,12.5381,67.8947
2025-08-06T14:33:49,12.5362,12.5381,12.5096,12.5096,165.7368
2025-08-06T14:33:50,12.4963,12.4963,12.4773,12.4773,41.3684
2025-08-06T14:33:51,12.4735,12.4735,12.4735,12.4735,17.3684
2025-08-06T14:33:52,12.5286,12.5286,12.5286,12.5286,105.2632
2025-08-06T14:33:56,12.5096,12.5096,12.5096,12.5096,20.1053
2025-08-06T14:33:57,12.5096,12.5115,12.5096,12.5115,49.0526
2025-08-06T14:33:58,12.5096,12.5096,12.4906,12.5096,158.5263
2025-08-06T14:33:59,12.464,12.4678,12.464,12.4678,88.8421
2025-08-06T14:34:00,12.4697,12.4697,12.465,12.4678,227.2632
2025-08-06T14:34:02,12.4678,12.4678,12.4602,12.4602,364.7368
2025-08-06T14:34:03,12.4602,12.4602,12.4602,12.4602,6.0526
2025-08-06T14:34:04,12.4488,12.4488,12.4488,12.4488,99.3158
2025-08-06T14:34:05,12.4491,12.4564,12.4491,12.4516,101.6842
2025-08-06T14:34:06,12.4545,12.4545,12.4545,12.4545,119.4737
2025-08-06T14:34:07,12.4545,12.4545,12.4469,12.4507,89.5263
2025-08-06T14:34:10,12.4469,12.4488,12.4469,12.4488,76.7895
2025-08-06T14:34:11,12.4469,12.4488,12.4051,12.4391,1371.9474
2025-08-06T14:34:12,12.4146,12.4374,12.407,12.407,115.7895
2025-08-06T14:34:13,12.4051,12.4051,12.4051,12.4051,41.7368
2025-08-06T14:34:16,12.4393,12.4393,12.4051,12.4051,167.9474
2025-08-06T14:34:17,12.407,12.407,12.407,12.407,26.7368
2025-08-06T14:34:18,12.4051,12.4051,12.4051,12.4051,33.8947
2025-08-06T14:34:19,12.4051,12.4051,12.4051,12.4051,102.4737
2025-08-06T14:34:21,12.4089,12.4089,12.4089,12.4089,7.2632
2025-08-06T14:34:22,12.4127,12.4393,12.4127,12.4393,184.2105
2025-08-06T14:34:23,12.4089,12.4089,12.4089,12.4089,5.3158
2025-08-06T14:34:29,12.4393,12.4393,12.4146,12.4146,26.2632
2025-08-06T14:34:30,12.4108,12.4336,12.4108,12.4336,67.1053
2025-08-06T14:34:31,12.4146,12.4146,12.4146,12.4146,249.3684
2025-08-06T14:34:32,12.4564,12.4564,12.4146,12.4146,192.0526
2025-08-06T14:34:34,12.4545,12.4545,12.4545,12.4545,6.9474
2025-08-06T14:34:36,12.4562,12.4562,12.4562,12.4562,5.2632
2025-08-06T14:34:37,12.4393,12.4393,12.4346,12.4346,21.5789
2025-08-06T14:34:42,12.4336,12.4336,12.4336,12.4336,5.2632
2025-08-06T14:34:43,12.4146,12.4146,12.4146,12.4146,134.0526
2025-08-06T14:34:45,12.4336,12.4336,12.4336,12.4336,341.1579
2025-08-06T14:34:46,12.4336,12.4336,12.4241,12.4241,20.2105
2025-08-06T14:34:47,12.4336,12.4336,12.4336,12.4336,5.5263
2025-08-06T14:34:48,12.4165,12.4165,12.4165,12.4165,18.9474
2025-08-06T14:34:50,12.4146,12.4146,12.4146,12.4146,9.4211
2025-08-06T14:34:52,12.4317,12.4317,12.4317,12.4317,5.7368
2025-08-06T14:34:53,12.4165,12.4317,12.4165,12.4317,37.9474
2025-08-06T14:34:54,12.4146,12.4146,12.4146,12.4146,11.4211
2025-08-06T14:34:57,12.4146,12.4146,12.4146,12.4146,52.6316
2025-08-06T14:34:58,12.4165,12.4165,12.4146,12.4146,58.1053
2025-08-06T14:34:59,12.4146,12.4146,12.4146,12.4146,16.7368
2025-08-06T14:35:00,12.4317,12.4317,12.4146,12.4146,67.4211
2025-08-06T14:35:01,12.4146,12.4146,12.4146,12.4146,42.1053
2025-08-06T14:35:03,12.4165,12.4165,12.4156,12.4156,94.6316
2025-08-06T14:35:04,12.4146,12.4146,12.4146,12.4146,10.3158
2025-08-06T14:35:05,12.4146,12.4146,12.4146,12.4146,13.6316
2025-08-06T14:35:06,12.4165,12.4165,12.4165,12.4165,9.8421
2025-08-06T14:35:07,12.4146,12.4165,12.4146,12.4165,14.8421
2025-08-06T14:35:08,12.4163,12.4165,12.4163,12.4165,59.4211
2025-08-06T14:35:09,12.4146,12.4146,12.4146,12.4146,5.2632
2025-08-06T14:35:10,12.4165,12.4165,12.4146,12.4146,63.7895
2025-08-06T14:35:11,12.4165,12.4165,12.4165,12.4165,105.2632
2025-08-06T14:35:12,12.4165,12.4165,12.4165,12.4165,5.2632
2025-08-06T14:35:14,12.4146,12.4146,12.35,12.35,1779.3158
2025-08-06T14:35:15,12.3519,12.3519,12.35,12.3519,1066.9474
2025-08-06T14:35:16,12.3728,12.3728,12.3728,12.3728,5.2632
2025-08-06T14:35:17,12.3519,12.3519,12.3329,12.3329,747.7895
2025-08-06T14:35:18,12.3348,12.3348,12.3348,12.3348,263.0
2025-08-06T14:35:19,12.3348,12.3348,12.3329,12.3329,111.7368
2025-08-06T14:35:20,12.35,12.35,12.35,12.35,34.1579
2025-08-06T14:35:21,12.3329,12.3329,12.198,12.1999,1190.6316
2025-08-06T14:35:22,12.1999,12.4165,12.1999,12.369,2663.0
2025-08-06T14:35:23,12.3766,12.4165,12.3006,12.3386,2060.6316
2025-08-06T14:35:24,12.3386,12.3386,12.3348,12.3348,323.9474
2025-08-06T14:35:25,12.236,12.4317,12.236,12.4317,2985.5263
2025-08-06T14:35:26,12.4032,12.4165,12.4032,12.4165,47.5789
2025-08-06T14:35:27,12.4317,12.5875,12.4317,12.5713,2819.8421
2025-08-06T14:35:28,12.5713,12.5856,12.5552,12.5856,158.7895
2025-08-06T14:35:29,12.5552,12.5713,12.3956,12.3956,819.3684
2025-08-06T14:35:31,12.4507,12.4507,12.4507,12.4507,19.7368
2025-08-06T14:35:32,12.483,12.483,12.483,12.483,50.1053
2025-08-06T14:35:34,12.483,12.483,12.483,12.483,52.6316
2025-08-06T14:35:35,12.4431,12.483,12.4222,12.483,548.2632
2025-08-06T14:35:36,12.4536,12.4811,12.4536,12.4811,44.2105
2025-08-06T14:35:37,12.4811,12.4811,12.4241,12.4241,29.7895
2025-08-06T14:35:38,12.4564,12.5381,12.4564,12.5381,2655.2105
2025-08-06T14:35:39,12.4868,12.5286,12.4868,12.5286,43.2632
2025-08-06T14:35:40,12.5286,12.5362,12.5286,12.5286,567.7368
2025-08-06T14:35:41,12.5286,12.5333,12.5286,12.5333,69.1579
2025-08-06T14:35:43,12.5362,12.5362,12.5115,12.5115,310.2632
2025-08-06T14:35:44,12.5343,12.5343,12.5343,12.5343,267.1053
2025-08-06T14:35:45,12.5115,12.5343,12.5115,12.5343,44.1053
2025-08-06T14:35:46,12.5267,12.5267,12.5077,12.5077,309.1579
2025-08-06T14:35:47,12.4887,12.4887,12.4887,12.4887,317.2105
2025-08-06T14:35:49,12.5001,12.521,12.4982,12.5191,3223.3158
2025-08-06T14:35:50,12.521,12.521,12.521,12.521,26.3158
2025-08-06T14:35:51,12.4906,12.4906,12.4906,12.4906,205.5789
2025-08-06T14:35:52,12.4887,12.4887,12.4887,12.4887,31.5789
2025-08-06T14:35:54,12.4906,12.5191,12.4906,12.5191,41.3158
2025-08-06T14:35:55,12.521,12.521,12.5058,12.5058,54.2632
2025-08-06T14:35:57,12.5058,12.5058,12.5058,12.5058,68.4211
2025-08-06T14:36:01,12.5058,12.5058,12.4887,12.4887,1037.4737
2025-08-06T14:36:02,12.5077,12.5077,12.5058,12.5058,49.2632
2025-08-06T14:36:05,12.4887,12.4887,12.4887,12.4887,13.3158
2025-08-06T14:36:06,12.483,12.483,12.483,12.483,14.9474
2025-08-06T14:36:10,12.4678,12.4678,12.4678,12.4678,5.2632
2025-08-06T14:36:12,12.4498,12.4498,12.4498,12.4498,16.0526
2025-08-06T14:36:15,12.4678,12.4678,12.4678,12.4678,27.0526
2025-08-06T14:36:17,12.4697,12.4697,12.4697,12.4697,6.0526
2025-08-06T14:36:21,12.4697,12.4697,12.4697,12.4697,35.5789
2025-08-06T14:36:24,12.4697,12.4697,12.4697,12.4697,74.7895
2025-08-06T14:36:28,12.4678,12.4695,12.4678,12.4695,43.1579
2025-08-06T14:36:31,12.4678,12.4678,12.4678,12.4678,39.5263
2025-08-06T14:36:32,12.4697,12.4697,12.4697,12.4697,26.3158
2025-08-06T14:36:35,12.4688,12.4688,12.4688,12.4688,26.2105
2025-08-06T14:36:36,12.4697,12.4697,12.4697,12.4697,62.1053
2025-08-06T14:36:38,12.4678,12.4678,12.4678,12.4678,21.3158
2025-08-06T14:36:42,12.4678,12.4678,12.4678,12.4678,6.6316
2025-08-06T14:36:45,12.4678,12.4678,12.4678,12.4678,79.1579
2025-08-06T14:36:47,12.4678,12.4688,12.4678,12.4688,84.2105
2025-08-06T14:36:48,12.4678,12.4678,12.4678,12.4678,12.5263
2025-08-06T14:36:51,12.4678,12.4688,12.4678,12.4688,28.2105
2025-08-06T14:36:52,12.4697,12.4697,12.4697,12.4697,30.5263
2025-08-06T14:36:54,12.4697,12.4697,12.4697,12.4697,10.5263
2025-08-06T14:36:55,12.4678,12.4678,12.4678,12.4678,32.1053
2025-08-06T14:37:04,12.4688,12.4688,12.4688,12.4688,22.4737
2025-08-06T14:37:09,12.4697,12.4697,12.4678,12.4678,73.6842
2025-08-06T14:37:12,12.4688,12.4688,12.4678,12.4678,183.6842
2025-08-06T14:37:13,12.4678,12.4678,12.4678,12.4678,13.1579
2025-08-06T14:37:15,12.4678,12.4678,12.4678,12.4678,65.7895
2025-08-06T14:37:16,12.4697,12.4697,12.4697,12.4697,26.3158
2025-08-06T14:37:17,12.4678,12.4678,12.4678,12.4678,10.8947
2025-08-06T14:37:19,12.4688,12.4688,12.4688,12.4688,15.8947
2025-08-06T14:37:21,12.4697,12.4697,12.4298,12.4678,156.3158
2025-08-06T14:37:24,12.4298,12.4488,12.4298,12.4431,101.5263
2025-08-06T14:37:26,12.4564,12.6065,12.4564,12.5419,2966.0526
2025-08-06T14:37:27,12.5438,12.5438,12.5438,12.5438,87.8421
2025-08-06T14:37:28,12.5419,12.6065,12.5419,12.6046,178.9474
2025-08-06T14:37:29,12.6046,12.6046,12.54,12.54,143.3158
2025-08-06T14:37:31,12.5894,12.6046,12.5581,12.5581,1587.1053
2025-08-06T14:37:32,12.5581,12.6046,12.5581,12.6046,150.0
2025-08-06T14:37:33,12.5989,12.5989,12.5989,12.5989,24.8421
2025-08-06T14:37:35,12.6046,12.6236,12.6027,12.6132,1246.1579
2025-08-06T14:37:36,12.6236,12.6236,12.6027,12.6132,1174.0526
2025-08-06T14:37:37,12.6122,12.6217,12.6027,12.6027,367.6842
2025-08-06T14:37:38,12.6027,12.6236,12.6027,12.6217,431.3684
2025-08-06T14:37:39,12.6027,12.6236,12.5685,12.5685,157.9474
2025-08-06T14:37:40,12.6065,12.6065,12.5307,12.5307,548.6316
2025-08-06T14:37:42,12.5666,12.5989,12.5533,12.5533,206.7895
2025-08-06T14:37:43,12.5989,12.5989,12.5989,12.5989,127.5789
2025-08-06T14:37:44,12.5666,12.6065,12.5666,12.6065,532.5789
2025-08-06T14:37:49,12.5647,12.6065,12.5647,12.6065,106.2105
2025-08-06T14:37:50,12.597,12.5989,12.5666,12.5666,131.2632
2025-08-06T14:37:51,12.5381,12.5381,12.5381,12.5381,10.5263
2025-08-06T14:37:53,12.5685,12.5685,12.5685,12.5685,17.0
2025-08-06T14:37:54,12.5989,12.5989,12.5989,12.5989,415.1053
2025-08-06T14:37:55,12.5666,12.5989,12.5666,12.5932,602.2632
2025-08-06T14:37:56,12.5723,12.5723,12.5723,12.5723,82.0
2025-08-06T14:37:57,12.597,12.597,12.597,12.597,36.3158
2025-08-06T14:37:58,12.5704,12.5989,12.5704,12.5989,44.9474
2025-08-06T14:38:00,12.5856,12.5856,12.5704,12.5761,917.0526
2025-08-06T14:38:03,12.5723,12.5723,12.5723,12.5723,5.2632
2025-08-06T14:38:04,12.5704,12.5704,12.5704,12.5704,8.4737
2025-08-06T14:38:05,12.5799,12.5799,12.5704,12.578,259.1053
2025-08-06T14:38:06,12.5799,12.5799,12.5799,12.5799,10.5263
2025-08-06T14:38:07,12.5799,12.5799,12.5799,12.5799,14.9474
2025-08-06T14:38:08,12.5875,12.5875,12.5875,12.5875,33.4211
2025-08-06T14:38:10,12.5723,12.578,12.5723,12.578,21.0526
2025-08-06T14:38:11,12.5723,12.5761,12.5723,12.5761,16.3684
2025-08-06T14:38:12,12.5723,12.5989,12.5723,12.5989,302.6842
2025-08-06T14:38:13,12.6065,12.6445,12.6065,12.6445,679.1579
2025-08-06T14:38:14,12.6407,12.711,12.6407,12.711,3052.8947
2025-08-06T14:38:15,12.6787,12.711,12.6597,12.7091,1168.3158
2025-08-06T14:38:16,12.7091,12.7091,12.7091,12.7091,8.0
2025-08-06T14:38:17,12.6616,12.6673,12.5723,12.5723,1603.6842
2025-08-06T14:38:18,12.7091,12.7091,12.6065,12.6065,39.2105
2025-08-06T14:38:19,12.6065,12.6065,12.6065,12.6065,26.1579
2025-08-06T14:38:20,12.673,12.673,12.6407,12.6407,24.2632
2025-08-06T14:38:21,12.6521,12.654,12.6293,12.654,163.1053
2025-08-06T14:38:22,12.654,12.654,12.654,12.654,24.2632
2025-08-06T14:38:23,12.6521,12.6521,12.6521,12.6521,10.8947
2025-08-06T14:38:24,12.6521,12.654,12.6521,12.654,84.6842
2025-08-06T14:38:25,12.6521,12.6521,12.6521,12.6521,80.8947
2025-08-06T14:38:26,12.654,12.654,12.654,12.654,120.1053
2025-08-06T14:38:27,12.654,12.654,12.6531,12.654,622.7895
2025-08-06T14:38:28,12.6521,12.654,12.6521,12.654,74.7368
2025-08-06T14:38:29,12.6521,12.6521,12.6521,12.6521,269.1579
2025-08-06T14:38:30,12.6217,12.6217,12.6217,12.6217,521.0526
2025-08-06T14:38:31,12.6521,12.6521,12.6521,12.6521,87.6842
2025-08-06T14:38:33,12.654,12.654,12.6521,12.6521,110.5263
2025-08-06T14:38:34,12.654,12.654,12.6521,12.6521,325.9474
2025-08-06T14:38:35,12.6521,12.654,12.6521,12.654,44.1579
2025-08-06T14:38:36,12.6521,12.6531,12.6521,12.6531,66.5263
2025-08-06T14:38:37,12.6521,12.654,12.6521,12.654,163.6842
2025-08-06T14:38:40,12.6521,12.6521,12.6521,12.6521,159.0526
2025-08-06T14:38:41,12.6464,12.6464,12.6464,12.6464,78.9474
2025-08-06T14:38:42,12.6464,12.6464,12.6464,12.6464,11.8947
2025-08-06T14:38:43,12.6464,12.6502,12.6426,12.6502,90.3684
2025-08-06T14:38:44,12.6407,12.6407,12.6407,12.6407,17.9474
2025-08-06T14:38:46,12.6426,12.6426,12.6065,12.6065,383.1053
2025-08-06T14:38:47,12.6132,12.6132,12.5989,12.5989,103.1579
2025-08-06T14:38:48,12.578,12.578,12.5324,12.54,526.8947
2025-08-06T14:38:50,12.5438,12.5438,12.502,12.502,23.2105
2025-08-06T14:38:51,12.502,12.502,12.502,12.502,73.2632
2025-08-06T14:38:54,12.5837,12.5837,12.578,12.578,37.1579
2025-08-06T14:38:55,12.5647,12.5647,12.5647,12.5647,5.2632
2025-08-06T14:38:56,12.5381,12.5647,12.5381,12.5647,86.6842
2025-08-06T14:38:57,12.5647,12.5647,12.502,12.502,1474.8421
2025-08-06T14:39:00,12.502,12.5666,12.502,12.5666,224.8421
2025-08-06T14:39:01,12.5664,12.5664,12.5058,12.5058,150.3158
2025-08-06T14:39:02,12.5077,12.5077,12.5077,12.5077,5.2632
2025-08-06T14:39:04,12.5134,12.54,12.5134,12.54,1790.6316
2025-08-06T14:39:05,12.5134,12.5666,12.5134,12.5666,1368.4211
2025-08-06T14:39:08,12.5172,12.5172,12.5172,12.5172,1317.1053
2025-08-06T14:39:09,12.5229,12.5229,12.5229,12.5229,49.0
2025-08-06T14:39:11,12.5172,12.5172,12.5172,12.5172,144.3158
2025-08-06T14:39:12,12.5191,12.5191,12.5191,12.5191,726.3158
2025-08-06T14:39:15,12.5172,12.5182,12.502,12.5153,664.4737
2025-08-06T14:39:16,12.5191,12.5191,12.5134,12.5134,230.8421
2025-08-06T14:39:17,12.5172,12.521,12.4963,12.4963,268.8421
2025-08-06T14:39:18,12.4906,12.4906,12.4906,12.4906,154.7368
2025-08-06T14:39:19,12.4754,12.4754,12.4754,12.4754,7.2632
2025-08-06T14:39:20,12.4925,12.4925,12.4925,12.4925,52.6316
2025-08-06T14:39:21,12.5001,12.5001,12.5001,12.5001,5.2632
2025-08-06T14:39:22,12.4963,12.4963,12.4906,12.4963,94.7368
2025-08-06T14:39:24,12.4982,12.5096,12.4925,12.4925,316.2105
2025-08-06T14:39:26,12.5058,12.5172,12.5058,12.5172,105.2632
2025-08-06T14:39:27,12.5191,12.5191,12.5191,12.5191,34.7895
2025-08-06T14:39:28,12.4925,12.4925,12.4925,12.4925,131.8947
2025-08-06T14:39:29,12.502,12.502,12.502,12.502,27.8947
2025-08-06T14:39:30,12.5172,12.5172,12.5039,12.5039,95.8947
2025-08-06T14:39:33,12.5077,12.5077,12.5077,12.5077,64.4211
2025-08-06T14:39:34,12.5096,12.5096,12.5077,12.5077,14.0
2025-08-06T14:39:35,12.4906,12.5096,12.4906,12.5096,16.4737
2025-08-06T14:39:37,12.4925,12.4925,12.4925,12.4925,6.5263
2025-08-06T14:39:38,12.492,12.492,12.492,12.492,36.8421
2025-08-06T14:39:41,12.5077,12.5077,12.5077,12.5077,8.2105
2025-08-06T14:39:42,12.5096,12.5096,12.5096,12.5096,161.3158
2025-08-06T14:39:43,12.4906,12.4906,12.4697,12.4697,212.5789
2025-08-06T14:39:45,12.4697,12.4697,12.4697,12.4697,50.3158
2025-08-06T14:39:49,12.4697,12.4697,12.4697,12.4697,33.0
2025-08-06T14:39:50,12.4488,12.4488,12.4488,12.4488,521.0526
2025-08-06T14:39:53,12.4298,12.4583,12.4241,12.4583,464.0
2025-08-06T14:39:54,12.426,12.426,12.426,12.426,12.3158
2025-08-06T14:39:55,12.4422,12.4602,12.4412,12.4602,926.2105
2025-08-06T14:39:56,12.4279,12.4279,12.3956,12.3956,2428.6842
2025-08-06T14:39:57,12.3956,12.3956,12.3785,12.3785,197.5789
2025-08-06T14:39:58,12.3804,12.3804,12.3804,12.3804,109.6842
2025-08-06T14:39:59,12.3804,12.4241,12.3804,12.4241,328.6316
2025-08-06T14:40:02,12.3804,12.3804,12.3785,12.3804,316.5263
2025-08-06T14:40:03,12.3785,12.3785,12.3728,12.3757,97.7895
2025-08-06T14:40:04,12.3728,12.3728,12.3728,12.3728,37.7368
2025-08-06T14:40:05,12.3738,12.3747,12.35,12.3576,2032.3684
2025-08-06T14:40:06,12.35,12.3576,12.3253,12.3301,1444.5263
2025-08-06T14:40:07,12.3253,12.3253,12.1961,12.3253,1457.4211
2025-08-06T14:40:08,12.2398,12.2721,12.1961,12.2721,788.6316
2025-08-06T14:40:10,12.2721,12.274,12.1961,12.1961,288.2632
2025-08-06T14:40:11,12.274,12.274,12.2512,12.2512,62.9474
2025-08-06T14:40:12,12.2113,12.2151,12.2113,12.2151,24.4737
2025-08-06T14:40:13,12.2721,12.2987,12.2341,12.2968,726.9474
2025-08-06T14:40:14,12.274,12.2987,12.274,12.2987,70.3684
2025-08-06T14:40:15,12.2987,12.2987,12.2987,12.2987,10.8947
2025-08-06T14:40:16,12.274,12.2854,12.274,12.2854,56.8947
2025-08-06T14:40:17,12.2854,12.2854,12.2854,12.2854,5.2632
2025-08-06T14:40:18,12.2968,12.2968,12.274,12.274,47.1053
2025-08-06T14:40:19,12.2987,12.331,12.2854,12.331,1413.6316
2025-08-06T14:40:20,12.3139,12.35,12.3139,12.35,37.6842
2025-08-06T14:40:21,12.3139,12.3139,12.312,12.312,145.9474
2025-08-06T14:40:22,12.3614,12.3614,12.3614,12.3614,9.3158
2025-08-06T14:40:23,12.3377,12.3377,12.3139,12.3139,339.3684
2025-08-06T14:40:24,12.3614,12.3633,12.3158,12.3158,200.8947
2025-08-06T14:40:25,12.35,12.35,12.3139,12.3139,116.4737
2025-08-06T14:40:27,12.3519,12.3567,12.3519,12.3567,32.3158
2025-08-06T14:40:28,12.3567,12.5229,12.3567,12.5153,2036.6842
2025-08-06T14:40:30,12.4469,12.483,12.3595,12.3595,57.4737
2025-08-06T14:40:31,12.3595,12.521,12.3595,12.4393,52.4211
2025-08-06T14:40:32,12.4165,12.5096,12.4165,12.5096,57.4737
2025-08-06T14:40:33,12.4963,12.5096,12.4963,12.5096,63.7368
2025-08-06T14:40:40,12.4222,12.4469,12.4222,12.4469,180.8421
2025-08-06T14:40:43,12.4298,12.4469,12.4241,12.4241,56.6842
2025-08-06T14:40:45,12.4241,12.4241,12.4241,12.4241,263.1579
2025-08-06T14:40:46,12.4469,12.4469,12.445,12.445,563.1579
2025-08-06T14:40:47,12.445,12.445,12.445,12.445,10.0
2025-08-06T14:40:48,12.4108,12.4108,12.4108,12.4108,10.1579
2025-08-06T14:40:49,12.4469,12.4469,12.4469,12.4469,57.8947
2025-08-06T14:40:51,12.4108,12.4108,12.4108,12.4108,24.9474
2025-08-06T14:40:52,12.4469,12.4469,12.4469,12.4469,24.8421
2025-08-06T14:40:56,12.4108,12.4583,12.4108,12.4583,156.2632
2025-08-06T14:40:59,12.4621,12.4621,12.4621,12.4621,210.5263
2025-08-06T14:41:02,12.4678,12.4678,12.4678,12.4678,134.3158
2025-08-06T14:41:04,12.4659,12.4697,12.4659,12.4697,438.1053
2025-08-06T14:41:05,12.4659,12.4697,12.4659,12.4697,413.4737
2025-08-06T14:41:06,12.5001,12.5001,12.5001,12.5001,21.0526
2025-08-06T14:41:07,12.5077,12.5077,12.5077,12.5077,5.2632
2025-08-06T14:41:08,12.5077,12.5077,12.5077,12.5077,9.0526
2025-08-06T14:41:09,12.4906,12.5077,12.4887,12.5077,371.5789
2025-08-06T14:41:10,12.5039,12.5077,12.5039,12.5077,210.5263
2025-08-06T14:41:12,12.5039,12.5077,12.5039,12.5077,423.0526
2025-08-06T14:41:14,12.5058,12.5058,12.5001,12.5001,373.9474
2025-08-06T14:41:16,12.5077,12.5077,12.5077,12.5077,10.5263
2025-08-06T14:41:19,12.5077,12.5077,12.5077,12.5077,19.7368
2025-08-06T14:41:22,12.5058,12.5058,12.5058,12.5058,5.5789
2025-08-06T14:41:23,12.5039,12.5058,12.5039,12.5039,36.8421
2025-08-06T14:41:24,12.5077,12.5077,12.5058,12.5058,486.8421
2025-08-06T14:41:25,12.5039,12.5058,12.5039,12.5058,243.1579
2025-08-06T14:41:27,12.5039,12.5058,12.5039,12.5058,97.4737
2025-08-06T14:41:28,12.5058,12.5058,12.5058,12.5058,131.5789
2025-08-06T14:41:29,12.5058,12.5068,12.4716,12.5068,321.0526
2025-08-06T14:41:30,12.4963,12.4963,12.4868,12.4887,26.8947
2025-08-06T14:41:34,12.4887,12.4887,12.4811,12.4811,18.7895
2025-08-06T14:41:36,12.4925,12.4925,12.4925,12.4925,105.2632
2025-08-06T14:41:38,12.4963,12.4963,12.4963,12.4963,82.3158
2025-08-06T14:41:39,12.4992,12.4992,12.4992,12.4992,7.8947
2025-08-06T14:41:41,12.5001,12.5001,12.5001,12.5001,32.6842
2025-08-06T14:41:49,12.4982,12.4982,12.4925,12.4963,96.7368
2025-08-06T14:41:51,12.4963,12.4963,12.4963,12.4963,13.1579
2025-08-06T14:41:53,12.4963,12.4963,12.4925,12.4963,105.3684
2025-08-06T14:41:54,12.4973,12.4982,12.4963,12.4963,690.2105
2025-08-06T14:41:55,12.4982,12.4982,12.4982,12.4982,26.1579
2025-08-06T14:41:56,12.4982,12.4982,12.4982,12.4982,13.6316
2025-08-06T14:41:57,12.4992,12.4992,12.4944,12.4963,326.3158
2025-08-06T14:41:59,12.4963,12.4963,12.4963,12.4963,73.3158
2025-08-06T14:42:00,12.4963,12.4963,12.4944,12.4944,257.8947
2025-08-06T14:42:01,12.4961,12.4961,12.4961,12.4961,15.7895
2025-08-06T14:42:02,12.4944,12.4944,12.4944,12.4944,15.0526
2025-08-06T14:42:03,12.4944,12.4963,12.4944,12.4963,126.3158
2025-08-06T14:42:04,12.4963,12.4963,12.4944,12.4944,49.2105
2025-08-06T14:42:05,12.4944,12.4944,12.4944,12.4944,381.3158
2025-08-06T14:42:07,12.4953,12.4953,12.4953,12.4953,114.6316
2025-08-06T14:42:08,12.4961,12.4963,12.4961,12.4963,22.1053
2025-08-06T14:42:09,12.4963,12.597,12.4963,12.597,1035.8947
2025-08-06T14:42:10,12.616,12.635,12.5894,12.5894,445.3158
2025-08-06T14:42:11,12.6141,12.6141,12.6141,12.6141,52.6316
2025-08-06T14:42:16,12.5894,12.5894,12.5894,12.5894,168.4211
2025-08-06T14:42:17,12.5932,12.597,12.5932,12.5932,208.5263
2025-08-06T14:42:18,12.5913,12.6122,12.5913,12.6122,165.2105
2025-08-06T14:42:19,12.6027,12.6027,12.5932,12.5932,62.4737
2025-08-06T14:42:21,12.6084,12.6084,12.6027,12.6027,85.6316
2025-08-06T14:42:22,12.6027,12.6046,12.6027,12.6046,163.6316
2025-08-06T14:42:24,12.6141,12.6141,12.6141,12.6141,16.7368
2025-08-06T14:42:26,12.6027,12.6141,12.6027,12.6141,2409.4211
2025-08-06T14:42:27,12.6141,12.6331,12.6141,12.6331,58.5789
2025-08-06T14:42:28,12.6331,12.7091,12.6331,12.7091,1113.6842
2025-08-06T14:42:29,12.7091,12.7091,12.6141,12.6521,1193.5263
2025-08-06T14:42:30,12.6141,12.6521,12.6065,12.6331,279.5789
2025-08-06T14:42:31,12.6588,12.6588,12.6588,12.6588,37.7368
2025-08-06T14:42:32,12.6806,12.6806,12.6806,12.6806,105.2632
2025-08-06T14:42:33,12.6787,12.73,12.6787,12.7091,1265.3684
2025-08-06T14:42:34,12.7281,12.7927,12.7281,12.7927,3063.7895
2025-08-06T14:42:35,12.7908,12.7927,12.6521,12.6863,3633.8947
2025-08-06T14:42:36,12.6882,12.7889,12.6882,12.73,732.9474
2025-08-06T14:42:37,12.7813,12.787,12.7566,12.7585,72.9474
2025-08-06T14:42:38,12.7851,12.7851,12.7851,12.7851,17.2105
2025-08-06T14:42:39,12.7585,12.7585,12.7585,12.7585,292.6316
2025-08-06T14:42:40,12.7585,12.787,12.73,12.7414,1367.4211
2025-08-06T14:42:41,12.7566,12.7889,12.7566,12.7794,301.6316
2025-08-06T14:42:42,12.787,12.7889,12.787,12.787,583.7895
2025-08-06T14:42:43,12.787,12.787,12.7851,12.787,415.7368
2025-08-06T14:42:44,12.787,12.7889,12.787,12.7889,175.4737
2025-08-06T14:42:45,12.7851,12.7851,12.7851,12.7851,107.5789
2025-08-06T14:42:46,12.7851,12.7851,12.7851,12.7851,48.3684
2025-08-06T14:42:47,12.7851,12.787,12.6787,12.6787,1628.3158
2025-08-06T14:42:48,12.768,12.768,12.7585,12.7585,532.4737
2025-08-06T14:42:49,12.7585,12.7851,12.7585,12.7851,958.8947
2025-08-06T14:42:50,12.7851,12.7889,12.6844,12.787,1910.0526
2025-08-06T14:42:51,12.7775,12.7889,12.7642,12.7775,682.3158
2025-08-06T14:42:52,12.787,12.787,12.7642,12.7661,459.1053
2025-08-06T14:42:53,12.7756,12.7794,12.7756,12.7794,27.6316
2025-08-06T14:42:54,12.7823,12.787,12.7813,12.7823,617.1053
2025-08-06T14:42:55,12.7775,12.7813,12.7775,12.7813,29.4737
2025-08-06T14:42:56,12.7832,12.7832,12.7794,12.7794,56.1053
2025-08-06T14:42:58,12.7832,12.7832,12.7832,12.7832,15.7895
2025-08-06T14:42:59,12.7832,12.7832,12.7813,12.7813,165.8421
2025-08-06T14:43:00,12.7813,12.7813,12.7813,12.7813,157.9474
2025-08-06T14:43:01,12.7813,12.7813,12.7737,12.7737,198.7895
2025-08-06T14:43:02,12.7813,12.7813,12.7376,12.7376,213.6316
2025-08-06T14:43:03,12.7376,12.7376,12.6787,12.6844,1538.2105
2025-08-06T14:43:04,12.6844,12.692,12.559,12.6673,924.9474
2025-08-06T14:43:05,12.6417,12.6417,12.6417,12.6417,78.4211
2025-08-06T14:43:06,12.6141,12.6692,12.6141,12.6692,143.2632
2025-08-06T14:43:07,12.6179,12.6692,12.6179,12.6692,312.1579
2025-08-06T14:43:08,12.6692,12.6692,12.6692,12.6692,157.3684
2025-08-06T14:43:09,12.6626,12.6635,12.6626,12.6635,32.6316
2025-08-06T14:43:10,12.6578,12.6578,12.6578,12.6578,9.6316
2025-08-06T14:43:11,12.6692,12.6692,12.6692,12.6692,141.2105
2025-08-06T14:43:13,12.6692,12.6692,12.6559,12.6559,86.5789
2025-08-06T14:43:14,12.6692,12.6692,12.6654,12.6654,427.2105
2025-08-06T14:43:15,12.6673,12.6692,12.6673,12.6673,186.3158
2025-08-06T14:43:16,12.6673,12.6673,12.6673,12.6673,35.0
2025-08-06T14:43:17,12.6635,12.6673,12.6635,12.6673,16.0526
2025-08-06T14:43:19,12.6673,12.6673,12.6673,12.6673,115.9474
2025-08-06T14:43:20,12.6682,12.6692,12.6682,12.6682,122.2105
2025-08-06T14:43:23,12.6682,12.6692,12.6673,12.6692,111.7368
2025-08-06T14:43:24,12.6673,12.6673,12.6673,12.6673,52.9474
2025-08-06T14:43:25,12.6692,12.6692,12.6692,12.6692,13.0526
2025-08-06T14:43:26,12.6692,12.6692,12.6692,12.6692,54.4211
2025-08-06T14:43:31,12.6673,12.6673,12.6673,12.6673,190.7895
2025-08-06T14:43:32,12.6673,12.6692,12.5704,12.6426,2817.8421
2025-08-06T14:43:33,12.6426,12.654,12.54,12.5837,1101.5789
2025-08-06T14:43:34,12.6112,12.635,12.6046,12.6236,289.4737
2025-08-06T14:43:36,12.6198,12.6198,12.6198,12.6198,52.6316
2025-08-06T14:43:39,12.6198,12.6274,12.6198,12.6274,214.2632
2025-08-06T14:43:41,12.6274,12.6274,12.6274,12.6274,31.6316
2025-08-06T14:43:42,12.635,12.635,12.635,12.635,31.5789
2025-08-06T14:43:43,12.6331,12.6331,12.6331,12.6331,12.2105
2025-08-06T14:43:44,12.6331,12.6331,12.6331,12.6331,27.7895
2025-08-06T14:43:46,12.6331,12.6331,12.6331,12.6331,130.3158
2025-08-06T14:43:48,12.635,12.635,12.635,12.635,21.0526
2025-08-06T14:43:49,12.6331,12.6331,12.6179,12.6179,253.0526
2025-08-06T14:43:51,12.6189,12.6189,12.6179,12.618,541.3684
2025-08-06T14:43:52,12.6179,12.6179,12.5875,12.5875,57.8947
2025-08-06T14:43:53,12.5647,12.5913,12.5628,12.5837,436.8421
2025-08-06T14:43:55,12.5932,12.5989,12.5628,12.5628,49.9474
2025-08-06T14:43:56,12.5894,12.5913,12.5628,12.5894,87.4211
2025-08-06T14:43:58,12.5419,12.5875,12.54,12.5875,188.6316
2025-08-06T14:43:59,12.5628,12.6122,12.5628,12.578,44.1579
2025-08-06T14:44:00,12.5875,12.5875,12.5875,12.5875,5.7895
2025-08-06T14:44:01,12.5999,12.6122,12.5875,12.6122,789.3158
2025-08-06T14:44:02,12.6179,12.6179,12.6065,12.6179,32.0
2025-08-06T14:44:04,12.616,12.6179,12.616,12.6179,93.1053
2025-08-06T14:44:06,12.6155,12.6155,12.6155,12.6155,5.2632
2025-08-06T14:44:08,12.616,12.616,12.616,12.616,274.6842
2025-08-06T14:44:09,12.616,12.616,12.616,12.616,24.7368
2025-08-06T14:44:12,12.616,12.616,12.616,12.616,11.4211
2025-08-06T14:44:13,12.6122,12.616,12.6122,12.616,192.7895
2025-08-06T14:44:15,12.6065,12.6065,12.6065,12.6065,12.6842
2025-08-06T14:44:18,12.616,12.616,12.616,12.616,5.2632
2025-08-06T14:44:19,12.616,12.616,12.616,12.616,6.8421
2025-08-06T14:44:20,12.616,12.616,12.616,12.616,10.5263
2025-08-06T14:44:21,12.6141,12.616,12.6141,12.616,542.1053
2025-08-06T14:44:24,12.616,12.616,12.6122,12.6122,174.1579
2025-08-06T14:44:25,12.6122,12.6122,12.6122,12.6122,131.5789
2025-08-06T14:44:26,12.6141,12.6141,12.6141,12.6141,52.6316
2025-08-06T14:44:27,12.6141,12.616,12.6141,12.616,32.2632
2025-08-06T14:44:28,12.6141,12.6141,12.6084,12.6084,280.0
2025-08-06T14:44:29,12.6093,12.6122,12.6093,12.6122,47.9474
2025-08-06T14:44:30,12.6103,12.6122,12.6084,12.6122,334.5789
2025-08-06T14:44:31,12.6122,12.6122,12.6122,12.6122,52.6316
2025-08-06T14:44:32,12.6112,12.6112,12.6112,12.6112,7.8947
2025-08-06T14:44:35,12.6103,12.6103,12.5913,12.5932,212.2632
2025-08-06T14:44:36,12.5894,12.6008,12.5894,12.6008,84.2105
2025-08-06T14:44:38,12.5894,12.5894,12.5894,12.5894,61.2632
2025-08-06T14:44:39,12.6065,12.6065,12.5894,12.5894,70.1579
2025-08-06T14:44:40,12.5989,12.5989,12.5989,12.5989,5.2632
2025-08-06T14:44:41,12.5989,12.6065,12.5989,12.6065,43.1579
2025-08-06T14:44:42,12.5894,12.6027,12.5894,12.5989,119.0
2025-08-06T14:44:45,12.5989,12.5989,12.5989,12.5989,40.1579
2025-08-06T14:44:46,12.5989,12.5989,12.5989,12.5989,15.7895
2025-08-06T14:44:48,12.6027,12.6027,12.5951,12.6027,205.2632
2025-08-06T14:44:49,12.5913,12.5913,12.5894,12.5913,99.4737
2025-08-06T14:44:51,12.5932,12.5932,12.5932,12.5932,6.1053
2025-08-06T14:44:53,12.5951,12.5989,12.5058,12.5058,2527.6842
2025-08-06T14:44:54,12.5077,12.5114,12.5077,12.5114,114.2632
2025-08-06T14:44:56,12.5514,12.5647,12.5514,12.5514,167.1053
2025-08-06T14:44:59,12.5533,12.5533,12.5533,12.5533,13.6842
2025-08-06T14:45:00,12.5571,12.5571,12.5571,12.5571,27.5263
2025-08-06T14:45:01,12.5799,12.5799,12.5514,12.5514,372.0526
2025-08-06T14:45:02,12.5742,12.5742,12.5742,12.5742,54.8947
2025-08-06T14:45:05,12.5704,12.5704,12.5704,12.5704,473.7368
2025-08-06T14:45:06,12.5685,12.5685,12.5685,12.5685,7.4737
2025-08-06T14:45:09,12.5666,12.5704,12.5666,12.5704,158.0526
2025-08-06T14:45:10,12.5723,12.5723,12.5723,12.5723,52.6842
2025-08-06T14:45:11,12.5723,12.5723,12.5723,12.5723,35.7895
2025-08-06T14:45:14,12.5742,12.5742,12.5723,12.5723,26.1053
2025-08-06T14:45:16,12.5733,12.5733,12.5723,12.5723,274.6316
2025-08-06T14:45:17,12.5742,12.5742,12.5742,12.5742,17.5789
2025-08-06T14:45:18,12.5742,12.5742,12.5742,12.5742,39.2632
2025-08-06T14:45:19,12.5723,12.5752,12.5723,12.5752,93.7895
2025-08-06T14:45:21,12.5723,12.5723,12.5723,12.5723,168.1579
2025-08-06T14:45:22,12.5742,12.5742,12.5723,12.5723,150.7895
2025-08-06T14:45:23,12.5742,12.5742,12.5742,12.5742,143.9474
2025-08-06T14:45:24,12.5752,12.5752,12.5752,12.5752,5.2632
2025-08-06T14:45:26,12.5742,12.5742,12.5742,12.5742,8.3158
2025-08-06T14:45:30,12.5761,12.5761,12.5761,12.5761,22.1053
2025-08-06T14:45:31,12.5761,12.578,12.5609,12.5609,797.5263
2025-08-06T14:45:32,12.5419,12.5476,12.5343,12.5419,617.5789
2025-08-06T14:45:33,12.5267,12.5267,12.5115,12.5115,131.5789
2025-08-06T14:45:35,12.559,12.559,12.559,12.559,7.5263
2025-08-06T14:45:36,12.5609,12.5609,12.5343,12.5343,122.5789
2025-08-06T14:45:37,12.54,12.54,12.5058,12.5229,639.1579
2025-08-06T14:45:38,12.5058,12.5343,12.5058,12.5305,228.8947
2025-08-06T14:45:39,12.5058,12.5305,12.5058,12.5305,138.0
2025-08-06T14:45:40,12.5077,12.54,12.5077,12.5324,136.4211
2025-08-06T14:45:41,12.5343,12.5343,12.5324,12.5324,44.9474
2025-08-06T14:45:42,12.5324,12.5438,12.5324,12.5438,45.7368
2025-08-06T14:45:43,12.5533,12.5533,12.5533,12.5533,473.6842
2025-08-06T14:45:44,12.5533,12.5533,12.5096,12.5096,109.8947
2025-08-06T14:45:45,12.5077,12.5077,12.5058,12.5058,39.7895
2025-08-06T14:45:46,12.5001,12.502,12.4963,12.5001,979.1579
2025-08-06T14:45:48,12.5001,12.5011,12.5001,12.5011,69.8421
2025-08-06T14:45:50,12.5001,12.5001,12.4963,12.4963,97.1053
2025-08-06T14:45:51,12.4944,12.4982,12.4697,12.4697,620.2632
2025-08-06T14:45:52,12.4925,12.4925,12.4887,12.4887,31.8421
2025-08-06T14:45:53,12.4564,12.4564,12.4298,12.4298,204.5789
2025-08-06T14:45:54,12.4412,12.4412,12.4412,12.4412,12.1579
2025-08-06T14:45:56,12.4412,12.4773,12.4412,12.4773,202.8421
2025-08-06T14:45:57,12.464,12.464,12.464,12.464,67.6842
2025-08-06T14:45:59,12.4792,12.4792,12.4792,12.4792,43.7895
2025-08-06T14:46:01,12.4792,12.4792,12.4773,12.4773,42.9474
2025-08-06T14:46:02,12.4868,12.4868,12.4849,12.4849,502.2105
2025-08-06T14:46:03,12.4906,12.4906,12.4906,12.4906,27.8421
2025-08-06T14:46:04,12.4887,12.4887,12.4887,12.4887,23.4737
2025-08-06T14:46:06,12.4887,12.4906,12.4887,12.4906,258.4737
2025-08-06T14:46:07,12.4887,12.4887,12.4887,12.4887,18.9474
2025-08-06T14:46:08,12.4906,12.4906,12.4887,12.4887,35.7368
2025-08-06T14:46:09,12.4906,12.4906,12.4906,12.4906,77.4211
2025-08-06T14:46:10,12.4887,12.4906,12.4887,12.4887,79.0526
2025-08-06T14:46:11,12.4887,12.4887,12.4849,12.4849,237.3684
2025-08-06T14:46:12,12.4792,12.483,12.4792,12.483,141.2105
2025-08-06T14:46:13,12.4811,12.483,12.4811,12.483,122.0526
2025-08-06T14:46:14,12.483,12.483,12.483,12.483,10.5263
2025-08-06T14:46:16,12.4811,12.4811,12.4811,12.4811,7.7895
2025-08-06T14:46:17,12.4811,12.4811,12.4811,12.4811,521.8421
2025-08-06T14:46:18,12.4811,12.4811,12.4811,12.4811,58.3158
2025-08-06T14:46:19,12.4811,12.4821,12.4811,12.4821,125.4211
2025-08-06T14:46:20,12.4811,12.4811,12.4811,12.4811,19.1053
2025-08-06T14:46:21,12.4811,12.4811,12.4792,12.4792,93.7368
2025-08-06T14:46:23,12.4792,12.4792,12.4792,12.4792,25.7895
2025-08-06T14:46:24,12.4782,12.54,12.4782,12.54,1690.3684
2025-08-06T14:46:25,12.54,12.54,12.5305,12.5305,142.1053
2025-08-06T14:46:26,12.54,12.73,12.54,12.73,1981.6316
2025-08-06T14:46:27,12.6806,12.6958,12.6806,12.6958,40.6316
2025-08-06T14:46:28,12.7044,12.7262,12.7034,12.7262,1131.5789
2025-08-06T14:46:29,12.7281,12.7281,12.7281,12.7281,29.4737
2025-08-06T14:46:30,12.6806,12.6958,12.6806,12.6806,184.2105
2025-08-06T14:46:31,12.7091,12.7091,12.7091,12.7091,5.2632
2025-08-06T14:46:33,12.711,12.711,12.711,12.711,55.7368
2025-08-06T14:46:34,12.7091,12.711,12.7091,12.711,749.0526
2025-08-06T14:46:35,12.6958,12.6959,12.673,12.6959,373.6842
2025-08-06T14:46:37,12.692,12.6959,12.673,12.6959,856.0
2025-08-06T14:46:38,12.6806,12.6959,12.6806,12.6959,12.9474
2025-08-06T14:46:41,12.6882,12.6882,12.6692,12.6692,67.0
2025-08-06T14:46:42,12.6787,12.6882,12.6597,12.6882,71.6842
2025-08-06T14:46:43,12.6863,12.6863,12.6483,12.6787,92.3158
2025-08-06T14:46:45,12.6692,12.6692,12.6616,12.6616,66.3158
2025-08-06T14:46:46,12.6768,12.6768,12.6768,12.6768,5.2632
2025-08-06T14:46:47,12.6787,12.6787,12.6787,12.6787,19.9474
2025-08-06T14:46:48,12.6768,12.6768,12.6768,12.6768,26.3158
2025-08-06T14:46:49,12.6778,12.6787,12.6768,12.6768,23.6842
2025-08-06T14:46:50,12.6768,12.6768,12.6768,12.6768,80.8421
2025-08-06T14:46:51,12.6749,12.6749,12.6749,12.6749,14.0
2025-08-06T14:46:53,12.6692,12.6692,12.6635,12.6635,113.7895
2025-08-06T14:46:54,12.6711,12.6711,12.6711,12.6711,36.8421
2025-08-06T14:46:55,12.6692,12.6692,12.5286,12.5286,121.4737
2025-08-06T14:46:58,12.635,12.635,12.635,12.635,5.8421
2025-08-06T14:46:59,12.6464,12.6464,12.6274,12.6274,612.4211
2025-08-06T14:47:00,12.635,12.635,12.635,12.635,29.0526
2025-08-06T14:47:01,12.6464,12.6464,12.6464,12.6464,45.2632
2025-08-06T14:47:05,12.6369,12.6369,12.6369,12.6369,18.0
2025-08-06T14:47:06,12.6443,12.6464,12.6407,12.6407,44.9474
2025-08-06T14:47:07,12.6369,12.6369,12.6369,12.6369,57.8947
2025-08-06T14:47:08,12.6464,12.6464,12.6464,12.6464,52.6316
2025-08-06T14:47:09,12.6464,12.6464,12.6464,12.6464,9.7368
2025-08-06T14:47:10,12.6369,12.6369,12.635,12.635,21.0526
2025-08-06T14:47:11,12.6312,12.6312,12.6312,12.6312,7.8947
2025-08-06T14:47:12,12.6312,12.6312,12.6312,12.6312,12.5789
2025-08-06T14:47:13,12.6331,12.6331,12.6312,12.6312,48.5789
2025-08-06T14:47:14,12.6331,12.6331,12.6331,12.6331,8.4211
2025-08-06T14:47:15,12.6331,12.6331,12.6331,12.6331,16.0
2025-08-06T14:47:17,12.6331,12.6331,12.6312,12.6312,101.7368
2025-08-06T14:47:20,12.6331,12.6331,12.6331,12.6331,26.8421
2025-08-06T14:47:22,12.6331,12.6331,12.6312,12.6312,45.7368
2025-08-06T14:47:26,12.6322,12.6322,12.6322,12.6322,10.6316
2025-08-06T14:47:27,12.6312,12.6312,12.6312,12.6312,87.7895
2025-08-06T14:47:28,12.6312,12.6312,12.6312,12.6312,6.6316
2025-08-06T14:47:29,12.6322,12.6322,12.6312,12.6312,11.3684
2025-08-06T14:47:30,12.6312,12.6312,12.6312,12.6312,5.2632
2025-08-06T14:47:34,12.6331,12.6331,12.6312,12.6312,90.2105
2025-08-06T14:47:35,12.6322,12.6322,12.6312,12.6312,18.4211
2025-08-06T14:47:36,12.6331,12.6331,12.6331,12.6331,31.4211
2025-08-06T14:47:38,12.6312,12.6312,12.6312,12.6312,19.8947
2025-08-06T14:47:41,12.6322,12.6322,12.6322,12.6322,5.2632
2025-08-06T14:47:42,12.6312,12.6312,12.6312,12.6312,14.9474
2025-08-06T14:47:43,12.6217,12.6217,12.6217,12.6217,5.5789
2025-08-06T14:47:45,12.6312,12.6312,12.6312,12.6312,5.2632
2025-08-06T14:47:46,12.6198,12.6198,12.6198,12.6198,35.4211
2025-08-06T14:47:47,12.616,12.616,12.54,12.5799,145.0
2025-08-06T14:47:48,12.5932,12.6008,12.5799,12.5932,1065.9474
2025-08-06T14:47:49,12.5818,12.6179,12.5818,12.5818,32.5789
2025-08-06T14:47:53,12.5818,12.5818,12.5818,12.5818,25.8947
2025-08-06T14:47:54,12.6179,12.6179,12.5799,12.5799,58.3684
2025-08-06T14:47:55,12.6008,12.6008,12.6008,12.6008,5.3158
2025-08-06T14:47:57,12.5818,12.5818,12.5818,12.5818,222.0
2025-08-06T14:47:58,12.6008,12.6103,12.5799,12.5799,494.7368
2025-08-06T14:47:59,12.5989,12.5989,12.5989,12.5989,5.2632
2025-08-06T14:48:01,12.5999,12.5999,12.5837,12.5837,35.1053
2025-08-06T14:48:03,12.5818,12.6179,12.5818,12.6179,32.8421
2025-08-06T14:48:04,12.6179,12.6179,12.6179,12.6179,6.5263
2025-08-06T14:48:06,12.6008,12.6103,12.6008,12.6103,147.4211
2025-08-06T14:48:07,12.6179,12.6179,12.6179,12.6179,22.8421
2025-08-06T14:48:11,12.6008,12.6008,12.6008,12.6008,8.3684
2025-08-06T14:48:13,12.6027,12.6027,12.6008,12.6009,52.7368
2025-08-06T14:48:14,12.6065,12.6065,12.6065,12.6065,179.5263
2025-08-06T14:48:15,12.6027,12.6027,12.6008,12.6008,16.2632
2025-08-06T14:48:16,12.6084,12.6084,12.6027,12.6027,58.2632
2025-08-06T14:48:21,12.616,12.616,12.616,12.616,134.2105
2025-08-06T14:48:23,12.6122,12.6122,12.6122,12.6122,15.7895
2025-08-06T14:48:25,12.6141,12.6141,12.6141,12.6141,233.2632
2025-08-06T14:48:27,12.6122,12.6141,12.4697,12.4697,2435.6842
2025-08-06T14:48:28,12.5115,12.5115,12.5115,12.5115,132.5789
2025-08-06T14:48:29,12.5229,12.5229,12.5229,12.5229,15.0526
2025-08-06T14:48:30,12.4982,12.502,12.35,12.4336,1977.9474
2025-08-06T14:48:31,12.4317,12.4526,12.4317,12.4526,297.6842
2025-08-06T14:48:33,12.4849,12.4963,12.4849,12.4963,961.2632
2025-08-06T14:48:34,12.445,12.445,12.445,12.445,54.8947
2025-08-06T14:48:36,12.445,12.445,12.445,12.445,16.1579
2025-08-06T14:48:37,12.4469,12.4469,12.4469,12.4469,609.7368
2025-08-06T14:48:38,12.4716,12.4716,12.4507,12.4507,77.8421
2025-08-06T14:48:39,12.4488,12.4488,12.4488,12.4488,736.8421
2025-08-06T14:48:40,12.4811,12.4944,12.4488,12.4488,761.3684
2025-08-06T14:48:41,12.4944,12.4944,12.4944,12.4944,26.3158
2025-08-06T14:48:42,12.4925,12.4925,12.4925,12.4925,26.3158
2025-08-06T14:48:43,12.4802,12.4944,12.4526,12.4526,729.1053
2025-08-06T14:48:45,12.4545,12.4545,12.4545,12.4545,6.1053
2025-08-06T14:48:50,12.483,12.4925,12.3519,12.3709,3334.1053
2025-08-06T14:48:51,12.3918,12.4108,12.35,12.3519,375.2105
2025-08-06T14:48:52,12.35,12.35,12.2322,12.2381,5169.2632
2025-08-06T14:48:53,12.2398,12.2892,12.1961,12.2132,2964.5789
2025-08-06T14:48:55,12.1961,12.2626,12.1714,12.2037,3150.7368
2025-08-06T14:48:56,12.16,12.16,12.1182,12.1391,1218.2105
2025-08-06T14:48:57,12.1277,12.1467,12.0023,12.0213,5555.1579
2025-08-06T14:48:58,12.0232,12.0289,12.0213,12.0289,829.7895
2025-08-06T14:48:59,12.0289,12.0327,12.0194,12.0327,57.5263
2025-08-06T14:49:00,12.0289,12.0289,12.0251,12.0289,56.8421
2025-08-06T14:49:01,12.0289,12.0365,12.0289,12.0327,1074.8421
2025-08-06T14:49:02,12.0308,12.0327,12.0289,12.0289,174.8947
2025-08-06T14:49:03,12.0308,12.0327,12.0289,12.0327,418.1579
2025-08-06T14:49:04,12.0327,12.0327,12.0289,12.0327,317.6842
2025-08-06T14:49:05,12.0308,12.0327,12.0308,12.0327,271.3158
2025-08-06T14:49:06,12.0327,12.0327,12.0289,12.0289,94.4737
2025-08-06T14:49:07,12.0327,12.0327,12.0308,12.0308,155.6842
2025-08-06T14:49:08,12.0327,12.0859,12.0327,12.0859,675.6842
2025-08-06T14:49:09,12.1296,12.1505,12.0313,12.1068,265.2632
2025-08-06T14:49:10,12.1087,12.1486,12.1068,12.1068,457.8947
2025-08-06T14:49:11,12.1277,12.141,12.1068,12.1087,380.4211
2025-08-06T14:49:12,12.1391,12.1391,12.1239,12.1239,110.5263
2025-08-06T14:49:13,12.1391,12.1391,12.1391,12.1391,63.1579
2025-08-06T14:49:14,12.1239,12.1353,12.1239,12.1296,292.7368
2025-08-06T14:49:15,12.1334,12.1334,12.1334,12.1334,124.8421
2025-08-06T14:49:16,12.1239,12.1391,12.1239,12.1391,347.5789
2025-08-06T14:49:17,12.1372,12.179,12.1239,12.179,1376.0
2025-08-06T14:49:18,12.1524,12.3272,12.1524,12.2417,45.8947
2025-08-06T14:49:19,12.217,12.3234,12.217,12.2721,122.5263
2025-08-06T14:49:21,12.3196,12.3196,12.274,12.3158,250.8947
2025-08-06T14:49:22,12.3177,12.3177,12.274,12.293,85.9474
2025-08-06T14:49:23,12.293,12.293,12.293,12.293,279.7368
2025-08-06T14:49:24,12.274,12.2949,12.1619,12.1638,1203.6316
2025-08-06T14:49:25,12.2132,12.2607,12.2132,12.2607,119.9474
2025-08-06T14:49:26,12.2341,12.3044,12.2341,12.3044,693.4211
2025-08-06T14:49:27,12.3082,12.3082,12.3025,12.3025,292.3158
2025-08-06T14:49:28,12.293,12.2949,12.293,12.2949,64.6316
2025-08-06T14:49:29,12.293,12.293,12.2778,12.2778,81.7368
2025-08-06T14:49:31,12.2455,12.2588,12.198,12.198,225.4211
2025-08-06T14:49:32,12.1989,12.2322,12.1989,12.2322,66.0
2025-08-06T14:49:33,12.2341,12.2341,12.2341,12.2341,47.3684
2025-08-06T14:49:34,12.2322,12.2322,12.217,12.217,268.9474
2025-08-06T14:49:35,12.2339,12.2339,12.2256,12.2322,64.8947
2025-08-06T14:49:36,12.2256,12.2322,12.1999,12.227,244.4211
2025-08-06T14:49:37,12.217,12.217,12.217,12.217,28.1053
2025-08-06T14:49:38,12.217,12.217,12.217,12.217,24.3684
2025-08-06T14:49:39,12.2189,12.2189,12.217,12.217,15.3158
2025-08-06T14:49:40,12.2018,12.2018,12.2018,12.2018,18.0526
2025-08-06T14:49:41,12.2265,12.2265,12.2132,12.2132,84.2105
2025-08-06T14:49:42,12.2018,12.2018,12.2018,12.2018,98.3158
2025-08-06T14:49:43,12.2189,12.2189,12.2189,12.2189,21.0526
2025-08-06T14:49:44,12.2246,12.2246,12.2246,12.2246,510.5263
2025-08-06T14:49:45,12.2227,12.2227,12.2227,12.2227,5.4211
2025-08-06T14:49:46,12.2265,12.2265,12.2265,12.2265,13.1579
2025-08-06T14:49:47,12.2265,12.2265,12.16,12.1809,847.6316
2025-08-06T14:49:48,12.2132,12.217,12.2018,12.217,72.3158
2025-08-06T14:49:50,12.217,12.2246,12.2018,12.2151,245.0
2025-08-06T14:49:51,12.2151,12.2152,12.2018,12.2152,96.1053
2025-08-06T14:49:52,12.2018,12.2018,12.16,12.16,54.5789
2025-08-06T14:49:53,12.1866,12.1866,12.1866,12.1866,12.6842
2025-08-06T14:49:54,12.2132,12.2132,12.1961,12.1961,323.2632
2025-08-06T14:49:55,12.16,12.16,12.16,12.16,21.2105
2025-08-06T14:49:56,12.199,12.199,12.198,12.198,19.2632
2025-08-06T14:49:57,12.1961,12.1961,12.1961,12.1961,43.7368
2025-08-06T14:49:58,12.198,12.198,12.198,12.198,24.4211
2025-08-06T14:49:59,12.1961,12.2018,12.1961,12.2018,94.7368
2025-08-06T14:50:00,12.2018,12.2132,12.2018,12.2113,132.3684
2025-08-06T14:50:01,12.1999,12.1999,12.1999,12.1999,5.5263
2025-08-06T14:50:03,12.2018,12.2018,12.2018,12.2018,84.2105
2025-08-06T14:50:05,12.1999,12.1999,12.1999,12.1999,22.0526
2025-08-06T14:50:06,12.1999,12.1999,12.1999,12.1999,24.8947
2025-08-06T14:50:07,12.1999,12.1999,12.1999,12.1999,6.3684
2025-08-06T14:50:08,12.1999,12.293,12.1999,12.2569,545.3158
2025-08-06T14:50:09,12.2911,12.2911,12.2911,12.2911,131.5789
2025-08-06T14:50:10,12.293,12.293,12.2208,12.293,225.8947
2025-08-06T14:50:11,12.255,12.3253,12.255,12.3253,142.1053
2025-08-06T14:50:13,12.2474,12.2474,12.2474,12.2474,15.5789
2025-08-06T14:50:16,12.2949,12.2949,12.2018,12.293,1478.3684
2025-08-06T14:50:17,12.2018,12.2018,12.2018,12.2018,105.2632
2025-08-06T14:50:21,12.2797,12.2797,12.2436,12.2436,271.0526
2025-08-06T14:50:23,12.2417,12.2797,12.2417,12.2607,174.7368
2025-08-06T14:50:26,12.2854,12.2854,12.2854,12.2854,65.7895
2025-08-06T14:50:29,12.2474,12.2474,12.2018,12.2037,427.0
2025-08-06T14:50:30,12.2037,12.2037,12.2037,12.2037,139.7368
2025-08-06T14:50:31,12.2094,12.217,12.1961,12.217,473.7368
2025-08-06T14:50:32,12.2151,12.217,12.1923,12.217,800.9474
2025-08-06T14:50:33,12.1923,12.2607,12.1923,12.2607,702.0
2025-08-06T14:50:34,12.1847,12.2493,12.1847,12.2227,158.7895
2025-08-06T14:50:35,12.1904,12.1904,12.1904,12.1904,6.3158
2025-08-06T14:50:36,12.1676,12.1676,12.1676,12.1676,32.3158
2025-08-06T14:50:37,12.1676,12.2417,12.1619,12.2018,690.3158
2025-08-06T14:50:38,12.2436,12.2436,12.16,12.16,389.1053
2025-08-06T14:50:40,12.1562,12.1752,12.1562,12.1752,297.7368
2025-08-06T14:50:41,12.1752,12.1752,12.16,12.16,34.1053
2025-08-06T14:50:42,12.1581,12.16,12.1581,12.16,637.7895
2025-08-06T14:50:43,12.1581,12.1581,12.1581,12.1581,8.3158
2025-08-06T14:50:44,12.1581,12.1581,12.1524,12.1562,426.2105
2025-08-06T14:50:45,12.1562,12.1562,12.1524,12.1524,29.7895
2025-08-06T14:50:46,12.1581,12.1581,12.1581,12.1581,9.7368
2025-08-06T14:50:47,12.1562,12.1581,12.1562,12.1581,95.4211
2025-08-06T14:50:48,12.1581,12.1581,12.1581,12.1581,78.9474
2025-08-06T14:50:49,12.1562,12.1562,11.97,11.97,7110.2632
2025-08-06T14:50:50,11.9814,11.9814,11.9814,11.9814,5.2632
2025-08-06T14:50:51,11.97,11.9814,11.9681,11.9681,1146.4211
2025-08-06T14:50:52,11.9339,11.953,11.894,11.894,621.7895
2025-08-06T14:50:53,11.9187,11.9187,11.875,11.8921,4561.5789
2025-08-06T14:50:54,11.8674,11.8883,11.7802,11.8427,1045.0526
2025-08-06T14:50:55,11.8427,11.9206,11.8427,11.9016,2923.5263
2025-08-06T14:50:56,11.856,11.8769,11.856,11.8769,377.8947
2025-08-06T14:50:57,11.8617,11.9206,11.856,11.9206,457.1053
2025-08-06T14:50:58,11.8788,11.9187,11.8617,11.8617,747.8947
2025-08-06T14:50:59,11.8617,11.8864,11.8617,11.8864,59.4211
2025-08-06T14:51:00,11.875,11.875,11.8522,11.8522,189.8947
2025-08-06T14:51:01,11.8503,11.8731,11.8503,11.8731,145.3684
2025-08-06T14:51:02,11.8427,11.8446,11.8427,11.8446,259.8947
2025-08-06T14:51:03,11.8541,11.8598,11.8541,11.8598,208.0
2025-08-06T14:51:04,11.8598,11.8617,11.8598,11.8608,1118.3158
2025-08-06T14:51:05,11.8598,11.8608,11.8598,11.8608,672.2105
2025-08-06T14:51:06,11.8608,11.8617,11.8598,11.8598,314.9474
2025-08-06T14:51:07,11.8608,11.8617,11.8608,11.8617,147.6842
2025-08-06T14:51:08,11.8598,11.8769,11.8598,11.8617,122.1579
2025-08-06T14:51:09,11.8845,11.97,11.8617,11.97,299.0
2025-08-06T14:51:10,11.8807,11.97,11.8807,11.97,367.2105
2025-08-06T14:51:11,11.97,11.97,11.97,11.97,560.5789
2025-08-06T14:51:12,11.97,11.97,11.9681,11.9681,755.7895
2025-08-06T14:51:13,11.8883,11.951,11.8864,11.951,364.8421
2025-08-06T14:51:14,11.8883,11.8902,11.8674,11.8883,215.3684
2025-08-06T14:51:15,11.8883,11.951,11.8883,11.8902,109.1579
2025-08-06T14:51:16,11.9491,11.9491,11.9206,11.9206,28.1053
2025-08-06T14:51:17,11.8902,11.951,11.8902,11.8902,128.8421
2025-08-06T14:51:18,11.894,11.9187,11.8883,11.9178,222.8421
2025-08-06T14:51:19,11.8883,11.8902,11.8883,11.8902,366.6316
2025-08-06T14:51:20,11.894,11.9472,11.8902,11.9472,288.6842
2025-08-06T14:51:21,11.8959,11.8959,11.8959,11.8959,9.7368
2025-08-06T14:51:22,11.8959,11.9472,11.8959,11.9301,115.7895
2025-08-06T14:51:23,11.8997,11.8997,11.8997,11.8997,34.5263
2025-08-06T14:51:24,11.9472,11.9472,11.8997,11.8997,48.6316
2025-08-06T14:51:25,11.9472,11.9472,11.9453,11.9472,99.8421
2025-08-06T14:51:26,11.8959,11.8997,11.8959,11.8997,73.2632
2025-08-06T14:51:27,11.9453,11.9472,11.8978,11.8978,680.8947
2025-08-06T14:51:28,11.8997,11.9453,11.8997,11.9453,144.8947
2025-08-06T14:51:29,11.8997,11.9111,11.8997,11.9111,54.7368
2025-08-06T14:51:30,11.9206,11.951,11.9206,11.951,110.5789
2025-08-06T14:51:31,11.9624,12.0137,11.9567,12.0137,964.1053
2025-08-06T14:51:32,12.046,12.046,11.9852,11.9852,24.0
2025-08-06T14:51:33,11.9871,11.9871,11.9871,11.9871,14.2632
2025-08-06T14:51:35,11.9871,11.9871,11.9871,11.9871,61.8947
2025-08-06T14:51:36,11.989,11.989,11.989,11.989,62.2105
2025-08-06T14:51:37,11.989,11.9909,11.989,11.9909,97.9474
2025-08-06T14:51:40,11.9985,12.0118,11.9985,12.0118,156.8947
2025-08-06T14:51:41,12.0118,12.046,12.0118,12.046,28.0
2025-08-06T14:51:42,12.0935,12.0935,12.0935,12.0935,19.0526
2025-08-06T14:51:43,12.0023,12.0355,12.0023,12.0355,347.6842
2025-08-06T14:51:45,12.0042,12.0042,12.0042,12.0042,13.6316
2025-08-06T14:51:46,12.0669,12.0669,12.0346,12.0346,52.9474
2025-08-06T14:51:47,12.0346,12.0346,12.0346,12.0346,55.0526
2025-08-06T14:51:48,12.0365,12.0365,12.0365,12.0365,367.1053
2025-08-06T14:51:49,12.0365,12.1581,12.0365,12.0536,1609.1053
2025-08-06T14:51:51,12.0555,12.0555,12.0555,12.0555,31.5789
2025-08-06T14:51:53,12.0593,12.0593,12.0593,12.0593,5.2632
2025-08-06T14:51:59,12.0593,12.0593,12.0593,12.0593,15.7895
2025-08-06T14:52:01,12.0612,12.0612,12.0612,12.0612,12.0526
2025-08-06T14:52:02,12.0682,12.0682,12.0682,12.0682,275.6842
2025-08-06T14:52:03,12.0631,12.0631,12.0631,12.0631,15.6316
2025-08-06T14:52:05,12.1296,12.1296,12.1296,12.1296,10.5263
2025-08-06T14:52:06,12.0764,12.0764,12.0764,12.0764,13.3158
2025-08-06T14:52:07,12.0783,12.0783,12.0783,12.0783,20.9474
2025-08-06T14:52:08,12.0764,12.0783,12.0764,12.0764,52.6316
2025-08-06T14:52:09,12.0726,12.0726,12.0726,12.0726,158.4737
2025-08-06T14:52:10,12.0859,12.0859,12.0859,12.0859,25.0526
2025-08-06T14:52:12,12.0726,12.0745,12.0555,12.0555,300.0
2025-08-06T14:52:13,12.0441,12.0441,11.9909,11.9909,436.8421
2025-08-06T14:52:14,12.0118,12.0118,12.0118,12.0118,29.7368
2025-08-06T14:52:15,11.9909,11.9909,11.9909,11.9909,5.3158
2025-08-06T14:52:16,11.989,12.0384,11.989,12.0384,48.5263
2025-08-06T14:52:18,12.0004,12.0004,12.0004,12.0004,23.8421
2025-08-06T14:52:20,12.0118,12.0536,12.0118,12.0118,998.6316
2025-08-06T14:52:21,12.0764,12.0783,12.0764,12.0783,10.6316
2025-08-06T14:52:22,12.0479,12.0479,11.9738,11.9738,790.8947
2025-08-06T14:52:27,12.0498,12.0498,12.0498,12.0498,318.0
2025-08-06T14:52:28,12.0118,12.0118,11.9738,11.9738,506.1579
2025-08-06T14:52:31,11.9738,11.9928,11.9738,11.9928,514.1053
2025-08-06T14:52:34,11.9757,11.9757,11.9757,11.9757,109.1053
2025-08-06T14:52:35,11.989,11.989,11.9738,11.9738,277.4737
2025-08-06T14:52:36,11.9833,11.989,11.9833,11.989,31.5789
2025-08-06T14:52:37,11.9738,11.9833,11.9738,11.9833,312.8947
2025-08-06T14:52:38,11.9738,11.9738,11.9738,11.9738,5.3158
2025-08-06T14:52:39,11.9738,11.9738,11.9738,11.9738,12.8947
2025-08-06T14:52:40,11.9919,11.9928,11.9919,11.9928,240.9474
2025-08-06T14:52:41,11.9757,11.9757,11.9757,11.9757,93.1579
2025-08-06T14:52:42,11.9871,11.9871,11.9871,11.9871,8.0526
2025-08-06T14:52:43,11.9833,11.9833,11.9833,11.9833,61.0526
2025-08-06T14:52:44,11.9871,11.9871,11.9871,11.9871,5.9474
2025-08-06T14:52:46,11.9871,11.989,11.9738,11.989,1566.5263
2025-08-06T14:52:50,11.9738,11.9738,11.9738,11.9738,17.5263
2025-08-06T14:52:52,11.9776,11.9776,11.9776,11.9776,10.4737
2025-08-06T14:52:54,11.9757,11.9757,11.9757,11.9757,23.4211
2025-08-06T14:52:56,11.9738,11.9738,11.9738,11.9738,302.7368
2025-08-06T14:52:57,11.9776,11.9814,11.9738,11.9738,147.7368
2025-08-06T14:52:59,11.9738,11.9738,11.9738,11.9738,36.8421
2025-08-06T14:53:00,11.974,11.974,11.9738,11.9738,930.5789
2025-08-06T14:53:01,11.9738,11.9738,11.9738,11.9738,226.3158
2025-08-06T14:53:02,11.9738,11.9757,11.9738,11.9757,161.5789
2025-08-06T14:53:03,11.9738,11.9738,11.9738,11.9738,44.6842
2025-08-06T14:53:04,11.9757,11.9757,11.9738,11.9738,536.8421
2025-08-06T14:53:05,11.9776,11.9928,11.9757,11.9928,477.4737
2025-08-06T14:53:06,12.0232,12.0536,11.9928,12.0536,84.9474
2025-08-06T14:53:07,11.9909,12.0707,11.9909,12.0365,126.0
2025-08-06T14:53:09,12.0365,12.0365,12.0365,12.0365,8.4737
2025-08-06T14:53:11,12.046,12.0631,12.046,12.0631,57.3158
2025-08-06T14:53:12,12.0365,12.0517,12.0365,12.0517,23.8947
2025-08-06T14:53:13,12.065,12.065,12.065,12.065,78.9474
2025-08-06T14:53:14,12.065,12.065,12.065,12.065,12.3684
2025-08-06T14:53:16,12.065,12.065,12.0631,12.0645,94.7368
2025-08-06T14:53:18,12.0631,12.0631,12.0631,12.0631,10.3684
2025-08-06T14:53:19,12.065,12.065,12.065,12.065,20.5263
2025-08-06T14:53:21,12.0688,12.0688,12.065,12.065,151.3158
2025-08-06T14:53:22,12.0764,12.0821,12.0764,12.0821,29.2105
2025-08-06T14:53:24,12.0688,12.0688,12.0688,12.0688,11.4737
2025-08-06T14:53:26,12.0688,12.0688,12.0688,12.0688,52.6316
2025-08-06T14:53:30,12.0745,12.0745,12.0745,12.0745,10.8947
2025-08-06T14:53:32,12.103,12.103,12.103,12.103,26.1579
2025-08-06T14:53:34,12.0745,12.0745,12.0745,12.0745,9.4211
2025-08-06T14:53:38,12.0745,12.0745,12.0745,12.0745,22.6316
2025-08-06T14:53:39,12.0783,12.0783,12.0783,12.0783,67.5263
2025-08-06T14:53:40,12.1296,12.1296,12.1296,12.1296,6.8947
2025-08-06T14:53:41,12.1296,12.1296,12.1296,12.1296,5.2632
2025-08-06T14:53:42,12.1296,12.1296,12.1296,12.1296,35.7368
2025-08-06T14:53:43,12.0878,12.0878,12.0878,12.0878,18.5263
2025-08-06T14:53:44,12.1258,12.1258,12.1258,12.1258,106.4737
2025-08-06T14:53:46,12.1239,12.1239,12.1125,12.1125,214.6842
2025-08-06T14:53:52,12.122,12.122,12.1125,12.1125,96.1579
2025-08-06T14:53:53,12.1258,12.2151,12.1258,12.2151,3556.4211
2025-08-06T14:53:56,12.1448,12.1448,12.1448,12.1448,10.1053
2025-08-06T14:53:57,12.1467,12.1467,12.1467,12.1467,6.8421
2025-08-06T14:54:03,12.1581,12.1581,12.1581,12.1581,7.8947
2025-08-06T14:54:04,12.1505,12.1505,12.1505,12.1505,42.1053
2025-08-06T14:54:06,12.1581,12.1581,12.1581,12.1581,65.5263
2025-08-06T14:54:09,12.1505,12.1581,12.1505,12.1543,339.5789
2025-08-06T14:54:11,12.1505,12.1505,12.1505,12.1505,19.3158
2025-08-06T14:54:12,12.1562,12.1581,12.1562,12.1581,24.5789
2025-08-06T14:54:13,12.1553,12.1553,12.1505,12.1505,278.8421
2025-08-06T14:54:15,12.1581,12.1581,12.1505,12.1505,81.9474
2025-08-06T14:54:17,12.1505,12.1505,12.1505,12.1505,46.2105
2025-08-06T14:54:19,12.1505,12.1505,12.1505,12.1505,215.7895
2025-08-06T14:54:20,12.1505,12.1524,12.1296,12.1296,425.5263
2025-08-06T14:54:21,12.1505,12.1505,12.1505,12.1505,21.0526
2025-08-06T14:54:22,12.1315,12.1505,12.1296,12.1505,338.4211
2025-08-06T14:54:27,12.1372,12.1372,12.1372,12.1372,19.4737
2025-08-06T14:54:32,12.1296,12.1296,12.1296,12.1296,12.3684
2025-08-06T14:54:34,12.1296,12.1296,12.1296,12.1296,5.2632
2025-08-06T14:54:35,12.1353,12.1353,12.1239,12.1239,58.0
2025-08-06T14:54:37,12.122,12.122,12.1125,12.1125,131.5789
2025-08-06T14:54:40,12.1144,12.1144,12.0878,12.0878,21.3684
2025-08-06T14:54:41,12.1106,12.1106,12.1106,12.1106,10.8947
2025-08-06T14:54:42,12.1106,12.1106,12.1106,12.1106,13.6316
2025-08-06T14:54:43,12.1106,12.1106,12.1106,12.1106,5.4211
2025-08-06T14:54:44,12.0878,12.0878,12.0878,12.0878,15.7895
2025-08-06T14:54:47,12.0992,12.0992,12.0878,12.0878,411.4737
2025-08-06T14:54:48,12.0878,12.1011,12.0878,12.0954,57.8947
2025-08-06T14:54:50,12.0878,12.0878,12.0878,12.0878,22.5789
2025-08-06T14:54:51,12.0897,12.0897,12.0897,12.0897,14.8421
2025-08-06T14:54:55,12.0897,12.0897,12.0878,12.0897,37.1053
2025-08-06T14:54:57,12.0878,12.0897,12.0878,12.0897,121.2632
2025-08-06T14:54:59,12.0897,12.0897,12.065,12.065,170.9474
2025-08-06T14:55:00,12.0859,12.0859,12.0754,12.0754,24.0526
2025-08-06T14:55:01,12.0669,12.0859,12.065,12.065,219.6316
2025-08-06T14:55:04,12.0764,12.0764,12.0764,12.0764,13.1579
2025-08-06T14:55:07,12.0764,12.0764,12.0764,12.0764,23.8947
2025-08-06T14:55:08,12.0754,12.0754,12.0754,12.0754,57.8947
2025-08-06T14:55:10,12.065,12.065,12.065,12.065,39.3158
2025-08-06T14:55:13,12.0764,12.0764,12.0764,12.0764,16.3158
2025-08-06T14:55:15,12.0669,12.0669,12.065,12.065,80.4211
2025-08-06T14:55:16,12.0669,12.0669,12.0669,12.0669,21.7368
2025-08-06T14:55:19,12.0707,12.0707,12.0707,12.0707,15.8421
2025-08-06T14:55:20,12.0669,12.0707,12.065,12.0707,50.2105
2025-08-06T14:55:24,12.0707,12.0707,12.0707,12.0707,26.3158
2025-08-06T14:55:25,12.0669,12.0669,12.0669,12.0669,52.8947
2025-08-06T14:55:27,12.0688,12.0688,12.0688,12.0688,526.3158
2025-08-06T14:55:30,12.0679,12.0679,12.065,12.065,155.1053
2025-08-06T14:55:32,12.0707,12.0707,12.0707,12.0707,6.5789
2025-08-06T14:55:35,12.0679,12.0679,12.0679,12.0679,52.6316
2025-08-06T14:55:36,12.0707,12.0707,12.0707,12.0707,7.7895
2025-08-06T14:55:37,12.0669,12.0669,12.0669,12.0669,16.0
2025-08-06T14:55:38,12.0707,12.0954,12.0707,12.0954,637.0
2025-08-06T14:55:39,12.0954,12.0954,12.0707,12.0935,143.1579
2025-08-06T14:55:40,12.0835,12.0954,12.0669,12.0954,1280.6842
2025-08-06T14:55:41,12.0954,12.0954,12.0954,12.0954,5.2632
2025-08-06T14:55:42,12.0954,12.0954,12.084,12.0954,62.8947
2025-08-06T14:55:43,12.0954,12.0954,12.0935,12.0935,57.8947
2025-08-06T14:55:44,12.0954,12.0954,12.0954,12.0954,5.2632
2025-08-06T14:55:45,12.0859,12.1106,12.0859,12.1106,99.0
2025-08-06T14:55:46,12.0935,12.1144,12.0859,12.1144,165.3684
2025-08-06T14:55:47,12.1087,12.122,12.1087,12.122,532.3684
2025-08-06T14:55:48,12.1201,12.1467,12.1201,12.122,396.2105
2025-08-06T14:55:50,12.1581,12.1581,12.1581,12.1581,8.7895
2025-08-06T14:55:51,12.1268,12.1268,12.1268,12.1268,105.2632
2025-08-06T14:55:52,12.1562,12.1562,12.1562,12.1562,52.6316
2025-08-06T14:55:58,12.1562,12.1562,12.1562,12.1562,12.2632
2025-08-06T14:55:59,12.0992,12.0992,12.0992,12.0992,17.8947
2025-08-06T14:56:00,12.1543,12.1543,12.1543,12.1543,11.4211
2025-08-06T14:56:01,12.0992,12.1562,12.0992,12.1562,63.5263
2025-08-06T14:56:05,12.1277,12.1277,12.1258,12.1258,35.0526
2025-08-06T14:56:06,12.1277,12.1277,12.1277,12.1277,7.3684
2025-08-06T14:56:08,12.1277,12.1277,12.1277,12.1277,41.7368
2025-08-06T14:56:09,12.1543,12.1543,12.1543,12.1543,1326.5263
2025-08-06T14:56:13,12.1239,12.1239,12.1239,12.1239,11.0526
2025-08-06T14:56:14,12.1277,12.1277,12.1277,12.1277,55.4211
2025-08-06T14:56:15,12.1382,12.3329,12.1382,12.2588,1942.3158
2025-08-06T14:56:16,12.2588,12.2588,12.2588,12.2588,274.5789
2025-08-06T14:56:17,12.2588,12.2588,12.2588,12.2588,13.8947
2025-08-06T14:56:18,12.2949,12.2949,12.2569,12.2569,148.5789
2025-08-06T14:56:20,12.2569,12.2569,12.2569,12.2569,79.2632
2025-08-06T14:56:27,12.1372,12.1372,12.1372,12.1372,7.5789
2025-08-06T14:56:31,12.1429,12.255,12.1429,12.2531,810.5263
2025-08-06T14:56:34,12.2265,12.2265,12.2265,12.2265,11.1053
2025-08-06T14:56:36,12.2417,12.2417,12.2417,12.2417,15.7895
2025-08-06T14:56:39,12.2208,12.2208,12.2208,12.2208,10.0
2025-08-06T14:56:41,12.1999,12.2417,12.1999,12.2417,20.1579
2025-08-06T14:56:47,12.2265,12.2265,12.2265,12.2265,14.0
2025-08-06T14:56:49,12.2436,12.2436,12.2436,12.2436,5.2632
2025-08-06T14:56:50,12.2436,12.2436,12.2417,12.2417,98.1053
2025-08-06T14:56:51,12.2436,12.2436,12.2436,12.2436,23.0526
2025-08-06T14:56:52,12.2436,12.2436,12.2436,12.2436,33.8947
2025-08-06T14:56:53,12.2436,12.2436,12.2436,12.2436,7.3684
2025-08-06T14:56:54,12.2417,12.2436,12.1011,12.1049,2700.0
2025-08-06T14:56:55,12.1676,12.1676,12.1676,12.1676,131.5789
2025-08-06T14:56:57,12.1752,12.1752,12.1752,12.1752,16.8421
2025-08-06T14:56:58,12.1714,12.1714,12.1714,12.1714,9.7895
2025-08-06T14:57:01,12.1752,12.1752,12.1752,12.1752,5.2632
2025-08-06T14:57:03,12.1676,12.1752,12.1676,12.1752,26.3158
2025-08-06T14:57:07,12.1752,12.1752,12.1752,12.1752,374.1053
2025-08-06T14:57:09,12.2084,12.2084,12.1752,12.1752,158.1053
2025-08-06T14:57:10,12.1714,12.1714,12.1714,12.1714,5.2632
2025-08-06T14:57:12,12.198,12.198,12.198,12.198,5.2632
2025-08-06T14:57:14,12.2208,12.2208,12.2208,12.2208,33.1579
2025-08-06T14:57:16,12.1933,12.1933,12.1933,12.1933,31.3158
2025-08-06T14:57:19,12.1752,12.1752,12.1752,12.1752,5.2632
2025-08-06T14:57:21,12.198,12.198,12.1752,12.1752,134.2105
2025-08-06T14:57:23,12.1752,12.1752,12.1752,12.1752,16.4211
2025-08-06T14:57:24,12.198,12.198,12.198,12.198,52.6316
2025-08-06T14:57:25,12.1809,12.1809,12.1809,12.1809,15.6316
2025-08-06T14:57:27,12.1866,12.1866,12.1866,12.1866,161.5789
2025-08-06T14:57:28,12.198,12.198,12.198,12.198,265.5789
2025-08-06T14:57:33,12.1961,12.1961,12.1961,12.1961,10.5263
2025-08-06T14:57:35,12.198,12.198,12.198,12.198,33.7368
2025-08-06T14:57:39,12.198,12.2968,12.198,12.2968,800.7368
2025-08-06T14:57:42,12.2455,12.312,12.2455,12.312,333.0
2025-08-06T14:57:45,12.331,12.331,12.331,12.331,105.6316
2025-08-06T14:57:47,12.3291,12.3291,12.3291,12.3291,15.6842
2025-08-06T14:57:48,12.3139,12.3139,12.2968,12.2968,277.0
2025-08-06T14:57:52,12.3139,12.3139,12.3139,12.3139,10.5263
2025-08-06T14:57:54,12.3272,12.3272,12.2987,12.2987,75.7368
2025-08-06T14:57:57,12.3291,12.3329,12.3291,12.3329,178.8421
2025-08-06T14:57:58,12.3481,12.3481,12.3481,12.3481,5.2632
2025-08-06T14:57:59,12.3329,12.3329,12.3329,12.3329,10.5263
2025-08-06T14:58:00,12.3481,12.3481,12.3481,12.3481,5.2632
2025-08-06T14:58:04,12.3405,12.3481,12.3329,12.3481,186.5789
2025-08-06T14:58:05,12.3481,12.5381,12.3481,12.4944,2041.4211
2025-08-06T14:58:06,12.4488,12.5381,12.4488,12.5381,405.2632
2025-08-06T14:58:08,12.4934,12.5381,12.4934,12.5381,1350.2105
2025-08-06T14:58:09,12.4935,12.4963,12.4488,12.4935,1900.7895
2025-08-06T14:58:10,12.5381,12.5381,12.4925,12.4925,81.7895
2025-08-06T14:58:11,12.5153,12.5381,12.4944,12.5381,218.6316
2025-08-06T14:58:12,12.5362,12.5381,12.5362,12.5381,301.2632
2025-08-06T14:58:13,12.5362,12.54,12.4488,12.4488,2203.1053
2025-08-06T14:58:14,12.54,12.54,12.5381,12.5381,45.4737
2025-08-06T14:58:15,12.5381,12.54,12.4944,12.54,2203.5789
2025-08-06T14:58:16,12.5381,12.5381,12.5362,12.5362,146.4211
2025-08-06T14:58:17,12.5381,12.5381,12.5381,12.5381,81.7368
2025-08-06T14:58:18,12.5381,12.559,12.5381,12.5495,518.6842
2025-08-06T14:58:19,12.5552,12.5647,12.5495,12.5495,176.4737
2025-08-06T14:58:20,12.5571,12.5571,12.5571,12.5571,19.9474
2025-08-06T14:58:21,12.5533,12.5552,12.5533,12.5533,132.3158
2025-08-06T14:58:22,12.5552,12.5571,12.5552,12.5571,103.4737
2025-08-06T14:58:23,12.5552,12.5571,12.5476,12.5571,193.3158
2025-08-06T14:58:24,12.5552,12.5799,12.5552,12.5771,820.0
2025-08-06T14:58:25,12.5569,12.5799,12.5569,12.578,376.1579
2025-08-06T14:58:26,12.5761,12.5761,12.5742,12.5742,57.8947
2025-08-06T14:58:28,12.5742,12.5761,12.5742,12.5742,254.9474
2025-08-06T14:58:29,12.5761,12.5761,12.5761,12.5761,52.6316
2025-08-06T14:58:30,12.5742,12.5799,12.5742,12.5761,195.2632
2025-08-06T14:58:31,12.5837,12.5932,12.5837,12.5913,166.6316
2025-08-06T14:58:32,12.5932,12.6616,12.5514,12.6122,1653.3684
2025-08-06T14:58:33,12.6065,12.6597,12.5647,12.6255,2519.9474
2025-08-06T14:58:34,12.6445,12.6616,12.6445,12.6616,26.3158
2025-08-06T14:58:35,12.6445,12.6521,12.5818,12.5818,809.7368
2025-08-06T14:58:36,12.654,12.654,12.654,12.654,6.5789
2025-08-06T14:58:37,12.654,12.654,12.5818,12.5837,473.5789
2025-08-06T14:58:38,12.5837,12.6616,12.5837,12.6274,243.6842
2025-08-06T14:58:39,12.6255,12.6255,12.6255,12.6255,30.4211
2025-08-06T14:58:40,12.6274,12.6274,12.6274,12.6274,19.4737
2025-08-06T14:58:41,12.6255,12.6255,12.3329,12.3861,1758.4737
2025-08-06T14:58:42,12.4089,12.6046,12.3947,12.3947,227.3158
2025-08-06T14:58:43,12.6027,12.6213,12.3823,12.3823,593.8947
2025-08-06T14:58:44,12.5647,12.5647,12.4678,12.4678,16.4211
2025-08-06T14:58:46,12.4355,12.4849,12.4355,12.4849,43.0526
2025-08-06T14:58:47,12.5248,12.5267,12.4982,12.5267,423.1579
2025-08-06T14:58:49,12.5248,12.5248,12.5248,12.5248,52.5789
2025-08-06T14:58:50,12.5248,12.5267,12.5248,12.5267,86.7368
2025-08-06T14:58:51,12.5343,12.5362,12.5248,12.5249,29.4737
2025-08-06T14:58:52,12.5343,12.6635,12.5343,12.6635,1504.7368
2025-08-06T14:58:53,12.6227,12.6711,12.6227,12.6711,116.8421
2025-08-06T14:58:54,12.6711,12.6711,12.6312,12.6521,474.0526
2025-08-06T14:58:55,12.6521,12.6521,12.6312,12.6483,881.7895
2025-08-06T14:58:56,12.6559,12.6559,12.6559,12.6559,13.8421
2025-08-06T14:58:57,12.6407,12.6426,12.6407,12.6426,794.7368
2025-08-06T14:58:58,12.6502,12.6502,12.6407,12.6407,173.7368
2025-08-06T14:59:00,12.6407,12.6445,12.616,12.6274,813.7368
2025-08-06T14:59:01,12.6236,12.6236,12.6236,12.6236,790.3158
2025-08-06T14:59:02,12.6103,12.6369,12.6103,12.6369,23.5789
2025-08-06T14:59:03,12.6331,12.6331,12.5932,12.5932,691.5789
2025-08-06T14:59:04,12.5951,12.5951,12.5932,12.5932,643.4211
2025-08-06T14:59:05,12.5932,12.5932,12.5932,12.5932,8.9474
2025-08-06T14:59:06,12.5951,12.5951,12.5951,12.5951,7.4737
2025-08-06T14:59:08,12.5951,12.6103,12.5951,12.6084,707.7368
2025-08-06T14:59:09,12.5932,12.6103,12.5837,12.597,592.8421
2025-08-06T14:59:10,12.597,12.597,12.597,12.597,12.0
2025-08-06T14:59:11,12.597,12.597,12.5438,12.5571,168.1579
2025-08-06T14:59:16,12.5571,12.5571,12.5248,12.5248,709.1053
2025-08-06T14:59:18,12.5552,12.5552,12.5267,12.5552,247.3684
2025-08-06T14:59:19,12.5552,12.5552,12.5248,12.5343,358.6842
2025-08-06T14:59:21,12.5533,12.5533,12.5533,12.5533,26.3158
2025-08-06T14:59:22,12.5533,12.5533,12.5533,12.5533,31.5789
2025-08-06T14:59:23,12.5533,12.5533,12.5172,12.5495,368.8421
2025-08-06T14:59:24,12.5248,12.5248,12.5248,12.5248,50.0526
2025-08-06T14:59:26,12.5533,12.5533,12.5533,12.5533,10.5263
2025-08-06T14:59:28,12.5438,12.5533,12.5172,12.5495,150.1053
2025-08-06T14:59:31,12.5543,12.5543,12.5543,12.5543,14.7895
2025-08-06T14:59:32,12.5495,12.5495,12.54,12.54,149.9474
2025-08-06T14:59:34,12.5552,12.5571,12.5552,12.5571,10.5789
2025-08-06T14:59:35,12.5571,12.5571,12.5571,12.5571,10.5263
2025-08-06T14:59:36,12.559,12.559,12.559,12.559,18.5789
2025-08-06T14:59:37,12.5533,12.5533,12.5533,12.5533,47.3684
2025-08-06T14:59:38,12.5533,12.5552,12.54,12.5552,172.5789
2025-08-06T14:59:41,12.5723,12.5723,12.54,12.5419,226.8947
2025-08-06T14:59:42,12.5452,12.5657,12.5438,12.5657,45.4211
2025-08-06T14:59:43,12.5571,12.5571,12.5419,12.5514,485.2105
2025-08-06T14:59:44,12.5552,12.5552,12.5419,12.5419,165.0
2025-08-06T14:59:45,12.5476,12.5476,12.5476,12.5476,24.7368
2025-08-06T14:59:46,12.54,12.54,12.54,12.54,5.2632
2025-08-06T14:59:51,12.5457,12.5457,12.5419,12.5419,34.2105
2025-08-06T14:59:52,12.54,12.54,12.54,12.54,7.8947
2025-08-06T14:59:53,12.5495,12.5495,12.5495,12.5495,68.3158
2025-08-06T14:59:54,12.5514,12.5514,12.5514,12.5514,26.3158
2025-08-06T14:59:57,12.5457,12.5514,12.5457,12.5514,178.8421
2025-08-06T15:00:00,12.5514,12.5533,12.5514,12.5533,28.7895
2025-08-06T15:00:01,12.5571,12.5932,12.5571,12.5628,785.7895
2025-08-06T15:00:04,12.578,12.578,12.578,12.578,52.6316
2025-08-06T15:00:06,12.5856,12.5856,12.5856,12.5856,269.5789
2025-08-06T15:00:07,12.5856,12.5856,12.5856,12.5856,16.4737
2025-08-06T15:00:08,12.5932,12.5932,12.5818,12.5818,199.5263
2025-08-06T15:00:09,12.5932,12.5932,12.5932,12.5932,15.8421
2025-08-06T15:00:10,12.5932,12.5932,12.5932,12.5932,26.5789
2025-08-06T15:00:11,12.5875,12.5875,12.5875,12.5875,13.4737
2025-08-06T15:00:12,12.5932,12.5932,12.5932,12.5932,50.1053
2025-08-06T15:00:13,12.5932,12.5932,12.5913,12.5932,556.5789
2025-08-06T15:00:14,12.5932,12.5932,12.5932,12.5932,36.1579
2025-08-06T15:00:15,12.5913,12.5932,12.5913,12.5932,64.3158
2025-08-06T15:00:17,12.5932,12.5932,12.5932,12.5932,10.7895
2025-08-06T15:00:19,12.5913,12.5913,12.5913,12.5913,21.0526
2025-08-06T15:00:20,12.5913,12.5913,12.5799,12.5799,221.6842
2025-08-06T15:00:21,12.5799,12.5856,12.5419,12.5419,927.7895
2025-08-06T15:00:22,12.5761,12.5761,12.559,12.559,45.1053
2025-08-06T15:00:23,12.5742,12.5742,12.5742,12.5742,348.5263
2025-08-06T15:00:26,12.5742,12.5742,12.5742,12.5742,15.7368
2025-08-06T15:00:29,12.5752,12.5752,12.5752,12.5752,107.8947
2025-08-06T15:00:30,12.5752,12.5752,12.5742,12.5742,43.6842
2025-08-06T15:00:31,12.5761,12.5761,12.5752,12.5752,15.1579
2025-08-06T15:00:32,12.5761,12.5761,12.5752,12.5752,83.4211
2025-08-06T15:00:33,12.5742,12.5742,12.5742,12.5742,57.7895
2025-08-06T15:00:34,12.5742,12.5742,12.5742,12.5742,158.4737
2025-08-06T15:00:35,12.5761,12.5761,12.5742,12.5742,415.0526
2025-08-06T15:00:37,12.5742,12.5742,12.5742,12.5742,81.5789
2025-08-06T15:00:38,12.5752,12.5752,12.5752,12.5752,30.7895
2025-08-06T15:00:40,12.5742,12.5742,12.5742,12.5742,6.4211
2025-08-06T15:00:41,12.5742,12.5742,12.5419,12.5419,252.7895
2025-08-06T15:00:45,12.54,12.54,12.4545,12.5381,618.5789
2025-08-06T15:00:46,12.5381,12.5381,12.4507,12.4526,49.1579
2025-08-06T15:00:47,12.4887,12.4887,12.4887,12.4887,8.1053
2025-08-06T15:00:48,12.4887,12.4887,12.4887,12.4887,15.5789
2025-08-06T15:00:49,12.4697,12.4697,12.388,12.3994,1195.2632
2025-08-06T15:00:53,12.3956,12.3956,12.3956,12.3956,5.2632
2025-08-06T15:00:54,12.3956,12.4298,12.3956,12.4203,137.5263
2025-08-06T15:00:55,12.4906,12.4906,12.4906,12.4906,10.5789
2025-08-06T15:00:56,12.4564,12.4564,12.4564,12.4564,5.7895
2025-08-06T15:00:57,12.4716,12.4716,12.4716,12.4716,44.3158
2025-08-06T15:00:58,12.4868,12.4868,12.4868,12.4868,15.2632
2025-08-06T15:01:00,12.4564,12.4564,12.4564,12.4564,5.7895
2025-08-06T15:01:01,12.4564,12.4564,12.4564,12.4564,5.2632
2025-08-06T15:01:03,12.4583,12.4583,12.4564,12.4564,71.8947
2025-08-06T15:01:04,12.4583,12.4583,12.4583,12.4583,6.4737
2025-08-06T15:01:08,12.4583,12.4583,12.4583,12.4583,34.4211
2025-08-06T15:01:11,12.4564,12.4583,12.4564,12.4583,41.9474
2025-08-06T15:01:12,12.4574,12.4574,12.4574,12.4574,121.2105
2025-08-06T15:01:14,12.4564,12.4564,12.4564,12.4564,26.3158
2025-08-06T15:01:15,12.4564,12.4564,12.4564,12.4564,5.4211
2025-08-06T15:01:17,12.4564,12.4564,12.4564,12.4564,32.1053
2025-08-06T15:01:18,12.4554,12.4564,12.388,12.4203,1960.1053
2025-08-06T15:01:19,12.4203,12.4203,12.4203,12.4203,110.4211
2025-08-06T15:01:20,12.4222,12.4583,12.4222,12.4583,118.3684
2025-08-06T15:01:21,12.4374,12.4393,12.4374,12.4393,31.4211
2025-08-06T15:01:22,12.4374,12.4374,12.4374,12.4374,5.2632
2025-08-06T15:01:24,12.4184,12.4184,12.4184,12.4184,201.0526
2025-08-06T15:01:26,12.4336,12.4336,12.4336,12.4336,79.3684
2025-08-06T15:01:30,12.4317,12.4317,12.4317,12.4317,11.4737
2025-08-06T15:01:31,12.4203,12.4203,12.4203,12.4203,32.1053
2025-08-06T15:01:32,12.4184,12.4203,12.4184,12.4203,132.0
2025-08-06T15:01:33,12.4165,12.4184,12.4165,12.4184,57.8947
2025-08-06T15:01:34,12.4203,12.4203,12.4203,12.4203,5.2632
2025-08-06T15:01:35,12.4203,12.4203,12.4203,12.4203,5.8421
2025-08-06T15:01:36,12.4203,12.4583,12.4203,12.4583,549.7368
2025-08-06T15:01:37,12.4545,12.4887,12.4545,12.4887,147.2105
2025-08-06T15:01:38,12.4602,12.4602,12.4602,12.4602,55.7368
2025-08-06T15:01:39,12.483,12.483,12.483,12.483,127.7895
2025-08-06T15:01:40,12.5039,12.5058,12.483,12.483,791.4737
2025-08-06T15:01:41,12.5058,12.5362,12.483,12.483,161.5789
2025-08-06T15:01:42,12.5362,12.5381,12.5362,12.5362,124.6316
2025-08-06T15:01:47,12.4849,12.4849,12.4849,12.4849,10.5263
2025-08-06T15:01:50,12.502,12.502,12.502,12.502,210.5263
2025-08-06T15:01:51,12.4849,12.4849,12.4849,12.4849,35.2105
2025-08-06T15:01:55,12.502,12.502,12.502,12.502,6.5263
2025-08-06T15:02:08,12.5153,12.5267,12.5153,12.521,415.4211
2025-08-06T15:02:09,12.5153,12.5153,12.5153,12.5153,21.0526
2025-08-06T15:02:10,12.5153,12.5229,12.5153,12.5153,67.0
2025-08-06T15:02:11,12.5229,12.5229,12.5229,12.5229,32.7368
2025-08-06T15:02:12,12.5267,12.5305,12.5267,12.5305,26.9474
2025-08-06T15:02:16,12.5305,12.5305,12.5305,12.5305,22.7368
2025-08-06T15:02:17,12.5305,12.5305,12.5305,12.5305,12.0526
2025-08-06T15:02:19,12.5305,12.5324,12.5305,12.5324,339.1579
2025-08-06T15:02:20,12.5315,12.5315,12.5229,12.5229,623.2632
2025-08-06T15:02:21,12.5248,12.5286,12.5248,12.5286,469.2632
2025-08-06T15:02:22,12.5305,12.5362,12.521,12.5362,1457.0526
2025-08-06T15:02:23,12.5343,12.5343,12.5324,12.5324,648.3684
2025-08-06T15:02:25,12.5327,12.5362,12.5327,12.5343,118.9474
2025-08-06T15:02:26,12.5324,12.5324,12.5324,12.5324,48.4211
2025-08-06T15:02:28,12.5229,12.5229,12.5229,12.5229,48.0
2025-08-06T15:02:29,12.5248,12.5248,12.5248,12.5248,17.6842
2025-08-06T15:02:30,12.5286,12.5286,12.5286,12.5286,33.4737
2025-08-06T15:02:31,12.5343,12.5343,12.5343,12.5343,10.5263
2025-08-06T15:02:32,12.5324,12.5343,12.5324,12.5343,222.2105
2025-08-06T15:02:33,12.5362,12.5362,12.5343,12.5343,100.0
2025-08-06T15:02:34,12.5343,12.5343,12.5343,12.5343,40.0526
2025-08-06T15:02:36,12.5286,12.5286,12.4545,12.4545,1404.6316
2025-08-06T15:02:37,12.5001,12.5001,12.4849,12.4849,447.4737
2025-08-06T15:02:39,12.4849,12.4849,12.4849,12.4849,5.2632
2025-08-06T15:02:46,12.4906,12.4906,12.4906,12.4906,12.1053
2025-08-06T15:02:47,12.5011,12.5011,12.4925,12.4925,32.5263
2025-08-06T15:02:50,12.4849,12.4849,12.4849,12.4849,5.2632
2025-08-06T15:02:52,12.5039,12.5039,12.5039,12.5039,5.2632
2025-08-06T15:02:53,12.5039,12.5115,12.4906,12.4906,48.6842
2025-08-06T15:02:54,12.4906,12.4982,12.4906,12.4982,73.6842
2025-08-06T15:02:55,12.4906,12.4906,12.4906,12.4906,19.3158
2025-08-06T15:02:56,12.4925,12.4925,12.4925,12.4925,7.3158
2025-08-06T15:02:58,12.4906,12.502,12.4849,12.502,125.2632
2025-08-06T15:02:59,12.4849,12.4849,12.4849,12.4849,54.8947
2025-08-06T15:03:01,12.4849,12.4849,12.4849,12.4849,12.4211
2025-08-06T15:03:02,12.4887,12.4887,12.4887,12.4887,26.3158
2025-08-06T15:03:04,12.4868,12.4868,12.4868,12.4868,10.5263
2025-08-06T15:03:05,12.4906,12.4906,12.4868,12.4868,35.7895
2025-08-06T15:03:06,12.4887,12.4887,12.4887,12.4887,16.4211
2025-08-06T15:03:07,12.4887,12.4887,12.4887,12.4887,10.5263
2025-08-06T15:03:08,12.4868,12.4868,12.4849,12.4849,29.0
2025-08-06T15:03:10,12.4868,12.4868,12.4849,12.4849,98.3158
2025-08-06T15:03:14,12.4849,12.4849,12.4849,12.4849,16.5263
2025-08-06T15:03:15,12.4849,12.4849,12.4431,12.4431,1457.7895
2025-08-06T15:03:16,12.4412,12.4414,12.4412,12.4414,601.0526
2025-08-06T15:03:20,12.4412,12.4412,12.4412,12.4412,66.3684
2025-08-06T15:03:21,12.4374,12.4374,12.4374,12.4374,13.1579
2025-08-06T15:03:22,12.427,12.427,12.427,12.427,44.8421
2025-08-06T15:03:23,12.4165,12.4165,12.4165,12.4165,12.4737
2025-08-06T15:03:27,12.4279,12.4298,12.407,12.407,671.2632
2025-08-06T15:03:28,12.4146,12.4146,12.4146,12.4146,7.0
2025-08-06T15:03:29,12.4146,12.4146,12.4146,12.4146,26.3158
2025-08-06T15:03:33,12.3937,12.3937,12.3937,12.3937,50.6316
2025-08-06T15:03:34,12.3918,12.3994,12.3899,12.3994,163.5263
2025-08-06T15:03:38,12.3994,12.3994,12.3994,12.3994,26.7368
2025-08-06T15:03:39,12.3918,12.3994,12.3918,12.3994,178.3684
2025-08-06T15:03:41,12.3918,12.3994,12.3899,12.3994,278.9474
2025-08-06T15:03:42,12.3994,12.445,12.3994,12.4374,739.3684
2025-08-06T15:03:43,12.4374,12.483,12.4374,12.483,227.8947
2025-08-06T15:03:44,12.4127,12.4127,12.4127,12.4127,163.5263
2025-08-06T15:03:45,12.4374,12.4374,12.4374,12.4374,147.4737
2025-08-06T15:03:47,12.4184,12.4184,12.4184,12.4184,5.8421
2025-08-06T15:03:49,12.4792,12.4792,12.4792,12.4792,11.2105
2025-08-06T15:03:52,12.4222,12.4222,12.4222,12.4222,46.5263
2025-08-06T15:03:55,12.4555,12.4555,12.4555,12.4555,18.4737
2025-08-06T15:03:56,12.4545,12.4545,12.4317,12.4317,70.6842
2025-08-06T15:03:57,12.4336,12.4792,12.4336,12.4792,1013.4737
2025-08-06T15:03:58,12.4431,12.4488,12.4431,12.4431,126.5263
2025-08-06T15:03:59,12.4602,12.4602,12.4602,12.4602,8.3684
2025-08-06T15:04:02,12.4554,12.4554,12.4554,12.4554,11.2105
2025-08-06T15:04:03,12.4412,12.4412,12.4412,12.4412,30.7368
2025-08-06T15:04:09,12.4507,12.4507,12.4507,12.4507,16.1053
2025-08-06T15:04:11,12.4507,12.4507,12.4507,12.4507,5.2632
2025-08-06T15:04:13,12.4336,12.4336,12.4336,12.4336,47.3684
2025-08-06T15:04:15,12.4336,12.4336,12.4336,12.4336,157.8947
2025-08-06T15:04:16,12.4317,12.4317,12.4184,12.4184,154.1579
2025-08-06T15:04:17,12.4184,12.4184,12.4184,12.4184,50.7895
2025-08-06T15:04:18,12.4108,12.4431,12.4013,12.4013,518.8421
2025-08-06T15:04:19,12.3994,12.3994,12.3994,12.3994,12.6316
2025-08-06T15:04:21,12.407,12.407,12.3956,12.3956,140.6842
2025-08-06T15:04:23,12.4412,12.4412,12.4412,12.4412,27.4737
2025-08-06T15:04:24,12.4032,12.4032,12.4013,12.4013,36.4737
2025-08-06T15:04:29,12.4032,12.4032,12.4032,12.4032,46.2105
2025-08-06T15:04:30,12.4032,12.4032,12.4032,12.4032,105.2632
2025-08-06T15:04:32,12.4032,12.4032,12.4032,12.4032,72.8947
2025-08-06T15:04:33,12.4222,12.4222,12.4222,12.4222,15.7895
2025-08-06T15:04:35,12.4051,12.4051,12.4051,12.4051,5.7895
2025-08-06T15:04:36,12.4051,12.4051,12.4051,12.4051,5.2632
2025-08-06T15:04:38,12.4013,12.4013,12.4013,12.4013,111.2105
2025-08-06T15:04:39,12.3956,12.4051,12.3918,12.4051,215.0
2025-08-06T15:04:40,12.4051,12.4103,12.4051,12.4103,627.8947
2025-08-06T15:04:42,12.3918,12.3918,12.3918,12.3918,1842.1053
2025-08-06T15:04:43,12.4222,12.4507,12.4222,12.4431,167.3684
2025-08-06T15:04:44,12.4507,12.4507,12.4203,12.4393,71.4211
2025-08-06T15:04:45,12.4602,12.5191,12.4583,12.5191,983.6316
2025-08-06T15:04:46,12.521,12.521,12.521,12.521,1927.0526
2025-08-06T15:04:47,12.4944,12.6616,12.4944,12.6616,3595.6316
2025-08-06T15:04:48,12.6359,12.6597,12.6359,12.6597,405.2632
2025-08-06T15:04:49,12.6122,12.6597,12.6122,12.6122,457.8947
2025-08-06T15:04:50,12.6502,12.6616,12.6502,12.6597,544.1053
2025-08-06T15:04:51,12.6103,12.6597,12.6103,12.6578,188.9474
2025-08-06T15:04:52,12.6122,12.6407,12.6122,12.6407,147.5263
2025-08-06T15:04:53,12.6122,12.6198,12.6103,12.6106,306.4737
2025-08-06T15:04:54,12.5942,12.6084,12.5942,12.6084,221.0526
2025-08-06T15:04:57,12.5818,12.5951,12.5818,12.5951,271.1579
2025-08-06T15:04:58,12.6084,12.6217,12.5875,12.6217,652.6316
2025-08-06T15:04:59,12.5818,12.5818,12.5818,12.5818,5.7368
2025-08-06T15:05:00,12.5846,12.6217,12.5846,12.6217,163.1579
2025-08-06T15:05:01,12.6008,12.6008,12.5818,12.5818,63.8947
2025-08-06T15:05:02,12.616,12.616,12.616,12.616,5.2632
2025-08-06T15:05:03,12.5913,12.5913,12.5343,12.578,275.4737
2025-08-06T15:05:05,12.5932,12.5932,12.5932,12.5932,52.9474
2025-08-06T15:05:07,12.5913,12.5913,12.5913,12.5913,83.6842
2025-08-06T15:05:08,12.5932,12.5932,12.5913,12.5913,89.3684
2025-08-06T15:05:09,12.5932,12.5932,12.5932,12.5932,25.4737
2025-08-06T15:05:10,12.5923,12.5923,12.5894,12.5894,158.5263
2025-08-06T15:05:12,12.5856,12.5856,12.5856,12.5856,403.3684
2025-08-06T15:05:13,12.5799,12.5799,12.5799,12.5799,105.6842
2025-08-06T15:05:14,12.5913,12.5913,12.5799,12.5856,58.5789
2025-08-06T15:05:15,12.5799,12.5818,12.578,12.5818,556.9474
2025-08-06T15:05:16,12.5533,12.5533,12.5514,12.5514,459.0
2025-08-06T15:05:17,12.5419,12.5723,12.54,12.5533,691.6842
2025-08-06T15:05:18,12.5799,12.5799,12.5799,12.5799,13.1579
2025-08-06T15:05:19,12.5875,12.5875,12.5875,12.5875,32.7368
2025-08-06T15:05:20,12.5856,12.5856,12.5856,12.5856,521.0526
2025-08-06T15:05:21,12.5856,12.5856,12.5856,12.5856,10.7895
2025-08-06T15:05:23,12.5875,12.5875,12.5828,12.5828,148.1579
2025-08-06T15:05:25,12.5799,12.5932,12.5799,12.5799,244.3684
2025-08-06T15:05:26,12.5799,12.5799,12.5799,12.5799,14.9474
2025-08-06T15:05:27,12.6008,12.6312,12.5989,12.6312,188.9474
2025-08-06T15:05:28,12.6331,12.6578,12.6122,12.6122,178.8421
2025-08-06T15:05:29,12.6521,12.711,12.6008,12.6008,2077.4211
2025-08-06T15:05:30,12.6426,12.7148,12.5989,12.6008,728.8947
2025-08-06T15:05:31,12.7148,12.7148,12.6407,12.6407,189.5263
2025-08-06T15:05:32,12.6266,12.6407,12.6046,12.6388,613.2632
2025-08-06T15:05:33,12.6388,12.6388,12.6388,12.6388,409.8947
2025-08-06T15:05:34,12.6388,12.6388,12.6293,12.6293,493.4211
2025-08-06T15:05:35,12.6293,12.6293,12.6293,12.6293,5.7368
2025-08-06T15:05:36,12.6312,12.6312,12.6312,12.6312,12.1579
2025-08-06T15:05:37,12.6369,12.6369,12.6369,12.6369,33.1579
2025-08-06T15:05:38,12.6388,12.6388,12.6341,12.6341,64.4737
2025-08-06T15:05:39,12.6388,12.6388,12.6369,12.6369,244.7895
2025-08-06T15:05:41,12.6388,12.6407,12.6388,12.6388,168.0526
2025-08-06T15:05:42,12.7034,12.7034,12.7034,12.7034,200.2105
2025-08-06T15:05:44,12.6445,12.6445,12.6445,12.6445,121.2105
2025-08-06T15:05:48,12.7053,12.7053,12.6578,12.6578,155.3684
2025-08-06T15:05:49,12.6768,12.6768,12.6768,12.6768,196.7368
2025-08-06T15:05:50,12.7053,12.7053,12.7053,12.7053,15.2632
2025-08-06T15:05:51,12.7034,12.7034,12.7034,12.7034,5.7895
2025-08-06T15:05:52,12.6768,12.7053,12.6768,12.7053,42.9474
2025-08-06T15:05:53,12.7053,12.7053,12.7034,12.7053,29.8947
2025-08-06T15:05:55,12.7053,12.7053,12.7053,12.7053,39.4737
2025-08-06T15:05:56,12.6882,12.6882,12.6882,12.6882,19.6316
2025-08-06T15:05:57,12.6768,12.6768,12.6768,12.6768,20.2105
2025-08-06T15:05:58,12.6749,12.6882,12.6483,12.6483,96.6316
2025-08-06T15:05:59,12.6768,12.7205,12.6749,12.7205,451.8421
2025-08-06T15:06:00,12.7053,12.7129,12.7053,12.7129,165.8421
2025-08-06T15:06:01,12.7186,12.7186,12.7119,12.7148,307.5789
2025-08-06T15:06:02,12.7167,12.7433,12.7053,12.7167,10054.7895
2025-08-06T15:06:03,12.7466,12.825,12.7466,12.825,1883.8421
2025-08-06T15:06:04,12.8155,12.901,12.8003,12.882,1640.1053
2025-08-06T15:06:05,12.8782,12.8972,12.7205,12.8345,3378.7368
2025-08-06T15:06:06,12.8535,12.8535,12.8535,12.8535,5.2632
2025-08-06T15:06:07,12.8241,12.8535,12.7946,12.8516,2270.3684
2025-08-06T15:06:08,12.825,12.8535,12.825,12.8535,213.1053
2025-08-06T15:06:10,12.8516,12.8516,12.8345,12.8345,255.5789
2025-08-06T15:06:11,12.8369,12.8516,12.8345,12.8364,413.6842
2025-08-06T15:06:12,12.8516,12.8763,12.7965,12.8763,3465.1579
2025-08-06T15:06:13,12.7984,12.8535,12.7984,12.8535,105.0
2025-08-06T15:06:14,12.8393,12.8535,12.8393,12.8535,78.9474
2025-08-06T15:06:15,12.8535,12.8535,12.8535,12.8535,492.0
2025-08-06T15:06:16,12.8535,12.8535,12.8516,12.8535,118.5789
2025-08-06T15:06:17,12.8535,12.8535,12.845,12.8516,147.9474
2025-08-06T15:06:18,12.8516,12.8535,12.8383,12.844,752.2632
2025-08-06T15:06:19,12.8516,12.8516,12.8516,12.8516,181.1579
2025-08-06T15:06:20,12.8535,12.8535,12.8535,12.8535,32.7895
2025-08-06T15:06:21,12.8497,12.8744,12.8459,12.8744,201.8421
2025-08-06T15:06:22,12.8611,12.8744,12.8611,12.8744,533.6316
2025-08-06T15:06:23,12.9029,13.11,12.8763,13.0169,2586.8421
2025-08-06T15:06:24,13.11,13.11,13.0302,13.0454,233.5789
2025-08-06T15:06:25,13.1081,13.1081,13.0663,13.0663,170.9474
2025-08-06T15:06:26,13.0454,13.0891,12.9827,13.0891,1481.2632
2025-08-06T15:06:28,13.072,13.072,13.0473,13.0473,1952.0
2025-08-06T15:06:29,13.0511,13.072,13.0511,13.0701,1598.3158
2025-08-06T15:06:30,13.0587,13.072,13.0454,13.0587,921.5263
2025-08-06T15:06:31,13.0473,13.072,13.0473,13.0473,382.9474
2025-08-06T15:06:32,13.053,13.1081,13.053,13.0891,1019.6842
2025-08-06T15:06:33,13.0872,13.11,13.0682,13.0872,1099.5263
2025-08-06T15:06:34,13.1081,13.11,13.1081,13.11,949.3158
2025-08-06T15:06:35,13.11,13.1271,13.1062,13.11,332.1053
2025-08-06T15:06:36,13.1119,13.1404,13.11,13.1271,741.6316
2025-08-06T15:06:37,13.1366,13.205,13.1176,13.205,384.2632
2025-08-06T15:06:38,13.1518,13.205,13.1385,13.205,176.2105
2025-08-06T15:06:39,13.1442,13.2031,13.1442,13.2031,1465.2105
2025-08-06T15:06:40,13.1499,13.2031,13.1271,13.1822,3167.2632
2025-08-06T15:06:41,13.1366,13.1992,13.1119,13.1366,446.6316
2025-08-06T15:06:42,13.1119,13.1499,13.11,13.1499,1016.4737
2025-08-06T15:06:43,13.1119,13.2031,13.1119,13.148,298.8947
2025-08-06T15:06:44,13.1499,13.2012,13.1328,13.1689,620.3158
2025-08-06T15:06:45,13.1689,13.1982,13.1271,13.1632,788.3684
2025-08-06T15:06:46,13.1955,13.1955,13.11,13.11,935.4737
2025-08-06T15:06:47,13.1594,13.1613,13.11,13.1366,609.9474
2025-08-06T15:06:48,13.1347,13.1499,13.11,13.1499,97.4737
2025-08-06T15:06:49,13.1594,13.1613,13.1499,13.1613,399.4737
2025-08-06T15:06:50,13.1499,13.1499,13.11,13.11,608.1579
2025-08-06T15:06:51,13.1366,13.1366,13.11,13.1366,694.3158
2025-08-06T15:06:52,13.1461,13.1613,13.1366,13.1499,203.1053
2025-08-06T15:06:53,13.149,13.1613,13.149,13.1613,685.1579
2025-08-06T15:06:54,13.1556,13.1613,13.11,13.11,176.3158
2025-08-06T15:06:55,13.1594,13.1613,13.1366,13.149,326.7895
2025-08-06T15:06:56,13.1613,13.1613,13.11,13.11,800.1053
2025-08-06T15:06:57,13.1822,13.1822,13.1613,13.1613,86.2632
2025-08-06T15:06:58,13.1594,13.1822,13.1499,13.1613,241.2632
2025-08-06T15:06:59,13.1613,13.1613,13.0587,13.0663,2783.1579
2025-08-06T15:07:00,13.0663,13.0663,13.0663,13.0663,1179.3684
2025-08-06T15:07:01,13.0606,13.11,13.0587,13.0939,716.7368
2025-08-06T15:07:02,13.0929,13.0929,13.0929,13.0929,195.2632
2025-08-06T15:07:04,13.1081,13.1081,13.1081,13.1081,14.7895
2025-08-06T15:07:06,13.1024,13.11,13.0663,13.0663,151.0526
2025-08-06T15:07:07,13.0682,13.0682,13.0663,13.0682,263.1579
2025-08-06T15:07:08,13.0663,13.1081,13.0511,13.0663,1524.4737
2025-08-06T15:07:09,13.0036,13.0036,12.996,12.996,514.4211
2025-08-06T15:07:10,13.0397,13.0606,12.9219,12.9219,1094.0526
2025-08-06T15:07:11,12.9276,13.0454,12.9238,13.0038,125.7895
2025-08-06T15:07:12,13.0055,13.0454,13.0055,13.0435,40.0
2025-08-06T15:07:13,13.0245,13.0245,13.0036,13.0036,105.0
2025-08-06T15:07:15,13.0036,13.0036,13.0036,13.0036,84.2105
2025-08-06T15:07:16,13.0055,13.0055,13.0055,13.0055,26.1579
2025-08-06T15:07:17,13.0226,13.0245,13.0226,13.0245,57.8947
2025-08-06T15:07:18,13.0036,13.0036,13.0036,13.0036,105.0526
2025-08-06T15:07:19,13.0245,13.0435,13.0055,13.0435,294.3158
2025-08-06T15:07:20,13.0046,13.0046,13.0046,13.0046,20.0
2025-08-06T15:07:21,13.0055,13.0055,13.0055,13.0055,93.8947
2025-08-06T15:07:22,13.0036,13.0055,13.0036,13.0055,52.3158
2025-08-06T15:07:23,13.0036,13.0055,13.0036,13.0055,40.6316
2025-08-06T15:07:24,13.0036,13.0036,12.9371,12.9371,152.6316
2025-08-06T15:07:25,13.0055,13.0055,12.9722,12.9722,59.5789
2025-08-06T15:07:26,12.9732,13.0036,12.9732,13.0036,107.1053
2025-08-06T15:07:27,12.9523,12.9523,12.9523,12.9523,1449.0
2025-08-06T15:07:28,13.0055,13.0055,12.9542,12.9542,161.1579
2025-08-06T15:07:29,13.0036,13.0036,13.0036,13.0036,52.2632
2025-08-06T15:07:30,13.0017,13.0017,13.0017,13.0017,5.7895
2025-08-06T15:07:31,12.9561,12.9827,12.9561,12.9827,67.6316
2025-08-06T15:07:32,12.9734,12.9734,12.9734,12.9734,10.3684
2025-08-06T15:07:33,12.9732,12.9884,12.9732,12.9884,94.3158
2025-08-06T15:07:34,12.9732,12.9827,12.9732,12.9732,873.3684
2025-08-06T15:07:35,12.978,12.9827,12.9732,12.9827,272.5263
2025-08-06T15:07:36,12.9779,12.9808,12.9751,12.9751,106.5789
2025-08-06T15:07:37,12.9789,12.9827,12.9789,12.9827,12.0
2025-08-06T15:07:38,12.9732,12.9732,12.9504,12.9618,312.5789
2025-08-06T15:07:39,12.9599,12.9637,12.9599,12.9637,55.3158
2025-08-06T15:07:40,12.9618,12.9637,12.9618,12.9637,505.1053
2025-08-06T15:07:41,12.9628,12.9628,12.9618,12.9618,73.7895
2025-08-06T15:07:42,12.9618,13.0055,12.9618,13.0055,532.5263
2025-08-06T15:07:43,13.0036,13.0036,12.9637,12.9637,270.5789
2025-08-06T15:07:44,12.9732,12.9751,12.9732,12.9751,44.4211
2025-08-06T15:07:47,12.9751,12.9751,12.9637,12.9732,584.1579
2025-08-06T15:07:48,12.9751,12.9751,12.9751,12.9751,8.5263
2025-08-06T15:07:49,12.9713,12.9713,12.9713,12.9713,185.1579
2025-08-06T15:07:50,12.9722,12.9751,12.9722,12.9751,76.3158
2025-08-06T15:07:51,12.9751,13.0435,12.9751,12.9846,361.9474
2025-08-06T15:07:52,13.0416,13.0435,13.0416,13.0435,374.7368
2025-08-06T15:07:53,13.0378,13.0435,13.0378,13.0435,886.0526
2025-08-06T15:07:54,13.0188,13.0197,13.0188,13.0197,821.0526
2025-08-06T15:07:55,13.0454,13.0454,13.0217,13.0435,331.8421
2025-08-06T15:07:56,13.0188,13.0188,13.0188,13.0188,210.7895
2025-08-06T15:07:59,13.0454,13.0454,13.0454,13.0454,51.6842
2025-08-06T15:08:00,13.0207,13.0207,13.0207,13.0207,683.0
2025-08-06T15:08:01,13.0421,13.0445,13.0421,13.0445,95.8421
2025-08-06T15:08:02,13.0435,13.0445,13.0435,13.0445,202.8947
2025-08-06T15:08:03,13.0454,13.0454,13.0435,13.0454,824.8947
2025-08-06T15:08:04,13.0454,13.0454,13.0454,13.0454,119.4211
2025-08-06T15:08:05,13.0445,13.0454,13.0445,13.0445,74.4211
2025-08-06T15:08:06,13.0445,13.0445,12.977,12.977,801.2105
2025-08-06T15:08:07,13.034,13.034,12.9846,12.9846,26.6316
2025-08-06T15:08:08,12.9865,12.9865,12.9865,12.9865,273.8947
2025-08-06T15:08:09,13.0093,13.0093,13.0093,13.0093,273.6842
2025-08-06T15:08:11,12.9865,12.9865,12.9865,12.9865,273.6842
2025-08-06T15:08:12,13.0226,13.0226,12.9865,12.9884,381.4737
2025-08-06T15:08:13,13.0046,13.0046,13.0046,13.0046,7.7368
2025-08-06T15:08:14,13.0226,13.0226,12.9732,12.9732,292.8947
2025-08-06T15:08:15,13.0055,13.0055,12.9732,12.9732,43.3684
2025-08-06T15:08:16,12.9732,12.9903,12.9637,12.9637,1456.3158
2025-08-06T15:08:17,12.9656,12.9656,12.9656,12.9656,22.7368
2025-08-06T15:08:18,12.9713,12.9713,12.9713,12.9713,18.6842
2025-08-06T15:08:19,12.9656,12.9656,12.9656,12.9656,52.6316
2025-08-06T15:08:20,12.9713,12.9713,12.9713,12.9713,25.7368
2025-08-06T15:08:22,12.9732,12.9732,12.9732,12.9732,5.7368
2025-08-06T15:08:23,12.9654,12.9654,12.9637,12.9637,42.7368
2025-08-06T15:08:24,12.9637,12.9637,12.9219,12.9276,1499.9474
2025-08-06T15:08:25,12.9219,12.9219,12.9219,12.9219,31.8947
2025-08-06T15:08:26,12.9409,12.9528,12.9409,12.9528,119.2105
2025-08-06T15:08:27,12.9409,12.9409,12.7319,12.7338,4376.4737
2025-08-06T15:08:28,12.7338,12.8649,12.7338,12.8649,64.2632
2025-08-06T15:08:29,12.7718,12.7718,12.7376,12.7376,611.9474
2025-08-06T15:08:30,12.7623,12.7623,12.7395,12.7395,638.4211
2025-08-06T15:08:31,12.7433,12.7433,12.7433,12.7433,12.6842
2025-08-06T15:08:32,12.8041,12.8649,12.8041,12.863,79.5789
2025-08-06T15:08:33,12.8649,12.8649,12.8649,12.8649,8.0
2025-08-06T15:08:35,12.8649,12.8649,12.8649,12.8649,38.7368
2025-08-06T15:08:36,12.8592,12.863,12.8592,12.863,134.7895
2025-08-06T15:08:37,12.8554,12.8592,12.8554,12.8592,29.7895
2025-08-06T15:08:38,12.863,12.863,12.8535,12.8535,238.6316
2025-08-06T15:08:39,12.8592,12.8592,12.8098,12.8098,66.8421
2025-08-06T15:08:40,12.8474,12.8573,12.768,12.8573,511.2105
2025-08-06T15:08:41,12.8136,12.8136,12.7699,12.7699,22.7895
2025-08-06T15:08:42,12.768,12.8136,12.768,12.8136,69.7368
2025-08-06T15:08:43,12.8155,12.8155,12.8155,12.8155,6.8421
2025-08-06T15:08:44,12.8573,12.8573,12.8573,12.8573,5.8947
2025-08-06T15:08:45,12.825,12.8516,12.7566,12.7566,140.9474
2025-08-06T15:08:46,12.8383,12.8402,12.8383,12.8402,61.9474
2025-08-06T15:08:47,12.8174,12.8174,12.7452,12.7452,168.3684
2025-08-06T15:08:48,12.8155,12.8155,12.7547,12.7547,98.4737
2025-08-06T15:08:49,12.7566,12.7566,12.7566,12.7566,80.7368
2025-08-06T15:08:51,12.8136,12.8136,12.8136,12.8136,52.8947
2025-08-06T15:08:52,12.8155,12.8155,12.7927,12.8117,545.6842
2025-08-06T15:08:53,12.8132,12.8155,12.8003,12.8155,1045.3158
2025-08-06T15:08:54,12.8136,12.8136,12.7813,12.7813,29.4211
2025-08-06T15:08:55,12.7813,12.7813,12.7813,12.7813,50.0
2025-08-06T15:08:57,12.8003,12.8136,12.8003,12.8136,299.0
2025-08-06T15:08:58,12.7851,12.8155,12.7794,12.7984,972.2632
2025-08-06T15:09:00,12.7737,12.7737,12.7737,12.7737,660.4737
2025-08-06T15:09:01,12.7718,12.7794,12.7718,12.7794,16.9474
2025-08-06T15:09:02,12.7718,12.7737,12.5989,12.5989,3397.2105
2025-08-06T15:09:03,12.5991,12.7148,12.5991,12.7148,80.6842
2025-08-06T15:09:04,12.635,12.635,12.635,12.635,26.3158
2025-08-06T15:09:05,12.6749,12.6749,12.6369,12.6369,21.0526
2025-08-06T15:09:06,12.6749,12.6749,12.6369,12.6369,81.1579
2025-08-06T15:09:07,12.7148,12.7148,12.6369,12.6749,87.3684
2025-08-06T15:09:08,12.7129,12.7604,12.6369,12.7604,198.0526
2025-08-06T15:09:11,12.7243,12.7243,12.7243,12.7243,8.6842
2025-08-06T15:09:15,12.7604,12.7604,12.7604,12.7604,321.5263
2025-08-06T15:09:17,12.6635,12.6635,12.6635,12.6635,7.8947
2025-08-06T15:09:20,12.7167,12.7167,12.7167,12.7167,5.8947
2025-08-06T15:09:22,12.7167,12.7433,12.7167,12.7186,83.6842
2025-08-06T15:09:23,12.7186,12.7186,12.7186,12.7186,27.9474
2025-08-06T15:09:24,12.7414,12.7414,12.7414,12.7414,158.0
2025-08-06T15:09:26,12.7433,12.7433,12.7167,12.7243,405.0526
2025-08-06T15:09:27,12.73,12.73,12.7186,12.73,174.4211
2025-08-06T15:09:28,12.7414,12.7414,12.7167,12.7167,47.3158
2025-08-06T15:09:29,12.7167,12.7414,12.7167,12.7186,643.7368
2025-08-06T15:09:30,12.7395,12.7395,12.7395,12.7395,81.0
2025-08-06T15:09:32,12.7167,12.7167,12.6065,12.6103,1121.0526
2025-08-06T15:09:34,12.673,12.673,12.673,12.673,52.6316
2025-08-06T15:09:35,12.673,12.673,12.6417,12.6417,1109.9474
2025-08-06T15:09:37,12.673,12.673,12.673,12.673,26.3684
2025-08-06T15:09:38,12.6673,12.6673,12.6673,12.6673,6.1579
2025-08-06T15:09:39,12.6635,12.6711,12.6635,12.6711,81.1053
2025-08-06T15:09:40,12.6673,12.6673,12.6635,12.6673,117.9474
2025-08-06T15:09:41,12.673,12.7414,12.673,12.7414,829.0
2025-08-06T15:09:42,12.7395,12.7395,12.711,12.711,473.6842
2025-08-06T15:09:43,12.7129,12.7129,12.7129,12.7129,186.2105
2025-08-06T15:09:44,12.7414,12.7414,12.7414,12.7414,26.3158
2025-08-06T15:09:45,12.7395,12.7395,12.7319,12.7338,304.9474
2025-08-06T15:09:46,12.7414,12.7433,12.7319,12.7357,212.7895
2025-08-06T15:09:47,12.7357,12.7376,12.7321,12.7357,48.7368
2025-08-06T15:09:48,12.7414,12.7414,12.7414,12.7414,5.2632
2025-08-06T15:09:49,12.7376,12.7414,12.7376,12.7414,106.8421
2025-08-06T15:09:50,12.7395,12.7414,12.7395,12.7414,171.1579
2025-08-06T15:09:55,12.73,12.7319,12.711,12.7129,401.2105
2025-08-06T15:09:56,12.7262,12.7262,12.7262,12.7262,273.6842
2025-08-06T15:09:57,12.73,12.7357,12.6635,12.6996,578.9474
2025-08-06T15:09:59,12.6616,12.7338,12.6616,12.7338,140.0526
2025-08-06T15:10:00,12.6635,12.6635,12.6616,12.6616,106.1053
2025-08-06T15:10:02,12.6616,12.6616,12.6616,12.6616,19.5263
2025-08-06T15:10:03,12.6616,12.6616,12.6122,12.6122,132.2105
2025-08-06T15:10:04,12.6103,12.6597,12.6103,12.6103,191.1053
2025-08-06T15:10:05,12.6198,12.6521,12.597,12.6502,1193.5263
2025-08-06T15:10:06,12.616,12.6179,12.616,12.616,284.8421
2025-08-06T15:10:07,12.617,12.6179,12.616,12.616,31.3684
2025-08-06T15:10:08,12.616,12.616,12.616,12.616,15.3684
2025-08-06T15:10:09,12.6179,12.6179,12.6179,12.6179,7.3684
2025-08-06T15:10:10,12.616,12.6616,12.616,12.6388,1402.6316
2025-08-06T15:10:12,12.6388,12.73,12.6198,12.73,1197.2105
2025-08-06T15:10:13,12.7186,12.73,12.7186,12.7186,743.7895
2025-08-06T15:10:15,12.6806,12.7186,12.6806,12.7186,526.3158
2025-08-06T15:10:16,12.6882,12.7205,12.6882,12.7205,74.5263
2025-08-06T15:10:18,12.6882,12.7205,12.6882,12.7129,1354.4211
2025-08-06T15:10:19,12.6635,12.7205,12.6635,12.7205,329.4211
2025-08-06T15:10:20,12.7205,12.7205,12.7205,12.7205,13.8947
2025-08-06T15:10:24,12.6616,12.7205,12.6616,12.7205,315.5263
2025-08-06T15:10:25,12.7186,12.7186,12.7186,12.7186,15.7895
2025-08-06T15:10:28,12.6616,12.6616,12.6616,12.6616,12.0526
2025-08-06T15:10:29,12.6635,12.6635,12.6635,12.6635,263.1579
2025-08-06T15:10:31,12.7186,12.7186,12.7186,12.7186,43.5263
2025-08-06T15:10:32,12.6911,12.7205,12.6882,12.7205,418.9474
2025-08-06T15:10:33,12.692,12.692,12.692,12.692,26.3158
2025-08-06T15:10:35,12.7167,12.7167,12.7148,12.7148,51.8421
2025-08-06T15:10:37,12.692,12.692,12.692,12.692,19.5263
2025-08-06T15:10:39,12.6635,12.6635,12.6635,12.6635,48.5263
2025-08-06T15:10:40,12.692,12.692,12.692,12.692,7.2105
2025-08-06T15:10:42,12.6616,12.7129,12.6616,12.7129,793.1579
2025-08-06T15:10:43,12.6673,12.6673,12.6673,12.6673,105.2632
2025-08-06T15:10:44,12.7129,12.7129,12.6654,12.6654,91.1053
2025-08-06T15:10:46,12.6654,12.7129,12.6654,12.7129,191.0526
2025-08-06T15:10:47,12.7129,12.7604,12.6939,12.73,1599.8947
2025-08-06T15:10:48,12.7281,12.7604,12.7072,12.7376,538.4211
2025-08-06T15:10:49,12.7585,12.7585,12.7585,12.7585,279.4737
2025-08-06T15:10:50,12.7461,12.7461,12.7461,12.7461,273.6842
2025-08-06T15:10:51,12.7471,12.7471,12.7471,12.7471,12.6316
2025-08-06T15:10:52,12.7471,12.7471,12.7471,12.7471,279.1053
2025-08-06T15:10:53,12.7452,12.7452,12.7452,12.7452,273.6842
2025-08-06T15:10:54,12.7471,12.7775,12.745,12.7756,393.3684
2025-08-06T15:10:55,12.7737,12.825,12.7642,12.7946,648.4737
2025-08-06T15:10:56,12.8231,12.8231,12.7661,12.768,307.5263
2025-08-06T15:10:57,12.825,12.825,12.7974,12.7974,51.8947
2025-08-06T15:10:58,12.8231,12.8231,12.8231,12.8231,421.0526
2025-08-06T15:10:59,12.825,12.825,12.8179,12.8231,106.6316
2025-08-06T15:11:00,12.787,12.787,12.787,12.787,52.6316
2025-08-06T15:11:01,12.7699,12.7965,12.7699,12.7965,14.0
2025-08-06T15:11:03,12.8231,12.8231,12.8231,12.8231,157.8947
2025-08-06T15:11:05,12.7965,12.7965,12.768,12.768,210.5263
2025-08-06T15:11:06,12.7841,12.7841,12.7718,12.7718,817.5263
2025-08-06T15:11:07,12.7841,12.8022,12.7841,12.8022,338.7895
2025-08-06T15:11:08,12.787,12.787,12.787,12.787,273.6842
2025-08-06T15:11:09,12.8041,12.8041,12.8041,12.8041,158.1053
2025-08-06T15:11:10,12.787,12.8231,12.787,12.8231,310.5263
2025-08-06T15:11:11,12.8212,12.8231,12.7927,12.8079,949.3684
2025-08-06T15:11:13,12.8022,12.8022,12.8022,12.8022,21.8421
2025-08-06T15:11:14,12.8231,12.825,12.8231,12.825,184.2105
2025-08-06T15:11:15,12.8098,12.825,12.8098,12.825,560.7368
2025-08-06T15:11:16,12.825,12.8668,12.825,12.8592,154.7895
2025-08-06T15:11:17,12.8554,12.8782,12.8554,12.8782,1019.8947
2025-08-06T15:11:18,12.8782,12.9466,12.8782,12.9466,540.4737
2025-08-06T15:11:19,12.9466,12.9466,12.8801,12.9466,542.1053
2025-08-06T15:11:20,12.9466,12.9485,12.8801,12.9466,427.3684
2025-08-06T15:11:21,12.92,12.9333,12.92,12.9333,68.4211
2025-08-06T15:11:22,12.92,12.92,12.92,12.92,62.2632
2025-08-06T15:11:23,12.8953,12.9295,12.8953,12.9039,1375.9474
2025-08-06T15:11:24,12.8801,12.8801,12.8801,12.8801,110.5263
2025-08-06T15:11:25,12.9276,13.0454,12.9229,13.034,1830.1053
2025-08-06T15:11:27,13.0102,13.0435,12.9751,13.0435,284.3684
2025-08-06T15:11:28,12.977,13.0169,12.977,12.977,442.2105
2025-08-06T15:11:29,12.9979,12.9979,12.977,12.977,135.0
2025-08-06T15:11:30,12.997,12.9979,12.9789,12.9789,170.8421
2025-08-06T15:11:31,12.9846,12.9846,12.9846,12.9846,521.9474
2025-08-06T15:11:32,13.0169,13.0169,13.0169,13.0169,55.3158
2025-08-06T15:11:33,12.9998,13.0074,12.9998,13.0074,339.5263
2025-08-06T15:11:34,13.0148,13.0169,13.0148,13.0169,141.1579
2025-08-06T15:11:35,13.0131,13.015,13.0131,13.015,73.4737
2025-08-06T15:11:36,13.0169,13.0169,13.0131,13.0169,739.4211
2025-08-06T15:11:37,13.016,13.0169,13.016,13.0169,14.0
2025-08-06T15:11:38,13.0169,13.0169,13.0152,13.0169,150.2105
2025-08-06T15:11:39,13.015,13.0169,13.015,13.0169,312.0
2025-08-06T15:11:40,13.015,13.0169,13.015,13.015,528.2632
2025-08-06T15:11:41,13.015,13.0169,13.015,13.015,63.0526
2025-08-06T15:11:42,13.0169,13.0169,12.977,12.977,742.1053
2025-08-06T15:11:43,12.996,12.996,12.977,12.9789,661.2105
2025-08-06T15:11:44,12.977,12.996,12.977,12.996,163.2632
2025-08-06T15:11:45,12.9789,12.996,12.9295,12.9295,623.1053
2025-08-06T15:11:46,12.9922,12.9941,12.9295,12.9314,333.0
2025-08-06T15:11:47,12.9618,12.9618,12.9218,12.9218,147.3684
2025-08-06T15:11:48,12.921,12.921,12.921,12.921,10.5789
2025-08-06T15:11:49,12.9219,12.9219,12.9219,12.9219,187.4211
2025-08-06T15:11:50,12.92,12.92,12.92,12.92,25.3158
2025-08-06T15:11:51,12.9238,12.9238,12.9238,12.9238,5.7368
2025-08-06T15:11:52,12.9295,12.9295,12.9295,12.9295,31.2632
2025-08-06T15:11:53,12.9219,12.9219,12.9219,12.9219,33.4737
2025-08-06T15:11:56,12.9295,12.9295,12.9219,12.9219,26.6842
2025-08-06T15:11:57,12.9295,12.9295,12.9219,12.9219,140.5263
2025-08-06T15:11:58,12.8725,12.92,12.8725,12.9181,460.4211
2025-08-06T15:11:59,12.8725,12.8725,12.8706,12.8706,370.6316
2025-08-06T15:12:03,12.9181,12.9181,12.9181,12.9181,16.2105
2025-08-06T15:12:04,12.8725,12.9181,12.8725,12.9181,85.4211
2025-08-06T15:12:05,12.8725,12.8725,12.8725,12.8725,19.9474
2025-08-06T15:12:08,12.92,12.92,12.92,12.92,11.8421
2025-08-06T15:12:11,12.9181,12.9181,12.9181,12.9181,10.8421
2025-08-06T15:12:13,12.9181,12.92,12.9181,12.92,211.1053
2025-08-06T15:12:14,12.8953,12.8953,12.8953,12.8953,20.1579
2025-08-06T15:12:15,12.8953,12.8953,12.882,12.882,162.7368
2025-08-06T15:12:16,12.8839,12.8906,12.8706,12.8725,809.5789
2025-08-06T15:12:17,12.9067,12.9067,12.9067,12.9067,56.9474
2025-08-06T15:12:18,12.8706,12.8725,12.844,12.844,753.4737
2025-08-06T15:12:19,12.8459,12.8459,12.8459,12.8459,157.8947
2025-08-06T15:12:20,12.844,12.844,12.8421,12.844,240.2105
2025-08-06T15:12:21,12.8269,12.8269,12.825,12.825,138.5263
2025-08-06T15:12:22,12.825,12.825,12.8231,12.8231,171.3158
2025-08-06T15:12:25,12.825,12.825,12.825,12.825,5.3158
2025-08-06T15:12:26,12.8231,12.8231,12.8231,12.8231,7.2632
2025-08-06T15:12:27,12.8203,12.8231,12.8193,12.8193,253.1579
2025-08-06T15:12:29,12.8193,12.8231,12.8193,12.8231,78.5789
2025-08-06T15:12:30,12.8174,12.8174,12.8174,12.8174,59.2105
2025-08-06T15:12:31,12.8022,12.8098,12.8022,12.8098,190.1579
2025-08-06T15:12:32,12.8022,12.8098,12.8022,12.8041,326.3158
2025-08-06T15:12:33,12.8117,12.8174,12.6654,12.6654,1918.0526
2025-08-06T15:12:34,12.6654,12.7547,12.6654,12.7547,822.4211
2025-08-06T15:12:35,12.6692,12.7281,12.6654,12.7281,250.0
2025-08-06T15:12:36,12.7034,12.7091,12.6616,12.6654,1842.1053
2025-08-06T15:12:37,12.6407,12.6407,12.597,12.597,3022.1579
2025-08-06T15:12:38,12.597,12.597,12.597,12.597,28.4211
2025-08-06T15:12:39,12.5989,12.6388,12.5989,12.6388,239.8421
2025-08-06T15:12:40,12.6179,12.6388,12.597,12.6388,72.4211
2025-08-06T15:12:41,12.6369,12.6369,12.6369,12.6369,18.2105
2025-08-06T15:12:42,12.5989,12.6388,12.5989,12.6388,651.8421
2025-08-06T15:12:43,12.6236,12.6236,12.6236,12.6236,9.4737
2025-08-06T15:12:44,12.6388,12.6388,12.6084,12.6084,39.4737
2025-08-06T15:12:45,12.6369,12.6388,12.6084,12.6084,64.5263
2025-08-06T15:12:46,12.6388,12.6388,12.6102,12.6102,563.1579
2025-08-06T15:12:47,12.6407,12.6407,12.6407,12.6407,38.1579
2025-08-06T15:12:48,12.6065,12.6065,12.6065,12.6065,8.4211
2025-08-06T15:12:51,12.6255,12.6255,12.6255,12.6255,13.8947
2025-08-06T15:12:52,12.6388,12.6407,12.6388,12.6407,46.5789
2025-08-06T15:12:53,12.6141,12.6635,12.6141,12.616,205.3684
2025-08-06T15:12:55,12.654,12.654,12.654,12.654,10.5263
2025-08-06T15:12:56,12.6141,12.6559,12.6141,12.6559,339.0526
2025-08-06T15:12:57,12.6464,12.768,12.6293,12.6293,2236.3158
2025-08-06T15:13:01,12.7129,12.7129,12.7129,12.7129,5.8421
2025-08-06T15:13:03,12.7129,12.7129,12.7129,12.7129,16.7368
2025-08-06T15:13:04,12.73,12.73,12.73,12.73,7.3684
2025-08-06T15:13:05,12.6996,12.6996,12.6483,12.6483,173.7368
2025-08-06T15:13:06,12.6892,12.7148,12.6483,12.7148,143.2105
2025-08-06T15:13:07,12.6502,12.6502,12.6502,12.6502,113.9474
2025-08-06T15:13:08,12.654,12.6825,12.6502,12.6825,338.2632
2025-08-06T15:13:09,12.654,12.654,12.6502,12.6502,263.2632
2025-08-06T15:13:10,12.6502,12.7148,12.6502,12.7148,190.2632
2025-08-06T15:13:14,12.6521,12.6521,12.6521,12.6521,26.4737
2025-08-06T15:13:17,12.7129,12.7129,12.7129,12.7129,78.9474
2025-08-06T15:13:19,12.6521,12.6521,12.6521,12.6521,20.5263
2025-08-06T15:13:23,12.7148,12.7148,12.7148,12.7148,88.5789
2025-08-06T15:13:24,12.6844,12.7129,12.6559,12.7129,22.0526
2025-08-06T15:13:27,12.6521,12.6559,12.6293,12.6388,273.6842
2025-08-06T15:13:28,12.654,12.692,12.654,12.692,116.4211
2025-08-06T15:13:32,12.6901,12.6901,12.6901,12.6901,15.7895
2025-08-06T15:13:35,12.6721,12.6721,12.6721,12.6721,61.5789
2025-08-06T15:13:36,12.692,12.692,12.692,12.692,424.3684
2025-08-06T15:13:39,12.692,12.692,12.692,12.692,26.3158
2025-08-06T15:13:46,12.692,12.692,12.654,12.654,18.4211
2025-08-06T15:13:47,12.6901,12.692,12.6521,12.692,29.1579
2025-08-06T15:13:48,12.6901,12.6901,12.6901,12.6901,253.3158
2025-08-06T15:13:50,12.6521,12.692,12.6521,12.692,210.2105
2025-08-06T15:13:52,12.6882,12.6882,12.6882,12.6882,16.0526
2025-08-06T15:13:53,12.6882,12.6882,12.6787,12.6882,138.8421
2025-08-06T15:13:55,12.6521,12.6521,12.6521,12.6521,15.6842
2025-08-06T15:13:56,12.6711,12.6711,12.6711,12.6711,394.7368
2025-08-06T15:13:58,12.654,12.654,12.654,12.654,31.8421
2025-08-06T15:14:00,12.6711,12.6882,12.6711,12.673,91.0
2025-08-06T15:14:01,12.673,12.673,12.673,12.673,31.2632
2025-08-06T15:14:03,12.673,12.673,12.6711,12.6711,289.5789
2025-08-06T15:14:05,12.6711,12.6711,12.6711,12.6711,7.8947
2025-08-06T15:14:06,12.673,12.673,12.6711,12.6711,107.1579
2025-08-06T15:14:07,12.6711,12.673,12.6711,12.6711,68.5263
2025-08-06T15:14:08,12.673,12.73,12.673,12.73,300.1053
2025-08-06T15:14:10,12.7262,12.7262,12.7262,12.7262,10.5263
2025-08-06T15:14:11,12.6806,12.6806,12.6806,12.6806,200.6316
2025-08-06T15:14:12,12.6825,12.6825,12.6825,12.6825,27.5789
2025-08-06T15:14:13,12.6806,12.6806,12.6806,12.6806,14.4737
2025-08-06T15:14:20,12.6806,12.6806,12.6806,12.6806,19.6316
2025-08-06T15:14:22,12.6806,12.6825,12.6806,12.6825,25.5789
2025-08-06T15:14:24,12.7281,12.7281,12.7281,12.7281,15.7895
2025-08-06T15:14:26,12.7281,12.7281,12.7281,12.7281,5.3158
2025-08-06T15:14:28,12.7281,12.92,12.7281,12.92,6394.7368
2025-08-06T15:14:29,12.8516,12.8535,12.8497,12.8497,56.0
2025-08-06T15:14:30,12.8383,12.8383,12.7319,12.7319,78.9474
2025-08-06T15:14:31,12.8858,12.8877,12.8858,12.8858,1052.6316
2025-08-06T15:14:33,12.8858,12.8858,12.8858,12.8858,263.5789
2025-08-06T15:14:35,12.7547,12.8763,12.7547,12.8763,157.0526
2025-08-06T15:14:36,12.7566,12.8782,12.7566,12.8782,300.4211
2025-08-06T15:14:38,12.7547,12.7547,12.7547,12.7547,526.3158
2025-08-06T15:14:39,12.8782,12.8782,12.8782,12.8782,217.3684
2025-08-06T15:14:40,12.8725,12.8801,12.8687,12.8763,1356.5263
2025-08-06T15:14:41,12.8763,12.8763,12.7794,12.8763,53.3158
2025-08-06T15:14:42,12.7813,12.7813,12.7813,12.7813,29.8947
2025-08-06T15:14:44,12.8706,12.8706,12.7832,12.7832,25.4211
2025-08-06T15:14:45,12.8801,12.8801,12.8782,12.8801,79.4737
2025-08-06T15:14:48,12.8488,12.8488,12.8488,12.8488,10.3684
2025-08-06T15:14:49,12.8288,12.8801,12.8212,12.8801,336.7895
2025-08-06T15:14:50,12.8535,12.8535,12.8535,12.8535,27.0526
2025-08-06T15:14:53,12.8782,12.8801,12.8782,12.8801,789.8421
2025-08-06T15:14:54,12.8307,12.8801,12.8307,12.8801,78.9474
2025-08-06T15:14:55,12.8801,12.8801,12.8801,12.8801,53.4737
2025-08-06T15:14:57,12.8801,12.8801,12.8326,12.8326,531.5789
2025-08-06T15:14:59,12.8288,12.8288,12.8288,12.8288,8.7368
2025-08-06T15:15:00,12.8668,12.8668,12.8668,12.8668,59.1053
2025-08-06T15:15:02,12.8782,12.8782,12.8782,12.8782,106.2105
2025-08-06T15:15:04,12.8345,12.8668,12.8345,12.8592,38.5263
2025-08-06T15:15:07,12.8592,12.8801,12.8592,12.8801,535.3158
2025-08-06T15:15:08,12.8801,12.8801,12.8801,12.8801,5.7895
2025-08-06T15:15:09,12.8668,12.8668,12.8668,12.8668,212.5789
2025-08-06T15:15:10,12.8668,12.8668,12.8668,12.8668,213.6842
2025-08-06T15:15:11,12.8782,12.8782,12.8782,12.8782,6.6842
2025-08-06T15:15:12,12.8744,12.8744,12.8668,12.8668,62.2632
2025-08-06T15:15:14,12.8782,12.8782,12.8763,12.8763,61.7895
2025-08-06T15:15:15,12.8782,12.8782,12.8763,12.8763,201.0526
2025-08-06T15:15:16,12.8782,12.8782,12.8782,12.8782,194.0526
2025-08-06T15:15:18,12.8782,12.8782,12.8782,12.8782,26.3158
2025-08-06T15:15:19,12.8687,12.8687,12.8687,12.8687,253.6842
2025-08-06T15:15:21,12.8687,12.8687,12.8687,12.8687,6.8421
2025-08-06T15:15:22,12.8687,12.8687,12.8668,12.8668,108.0526
2025-08-06T15:15:26,12.8687,12.8687,12.8668,12.8669,517.1053
2025-08-06T15:15:27,12.8763,12.8782,12.8763,12.8763,345.6842
2025-08-06T15:15:29,12.8782,12.8877,12.8782,12.8877,254.9474
2025-08-06T15:15:30,12.9105,12.9618,12.9048,12.9238,1540.8421
2025-08-06T15:15:31,12.9238,12.9599,12.92,12.9599,620.9474
2025-08-06T15:15:32,12.9618,12.9618,12.9599,12.9599,153.3158
2025-08-06T15:15:33,12.9599,12.9618,12.9599,12.9599,300.0
2025-08-06T15:15:34,12.9238,12.9599,12.9238,12.9599,114.0526
2025-08-06T15:15:35,12.9238,12.9599,12.9238,12.9599,112.2105
2025-08-06T15:15:36,12.9599,12.9599,12.92,12.92,687.6316
2025-08-06T15:15:37,12.9238,12.9238,12.92,12.92,10.5263
2025-08-06T15:15:38,12.9352,12.9352,12.9352,12.9352,105.2632
2025-08-06T15:15:39,12.9485,12.9485,12.9485,12.9485,5.2632
2025-08-06T15:15:41,12.92,12.9219,12.92,12.9219,221.0526
2025-08-06T15:15:43,12.9333,12.9504,12.9314,12.9504,615.7895
2025-08-06T15:15:44,12.9371,12.9504,12.9257,12.9257,23.2105
2025-08-06T15:15:46,12.9432,12.9432,12.9432,12.9432,105.2632
2025-08-06T15:15:47,12.9466,12.9466,12.9466,12.9466,62.0526
2025-08-06T15:15:48,12.9466,12.9466,12.9466,12.9466,9.4737
2025-08-06T15:15:50,12.9485,12.9485,12.9466,12.9466,368.0
2025-08-06T15:15:51,12.9483,12.9485,12.9466,12.9485,359.8421
2025-08-06T15:15:52,12.9371,12.9371,12.9371,12.9371,38.2105
2025-08-06T15:15:53,12.9485,12.9485,12.9485,12.9485,275.3158
2025-08-06T15:15:56,12.9371,12.9371,12.9371,12.9371,211.2632
2025-08-06T15:15:57,12.9257,12.9286,12.92,12.9286,269.9474
2025-08-06T15:15:58,12.9352,12.9352,12.92,12.9286,368.3158
2025-08-06T15:15:59,12.92,12.9238,12.8326,12.8326,1785.6316
2025-08-06T15:16:00,12.8782,12.8801,12.8782,12.8801,353.1053
2025-08-06T15:16:03,12.8421,12.9048,12.8288,12.9048,619.3158
2025-08-06T15:16:04,12.8288,12.8545,12.8288,12.8545,15.0526
2025-08-06T15:16:05,12.8545,12.8545,12.8545,12.8545,137.3684
2025-08-06T15:16:07,12.8801,12.8801,12.7832,12.7889,566.5263
2025-08-06T15:16:08,12.8459,12.8459,12.8136,12.8136,308.8947
2025-08-06T15:16:11,12.8079,12.8098,12.8079,12.8098,148.2105
2025-08-06T15:16:13,12.8003,12.8003,12.8003,12.8003,32.6316
2025-08-06T15:16:14,12.7835,12.7835,12.7835,12.7835,52.8947
2025-08-06T15:16:15,12.7832,12.7832,12.7832,12.7832,105.2632
2025-08-06T15:16:16,12.8117,12.8117,12.8117,12.8117,5.2632
2025-08-06T15:16:18,12.7832,12.7832,12.7832,12.7832,7.2632
2025-08-06T15:16:20,12.8136,12.8136,12.8136,12.8136,194.6316
2025-08-06T15:16:21,12.8117,12.8136,12.8117,12.8136,121.3158
2025-08-06T15:16:22,12.7851,13.015,12.7851,13.015,3209.5789
2025-08-06T15:16:23,12.9675,13.0112,12.9675,13.0112,531.5789
2025-08-06T15:16:24,12.9238,12.9922,12.9238,12.9922,531.5789
2025-08-06T15:16:25,12.8402,12.8402,12.8402,12.8402,5.4211
2025-08-06T15:16:26,12.9485,12.9485,12.9485,12.9485,73.6842
2025-08-06T15:16:27,12.9466,12.9466,12.9466,12.9466,5.2632
2025-08-06T15:16:28,12.9485,12.9485,12.9485,12.9485,15.2105
2025-08-06T15:16:30,12.8421,12.8421,12.8421,12.8421,104.2105
2025-08-06T15:16:31,12.8953,12.8953,12.8953,12.8953,56.0526
2025-08-06T15:16:32,12.9485,12.9485,12.9485,12.9485,47.7895
2025-08-06T15:16:35,12.92,12.92,12.92,12.92,57.3158
2025-08-06T15:16:36,12.901,12.901,12.901,12.901,31.3158
2025-08-06T15:16:39,12.9447,12.9447,12.9447,12.9447,5.2632
2025-08-06T15:16:40,12.9048,12.9048,12.9048,12.9048,78.9474
2025-08-06T15:16:41,12.9485,12.9485,12.9485,12.9485,38.7368
2025-08-06T15:16:42,12.939,12.9409,12.939,12.9409,210.5263
2025-08-06T15:16:45,12.9029,12.9428,12.9029,12.9428,211.3684
2025-08-06T15:16:47,12.9466,12.9466,12.9466,12.9466,273.6842
2025-08-06T15:16:48,12.9466,12.9466,12.9447,12.9466,805.1053
2025-08-06T15:16:49,12.9485,12.9618,12.9447,12.9447,70.2105
2025-08-06T15:16:50,12.9751,13.0112,12.9751,12.9884,988.5263
2025-08-06T15:16:51,13.0093,13.015,12.9922,12.9922,761.1579
2025-08-06T15:16:52,13.0017,13.015,12.9818,13.015,1570.6316
2025-08-06T15:16:53,13.0036,13.015,12.9656,13.015,3326.4737
2025-08-06T15:16:54,13.0112,13.0169,13.0112,13.0169,413.3158
2025-08-06T15:16:55,13.0169,13.0321,13.0169,13.0321,178.3158
2025-08-06T15:16:56,13.034,13.034,13.015,13.015,1969.8421
2025-08-06T15:16:57,13.015,13.11,13.015,13.0606,1623.5789
2025-08-06T15:16:58,13.0863,13.0863,13.0863,13.0863,40.3684
2025-08-06T15:16:59,13.1081,13.11,13.0226,13.0891,1198.4737
2025-08-06T15:17:00,13.0967,13.1081,13.0967,13.1081,40.7368
2025-08-06T15:17:01,13.1081,13.1081,13.0853,13.0853,204.9474
2025-08-06T15:17:02,13.0881,13.0881,13.0872,13.0872,552.6842
2025-08-06T15:17:03,13.091,13.0967,13.0853,13.0967,133.3684
2025-08-06T15:17:04,13.091,13.0967,13.034,13.0929,994.5789
2025-08-06T15:17:05,13.0635,13.091,13.034,13.091,2145.6316
2025-08-06T15:17:06,13.0967,13.0967,13.0967,13.0967,60.6842
2025-08-06T15:17:07,13.0758,13.11,13.0663,13.0663,1525.5789
2025-08-06T15:17:08,13.0872,13.1081,13.0663,13.1081,3164.7895
2025-08-06T15:17:09,13.1062,13.1062,13.0682,13.0967,633.4737
2025-08-06T15:17:10,13.0872,13.1081,13.0682,13.0872,661.5263
2025-08-06T15:17:11,13.0682,13.1005,13.0682,13.1005,395.0526
2025-08-06T15:17:14,13.0948,13.1024,13.072,13.0896,1528.9474
2025-08-06T15:17:15,13.0872,13.1062,13.0663,13.1005,1610.5263
2025-08-06T15:17:16,13.1005,13.1005,13.1005,13.1005,8.6842
2025-08-06T15:17:17,13.1005,13.1043,13.1005,13.1043,588.5789
2025-08-06T15:17:18,13.1024,13.1043,13.1005,13.1043,182.6316
2025-08-06T15:17:19,13.1005,13.1043,13.0682,13.0682,333.4211
2025-08-06T15:17:21,13.0739,13.0739,13.0663,13.0682,678.9474
2025-08-06T15:17:22,13.0739,13.0872,13.072,13.0872,452.6842
2025-08-06T15:17:24,13.0739,13.0796,13.0739,13.0796,345.6842
2025-08-06T15:17:27,13.0739,13.0739,13.0359,13.0359,1854.1579
2025-08-06T15:17:28,13.0511,13.0511,13.0359,13.0359,1295.1053
2025-08-06T15:17:29,13.0445,13.0445,13.0435,13.0435,332.3158
2025-08-06T15:17:30,13.0378,13.0378,13.0378,13.0378,61.4737
2025-08-06T15:17:31,13.0359,13.0444,13.0359,13.0359,357.5263
2025-08-06T15:17:32,13.0701,13.0701,13.0359,13.0359,255.8421
2025-08-06T15:17:33,13.0701,13.0701,13.0701,13.0701,26.3158
2025-08-06T15:17:34,13.072,13.072,13.0663,13.0663,27.5789
2025-08-06T15:17:35,13.0359,13.0359,13.0359,13.0359,72.0526
2025-08-06T15:17:36,13.053,13.053,13.053,13.053,20.2632
2025-08-06T15:17:37,13.0663,13.0663,13.0378,13.0378,246.0
2025-08-06T15:17:38,13.0511,13.0511,13.0492,13.0492,80.1579
2025-08-06T15:17:39,13.0359,13.0663,13.0359,13.0492,54.8947
2025-08-06T15:17:40,13.0644,13.0644,13.0644,13.0644,27.5789
2025-08-06T15:17:41,13.0644,13.0644,13.0359,13.0378,53.4737
2025-08-06T15:17:42,13.0663,13.0663,13.0378,13.0378,59.1053
2025-08-06T15:17:43,13.053,13.053,13.053,13.053,47.2105
2025-08-06T15:17:46,13.0549,13.0872,13.0549,13.0682,1141.3158
2025-08-06T15:17:47,13.0853,13.0853,13.0853,13.0853,731.5789
2025-08-06T15:17:48,13.0853,13.0853,13.0853,13.0853,48.4211
2025-08-06T15:17:49,13.0682,13.0682,13.0682,13.0682,6.8421
2025-08-06T15:17:50,13.0853,13.0872,13.0853,13.0872,48.5263
2025-08-06T15:17:51,13.0644,13.0644,13.0644,13.0644,14.0
2025-08-06T15:17:52,13.0872,13.0872,13.0644,13.0853,666.0526
2025-08-06T15:17:53,13.0492,13.0511,13.0492,13.0511,210.5263
2025-08-06T15:17:55,13.0549,13.0549,13.0549,13.0549,55.4737
2025-08-06T15:17:56,13.0691,13.0853,13.0691,13.0701,1610.1579
2025-08-06T15:17:57,13.0691,13.0853,13.053,13.053,206.6316
2025-08-06T15:17:58,13.0834,13.0834,13.0834,13.0834,6.2105
2025-08-06T15:17:59,13.0549,13.0549,13.0549,13.0549,106.3158
2025-08-06T15:18:01,13.0834,13.0844,13.0834,13.0841,108.5789
2025-08-06T15:18:02,13.0834,13.0834,13.0834,13.0834,210.5263
2025-08-06T15:18:03,13.0853,13.0853,13.0834,13.0834,57.9474
2025-08-06T15:18:04,13.0834,13.0834,13.0834,13.0834,94.7368
2025-08-06T15:18:07,13.0834,13.0853,13.0834,13.0853,126.3158
2025-08-06T15:18:08,13.0853,13.0853,13.0851,13.0851,325.9474
2025-08-06T15:18:10,13.0834,13.0834,13.0834,13.0834,71.3684
2025-08-06T15:18:12,13.0834,13.1499,13.0834,13.1062,1949.4737
2025-08-06T15:18:13,13.1081,13.2506,13.1081,13.205,4037.9474
2025-08-06T15:18:14,13.2487,13.2506,13.1632,13.2069,1135.2105
2025-08-06T15:18:15,13.2487,13.2487,13.243,13.243,677.0526
2025-08-06T15:18:16,13.2487,13.2487,13.2373,13.2373,478.9474
2025-08-06T15:18:17,13.243,13.2487,13.243,13.2487,300.7368
2025-08-06T15:18:18,13.2487,13.2487,13.2373,13.2373,302.3684
2025-08-06T15:18:19,13.2506,13.2506,13.2354,13.2449,385.3684
2025-08-06T15:18:20,13.2449,13.2449,13.2354,13.2354,1579.2105
2025-08-06T15:18:21,13.2364,13.2468,13.2364,13.2468,849.3158
2025-08-06T15:18:22,13.2354,13.2449,13.1936,13.2449,588.7368
2025-08-06T15:18:23,13.2449,13.2449,13.243,13.243,207.2105
2025-08-06T15:18:24,13.2449,13.2449,13.243,13.2439,42.7368
2025-08-06T15:18:25,13.2439,13.2439,13.2439,13.2439,104.5263
2025-08-06T15:18:26,13.243,13.243,13.243,13.243,97.3684
2025-08-06T15:18:27,13.243,13.2435,13.1651,13.1651,758.1579
2025-08-06T15:18:28,13.1651,13.2449,13.1651,13.2449,224.5263
2025-08-06T15:18:29,13.2354,13.2392,13.2354,13.2392,187.8947
2025-08-06T15:18:30,13.2354,13.2354,13.0872,13.1556,1501.2632
2025-08-06T15:18:31,13.1556,13.1889,13.1556,13.1889,168.6842
2025-08-06T15:18:32,13.1575,13.1898,13.1556,13.1898,240.8421
2025-08-06T15:18:33,13.1879,13.2221,13.1879,13.2221,142.1053
2025-08-06T15:18:34,13.2221,13.2221,13.1917,13.1917,23.8421
2025-08-06T15:18:35,13.2146,13.2221,13.2072,13.2072,687.4737
2025-08-06T15:18:36,13.1708,13.2221,13.1708,13.2221,15.7895
2025-08-06T15:18:37,13.2202,13.2449,13.2202,13.2221,642.1053
2025-08-06T15:18:38,13.2202,13.2202,13.1936,13.1936,660.2632
2025-08-06T15:18:39,13.2221,13.2221,13.2202,13.2202,112.3158
2025-08-06T15:18:40,13.2221,13.2221,13.2221,13.2221,35.5263
2025-08-06T15:18:41,13.2221,13.2221,13.2221,13.2221,166.1579
2025-08-06T15:18:42,13.2221,13.2221,13.2221,13.2221,105.2632
2025-08-06T15:18:43,13.2202,13.2202,13.1993,13.2202,42.6842
2025-08-06T15:18:44,13.1765,13.1765,13.1746,13.1746,56.3684
2025-08-06T15:18:45,13.2221,13.2221,13.2221,13.2221,56.3158
2025-08-06T15:18:47,13.1803,13.2164,13.1803,13.2164,266.7368
2025-08-06T15:18:48,13.2221,13.2221,13.2221,13.2221,26.8421
2025-08-06T15:18:49,13.1936,13.2069,13.1936,13.2069,90.3158
2025-08-06T15:18:50,13.2069,13.2221,13.2069,13.2221,129.9474
2025-08-06T15:18:51,13.1955,13.2088,13.1955,13.1955,66.3158
2025-08-06T15:18:52,13.1974,13.1974,13.1974,13.1974,5.2632
2025-08-06T15:18:53,13.2221,13.2221,13.2221,13.2221,44.0
2025-08-06T15:18:54,13.2088,13.2221,13.2088,13.2221,17.3158
2025-08-06T15:18:55,13.1955,13.2221,13.1955,13.2221,14.4211
2025-08-06T15:18:56,13.2012,13.2012,13.2012,13.2012,273.6842
2025-08-06T15:18:57,13.2107,13.2107,13.2107,13.2107,26.3158
2025-08-06T15:18:58,13.2012,13.2107,13.1993,13.1993,423.0
2025-08-06T15:18:59,13.2202,13.2221,13.2012,13.2012,343.4211
2025-08-06T15:19:01,13.2107,13.2107,13.2069,13.2088,512.9474
2025-08-06T15:19:02,13.2012,13.2012,13.2012,13.2012,23.7368
2025-08-06T15:19:03,13.2107,13.2107,13.2012,13.2107,20.9474
2025-08-06T15:19:04,13.2069,13.2069,13.2012,13.2012,101.8421
2025-08-06T15:19:05,13.2202,13.2221,13.2202,13.2221,195.6316
2025-08-06T15:19:06,13.2107,13.2107,13.2107,13.2107,108.2105
2025-08-06T15:19:07,13.2012,13.2031,13.1993,13.2031,840.6316
2025-08-06T15:19:08,13.1993,13.2031,13.1974,13.2012,1668.7895
2025-08-06T15:19:09,13.1993,13.1993,13.1974,13.1993,292.6842
2025-08-06T15:19:10,13.1974,13.1974,13.1974,13.1974,7.9474
2025-08-06T15:19:11,13.1974,13.1974,13.1917,13.1917,1134.5789
2025-08-06T15:19:12,13.1936,13.1936,13.1917,13.1936,291.0526
2025-08-06T15:19:13,13.1841,13.1841,13.1689,13.1689,420.6316
2025-08-06T15:19:14,13.1575,13.1575,13.1556,13.1575,516.5789
2025-08-06T15:19:15,13.1689,13.1689,13.1689,13.1689,157.8947
2025-08-06T15:19:16,13.1556,13.1556,13.1404,13.1404,328.1579
2025-08-06T15:19:17,13.1404,13.1556,13.0587,13.1005,1448.0526
2025-08-06T15:19:18,13.0625,13.0872,13.0625,13.0625,926.6842
2025-08-06T15:19:19,13.0606,13.1328,13.0606,13.1328,746.8947
2025-08-06T15:19:20,13.0739,13.1033,13.0739,13.1033,333.5789
2025-08-06T15:19:21,13.1309,13.1328,13.0758,13.1328,236.6316
2025-08-06T15:19:22,13.1309,13.1309,13.1309,13.1309,26.3158
2025-08-06T15:19:23,13.1081,13.1081,13.0929,13.0929,500.0526
2025-08-06T15:19:24,13.1043,13.1043,13.0739,13.0739,281.8421
2025-08-06T15:19:25,13.0758,13.0758,13.0758,13.0758,158.4211
2025-08-06T15:19:26,13.0758,13.0853,13.0682,13.0853,465.8421
2025-08-06T15:19:27,13.0682,13.0758,13.053,13.053,2324.0
2025-08-06T15:19:29,13.0587,13.1328,13.0568,13.1328,2716.0
2025-08-06T15:19:31,13.1326,13.1326,13.1326,13.1326,14.3158
2025-08-06T15:19:32,13.0986,13.0986,13.0967,13.0967,58.7368
2025-08-06T15:19:33,13.1024,13.1024,13.0758,13.0758,24.1053
2025-08-06T15:19:35,13.0739,13.0986,13.0739,13.0986,22.7368
2025-08-06T15:19:36,13.1252,13.1252,13.0796,13.1252,420.4737
2025-08-06T15:19:38,13.0986,13.0996,13.0739,13.0739,351.7368
2025-08-06T15:19:39,13.1024,13.1024,13.1024,13.1024,26.3158
2025-08-06T15:19:41,13.1119,13.1157,13.1024,13.1024,197.5263
2025-08-06T15:19:42,13.1138,13.1138,13.1138,13.1138,6.7368
2025-08-06T15:19:44,13.1005,13.1024,13.0758,13.1024,69.8947
2025-08-06T15:19:45,13.1024,13.1024,13.0758,13.0758,69.1579
2025-08-06T15:19:46,13.0881,13.0881,13.0881,13.0881,23.1053
2025-08-06T15:19:47,13.0739,13.0815,12.9202,13.072,195.8947
2025-08-06T15:19:48,13.072,13.072,13.072,13.072,20.0526
2025-08-06T15:19:50,13.072,13.0739,13.072,13.0739,38.0526
2025-08-06T15:19:51,13.072,13.0739,13.072,13.0739,54.4737
2025-08-06T15:19:52,13.072,13.0739,13.072,13.0739,45.8421
2025-08-06T15:19:53,13.072,13.072,13.072,13.072,18.0
2025-08-06T15:19:54,13.072,13.0739,13.072,13.072,35.8421
2025-08-06T15:19:55,13.0739,13.0758,13.0739,13.0739,314.1053
2025-08-06T15:19:56,13.0739,13.0758,13.0739,13.0758,68.4211
2025-08-06T15:19:57,13.0749,13.0749,13.0749,13.0749,44.4211
2025-08-06T15:19:58,13.0739,13.0739,13.0739,13.0739,1001.1053
2025-08-06T15:19:59,13.0739,13.0739,13.0739,13.0739,24.7895
2025-08-06T15:20:01,13.0758,13.0758,13.0758,13.0758,953.4737
2025-08-06T15:20:02,13.0749,13.0749,13.0739,13.0739,36.4737
2025-08-06T15:20:03,13.0758,13.0758,13.0749,13.0749,84.6842
2025-08-06T15:20:04,13.0739,13.0739,13.0397,13.0606,1367.0526
2025-08-06T15:20:07,13.072,13.072,13.072,13.072,5.7368
2025-08-06T15:20:13,13.0587,13.0587,13.0169,13.034,536.5263
2025-08-06T15:20:14,13.015,13.015,13.0055,13.0055,378.1579
2025-08-06T15:20:15,13.0321,13.0321,12.8326,12.8345,2904.4211
2025-08-06T15:20:16,12.8659,12.8659,12.8659,12.8659,5.2632
2025-08-06T15:20:17,12.8545,12.8763,12.8326,12.8326,186.1053
2025-08-06T15:20:18,12.8725,12.9447,12.863,12.8649,855.3158
2025-08-06T15:20:21,13.0017,13.0017,12.9428,12.9428,26.3158
2025-08-06T15:20:22,12.9257,12.9257,12.9257,12.9257,371.6316
2025-08-06T15:20:23,13.0017,13.0017,13.0017,13.0017,51.0526
2025-08-06T15:20:25,12.9276,12.9656,12.9276,12.9656,43.4737
2025-08-06T15:20:28,13.0017,13.0017,12.9314,12.9314,81.7895
2025-08-06T15:20:31,12.9637,12.9637,12.9637,12.9637,87.8947
2025-08-06T15:20:32,12.9656,12.9656,12.92,12.9219,293.4737
2025-08-06T15:20:33,12.9637,12.9637,12.9637,12.9637,7.8947
2025-08-06T15:20:35,12.9295,12.9295,12.9295,12.9295,68.0526
2025-08-06T15:20:36,12.9314,12.9447,12.9295,12.9447,124.7368
2025-08-06T15:20:37,12.9314,12.9447,12.9295,12.9447,110.4211
2025-08-06T15:20:38,12.9599,12.9599,12.9599,12.9599,210.5263
2025-08-06T15:20:39,12.9447,12.9447,12.9105,12.92,1610.3158
2025-08-06T15:20:40,12.9295,12.9295,12.9295,12.9295,12.1579
2025-08-06T15:20:41,12.9295,12.9409,12.92,12.9409,112.5263
2025-08-06T15:20:43,12.9371,12.9371,12.9371,12.9371,194.5263
2025-08-06T15:20:47,12.9219,12.9219,12.92,12.92,1341.7368
2025-08-06T15:20:50,12.9124,12.9162,12.8326,12.9162,336.0
2025-08-06T15:20:52,12.9143,12.9143,12.9143,12.9143,57.2632
2025-08-06T15:20:56,12.9105,12.9105,12.8345,12.8345,431.6842
2025-08-06T15:20:57,12.8326,12.9029,12.8326,12.863,209.1579
2025-08-06T15:20:59,12.8725,12.9086,12.8345,12.9086,131.1053
2025-08-06T15:21:00,12.8326,12.8326,12.8326,12.8326,68.5789
2025-08-06T15:21:01,12.8421,12.9086,12.8421,12.9086,35.4737
2025-08-06T15:21:03,12.863,12.863,12.8345,12.8516,137.7895
2025-08-06T15:21:04,12.8345,12.9086,12.8345,12.8364,379.3684
2025-08-06T15:21:05,12.9086,12.9086,12.8725,12.8725,13.6842
2025-08-06T15:21:06,12.8364,12.8421,12.8364,12.8421,76.2105
2025-08-06T15:21:08,12.863,12.863,12.863,12.863,9.3158
2025-08-06T15:21:09,12.8611,12.8611,12.8611,12.8611,9.6842
2025-08-06T15:21:10,12.863,12.9067,12.8611,12.9067,301.7895
2025-08-06T15:21:12,12.9067,12.9143,12.8877,12.8877,432.4737
2025-08-06T15:21:13,12.8896,12.8896,12.8896,12.8896,210.5263
2025-08-06T15:21:14,12.882,12.882,12.8782,12.8801,101.5263
2025-08-06T15:21:15,12.8744,12.8877,12.8744,12.8877,123.7895
2025-08-06T15:21:18,12.9143,12.9143,12.9143,12.9143,100.3684
2025-08-06T15:21:20,12.8765,12.8765,12.8765,12.8765,8.7368
2025-08-06T15:21:21,12.8782,12.8906,12.8782,12.8906,62.2105
2025-08-06T15:21:24,12.8972,12.8972,12.882,12.8915,319.9474
2025-08-06T15:21:25,12.9042,12.9042,12.9042,12.9042,17.0526
2025-08-06T15:21:26,12.8915,12.8915,12.8839,12.8839,117.0
2025-08-06T15:21:27,12.8915,12.8915,12.8915,12.8915,5.7368
2025-08-06T15:21:29,12.8896,12.8896,12.8896,12.8896,5.8421
2025-08-06T15:21:30,12.8896,12.8896,12.8896,12.8896,105.3684
2025-08-06T15:21:31,12.8858,12.8858,12.8858,12.8858,149.6842
2025-08-06T15:21:32,12.8801,12.8801,12.8801,12.8801,55.0
2025-08-06T15:21:33,12.8801,12.8801,12.8801,12.8801,10.7368
2025-08-06T15:21:36,12.8858,12.8915,12.8858,12.8915,208.1579
2025-08-06T15:21:37,12.882,12.8858,12.882,12.882,32.4211
2025-08-06T15:21:38,12.882,12.8915,12.882,12.882,121.2105
2025-08-06T15:21:39,12.8896,12.8896,12.8896,12.8896,10.2105
2025-08-06T15:21:40,12.8896,12.8896,12.8896,12.8896,10.5263
2025-08-06T15:21:41,12.882,12.882,12.8801,12.8801,77.3684
2025-08-06T15:21:42,12.8687,12.8687,12.8687,12.8687,210.5263
2025-08-06T15:21:43,12.8877,12.8896,12.8877,12.8896,52.6316
2025-08-06T15:21:46,12.8687,12.8687,12.8687,12.8687,28.5263
2025-08-06T15:21:47,12.8668,12.8668,12.863,12.863,34.0526
2025-08-06T15:21:48,12.8668,12.8991,12.8668,12.8991,135.2632
2025-08-06T15:21:49,12.8839,12.9124,12.8839,12.9124,487.3158
2025-08-06T15:21:50,12.882,12.882,12.882,12.882,20.1053
2025-08-06T15:21:53,12.9067,12.9067,12.9067,12.9067,10.5263
2025-08-06T15:21:54,12.8982,12.8991,12.882,12.882,427.7895
2025-08-06T15:21:55,12.882,12.882,12.882,12.882,31.5263
2025-08-06T15:21:56,12.882,12.882,12.882,12.882,51.4211
2025-08-06T15:22:00,12.8915,12.8915,12.8915,12.8915,216.1053
2025-08-06T15:22:02,12.8915,12.8915,12.8915,12.8915,36.2105
2025-08-06T15:22:03,12.8839,12.8839,12.8839,12.8839,424.4211
2025-08-06T15:22:04,12.8839,12.8839,12.8839,12.8839,67.5263
2025-08-06T15:22:05,12.8982,12.8982,12.8982,12.8982,17.1053
2025-08-06T15:22:06,12.8858,12.8858,12.8858,12.8858,5.2632
2025-08-06T15:22:07,12.882,12.882,12.825,12.825,528.1579
2025-08-06T15:22:08,12.8554,12.8554,12.8554,12.8554,43.2632
2025-08-06T15:22:10,12.8269,12.8269,12.8269,12.8269,31.5789
2025-08-06T15:22:12,12.8402,12.8402,12.8402,12.8402,48.2632
2025-08-06T15:22:13,12.825,12.825,12.825,12.825,906.6316
2025-08-06T15:22:14,12.825,12.8269,12.825,12.825,143.7895
2025-08-06T15:22:15,12.8269,12.8269,12.8269,12.8269,10.3158
2025-08-06T15:22:16,12.825,12.825,12.825,12.825,57.0
2025-08-06T15:22:17,12.825,12.825,12.825,12.825,78.9474
2025-08-06T15:22:18,12.825,12.8269,12.825,12.8269,439.4737
2025-08-06T15:22:19,12.825,12.8269,12.825,12.8269,346.7368
2025-08-06T15:22:20,12.8269,12.8269,12.8269,12.8269,52.8947
2025-08-06T15:22:21,12.825,12.825,12.825,12.825,89.1579
2025-08-06T15:22:22,12.8269,12.8269,12.825,12.825,315.7895
2025-08-06T15:22:23,12.825,12.8269,12.825,12.8269,22.6842
2025-08-06T15:22:24,12.825,12.825,12.825,12.825,52.6316
2025-08-06T15:22:25,12.825,12.8269,12.825,12.8269,48.8421
2025-08-06T15:22:26,12.825,12.825,12.825,12.825,32.1053
2025-08-06T15:22:27,12.8269,12.8269,12.825,12.825,260.9474
2025-08-06T15:22:29,12.825,12.825,12.825,12.825,104.5263
2025-08-06T15:22:30,12.8269,12.8269,12.825,12.825,116.3684
2025-08-06T15:22:31,12.825,12.825,12.825,12.825,368.6842
2025-08-06T15:22:33,12.825,12.825,12.825,12.825,233.8947
2025-08-06T15:22:34,12.825,12.826,12.825,12.825,249.1053
2025-08-06T15:22:35,12.825,12.8252,12.825,12.8252,1056.1053
2025-08-06T15:22:37,12.825,12.825,12.825,12.825,84.7895
2025-08-06T15:22:38,12.826,12.826,12.825,12.825,74.4737
2025-08-06T15:22:39,12.825,12.825,12.825,12.825,13.5789
2025-08-06T15:22:40,12.825,12.825,12.825,12.825,73.6842
2025-08-06T15:22:41,12.8269,12.8269,12.825,12.825,24.8947
2025-08-06T15:22:45,12.825,12.825,12.825,12.825,35.0526
2025-08-06T15:22:46,12.825,12.825,12.825,12.825,110.7368
2025-08-06T15:22:47,12.825,12.825,12.825,12.825,337.9474
2025-08-06T15:22:48,12.8269,12.8269,12.825,12.825,174.2632
2025-08-06T15:22:49,12.825,12.8269,12.825,12.8269,702.1579
2025-08-06T15:22:51,12.8267,12.8267,12.825,12.825,373.3158
2025-08-06T15:22:53,12.8269,12.8269,12.8269,12.8269,11.5789
2025-08-06T15:22:54,12.825,12.825,12.825,12.825,5.2632
2025-08-06T15:22:55,12.825,12.825,12.825,12.825,15.2632
2025-08-06T15:22:56,12.825,12.825,12.825,12.825,314.4211
2025-08-06T15:22:57,12.825,12.825,12.825,12.825,246.0
2025-08-06T15:22:58,12.8117,12.8269,12.8117,12.825,75.2632
2025-08-06T15:22:59,12.825,12.825,12.825,12.825,64.6316
2025-08-06T15:23:00,12.825,12.825,12.825,12.825,19.7895
2025-08-06T15:23:01,12.826,12.8269,12.825,12.825,88.0
2025-08-06T15:23:03,12.825,12.825,12.825,12.825,52.6316
2025-08-06T15:23:04,12.825,12.8269,12.825,12.8269,29.3684
2025-08-06T15:23:05,12.8269,12.8269,12.8269,12.8269,52.6316
2025-08-06T15:23:06,12.826,12.826,12.826,12.826,47.7368
2025-08-06T15:23:07,12.826,12.826,12.826,12.826,13.1579
2025-08-06T15:23:09,12.825,12.825,12.825,12.825,78.9474
2025-08-06T15:23:10,12.825,12.8254,12.825,12.8254,43.9474
2025-08-06T15:23:11,12.825,12.8269,12.825,12.8269,17.3684
2025-08-06T15:23:12,12.825,12.844,12.7699,12.7699,798.1579
2025-08-06T15:23:14,12.7851,12.8269,12.7813,12.787,1697.1053
2025-08-06T15:23:15,12.7737,12.7737,12.7737,12.7737,32.8947
2025-08-06T15:23:16,12.8231,12.9086,12.7794,12.8117,1867.8421
2025-08-06T15:23:17,12.9048,12.9048,12.9048,12.9048,526.3684
2025-08-06T15:23:18,12.825,12.9067,12.825,12.9067,900.0
2025-08-06T15:23:19,12.9067,12.9067,12.9067,12.9067,14.3684
2025-08-06T15:23:21,12.8725,12.9067,12.8725,12.9067,273.6842
2025-08-06T15:23:22,12.9067,12.9067,12.9067,12.9067,263.1579
2025-08-06T15:23:26,12.9067,12.9067,12.9067,12.9067,747.9474
2025-08-06T15:23:27,12.9048,13.1024,12.9048,13.1024,1789.8947
2025-08-06T15:23:29,13.0701,13.0701,13.0701,13.0701,110.8947
2025-08-06T15:23:30,13.0169,13.0169,13.0169,13.0169,10.5263
2025-08-06T15:23:32,13.0188,13.0188,13.0188,13.0188,5.6842
2025-08-06T15:23:33,13.053,13.053,12.92,12.9219,323.1579
2025-08-06T15:23:34,12.9105,13.0511,12.9105,13.0511,98.8421
2025-08-06T15:23:35,13.0017,13.0017,13.0017,13.0017,5.2632
2025-08-06T15:23:36,13.0359,13.0359,13.0359,13.0359,19.2632
2025-08-06T15:23:39,12.9599,12.9846,12.9599,12.9846,176.6316
2025-08-06T15:23:41,12.9846,12.9846,12.9846,12.9846,15.7895
2025-08-06T15:23:42,12.9751,12.9751,12.9751,12.9751,38.9474
2025-08-06T15:23:43,12.9846,12.996,12.9846,12.996,93.3158
2025-08-06T15:23:44,13.015,13.015,13.015,13.015,5.2632
2025-08-06T15:23:45,13.0169,13.0169,13.0169,13.0169,31.2105
2025-08-06T15:23:46,12.996,12.996,12.9856,12.9856,60.5789
2025-08-06T15:23:48,12.9903,12.9903,12.9903,12.9903,19.6316
2025-08-06T15:23:49,12.996,12.996,12.9751,12.9751,157.8947
2025-08-06T15:23:50,12.9846,12.9846,12.9846,12.9846,204.3158
2025-08-06T15:23:51,12.977,12.9846,12.9751,12.9751,126.9474
2025-08-06T15:23:54,13.0169,13.0169,13.0017,13.0169,526.3158
2025-08-06T15:23:56,13.0169,13.0169,12.9922,12.9922,219.8421
2025-08-06T15:23:59,13.0074,13.0169,13.0074,13.0169,46.2105
2025-08-06T15:24:02,13.0036,13.0036,13.0036,13.0036,192.0526
2025-08-06T15:24:03,13.0055,13.0169,12.9922,13.0169,252.6316
2025-08-06T15:24:07,13.0169,13.0169,12.9922,12.9922,136.8421
2025-08-06T15:24:09,13.015,13.015,13.015,13.015,13.1053
2025-08-06T15:24:10,13.015,13.015,13.015,13.015,5.2632
2025-08-06T15:24:11,13.015,13.015,13.015,13.015,161.3684
2025-08-06T15:24:12,13.0055,13.0055,13.0055,13.0055,40.5263
2025-08-06T15:24:13,13.0169,13.0169,13.0036,13.0036,165.0526
2025-08-06T15:24:15,13.0036,13.0112,13.0036,13.0112,484.2105
2025-08-06T15:24:16,13.015,13.0169,13.015,13.0169,31.7895
2025-08-06T15:24:19,13.0093,13.015,13.0093,13.015,14.7368
2025-08-06T15:24:20,13.0055,13.0169,13.0036,13.0169,1398.1579
2025-08-06T15:24:22,13.0112,13.0112,13.0112,13.0112,66.1053
2025-08-06T15:24:23,13.0093,13.0169,13.0055,13.0112,1385.2632
2025-08-06T15:24:24,13.0055,13.0055,13.0055,13.0055,26.3158
2025-08-06T15:24:25,13.0112,13.0169,13.0112,13.0169,1315.7895
2025-08-06T15:24:26,13.0055,13.0074,12.9865,12.9865,509.6842
2025-08-06T15:24:27,12.9846,13.0074,12.92,12.9485,3516.1053
2025-08-06T15:24:28,12.9865,12.9865,12.9428,12.9428,552.8947
2025-08-06T15:24:29,12.9637,12.9637,12.9428,12.9428,38.5789
2025-08-06T15:24:30,12.9846,12.9865,12.9846,12.9865,2631.5789
2025-08-06T15:24:31,12.9675,12.9865,12.9647,12.9865,300.7368
2025-08-06T15:24:38,12.9647,12.9846,12.9447,12.9846,72.4737
2025-08-06T15:24:40,12.9447,12.9447,12.9447,12.9447,8.6316
2025-08-06T15:24:43,12.9295,12.9371,12.92,12.9219,105.2632
2025-08-06T15:24:47,12.92,12.92,12.92,12.92,10.1053
2025-08-06T15:24:48,12.9314,12.9314,12.9314,12.9314,10.7368
2025-08-06T15:24:50,12.9238,12.9238,12.92,12.92,118.4737
2025-08-06T15:24:51,12.9428,12.9428,12.9219,12.9219,142.1053
2025-08-06T15:24:54,12.9219,12.9219,12.9219,12.9219,84.3684
2025-08-06T15:24:55,12.92,12.9219,12.92,12.9219,108.6842
2025-08-06T15:24:56,12.92,12.92,12.92,12.92,28.9474
2025-08-06T15:24:57,12.9219,12.9219,12.9219,12.9219,5.2632
2025-08-06T15:24:58,12.92,12.92,12.92,12.92,73.8421
2025-08-06T15:24:59,12.9219,12.9219,12.9219,12.9219,26.4737
2025-08-06T15:25:00,12.92,12.92,12.92,12.92,99.5263
2025-08-06T15:25:01,12.9219,12.9219,12.92,12.92,252.0
2025-08-06T15:25:02,12.921,12.9219,12.921,12.9219,34.6842
2025-08-06T15:25:03,12.9219,12.9219,12.9219,12.9219,9.4211
2025-08-06T15:25:04,12.92,12.92,12.92,12.92,15.6316
2025-08-06T15:25:05,12.9201,12.9201,12.7699,12.8098,1380.4211
2025-08-06T15:25:06,12.7737,12.7737,12.6198,12.6236,6467.5789
2025-08-06T15:25:07,12.6236,12.6274,12.6046,12.6046,3896.5263
2025-08-06T15:25:08,12.54,12.6407,12.4089,12.4108,7837.5789
2025-08-06T15:25:09,12.445,12.4678,12.445,12.4583,82.7368
2025-08-06T15:25:10,12.4564,12.4564,12.4564,12.4564,16.8421
2025-08-06T15:25:11,12.4545,12.6426,12.4545,12.6065,542.4211
2025-08-06T15:25:12,12.5533,12.5837,12.5533,12.5837,167.8947
2025-08-06T15:25:13,12.5837,12.6122,12.5837,12.5837,543.7895
2025-08-06T15:25:14,12.6065,12.6065,12.5552,12.5552,494.1579
2025-08-06T15:25:15,12.5533,12.6084,12.5533,12.5808,198.3684
2025-08-06T15:25:16,12.5799,12.5799,12.5533,12.5552,715.1579
2025-08-06T15:25:17,12.597,12.597,12.597,12.597,34.3158
2025-08-06T15:25:18,12.5856,12.5856,12.5828,12.5837,318.7368
2025-08-06T15:25:19,12.5828,12.5837,12.5552,12.5571,2267.4211
2025-08-06T15:25:20,12.5533,12.5628,12.5324,12.5324,552.6842
2025-08-06T15:25:21,12.6065,12.6065,12.3635,12.4982,1608.2105
2025-08-06T15:25:22,12.4982,12.5362,12.426,12.426,1222.1579
2025-08-06T15:25:23,12.4744,12.5191,12.4744,12.5191,510.5263
2025-08-06T15:25:24,12.521,12.54,12.5058,12.54,1613.0
2025-08-06T15:25:25,12.54,12.5571,12.54,12.5571,27.2105
2025-08-06T15:25:28,12.521,12.7889,12.521,12.7889,1401.7368
2025-08-06T15:25:29,12.7224,12.7224,12.6654,12.6654,150.6316
2025-08-06T15:25:30,12.6673,12.6673,12.6673,12.6673,10.2105
2025-08-06T15:25:32,12.7775,12.7775,12.7775,12.7775,10.5263
2025-08-06T15:25:33,12.6654,12.6673,12.6654,12.6673,36.8421
2025-08-06T15:25:34,12.6654,12.7167,12.6654,12.7167,200.5789
2025-08-06T15:25:35,12.7072,12.7167,12.7072,12.7167,84.7368
2025-08-06T15:25:36,12.6692,12.6692,12.6692,12.6692,476.0526
2025-08-06T15:25:37,12.7148,12.7148,12.7148,12.7148,26.5263
2025-08-06T15:25:39,12.6673,12.6673,12.6673,12.6673,39.0
2025-08-06T15:25:41,12.6673,12.6673,12.6673,12.6673,15.9474
2025-08-06T15:25:43,12.6692,12.6692,12.6692,12.6692,24.4737
2025-08-06T15:25:45,12.7015,12.7015,12.7015,12.7015,160.1579
2025-08-06T15:25:46,12.693,12.693,12.6692,12.6692,81.8421
2025-08-06T15:25:47,12.6673,12.6673,12.6673,12.6673,77.5789
2025-08-06T15:25:48,12.6274,12.6692,12.6274,12.6692,133.7895
2025-08-06T15:25:49,12.6084,12.6084,12.5837,12.5837,80.8421
2025-08-06T15:25:51,12.6692,12.6692,12.6692,12.6692,14.8947
2025-08-06T15:25:52,12.6673,12.6673,12.5837,12.5837,55.3684
2025-08-06T15:25:53,12.654,12.6673,12.5818,12.6673,562.8947
2025-08-06T15:25:56,12.5837,12.5837,12.5837,12.5837,8.6316
2025-08-06T15:25:57,12.5847,12.5847,12.5847,12.5847,5.2632
2025-08-06T15:25:58,12.5837,12.5847,12.5837,12.5847,67.6316
2025-08-06T15:26:00,12.6103,12.6103,12.5856,12.5856,300.7895
2025-08-06T15:26:01,12.5837,12.5856,12.5837,12.5837,477.5263
2025-08-06T15:26:03,12.5818,12.5818,12.5571,12.5571,203.7368
2025-08-06T15:26:04,12.559,12.5704,12.559,12.5704,198.7368
2025-08-06T15:26:05,12.5818,12.5818,12.5571,12.5571,114.4211
2025-08-06T15:26:07,12.5571,12.5704,12.54,12.54,136.1579
2025-08-06T15:26:08,12.5419,12.559,12.5419,12.559,32.7895
2025-08-06T15:26:09,12.5552,12.5837,12.5495,12.5495,675.6316
2025-08-06T15:26:10,12.5552,12.635,12.5552,12.635,1320.5263
2025-08-06T15:26:11,12.635,12.635,12.5647,12.5647,227.5789
2025-08-06T15:26:16,12.5856,12.5875,12.5856,12.5856,131.0
2025-08-06T15:26:17,12.5951,12.5951,12.5533,12.5533,341.9474
2025-08-06T15:26:20,12.5837,12.5837,12.5647,12.5647,102.4737
2025-08-06T15:26:21,12.5666,12.5761,12.5647,12.5647,38.7895
2025-08-06T15:26:22,12.5837,12.5837,12.5837,12.5837,21.0526
2025-08-06T15:26:23,12.5742,12.7414,12.5742,12.7414,975.4211
2025-08-06T15:26:26,12.7433,12.7433,12.7338,12.7338,110.5263
2025-08-06T15:26:27,12.7338,12.7404,12.7338,12.7404,273.6842
2025-08-06T15:26:29,12.7186,12.7433,12.7186,12.7433,26.8421
2025-08-06T15:26:31,12.7186,12.7186,12.6369,12.6369,1325.0
2025-08-06T15:26:32,12.7053,12.7053,12.635,12.635,169.1053
2025-08-06T15:26:33,12.6369,12.6369,12.6369,12.6369,18.5263
2025-08-06T15:26:36,12.635,12.635,12.635,12.635,41.8947
2025-08-06T15:26:37,12.6635,12.6654,12.6635,12.6654,223.6842
2025-08-06T15:26:39,12.6635,12.6654,12.6635,12.6654,54.1579
2025-08-06T15:26:41,12.635,12.6512,12.635,12.6512,34.1053
2025-08-06T15:26:42,12.6369,12.6654,12.6369,12.6654,560.8421
2025-08-06T15:26:43,12.6369,12.6369,12.6369,12.6369,5.2632
2025-08-06T15:26:46,12.6635,12.7338,12.6635,12.7338,441.2105
2025-08-06T15:26:48,12.73,12.73,12.73,12.73,5.6842
2025-08-06T15:26:49,12.73,12.73,12.73,12.73,6.5263
2025-08-06T15:26:50,12.7319,12.7319,12.7319,12.7319,9.5263
2025-08-06T15:26:51,12.73,12.73,12.73,12.73,260.6316
2025-08-06T15:26:53,12.7319,12.7319,12.7319,12.7319,13.4737
2025-08-06T15:26:57,12.73,12.7319,12.73,12.7319,43.4737
2025-08-06T15:26:58,12.7319,12.7319,12.7167,12.7167,133.0526
2025-08-06T15:27:00,12.7167,12.7167,12.5685,12.6236,1359.7368
2025-08-06T15:27:03,12.6483,12.6692,12.6217,12.6217,171.5263
2025-08-06T15:27:06,12.6217,12.6217,12.5837,12.5837,111.1579
2025-08-06T15:27:08,12.6236,12.6236,12.6236,12.6236,10.5263
2025-08-06T15:27:09,12.6236,12.6236,12.5837,12.5837,35.2105
2025-08-06T15:27:10,12.6217,12.6692,12.6084,12.6692,1315.7895
2025-08-06T15:27:11,12.6673,12.6673,12.6673,12.6673,5.2632
2025-08-06T15:27:15,12.6198,12.6198,12.6198,12.6198,135.5263
2025-08-06T15:27:20,12.6255,12.6255,12.6255,12.6255,9.2105
2025-08-06T15:27:21,12.6236,12.6369,12.6236,12.6369,42.1053
2025-08-06T15:27:25,12.6331,12.6331,12.6331,12.6331,12.1579
2025-08-06T15:27:26,12.6331,12.8801,12.6331,12.8801,2713.0
2025-08-06T15:27:29,12.806,12.806,12.806,12.806,10.5263
2025-08-06T15:27:30,12.8089,12.8089,12.8089,12.8089,7.8947
2025-08-06T15:27:32,12.7509,12.7509,12.7509,12.7509,5.2632
2025-08-06T15:27:33,12.8079,12.8079,12.7357,12.7357,27.4737
2025-08-06T15:27:38,12.7471,12.7471,12.7471,12.7471,18.3158
2025-08-06T15:27:39,12.7452,12.7452,12.7452,12.7452,78.9474
2025-08-06T15:27:40,12.7452,12.8098,12.7452,12.8098,53.1579
2025-08-06T15:27:46,12.7794,12.7794,12.7471,12.7471,110.5263
2025-08-06T15:27:49,12.7889,12.7889,12.7889,12.7889,16.4737
2025-08-06T15:27:51,12.806,12.806,12.806,12.806,57.8947
2025-08-06T15:27:52,12.8041,12.9903,12.8041,12.8383,2742.7368
2025-08-06T15:27:53,12.92,12.92,12.9181,12.9181,137.6842
2025-08-06T15:27:56,12.9181,12.9181,12.9181,12.9181,6.2632
2025-08-06T15:27:57,12.92,12.92,12.92,12.92,27.0526
2025-08-06T15:28:00,12.8611,12.8611,12.8611,12.8611,36.8947
2025-08-06T15:28:01,12.8877,12.901,12.8877,12.901,14.7895
2025-08-06T15:28:02,12.8991,12.901,12.8991,12.8991,31.5789
2025-08-06T15:28:03,12.8725,12.901,12.8725,12.901,136.8421
2025-08-06T15:28:04,12.8744,12.9067,12.8725,12.9067,488.8947
2025-08-06T15:28:05,12.9067,12.92,12.9067,12.92,78.7368
2025-08-06T15:28:09,12.901,12.901,12.901,12.901,44.4737
2025-08-06T15:28:10,12.92,12.92,12.901,12.92,189.2632
2025-08-06T15:28:11,12.9162,12.9162,12.9162,12.9162,105.2632
2025-08-06T15:28:12,12.92,12.92,12.92,12.92,184.2105
2025-08-06T15:28:13,12.9162,12.9181,12.8982,12.9181,484.1053
2025-08-06T15:28:16,12.901,12.9067,12.901,12.9067,86.7895
2025-08-06T15:28:18,12.8944,12.901,12.825,12.825,609.3158
2025-08-06T15:28:19,12.8117,12.8117,12.6844,12.6844,353.0526
2025-08-06T15:28:20,12.7899,12.7899,12.7133,12.7133,42.7368
2025-08-06T15:28:22,12.6863,12.6863,12.6863,12.6863,7.9474
2025-08-06T15:28:29,12.768,12.768,12.768,12.768,10.5263
2025-08-06T15:28:31,12.8231,12.8231,12.8212,12.8212,15.7895
2025-08-06T15:28:32,12.7129,12.7129,12.7129,12.7129,23.2105
2025-08-06T15:28:39,12.768,12.768,12.768,12.768,442.1053
2025-08-06T15:28:43,12.7129,12.7129,12.7129,12.7129,31.5789
2025-08-06T15:28:44,12.7214,12.7214,12.7214,12.7214,8.9474
2025-08-06T15:28:45,12.7148,12.7148,12.7129,12.7129,112.4737
2025-08-06T15:28:47,12.7129,12.73,12.7129,12.73,47.6842
2025-08-06T15:28:50,12.7281,12.7281,12.7281,12.7281,157.1053
2025-08-06T15:28:51,12.7129,12.7129,12.7129,12.7129,26.3158
2025-08-06T15:28:52,12.7148,12.7148,12.7148,12.7148,6.9474
2025-08-06T15:28:55,12.7129,12.7129,12.7129,12.7129,78.9474
2025-08-06T15:28:56,12.7167,12.7167,12.7167,12.7167,20.1053
2025-08-06T15:28:57,12.73,12.73,12.73,12.73,52.6316
2025-08-06T15:29:04,12.73,12.73,12.73,12.73,5.2632
2025-08-06T15:29:05,12.73,12.73,12.73,12.73,342.1053
2025-08-06T15:29:12,12.7262,12.7262,12.6863,12.6863,452.4211
2025-08-06T15:29:25,12.6996,12.6996,12.6996,12.6996,15.7895
2025-08-06T15:29:27,12.6882,12.711,12.6882,12.711,124.9474
2025-08-06T15:29:28,12.6863,12.6863,12.6863,12.6863,112.8421
2025-08-06T15:29:33,12.6844,12.6844,12.6844,12.6844,13.9474
2025-08-06T15:29:36,12.6967,12.6967,12.6967,12.6967,19.6842
2025-08-06T15:29:41,12.6844,12.6844,12.6825,12.6825,108.3684
2025-08-06T15:29:43,12.6782,12.6844,12.6768,12.6844,2789.4737
2025-08-06T15:29:44,12.6797,12.6797,12.6797,12.6797,11.0526
2025-08-06T15:29:45,12.6825,12.787,12.6825,12.787,2635.2632
2025-08-06T15:29:46,12.7072,12.7072,12.7072,12.7072,186.5263
2025-08-06T15:29:49,12.7832,12.8535,12.7794,12.8079,2734.6316
2025-08-06T15:29:52,12.8516,12.9181,12.8269,12.8307,3651.4211
2025-08-06T15:29:53,12.8725,12.9143,12.8725,12.9143,263.1579
2025-08-06T15:29:54,12.8326,12.8345,12.6806,12.7302,317.5789
2025-08-06T15:29:55,12.7841,12.7841,12.7841,12.7841,5.2632
2025-08-06T15:29:56,12.73,12.73,12.73,12.73,26.3158
2025-08-06T15:29:58,12.8212,12.8212,12.8212,12.8212,7.8947
2025-08-06T15:30:02,12.882,12.9143,12.882,12.9143,50.6842
2025-08-06T15:30:06,12.7452,12.7452,12.7452,12.7452,56.3158
2025-08-06T15:30:08,12.8003,12.8193,12.7851,12.7851,90.9474
2025-08-06T15:30:12,12.8193,12.8193,12.7528,12.7528,32.9474
2025-08-06T15:30:21,12.7547,12.7547,12.7547,12.7547,118.0526
2025-08-06T15:30:23,12.7832,12.7832,12.7832,12.7832,28.8421
2025-08-06T15:30:26,12.7528,12.759,12.7528,12.759,417.8947
2025-08-06T15:30:27,12.7528,12.7851,12.7528,12.7851,52.6316
2025-08-06T15:30:28,12.7471,12.7471,12.7471,12.7471,184.2105
2025-08-06T15:30:30,12.7642,12.7642,12.7642,12.7642,114.3684
2025-08-06T15:30:33,12.7452,12.7452,12.7452,12.7452,526.3158
2025-08-06T15:30:35,12.7528,12.7528,12.7528,12.7528,12.5789
2025-08-06T15:30:36,12.7642,12.7642,12.7528,12.7528,63.3158
2025-08-06T15:30:37,12.749,12.749,12.73,12.73,650.2632
2025-08-06T15:30:38,12.7015,12.7015,12.559,12.5647,5314.2105
2025-08-06T15:30:39,12.6749,12.6749,12.5514,12.5514,4026.3158
2025-08-06T15:30:40,12.5514,12.5514,12.4108,12.4108,4261.0
2025-08-06T15:30:41,12.4108,12.4241,12.388,12.3899,8335.8421
2025-08-06T15:30:42,12.4155,12.4155,12.4155,12.4155,200.9474
2025-08-06T15:30:43,12.4412,12.73,12.3952,12.56,1099.7895
2025-08-06T15:30:44,12.5495,12.5495,12.5115,12.5115,217.8947
2025-08-06T15:30:45,12.5305,12.5305,12.4621,12.5267,636.8421
2025-08-06T15:30:46,12.464,12.5077,12.464,12.5077,108.5263
2025-08-06T15:30:47,12.5001,12.5001,12.5001,12.5001,48.8947
2025-08-06T15:30:48,12.464,12.4849,12.464,12.4849,142.1053
2025-08-06T15:30:49,12.5077,12.5077,12.4849,12.4849,34.2105
2025-08-06T15:30:50,12.502,12.502,12.502,12.502,452.3158
2025-08-06T15:30:51,12.4621,12.4944,12.4621,12.4944,172.2632
2025-08-06T15:30:52,12.4916,12.4916,12.4916,12.4916,5.2632
2025-08-06T15:30:53,12.4963,12.4963,12.4906,12.4906,59.6316
2025-08-06T15:30:54,12.4916,12.4916,12.388,12.388,649.5789
2025-08-06T15:30:55,12.3918,12.4811,12.3918,12.4811,474.1053
2025-08-06T15:30:57,12.4498,12.4507,12.4165,12.4507,437.7368
2025-08-06T15:30:58,12.4669,12.4821,12.4669,12.4821,77.6316
2025-08-06T15:30:59,12.4678,12.5068,12.4678,12.4963,499.1053
2025-08-06T15:31:00,12.5172,12.5172,12.5058,12.5058,33.5263
2025-08-06T15:31:01,12.4944,12.5058,12.4944,12.5058,273.6842
2025-08-06T15:31:02,12.4944,12.5077,12.4678,12.502,349.7895
2025-08-06T15:31:04,12.5077,12.5077,12.5077,12.5077,52.6316
2025-08-06T15:31:06,12.5172,12.5172,12.5153,12.5153,34.6842
2025-08-06T15:31:07,12.5134,12.5134,12.5077,12.5077,213.6316
2025-08-06T15:31:08,12.5077,12.5077,12.5077,12.5077,201.5263
2025-08-06T15:31:09,12.5077,12.5077,12.4944,12.4944,235.1053
2025-08-06T15:31:10,12.4868,12.4868,12.4868,12.4868,15.7895
2025-08-06T15:31:11,12.4697,12.502,12.4697,12.502,195.3158
2025-08-06T15:31:12,12.4697,12.4697,12.4697,12.4697,10.7895
2025-08-06T15:31:13,12.5039,12.5039,12.5039,12.5039,26.3158
2025-08-06T15:31:14,12.4697,12.502,12.4697,12.502,17.6316
2025-08-06T15:31:15,12.4716,12.4716,12.4716,12.4716,52.6842
2025-08-06T15:31:16,12.4697,12.4716,12.4697,12.4697,206.8947
2025-08-06T15:31:17,12.4697,12.4697,12.4697,12.4697,40.7368
2025-08-06T15:31:18,12.4716,12.4716,12.4716,12.4716,57.8947
2025-08-06T15:31:19,12.4697,12.4859,12.4697,12.4859,97.6842
2025-08-06T15:31:21,12.5001,12.5001,12.5001,12.5001,117.3158
2025-08-06T15:31:23,12.4697,12.4697,12.4678,12.4678,165.3684
2025-08-06T15:31:24,12.4711,12.4711,12.4711,12.4711,10.5263
2025-08-06T15:31:25,12.4688,12.4688,12.4165,12.4602,410.2632
2025-08-06T15:31:27,12.445,12.4697,12.445,12.4697,41.2632
2025-08-06T15:31:28,12.4469,12.4469,12.4469,12.4469,83.1579
2025-08-06T15:31:29,12.445,12.4697,12.445,12.4583,234.4211
2025-08-06T15:31:30,12.4469,12.4469,12.4469,12.4469,26.3158
2025-08-06T15:31:31,12.4697,12.4697,12.4574,12.4574,24.7895
2025-08-06T15:31:33,12.4697,12.4697,12.4697,12.4697,105.2632
2025-08-06T15:31:34,12.4469,12.4469,12.4469,12.4469,22.3158
2025-08-06T15:31:37,12.445,12.446,12.445,12.446,305.4737
2025-08-06T15:31:39,12.446,12.446,12.445,12.445,384.4737
2025-08-06T15:31:40,12.446,12.446,12.445,12.445,590.1579
2025-08-06T15:31:42,12.445,12.445,12.4431,12.4431,87.7368
2025-08-06T15:31:44,12.4422,12.4422,12.4422,12.4422,177.1579
2025-08-06T15:31:46,12.4412,12.4412,12.4412,12.4412,13.2105
2025-08-06T15:31:47,12.4412,12.4412,12.4412,12.4412,136.5263
2025-08-06T15:31:48,12.4412,12.4412,12.4165,12.4165,160.5789
2025-08-06T15:31:50,12.4165,12.4165,12.4165,12.4165,123.6316
2025-08-06T15:31:52,12.4146,12.426,12.4146,12.4203,125.7368
2025-08-06T15:31:53,12.4146,12.4156,12.4146,12.4146,62.4737
2025-08-06T15:31:54,12.4146,12.4146,12.4146,12.4146,5.2632
2025-08-06T15:31:55,12.4146,12.4146,12.4146,12.4146,100.8421
2025-08-06T15:31:56,12.4146,12.4146,12.4146,12.4146,10.8947
2025-08-06T15:31:58,12.4146,12.4146,12.4146,12.4146,216.3684
2025-08-06T15:31:59,12.4127,12.4127,12.3937,12.3937,256.3684
2025-08-06T15:32:02,12.388,12.388,12.388,12.388,131.5789
2025-08-06T15:32:03,12.388,12.388,12.388,12.388,27.8947
2025-08-06T15:32:05,12.3937,12.3937,12.388,12.388,132.9474
2025-08-06T15:32:06,12.388,12.388,12.388,12.388,161.2632
2025-08-06T15:32:07,12.388,12.388,12.388,12.388,21.2632
2025-08-06T15:32:08,12.3918,12.3937,12.388,12.3918,256.1053
2025-08-06T15:32:09,12.3937,12.3937,12.3918,12.3937,160.4737
2025-08-06T15:32:10,12.3899,12.3918,12.3899,12.3918,97.2105
2025-08-06T15:32:11,12.3918,12.3937,12.3899,12.3899,298.0
2025-08-06T15:32:12,12.3918,12.3937,12.3918,12.3937,288.2105
2025-08-06T15:32:13,12.4051,12.4089,12.3956,12.4089,936.6842
2025-08-06T15:32:14,12.3937,12.4089,12.3937,12.407,783.0526
2025-08-06T15:32:15,12.3975,12.4716,12.388,12.4716,2105.2632
2025-08-06T15:32:17,12.4716,12.4716,12.4716,12.4716,52.6316
2025-08-06T15:32:18,12.3899,12.3899,12.3899,12.3899,68.4211
2025-08-06T15:32:19,12.4469,12.4469,12.4469,12.4469,24.6316
2025-08-06T15:32:20,12.4716,12.4716,12.4697,12.4697,210.5263
2025-08-06T15:32:21,12.3899,12.3899,12.3899,12.3899,45.4737
2025-08-06T15:32:22,12.4697,12.4697,12.4697,12.4697,5.2632
2025-08-06T15:32:27,12.4697,12.4697,12.4697,12.4697,39.2632
2025-08-06T15:32:28,12.4706,12.4706,12.4697,12.4706,80.1053
2025-08-06T15:32:29,12.4697,12.4697,12.4697,12.4697,141.8947
2025-08-06T15:32:30,12.4716,12.4716,12.4716,12.4716,186.7368
2025-08-06T15:32:31,12.4716,12.4716,12.4393,12.4697,946.6842
2025-08-06T15:32:32,12.4716,12.4716,12.4716,12.4716,108.8947
2025-08-06T15:32:34,12.4716,12.4716,12.4716,12.4716,200.0
2025-08-06T15:32:35,12.4697,12.4697,12.4697,12.4697,6.6316
2025-08-06T15:32:36,12.4697,12.4716,12.407,12.4716,217.2632
2025-08-06T15:32:37,12.407,12.407,12.3899,12.3899,282.5789
2025-08-06T15:32:38,12.4621,12.4621,12.4621,12.4621,52.6316
2025-08-06T15:32:41,12.3937,12.3937,12.3937,12.3937,473.6842
2025-08-06T15:32:44,12.3899,12.3899,12.3899,12.3899,281.5263
2025-08-06T15:32:45,12.3937,12.3937,12.3937,12.3937,263.1579
2025-08-06T15:32:47,12.3937,12.3937,12.3937,12.3937,31.5789
2025-08-06T15:32:48,12.3918,12.3918,12.3918,12.3918,30.8421
2025-08-06T15:32:49,12.3899,12.3899,12.3899,12.3899,115.7895
2025-08-06T15:32:50,12.3899,12.3899,12.3899,12.3899,28.7368
2025-08-06T15:32:52,12.3937,12.3937,12.3918,12.3918,33.5789
2025-08-06T15:32:53,12.3899,12.3899,12.3899,12.3899,65.7895
2025-08-06T15:32:54,12.3918,12.3918,12.3918,12.3918,16.5789
2025-08-06T15:32:58,12.3909,12.3909,12.3899,12.3899,73.6316
2025-08-06T15:32:59,12.3899,12.3899,12.3899,12.3899,53.6842
2025-08-06T15:33:02,12.3899,12.3899,12.3899,12.3899,11.5789
2025-08-06T15:33:04,12.3918,12.3918,12.3918,12.3918,93.0
2025-08-06T15:33:05,12.3899,12.3899,12.3899,12.3899,473.6842
2025-08-06T15:33:07,12.3899,12.3899,12.3899,12.3899,21.0526
2025-08-06T15:33:08,12.3918,12.3918,12.3899,12.3899,52.6316
2025-08-06T15:33:09,12.3918,12.3918,12.3918,12.3918,9.0
2025-08-06T15:33:10,12.3899,12.3899,12.3899,12.3899,226.5263
2025-08-06T15:33:11,12.3899,12.3899,12.3899,12.3899,17.5789
2025-08-06T15:33:12,12.3909,12.3909,12.3909,12.3909,38.0
2025-08-06T15:33:15,12.3909,12.3909,12.3909,12.3909,7.7895
2025-08-06T15:33:18,12.3899,12.3918,12.3899,12.3899,315.7895
2025-08-06T15:33:19,12.3909,12.3909,12.3909,12.3909,19.4211
2025-08-06T15:33:23,12.3918,12.3918,12.3918,12.3918,5.2632
2025-08-06T15:33:24,12.3899,12.3899,12.388,12.3899,171.6842
2025-08-06T15:33:25,12.3899,12.3899,12.3899,12.3899,55.2632
2025-08-06T15:33:26,12.3899,12.3899,12.389,12.389,41.3684
2025-08-06T15:33:27,12.388,12.388,12.388,12.388,52.6316
2025-08-06T15:33:28,12.3909,12.3909,12.3909,12.3909,62.8947
2025-08-06T15:33:30,12.3899,12.3899,12.3899,12.3899,22.2105
2025-08-06T15:33:31,12.3899,12.3899,12.389,12.389,257.8947
2025-08-06T15:33:32,12.3899,12.3918,12.3899,12.3918,1226.5263
2025-08-06T15:33:34,12.3918,12.3918,12.389,12.389,634.2105
2025-08-06T15:33:35,12.388,12.388,12.388,12.388,213.9474
2025-08-06T15:33:36,12.388,12.389,12.388,12.389,128.1053
2025-08-06T15:33:37,12.3899,12.3899,12.388,12.3899,570.5789
2025-08-06T15:33:38,12.3899,12.3918,12.389,12.3918,620.8947
2025-08-06T15:33:40,12.3918,12.3918,12.3899,12.3911,795.3158
2025-08-06T15:33:41,12.3899,12.3994,12.3899,12.3994,1005.2105
2025-08-06T15:33:43,12.4032,12.4051,12.4023,12.4032,1505.2632
2025-08-06T15:33:44,12.4049,12.4051,12.4032,12.4032,539.6316
2025-08-06T15:33:45,12.4032,12.4032,12.4032,12.4032,131.5789
2025-08-06T15:33:46,12.4051,12.4051,12.4051,12.4051,115.7895
2025-08-06T15:33:47,12.4051,12.4051,12.4032,12.4032,526.3158
2025-08-06T15:33:48,12.4032,12.4051,12.4032,12.4051,14.8421
2025-08-06T15:33:49,12.4051,12.4051,12.4051,12.4051,288.4737
2025-08-06T15:33:50,12.4051,12.4051,12.3994,12.3994,19.7368
2025-08-06T15:33:55,12.3918,12.3918,12.3918,12.3918,521.1053
2025-08-06T15:33:57,12.3994,12.3994,12.3994,12.3994,241.0
2025-08-06T15:33:58,12.3975,12.3975,12.3899,12.3899,1170.1053
2025-08-06T15:34:00,12.3975,12.3994,12.3899,12.3899,428.3158
2025-08-06T15:34:02,12.3918,12.4032,12.3918,12.4032,600.0
2025-08-06T15:34:03,12.3918,12.3918,12.3918,12.3918,525.7895
2025-08-06T15:34:04,12.3899,12.3956,12.3899,12.3956,115.7895
2025-08-06T15:34:05,12.3918,12.3918,12.3918,12.3918,261.8421
2025-08-06T15:34:10,12.3899,12.3918,12.3899,12.3918,135.0526
2025-08-06T15:34:12,12.3899,12.3918,12.3899,12.3918,578.9474
2025-08-06T15:34:15,12.3899,12.3899,12.3899,12.3899,78.9474
2025-08-06T15:34:16,12.3899,12.3916,12.3899,12.3899,657.3684
2025-08-06T15:34:17,12.3899,12.3899,12.3899,12.3899,5.2632
2025-08-06T15:34:18,12.3899,12.3899,12.388,12.388,95.8421
2025-08-06T15:34:20,12.389,12.389,12.388,12.388,973.6842
2025-08-06T15:34:22,12.3899,12.3899,12.3899,12.3899,79.0
2025-08-06T15:34:24,12.3899,12.3899,12.389,12.389,494.7368
2025-08-06T15:34:26,12.3899,12.3899,12.3899,12.3899,24.1053
2025-08-06T15:34:27,12.388,12.388,12.388,12.388,11.3158
2025-08-06T15:34:29,12.3899,12.3899,12.3899,12.3899,69.8947
2025-08-06T15:34:30,12.3899,12.3899,12.3899,12.3899,30.3158
2025-08-06T15:34:32,12.389,12.389,12.389,12.389,10.5263
2025-08-06T15:34:35,12.388,12.388,12.388,12.388,521.0526
2025-08-06T15:34:36,12.388,12.388,12.388,12.388,30.3158
2025-08-06T15:34:37,12.3899,12.3899,12.3899,12.3899,14.0
2025-08-06T15:34:38,12.388,12.388,12.388,12.388,78.9474
2025-08-06T15:34:44,12.388,12.388,12.388,12.388,157.8947
2025-08-06T15:34:45,12.388,12.389,12.388,12.389,345.8947
2025-08-06T15:34:46,12.3899,12.3899,12.388,12.3887,1479.8421
2025-08-06T15:34:47,12.388,12.388,12.35,12.3728,5147.5263
2025-08-06T15:34:48,12.3633,12.3633,12.35,12.3614,1461.4211
2025-08-06T15:34:49,12.35,12.3614,12.35,12.3614,195.5263
2025-08-06T15:34:51,12.3614,12.3614,12.3614,12.3614,26.3158
2025-08-06T15:34:52,12.3519,12.3519,12.3519,12.3519,157.8947
2025-08-06T15:34:53,12.3557,12.3614,12.35,12.3519,191.0
2025-08-06T15:34:55,12.35,12.35,12.35,12.35,26.3158
2025-08-06T15:34:57,12.35,12.35,12.35,12.35,31.5789
2025-08-06T15:34:58,12.3519,12.3614,12.3519,12.3614,52.4211
2025-08-06T15:35:00,12.35,12.3918,12.35,12.3918,1280.1053
2025-08-06T15:35:05,12.3614,12.3752,12.35,12.3585,353.2105
2025-08-06T15:35:06,12.35,12.35,12.35,12.35,5.2632
2025-08-06T15:35:07,12.3519,12.3538,12.35,12.35,276.4737
2025-08-06T15:35:09,12.351,12.3519,12.35,12.3519,105.1579
2025-08-06T15:35:10,12.35,12.3519,12.35,12.35,321.4211
2025-08-06T15:35:11,12.35,12.35,12.35,12.35,131.7368
2025-08-06T15:35:12,12.351,12.351,12.351,12.351,5.3158
2025-08-06T15:35:13,12.35,12.35,12.35,12.35,980.1053
2025-08-06T15:35:14,12.3652,12.3652,12.35,12.35,33.4211
2025-08-06T15:35:15,12.35,12.35,12.35,12.35,50.0
2025-08-06T15:35:16,12.35,12.35,12.3329,12.3329,1001.9474
2025-08-06T15:35:17,12.3348,12.35,12.179,12.1961,775.6842
2025-08-06T15:35:18,12.198,12.2417,12.1961,12.198,203.1053
2025-08-06T15:35:21,12.2493,12.2493,12.2493,12.2493,15.6842
2025-08-06T15:35:22,12.2854,12.2854,12.1971,12.1971,17.4211
2025-08-06T15:35:24,12.1971,12.1971,12.1971,12.1971,18.0526
2025-08-06T15:35:26,12.198,12.198,12.179,12.179,675.6842
2025-08-06T15:35:27,12.179,12.1809,12.179,12.179,74.1053
2025-08-06T15:35:28,12.179,12.179,12.1676,12.1676,219.4211
2025-08-06T15:35:29,12.16,12.1619,12.0859,12.1125,1392.9474
2025-08-06T15:35:30,12.1229,12.1229,12.1229,12.1229,26.3158
2025-08-06T15:35:31,12.0859,12.0916,12.0859,12.0859,122.8421
2025-08-06T15:35:32,12.0916,12.0916,12.0859,12.0859,1075.5263
2025-08-06T15:35:33,12.0859,12.0973,12.0859,12.0973,67.7895
2025-08-06T15:35:34,12.0954,12.0973,12.0878,12.0878,109.7895
2025-08-06T15:35:35,12.0859,12.0897,12.084,12.084,732.7895
2025-08-06T15:35:36,12.0935,12.0935,12.084,12.0852,61.2105
2025-08-06T15:35:38,12.0954,12.0954,12.0897,12.0897,57.9474
2025-08-06T15:35:39,12.0935,12.0935,12.0859,12.0878,405.2632
2025-08-06T15:35:40,12.0897,12.0897,12.0536,12.0536,185.6316
2025-08-06T15:35:41,12.0555,12.0555,12.0536,12.0536,98.8421
2025-08-06T15:35:42,12.0536,12.0574,12.0536,12.0555,815.5789
2025-08-06T15:35:43,12.0536,12.0536,12.0536,12.0536,105.2632
2025-08-06T15:35:44,12.0555,12.0688,12.0536,12.0679,1129.5789
2025-08-06T15:35:45,12.0536,12.0973,12.0536,12.0859,1119.8421
2025-08-06T15:35:46,12.0612,12.0878,12.0612,12.0878,133.8947
2025-08-06T15:35:47,12.0859,12.0878,12.0821,12.0821,7481.1053
2025-08-06T15:35:48,12.0821,12.0878,12.0821,12.084,481.4737
2025-08-06T15:35:49,12.0849,12.0859,12.0821,12.0821,48.8421
2025-08-06T15:35:50,12.084,12.0859,12.0821,12.0859,473.3158
2025-08-06T15:35:51,12.084,12.084,12.0821,12.0821,833.7368
2025-08-06T15:35:52,12.0821,12.085,12.065,12.065,314.5789
2025-08-06T15:35:53,12.0726,12.0821,12.0545,12.0555,1322.5789
2025-08-06T15:35:54,12.0555,12.0555,12.0555,12.0555,111.1053
2025-08-06T15:35:55,12.0536,12.0555,12.0536,12.0555,50.0
2025-08-06T15:35:57,12.0536,12.0536,12.0536,12.0536,26.8421
2025-08-06T15:35:58,12.0536,12.0545,12.0536,12.0545,63.3158
2025-08-06T15:36:00,12.0536,12.0555,12.0536,12.0536,108.5263
2025-08-06T15:36:01,12.0555,12.0555,12.0536,12.0536,97.0
2025-08-06T15:36:02,12.0536,12.0536,12.0536,12.0536,79.2632
2025-08-06T15:36:03,12.0536,12.0536,12.0536,12.0536,5.7368
2025-08-06T15:36:04,12.0536,12.0555,12.0536,12.0555,47.1053
2025-08-06T15:36:05,12.0536,12.0536,12.0536,12.0536,13.2632
2025-08-06T15:36:06,12.0555,12.0555,12.0555,12.0555,52.6316
2025-08-06T15:36:07,12.0536,12.0536,12.0536,12.0536,138.8421
2025-08-06T15:36:08,12.0536,12.0536,12.0536,12.0536,121.1053
2025-08-06T15:36:09,12.0536,12.0536,12.0536,12.0536,62.6316
2025-08-06T15:36:10,12.0536,12.0536,12.0536,12.0536,130.6842
2025-08-06T15:36:11,12.0536,12.0555,12.0536,12.0555,20.4737
2025-08-06T15:36:12,12.0555,12.0555,12.0555,12.0555,31.0526
2025-08-06T15:36:13,12.0536,12.0536,12.0536,12.0536,203.5789
2025-08-06T15:36:16,12.0545,12.0545,12.0545,12.0545,23.1579
2025-08-06T15:36:21,12.0555,12.0555,12.0555,12.0555,10.5263
2025-08-06T15:36:23,12.0536,12.0536,12.0536,12.0536,17.0526
2025-08-06T15:36:24,12.0545,12.0545,12.0545,12.0545,10.5263
2025-08-06T15:36:25,12.0555,12.0555,12.0555,12.0555,211.4737
2025-08-06T15:36:26,12.0555,12.0555,12.0545,12.0545,45.0526
2025-08-06T15:36:29,12.0536,12.0536,12.0498,12.0498,466.0526
2025-08-06T15:36:32,12.0534,12.0536,12.0517,12.0536,1155.6842
2025-08-06T15:36:34,12.0498,12.0536,12.0479,12.0536,30.6842
2025-08-06T15:36:35,12.0536,12.0536,12.0479,12.0479,31.2632
2025-08-06T15:36:36,12.0536,12.0536,12.0536,12.0536,5.7895
2025-08-06T15:36:37,12.0498,12.0498,12.0498,12.0498,27.0526
2025-08-06T15:36:39,12.0479,12.0479,12.0479,12.0479,10.2105
2025-08-06T15:36:40,12.0479,12.0479,12.0479,12.0479,18.1579
2025-08-06T15:36:41,12.0517,12.0517,12.0441,12.0441,1296.1579
2025-08-06T15:36:42,12.046,12.05,12.046,12.05,434.2105
2025-08-06T15:36:43,12.0479,12.0479,12.0479,12.0479,26.3158
2025-08-06T15:36:44,12.0532,12.0532,12.0532,12.0532,29.0526
2025-08-06T15:36:45,12.0498,12.0498,12.0498,12.0498,6.8421
2025-08-06T15:36:49,12.0479,12.0479,12.0479,12.0479,15.5263
2025-08-06T15:36:50,12.0479,12.0489,12.0479,12.0486,1095.9474
2025-08-06T15:36:52,12.0489,12.0489,12.0489,12.0489,46.3158
2025-08-06T15:36:53,12.0479,12.0479,12.0479,12.0479,46.6316
2025-08-06T15:36:54,12.0489,12.0489,12.0489,12.0489,85.7895
2025-08-06T15:36:55,12.0479,12.0479,12.0479,12.0479,10.4211
2025-08-06T15:36:56,12.0498,12.0498,12.0498,12.0498,92.1053
2025-08-06T15:36:57,12.0479,12.0479,12.0479,12.0479,115.7895
2025-08-06T15:36:58,12.0479,12.0498,12.0479,12.0498,651.7895
2025-08-06T15:36:59,12.0479,12.0479,12.0479,12.0479,141.0526
2025-08-06T15:37:00,12.0498,12.0555,12.0479,12.0536,1312.0
2025-08-06T15:37:01,12.0536,12.0555,12.0536,12.0555,100.3158
2025-08-06T15:37:02,12.0517,12.3025,12.0517,12.2417,1880.8421
2025-08-06T15:37:03,12.3006,12.3006,12.3006,12.3006,203.7368
2025-08-06T15:37:04,12.2398,12.2721,12.2398,12.2721,933.1053
2025-08-06T15:37:05,12.2398,12.2398,12.2398,12.2398,26.3158
2025-08-06T15:37:07,12.24,12.24,12.2398,12.2398,18.4737
2025-08-06T15:37:08,12.2398,12.2417,12.2303,12.2303,576.6316
2025-08-06T15:37:09,12.2379,12.2379,12.2379,12.2379,26.6842
2025-08-06T15:37:11,12.2398,12.2398,12.2398,12.2398,38.7895
2025-08-06T15:37:12,12.065,12.065,12.065,12.065,38.6842
2025-08-06T15:37:15,12.2303,12.2303,12.2303,12.2303,103.2632
2025-08-06T15:37:16,12.2303,12.2398,12.2303,12.2398,40.0526
2025-08-06T15:37:21,12.2176,12.2176,12.2176,12.2176,5.2632
2025-08-06T15:37:22,12.1999,12.1999,12.1999,12.1999,10.5263
2025-08-06T15:37:27,12.198,12.198,12.198,12.198,7.4737
2025-08-06T15:37:28,12.18,12.18,12.18,12.18,200.0
2025-08-06T15:37:29,12.198,12.198,12.16,12.16,292.5263
2025-08-06T15:37:33,12.179,12.179,12.16,12.1619,98.8947
2025-08-06T15:37:35,12.1809,12.1809,12.1809,12.1809,6.7368
2025-08-06T15:37:37,12.1619,12.1619,12.1619,12.1619,52.7368
2025-08-06T15:37:38,12.1809,12.1809,12.16,12.16,287.2105
2025-08-06T15:37:39,12.1277,12.1277,12.0992,12.0992,150.6316
2025-08-06T15:37:44,12.1524,12.1524,12.1524,12.1524,7.2105
2025-08-06T15:37:45,12.1524,12.1752,12.1524,12.1752,15.7895
2025-08-06T15:37:47,12.1087,12.1524,12.103,12.1524,233.8421
2025-08-06T15:37:50,12.1106,12.1106,12.1106,12.1106,5.2632
2025-08-06T15:37:51,12.1391,12.1524,12.1391,12.1524,14.1053
2025-08-06T15:37:52,12.1524,12.1524,12.1524,12.1524,5.2632
2025-08-06T15:37:53,12.1391,12.1391,12.1391,12.1391,11.2105
2025-08-06T15:37:58,12.1638,12.1638,12.1638,12.1638,15.0526
2025-08-06T15:38:02,12.1505,12.1505,12.1505,12.1505,34.8947
2025-08-06T15:38:03,12.1524,12.1524,12.1524,12.1524,39.1579
2025-08-06T15:38:04,12.1543,12.1543,12.1543,12.1543,10.5263
2025-08-06T15:38:06,12.1581,12.1581,12.1581,12.1581,13.1579
2025-08-06T15:38:08,12.1543,12.1543,12.1543,12.1543,10.0
2025-08-06T15:38:09,12.16,12.16,12.16,12.16,39.4737
2025-08-06T15:38:10,12.1562,12.1562,12.1562,12.1562,85.1053
2025-08-06T15:38:14,12.1581,12.1581,12.1543,12.1543,371.4737
2025-08-06T15:38:18,12.1543,12.1543,12.1543,12.1543,168.2632
2025-08-06T15:38:19,12.1562,12.16,12.1562,12.1572,334.6842
2025-08-06T15:38:20,12.16,12.16,12.1543,12.1543,57.9474
2025-08-06T15:38:21,12.16,12.16,12.1581,12.1581,15.7895
2025-08-06T15:38:22,12.1581,12.1581,12.1579,12.1579,106.3158
2025-08-06T15:38:24,12.1543,12.1543,12.1543,12.1543,65.7895
2025-08-06T15:38:25,12.1543,12.1543,12.1543,12.1543,263.8421
2025-08-06T15:38:33,12.1543,12.1543,12.1543,12.1543,117.2105
2025-08-06T15:38:35,12.1543,12.1543,12.1543,12.1543,5.4211
2025-08-06T15:38:36,12.1562,12.1562,12.1543,12.1543,74.1053
2025-08-06T15:38:37,12.1562,12.1562,12.1562,12.1562,5.2632
2025-08-06T15:38:38,12.1562,12.1562,12.1562,12.1562,16.7368
2025-08-06T15:38:40,12.1562,12.1562,12.1562,12.1562,32.7368
2025-08-06T15:38:43,12.1562,12.1562,12.1562,12.1562,474.2105
2025-08-06T15:38:45,12.1543,12.1543,12.1543,12.1543,27.7368
2025-08-06T15:38:46,12.1581,12.1581,12.1581,12.1581,473.6842
2025-08-06T15:38:47,12.1562,12.16,12.1562,12.1562,453.3684
2025-08-06T15:38:49,12.1543,12.1553,12.1543,12.1553,191.6316
2025-08-06T15:38:50,12.1543,12.1543,12.1543,12.1543,174.5789
2025-08-06T15:38:54,12.1543,12.1543,12.1543,12.1543,5.3158
2025-08-06T15:38:56,12.1562,12.1562,12.1562,12.1562,209.4211
2025-08-06T15:38:57,12.1543,12.1543,12.1543,12.1543,229.9474
2025-08-06T15:39:00,12.1505,12.1543,12.1391,12.1543,99.3158
2025-08-06T15:39:02,12.1543,12.1543,12.1543,12.1543,184.2105
2025-08-06T15:39:03,12.1553,12.1553,12.1553,12.1553,12.4211
2025-08-06T15:39:04,12.1553,12.1553,12.1553,12.1553,18.2632
2025-08-06T15:39:06,12.1543,12.1543,12.1543,12.1543,15.8947
2025-08-06T15:39:07,12.1543,12.1562,12.1543,12.1562,349.8947
2025-08-06T15:39:08,12.1277,12.1543,12.103,12.1543,668.7895
2025-08-06T15:39:09,12.1562,12.1562,12.1543,12.1543,70.3158
2025-08-06T15:39:10,12.1068,12.1068,12.1068,12.1068,211.3158
2025-08-06T15:39:15,12.103,12.1068,12.103,12.1068,110.5789
2025-08-06T15:39:16,12.1036,12.1036,12.103,12.103,71.3158
2025-08-06T15:39:17,12.1049,12.1049,12.1049,12.1049,27.0
2025-08-06T15:39:18,12.1068,12.1068,12.1068,12.1068,138.5263
2025-08-06T15:39:20,12.1049,12.1049,12.1049,12.1049,26.4737
2025-08-06T15:39:22,12.1068,12.1068,12.1049,12.1049,21.0526
2025-08-06T15:39:23,12.103,12.103,12.103,12.103,40.3158
2025-08-06T15:39:26,12.103,12.103,12.103,12.103,25.2105
2025-08-06T15:39:29,12.103,12.103,12.103,12.103,656.8947
2025-08-06T15:39:30,12.1011,12.1011,12.0992,12.0992,114.0
2025-08-06T15:39:34,12.103,12.103,12.103,12.103,10.5263
2025-08-06T15:39:36,12.1011,12.1011,12.1011,12.1011,13.2105
2025-08-06T15:39:38,12.1011,12.1011,12.1011,12.1011,105.3158
2025-08-06T15:39:39,12.1011,12.1011,12.1011,12.1011,421.3158
2025-08-06T15:39:40,12.0954,12.0954,11.9206,11.9225,2735.8947
2025-08-06T15:39:41,11.9624,11.9624,11.799,11.8589,4420.5263
2025-08-06T15:39:42,11.8503,11.8503,11.8503,11.8503,10.5263
2025-08-06T15:39:43,11.8503,11.8503,11.8503,11.8503,10.5263
2025-08-06T15:39:45,11.8484,11.8484,11.8484,11.8484,6.5789
2025-08-06T15:39:46,11.8503,11.8503,11.8503,11.8503,5.2632
2025-08-06T15:39:47,11.8503,11.8503,11.8275,11.8275,216.2105
2025-08-06T15:39:48,11.8503,11.8503,11.8275,11.8503,256.6842
2025-08-06T15:39:49,11.8883,11.8883,11.8883,11.8883,14.4737
2025-08-06T15:39:50,11.8674,11.8674,11.8465,11.8465,86.3158
2025-08-06T15:39:51,11.8902,11.8902,11.8617,11.8674,42.5263
2025-08-06T15:39:52,11.8902,11.8902,11.8883,11.8883,217.8947
2025-08-06T15:39:54,11.8864,11.8864,11.875,11.8776,54.6316
2025-08-06T15:39:55,11.8864,11.8883,11.875,11.8816,437.4211
2025-08-06T15:39:57,11.8883,11.8883,11.875,11.8788,1322.8947
2025-08-06T15:39:58,11.8769,11.8864,11.8769,11.8864,156.2105
2025-08-06T15:39:59,11.8883,11.8883,11.8864,11.8864,51.5263
2025-08-06T15:40:00,11.8883,11.8883,11.8883,11.8883,80.1053
2025-08-06T15:40:01,11.8864,11.8864,11.8817,11.8864,573.9474
2025-08-06T15:40:02,11.8883,11.8883,11.8883,11.8883,52.7368
2025-08-06T15:40:03,11.8864,11.8864,11.8864,11.8864,8.3684
2025-08-06T15:40:04,11.8874,11.8874,11.8864,11.8864,544.7368
2025-08-06T15:40:05,11.8883,11.8883,11.8446,11.8446,770.9474
2025-08-06T15:40:06,11.8807,11.8807,11.8807,11.8807,5.3158
2025-08-06T15:40:07,11.8465,11.8864,11.8465,11.8864,66.3158
2025-08-06T15:40:08,11.8845,11.8864,11.8499,11.8499,74.2632
2025-08-06T15:40:09,11.8845,11.8883,11.8826,11.8826,525.6316
2025-08-06T15:40:10,11.8864,11.8864,11.8864,11.8864,13.5263
2025-08-06T15:40:11,11.8807,11.8864,11.8484,11.8845,940.5789
2025-08-06T15:40:14,11.8864,11.8864,11.8864,11.8864,131.5789
2025-08-06T15:40:15,11.8807,11.8845,11.8807,11.8845,39.6316
2025-08-06T15:40:16,11.8826,11.8826,11.8807,11.8807,642.2105
2025-08-06T15:40:18,11.8484,11.8655,11.8484,11.8579,237.3684
2025-08-06T15:40:19,11.8503,11.8503,11.8503,11.8503,52.6316
2025-08-06T15:40:20,11.8579,11.8579,11.8579,11.8579,14.5263
2025-08-06T15:40:21,11.8484,11.8674,11.8484,11.8484,56.2105
2025-08-06T15:40:22,11.8579,11.8579,11.8579,11.8579,252.9474
2025-08-06T15:40:23,11.8579,11.8579,11.8503,11.8503,91.7368
2025-08-06T15:40:24,11.8541,11.8541,11.8541,11.8541,13.4211
2025-08-06T15:40:25,11.856,11.856,11.856,11.856,66.2632
2025-08-06T15:40:26,11.8541,11.856,11.8541,11.856,1212.8947
2025-08-06T15:40:27,11.8541,11.8541,11.8541,11.8541,61.4737
2025-08-06T15:40:29,11.8541,11.856,11.8541,11.856,16.9474
2025-08-06T15:40:30,11.856,11.856,11.856,11.856,102.4211
2025-08-06T15:40:31,11.856,11.856,11.856,11.856,527.4211
2025-08-06T15:40:33,11.8551,11.856,11.8541,11.8553,387.6316
2025-08-06T15:40:34,11.856,11.856,11.856,11.856,526.6842
2025-08-06T15:40:35,11.8551,11.856,11.8541,11.8551,71.5263
2025-08-06T15:40:36,11.856,11.856,11.856,11.856,13.0526
2025-08-06T15:40:38,11.8541,11.8551,11.8541,11.8551,52.6316
2025-08-06T15:40:39,11.856,11.856,11.856,11.856,374.7368
2025-08-06T15:40:40,11.8541,11.8541,11.8532,11.8532,127.6842
2025-08-06T15:40:41,11.8541,11.8541,11.0561,11.115,16566.2105
2025-08-06T15:40:42,11.115,11.2081,11.115,11.2081,1225.2105
2025-08-06T15:40:43,11.1796,11.1948,11.1796,11.1796,264.9474
2025-08-06T15:40:44,11.1492,11.1777,11.1207,11.1777,635.9474
2025-08-06T15:40:45,11.1796,11.3715,11.1777,11.3639,2605.3684
2025-08-06T15:40:46,11.3658,11.4475,11.21,11.4304,9312.2632
2025-08-06T15:40:47,11.4323,11.4399,11.4323,11.4399,383.0
2025-08-06T15:40:48,11.4456,11.4456,11.4456,11.4456,73.1053
2025-08-06T15:40:49,11.4456,11.4456,11.4456,11.4456,196.3158
2025-08-06T15:40:50,11.447,11.5767,11.4466,11.5748,1634.8947
2025-08-06T15:40:51,11.5748,11.5767,11.5178,11.5178,1753.1053
2025-08-06T15:40:52,11.5748,11.5748,11.4551,11.5055,137.4737
2025-08-06T15:40:53,11.552,11.5767,11.457,11.5767,868.4211
2025-08-06T15:40:54,11.5045,11.5444,11.4874,11.5444,106.7895
2025-08-06T15:40:55,11.4741,11.5501,11.4589,11.5501,794.7368
2025-08-06T15:40:56,11.495,11.547,11.476,11.547,636.7368
2025-08-06T15:40:57,11.5178,11.5197,11.4475,11.4475,1824.3158
2025-08-06T15:40:58,11.5064,11.59,11.5064,11.59,967.3684
2025-08-06T15:40:59,11.5824,11.5824,11.5824,11.5824,33.3158
2025-08-06T15:41:00,11.5615,11.5634,11.5007,11.533,93.2632
2025-08-06T15:41:01,11.5007,11.5321,11.5007,11.5321,126.0
2025-08-06T15:41:02,11.5197,11.5824,11.5178,11.5824,2054.2632
2025-08-06T15:41:03,11.5824,11.5881,11.5824,11.5881,125.7895
2025-08-06T15:41:04,11.5881,11.59,11.5724,11.59,3798.7368
2025-08-06T15:41:05,11.59,11.5919,11.5672,11.5729,423.7368
2025-08-06T15:41:06,11.609,11.609,11.6071,11.6071,48.7368
2025-08-06T15:41:07,11.5634,11.5634,11.5634,11.5634,11.5789
2025-08-06T15:41:08,11.5767,11.5767,11.2119,11.2157,2542.4211
2025-08-06T15:41:09,11.3981,11.3981,11.2176,11.2176,122.4211
2025-08-06T15:41:10,11.4,11.4,11.4,11.4,27.0
2025-08-06T15:41:11,11.2195,11.3107,11.2195,11.3107,762.8947
2025-08-06T15:41:12,11.3981,11.3981,11.3981,11.3981,8.1579
2025-08-06T15:41:13,11.3107,11.3373,11.2727,11.2727,230.8421
2025-08-06T15:41:14,11.3145,11.3525,11.3145,11.3525,85.5263
2025-08-06T15:41:15,11.3145,11.3506,11.3145,11.3145,310.8421
2025-08-06T15:41:16,11.3506,11.3829,11.3107,11.3126,523.2105
2025-08-06T15:41:18,11.3126,11.3791,11.3107,11.3107,209.8421
2025-08-06T15:41:19,11.3145,11.3829,11.3107,11.3677,1326.5789
2025-08-06T15:41:20,11.3829,11.3829,11.3829,11.3829,27.1053
2025-08-06T15:41:21,11.381,11.3943,11.3316,11.3943,821.0526
2025-08-06T15:41:22,11.3943,11.4,11.3924,11.4,812.2632
2025-08-06T15:41:23,11.4,11.4,11.3202,11.3202,666.8421
2025-08-06T15:41:24,11.3506,11.3506,11.3202,11.3202,197.4211
2025-08-06T15:41:25,11.3487,11.3487,11.3316,11.3316,16.3158
2025-08-06T15:41:26,11.3753,11.4399,11.3753,11.4057,1081.6316
2025-08-06T15:41:27,11.4399,11.4399,11.381,11.381,62.8947
2025-08-06T15:41:28,11.3981,11.4399,11.3962,11.4399,208.6316
2025-08-06T15:41:29,11.438,11.5691,11.4,11.4551,1718.9474
2025-08-06T15:41:30,11.5796,11.6185,11.5064,11.6185,1390.6842
2025-08-06T15:41:31,11.5919,11.6375,11.59,11.59,713.1053
2025-08-06T15:41:32,11.5121,11.5511,11.5121,11.5511,36.8421
2025-08-06T15:41:33,11.59,11.59,11.5159,11.5159,460.4211
2025-08-06T15:41:35,11.5416,11.5416,11.5121,11.5159,118.4211
2025-08-06T15:41:36,11.5482,11.5482,11.5482,11.5482,42.9474
2025-08-06T15:41:37,11.5197,11.5482,11.5159,11.5482,459.4737
2025-08-06T15:41:39,11.5197,11.5205,11.5159,11.5159,97.7895
2025-08-06T15:41:40,11.5767,11.5786,11.5767,11.5786,78.9474
2025-08-06T15:41:41,11.5767,11.5767,11.5767,11.5767,6.3158
2025-08-06T15:41:42,11.5482,11.6468,11.5216,11.5235,284.4211
2025-08-06T15:41:44,11.5748,11.5767,11.5748,11.5748,80.7368
2025-08-06T15:41:45,11.5748,11.6793,11.5748,11.6793,988.7895
2025-08-06T15:41:46,11.6318,11.6755,11.5881,11.6755,1280.2105
2025-08-06T15:41:47,11.6318,11.6736,11.6318,11.6736,527.0
2025-08-06T15:41:48,11.6337,11.6755,11.6337,11.6584,1033.9474
2025-08-06T15:41:50,11.6755,11.6755,11.6755,11.6755,13.1579
2025-08-06T15:41:51,11.6565,11.6755,11.6546,11.6755,564.5789
2025-08-06T15:41:52,11.6774,11.6774,11.5653,11.6584,623.8421
2025-08-06T15:41:53,11.6717,11.6717,11.6014,11.6014,595.5789
2025-08-06T15:41:54,11.6052,11.6318,11.6052,11.6318,100.0
2025-08-06T15:41:55,11.6299,11.6299,11.6299,11.6299,52.9474
2025-08-06T15:41:56,11.6204,11.6204,11.4019,11.4133,4402.0
2025-08-06T15:41:57,11.4551,11.5083,11.4019,11.5083,180.3684
2025-08-06T15:41:58,11.4038,11.5064,11.4038,11.5064,13.7368
2025-08-06T15:41:59,11.5083,11.5083,11.4551,11.4551,100.0
2025-08-06T15:42:00,11.4551,11.5083,11.4019,11.5083,149.3684
2025-08-06T15:42:01,11.4019,11.5064,11.4019,11.4551,341.9474
2025-08-06T15:42:02,11.5083,11.5083,11.5083,11.5083,290.1579
2025-08-06T15:42:03,11.4076,11.457,11.4076,11.457,36.1579
2025-08-06T15:42:04,11.476,11.6318,11.476,11.552,1113.8947
2025-08-06T15:42:05,11.6233,11.6233,11.5577,11.5881,876.6842
2025-08-06T15:42:06,11.6185,11.6508,11.5976,11.6223,703.3158
2025-08-06T15:42:07,11.5634,11.7192,11.5634,11.6052,902.3158
2025-08-06T15:42:09,11.59,11.59,11.5634,11.5634,353.5263
2025-08-06T15:42:10,11.572,11.6223,11.5577,11.5843,2414.6842
2025-08-06T15:42:11,11.5577,11.5577,11.4133,11.4152,467.5789
2025-08-06T15:42:12,11.5311,11.5311,11.4741,11.5311,123.3684
2025-08-06T15:42:13,11.4171,11.5311,11.4171,11.4228,118.1053
2025-08-06T15:42:14,11.4247,11.4285,11.4247,11.4285,31.5789
2025-08-06T15:42:15,11.4304,11.4304,11.4304,11.4304,10.5263
2025-08-06T15:42:16,11.5045,11.59,11.5045,11.59,252.5789
2025-08-06T15:42:17,11.6071,11.6071,11.59,11.59,19.0526
2025-08-06T15:42:18,11.6204,11.6204,11.59,11.59,895.2105
2025-08-06T15:42:19,11.59,11.6223,11.4494,11.6223,1363.3158
2025-08-06T15:42:22,11.5558,11.5558,11.4741,11.4741,115.5263
2025-08-06T15:42:23,11.5577,11.5577,11.5159,11.5159,15.7895
2025-08-06T15:42:25,11.4741,11.4741,11.4285,11.4285,57.8947
2025-08-06T15:42:26,11.4285,11.4285,11.4285,11.4285,5.2632
2025-08-06T15:42:27,11.4722,11.4722,11.4722,11.4722,53.4737
2025-08-06T15:42:28,11.4285,11.4285,11.4247,11.4247,172.1053
2025-08-06T15:42:29,11.4693,11.4693,11.4228,11.4228,65.7368
2025-08-06T15:42:30,11.4694,11.514,11.4228,11.4722,100.3684
2025-08-06T15:42:31,11.4988,11.4988,11.4209,11.4779,225.4211
2025-08-06T15:42:32,11.4988,11.4988,11.4779,11.4779,220.5789
2025-08-06T15:42:33,11.4969,11.4969,11.4874,11.4874,178.9474
2025-08-06T15:42:34,11.4988,11.4988,11.476,11.476,96.3158
2025-08-06T15:42:35,11.4874,11.4874,11.438,11.438,268.4211
2025-08-06T15:42:37,11.4874,11.4874,11.4779,11.4779,39.8421
2025-08-06T15:42:38,11.4817,11.4817,11.4817,11.4817,10.5263
2025-08-06T15:42:39,11.4779,11.4874,11.4779,11.4874,24.1053
2025-08-06T15:42:40,11.4874,11.4874,11.4722,11.4722,52.7368
2025-08-06T15:42:41,11.4874,11.4874,11.4646,11.4646,13.7368
2025-08-06T15:42:43,11.4874,11.4874,11.4874,11.4874,5.3158
2025-08-06T15:42:44,11.4437,11.4646,11.4437,11.4437,389.1053
2025-08-06T15:42:46,11.4418,11.4646,11.4418,11.4437,155.7368
2025-08-06T15:42:47,11.4874,11.4874,11.4874,11.4874,13.2105
2025-08-06T15:42:48,11.4874,11.4874,11.4874,11.4874,5.2632
2025-08-06T15:42:50,11.4684,11.4684,11.4684,11.4684,6.3158
2025-08-06T15:42:51,11.4874,11.4874,11.4494,11.4494,40.0
2025-08-06T15:42:54,11.4684,11.4684,11.4494,11.4494,18.6842
2025-08-06T15:42:55,11.4494,11.4494,11.4456,11.4456,104.3158
2025-08-06T15:42:56,11.4466,11.4494,11.4466,11.4494,183.6842
2025-08-06T15:42:57,11.4456,11.4475,11.4456,11.4475,41.7368
2025-08-06T15:43:00,11.4437,11.4437,11.438,11.4399,202.5789
2025-08-06T15:43:01,11.438,11.438,11.4361,11.438,257.6842
2025-08-06T15:43:02,11.4361,11.4361,11.4152,11.4152,401.8947
2025-08-06T15:43:04,11.438,11.438,11.4019,11.4038,410.7368
2025-08-06T15:43:06,11.4019,11.4019,11.4,11.4,341.9474
2025-08-06T15:43:08,11.4,11.4,11.3981,11.3981,490.8421
2025-08-06T15:43:09,11.418,11.418,11.3734,11.3981,107.0
2025-08-06T15:43:12,11.3981,11.399,11.3981,11.399,1494.0526
2025-08-06T15:43:13,11.3981,11.4,11.3981,11.4,672.3158
2025-08-06T15:43:14,11.3981,11.3981,11.3981,11.3981,17.8947
2025-08-06T15:43:15,11.4,11.4,11.3981,11.3981,261.6316
2025-08-06T15:43:17,11.3981,11.4,11.3981,11.4,654.9474
2025-08-06T15:43:18,11.3981,11.399,11.3981,11.399,273.6842
2025-08-06T15:43:19,11.4,11.4,11.3981,11.3981,530.2632
2025-08-06T15:43:20,11.3981,11.3981,11.3981,11.3981,121.1579
2025-08-06T15:43:21,11.3981,11.3981,11.3981,11.3981,5.2632
2025-08-06T15:43:22,11.4,11.4,11.4,11.4,26.3158
2025-08-06T15:43:24,11.3981,11.3981,11.3981,11.3981,5.7895
2025-08-06T15:43:27,11.3981,11.3981,11.3981,11.3981,249.5789
2025-08-06T15:43:28,11.3981,11.3981,11.3981,11.3981,210.7368
2025-08-06T15:43:31,11.3981,11.3981,11.3981,11.3981,39.4211
2025-08-06T15:43:32,11.3981,11.3981,11.3981,11.3981,422.6842
2025-08-06T15:43:33,11.3981,11.3981,11.3981,11.3981,1172.0526
2025-08-06T15:43:35,11.3981,11.4,11.3981,11.3981,646.5263
2025-08-06T15:43:36,11.4,11.4,11.4,11.4,16.7368
2025-08-06T15:43:38,11.3998,11.3998,11.3998,11.3998,5.2632
2025-08-06T15:43:39,11.3981,11.3981,11.3962,11.3981,334.7368
2025-08-06T15:43:40,11.3981,11.3981,11.3981,11.3981,341.4211
2025-08-06T15:43:43,11.4,11.4,11.4,11.4,11.3158
2025-08-06T15:43:44,11.3981,11.4,11.3981,11.3981,43.5789
2025-08-06T15:43:45,11.3981,11.4,11.3981,11.4,21.0
2025-08-06T15:43:46,11.3981,11.4,11.3981,11.4,78.9474
2025-08-06T15:43:47,11.3981,11.3981,11.3981,11.3981,10.5263
2025-08-06T15:43:48,11.4,11.4,11.4,11.4,52.6316
2025-08-06T15:43:49,11.3981,11.3981,11.3981,11.3981,14.2105
2025-08-06T15:43:50,11.4,11.4,11.4,11.4,7.3684
2025-08-06T15:43:51,11.4,11.4,11.3544,11.381,1028.1579
2025-08-06T15:43:52,11.381,11.3829,11.3734,11.3734,110.5263
2025-08-06T15:43:53,11.3525,11.3525,11.3316,11.3316,421.0526
2025-08-06T15:43:54,11.3924,11.3924,11.3202,11.324,189.2632
2025-08-06T15:43:56,11.3202,11.3202,11.3202,11.3202,73.4737
2025-08-06T15:43:57,11.3202,11.3525,11.3202,11.3525,401.3684
2025-08-06T15:44:00,11.3202,11.3221,11.3183,11.3183,426.1579
2025-08-06T15:44:01,11.3867,11.3867,11.3012,11.3012,789.4737
2025-08-06T15:44:02,11.3221,11.3221,11.3221,11.3221,6.7895
2025-08-06T15:44:04,11.343,11.343,11.3221,11.343,1293.4737
2025-08-06T15:44:05,11.3069,11.324,11.305,11.305,301.2632
2025-08-06T15:44:06,11.3202,11.3202,11.3202,11.3202,368.4737
2025-08-06T15:44:07,11.3221,11.3221,11.3221,11.3221,9.5263
2025-08-06T15:44:09,11.3136,11.3136,11.3136,11.3136,9.6842
2025-08-06T15:44:11,11.3069,11.3069,11.3069,11.3069,6.8421
2025-08-06T15:44:12,11.305,11.3069,11.2727,11.3031,824.4737
2025-08-06T15:44:13,11.3031,11.3031,11.3012,11.3012,16.3684
2025-08-06T15:44:14,11.3031,11.3031,11.3031,11.3031,37.9474
2025-08-06T15:44:15,11.305,11.305,11.3012,11.3031,664.8947
2025-08-06T15:44:16,11.3031,11.3031,11.3012,11.3012,1047.3158
2025-08-06T15:44:17,11.3031,11.3031,11.3031,11.3031,5.2632
2025-08-06T15:44:18,11.3012,11.3031,11.3012,11.3031,618.0
2025-08-06T15:44:19,11.2366,11.3088,11.153,11.3088,940.4211
2025-08-06T15:44:21,11.3088,11.3088,11.3088,11.3088,421.0526
2025-08-06T15:44:22,11.3181,11.3181,11.3181,11.3181,47.3684
2025-08-06T15:44:23,11.3031,11.3031,11.3031,11.3031,62.3684
2025-08-06T15:44:25,11.3088,11.3107,11.3012,11.3012,1232.2105
2025-08-06T15:44:26,11.3088,11.3098,11.305,11.305,53.3684
2025-08-06T15:44:27,11.305,11.305,11.305,11.305,18.9474
2025-08-06T15:44:28,11.3088,11.3088,11.3031,11.3031,63.1579
2025-08-06T15:44:29,11.3012,11.3012,11.3012,11.3012,60.0
2025-08-06T15:44:30,11.3088,11.3088,11.3012,11.3012,133.2105
2025-08-06T15:44:31,11.3031,11.305,11.3012,11.305,79.4737
2025-08-06T15:44:32,11.3031,11.3031,11.3031,11.3031,52.6316
2025-08-06T15:44:33,11.3031,11.305,11.3031,11.305,228.4211
2025-08-06T15:44:36,11.3031,11.3031,11.3031,11.3031,52.6316
2025-08-06T15:44:38,11.3031,11.3031,11.3031,11.3031,9.0526
2025-08-06T15:44:39,11.3031,11.3031,11.3012,11.3031,182.5263
2025-08-06T15:44:41,11.3012,11.3031,11.3012,11.3031,15.7368
2025-08-06T15:44:42,11.3012,11.3012,11.3012,11.3012,14.1579
2025-08-06T15:44:44,11.3012,11.3031,11.3012,11.3031,127.4737
2025-08-06T15:44:45,11.3031,11.3031,11.3031,11.3031,101.6316
2025-08-06T15:44:46,11.3012,11.3012,11.3012,11.3012,5.2632
2025-08-06T15:44:49,11.3031,11.3088,11.3031,11.3031,268.1579
2025-08-06T15:44:50,11.3126,11.3126,11.3012,11.3012,1010.4211
2025-08-06T15:44:51,11.3164,11.3164,11.3164,11.3164,421.5789
2025-08-06T15:44:52,11.3069,11.3183,11.3012,11.3183,105.7895
2025-08-06T15:44:53,11.3164,11.324,11.3164,11.3164,388.6842
2025-08-06T15:44:54,11.3449,11.4,11.3069,11.3069,389.9474
2025-08-06T15:44:55,11.3981,11.3981,11.3981,11.3981,889.4737
2025-08-06T15:44:56,11.3962,11.3962,11.3962,11.3962,18.4211
2025-08-06T15:44:58,11.3126,11.3126,11.3107,11.3107,21.5263
2025-08-06T15:44:59,11.3468,11.3468,11.3468,11.3468,26.1053
2025-08-06T15:45:00,11.3126,11.3126,11.3126,11.3126,28.3684
2025-08-06T15:45:01,11.3468,11.3468,11.3126,11.3316,158.4211
2025-08-06T15:45:02,11.3126,11.3126,11.3126,11.3126,421.0526
2025-08-06T15:45:03,11.3126,11.3449,11.3107,11.3449,175.7895
2025-08-06T15:45:04,11.3126,11.3126,11.3126,11.3126,13.6842
2025-08-06T15:45:05,11.3449,11.3449,11.3126,11.3126,112.1579
2025-08-06T15:45:06,11.3107,11.3107,11.3107,11.3107,18.4211
2025-08-06T15:45:07,11.3107,11.3107,11.3107,11.3107,14.8421
2025-08-06T15:45:08,11.3088,11.3088,11.3088,11.3088,16.7895
2025-08-06T15:45:12,11.3107,11.3126,11.3088,11.3126,218.5263
2025-08-06T15:45:13,11.3107,11.3107,11.3107,11.3107,10.5263
2025-08-06T15:45:14,11.3088,11.3107,11.3088,11.3107,340.1053
2025-08-06T15:45:15,11.3107,11.3126,11.3107,11.3126,121.0526
2025-08-06T15:45:16,11.3107,11.3126,11.3107,11.3126,1052.6316
2025-08-06T15:45:17,11.3088,11.3088,11.3088,11.3088,5.2632
2025-08-06T15:45:23,11.3088,11.3088,11.3088,11.3088,29.8421
2025-08-06T15:45:26,11.3107,11.3126,11.3107,11.3126,178.0
2025-08-06T15:45:28,11.3335,11.3335,11.3335,11.3335,184.2105
2025-08-06T15:45:29,11.3544,11.4,11.3544,11.4,1045.1053
2025-08-06T15:45:30,11.3582,11.3791,11.3582,11.3782,525.6842
2025-08-06T15:45:31,11.3791,11.4,11.3563,11.3563,528.4211
2025-08-06T15:45:33,11.3563,11.3791,11.3563,11.3791,268.4211
2025-08-06T15:45:35,11.3687,11.3687,11.3687,11.3687,29.2632
2025-08-06T15:45:40,11.3582,11.3601,11.3088,11.3601,309.5263
2025-08-06T15:45:41,11.3107,11.3107,11.3107,11.3107,605.2632
2025-08-06T15:45:42,11.3582,11.4,11.3582,11.4,1559.4211
2025-08-06T15:45:44,11.3791,11.3791,11.3791,11.3791,18.4737
2025-08-06T15:45:45,11.4,11.4,11.3981,11.4,299.4211
2025-08-06T15:45:51,11.4,11.4,11.362,11.362,51.1053
2025-08-06T15:45:53,11.3981,11.3981,11.381,11.381,70.8947
2025-08-06T15:45:55,11.3981,11.3981,11.3981,11.3981,41.8947
2025-08-06T15:45:56,11.3962,11.4,11.3962,11.4,364.9474
2025-08-06T15:45:59,11.3981,11.4,11.3981,11.4,188.4737
2025-08-06T15:46:00,11.3981,11.3981,11.3981,11.3981,521.0526
2025-08-06T15:46:01,11.3981,11.3981,11.3981,11.3981,521.0526
2025-08-06T15:46:03,11.3962,11.4,11.3962,11.4,805.5263
2025-08-06T15:46:04,11.4,11.4,11.3981,11.3981,257.8947
2025-08-06T15:46:06,11.3981,11.3981,11.3981,11.3981,31.4211
2025-08-06T15:46:07,11.4,11.4,11.3981,11.3981,67.9474
2025-08-06T15:46:08,11.399,11.4,11.3981,11.3981,910.1579
2025-08-06T15:46:09,11.399,11.4,11.399,11.4,617.0
2025-08-06T15:46:10,11.3981,11.4,11.3981,11.4,647.3158
2025-08-06T15:46:11,11.4,11.4,11.3981,11.4,641.9474
2025-08-06T15:46:12,11.3981,11.3981,11.3981,11.3981,69.2105
2025-08-06T15:46:13,11.3981,11.3981,11.3981,11.3981,122.7895
2025-08-06T15:46:15,11.4,11.4,11.4,11.4,527.4737
2025-08-06T15:46:17,11.4,11.4,11.4,11.4,540.5263
2025-08-06T15:46:18,11.399,11.4,11.3981,11.3981,596.7368
2025-08-06T15:46:20,11.3981,11.3981,11.3981,11.3981,521.0526
2025-08-06T15:46:21,11.3962,11.3962,11.3962,11.3962,325.9474
2025-08-06T15:46:22,11.3962,11.3962,11.3962,11.3962,6.9474
2025-08-06T15:46:23,11.3981,11.3981,11.3981,11.3981,89.1579
2025-08-06T15:46:24,11.3962,11.3962,11.3962,11.3962,107.0
2025-08-06T15:46:25,11.3962,11.3981,11.3962,11.3981,30.2105
2025-08-06T15:46:26,11.3981,11.3981,11.3981,11.3981,10.5263
2025-08-06T15:46:27,11.3962,11.4,11.3962,11.3981,942.8421
2025-08-06T15:46:28,11.3962,11.3972,11.3962,11.3962,46.8947
2025-08-06T15:46:33,11.3962,11.3962,11.3962,11.3962,27.6316
2025-08-06T15:46:34,11.3962,11.3962,11.3962,11.3962,521.2105
2025-08-06T15:46:36,11.3962,11.3962,11.3962,11.3962,97.4211
2025-08-06T15:46:38,11.3962,11.3962,11.3962,11.3962,16.6842
2025-08-06T15:46:47,11.3962,11.3962,11.3962,11.3962,78.2105
2025-08-06T15:46:48,11.3962,11.3962,11.3962,11.3962,394.0526
2025-08-06T15:46:49,11.3962,11.3972,11.3962,11.3962,470.0
2025-08-06T15:46:50,11.3734,11.3981,11.3734,11.3858,980.4737
2025-08-06T15:46:51,11.3867,11.3867,11.3734,11.3753,421.1053
2025-08-06T15:46:52,11.3639,11.3639,11.3639,11.3639,54.8421
2025-08-06T15:46:53,11.3791,11.3791,11.3791,11.3791,521.3684
2025-08-06T15:46:55,11.3677,11.3677,11.3525,11.362,517.3684
2025-08-06T15:46:57,11.3544,11.3658,11.3107,11.3107,552.6316
2025-08-06T15:46:58,11.3867,11.3867,11.3088,11.3088,414.3684
2025-08-06T15:47:00,11.3088,11.3886,11.3088,11.3107,293.0526
2025-08-06T15:47:04,11.3107,11.3107,11.3107,11.3107,18.6842
2025-08-06T15:47:05,11.3088,11.3093,11.2746,11.3088,484.9474
2025-08-06T15:47:07,11.286,11.286,11.286,11.286,52.6316
2025-08-06T15:47:09,11.2366,11.2366,11.229,11.229,155.2632
2025-08-06T15:47:10,11.229,11.2309,11.229,11.229,79.5263
2025-08-06T15:47:11,11.2333,11.2746,11.2328,11.2746,75.8421
2025-08-06T15:47:13,11.229,11.229,11.229,11.229,108.8947
2025-08-06T15:47:15,11.2518,11.2518,11.2518,11.2518,5.4211
2025-08-06T15:47:16,11.2518,11.2518,11.2518,11.2518,26.3158
2025-08-06T15:47:17,11.229,11.229,11.21,11.21,561.0
2025-08-06T15:47:19,11.2138,11.2252,11.21,11.21,1483.0
2025-08-06T15:47:20,11.21,11.21,11.21,11.21,201.4737
2025-08-06T15:47:21,11.21,11.21,11.21,11.21,710.4211
2025-08-06T15:47:22,11.21,11.229,11.21,11.2119,622.9474
2025-08-06T15:47:23,11.2119,11.2119,11.1796,11.191,1260.8947
2025-08-06T15:47:25,11.1682,11.1682,11.0998,11.1492,1391.3158
2025-08-06T15:47:26,11.0998,11.0998,11.0675,11.0998,174.2632
2025-08-06T15:47:28,11.1017,11.1017,11.1017,11.1017,22.8947
2025-08-06T15:47:29,11.0998,11.0998,11.0998,11.0998,11.0
2025-08-06T15:47:30,11.0998,11.0998,11.0998,11.0998,72.4737
2025-08-06T15:47:31,11.1017,11.1017,11.1017,11.1017,35.3684
2025-08-06T15:47:32,11.0998,11.0998,11.0694,11.0694,74.1579
2025-08-06T15:47:34,11.0675,11.0675,11.0675,11.0675,26.3158
2025-08-06T15:47:35,11.0827,11.0827,11.0675,11.0675,518.2105
2025-08-06T15:47:36,11.0466,11.079,11.0466,11.079,84.2105
2025-08-06T15:47:37,11.0808,11.0998,11.0808,11.0998,645.7895
2025-08-06T15:47:38,11.0903,11.0903,11.0827,11.0827,35.7895
2025-08-06T15:47:39,11.0827,11.0827,11.0827,11.0827,6.3158
2025-08-06T15:47:40,11.0827,11.0884,11.0827,11.0884,57.6842
2025-08-06T15:47:41,11.0827,11.0827,11.0827,11.0827,331.8947
2025-08-06T15:47:42,11.0884,11.0884,11.0884,11.0884,27.2105
2025-08-06T15:47:43,11.0827,11.0827,10.9592,10.9611,5603.7368
2025-08-06T15:47:44,10.9597,10.9597,10.925,10.9288,256.2632
2025-08-06T15:47:45,10.925,10.925,10.6381,10.6381,5782.1053
2025-08-06T15:47:46,10.6676,10.7958,10.6476,10.7958,1385.6316
2025-08-06T15:47:47,10.7217,10.83,10.7217,10.83,2715.3158
2025-08-06T15:47:48,10.925,10.925,10.8338,10.9117,287.0
2025-08-06T15:47:49,10.9184,10.9516,10.6438,10.9516,7638.1579
2025-08-06T15:47:50,10.9516,10.9516,10.7578,10.8319,230.1579
2025-08-06T15:47:51,10.8319,10.8832,10.6951,10.8338,237.1579
2025-08-06T15:47:54,10.8813,10.8813,10.8186,10.8196,51.0
2025-08-06T15:47:55,10.8129,10.8813,10.8129,10.8813,429.0526
2025-08-06T15:47:56,10.8927,10.9459,10.8908,10.9459,449.6316
2025-08-06T15:47:57,10.9573,11.0675,10.9516,10.9896,2083.4211
2025-08-06T15:47:58,10.9877,11.0808,10.9877,11.0086,341.4737
2025-08-06T15:47:59,11.0437,11.0618,11.0067,11.058,94.0
2025-08-06T15:48:00,11.058,11.0732,11.0561,11.0675,301.0526
2025-08-06T15:48:01,11.0656,11.0656,11.0656,11.0656,47.4737
2025-08-06T15:48:02,11.0789,11.0806,11.0656,11.0656,392.5789
2025-08-06T15:48:03,11.0723,11.077,11.0723,11.077,13.8421
2025-08-06T15:48:04,11.0723,11.0723,11.0656,11.0656,386.5789
2025-08-06T15:48:05,11.0827,11.0884,11.0713,11.0713,468.5263
2025-08-06T15:48:06,11.0865,11.2024,11.0865,11.2024,356.2105
2025-08-06T15:48:07,11.2024,11.2062,11.2024,11.2062,91.9474
2025-08-06T15:48:08,11.2043,11.2043,11.2043,11.2043,59.8947
2025-08-06T15:48:09,11.2043,11.2043,11.2043,11.2043,124.1053
2025-08-06T15:48:10,11.2062,11.2062,11.2062,11.2062,52.6316
2025-08-06T15:48:12,11.2062,11.2062,11.2043,11.2062,189.6316
2025-08-06T15:48:13,11.2043,11.2043,11.2043,11.2043,78.9474
2025-08-06T15:48:14,11.2043,11.2053,11.2043,11.2043,186.6316
2025-08-06T15:48:15,11.2062,11.2062,11.2062,11.2062,26.3158
2025-08-06T15:48:16,11.2043,11.2043,11.2024,11.2034,480.1053
2025-08-06T15:48:19,11.2024,11.2024,11.2024,11.2024,5.2632
2025-08-06T15:48:20,11.1625,11.1625,11.1093,11.1625,148.6316
2025-08-06T15:48:23,11.0656,11.0865,11.0599,11.0865,106.4211
2025-08-06T15:48:24,11.191,11.191,11.191,11.191,97.8421
2025-08-06T15:48:26,11.191,11.1929,11.191,11.191,72.7368
2025-08-06T15:48:27,11.191,11.191,11.191,11.191,27.1053
2025-08-06T15:48:28,11.191,11.1929,11.191,11.1929,56.0
2025-08-06T15:48:29,11.1929,11.1929,11.1929,11.1929,32.5263
2025-08-06T15:48:31,11.1919,11.2119,11.1919,11.1948,604.5789
2025-08-06T15:48:33,11.2043,11.2043,11.2043,11.2043,39.4737
2025-08-06T15:48:34,11.2784,11.3335,11.2043,11.3335,118.5263
2025-08-06T15:48:35,11.2062,11.3392,11.2043,11.3392,128.9474
2025-08-06T15:48:37,11.2366,11.2366,11.2366,11.2366,5.8421
2025-08-06T15:48:39,11.2784,11.2784,11.2784,11.2784,5.2632
2025-08-06T15:48:40,11.2347,11.2347,11.2347,11.2347,20.8421
2025-08-06T15:48:42,11.2138,11.2138,11.2138,11.2138,8.2105
2025-08-06T15:48:43,11.2784,11.2784,11.2784,11.2784,78.9474
2025-08-06T15:48:44,11.2366,11.2366,11.2366,11.2366,36.8421
2025-08-06T15:48:45,11.248,11.248,11.248,11.248,28.3684
2025-08-06T15:48:47,11.3487,11.3487,11.286,11.286,32.8947
2025-08-06T15:48:48,11.3145,11.3506,11.286,11.3392,286.3684
2025-08-06T15:48:49,11.3639,11.4209,11.3506,11.4209,2083.2105
2025-08-06T15:48:50,11.4209,11.4209,11.3772,11.3772,478.4211
2025-08-06T15:48:51,11.3772,11.3772,11.3772,11.3772,15.8421
2025-08-06T15:48:52,11.4418,11.4418,11.3772,11.3772,567.3684
2025-08-06T15:48:53,11.4418,11.4418,11.4418,11.4418,105.2632
2025-08-06T15:48:54,11.4095,11.4095,11.4095,11.4095,5.2632
2025-08-06T15:48:55,11.4114,11.4114,11.381,11.381,66.8947
2025-08-06T15:48:57,11.4228,11.4228,11.4228,11.4228,10.0526
2025-08-06T15:48:58,11.4418,11.4418,11.4095,11.4095,103.8947
2025-08-06T15:48:59,11.3905,11.3905,11.3857,11.3857,104.5263
2025-08-06T15:49:01,11.381,11.3886,11.381,11.3886,312.0526
2025-08-06T15:49:02,11.3848,11.3848,11.3848,11.3848,22.4211
2025-08-06T15:49:03,11.3905,11.3981,11.362,11.362,541.3684
2025-08-06T15:49:05,11.3601,11.362,11.3335,11.362,313.4737
2025-08-06T15:49:06,11.3601,11.3601,11.305,11.305,970.7368
2025-08-06T15:49:09,11.3601,11.3601,11.3601,11.3601,17.5263
2025-08-06T15:49:10,11.305,11.305,11.305,11.305,7.3158
2025-08-06T15:49:11,11.3069,11.3069,11.3069,11.3069,16.9474
2025-08-06T15:49:13,11.3069,11.362,11.2955,11.362,92.0
2025-08-06T15:49:14,11.2955,11.2955,11.2841,11.2841,63.1579
2025-08-06T15:49:15,11.3202,11.3202,11.2045,11.2119,620.7368
2025-08-06T15:49:18,11.3259,11.3468,11.3259,11.3468,34.2105
2025-08-06T15:49:20,11.305,11.305,11.305,11.305,15.7895
2025-08-06T15:49:21,11.3202,11.3202,11.3202,11.3202,5.2632
2025-08-06T15:49:22,11.3259,11.3259,11.3259,11.3259,7.8947
2025-08-06T15:49:25,11.3202,11.3221,11.2195,11.2195,131.1579
2025-08-06T15:49:27,11.2347,11.3164,11.2347,11.3164,672.7368
2025-08-06T15:49:32,11.2062,11.2974,11.2043,11.2974,2693.4211
2025-08-06T15:49:34,11.2955,11.305,11.2708,11.2708,95.0526
2025-08-06T15:49:36,11.267,11.305,11.2157,11.305,67.7368
2025-08-06T15:49:39,11.2675,11.2675,11.267,11.267,10.6316
2025-08-06T15:49:41,11.2708,11.3031,11.2138,11.2499,328.8421
2025-08-06T15:49:42,11.2376,11.2376,11.2376,11.2376,587.7895
2025-08-06T15:49:43,11.21,11.21,11.21,11.21,116.5789
2025-08-06T15:49:44,11.2651,11.267,11.2651,11.267,46.8947
2025-08-06T15:49:48,11.2423,11.2423,11.2176,11.2176,20.5263
2025-08-06T15:49:50,11.2176,11.2176,11.2157,11.2157,168.4211
2025-08-06T15:49:51,11.2613,11.2632,11.2214,11.2214,155.9474
2025-08-06T15:49:53,11.2556,11.2556,11.2195,11.2195,286.8947
2025-08-06T15:49:54,11.2195,11.2195,11.2195,11.2195,21.4211
2025-08-06T15:49:55,11.2585,11.2594,11.2195,11.2423,261.5263
2025-08-06T15:49:56,11.2594,11.2974,11.2594,11.2974,2005.2632
2025-08-06T15:49:58,11.2651,11.2651,11.2252,11.2271,142.1053
2025-08-06T15:49:59,11.229,11.2955,11.229,11.2955,489.4737
2025-08-06T15:50:00,11.2936,11.2936,11.2385,11.2385,52.6316
2025-08-06T15:50:04,11.2917,11.2917,11.2917,11.2917,205.2105
2025-08-06T15:50:06,11.2385,11.2385,11.2385,11.2385,26.3158
2025-08-06T15:50:08,11.2651,11.2917,11.2651,11.2917,113.8421
2025-08-06T15:50:10,11.2879,11.2879,11.2651,11.2651,82.3158
2025-08-06T15:50:11,11.2613,11.2613,11.2613,11.2613,64.7368
2025-08-06T15:50:12,11.2879,11.2879,11.2347,11.2347,89.4211
2025-08-06T15:50:13,11.2385,11.2385,11.2385,11.2385,71.5263
2025-08-06T15:50:14,11.2756,11.2756,11.2756,11.2756,5.2632
2025-08-06T15:50:17,11.2765,11.2898,11.2765,11.2898,184.2105
2025-08-06T15:50:19,11.2613,11.2613,11.2613,11.2613,5.6842
2025-08-06T15:50:20,11.2632,11.2632,11.2632,11.2632,226.1053
2025-08-06T15:50:21,11.2765,11.2765,11.2765,11.2765,52.6316
2025-08-06T15:50:24,11.2898,11.2898,11.2898,11.2898,37.8421
2025-08-06T15:50:27,11.2689,11.2689,11.2689,11.2689,188.5789
2025-08-06T15:50:28,11.2632,11.2632,11.2271,11.2271,262.4737
2025-08-06T15:50:30,11.229,11.229,11.229,11.229,184.2105
2025-08-06T15:50:31,11.2271,11.2271,11.2271,11.2271,26.3158
2025-08-06T15:50:33,11.2281,11.2281,11.2281,11.2281,394.7368
2025-08-06T15:50:35,11.2271,11.2271,11.2271,11.2271,12.6842
2025-08-06T15:50:37,11.229,11.229,11.229,11.229,33.8947
2025-08-06T15:50:39,11.229,11.229,11.229,11.229,31.3158
2025-08-06T15:50:40,11.2214,11.2271,11.2195,11.2271,60.4211
2025-08-06T15:50:41,11.2176,11.2176,11.21,11.21,233.9474
2025-08-06T15:50:42,11.21,11.21,11.21,11.21,41.8947
2025-08-06T15:50:45,11.21,11.21,11.21,11.21,13.1579
2025-08-06T15:50:47,11.2119,11.2176,11.2119,11.2176,36.0
2025-08-06T15:50:48,11.21,11.21,11.0998,11.1017,547.8947
2025-08-06T15:50:49,11.1606,11.229,11.154,11.1597,1746.0526
2025-08-06T15:50:50,11.2651,11.2651,11.2632,11.2651,55.9474
2025-08-06T15:50:54,11.2214,11.2214,11.2119,11.2119,235.4737
2025-08-06T15:50:55,11.2119,11.2119,11.0238,11.0238,1953.2632
2025-08-06T15:50:56,11.02,11.058,11.02,11.058,494.3684
2025-08-06T15:50:58,11.1264,11.1264,11.0723,11.0723,78.9474
2025-08-06T15:50:59,11.0238,11.1264,11.0238,11.1264,36.4737
2025-08-06T15:51:01,11.0694,11.0694,11.0694,11.0694,229.4737
2025-08-06T15:51:03,11.078,11.0789,11.078,11.0789,31.5789
2025-08-06T15:51:04,11.0333,11.0352,11.0333,11.0352,18.3158
2025-08-06T15:51:06,11.0352,11.0732,11.0352,11.0732,257.3158
2025-08-06T15:51:07,11.0789,11.0789,11.0789,11.0789,52.6316
2025-08-06T15:51:08,11.0998,11.0998,11.0789,11.0789,605.8947
2025-08-06T15:51:09,11.0808,11.0808,11.0808,11.0808,101.9474
2025-08-06T15:51:10,11.0791,11.0791,11.0791,11.0791,21.0526
2025-08-06T15:51:11,11.0998,11.1027,11.0808,11.1027,90.2632
2025-08-06T15:51:13,11.1026,11.1026,11.1026,11.1026,521.0526
2025-08-06T15:51:14,11.0922,11.0922,11.0903,11.0903,24.0
2025-08-06T15:51:15,11.0789,11.0808,11.0789,11.0808,947.3684
2025-08-06T15:51:17,11.0979,11.1017,11.0903,11.1017,94.6316
2025-08-06T15:51:19,11.1017,11.1017,11.1017,11.1017,6.3158
2025-08-06T15:51:20,11.0922,11.0922,11.0922,11.0922,15.9474
2025-08-06T15:51:21,11.1065,11.1093,11.1065,11.1093,15.7895
2025-08-06T15:51:22,11.1017,11.1017,11.1017,11.1017,24.1053
2025-08-06T15:51:23,11.1226,11.1473,11.1226,11.1473,349.0526
2025-08-06T15:51:26,11.1796,11.1796,11.1606,11.1625,21.0526
2025-08-06T15:51:28,11.1473,11.1473,11.1112,11.1112,146.7895
2025-08-06T15:51:30,11.1625,11.1625,11.1625,11.1625,31.5789
2025-08-06T15:51:31,11.172,11.172,11.1606,11.1606,84.2105
2025-08-06T15:51:32,11.1606,11.172,11.1606,11.1682,77.8947
2025-08-06T15:51:33,11.172,11.172,11.0352,11.0352,2605.7895
2025-08-06T15:51:34,11.1017,11.1017,11.0694,11.0694,29.2105
2025-08-06T15:51:35,11.1036,11.1036,11.1036,11.1036,28.9474
2025-08-06T15:51:38,11.0675,11.0675,11.0675,11.0675,114.4211
2025-08-06T15:51:39,11.0523,11.0523,11.0523,11.0523,105.2632
2025-08-06T15:51:40,11.0694,11.0694,11.0352,11.0694,51.5789
2025-08-06T15:51:41,11.0694,11.0694,11.0352,11.0514,121.0526
2025-08-06T15:51:42,11.0352,11.0352,11.0352,11.0352,78.3158
2025-08-06T15:51:43,11.0352,11.0371,11.0352,11.0352,504.6842
2025-08-06T15:51:44,11.0352,11.0352,11.0352,11.0352,9.1579
2025-08-06T15:51:45,11.0354,11.0354,11.0352,11.0352,45.4737
2025-08-06T15:51:47,11.0352,11.0352,11.0352,11.0352,7.8947
2025-08-06T15:51:48,11.0352,11.039,11.0352,11.039,46.8947
2025-08-06T15:51:49,11.0371,11.0371,11.0371,11.0371,12.2632
2025-08-06T15:51:50,11.0438,11.0438,11.0438,11.0438,15.7895
2025-08-06T15:51:51,11.0438,11.0438,11.0352,11.0371,47.3684
2025-08-06T15:51:52,11.0371,11.0371,11.0352,11.0352,34.2105
2025-08-06T15:51:53,11.0352,11.0371,11.0352,11.0371,25.6842
2025-08-06T15:51:54,11.0371,11.0371,11.0371,11.0371,5.2632
2025-08-06T15:51:55,11.0352,11.0352,11.0352,11.0352,12.0526
2025-08-06T15:51:56,11.0352,11.0352,11.0352,11.0352,27.3684
2025-08-06T15:51:57,11.0371,11.0371,11.0371,11.0371,9.0
2025-08-06T15:51:59,11.0371,11.0371,11.0371,11.0371,21.0
2025-08-06T15:52:01,11.0352,11.0352,11.0352,11.0352,19.4737
2025-08-06T15:52:02,11.0352,11.0352,11.0352,11.0352,94.7368
2025-08-06T15:52:03,11.0352,11.0352,11.0352,11.0352,7.0
2025-08-06T15:52:04,11.0352,11.0352,11.0352,11.0352,8.0
2025-08-06T15:52:05,11.0352,11.0352,11.0352,11.0352,26.3684
2025-08-06T15:52:06,11.0352,11.0352,11.0352,11.0352,357.6316
2025-08-06T15:52:08,11.0352,11.0352,10.9915,10.9972,998.2105
2025-08-06T15:52:09,10.963,10.9953,10.963,10.9649,677.9474
2025-08-06T15:52:11,10.9953,10.9953,10.9953,10.9953,227.3684
2025-08-06T15:52:13,10.963,10.9639,10.963,10.9639,157.9474
2025-08-06T15:52:14,10.9639,10.9639,10.9639,10.9639,61.5263
2025-08-06T15:52:17,10.963,10.963,10.963,10.963,64.3684
2025-08-06T15:52:18,10.9649,10.9649,10.9649,10.9649,115.7895
2025-08-06T15:52:19,10.963,10.963,10.963,10.963,52.6316
2025-08-06T15:52:20,10.9649,10.9649,10.9649,10.9649,78.9474
2025-08-06T15:52:21,10.963,10.963,10.963,10.963,139.4211
2025-08-06T15:52:22,10.963,10.963,10.963,10.963,17.8947
2025-08-06T15:52:23,10.963,10.9649,10.963,10.9649,45.6842
2025-08-06T15:52:26,10.9649,10.9649,10.963,10.963,299.4737
2025-08-06T15:52:27,10.963,10.963,10.963,10.963,41.3158
2025-08-06T15:52:28,10.9649,10.9649,10.963,10.963,135.2632
2025-08-06T15:52:29,10.9639,10.9639,10.925,10.925,780.2105
2025-08-06T15:52:30,10.9383,10.9383,10.9193,10.9212,255.7895
2025-08-06T15:52:31,10.9193,10.9649,10.9193,10.9497,669.2632
2025-08-06T15:52:32,10.963,10.963,10.963,10.963,10.5263
2025-08-06T15:52:33,10.963,10.9649,10.963,10.963,622.5263
2025-08-06T15:52:34,11.0352,11.0352,10.9364,10.9364,172.7368
2025-08-06T15:52:35,10.9944,10.9944,10.9944,10.9944,473.6842
2025-08-06T15:52:37,10.9953,10.9953,10.9706,10.9706,15.7895
2025-08-06T15:52:38,10.9829,10.9829,10.9829,10.9829,35.2632
2025-08-06T15:52:39,11.0352,11.0523,10.9953,10.9953,159.0526
2025-08-06T15:52:40,10.9953,10.9972,10.9953,10.9972,425.3684
2025-08-06T15:52:41,11.0295,11.1606,11.0295,11.1606,422.0526
2025-08-06T15:52:42,11.0751,11.1606,11.0751,11.1606,679.9474
2025-08-06T15:52:43,11.1169,11.1587,11.0732,11.1587,728.6316
2025-08-06T15:52:44,11.1606,11.1606,11.1169,11.1473,172.2105
2025-08-06T15:52:46,11.0808,11.0808,11.0808,11.0808,110.5263
2025-08-06T15:52:47,11.1606,11.1606,11.1568,11.1568,531.5789
2025-08-06T15:52:49,11.0846,11.0846,11.0846,11.0846,27.6316
2025-08-06T15:52:51,11.1226,11.1226,11.1226,11.1226,5.2632
2025-08-06T15:52:52,11.134,11.153,11.134,11.153,55.0
2025-08-06T15:52:53,11.115,11.115,11.115,11.115,110.5263
2025-08-06T15:52:54,11.1435,11.1511,11.1435,11.1511,85.3684
2025-08-06T15:52:55,11.1511,11.1511,11.1511,11.1511,5.2632
2025-08-06T15:52:56,11.1473,11.1473,11.1473,11.1473,10.5263
2025-08-06T15:52:57,11.1511,11.1511,11.1511,11.1511,54.7368
2025-08-06T15:52:59,11.1473,11.1473,11.1473,11.1473,114.9474
2025-08-06T15:53:00,11.1359,11.1359,11.1255,11.1255,151.1053
2025-08-06T15:53:01,11.1378,11.1568,11.134,11.134,121.3684
2025-08-06T15:53:09,11.1245,11.1397,11.1226,11.1368,283.2632
2025-08-06T15:53:10,11.1378,11.1739,11.1378,11.1739,129.2632
2025-08-06T15:53:11,11.2119,11.2765,11.1437,11.2366,634.8421
2025-08-06T15:53:12,11.2138,11.2138,11.2138,11.2138,18.3158
2025-08-06T15:53:14,11.2119,11.2119,11.2119,11.2119,26.3158
2025-08-06T15:53:15,11.2119,11.2119,11.2119,11.2119,32.7368
2025-08-06T15:53:16,11.2119,11.2119,11.2119,11.2119,46.4211
2025-08-06T15:53:17,11.2366,11.2366,11.2366,11.2366,18.8947
2025-08-06T15:53:19,11.2338,11.2338,11.2138,11.2138,987.1053
2025-08-06T15:53:21,11.2252,11.2252,11.2252,11.2252,15.5263
2025-08-06T15:53:23,11.2157,11.2157,11.2157,11.2157,26.4737
2025-08-06T15:53:24,11.2157,11.2157,11.2157,11.2157,10.5263
2025-08-06T15:53:25,11.2138,11.2138,11.2138,11.2138,23.7368
2025-08-06T15:53:26,11.2081,11.2081,11.1492,11.2062,442.5263
2025-08-06T15:53:27,11.1492,11.1492,11.1492,11.1492,34.2105
2025-08-06T15:53:28,11.1663,11.1663,11.1663,11.1663,13.7895
2025-08-06T15:53:32,11.1492,11.1492,11.1492,11.1492,131.5789
2025-08-06T15:53:33,11.1492,11.1492,11.1397,11.1492,261.8421
2025-08-06T15:53:35,11.0884,11.0884,11.0884,11.0884,5.2632
2025-08-06T15:53:37,11.1967,11.1967,11.1967,11.1967,37.6316
2025-08-06T15:53:38,11.0884,11.1967,11.0884,11.1967,21.0526
2025-08-06T15:53:41,11.1397,11.1606,11.1397,11.1606,223.6316
2025-08-06T15:53:42,11.1426,11.1426,11.1426,11.1426,197.7895
2025-08-06T15:53:43,11.0884,11.1131,11.0884,11.1131,58.2632
2025-08-06T15:53:46,11.1872,11.1872,11.115,11.115,38.7368
2025-08-06T15:53:48,11.1131,11.1131,11.1131,11.1131,26.3684
2025-08-06T15:53:49,11.1131,11.1473,11.1131,11.1473,28.4211
2025-08-06T15:53:52,11.1131,11.1549,11.1131,11.1549,172.2632
2025-08-06T15:53:53,11.1133,11.1133,11.1131,11.1131,11.6316
2025-08-06T15:53:54,11.115,11.115,11.115,11.115,5.7895
2025-08-06T15:53:55,11.1416,11.1416,11.1416,11.1416,18.9474
2025-08-06T15:53:56,11.1131,11.1549,11.1131,11.1549,21.0526
2025-08-06T15:53:58,11.1169,11.1549,11.1169,11.1549,90.6316
2025-08-06T15:54:03,11.1178,11.1178,11.1178,11.1178,21.0526
2025-08-06T15:54:04,11.115,11.115,11.115,11.115,5.2632
2025-08-06T15:54:05,11.115,11.115,11.115,11.115,15.5263
2025-08-06T15:54:06,11.115,11.115,11.115,11.115,5.2632
2025-08-06T15:54:07,11.115,11.115,11.115,11.115,14.0
2025-08-06T15:54:10,11.115,11.135,11.115,11.135,53.6842
2025-08-06T15:54:12,11.115,11.115,11.115,11.115,78.1053
2025-08-06T15:54:17,11.1378,11.1378,11.1378,11.1378,253.4211
2025-08-06T15:54:18,11.1378,11.1378,11.1378,11.1378,8.8947
2025-08-06T15:54:20,11.1547,11.1547,11.1359,11.1359,62.2632
2025-08-06T15:54:23,11.1378,11.1378,11.1378,11.1378,21.0526
2025-08-06T15:54:29,11.1359,11.1359,11.115,11.115,186.5789
2025-08-06T15:54:31,11.115,11.115,11.115,11.115,53.1579
2025-08-06T15:54:34,11.115,11.1169,11.115,11.1169,19.4211
2025-08-06T15:54:35,11.1169,11.1169,11.1169,11.1169,19.4211
2025-08-06T15:54:36,11.1169,11.1169,11.058,11.058,415.3684
2025-08-06T15:54:37,11.0552,11.0552,11.0552,11.0552,7.0
2025-08-06T15:54:39,11.0552,11.0552,11.0552,11.0552,7.3158
2025-08-06T15:54:43,11.0542,11.0542,11.0542,11.0542,30.5263
2025-08-06T15:54:44,11.0561,11.0561,11.0561,11.0561,7.8947
2025-08-06T15:54:45,11.0561,11.0561,11.0561,11.0561,10.6316
2025-08-06T15:54:46,11.0523,11.0542,11.0523,11.0542,244.2632
2025-08-06T15:54:48,11.0542,11.058,11.0542,11.058,63.9474
2025-08-06T15:54:49,11.0523,11.0523,11.0523,11.0523,184.2105
2025-08-06T15:54:50,11.0533,11.0533,11.0533,11.0533,22.5263
2025-08-06T15:54:55,11.0533,11.0533,11.0533,11.0533,105.3158
2025-08-06T15:54:59,11.0533,11.0533,11.0533,11.0533,52.6316
2025-08-06T15:55:00,11.0523,11.0523,11.0523,11.0523,52.6316
2025-08-06T15:55:02,11.0542,11.0542,11.0542,11.0542,33.9474
2025-08-06T15:55:06,11.0523,11.0523,11.0523,11.0523,116.1053
2025-08-06T15:55:07,11.0523,11.0523,11.0523,11.0523,154.5263
2025-08-06T15:55:08,11.0523,11.0542,11.0523,11.0542,410.3684
2025-08-06T15:55:10,11.0523,11.0542,11.0523,11.0542,104.1053
2025-08-06T15:55:12,11.0523,11.0523,11.0523,11.0523,5.2632
2025-08-06T15:55:14,11.0523,11.0523,11.0523,11.0523,47.3684
2025-08-06T15:55:15,11.0533,11.0533,11.0533,11.0533,40.2105
2025-08-06T15:55:16,11.0523,11.0542,11.0523,11.0542,152.4737
2025-08-06T15:55:17,11.0523,11.0542,11.0523,11.0542,47.3158
2025-08-06T15:55:19,11.0542,11.0618,11.0533,11.0618,86.5263
2025-08-06T15:55:20,11.0979,11.0979,11.096,11.096,250.6842
2025-08-06T15:55:21,11.0523,11.0713,11.0523,11.058,180.1053
2025-08-06T15:55:23,11.0542,11.0542,11.0542,11.0542,30.3158
2025-08-06T15:55:24,11.0523,11.0523,11.0523,11.0523,209.4737
2025-08-06T15:55:25,11.0162,11.0162,11.0162,11.0162,21.5263
2025-08-06T15:55:27,10.9725,10.9725,10.9725,10.9725,1580.2632
2025-08-06T15:55:28,11.0124,11.0124,11.0124,11.0124,5.2632
2025-08-06T15:55:29,11.0523,11.0523,11.0124,11.0124,325.5263
2025-08-06T15:55:31,11.0561,11.0561,11.0561,11.0561,13.7368
2025-08-06T15:55:37,10.9763,10.9763,10.9725,10.9725,78.2105
2025-08-06T15:55:38,10.9725,10.9886,10.9725,10.9886,20.3684
2025-08-06T15:55:40,10.9839,10.9839,10.9839,10.9839,134.2105
2025-08-06T15:55:42,10.9782,10.9782,10.9611,10.9611,194.7368
2025-08-06T15:55:45,10.9649,10.9649,10.9649,10.9649,7.6316
2025-08-06T15:55:48,10.9545,10.9545,10.9545,10.9545,19.0
2025-08-06T15:55:49,10.9545,10.9545,10.9545,10.9545,15.8421
2025-08-06T15:55:50,10.9592,10.9592,10.9478,10.9478,26.8421
2025-08-06T15:55:52,10.9079,10.9079,10.9079,10.9079,23.5263
2025-08-06T15:55:53,10.9079,10.9079,10.9079,10.9079,46.7895
2025-08-06T15:55:54,10.9165,10.9165,10.9165,10.9165,26.3158
2025-08-06T15:55:55,10.9117,10.9231,10.9079,10.9174,330.4737
2025-08-06T15:55:58,10.9098,10.9098,10.868,10.868,959.7368
2025-08-06T15:55:59,10.8832,10.925,10.8832,10.925,100.0
2025-08-06T15:56:02,10.868,10.8794,10.868,10.8699,223.7895
2025-08-06T15:56:03,10.8927,10.8927,10.868,10.868,142.8947
2025-08-06T15:56:04,10.8927,10.8927,10.8927,10.8927,44.0
2025-08-06T15:56:06,10.9155,10.9155,10.9155,10.9155,105.3158
2025-08-06T15:56:11,10.9155,10.9155,10.8908,10.9041,474.4211
2025-08-06T15:56:12,10.8927,10.8927,10.8927,10.8927,39.1579
2025-08-06T15:56:13,10.8889,10.9117,10.8889,10.8922,986.8947
2025-08-06T15:56:15,10.8889,10.9155,10.8889,10.9155,61.8421
2025-08-06T15:56:16,10.9022,10.9022,10.8908,10.8908,133.1053
2025-08-06T15:56:17,10.9098,10.9098,10.9098,10.9098,53.4211
2025-08-06T15:56:18,10.9155,10.9155,10.9155,10.9155,12.5789
2025-08-06T15:56:19,10.9041,10.9041,10.9041,10.9041,20.0
2025-08-06T15:56:20,10.9098,10.9098,10.9098,10.9098,9.7895
2025-08-06T15:56:22,10.906,10.906,10.906,10.906,17.3684
2025-08-06T15:56:23,10.906,10.906,10.9041,10.9041,40.1053
2025-08-06T15:56:24,10.8889,10.8908,10.8889,10.8908,508.5789
2025-08-06T15:56:25,10.8918,10.8946,10.8918,10.8946,1052.6316
2025-08-06T15:56:27,10.8889,10.8889,10.8661,10.8661,543.6316
2025-08-06T15:56:29,10.8661,10.8661,10.8661,10.8661,93.4737
2025-08-06T15:56:31,10.8661,10.8661,10.8661,10.8661,60.8947
2025-08-06T15:56:32,10.8528,10.8528,10.8528,10.8528,12.8421
2025-08-06T15:56:33,10.8661,10.8661,10.8661,10.8661,17.1053
2025-08-06T15:56:38,10.8661,10.8661,10.8661,10.8661,105.6316
2025-08-06T15:56:39,10.8661,10.8661,10.8319,10.8319,103.0526
2025-08-06T15:56:41,10.8471,10.8471,10.8471,10.8471,5.3158
2025-08-06T15:56:43,10.8319,10.8319,10.83,10.83,929.6842
2025-08-06T15:56:44,10.83,10.83,10.8243,10.8243,40.2632
2025-08-06T15:56:47,10.792,10.792,10.792,10.792,34.3684
2025-08-06T15:56:53,10.792,10.792,10.792,10.792,45.2105
2025-08-06T15:56:54,10.792,10.8241,10.7787,10.8241,68.0
2025-08-06T15:56:56,10.7901,10.7901,10.7901,10.7901,15.2632
2025-08-06T15:56:57,10.7806,10.792,10.754,10.792,283.1579
2025-08-06T15:57:00,10.754,10.7555,10.754,10.7555,42.0
2025-08-06T15:57:01,10.754,10.754,10.754,10.754,108.5789
2025-08-06T15:57:02,10.754,10.754,10.754,10.754,11.1053
2025-08-06T15:57:03,10.7559,10.7559,10.716,10.716,740.0526
2025-08-06T15:57:04,10.7369,10.7559,10.7369,10.7559,574.4737
2025-08-06T15:57:05,10.7483,10.7483,10.7483,10.7483,11.4211
2025-08-06T15:57:06,10.716,10.7426,10.716,10.7426,155.5789
2025-08-06T15:57:07,10.7407,10.7426,10.7407,10.7426,41.3684
2025-08-06T15:57:08,10.7046,10.7426,10.7046,10.7426,389.8421
2025-08-06T15:57:10,10.7255,10.7407,10.7255,10.7407,53.1053
2025-08-06T15:57:12,10.7388,10.7388,10.7141,10.7141,89.1579
2025-08-06T15:57:13,10.7046,10.7046,10.7046,10.7046,5.5789
2025-08-06T15:57:14,10.7046,10.7293,10.6875,10.7293,388.2632
2025-08-06T15:57:15,10.6894,10.7293,10.64,10.64,813.2105
2025-08-06T15:57:16,10.6666,10.6666,10.6666,10.6666,476.1053
2025-08-06T15:57:17,10.64,10.6609,10.583,10.6609,817.4211
2025-08-06T15:57:18,10.6628,10.6628,10.5849,10.6229,309.1053
2025-08-06T15:57:19,10.64,10.64,10.5849,10.5849,2160.0526
2025-08-06T15:57:21,10.6115,10.6115,10.5849,10.5849,150.0
2025-08-06T15:57:22,10.621,10.621,10.5849,10.5868,485.6842
2025-08-06T15:57:23,10.5849,10.6229,10.5849,10.6229,82.0
2025-08-06T15:57:24,10.602,10.6229,10.5982,10.621,878.7895
2025-08-06T15:57:25,10.6229,10.6229,10.5963,10.5963,238.1053
2025-08-06T15:57:26,10.6077,10.6077,10.5965,10.5965,60.3158
2025-08-06T15:57:27,10.6172,10.7046,10.6077,10.6514,1687.3158
2025-08-06T15:57:28,10.6647,10.6856,10.5374,10.6856,700.0
2025-08-06T15:57:30,10.6856,10.6856,10.6856,10.6856,22.1053
2025-08-06T15:57:31,10.6039,10.6448,10.6039,10.6058,74.7895
2025-08-06T15:57:32,10.6628,10.6628,10.64,10.6419,715.8421
2025-08-06T15:57:34,10.6442,10.6609,10.6442,10.6609,16.1579
2025-08-06T15:57:35,10.6609,10.6609,10.64,10.64,1697.8947
2025-08-06T15:57:36,10.64,10.7274,10.64,10.7274,1086.7895
2025-08-06T15:57:37,10.7075,10.7293,10.7075,10.7293,101.7368
2025-08-06T15:57:38,10.7084,10.7293,10.697,10.697,184.9474
2025-08-06T15:57:39,10.7293,10.7312,10.7293,10.7312,209.6316
2025-08-06T15:57:40,10.7274,10.735,10.7274,10.7312,197.2632
2025-08-06T15:57:41,10.7331,10.7331,10.7331,10.7331,19.7368
2025-08-06T15:57:42,10.7312,10.7312,10.7293,10.7293,134.5263
2025-08-06T15:57:43,10.735,10.735,10.735,10.735,399.5789
2025-08-06T15:57:44,10.7331,10.7331,10.7274,10.7274,263.2632
2025-08-06T15:57:45,10.735,10.735,10.716,10.716,1695.1579
2025-08-06T15:57:46,10.716,10.716,10.716,10.716,21.1053
2025-08-06T15:57:47,10.716,10.716,10.716,10.716,18.4211
2025-08-06T15:57:48,10.7141,10.7141,10.7084,10.7084,136.5789
2025-08-06T15:57:49,10.716,10.716,10.716,10.716,52.6316
2025-08-06T15:57:51,10.7085,10.7141,10.7084,10.7084,413.9474
2025-08-06T15:57:52,10.7084,10.7084,10.6875,10.6875,74.2632
2025-08-06T15:57:53,10.6856,10.7084,10.6533,10.7084,607.1579
2025-08-06T15:57:55,10.6799,10.6799,10.6799,10.6799,15.2632
2025-08-06T15:57:56,10.7084,10.7084,10.7084,10.7084,20.2632
2025-08-06T15:57:59,10.6941,10.7084,10.6941,10.7084,2334.4737
2025-08-06T15:58:00,10.6818,10.6818,10.6818,10.6818,20.4737
2025-08-06T15:58:01,10.6799,10.6799,10.6799,10.6799,89.4737
2025-08-06T15:58:02,10.7065,10.7065,10.7065,10.7065,26.3158
2025-08-06T15:58:03,10.7084,10.7084,10.7084,10.7084,83.3684
2025-08-06T15:58:04,10.7027,10.7027,10.7027,10.7027,31.6316
2025-08-06T15:58:05,10.7008,10.7027,10.7008,10.7027,61.0
2025-08-06T15:58:06,10.6799,10.6856,10.6229,10.6856,166.7368
2025-08-06T15:58:07,10.6552,10.6552,10.6552,10.6552,52.6316
2025-08-06T15:58:11,10.678,10.678,10.6552,10.6552,81.3684
2025-08-06T15:58:12,10.6799,10.6799,10.6799,10.6799,8.1579
2025-08-06T15:58:13,10.6552,10.6552,10.6552,10.6552,23.5789
2025-08-06T15:58:14,10.6552,10.6552,10.6533,10.6533,47.8421
2025-08-06T15:58:16,10.6533,10.6552,10.6533,10.6552,179.2632
2025-08-06T15:58:17,10.6543,10.6543,10.6543,10.6543,15.9474
2025-08-06T15:58:19,10.6533,10.6533,10.6533,10.6533,48.8947
2025-08-06T15:58:20,10.6552,10.6552,10.6543,10.6543,88.6842
2025-08-06T15:58:21,10.6543,10.6552,10.6533,10.6533,354.4211
2025-08-06T15:58:22,10.6552,10.6552,10.6533,10.6533,10.5789
2025-08-06T15:58:23,10.6533,10.6533,10.6533,10.6533,70.0
2025-08-06T15:58:24,10.6552,10.6552,10.6552,10.6552,5.3158
2025-08-06T15:58:26,10.6552,10.6647,10.6552,10.6647,241.0
2025-08-06T15:58:27,10.659,10.6628,10.6172,10.6248,1610.0526
2025-08-06T15:58:28,10.6647,10.6647,10.6533,10.6533,61.0526
2025-08-06T15:58:30,10.6628,10.6647,10.6628,10.6647,88.5789
2025-08-06T15:58:32,10.6564,10.6564,10.6564,10.6564,53.6842
2025-08-06T15:58:33,10.6533,10.6533,10.6533,10.6533,5.4737
2025-08-06T15:58:34,10.6552,10.6552,10.6533,10.6533,209.8421
2025-08-06T15:58:35,10.659,10.659,10.6533,10.6533,34.7368
2025-08-06T15:58:36,10.6552,10.6552,10.6438,10.6533,102.6842
2025-08-06T15:58:38,10.6419,10.6438,10.6419,10.6438,57.8947
2025-08-06T15:58:40,10.6419,10.6438,10.64,10.6438,317.2105
2025-08-06T15:58:41,10.6172,10.6438,10.602,10.6191,493.3684
2025-08-06T15:58:42,10.5849,10.6077,10.583,10.583,575.0526
2025-08-06T15:58:43,10.5849,10.6286,10.5849,10.6286,17.4211
2025-08-06T15:58:45,10.6305,10.659,10.6305,10.659,526.3158
2025-08-06T15:58:46,10.6419,10.6609,10.6419,10.6609,316.6316
2025-08-06T15:58:47,10.6198,10.6198,10.6172,10.6172,173.6842
2025-08-06T15:58:49,10.6362,10.6362,10.6362,10.6362,16.8421
2025-08-06T15:58:50,10.6305,10.6419,10.6305,10.6419,289.8421
2025-08-06T15:58:51,10.6305,10.6305,10.6305,10.6305,23.6842
2025-08-06T15:58:52,10.6419,10.6419,10.6419,10.6419,521.0526
2025-08-06T15:58:55,10.6438,10.6438,10.6419,10.6419,193.0526
2025-08-06T15:58:56,10.6438,10.6438,10.6438,10.6438,26.3158
2025-08-06T15:58:57,10.64,10.64,10.64,10.64,16.3684
2025-08-06T15:58:58,10.6305,10.6362,10.6286,10.6288,68.4211
2025-08-06T15:58:59,10.6419,10.6419,10.6419,10.6419,54.2105
2025-08-06T15:59:02,10.6286,10.6287,10.6286,10.6287,31.5789
2025-08-06T15:59:03,10.6362,10.6362,10.6362,10.6362,5.2632
2025-08-06T15:59:07,10.6305,10.6438,10.6305,10.6438,220.5263
2025-08-06T15:59:09,10.6324,10.6324,10.6153,10.6153,191.8947
2025-08-06T15:59:10,10.6058,10.6058,10.45,10.45,2777.3684
2025-08-06T15:59:11,10.6305,10.6305,10.45,10.5773,490.2632
2025-08-06T15:59:12,10.45,10.4519,10.45,10.4519,75.0
2025-08-06T15:59:14,10.5146,10.5146,10.5146,10.5146,264.4737
2025-08-06T15:59:15,10.5113,10.5113,10.4755,10.4755,77.8947
2025-08-06T15:59:16,10.45,10.45,10.45,10.45,17.8947
2025-08-06T15:59:17,10.45,10.4741,10.45,10.4741,677.3158
2025-08-06T15:59:19,10.4766,10.4766,10.4766,10.4766,20.8947
2025-08-06T15:59:20,10.4747,10.4747,10.4747,10.4747,248.4211
2025-08-06T15:59:21,10.4747,10.4766,10.45,10.45,4317.5789
2025-08-06T15:59:22,10.4519,10.4519,10.4519,10.4519,521.1053
2025-08-06T15:59:23,10.4519,10.4519,10.4519,10.4519,521.0526
2025-08-06T15:59:24,10.469,10.5317,10.469,10.5317,1073.4737
2025-08-06T15:59:26,10.5317,10.5317,10.45,10.4709,163.8947
2025-08-06T15:59:28,10.4709,10.5296,10.469,10.4709,160.5263
2025-08-06T15:59:30,10.4918,10.4918,10.45,10.4519,1100.0
2025-08-06T15:59:31,10.469,10.4994,10.469,10.4994,222.7895
2025-08-06T15:59:32,10.4777,10.4777,10.474,10.474,263.2632
2025-08-06T15:59:33,10.4709,10.4709,10.4709,10.4709,42.1053
2025-08-06T15:59:34,10.5298,10.5298,10.5298,10.5298,17.2105
2025-08-06T15:59:35,10.4747,10.4747,10.4747,10.4747,6.2632
2025-08-06T15:59:38,10.488,10.4975,10.4766,10.4975,233.1053
2025-08-06T15:59:39,10.5051,10.5507,10.4918,10.5507,656.5789
2025-08-06T15:59:40,10.5488,10.5507,10.5488,10.5507,78.9474
2025-08-06T15:59:41,10.5241,10.5792,10.5241,10.5792,813.3684
2025-08-06T15:59:42,10.5792,10.6343,10.5754,10.6343,640.5789
2025-08-06T15:59:43,10.6324,10.6343,10.6324,10.6343,176.8947
2025-08-06T15:59:44,10.64,10.6438,10.6191,10.6191,43.8421
2025-08-06T15:59:45,10.6191,10.6476,10.526,10.5925,1972.2105
2025-08-06T15:59:46,10.5925,10.5925,10.5925,10.5925,9.0526
2025-08-06T15:59:47,10.6514,10.6533,10.582,10.5887,503.6316
2025-08-06T15:59:48,10.5127,10.6609,10.5127,10.6609,361.4211
2025-08-06T15:59:49,10.6058,10.6609,10.6039,10.6343,474.2105
2025-08-06T15:59:50,10.6666,10.6714,10.6666,10.6714,37.1579
2025-08-06T15:59:51,10.7084,10.7084,10.7084,10.7084,194.4211
2025-08-06T15:59:52,10.7084,10.716,10.5203,10.6229,3696.5263
2025-08-06T15:59:53,10.5374,10.7274,10.5374,10.621,1340.9474
2025-08-06T15:59:54,10.7293,10.7426,10.7293,10.7312,191.1053
2025-08-06T15:59:55,10.7559,10.7559,10.6495,10.6495,1302.3158
2025-08-06T15:59:56,10.754,11.4,10.6514,10.6514,3284.4211
2025-08-06T15:59:57,10.811,10.8167,10.811,10.8167,799.0
2025-08-07T09:30:00,11.5938,11.5938,11.5425,11.5425,6770.8947
2025-08-07T09:30:03,11.7325,11.7325,11.495,11.495,124.5789
2025-08-07T09:30:09,11.7325,11.761,11.4855,11.723,593.6842
2025-08-07T09:30:10,11.761,11.799,11.4874,11.799,337.7368
2025-08-07T09:30:12,11.6498,11.818,11.6498,11.818,598.3684
2025-08-07T09:30:13,11.9187,11.9187,11.9187,11.9187,142.2632
2025-08-07T09:30:15,11.9187,11.932,11.9035,11.932,2549.5789
2025-08-07T09:30:16,11.9643,11.9662,11.9643,11.9662,51.7368
2025-08-07T09:30:25,11.9168,11.9168,11.9168,11.9168,421.6316
2025-08-07T09:30:34,11.848,11.848,11.848,11.848,5.4211
2025-08-07T09:30:36,11.7553,11.7553,11.7553,11.7553,401.5263
2025-08-07T09:30:37,11.7544,11.7544,11.7544,11.7544,352.6842
2025-08-07T09:30:42,11.7895,11.7895,11.7895,11.7895,28.4211
2025-08-07T09:30:43,11.5919,11.609,11.5919,11.609,39.7368
2025-08-07T09:30:44,11.7553,11.7553,11.7553,11.7553,108.7368
2025-08-07T09:30:47,11.7534,11.7534,11.7534,11.7534,15.7895
2025-08-07T09:30:56,11.6109,11.6109,11.6109,11.6109,10.5263
2025-08-07T09:31:03,11.7553,11.7553,11.7553,11.7553,210.5263
2025-08-07T09:31:07,11.6109,11.6109,11.6109,11.6109,8.7895
2025-08-07T09:31:14,11.6128,11.6128,11.6109,11.6109,263.1579
2025-08-07T09:31:15,11.6128,11.6128,11.6128,11.6128,9.8947
2025-08-07T09:31:20,11.6109,11.6109,11.6109,11.6109,15.2632
2025-08-07T09:31:22,11.609,11.609,11.609,11.609,240.3158
2025-08-07T09:31:31,11.5919,11.5919,11.5919,11.5919,9.9474
2025-08-07T09:31:35,11.59,11.59,11.59,11.59,10.5263
2025-08-07T09:31:40,11.59,11.5919,11.59,11.5919,66.6316
2025-08-07T09:31:41,11.609,11.609,11.609,11.609,10.5263
2025-08-07T09:31:44,11.5919,11.5919,11.5919,11.5919,168.6842
2025-08-07T09:31:46,11.59,11.59,11.59,11.59,78.9474
2025-08-07T09:31:47,11.5919,11.5919,11.5919,11.5919,42.7368
2025-08-07T09:31:49,11.5919,11.5919,11.5919,11.5919,75.2105
2025-08-07T09:31:52,11.59,11.5919,11.495,11.495,223.2632
2025-08-07T09:31:53,11.495,11.495,11.495,11.495,380.9474
2025-08-07T09:31:54,11.5482,11.5482,11.5482,11.5482,16.8421
2025-08-07T09:31:58,11.5121,11.7477,11.495,11.7477,1115.5263
2025-08-07T09:31:59,11.495,11.5482,11.495,11.5482,56.3684
2025-08-07T09:32:01,11.4133,11.4133,11.4114,11.4114,69.3158
2025-08-07T09:32:02,11.4114,11.4114,11.4114,11.4114,62.8947
2025-08-07T09:32:04,11.419,11.419,11.419,11.419,5.2632
2025-08-07T09:32:05,11.4114,11.4114,11.134,11.134,1898.7895
2025-08-07T09:32:06,11.172,11.173,11.172,11.173,521.0526
2025-08-07T09:32:10,11.134,11.134,11.134,11.134,158.2105
2025-08-07T09:32:11,11.0561,11.0561,11.02,11.0219,1110.3158
2025-08-07T09:32:12,11.0202,11.0202,11.0202,11.0202,13.7368
2025-08-07T09:32:13,11.172,11.172,11.172,11.172,15.3684
2025-08-07T09:32:14,11.172,11.172,11.172,11.172,52.6316
2025-08-07T09:32:16,11.02,11.02,11.02,11.02,24.1053
2025-08-07T09:32:18,11.0865,11.0865,10.9953,10.9953,442.3684
2025-08-07T09:32:20,10.982,10.982,10.982,10.982,5.2632
2025-08-07T09:32:21,10.9535,11.001,10.8452,10.8471,924.5263
2025-08-07T09:32:22,10.9721,10.9721,10.8452,10.8452,10.5263
2025-08-07T09:32:23,10.8745,10.8745,10.83,10.83,426.4211
2025-08-07T09:32:25,10.8167,10.8167,10.8167,10.8167,13.9474
2025-08-07T09:32:26,10.8281,10.8281,10.8281,10.8281,110.7368
2025-08-07T09:32:27,10.773,10.8281,10.7654,10.7673,365.7368
2025-08-07T09:32:28,10.83,10.83,10.83,10.83,227.2105
2025-08-07T09:32:29,10.7673,10.7673,10.7654,10.7654,17.1053
2025-08-07T09:32:30,10.7806,10.7882,10.7806,10.7882,52.6316
2025-08-07T09:32:32,10.7654,10.8148,10.7654,10.8148,220.4737
2025-08-07T09:32:33,10.7673,10.7673,10.7673,10.7673,145.3158
2025-08-07T09:32:34,10.7654,10.7654,10.7654,10.7654,84.2105
2025-08-07T09:32:35,10.7854,10.7854,10.7854,10.7854,11.0526
2025-08-07T09:32:37,10.8148,10.8148,10.8148,10.8148,13.1579
2025-08-07T09:32:38,10.7882,10.7882,10.7882,10.7882,54.7368
2025-08-07T09:32:39,10.7654,10.7654,10.754,10.754,584.3684
2025-08-07T09:32:40,10.8167,10.8167,10.7768,10.7768,145.3158
2025-08-07T09:32:41,10.7675,10.7692,10.7675,10.7692,18.4211
2025-08-07T09:32:42,10.9231,10.9231,10.9231,10.9231,6.8421
2025-08-07T09:32:45,10.7673,10.7673,10.754,10.754,53.1053
2025-08-07T09:32:46,10.925,10.925,10.8319,10.8319,19.1579
2025-08-07T09:32:47,10.9212,10.9212,10.9212,10.9212,435.5263
2025-08-07T09:32:48,10.8593,10.8593,10.8593,10.8593,16.8421
2025-08-07T09:32:50,10.9231,10.925,10.9231,10.9231,767.7895
2025-08-07T09:32:54,11.2746,11.2746,11.2746,11.2746,13.5789
2025-08-07T09:32:55,11.2765,11.2765,11.2765,11.2765,435.5789
2025-08-07T09:32:57,11.2746,11.2746,11.2746,11.2746,435.5263
2025-08-07T09:33:00,11.0998,11.0998,11.0998,11.0998,12.8421
2025-08-07T09:33:05,11.0998,11.0998,11.0998,11.0998,6.5263
2025-08-07T09:33:06,11.172,11.267,11.172,11.2252,263.1579
2025-08-07T09:33:07,11.2765,11.2765,11.2765,11.2765,40.3684
2025-08-07T09:33:11,11.2708,11.2708,11.2708,11.2708,43.7368
2025-08-07T09:33:12,11.2689,11.59,11.2689,11.3639,53.6842
2025-08-07T09:33:13,11.267,11.267,11.267,11.267,119.4211
2025-08-07T09:33:14,11.495,11.59,11.495,11.59,329.2105
2025-08-07T09:33:15,11.4,11.4,11.4,11.4,19.2632
2025-08-07T09:33:16,11.59,11.59,11.59,11.59,23.5263
2025-08-07T09:33:20,11.5558,11.5558,11.5558,11.5558,58.6842
2025-08-07T09:33:28,11.4,11.4,11.4,11.4,20.0
2025-08-07T09:33:29,11.4855,11.4855,11.4855,11.4855,54.0
2025-08-07T09:33:33,11.4,11.4,11.4,11.4,36.8947
2025-08-07T09:33:35,11.59,11.59,11.59,11.59,36.9474
2025-08-07T09:33:36,11.5558,11.5558,11.5558,11.5558,81.3158
2025-08-07T09:33:37,11.59,11.59,11.59,11.59,53.0526
2025-08-07T09:33:39,11.552,11.552,11.552,11.552,26.3158
2025-08-07T09:33:40,11.6907,11.6907,11.6907,11.6907,15.7895
2025-08-07T09:33:41,11.5529,11.7059,11.5529,11.5529,263.1579
2025-08-07T09:33:42,11.7057,11.7057,11.7057,11.7057,263.1579
2025-08-07T09:33:44,11.5539,11.5539,11.5539,11.5539,6.5789
2025-08-07T09:33:46,11.4,11.4,11.4,11.4,21.0526
2025-08-07T09:33:48,11.59,11.59,11.59,11.59,10.1579
2025-08-07T09:33:52,11.5539,11.5539,11.5539,11.5539,6.3684
2025-08-07T09:33:57,11.552,11.59,11.495,11.495,263.1579
2025-08-07T09:34:03,11.4912,11.4912,11.4912,11.4912,14.4737
2025-08-07T09:34:08,11.419,11.419,11.4,11.419,230.1579
2025-08-07T09:34:10,11.495,11.495,11.495,11.495,52.6842
2025-08-07T09:34:11,11.4,11.4,11.4,11.4,24.7895
2025-08-07T09:34:12,11.4741,11.4741,11.4741,11.4741,43.4737
2025-08-07T09:34:13,11.2689,11.2689,11.2689,11.2689,5.2632
2025-08-07T09:34:18,11.4874,11.4874,11.4874,11.4874,155.2632
2025-08-07T09:34:20,11.4874,11.4874,11.4874,11.4874,10.5263
2025-08-07T09:34:23,11.2689,11.2689,11.267,11.267,184.7895
2025-08-07T09:34:33,11.267,11.2689,11.267,11.267,444.3158
2025-08-07T09:34:34,11.2689,11.2689,11.21,11.2119,600.4211
2025-08-07T09:34:35,11.2119,11.2119,11.2119,11.2119,5.2632
2025-08-07T09:34:36,11.2119,11.2119,11.2119,11.2119,5.3684
2025-08-07T09:34:43,11.2385,11.2689,11.21,11.21,606.6842
2025-08-07T09:34:44,11.21,11.21,11.21,11.21,26.3158
2025-08-07T09:34:45,11.2119,11.2119,11.2119,11.2119,46.8421
2025-08-07T09:34:47,11.2708,11.3782,11.2708,11.3782,495.0
2025-08-07T09:34:48,11.3782,11.3782,11.2708,11.2708,427.0
2025-08-07T09:34:51,11.4874,11.4874,11.4874,11.4874,121.4737
2025-08-07T09:34:54,11.2689,11.2689,11.2689,11.2689,39.4737
2025-08-07T09:34:55,11.2708,11.2708,11.2708,11.2708,421.0526
2025-08-07T09:34:57,11.4657,11.4657,11.4657,11.4657,7.8947
2025-08-07T09:34:59,11.2689,11.2708,11.2689,11.2708,52.6316
2025-08-07T09:35:02,11.3319,11.3319,11.3319,11.3319,15.7895
2025-08-07T09:35:03,11.3373,11.3373,11.3373,11.3373,52.6316
2025-08-07T09:35:22,11.4013,11.4013,11.4013,11.4013,9.2105
2025-08-07T09:35:29,11.4684,11.4684,11.4,11.4,79.4737
2025-08-07T09:35:41,11.3373,11.3373,11.3373,11.3373,26.7368
2025-08-07T09:35:43,11.305,11.305,11.305,11.305,5.2632
2025-08-07T09:35:50,11.3867,11.3867,11.3867,11.3867,21.0526
2025-08-07T09:35:53,11.3981,11.3981,11.3981,11.3981,52.6316
2025-08-07T09:35:55,11.2955,11.2955,11.2955,11.2955,6.2632
2025-08-07T09:36:08,11.2119,11.2119,11.2119,11.2119,63.1579
2025-08-07T09:36:11,11.2936,11.2936,11.2936,11.2936,268.4211
2025-08-07T09:36:19,11.21,11.2955,11.21,11.2955,552.5263
2025-08-07T09:36:21,11.2528,11.2528,11.2528,11.2528,15.7895
2025-08-07T09:36:23,11.2119,11.2119,11.2119,11.2119,5.2632
2025-08-07T09:36:24,11.2936,11.2936,11.2936,11.2936,13.1579
2025-08-07T09:36:27,11.21,11.21,11.21,11.21,81.4211
2025-08-07T09:36:37,11.2328,11.2328,11.2328,11.2328,26.3158
2025-08-07T09:36:39,11.2347,11.2347,11.2347,11.2347,13.1579
2025-08-07T09:36:42,11.2537,11.2537,11.2537,11.2537,5.2632
2025-08-07T09:36:43,11.21,11.21,11.21,11.21,123.6842
2025-08-07T09:36:46,11.2005,11.21,11.2005,11.21,270.7368
2025-08-07T09:36:48,11.2138,11.2138,11.172,11.21,390.5789
2025-08-07T09:36:52,11.21,11.2233,11.21,11.2233,74.8947
2025-08-07T09:36:54,11.21,11.21,11.1568,11.1568,38.6842
2025-08-07T09:37:04,11.058,11.058,11.058,11.058,408.7368
2025-08-07T09:37:07,11.1226,11.1226,11.1226,11.1226,375.2632
2025-08-07T09:37:11,11.058,11.0599,11.058,11.0599,110.5789
2025-08-07T09:37:13,11.0599,11.0599,11.0599,11.0599,33.8421
2025-08-07T09:37:18,11.0599,11.1815,11.0599,11.1815,64.4737
2025-08-07T09:37:21,11.1245,11.1245,11.1245,11.1245,61.5789
2025-08-07T09:37:22,11.0428,11.0428,11.0428,11.0428,1147.2632
2025-08-07T09:37:23,11.0599,11.0599,11.0599,11.0599,23.6842
2025-08-07T09:37:25,11.0409,11.0409,11.0409,11.0409,7.5263
2025-08-07T09:37:27,11.21,11.21,11.21,11.21,180.7895
2025-08-07T09:37:28,11.21,11.21,11.21,11.21,46.7368
2025-08-07T09:37:29,11.0409,11.0409,11.0409,11.0409,10.5263
2025-08-07T09:37:31,11.0409,11.0409,11.0409,11.0409,18.5263
2025-08-07T09:37:32,11.039,11.039,11.039,11.039,101.0526
2025-08-07T09:37:34,11.1245,11.1245,11.1245,11.1245,5.2632
2025-08-07T09:37:35,11.0409,11.0409,11.0409,11.0409,24.4737
2025-08-07T09:37:39,11.039,11.0409,11.039,11.039,56.5263
2025-08-07T09:37:43,11.1245,11.1245,11.039,11.039,764.1579
2025-08-07T09:37:48,11.115,11.115,11.115,11.115,22.4211
2025-08-07T09:37:49,11.039,11.039,11.039,11.039,53.5789
2025-08-07T09:37:57,11.1672,11.1672,11.1672,11.1672,54.0
2025-08-07T09:37:58,11.1264,11.1264,11.1264,11.1264,12.7368
2025-08-07T09:38:01,11.1245,11.1672,11.039,11.1672,229.7368
2025-08-07T09:38:02,11.1245,11.1245,11.1245,11.1245,52.6316
2025-08-07T09:38:07,11.115,11.115,11.115,11.115,13.9474
2025-08-07T09:38:09,11.1036,11.1036,11.1036,11.1036,105.2632
2025-08-07T09:38:19,11.1036,11.1036,11.0409,11.0409,780.4211
2025-08-07T09:38:20,11.0409,11.1036,11.0409,11.1036,110.5263
2025-08-07T09:38:25,11.1663,11.1663,11.1663,11.1663,7.8947
2025-08-07T09:38:30,11.0409,11.0409,11.0409,11.0409,47.3684
2025-08-07T09:38:31,11.039,11.039,11.039,11.039,39.4737
2025-08-07T09:38:32,11.1682,11.1682,11.1682,11.1682,23.0
2025-08-07T09:38:38,11.1682,11.1682,11.1682,11.1682,7.8947
2025-08-07T09:38:39,11.1625,11.1663,11.1625,11.1663,42.2105
2025-08-07T09:38:43,11.115,11.115,11.115,11.115,10.5263
2025-08-07T09:38:44,11.1625,11.1625,11.1625,11.1625,315.7895
2025-08-07T09:38:48,11.2081,11.2081,11.2081,11.2081,10.2632
2025-08-07T09:38:51,11.21,11.21,11.21,11.21,110.0
2025-08-07T09:38:52,11.2803,11.2803,11.1682,11.1682,47.3684
2025-08-07T09:38:58,11.2803,11.2803,11.2803,11.2803,5.2632
2025-08-07T09:39:05,11.248,11.248,11.1682,11.1682,329.6316
2025-08-07T09:39:16,11.305,11.305,11.3031,11.3031,578.9474
2025-08-07T09:39:20,11.21,11.21,11.21,11.21,20.4211
2025-08-07T09:39:21,11.21,11.21,11.21,11.21,98.1579
2025-08-07T09:39:23,11.305,11.3905,11.305,11.3905,87.0
2025-08-07T09:39:24,11.3696,11.3696,11.3487,11.3487,263.1579
2025-08-07T09:39:25,11.3696,11.3696,11.3696,11.3696,21.0526
2025-08-07T09:39:26,11.3905,11.3905,11.3886,11.3886,1315.7895
2025-08-07T09:39:28,11.3696,11.3696,11.3487,11.3487,17.8947
2025-08-07T09:39:31,11.386,11.386,11.386,11.386,7.0526
2025-08-07T09:39:32,11.362,11.362,11.362,11.362,8.4211
2025-08-07T09:39:41,11.362,11.362,11.362,11.362,11.2632
2025-08-07T09:39:42,11.3601,11.3601,11.3487,11.3487,1326.3158
2025-08-07T09:39:43,11.3611,11.3611,11.3611,11.3611,5.2632
2025-08-07T09:39:51,11.3601,11.3601,11.3601,11.3601,226.3158
2025-08-07T09:39:53,11.3563,11.3563,11.3563,11.3563,26.3158
2025-08-07T09:39:54,11.362,11.362,11.362,11.362,157.8947
2025-08-07T09:39:59,11.3563,11.3582,11.3544,11.3544,305.7895
2025-08-07T09:40:00,11.3605,11.3605,11.3605,11.3605,263.1579
2025-08-07T09:40:01,11.3544,11.362,11.3012,11.3012,475.2105
2025-08-07T09:40:02,11.3145,11.3145,11.3145,11.3145,26.3158
2025-08-07T09:40:03,11.2404,11.2404,11.2404,11.2404,6.6316
2025-08-07T09:40:06,11.3506,11.3506,11.3506,11.3506,263.1579
2025-08-07T09:40:12,11.21,11.3506,11.02,11.2879,526.4211
2025-08-07T09:40:26,11.2784,11.2784,11.2784,11.2784,47.3684
2025-08-07T09:40:29,11.1492,11.1492,11.1492,11.1492,155.2632
2025-08-07T09:40:31,11.1492,11.1492,11.1492,11.1492,70.7368
2025-08-07T09:40:38,11.2822,11.305,11.2822,11.305,936.8421
2025-08-07T09:40:52,11.2271,11.2271,11.2271,11.2271,21.1053
2025-08-07T09:40:54,11.229,11.229,11.1492,11.1492,28.1579
2025-08-07T09:40:58,11.305,11.305,11.305,11.305,7.8947
2025-08-07T09:40:59,11.305,11.305,11.305,11.305,13.1579
2025-08-07T09:41:01,11.2271,11.2271,11.1492,11.1511,1070.1579
2025-08-07T09:41:02,11.1796,11.1796,11.1796,11.1796,49.7368
2025-08-07T09:41:11,11.21,11.21,11.21,11.21,39.4737
2025-08-07T09:41:12,11.1511,11.1796,11.1511,11.1796,21.0526
2025-08-07T09:41:13,11.1511,11.1511,11.1511,11.1511,157.8947
2025-08-07T09:41:16,11.1513,11.1513,11.1513,11.1513,22.5263
2025-08-07T09:41:19,11.1806,11.1806,11.1511,11.1511,1005.2632
2025-08-07T09:41:24,11.1815,11.1815,11.1815,11.1815,334.4737
2025-08-07T09:41:25,11.1549,11.1549,11.1511,11.1511,806.5789
2025-08-07T09:41:26,11.1549,11.1549,11.1549,11.1549,90.8421
2025-08-07T09:41:27,11.21,11.21,11.21,11.21,105.2632
2025-08-07T09:41:31,11.21,11.21,11.21,11.21,526.3158
2025-08-07T09:41:34,11.1929,11.21,11.1929,11.21,74.5263
2025-08-07T09:41:39,11.2098,11.2098,11.2098,11.2098,20.0
2025-08-07T09:41:40,11.1758,11.1758,11.1758,11.1758,31.5789
2025-08-07T09:41:41,11.1758,11.21,11.1758,11.21,433.9474
2025-08-07T09:41:42,11.3031,11.3031,11.3031,11.3031,8.8947
2025-08-07T09:41:55,11.2271,11.2271,11.2271,11.2271,52.6316
2025-08-07T09:42:01,11.1549,11.1549,11.1549,11.1549,160.5263
2025-08-07T09:42:02,11.2271,11.2271,11.153,11.153,47.3158
2025-08-07T09:42:09,11.1549,11.1815,11.1511,11.1606,289.8947
2025-08-07T09:42:10,11.1606,11.1606,11.153,11.153,160.8421
2025-08-07T09:42:11,11.2005,11.2005,11.1549,11.1549,20.3158
2025-08-07T09:42:20,11.153,11.21,11.153,11.21,19.4737
2025-08-07T09:42:21,11.1549,11.2442,11.1549,11.2442,12.1053
2025-08-07T09:42:27,11.2822,11.2822,11.2822,11.2822,5.3684
2025-08-07T09:42:30,11.2822,11.2822,11.2822,11.2822,5.2632
2025-08-07T09:42:35,11.2271,11.2271,11.2271,11.2271,52.6316
2025-08-07T09:42:43,11.248,11.248,11.248,11.248,110.5263
2025-08-07T09:42:48,11.2822,11.305,11.2822,11.305,65.0526
2025-08-07T09:42:50,11.3411,11.5824,11.3411,11.5824,1382.1053
2025-08-07T09:42:51,11.3924,11.5824,11.3924,11.5824,1595.7368
2025-08-07T09:42:58,11.4874,11.4874,11.3924,11.3924,34.7895
2025-08-07T09:43:22,11.4921,11.4921,11.4921,11.4921,52.6316
2025-08-07T09:43:23,11.4019,11.4019,11.4019,11.4019,16.3158
2025-08-07T09:43:24,11.5824,11.5824,11.5824,11.5824,263.1579
2025-08-07T09:43:26,11.4922,11.4922,11.4922,11.4922,52.0526
2025-08-07T09:43:38,11.4969,11.5691,11.4969,11.5691,21.0526
2025-08-07T09:43:42,11.5691,11.5691,11.5689,11.5689,289.4737
2025-08-07T09:43:45,11.495,11.5691,11.495,11.5691,126.1053
2025-08-07T09:43:48,11.495,11.495,11.495,11.495,52.6316
2025-08-07T09:43:52,11.5691,11.5691,11.4969,11.4969,470.9474
2025-08-07T09:43:53,11.5672,11.5672,11.5672,11.5672,110.0526
2025-08-07T09:43:55,11.4399,11.4399,11.4399,11.4399,15.7895
2025-08-07T09:44:03,11.552,11.552,11.438,11.552,47.3684
2025-08-07T09:44:04,11.495,11.552,11.495,11.552,36.8421
2025-08-07T09:44:07,11.438,11.438,11.438,11.438,5.7895
2025-08-07T09:44:09,11.5501,11.552,11.5501,11.552,10.5263
2025-08-07T09:44:12,11.5518,11.5518,11.5518,11.5518,35.0526
2025-08-07T09:44:18,11.4038,11.4038,11.4019,11.4019,20.3684
2025-08-07T09:44:19,11.476,11.476,11.476,11.476,8.6842
2025-08-07T09:44:23,11.4038,11.4038,11.4038,11.4038,123.6842
2025-08-07T09:44:27,11.4019,11.4019,11.4019,11.4019,10.4211
2025-08-07T09:44:41,11.4171,11.4171,11.4171,11.4171,5.2632
2025-08-07T09:44:45,11.552,11.552,11.552,11.552,31.7368
2025-08-07T09:44:47,11.5672,11.5824,11.5672,11.5824,53.7368
2025-08-07T09:44:48,11.5824,11.59,11.5824,11.59,346.8947
2025-08-07T09:44:49,11.4817,11.628,11.4817,11.628,155.3684
2025-08-07T09:44:50,11.5748,11.5748,11.5748,11.5748,5.2632
2025-08-07T09:44:51,11.6907,11.6926,11.6907,11.6926,534.2105
2025-08-07T09:44:52,11.5748,11.5748,11.5748,11.5748,5.2632
2025-08-07T09:44:53,11.6546,11.7059,11.6195,11.7059,105.9474
2025-08-07T09:44:54,11.5748,11.5748,11.5748,11.5748,19.7368
2025-08-07T09:44:55,11.7059,11.7059,11.7059,11.7059,26.3158
2025-08-07T09:44:56,11.6404,11.6404,11.6404,11.6404,52.6316
2025-08-07T09:44:57,11.5957,11.5957,11.5957,11.5957,263.1579
2025-08-07T09:44:58,11.6413,11.6413,11.6413,11.6413,12.8947
2025-08-07T09:45:05,11.5748,11.5748,11.5748,11.5748,10.5263
2025-08-07T09:45:07,11.5748,11.5748,11.5748,11.5748,11.0
2025-08-07T09:45:10,11.5748,11.5748,11.5748,11.5748,17.3158
2025-08-07T09:45:14,11.419,11.419,11.419,11.419,10.5263
2025-08-07T09:45:23,11.4665,11.4665,11.4,11.4,1052.6316
2025-08-07T09:45:24,11.476,11.476,11.476,11.476,521.0526
2025-08-07T09:45:34,11.4085,11.4085,11.4085,11.4085,52.6316
2025-08-07T09:45:35,11.4019,11.4019,11.3924,11.4,397.8421
2025-08-07T09:45:49,11.2138,11.2138,11.2119,11.2119,842.1053
2025-08-07T09:46:02,11.2119,11.2119,11.2119,11.2119,10.5263
2025-08-07T09:46:15,11.2119,11.2119,11.2119,11.2119,52.6316
2025-08-07T09:46:17,11.2138,11.2138,11.2138,11.2138,282.7895
2025-08-07T09:46:29,11.2138,11.2138,11.2138,11.2138,21.1053
2025-08-07T09:46:31,11.2585,11.2585,11.2585,11.2585,105.2632
2025-08-07T09:46:34,11.3031,11.3031,11.3031,11.3031,105.2632
2025-08-07T09:46:37,11.2442,11.2442,11.2442,11.2442,52.6316
2025-08-07T09:46:38,11.2157,11.2157,11.2157,11.2157,444.1579
2025-08-07T09:46:40,11.2594,11.2594,11.2138,11.2138,33.9474
2025-08-07T09:46:46,11.2138,11.2138,11.2138,11.2138,36.8421
2025-08-07T09:46:48,11.2157,11.2157,11.2157,11.2157,105.2632
2025-08-07T09:46:52,11.2594,11.2594,11.2594,11.2594,7.1053
2025-08-07T09:46:56,11.2138,11.2138,11.21,11.21,411.4211
2025-08-07T09:46:58,11.2119,11.2119,11.2119,11.2119,5.2632
2025-08-07T09:47:02,11.2119,11.2119,11.2119,11.2119,105.2632
2025-08-07T09:47:03,11.2119,11.2119,11.2119,11.2119,5.2632
2025-08-07T09:47:04,11.2119,11.2119,11.21,11.21,418.2632
2025-08-07T09:47:05,11.2119,11.2119,11.1929,11.1929,115.7895
2025-08-07T09:47:06,11.191,11.191,11.172,11.172,140.6316
2025-08-07T09:47:08,11.172,11.172,11.172,11.172,17.2105
2025-08-07T09:47:09,11.1511,11.1511,11.1511,11.1511,77.0526
2025-08-07T09:47:10,11.1492,11.1492,11.1492,11.1492,54.5789
2025-08-07T09:47:12,11.1454,11.1454,11.1454,11.1454,71.5789
2025-08-07T09:47:13,11.039,11.039,11.039,11.039,17.0
2025-08-07T09:47:15,11.0352,11.1511,11.02,11.1511,50.8421
2025-08-07T09:47:16,11.02,11.0447,11.02,11.0447,129.8421
2025-08-07T09:47:17,11.0219,11.0238,11.0219,11.0238,526.4211
2025-08-07T09:47:19,11.0865,11.0865,11.0865,11.0865,16.1579
2025-08-07T09:47:20,11.0238,11.0238,11.02,11.02,526.3158
2025-08-07T09:47:21,11.0903,11.0903,11.0903,11.0903,15.7895
2025-08-07T09:47:22,11.0276,11.0276,11.02,11.02,83.1579
2025-08-07T09:47:23,11.0238,11.0238,11.0238,11.0238,7.8947
2025-08-07T09:47:26,11.0219,11.0238,11.0219,11.0238,526.3158
2025-08-07T09:47:28,11.0219,11.0219,11.0219,11.0219,10.5263
2025-08-07T09:47:29,11.0238,11.0238,11.0238,11.0238,526.3158
2025-08-07T09:47:32,11.0238,11.0238,11.02,11.02,57.8947
2025-08-07T09:47:34,11.0238,11.0238,11.0238,11.0238,526.3158
2025-08-07T09:47:35,11.1435,11.1435,11.1435,11.1435,10.4737
2025-08-07T09:47:37,11.0238,11.0238,11.0238,11.0238,16.2632
2025-08-07T09:47:38,11.0238,11.0238,11.0238,11.0238,526.3158
2025-08-07T09:47:40,11.0219,11.0238,11.0219,11.0238,526.3158
2025-08-07T09:47:41,11.02,11.02,11.02,11.02,7.3684
2025-08-07T09:47:42,11.0238,11.0238,11.0238,11.0238,526.3158
2025-08-07T09:47:43,11.0238,11.0238,11.0238,11.0238,105.2632
2025-08-07T09:47:49,11.0257,11.0257,11.0238,11.0238,526.3158
2025-08-07T09:47:51,11.0257,11.0257,11.0257,11.0257,526.3158
2025-08-07T09:47:52,11.0257,11.0428,11.0257,11.0428,251.0526
2025-08-07T09:47:56,11.0238,11.0238,11.0238,11.0238,12.4737
2025-08-07T09:47:58,11.0428,11.0428,11.0428,11.0428,48.2105
2025-08-07T09:48:03,11.0428,11.0428,11.0428,11.0428,10.5263
2025-08-07T09:48:05,11.0238,11.0238,11.0238,11.0238,105.2632
2025-08-07T09:48:08,11.1283,11.1283,11.1283,11.1283,5.2632
2025-08-07T09:48:10,11.0219,11.0219,11.0219,11.0219,50.5263
2025-08-07T09:48:11,11.0219,11.0219,11.0219,11.0219,26.3158
2025-08-07T09:48:13,11.0219,11.0219,11.0219,11.0219,6.7368
2025-08-07T09:48:14,11.0219,11.0219,11.0219,11.0219,598.5263
2025-08-07T09:48:17,11.0219,11.0219,11.0219,11.0219,28.9474
2025-08-07T09:48:21,11.0485,11.0485,11.0485,11.0485,210.5263
2025-08-07T09:48:22,11.0219,11.0219,11.0219,11.0219,20.2632
2025-08-07T09:48:24,11.0219,11.0219,11.0219,11.0219,5.2632
2025-08-07T09:48:27,11.0238,11.0238,11.0219,11.0238,263.5789
2025-08-07T09:48:28,11.0219,11.0219,11.0219,11.0219,92.7895
2025-08-07T09:48:29,11.0219,11.039,11.0219,11.0372,166.3158
2025-08-07T09:48:41,11.0751,11.0751,11.0751,11.0751,5.2632
2025-08-07T09:48:42,11.0219,11.039,11.0219,11.039,85.1053
2025-08-07T09:48:44,11.077,11.077,11.077,11.077,84.2105
2025-08-07T09:48:50,11.0789,11.0789,11.0789,11.0789,26.3158
2025-08-07T09:48:52,11.0219,11.0219,11.0219,11.0219,27.8947
2025-08-07T09:48:57,11.1302,11.2822,11.0846,11.2822,187.5789
2025-08-07T09:49:01,11.2119,11.2119,11.2119,11.2119,21.0526
2025-08-07T09:49:46,11.2119,11.2119,11.2119,11.2119,36.0
2025-08-07T09:49:47,11.2119,11.2119,11.2119,11.2119,15.7895
2025-08-07T09:49:48,11.21,11.21,11.21,11.21,15.7895
2025-08-07T09:49:52,11.2117,11.2117,11.2117,11.2117,14.1053
2025-08-07T09:50:00,11.21,11.21,11.21,11.21,35.5789
2025-08-07T09:50:12,11.21,11.21,11.21,11.21,5.2632
2025-08-07T09:50:13,11.21,11.21,11.21,11.21,6.7368
2025-08-07T09:50:20,11.21,11.21,11.21,11.21,5.2632
2025-08-07T09:50:24,11.21,11.21,11.21,11.21,5.2632
2025-08-07T09:50:27,11.21,11.21,11.21,11.21,126.3158
2025-08-07T09:50:30,11.21,11.2119,11.21,11.2119,212.7368
2025-08-07T09:50:31,11.21,11.21,11.21,11.21,10.0
2025-08-07T09:50:46,11.0789,11.0789,11.0428,11.0428,24.7895
2025-08-07T09:50:56,11.0428,11.0428,11.0428,11.0428,13.1579
2025-08-07T09:51:02,11.0428,11.0428,11.0428,11.0428,21.0526
2025-08-07T09:51:14,11.0428,11.0447,11.0428,11.0447,84.2105
2025-08-07T09:51:16,11.0428,11.0447,11.02,11.02,263.7368
2025-08-07T09:51:20,11.0425,11.0425,11.0219,11.0219,60.7368
2025-08-07T09:51:21,11.02,11.02,11.02,11.02,42.1053
2025-08-07T09:51:22,11.0219,11.0219,11.02,11.02,52.6316
2025-08-07T09:51:27,11.1245,11.1245,11.115,11.115,328.9474
2025-08-07T09:51:44,11.0219,11.0219,11.0219,11.0219,15.7368
2025-08-07T09:51:50,11.0637,11.0637,11.0238,11.0238,15.7895
2025-08-07T09:51:59,11.1036,11.1036,11.1036,11.1036,14.0526
2025-08-07T09:52:09,11.039,11.039,11.039,11.039,20.6316
2025-08-07T09:52:17,11.039,11.039,11.039,11.039,31.5263
2025-08-07T09:52:19,11.0504,11.0504,11.039,11.039,216.6316
2025-08-07T09:52:24,11.0219,11.0219,11.02,11.02,52.6316
2025-08-07T09:52:29,11.0219,11.0219,10.9877,10.9877,302.1579
2025-08-07T09:52:31,10.9896,10.9896,10.9896,10.9896,52.6316
2025-08-07T09:52:37,10.9877,10.9877,10.9877,10.9877,53.2105
2025-08-07T09:52:38,10.9877,10.9877,10.7369,10.7369,1409.0526
2025-08-07T09:52:40,10.9858,10.9858,10.9858,10.9858,91.4211
2025-08-07T09:52:41,10.83,10.83,10.83,10.83,52.6316
2025-08-07T09:52:42,10.9877,10.9877,10.9839,10.9839,78.9474
2025-08-07T09:52:49,10.8623,10.8623,10.8623,10.8623,89.4737
2025-08-07T09:52:52,10.8604,10.8604,10.8604,10.8604,144.7368
2025-08-07T09:52:58,10.735,10.735,10.735,10.735,589.4737
2025-08-07T09:52:59,10.735,10.735,10.735,10.735,15.7895
2025-08-07T09:53:09,10.7987,10.7987,10.7987,10.7987,26.3158
2025-08-07T09:53:13,10.83,10.83,10.83,10.83,461.7368
2025-08-07T09:53:16,10.735,10.735,10.735,10.735,28.1053
2025-08-07T09:53:18,10.7996,10.83,10.7996,10.83,23.0
2025-08-07T09:53:23,10.8623,10.8623,10.83,10.83,49.6316
2025-08-07T09:53:27,10.735,10.735,10.735,10.735,567.9474
2025-08-07T09:53:33,10.7825,10.7825,10.7825,10.7825,5.2632
2025-08-07T09:53:34,10.7369,10.7369,10.7369,10.7369,27.1053
2025-08-07T09:53:35,10.8281,10.8281,10.8281,10.8281,21.0526
2025-08-07T09:53:38,10.7352,10.7352,10.7352,10.7352,9.3158
2025-08-07T09:53:41,10.83,10.83,10.83,10.83,6.3158
2025-08-07T09:53:43,10.83,10.83,10.83,10.83,131.5789
2025-08-07T09:53:44,10.83,10.83,10.83,10.83,347.3684
2025-08-07T09:53:46,10.7369,10.7369,10.7369,10.7369,12.7368
2025-08-07T09:53:52,10.7369,10.7863,10.716,10.7863,475.4211
2025-08-07T09:53:54,10.7369,10.7369,10.7369,10.7369,10.5263
2025-08-07T09:53:55,10.716,10.716,10.716,10.716,221.0526
2025-08-07T09:53:58,10.716,10.716,10.716,10.716,66.2105
2025-08-07T09:54:08,10.7179,10.7179,10.7179,10.7179,41.5789
2025-08-07T09:54:10,10.716,10.716,10.716,10.716,55.1579
2025-08-07T09:54:11,10.716,10.716,10.716,10.716,15.1053
2025-08-07T09:54:13,10.716,10.716,10.716,10.716,52.6316
2025-08-07T09:54:16,10.716,10.716,10.716,10.716,7.8947
2025-08-07T09:54:17,10.7179,10.7179,10.7179,10.7179,10.5263
2025-08-07T09:54:19,10.773,10.773,10.773,10.773,14.7368
2025-08-07T09:54:22,10.716,10.716,10.716,10.716,53.3158
2025-08-07T09:54:24,10.7182,10.7182,10.7182,10.7182,20.6316
2025-08-07T09:54:35,10.7455,10.7455,10.7455,10.7455,26.3158
2025-08-07T09:54:41,10.7179,10.7179,10.7179,10.7179,29.4211
2025-08-07T09:54:46,10.7711,10.773,10.7711,10.773,40.1053
2025-08-07T09:54:47,10.7483,10.7483,10.7483,10.7483,15.7895
2025-08-07T09:54:50,10.7483,10.7483,10.7483,10.7483,13.1579
2025-08-07T09:55:01,10.7483,10.7483,10.7483,10.7483,84.5789
2025-08-07T09:55:03,10.7483,10.7483,10.7483,10.7483,72.3158
2025-08-07T09:55:09,10.792,10.83,10.792,10.83,131.5789
2025-08-07T09:55:13,10.754,10.754,10.754,10.754,34.2105
2025-08-07T09:55:14,10.7559,10.7559,10.7559,10.7559,7.1579
2025-08-07T09:55:15,10.8281,10.8281,10.8281,10.8281,151.7895
2025-08-07T09:55:16,10.792,10.792,10.792,10.792,36.8421
2025-08-07T09:55:21,10.7559,10.7559,10.7559,10.7559,368.4211
2025-08-07T09:55:22,10.83,10.83,10.83,10.83,5.2632
2025-08-07T09:55:24,10.7559,10.7559,10.7559,10.7559,7.8947
2025-08-07T09:55:28,10.7749,10.7749,10.7749,10.7749,18.4211
2025-08-07T09:55:29,10.83,10.8623,10.83,10.8623,277.2105
2025-08-07T09:55:30,10.9877,10.9877,10.9858,10.9858,35.4737
2025-08-07T09:55:41,10.83,10.8497,10.83,10.8497,113.1579
2025-08-07T09:55:42,10.9098,10.9098,10.9098,10.9098,5.2632
2025-08-07T09:55:44,10.9877,10.9877,10.9877,10.9877,5.2632
2025-08-07T09:55:50,10.83,10.83,10.83,10.83,9.4211
2025-08-07T09:55:51,10.9583,10.9583,10.9583,10.9583,26.3158
2025-08-07T09:55:57,10.8319,10.8319,10.8319,10.8319,10.7895
2025-08-07T09:55:58,10.9877,10.9877,10.9877,10.9877,32.1053
2025-08-07T09:55:59,10.9858,10.9858,10.8775,10.8775,263.4211
2025-08-07T09:56:06,10.9636,10.9636,10.9636,10.9636,5.2632
2025-08-07T09:56:08,10.8775,10.8775,10.8775,10.8775,122.1053
2025-08-07T09:56:24,10.9877,11.0428,10.9877,11.0428,132.1579
2025-08-07T09:56:26,10.9782,10.9782,10.9782,10.9782,5.2632
2025-08-07T09:56:29,11.0941,11.0941,11.0941,11.0941,368.4211
2025-08-07T09:56:52,11.0903,11.0903,11.0903,11.0903,10.5263
2025-08-07T09:57:05,11.0751,11.0751,11.0751,11.0751,10.5263
2025-08-07T09:57:07,11.0295,11.0295,11.0295,11.0295,5.6316
2025-08-07T09:57:08,11.0903,11.0903,11.0903,11.0903,48.9474
2025-08-07T09:57:10,11.0884,11.0884,11.0884,11.0884,10.5263
2025-08-07T09:57:11,11.0863,11.0863,11.0863,11.0863,26.3158
2025-08-07T09:57:18,10.9801,10.9801,10.9801,10.9801,30.8947
2025-08-07T09:57:22,10.9498,10.9498,10.9498,10.9498,6.3158
2025-08-07T09:57:29,11.0219,11.0219,11.0219,11.0219,52.6316
2025-08-07T09:57:33,11.02,11.02,11.02,11.02,63.1579
2025-08-07T09:57:36,11.0219,11.0219,10.9668,10.9668,45.3158
2025-08-07T09:57:37,10.8984,11.0219,10.8756,10.8756,80.0
2025-08-07T09:57:38,10.9383,10.9754,10.9383,10.9754,120.2632
2025-08-07T09:57:42,10.8718,10.8718,10.8718,10.8718,263.2632
2025-08-07T09:58:01,10.9839,10.9839,10.9839,10.9839,13.1579
2025-08-07T09:58:02,10.982,10.982,10.982,10.982,6.3158
2025-08-07T09:58:23,10.9839,10.9839,10.9839,10.9839,477.7368
2025-08-07T09:58:25,10.982,10.982,10.982,10.982,5.2632
2025-08-07T09:58:30,11.0371,11.0371,11.0371,11.0371,5.2632
2025-08-07T09:58:31,10.9839,10.9839,10.9839,10.9839,199.4737
2025-08-07T09:58:32,10.9839,10.9839,10.9839,10.9839,15.7895
2025-08-07T09:58:34,11.039,11.039,11.039,11.039,10.5263
2025-08-07T09:58:35,10.9839,10.9839,10.9839,10.9839,5.2632
2025-08-07T09:58:41,11.0922,11.0922,10.982,10.982,37.3158
2025-08-07T09:58:43,10.982,10.982,10.982,10.982,5.2632
2025-08-07T09:58:50,11.0922,11.0922,11.0922,11.0922,15.7895
2025-08-07T09:58:52,10.982,10.982,10.982,10.982,5.2632
2025-08-07T09:58:53,10.982,10.982,10.963,10.963,29.9474
2025-08-07T09:58:55,10.925,10.925,10.925,10.925,7.1053
2025-08-07T09:59:00,10.925,10.925,10.925,10.925,5.2632
2025-08-07T09:59:11,10.963,10.963,10.963,10.963,30.0
2025-08-07T09:59:13,10.963,10.963,10.963,10.963,5.2632
2025-08-07T09:59:18,10.9649,10.9649,10.9649,10.9649,5.2632
2025-08-07T09:59:19,10.963,10.963,10.963,10.963,5.2632
2025-08-07T09:59:21,10.982,10.982,10.982,10.982,12.8947
2025-08-07T09:59:27,11.0922,11.0922,10.9649,10.9649,140.6316
2025-08-07T09:59:29,10.963,10.963,10.963,10.963,15.7895
2025-08-07T09:59:30,10.963,10.963,10.963,10.963,15.7895
2025-08-07T09:59:31,10.9649,10.9649,10.9649,10.9649,5.2632
2025-08-07T09:59:41,10.963,10.963,10.963,10.963,99.1579
2025-08-07T09:59:42,10.963,10.9649,10.963,10.9649,21.0526
2025-08-07T09:59:44,10.963,10.9649,10.963,10.9649,15.7895
2025-08-07T09:59:46,10.963,10.963,10.963,10.963,5.2632
2025-08-07T09:59:50,10.963,10.963,10.83,10.83,382.4211
2025-08-07T09:59:52,10.8965,10.8965,10.83,10.83,413.7895
2025-08-07T10:00:07,10.811,10.811,10.811,10.811,31.5789
2025-08-07T10:00:17,10.811,10.811,10.811,10.811,5.2632
2025-08-07T10:00:18,10.8794,10.8794,10.8794,10.8794,52.6316
2025-08-07T10:00:19,10.925,10.925,10.925,10.925,13.1579
2025-08-07T10:00:28,10.963,10.963,10.963,10.963,26.2632
2025-08-07T10:00:37,10.963,10.963,10.963,10.963,86.9474
2025-08-07T10:00:39,10.9269,10.9269,10.925,10.925,36.7368
2025-08-07T10:00:45,10.925,10.925,10.925,10.925,10.5263
2025-08-07T10:00:47,10.9269,10.9269,10.9231,10.9231,313.6316
2025-08-07T10:00:56,10.9231,10.9231,10.9231,10.9231,273.3158
2025-08-07T10:01:12,10.8766,10.8766,10.8766,10.8766,5.2632
2025-08-07T10:01:14,10.9231,10.9231,10.9231,10.9231,20.0
2025-08-07T10:01:21,10.8718,10.8718,10.8718,10.8718,52.6316
2025-08-07T10:01:39,10.906,10.9231,10.906,10.9231,101.1579
2025-08-07T10:01:40,10.9231,10.9231,10.9231,10.9231,51.9474
2025-08-07T10:01:47,10.9041,10.9041,10.9041,10.9041,9.4737
2025-08-07T10:02:06,10.8737,10.8737,10.8737,10.8737,18.1579
2025-08-07T10:02:09,10.8737,10.8737,10.8737,10.8737,13.7895
2025-08-07T10:02:15,10.9041,10.9041,10.9041,10.9041,10.0526
2025-08-07T10:02:24,10.9459,10.9459,10.9459,10.9459,14.6316
2025-08-07T10:02:53,10.963,10.963,10.963,10.963,117.1579
2025-08-07T10:03:19,10.963,10.963,10.963,10.963,15.0
2025-08-07T10:03:32,10.887,10.887,10.887,10.887,6.8947
2025-08-07T10:03:33,10.8851,10.8851,10.8851,10.8851,73.6842
2025-08-07T10:04:00,10.9259,10.9259,10.9259,10.9259,10.5263
2025-08-07T10:04:01,10.8889,10.8889,10.8889,10.8889,78.4737
2025-08-07T10:04:02,10.8889,10.8889,10.8889,10.8889,140.6842
2025-08-07T10:04:05,10.9269,10.9269,10.8851,10.8851,423.3158
2025-08-07T10:04:23,10.8889,10.8889,10.8889,10.8889,455.2105
2025-08-07T10:04:24,10.8889,10.8889,10.8889,10.8889,20.2105
2025-08-07T10:04:36,10.963,10.963,10.963,10.963,26.3158
2025-08-07T10:04:40,10.9242,10.9242,10.9242,10.9242,14.8421
2025-08-07T10:04:50,10.9079,10.9079,10.9079,10.9079,23.6842
2025-08-07T10:04:54,10.9345,10.9345,10.8908,10.8908,983.7895
2025-08-07T10:04:55,10.8889,10.8889,10.8889,10.8889,6.0
2025-08-07T10:04:58,10.8889,10.8889,10.8889,10.8889,218.1579
2025-08-07T10:05:00,10.887,10.8889,10.8775,10.8889,1251.6316
2025-08-07T10:05:09,10.8737,10.8737,10.8737,10.8737,29.5789
2025-08-07T10:05:13,10.8718,10.8718,10.8718,10.8718,10.5263
2025-08-07T10:05:22,10.8737,10.8737,10.8737,10.8737,8.8947
2025-08-07T10:05:26,10.8737,10.8737,10.8737,10.8737,12.8947
2025-08-07T10:05:28,10.8889,10.8889,10.8889,10.8889,5.2632
2025-08-07T10:05:44,10.887,10.887,10.8851,10.8851,22.6316
2025-08-07T10:05:49,10.8794,10.8794,10.8794,10.8794,8.2105
2025-08-07T10:06:07,10.8775,10.8775,10.8775,10.8775,17.2632
2025-08-07T10:06:11,10.8718,10.8718,10.8585,10.8689,106.2632
2025-08-07T10:06:13,10.8756,10.8756,10.8319,10.8319,18.4211
2025-08-07T10:06:20,10.868,10.868,10.868,10.868,32.1053
2025-08-07T10:06:22,10.8319,10.8319,10.8319,10.8319,6.7368
2025-08-07T10:06:25,10.8528,10.8528,10.8528,10.8528,131.5789
2025-08-07T10:06:27,10.8319,10.8319,10.8319,10.8319,64.8421
2025-08-07T10:06:28,10.868,10.8889,10.868,10.8794,388.1579
2025-08-07T10:06:55,10.8528,10.8528,10.8528,10.8528,15.5263
2025-08-07T10:06:57,10.8547,10.8794,10.8528,10.8794,352.6316
2025-08-07T10:06:58,10.8528,10.8528,10.8528,10.8528,31.5789
2025-08-07T10:07:13,10.8661,10.8661,10.8528,10.8528,526.3158
2025-08-07T10:07:25,10.8547,10.8547,10.8547,10.8547,8.2632
2025-08-07T10:07:26,10.8547,10.8547,10.8528,10.8528,263.1579
2025-08-07T10:07:31,10.8794,10.8889,10.8794,10.8889,170.3684
2025-08-07T10:07:45,10.8566,10.8794,10.8528,10.8794,431.5789
2025-08-07T10:07:49,10.8794,10.9212,10.8794,10.9212,13.3684
2025-08-07T10:07:56,10.8528,10.8528,10.8528,10.8528,105.2632
2025-08-07T10:07:58,10.9212,10.9212,10.9212,10.9212,11.8421
2025-08-07T10:07:59,10.887,10.9117,10.8547,10.9117,18.9474
2025-08-07T10:08:04,10.8547,10.9212,10.8547,10.9212,23.6316
2025-08-07T10:08:06,10.9259,10.9259,10.8889,10.8908,268.4211
2025-08-07T10:08:08,10.8908,10.8908,10.8908,10.8908,52.6316
2025-08-07T10:08:16,10.8908,10.8908,10.8908,10.8908,263.1579
2025-08-07T10:08:44,10.868,10.9231,10.735,10.8889,408.5789
2025-08-07T10:08:45,10.9516,10.9516,10.9516,10.9516,5.2632
2025-08-07T10:08:59,10.9497,10.9763,10.9497,10.9763,150.2632
2025-08-07T10:09:03,11.02,11.02,11.0048,11.02,70.4211
2025-08-07T10:09:06,10.9269,10.9269,10.9269,10.9269,21.0526
2025-08-07T10:09:07,11.1872,11.1872,11.1872,11.1872,10.5263
2025-08-07T10:09:20,11.0219,11.0219,11.0219,11.0219,368.4211
2025-08-07T10:09:26,11.1663,11.1663,11.0219,11.0219,21.0526
2025-08-07T10:09:27,11.0219,11.0219,11.0219,11.0219,31.5789
2025-08-07T10:09:36,11.0818,11.0818,11.0818,11.0818,6.6842
2025-08-07T10:09:40,11.1036,11.1036,11.1036,11.1036,36.2632
2025-08-07T10:09:43,11.1036,11.1036,11.1036,11.1036,28.9474
2025-08-07T10:09:51,11.1891,11.1891,11.1891,11.1891,84.4737
2025-08-07T10:09:54,11.1568,11.1568,11.1568,11.1568,57.8947
2025-08-07T10:09:56,11.21,11.21,11.21,11.21,14.6316
2025-08-07T10:09:57,11.2081,11.2081,11.2081,11.2081,6.9474
2025-08-07T10:09:59,11.21,11.21,11.1568,11.1568,15.7895
2025-08-07T10:10:00,11.21,11.3981,11.21,11.3981,610.8947
2025-08-07T10:10:02,11.1093,11.1093,11.1093,11.1093,10.4211
2025-08-07T10:10:04,11.2081,11.2081,11.2081,11.2081,335.0526
2025-08-07T10:10:06,11.21,11.21,11.21,11.21,71.0526
2025-08-07T10:10:15,11.305,11.305,11.305,11.305,10.5263
2025-08-07T10:10:18,11.305,11.3259,11.21,11.3259,48.1579
2025-08-07T10:10:25,11.381,11.4,11.381,11.4,27.0
2025-08-07T10:10:26,11.4,11.4,11.3316,11.3316,348.7895
2025-08-07T10:10:28,11.4,11.4,11.4,11.4,5.2632
2025-08-07T10:10:29,11.4,11.4,11.4,11.4,25.7895
2025-08-07T10:10:30,11.305,11.305,11.305,11.305,226.3158
2025-08-07T10:10:38,11.381,11.381,11.381,11.381,34.6316
2025-08-07T10:10:43,11.3791,11.381,11.3791,11.381,810.3158
2025-08-07T10:10:44,11.381,11.381,11.381,11.381,17.3684
2025-08-07T10:10:45,11.336,11.336,11.336,11.336,8.8947
2025-08-07T10:10:52,11.4,11.4,11.3981,11.3981,425.4737
2025-08-07T10:10:54,11.3981,11.3981,11.3981,11.3981,13.1579
2025-08-07T10:10:56,11.3345,11.3345,11.305,11.305,26.3158
2025-08-07T10:10:59,11.3354,11.3354,11.3354,11.3354,23.6842
2025-08-07T10:11:02,11.4,11.4,11.4,11.4,43.2105
2025-08-07T10:11:05,11.3981,11.3981,11.3335,11.3335,47.3684
2025-08-07T10:11:06,11.4,11.4,11.4,11.4,390.2105
2025-08-07T10:11:07,11.4152,11.4152,11.4152,11.4152,19.2105
2025-08-07T10:11:09,11.4684,11.4893,11.4684,11.4893,242.6316
2025-08-07T10:11:10,11.4019,11.4019,11.4019,11.4019,13.7368
2025-08-07T10:11:11,11.4437,11.4437,11.4437,11.4437,20.5263
2025-08-07T10:11:18,11.4557,11.4557,11.4557,11.4557,10.5263
2025-08-07T10:11:22,11.4456,11.4456,11.4019,11.4019,91.2105
2025-08-07T10:11:24,11.4,11.4017,11.4,11.4017,26.3158
2025-08-07T10:11:25,11.4019,11.4019,11.4019,11.4019,335.0526
2025-08-07T10:11:26,11.4,11.4019,11.4,11.4019,205.2632
2025-08-07T10:11:28,11.4304,11.4608,11.4,11.4014,276.5263
2025-08-07T10:11:29,11.3981,11.4,11.3981,11.4,110.5263
2025-08-07T10:11:34,11.3981,11.3981,11.3981,11.3981,526.3158
2025-08-07T10:11:36,11.3297,11.3297,11.3297,11.3297,52.6316
2025-08-07T10:11:39,11.3981,11.3981,11.3981,11.3981,184.2105
2025-08-07T10:11:41,11.2613,11.2613,11.2613,11.2613,15.7895
2025-08-07T10:11:46,11.3981,11.3981,11.3981,11.3981,210.5263
2025-08-07T10:11:52,11.3297,11.3297,11.3297,11.3297,15.7895
2025-08-07T10:12:00,11.3297,11.3297,11.3297,11.3297,5.2632
2025-08-07T10:12:11,11.3297,11.3943,11.3297,11.3943,89.4737
2025-08-07T10:12:15,11.3297,11.3297,11.3297,11.3297,5.2632
2025-08-07T10:12:27,11.3299,11.3299,11.3299,11.3299,47.3684
2025-08-07T10:12:28,11.3297,11.3297,11.3297,11.3297,15.6842
2025-08-07T10:12:32,11.3316,11.3316,11.3316,11.3316,15.4211
2025-08-07T10:12:34,11.3962,11.3962,11.3962,11.3962,5.2632
2025-08-07T10:12:42,11.3658,11.3658,11.3658,11.3658,5.2632
2025-08-07T10:12:59,11.3696,11.3696,11.3677,11.3677,131.5789
2025-08-07T10:13:04,11.3886,11.3886,11.3886,11.3886,157.8947
2025-08-07T10:13:06,11.3905,11.3905,11.3905,11.3905,7.8947
2025-08-07T10:13:10,11.3677,11.3677,11.3677,11.3677,13.1579
2025-08-07T10:13:22,11.3696,11.3696,11.3696,11.3696,26.8421
2025-08-07T10:13:26,11.3734,11.3734,11.3734,11.3734,7.6316
2025-08-07T10:13:27,11.3753,11.3753,11.3753,11.3753,5.2632
2025-08-07T10:13:32,11.3772,11.3772,11.3772,11.3772,10.5263
2025-08-07T10:13:37,11.3962,11.4019,11.3962,11.3981,280.7368
2025-08-07T10:13:46,11.4,11.4,11.4,11.4,5.4737
2025-08-07T10:13:53,11.3867,11.3877,11.3753,11.3753,105.2632
2025-08-07T10:13:54,11.3753,11.3753,11.3734,11.3734,83.8421
2025-08-07T10:14:17,11.3487,11.3677,11.3487,11.3677,180.6316
2025-08-07T10:14:18,11.3677,11.3677,11.3677,11.3677,26.3158
2025-08-07T10:14:41,11.3677,11.3677,11.3677,11.3677,105.2632
2025-08-07T10:14:44,11.3288,11.3288,11.3288,11.3288,52.6316
2025-08-07T10:14:52,11.3677,11.3677,11.3677,11.3677,52.6316
2025-08-07T10:14:56,11.2917,11.2917,11.2917,11.2917,257.5789
2025-08-07T10:15:01,11.3278,11.3278,11.3278,11.3278,5.2632
2025-08-07T10:15:04,11.2898,11.2917,11.2898,11.2898,105.4211
2025-08-07T10:15:08,11.2176,11.2176,11.2176,11.2176,148.0
2025-08-07T10:15:19,11.1454,11.1815,11.1454,11.1815,684.0526
2025-08-07T10:15:42,11.1796,11.1796,11.1796,11.1796,11.6316
2025-08-07T10:16:02,11.1796,11.1796,11.1796,11.1796,26.3158
2025-08-07T10:16:07,11.1625,11.1625,11.1625,11.1625,15.7895
2025-08-07T10:16:16,11.1625,11.1625,11.1625,11.1625,5.2632
2025-08-07T10:16:21,11.1473,11.1473,11.1473,11.1473,52.6316
2025-08-07T10:16:41,11.1454,11.1454,11.1454,11.1454,5.3684
2025-08-07T10:16:49,11.1464,11.1464,11.1464,11.1464,8.9474
2025-08-07T10:17:07,11.1454,11.1454,11.1454,11.1454,105.2632
2025-08-07T10:17:17,11.1464,11.1464,11.1454,11.1454,258.2105
2025-08-07T10:17:20,11.1454,11.1454,11.1454,11.1454,13.8421
2025-08-07T10:17:21,11.1454,11.1454,11.1454,11.1454,7.3684
2025-08-07T10:17:30,11.1454,11.1454,11.1454,11.1454,22.0526
2025-08-07T10:17:31,11.1464,11.1464,11.1464,11.1464,5.2632
2025-08-07T10:17:46,11.1454,11.1454,11.1454,11.1454,7.2105
2025-08-07T10:17:52,11.1473,11.1473,11.1473,11.1473,315.7895
2025-08-07T10:18:04,11.1456,11.1456,11.1456,11.1456,38.1053
2025-08-07T10:18:08,11.1454,11.1454,11.1454,11.1454,7.1579
2025-08-07T10:18:13,11.1473,11.1473,11.1473,11.1473,34.2105
2025-08-07T10:18:18,11.1464,11.1464,11.1464,11.1464,6.3684
2025-08-07T10:18:20,11.1473,11.1473,11.1473,11.1473,5.2632
2025-08-07T10:18:21,11.1454,11.1454,11.1036,11.115,244.4737
2025-08-07T10:18:23,11.1093,11.1093,11.1093,11.1093,315.7895
2025-08-07T10:18:30,11.1454,11.1454,11.1454,11.1454,263.1579
2025-08-07T10:18:31,11.0732,11.0732,10.8927,10.8927,283.2105
2025-08-07T10:18:37,10.8946,10.8946,10.8946,10.8946,5.2632
2025-08-07T10:18:45,11.115,11.115,11.115,11.115,6.9474
2025-08-07T10:19:05,10.8965,10.8965,10.8965,10.8965,5.6842
2025-08-07T10:19:19,10.8965,10.8965,10.8965,10.8965,40.7895
2025-08-07T10:19:36,10.9991,10.9991,10.9991,10.9991,13.6842
2025-08-07T10:19:42,10.925,10.925,10.925,10.925,5.2632
2025-08-07T10:19:46,11.0675,11.0675,11.0675,11.0675,5.2632
2025-08-07T10:19:49,11.0219,11.0219,11.0219,11.0219,5.2632
2025-08-07T10:19:50,11.0865,11.115,11.0865,11.115,910.5263
2025-08-07T10:19:51,11.1131,11.1131,11.1131,11.1131,157.8947
2025-08-07T10:19:54,11.115,11.2195,11.115,11.21,613.9474
2025-08-07T10:19:57,11.21,11.21,11.21,11.21,78.9474
2025-08-07T10:20:07,11.21,11.21,11.21,11.21,7.1053
2025-08-07T10:20:15,11.2689,11.2689,11.2689,11.2689,6.1053
2025-08-07T10:20:18,11.2784,11.3278,11.2784,11.3278,1315.7895
2025-08-07T10:20:21,11.3278,11.4589,11.3278,11.4589,1651.2632
2025-08-07T10:20:22,11.2537,11.3554,11.2518,11.2518,26.8947
2025-08-07T10:20:26,11.4399,11.4893,11.4399,11.4893,1497.5263
2025-08-07T10:20:30,11.21,11.21,11.21,11.21,289.2105
2025-08-07T10:20:33,11.3496,11.3496,11.3496,11.3496,32.4211
2025-08-07T10:20:34,11.4855,11.4855,11.4855,11.4855,21.0526
2025-08-07T10:20:38,11.21,11.21,11.21,11.21,41.3158
2025-08-07T10:20:40,11.4893,11.4893,11.4893,11.4893,5.2632
2025-08-07T10:20:48,11.4855,11.4855,11.4855,11.4855,314.6316
2025-08-07T10:20:50,11.4855,11.4855,11.4855,11.4855,21.0526
2025-08-07T10:20:52,11.4855,11.495,11.4447,11.495,207.9474
2025-08-07T10:20:56,11.4456,11.4456,11.4456,11.4456,255.6316
2025-08-07T10:20:58,11.4456,11.4456,11.4456,11.4456,21.8947
2025-08-07T10:21:01,11.4475,11.4475,11.4475,11.4475,105.7895
2025-08-07T10:21:02,11.514,11.514,11.514,11.514,25.0526
2025-08-07T10:21:15,11.514,11.514,11.514,11.514,105.2632
2025-08-07T10:21:16,11.514,11.514,11.514,11.514,5.2632
2025-08-07T10:21:20,11.514,11.514,11.514,11.514,5.2632
2025-08-07T10:21:23,11.4,11.4,11.4,11.4,63.1579
2025-08-07T10:21:28,11.457,11.457,11.3601,11.3601,1055.8947
2025-08-07T10:21:35,11.4,11.4,11.4,11.4,16.9474
2025-08-07T10:21:51,11.5121,11.5121,11.5102,11.5102,1484.2105
2025-08-07T10:21:54,11.3601,11.3601,11.3601,11.3601,52.6316
2025-08-07T10:22:02,11.4304,11.4304,11.4304,11.4304,10.2105
2025-08-07T10:22:06,11.4504,11.4504,11.4504,11.4504,5.2632
2025-08-07T10:22:21,11.4019,11.4019,11.4019,11.4019,7.2105
2025-08-07T10:22:31,11.4551,11.4551,11.4551,11.4551,5.2632
2025-08-07T10:22:40,11.4561,11.4561,11.4551,11.4551,26.3158
2025-08-07T10:22:44,11.4361,11.4361,11.4361,11.4361,10.5263
2025-08-07T10:23:11,11.4741,11.4741,11.4741,11.4741,26.3158
2025-08-07T10:23:18,11.4361,11.4361,11.4361,11.4361,15.7895
2025-08-07T10:23:25,11.4741,11.514,11.4741,11.514,119.1579
2025-08-07T10:23:26,11.514,11.5339,11.514,11.5339,60.4211
2025-08-07T10:23:37,11.5339,11.5339,11.514,11.514,56.3158
2025-08-07T10:23:38,11.5558,11.5558,11.5558,11.5558,31.5789
2025-08-07T10:23:41,11.514,11.514,11.514,11.514,5.2632
2025-08-07T10:23:46,11.533,11.533,11.533,11.533,5.2632
2025-08-07T10:23:53,11.5339,11.5368,11.5339,11.5368,55.0526
2025-08-07T10:24:24,11.5368,11.5368,11.5368,11.5368,26.3158
2025-08-07T10:24:38,11.514,11.514,11.514,11.514,5.2632
2025-08-07T10:24:43,11.5501,11.5501,11.5501,11.5501,78.9474
2025-08-07T10:24:48,11.514,11.514,11.514,11.514,10.5263
2025-08-07T10:25:01,11.5235,11.5235,11.5235,11.5235,5.5263
2025-08-07T10:25:03,11.5245,11.5245,11.5121,11.5121,129.4211
2025-08-07T10:25:20,11.5245,11.5245,11.5235,11.5235,10.5263
2025-08-07T10:25:32,11.5311,11.5311,11.5121,11.5121,104.5789
2025-08-07T10:25:34,11.5121,11.5558,11.5121,11.5558,426.3158
2025-08-07T10:25:35,11.5368,11.5368,11.5368,11.5368,426.3684
2025-08-07T10:25:39,11.5339,11.5339,11.5121,11.5121,15.7368
2025-08-07T10:25:56,11.5121,11.5121,11.5121,11.5121,89.6316
2025-08-07T10:25:58,11.5444,11.5444,11.5425,11.5425,26.3158
2025-08-07T10:26:01,11.5121,11.5634,11.5121,11.5634,434.2105
2025-08-07T10:26:02,11.514,11.514,11.514,11.514,421.0526
2025-08-07T10:26:09,11.5748,11.5748,11.5748,11.5748,181.2632
2025-08-07T10:26:16,11.5444,11.5444,11.5444,11.5444,5.2632
2025-08-07T10:26:23,11.5444,11.5444,11.5444,11.5444,57.8947
2025-08-07T10:26:31,11.5748,11.5748,11.5748,11.5748,11.5789
2025-08-07T10:27:21,11.5425,11.5425,11.5425,11.5425,8.8947
2025-08-07T10:27:31,11.5273,11.5273,11.5273,11.5273,5.2632
2025-08-07T10:27:35,11.5349,11.5349,11.5349,11.5349,105.2632
2025-08-07T10:27:47,11.5425,11.59,11.5425,11.59,265.3158
2025-08-07T10:27:53,11.5748,11.59,11.5748,11.5892,856.3684
2025-08-07T10:27:54,11.6242,11.7287,11.6229,11.7287,509.0
2025-08-07T10:27:55,11.6774,11.6774,11.5349,11.5349,686.4737
2025-08-07T10:28:03,11.5368,11.5368,11.5368,11.5368,53.5263
2025-08-07T10:28:04,11.7268,11.7268,11.7268,11.7268,23.1579
2025-08-07T10:28:22,11.7268,11.7268,11.7268,11.7268,1052.6316
2025-08-07T10:28:46,11.6926,11.6926,11.6926,11.6926,5.2632
2025-08-07T10:28:55,11.6926,11.78,11.6926,11.78,301.7368
2025-08-07T10:29:06,11.6869,11.6869,11.6869,11.6869,13.4737
2025-08-07T10:29:07,11.5748,11.5748,11.5748,11.5748,45.5263
2025-08-07T10:29:10,11.6888,11.6888,11.6888,11.6888,26.3158
2025-08-07T10:29:14,11.5748,11.5748,11.5748,11.5748,9.3684
2025-08-07T10:29:15,11.6888,11.6926,11.6888,11.6926,79.6316
2025-08-07T10:29:20,11.7344,11.7344,11.7344,11.7344,5.2632
2025-08-07T10:29:25,11.6907,11.6907,11.6907,11.6907,6.3158
2025-08-07T10:29:28,11.78,11.78,11.78,11.78,14.9474
2025-08-07T10:29:30,11.78,11.78,11.78,11.78,27.1579
2025-08-07T10:29:32,11.799,11.875,11.7987,11.875,640.1579
2025-08-07T10:29:34,11.8731,11.8731,11.8731,11.8731,157.8947
2025-08-07T10:29:38,11.875,11.8978,11.875,11.8978,149.3158
2025-08-07T10:29:40,11.9643,11.9643,11.9643,11.9643,213.4211
2025-08-07T10:29:45,11.875,11.875,11.875,11.875,213.0
2025-08-07T10:29:46,11.8769,11.9909,11.7686,11.8022,3773.7368
2025-08-07T10:29:47,11.8864,11.9386,11.8864,11.9386,631.5789
2025-08-07T10:29:48,11.9282,11.9282,11.9282,11.9282,7.9474
2025-08-07T10:29:50,11.9624,11.9624,11.9624,11.9624,210.5263
2025-08-07T10:29:57,11.875,11.9377,11.875,11.9377,85.6842
2025-08-07T10:30:01,11.9196,11.9196,11.875,11.9187,605.2632
2025-08-07T10:30:02,11.875,11.875,11.875,11.875,5.2632
2025-08-07T10:30:03,11.8522,11.875,11.742,11.742,421.0526
2025-08-07T10:30:07,11.9624,11.9624,11.9624,11.9624,12.1053
2025-08-07T10:30:09,11.9206,11.9206,11.9206,11.9206,80.1053
2025-08-07T10:30:10,11.9586,11.9586,11.9586,11.9586,263.1579
2025-08-07T10:30:13,11.8598,11.8598,11.7458,11.7458,136.0526
2025-08-07T10:30:15,11.9586,11.9586,11.9586,11.9586,15.7895
2025-08-07T10:30:20,11.875,11.97,11.875,11.97,800.0
2025-08-07T10:30:25,11.9482,11.9482,11.9482,11.9482,13.5263
2025-08-07T10:30:26,11.894,11.894,11.894,11.894,184.2105
2025-08-07T10:30:29,11.894,11.9586,11.894,11.9586,63.1579
2025-08-07T10:30:31,11.9415,11.9928,11.9415,11.9928,1104.1053
2025-08-07T10:30:32,11.97,11.9738,11.97,11.9738,95.3684
2025-08-07T10:30:33,12.0118,12.065,12.0112,12.0112,842.1053
2025-08-07T10:30:34,12.0631,12.0631,12.0631,12.0631,105.2632
2025-08-07T10:30:35,12.0175,12.0175,12.0175,12.0175,26.3158
2025-08-07T10:30:39,11.97,12.0194,11.97,11.97,685.2632
2025-08-07T10:30:42,11.9719,11.9719,11.9719,11.9719,15.7895
2025-08-07T10:30:43,11.9719,11.9719,11.9719,11.9719,5.2632
2025-08-07T10:30:44,11.9947,11.9947,11.9947,11.9947,26.3158
2025-08-07T10:30:46,11.9719,11.9719,11.9719,11.9719,121.0526
2025-08-07T10:30:47,12.0175,12.0175,12.0175,12.0175,421.0526
2025-08-07T10:30:51,12.0175,12.0175,11.9947,12.0118,50.9474
2025-08-07T10:30:53,12.0175,12.0175,11.97,11.97,430.1053
2025-08-07T10:30:54,11.9719,11.9719,11.9719,11.9719,53.7895
2025-08-07T10:30:58,12.008,12.008,12.008,12.008,36.8421
2025-08-07T10:31:03,12.0156,12.0156,12.0156,12.0156,53.9474
2025-08-07T10:31:05,11.9719,11.9719,11.9719,11.9719,18.4211
2025-08-07T10:31:06,11.9928,12.0194,11.9928,12.0194,109.7368
2025-08-07T10:31:09,12.0175,12.0175,12.0175,12.0175,78.9474
2025-08-07T10:31:10,12.0175,12.0175,12.0175,12.0175,105.2632
2025-08-07T10:31:11,12.0194,12.0194,12.0175,12.0175,336.3684
2025-08-07T10:31:14,12.0194,12.0612,12.0175,12.0175,200.0
2025-08-07T10:31:15,12.0612,12.103,12.0403,12.103,264.6842
2025-08-07T10:31:16,12.0669,12.0878,12.0669,12.0878,502.0526
2025-08-07T10:31:19,12.1011,12.1011,12.1011,12.1011,5.2632
2025-08-07T10:31:24,12.0869,12.0869,12.0869,12.0869,52.6316
2025-08-07T10:31:25,12.1011,12.1011,12.1011,12.1011,18.0
2025-08-07T10:31:26,12.0859,12.0859,12.0859,12.0859,5.2632
2025-08-07T10:31:28,12.0859,12.0859,12.0859,12.0859,10.5263
2025-08-07T10:31:31,12.0935,12.0935,12.0935,12.0935,5.2632
2025-08-07T10:31:32,12.0859,12.103,12.0859,12.103,208.3158
2025-08-07T10:31:33,12.1049,12.1049,12.1049,12.1049,105.2632
2025-08-07T10:31:37,12.107,12.107,12.107,12.107,52.6316
2025-08-07T10:31:38,12.1315,12.16,12.1315,12.1315,1272.5789
2025-08-07T10:31:39,12.1372,12.1714,12.1372,12.1372,1089.0526
2025-08-07T10:31:40,12.179,12.198,12.1695,12.1695,1078.1053
2025-08-07T10:31:41,12.1999,12.2303,12.1999,12.1999,58.7895
2025-08-07T10:31:42,12.1619,12.1999,12.1619,12.1999,31.5789
2025-08-07T10:31:46,12.2398,12.2398,12.2398,12.2398,280.0526
2025-08-07T10:31:51,12.2398,12.2398,12.2379,12.2379,23.7368
2025-08-07T10:31:52,12.2493,12.2797,12.2493,12.2797,289.4737
2025-08-07T10:31:53,12.2531,12.2531,12.1733,12.1733,421.0526
2025-08-07T10:31:54,12.16,12.2645,12.16,12.2645,242.8947
2025-08-07T10:31:55,12.2873,12.2873,12.2873,12.2873,27.2632
2025-08-07T10:31:56,12.1923,12.1923,12.0973,12.0973,268.4211
2025-08-07T10:31:59,12.1581,12.1581,12.1581,12.1581,83.8947
2025-08-07T10:32:00,12.16,12.16,12.16,12.16,5.4211
2025-08-07T10:32:04,12.1572,12.1572,12.1572,12.1572,157.8947
2025-08-07T10:32:05,12.1581,12.16,12.1581,12.16,52.7368
2025-08-07T10:32:06,12.1581,12.1581,12.1581,12.1581,186.8947
2025-08-07T10:32:07,12.16,12.16,12.1201,12.141,426.3158
2025-08-07T10:32:08,12.1201,12.1241,12.0206,12.0206,684.9474
2025-08-07T10:32:09,12.0194,12.0194,12.0194,12.0194,5.2632
2025-08-07T10:32:14,12.0175,12.0175,12.0175,12.0175,39.4737
2025-08-07T10:32:15,12.0175,12.0175,12.0175,12.0175,55.2632
2025-08-07T10:32:17,12.0878,12.0878,12.0878,12.0878,63.1579
2025-08-07T10:32:18,12.1598,12.1598,12.1598,12.1598,6.0526
2025-08-07T10:32:21,12.0194,12.0194,12.0194,12.0194,105.2632
2025-08-07T10:32:24,12.16,12.16,12.16,12.16,94.7368
2025-08-07T10:32:26,12.0897,12.0897,12.0897,12.0897,57.8947
2025-08-07T10:32:29,12.16,12.16,12.16,12.16,21.6316
2025-08-07T10:32:31,12.1239,12.1239,12.1239,12.1239,6.5789
2025-08-07T10:32:35,12.16,12.16,12.16,12.16,263.1579
2025-08-07T10:32:36,12.0878,12.0878,12.0878,12.0878,8.9474
2025-08-07T10:32:37,12.0878,12.0878,12.0878,12.0878,23.1579
2025-08-07T10:32:54,12.1182,12.1182,12.1182,12.1182,27.9474
2025-08-07T10:32:55,12.0175,12.0175,12.0175,12.0175,267.8947
2025-08-07T10:32:56,12.0679,12.0707,12.0679,12.0707,456.3684
2025-08-07T10:33:00,12.0707,12.0707,12.0175,12.0194,789.2632
2025-08-07T10:33:10,12.0422,12.0422,12.0422,12.0422,5.2632
2025-08-07T10:33:14,12.0213,12.0213,12.0213,12.0213,5.2632
2025-08-07T10:33:17,12.0175,12.0175,12.0175,12.0175,19.4211
2025-08-07T10:33:19,12.0175,12.0175,12.0175,12.0175,23.1579
2025-08-07T10:33:31,12.0422,12.0422,12.0422,12.0422,5.2632
2025-08-07T10:33:34,12.0175,12.0175,12.0175,12.0175,27.0526
2025-08-07T10:33:36,12.0194,12.0194,12.0194,12.0194,7.8947
2025-08-07T10:33:38,12.0213,12.0213,12.0194,12.0194,33.1579
2025-08-07T10:33:39,12.0175,12.0175,12.0175,12.0175,22.0526
2025-08-07T10:33:41,12.0213,12.0213,12.0213,12.0213,11.6316
2025-08-07T10:33:43,12.0175,12.0175,12.0175,12.0175,10.5263
2025-08-07T10:33:46,12.0194,12.0194,12.0194,12.0194,28.8947
2025-08-07T10:33:49,12.0175,12.0175,12.0175,12.0175,14.6316
2025-08-07T10:33:51,12.0175,12.0175,12.0175,12.0175,5.2632
2025-08-07T10:33:56,12.0194,12.0194,12.0194,12.0194,52.6316
2025-08-07T10:34:00,12.0194,12.0194,12.0194,12.0194,10.5263
2025-08-07T10:34:01,12.0185,12.0194,12.0185,12.0194,80.5263
2025-08-07T10:34:02,12.0185,12.0185,12.0185,12.0185,47.4737
2025-08-07T10:34:06,12.0194,12.0194,12.0194,12.0194,7.6316
2025-08-07T10:34:11,12.0194,12.0194,12.0194,12.0194,52.6316
2025-08-07T10:34:13,12.0194,12.0194,12.0194,12.0194,10.8947
2025-08-07T10:34:18,12.0194,12.0194,12.0175,12.0175,70.0526
2025-08-07T10:34:21,12.0194,12.0194,12.0194,12.0194,5.2632
2025-08-07T10:34:22,12.0175,12.0175,12.0175,12.0175,5.5263
2025-08-07T10:34:23,12.0175,12.0175,12.0175,12.0175,7.6316
2025-08-07T10:34:28,12.0175,12.0175,12.0175,12.0175,5.4737
2025-08-07T10:34:29,12.0175,12.0175,12.0175,12.0175,5.2632
2025-08-07T10:34:32,12.0175,12.0175,11.9795,11.9795,52.1579
2025-08-07T10:34:35,11.9805,11.9805,11.9805,11.9805,13.1579
2025-08-07T10:34:42,11.9795,11.9795,11.9795,11.9795,20.8421
2025-08-07T10:34:43,11.97,11.97,11.97,11.97,26.3158
2025-08-07T10:34:56,11.9282,11.9282,11.9187,11.9187,63.1579
2025-08-07T10:34:58,11.9187,11.9187,11.9187,11.9187,105.2632
2025-08-07T10:34:59,11.929,11.929,11.9187,11.9187,73.6842
2025-08-07T10:35:02,11.9453,11.9453,11.9453,11.9453,15.7895
2025-08-07T10:35:06,11.9206,11.9795,11.9206,11.9795,45.2632
2025-08-07T10:35:09,11.9795,11.9795,11.9795,11.9795,10.5263
2025-08-07T10:35:11,11.9282,11.9282,11.9282,11.9282,5.2632
2025-08-07T10:35:13,11.9282,11.9282,11.9282,11.9282,10.5789
2025-08-07T10:35:28,11.9282,11.97,11.9282,11.97,321.2105
2025-08-07T10:35:37,11.913,11.913,11.3601,11.381,3396.6316
2025-08-07T10:35:38,11.3164,11.5159,10.5279,11.2461,6439.3684
2025-08-07T10:35:39,11.5492,11.5501,11.2461,11.2461,2601.8421
2025-08-07T10:35:40,11.1302,11.1302,11.1302,11.1302,47.3684
2025-08-07T10:35:43,10.4804,10.4804,10.4804,10.4804,10.5263
2025-08-07T10:35:45,10.4823,10.4823,10.4823,10.4823,102.6316
2025-08-07T10:35:47,10.7274,11.0466,10.7274,10.7274,1995.6842
2025-08-07T10:35:52,10.7274,10.7274,10.7274,10.7274,512.6316
2025-08-07T10:35:55,10.8262,10.8984,10.8262,10.8984,114.3158
2025-08-07T10:35:57,10.8851,10.8927,10.8851,10.8851,35.4737
2025-08-07T10:36:01,11.2917,11.2917,11.2917,11.2917,5.2632
2025-08-07T10:36:07,11.7591,11.7591,11.7591,11.7591,43.9474
2025-08-07T10:36:17,10.9307,10.9307,10.9307,10.9307,8.7895
2025-08-07T10:36:18,11.1982,11.1982,11.1982,11.1982,23.6842
2025-08-07T10:36:21,11.496,11.496,11.496,11.496,368.4211
2025-08-07T10:36:23,11.495,11.495,11.2594,11.2594,85.8421
2025-08-07T10:36:25,11.4959,11.4959,11.2594,11.2594,152.4211
2025-08-07T10:36:26,11.2594,11.2594,11.0352,11.0352,38.5263
2025-08-07T10:36:27,11.2594,11.2594,11.2594,11.2594,57.9474
2025-08-07T10:36:28,11.6603,11.6603,11.2919,11.2919,68.5789
2025-08-07T10:36:29,11.0352,11.2727,11.0352,11.2727,45.5263
2025-08-07T10:36:30,11.2176,11.2176,11.2176,11.2176,52.6316
2025-08-07T10:36:32,11.2176,11.2176,11.2176,11.2176,52.6316
2025-08-07T10:36:33,11.4,11.4,11.4,11.4,5.3158
2025-08-07T10:36:34,11.3981,11.3981,11.3981,11.3981,52.6316
2025-08-07T10:36:40,11.4,11.4,11.4,11.4,48.2632
2025-08-07T10:36:45,11.4,11.4,11.4,11.4,12.4211
2025-08-07T10:36:50,11.5539,11.5539,11.5539,11.5539,10.5263
2025-08-07T10:36:53,11.4,11.4,11.3772,11.3772,276.3684
2025-08-07T10:36:56,11.4247,11.4247,11.3753,11.3753,52.6316
2025-08-07T10:36:57,11.2157,11.2157,11.21,11.2157,291.0526
2025-08-07T10:37:05,11.5539,11.5539,11.5539,11.5539,24.1053
2025-08-07T10:37:13,11.514,11.514,11.514,11.514,5.7895
2025-08-07T10:37:16,11.4038,11.5672,11.4038,11.5672,278.5263
2025-08-07T10:37:17,11.4038,11.4038,11.4038,11.4038,5.2632
2025-08-07T10:37:19,11.4855,11.4855,11.4855,11.4855,26.3158
2025-08-07T10:37:23,11.4855,11.4855,11.4855,11.4855,263.1579
2025-08-07T10:37:27,11.5045,11.5539,11.4769,11.4769,42.1053
2025-08-07T10:37:28,11.5045,11.5539,11.5045,11.5045,21.0526
2025-08-07T10:37:30,11.5045,11.5045,11.5045,11.5045,5.2632
2025-08-07T10:37:31,11.5045,11.5045,11.5045,11.5045,5.2632
2025-08-07T10:37:32,11.5026,11.5539,11.4769,11.5539,286.8421
2025-08-07T10:37:33,11.5026,11.5026,11.5026,11.5026,15.7895
2025-08-07T10:37:34,11.4912,11.5026,11.4912,11.5026,10.5263
2025-08-07T10:37:35,11.5026,11.5026,11.5026,11.5026,10.5263
2025-08-07T10:37:36,11.476,11.476,11.476,11.476,5.3158
2025-08-07T10:37:37,11.4836,11.4836,11.4836,11.4836,5.2632
2025-08-07T10:37:38,11.4836,11.4836,11.4836,11.4836,10.5263
2025-08-07T10:37:39,11.4836,11.4836,11.4836,11.4836,5.2632
2025-08-07T10:37:40,11.4836,11.5539,11.4836,11.5539,32.6316
2025-08-07T10:37:41,11.4817,11.4817,11.4817,11.4817,10.5263
2025-08-07T10:37:42,11.4817,11.4817,11.4779,11.4817,90.0
2025-08-07T10:37:43,11.4817,11.5539,11.4817,11.5539,10.5263
2025-08-07T10:37:44,11.4836,11.5539,11.4836,11.5539,36.8421
2025-08-07T10:37:45,11.4836,11.5539,11.4836,11.5539,21.0526
2025-08-07T10:37:46,11.4836,11.4836,11.4836,11.4836,5.2632
2025-08-07T10:37:47,11.4817,11.5539,11.4817,11.4817,15.7895
2025-08-07T10:37:48,11.5539,11.5539,11.5539,11.5539,12.2105
2025-08-07T10:37:49,11.4817,11.4817,11.4817,11.4817,10.5263
2025-08-07T10:37:50,11.4817,11.4817,11.4817,11.4817,10.5263
2025-08-07T10:37:51,11.4817,11.4817,11.4817,11.4817,5.2632
2025-08-07T10:37:52,11.4817,11.5539,11.4817,11.4817,21.0526
2025-08-07T10:37:53,11.4817,11.5539,11.4817,11.5539,15.7895
2025-08-07T10:37:55,11.4817,11.4817,11.4817,11.4817,10.5263
2025-08-07T10:37:56,11.4817,11.4817,11.4817,11.4817,10.5263
2025-08-07T10:37:57,11.4817,11.4817,11.4817,11.4817,15.7895
2025-08-07T10:37:58,11.4817,11.4817,11.4019,11.4019,273.6842
2025-08-07T10:37:59,11.4817,11.552,11.4817,11.552,58.7895
2025-08-07T10:38:00,11.4817,11.5539,11.4817,11.5539,230.0526
2025-08-07T10:38:01,11.4817,11.4817,11.4817,11.4817,57.8947
2025-08-07T10:38:03,11.4817,11.5539,11.4817,11.5017,82.8947
2025-08-07T10:38:04,11.4817,11.5539,11.4817,11.5539,178.9474
2025-08-07T10:38:10,11.4779,11.4779,11.4779,11.4779,5.2632
2025-08-07T10:38:13,11.457,11.457,11.457,11.457,263.1579
2025-08-07T10:38:14,11.533,11.533,11.533,11.533,5.2632
2025-08-07T10:38:15,11.4551,11.4551,11.4551,11.4551,264.5263
2025-08-07T10:38:17,11.4779,11.4779,11.4779,11.4779,14.1053
2025-08-07T10:38:23,11.5064,11.5064,11.4532,11.4532,363.2105
2025-08-07T10:38:32,11.4551,11.4551,11.4551,11.4551,108.0526
2025-08-07T10:38:34,11.4532,11.4532,11.4532,11.4532,15.2632
2025-08-07T10:38:35,11.4532,11.4532,11.4532,11.4532,13.6316
2025-08-07T10:38:44,11.533,11.533,11.533,11.533,8.0
2025-08-07T10:38:53,11.5064,11.5064,11.5064,11.5064,8.0
2025-08-07T10:38:54,11.5112,11.5112,11.5112,11.5112,10.6842
2025-08-07T10:38:59,11.4551,11.4551,11.4551,11.4551,9.2632
2025-08-07T10:39:10,11.533,11.5691,11.533,11.5691,529.0526
2025-08-07T10:39:11,11.5112,11.5112,11.4532,11.4551,344.8421
2025-08-07T10:39:13,11.5102,11.5102,11.4532,11.4532,176.4211
2025-08-07T10:39:14,11.533,11.5672,11.533,11.5672,1448.1579
2025-08-07T10:39:16,11.5672,11.5691,11.5672,11.5691,20.2105
2025-08-07T10:39:18,11.7838,11.7838,11.7838,11.7838,279.4211
2025-08-07T10:39:22,11.7838,11.7838,11.7838,11.7838,20.8947
2025-08-07T10:39:23,11.7838,11.7838,11.7838,11.7838,78.9474
2025-08-07T10:39:31,11.4969,11.6394,11.4969,11.6394,23.2632
2025-08-07T10:39:33,11.6394,11.6394,11.6394,11.6394,42.1053
2025-08-07T10:39:36,11.761,11.761,11.7591,11.7591,488.6842
2025-08-07T10:39:37,11.761,11.761,11.4969,11.4969,30.4211
2025-08-07T10:39:40,11.761,11.761,11.761,11.761,105.2632
2025-08-07T10:39:41,11.7591,11.7591,11.7591,11.7591,105.2632
2025-08-07T10:39:43,11.6242,11.6242,11.0371,11.0371,3387.3684
2025-08-07T10:39:44,11.4209,11.4209,11.2328,11.2328,366.0526
2025-08-07T10:39:54,11.2347,11.2347,11.2347,11.2347,26.8421
2025-08-07T10:39:55,11.6787,11.6787,11.6787,11.6787,63.1579
2025-08-07T10:39:57,11.2385,11.3582,11.02,11.1416,116.9474
2025-08-07T10:39:59,11.2366,11.2366,11.2366,11.2366,342.1053
2025-08-07T10:40:02,11.5425,11.5425,11.3877,11.3877,373.6842
2025-08-07T10:40:08,11.5083,11.5083,11.3886,11.3886,90.3158
2025-08-07T10:40:10,11.6736,11.6736,11.6736,11.6736,9.0526
2025-08-07T10:40:11,11.4589,11.4589,11.4589,11.4589,17.2632
2025-08-07T10:40:15,11.3696,11.3696,11.3696,11.3696,342.1053
2025-08-07T10:40:16,11.4228,11.4228,11.4228,11.4228,105.2632
2025-08-07T10:40:28,11.4855,11.4855,11.4855,11.4855,342.3684
2025-08-07T10:40:39,11.6793,11.6793,11.6793,11.6793,6.3158
2025-08-07T10:40:44,11.4779,11.4779,11.4779,11.4779,86.8421
2025-08-07T10:40:46,11.6128,11.6128,11.6128,11.6128,85.9474
2025-08-07T10:40:57,11.6109,11.6109,11.6109,11.6109,10.4211
2025-08-07T10:41:00,11.7477,11.78,11.7477,11.7553,531.7368
2025-08-07T10:41:04,11.7297,11.7297,11.7297,11.7297,5.2632
2025-08-07T10:41:09,11.7306,11.7306,11.7306,11.7306,17.9474
2025-08-07T10:41:19,11.7325,11.78,11.7325,11.78,32.4211
2025-08-07T10:41:28,11.78,11.78,11.78,11.78,105.2632
2025-08-07T10:41:29,11.7563,11.7563,11.7325,11.7553,69.7368
2025-08-07T10:41:34,11.78,11.78,11.78,11.78,86.5263
2025-08-07T10:41:41,11.7553,11.7553,11.7553,11.7553,8.5263
2025-08-07T10:41:43,11.6698,11.6698,11.6698,11.6698,25.4211
2025-08-07T10:41:47,11.7743,11.7743,11.7743,11.7743,19.6316
2025-08-07T10:41:49,11.6337,11.6337,11.6337,11.6337,5.2632
2025-08-07T10:41:52,11.6413,11.6413,11.6413,11.6413,36.8421
2025-08-07T10:42:02,11.5216,11.5216,11.5216,11.5216,27.1579
2025-08-07T10:42:07,11.7211,11.7211,11.7211,11.7211,52.6316
2025-08-07T10:42:24,11.704,11.7743,11.704,11.7743,21.0526
2025-08-07T10:42:31,11.648,11.648,11.648,11.648,26.3158
2025-08-07T10:42:34,11.7392,11.7392,11.704,11.704,17.6842
2025-08-07T10:42:45,11.6206,11.6206,11.6206,11.6206,15.7895
2025-08-07T10:42:46,11.7724,11.7724,11.7724,11.7724,5.2632
2025-08-07T10:42:47,11.7724,11.7724,11.7724,11.7724,5.2632
2025-08-07T10:42:52,11.6964,11.7724,11.6964,11.7724,14.6842
2025-08-07T10:42:57,11.7724,11.7724,11.7724,11.7724,5.2632
2025-08-07T10:42:59,11.7724,11.7876,11.6489,11.7743,355.1053
2025-08-07T10:43:08,11.78,11.78,11.78,11.78,195.4211
2025-08-07T10:43:19,11.78,11.78,11.78,11.78,9.4737
2025-08-07T10:43:25,11.6489,11.6489,11.6489,11.6489,11.3158
2025-08-07T10:43:27,11.7135,11.7135,11.7135,11.7135,7.3684
2025-08-07T10:43:43,11.647,11.647,11.647,11.647,29.8947
2025-08-07T10:43:51,11.78,11.78,11.7553,11.7553,106.0
2025-08-07T10:43:52,11.7553,11.7553,11.7553,11.7553,5.2632
2025-08-07T10:43:53,11.7553,11.8294,11.7553,11.8294,29.0526
2025-08-07T10:43:55,11.7895,11.7895,11.7059,11.7059,32.1053
2025-08-07T10:44:09,11.704,11.704,11.704,11.704,50.0
2025-08-07T10:44:13,11.7895,11.7895,11.6926,11.6926,560.5263
2025-08-07T10:44:42,11.6926,11.6926,11.6926,11.6926,431.5789
2025-08-07T10:44:44,11.6945,11.6945,11.6945,11.6945,8.5263
2025-08-07T10:44:48,11.6945,11.6945,11.6945,11.6945,80.7895
2025-08-07T10:45:01,11.647,11.7135,11.647,11.7135,53.4211
2025-08-07T10:45:23,11.7135,11.7135,11.7135,11.7135,78.9474
2025-08-07T10:45:31,11.7781,11.7781,11.7781,11.7781,78.9474
2025-08-07T10:45:36,11.78,11.78,11.78,11.78,15.7895
2025-08-07T10:45:50,11.78,11.78,11.78,11.78,25.4211
2025-08-07T10:45:51,11.7781,11.7781,11.7781,11.7781,5.2632
2025-08-07T10:45:52,11.7781,11.7781,11.7781,11.7781,105.2632
2025-08-07T10:46:08,11.7781,11.7781,11.7781,11.7781,33.4737
2025-08-07T10:46:15,11.647,11.647,11.647,11.647,194.7368
2025-08-07T10:46:18,11.761,11.761,11.761,11.761,30.3158
2025-08-07T10:46:35,11.7781,11.7781,11.7781,11.7781,5.2632
2025-08-07T10:46:36,11.7781,11.7781,11.7781,11.7781,5.2632
2025-08-07T10:46:45,11.875,11.875,11.875,11.875,18.7895
2025-08-07T10:46:52,11.875,11.875,11.875,11.875,284.0
2025-08-07T10:46:53,11.875,11.8864,11.875,11.8864,203.7895
2025-08-07T10:46:55,11.9662,11.9662,11.9662,11.9662,127.6842
2025-08-07T10:47:01,11.875,11.875,11.875,11.875,59.7368
2025-08-07T10:47:13,11.78,11.78,11.78,11.78,55.2632
2025-08-07T10:47:16,11.78,11.78,11.78,11.78,8.4211
2025-08-07T10:47:18,11.875,11.875,11.875,11.875,203.8421
2025-08-07T10:47:20,11.875,11.875,11.875,11.875,132.1053
2025-08-07T10:47:41,11.875,11.875,11.875,11.875,42.1053
2025-08-07T10:47:47,11.647,11.761,11.647,11.647,179.1053
2025-08-07T10:47:53,11.761,11.761,11.647,11.647,10.5263
2025-08-07T10:47:55,11.647,11.647,11.647,11.647,68.4211
2025-08-07T10:48:05,11.6489,11.6489,11.6489,11.6489,120.5263
2025-08-07T10:48:07,11.761,11.761,11.6489,11.6489,84.1579
2025-08-07T10:48:12,11.761,11.761,11.647,11.647,24.0
2025-08-07T10:48:38,11.875,11.875,11.875,11.875,7.8947
2025-08-07T10:49:05,11.8085,11.8085,11.8085,11.8085,16.7368
2025-08-07T10:49:22,11.8085,11.8712,11.8085,11.8712,57.8947
2025-08-07T10:49:24,11.875,11.875,11.875,11.875,2952.8947
2025-08-07T10:49:29,11.875,11.875,11.875,11.875,739.2105
2025-08-07T10:49:32,11.9662,11.97,11.9662,11.97,1467.3158
2025-08-07T10:49:35,11.8893,11.8893,11.8893,11.8893,15.7895
2025-08-07T10:49:38,11.97,11.97,11.97,11.97,144.2105
2025-08-07T10:49:42,11.97,11.97,11.97,11.97,17.5263
2025-08-07T10:49:43,11.8085,11.8085,11.8085,11.8085,1253.6316
2025-08-07T10:50:00,11.818,11.818,11.818,11.818,5.2632
2025-08-07T10:50:18,11.8769,11.8769,11.8769,11.8769,5.2632
2025-08-07T10:50:27,11.8617,11.8617,11.8617,11.8617,6.2632
2025-08-07T10:50:59,11.8997,11.8997,11.8997,11.8997,13.1579
2025-08-07T10:51:03,11.8617,11.8617,11.8617,11.8617,95.6842
2025-08-07T10:51:04,11.8617,11.8617,11.8617,11.8617,5.2632
2025-08-07T10:51:08,11.9377,11.9377,11.9377,11.9377,78.9474
2025-08-07T10:51:14,11.9064,11.9064,11.9064,11.9064,8.6842
2025-08-07T10:51:30,11.9225,11.9225,11.875,11.875,315.7895
2025-08-07T10:52:02,11.8788,11.8788,11.8788,11.8788,9.3158
2025-08-07T10:52:07,11.8769,11.8769,11.8769,11.8769,6.5263
2025-08-07T10:52:12,11.9234,11.9234,11.9234,11.9234,21.0526
2025-08-07T10:52:37,11.9225,11.9225,11.9225,11.9225,5.2632
2025-08-07T10:52:38,11.8788,11.8788,11.8788,11.8788,26.3158
2025-08-07T10:52:50,11.9225,11.9225,11.9225,11.9225,7.1579
2025-08-07T10:52:59,11.8788,11.8788,11.8788,11.8788,6.8421
2025-08-07T10:53:05,11.875,11.875,11.875,11.875,8.4211
2025-08-07T10:53:07,11.8788,11.8788,11.8788,11.8788,61.6316
2025-08-07T10:53:25,11.8788,11.8788,11.8788,11.8788,90.1053
2025-08-07T10:53:30,11.8788,11.8788,11.8788,11.8788,39.6316
2025-08-07T10:53:39,11.8769,11.8769,11.8769,11.8769,13.1579
2025-08-07T10:53:57,11.8769,11.8769,11.8769,11.8769,10.5263
2025-08-07T10:54:00,11.8769,11.8769,11.8769,11.8769,15.7895
2025-08-07T10:54:08,11.8769,11.8769,11.8769,11.8769,51.3158
2025-08-07T10:54:12,11.8769,11.8769,11.8769,11.8769,10.5263
2025-08-07T10:54:16,11.876,11.876,11.78,11.78,1472.6842
2025-08-07T10:54:20,11.875,11.875,11.875,11.875,5.2632
2025-08-07T10:54:24,11.8285,11.8285,11.8285,11.8285,105.2632
2025-08-07T10:54:31,11.8285,11.8285,11.78,11.78,29.6842
2025-08-07T10:54:42,11.8294,11.8294,11.6204,11.6204,3762.7368
2025-08-07T10:54:43,11.6394,11.6755,11.6394,11.6755,193.8421
2025-08-07T10:54:46,11.78,11.78,11.78,11.78,5.2632
2025-08-07T10:54:53,11.6869,11.6869,11.6869,11.6869,14.2105
2025-08-07T10:54:59,11.7487,11.7487,11.7487,11.7487,68.4211
2025-08-07T10:55:37,11.6204,11.6204,11.6204,11.6204,39.4737
2025-08-07T10:55:55,11.6223,11.6223,11.6223,11.6223,173.6842
2025-08-07T10:56:09,11.6223,11.6223,11.6223,11.6223,10.5263
2025-08-07T10:56:10,11.6812,11.6812,11.6812,11.6812,105.2632
2025-08-07T10:56:17,11.7135,11.7135,11.7135,11.7135,16.8421
2025-08-07T10:56:22,11.6812,11.6812,11.6812,11.6812,15.7895
2025-08-07T10:56:30,11.6669,11.6669,11.6669,11.6669,39.4737
2025-08-07T10:56:31,11.6223,11.6223,11.6223,11.6223,342.1053
2025-08-07T10:56:33,11.666,11.666,11.666,11.666,44.8421
2025-08-07T10:56:35,11.7116,11.7116,11.7116,11.7116,26.3158
2025-08-07T10:56:37,11.6261,11.666,11.6204,11.666,508.8947
2025-08-07T10:56:42,11.6223,11.6223,11.6223,11.6223,342.1053
2025-08-07T10:56:43,11.6223,11.6223,11.6223,11.6223,5.2632
2025-08-07T10:56:47,11.6223,11.6223,11.6204,11.6204,318.4211
2025-08-07T10:56:48,11.6812,11.6812,11.6812,11.6812,15.6842
2025-08-07T10:56:54,11.6223,11.6223,11.6223,11.6223,501.7895
2025-08-07T10:56:56,11.6299,11.6299,11.6299,11.6299,104.9474
2025-08-07T10:57:03,11.6708,11.6708,11.6708,11.6708,12.6316
2025-08-07T10:57:04,11.6708,11.6708,11.6204,11.6204,290.5789
2025-08-07T10:57:05,11.7192,11.7192,11.7192,11.7192,263.1579
2025-08-07T10:57:18,11.6206,11.6206,11.6206,11.6206,265.7895
2025-08-07T10:57:19,11.6223,11.6223,11.6223,11.6223,263.1579
2025-08-07T10:57:21,11.6223,11.6223,11.6223,11.6223,263.1579
2025-08-07T10:57:23,11.6708,11.6708,11.6708,11.6708,263.1579
2025-08-07T10:57:27,11.6223,11.6223,11.6204,11.6204,258.7368
2025-08-07T10:57:31,11.6708,11.6708,11.6708,11.6708,40.8947
2025-08-07T10:57:32,11.6708,11.6708,11.6708,11.6708,13.1579
2025-08-07T10:57:41,11.7211,11.7211,11.7211,11.7211,5.2632
2025-08-07T10:57:44,11.6679,11.6679,11.6679,11.6679,26.3158
2025-08-07T10:57:54,11.6717,11.6717,11.6717,11.6717,9.7368
2025-08-07T10:57:57,11.6147,11.6147,11.6147,11.6147,16.9474
2025-08-07T10:58:18,11.6698,11.6698,11.59,11.59,1165.8421
2025-08-07T10:58:20,11.59,11.59,11.59,11.59,899.7895
2025-08-07T10:58:38,11.59,11.59,11.59,11.59,38.5789
2025-08-07T10:58:39,11.5995,11.5995,11.5995,11.5995,52.6316
2025-08-07T10:59:09,11.704,11.7496,11.704,11.7496,1842.1053
2025-08-07T10:59:20,11.742,11.742,11.742,11.742,26.3158
2025-08-07T10:59:48,11.6755,11.6755,11.6755,11.6755,27.9474
2025-08-07T11:00:21,11.6755,11.6755,11.6755,11.6755,9.9474
2025-08-07T11:00:36,11.6527,11.6755,11.6527,11.6755,131.5789
2025-08-07T11:00:42,11.6755,11.6755,11.6755,11.6755,45.8947
2025-08-07T11:00:49,11.6755,11.6755,11.6755,11.6755,27.2105
2025-08-07T11:01:05,11.6119,11.6119,11.6119,11.6119,59.6842
2025-08-07T11:01:14,11.7297,11.7297,11.7297,11.7297,10.5263
2025-08-07T11:01:20,11.7303,11.7303,11.7303,11.7303,26.3158
2025-08-07T11:01:51,11.7496,11.78,11.7496,11.78,260.6842
2025-08-07T11:01:52,11.78,11.78,11.78,11.78,30.3158
2025-08-07T11:02:17,11.7791,11.7791,11.7791,11.7791,5.2632
2025-08-07T11:02:32,11.7306,11.7306,11.7306,11.7306,56.8421
2025-08-07T11:02:53,11.8226,11.8226,11.8226,11.8226,6.5789
2025-08-07T11:02:55,11.7306,11.7306,11.7306,11.7306,57.8947
2025-08-07T11:03:13,11.7401,11.7401,11.7401,11.7401,55.9474
2025-08-07T11:04:03,11.7306,11.7306,11.7306,11.7306,105.2632
2025-08-07T11:04:14,11.8636,11.8636,11.8636,11.8636,5.2632
2025-08-07T11:04:18,11.7325,11.7325,11.7325,11.7325,5.2632
2025-08-07T11:04:32,11.7308,11.7325,11.7308,11.7325,38.0
2025-08-07T11:05:19,11.7325,11.7325,11.7325,11.7325,10.5263
2025-08-07T11:05:25,11.7344,11.7344,11.7344,11.7344,52.6316
2025-08-07T11:05:34,11.8028,11.8028,11.7344,11.7344,131.5789
2025-08-07T11:06:00,11.7344,11.7344,11.7344,11.7344,62.1579
2025-08-07T11:06:16,11.8633,11.8633,11.8633,11.8633,80.1053
2025-08-07T11:06:17,11.8028,11.8028,11.8028,11.8028,7.0526
2025-08-07T11:07:03,11.8028,11.8028,11.8028,11.8028,8.9474
2025-08-07T11:07:35,11.8028,11.8028,11.8028,11.8028,21.0526
2025-08-07T11:07:45,11.7325,11.7325,11.7325,11.7325,21.0526
2025-08-07T11:07:57,11.8028,11.8028,11.8028,11.8028,6.7895
2025-08-07T11:08:13,11.78,11.78,11.78,11.78,263.1579
2025-08-07T11:08:47,11.78,11.78,11.7344,11.7344,34.7368
2025-08-07T11:09:11,11.7344,11.7344,11.7344,11.7344,10.5789
2025-08-07T11:09:19,11.7344,11.7344,11.7344,11.7344,26.3158
2025-08-07T11:09:22,11.7335,11.7335,11.7335,11.7335,5.2632
2025-08-07T11:09:23,11.7335,11.7335,11.7335,11.7335,5.2632
2025-08-07T11:09:59,11.7306,11.7344,11.7306,11.7344,103.2105
2025-08-07T11:10:11,11.7344,11.7344,11.7344,11.7344,26.3158
2025-08-07T11:10:47,11.7344,11.7344,11.7306,11.7306,204.8947
2025-08-07T11:11:03,11.7306,11.7306,11.7306,11.7306,19.5263
2025-08-07T11:11:14,11.6356,11.6356,11.4437,11.5824,100.4211
2025-08-07T11:11:16,11.4589,11.4589,11.4589,11.4589,14.2105
2025-08-07T11:11:46,11.4456,11.4456,11.4456,11.4456,5.3684
2025-08-07T11:11:51,11.4456,11.4456,11.4456,11.4456,34.4737
2025-08-07T11:11:55,11.5406,11.5406,11.5406,11.5406,10.4737
2025-08-07T11:11:57,11.4437,11.4437,11.4437,11.4437,26.3158
2025-08-07T11:12:03,11.4912,11.4912,11.4912,11.4912,7.8421
2025-08-07T11:12:05,11.4437,11.4437,11.4437,11.4437,141.1579
2025-08-07T11:12:07,11.4798,11.4798,11.4798,11.4798,7.8947
2025-08-07T11:12:24,11.4437,11.4437,11.4437,11.4437,53.1579
2025-08-07T11:12:28,11.4456,11.4456,11.4456,11.4456,17.4211
2025-08-07T11:12:32,11.5102,11.5102,11.504,11.504,105.2632
2025-08-07T11:12:51,11.5387,11.5387,11.5387,11.5387,110.5263
2025-08-07T11:12:55,11.5539,11.5539,11.5539,11.5539,157.8947
2025-08-07T11:13:01,11.5539,11.5539,11.5539,11.5539,5.2632
2025-08-07T11:14:08,11.4456,11.4456,11.4456,11.4456,14.4737
2025-08-07T11:14:19,11.533,11.533,11.533,11.533,23.6842
2025-08-07T11:14:24,11.4456,11.4456,11.4456,11.4456,52.6316
2025-08-07T11:14:29,11.5368,11.5368,11.5368,11.5368,52.6316
2025-08-07T11:15:06,11.4456,11.4456,11.4456,11.4456,210.5263
2025-08-07T11:15:08,11.4475,11.4475,11.4475,11.4475,210.5263
2025-08-07T11:15:39,11.4893,11.4893,11.4893,11.4893,26.3158
2025-08-07T11:15:44,11.5311,11.5311,11.5311,11.5311,5.2632
2025-08-07T11:15:45,11.533,11.5387,11.533,11.5387,109.7368
2025-08-07T11:15:56,11.5311,11.5311,11.5311,11.5311,5.2632
2025-08-07T11:16:02,11.4969,11.4969,11.4969,11.4969,15.7895
2025-08-07T11:16:14,11.5596,11.5596,11.5596,11.5596,6.8421
2025-08-07T11:17:07,11.5311,11.5311,11.5311,11.5311,56.7368
2025-08-07T11:17:23,11.5691,11.5691,11.5691,11.5691,315.7895
2025-08-07T11:17:28,11.5596,11.5596,11.5596,11.5596,52.9474
2025-08-07T11:17:56,11.5596,11.5596,11.5596,11.5596,78.9474
2025-08-07T11:18:19,11.4969,11.5064,11.495,11.4969,266.7368
2025-08-07T11:18:36,11.4969,11.4969,11.4969,11.4969,79.4737
2025-08-07T11:18:41,11.5254,11.5254,11.5254,11.5254,125.8421
2025-08-07T11:18:56,11.495,11.495,11.4228,11.4228,55.2632
2025-08-07T11:19:04,11.4228,11.4228,11.4228,11.4228,7.8947
2025-08-07T11:19:11,11.4114,11.4836,11.4095,11.4836,271.7368
2025-08-07T11:19:15,11.5045,11.5045,11.4171,11.4171,26.3158
2025-08-07T11:19:59,11.438,11.438,11.438,11.438,526.3158
2025-08-07T11:20:12,11.5311,11.5311,11.5311,11.5311,26.3158
2025-08-07T11:20:33,11.5311,11.5311,11.5311,11.5311,5.2632
2025-08-07T11:21:09,11.4399,11.4399,11.4399,11.4399,14.2632
2025-08-07T11:21:19,11.5311,11.5311,11.5311,11.5311,52.6316
2025-08-07T11:21:30,11.5463,11.5463,11.5463,11.5463,21.0526
2025-08-07T11:21:34,11.59,11.59,11.59,11.59,47.3684
2025-08-07T11:21:38,11.5463,11.5463,11.5463,11.5463,27.2632
2025-08-07T11:21:42,11.624,11.624,11.624,11.624,467.7895
2025-08-07T11:21:55,11.5463,11.5463,11.5463,11.5463,21.0526
2025-08-07T11:22:17,11.6204,11.6204,11.6204,11.6204,5.2632
2025-08-07T11:22:31,11.552,11.552,11.552,11.552,6.2632
2025-08-07T11:22:36,11.4779,11.4779,11.4703,11.4703,173.0526
2025-08-07T11:22:37,11.4703,11.4703,11.4703,11.4703,109.8947
2025-08-07T11:22:38,11.4703,11.4703,11.4703,11.4703,26.3158
2025-08-07T11:22:39,11.4684,11.4684,11.438,11.438,225.8421
2025-08-07T11:22:42,11.438,11.438,11.4095,11.4095,194.7368
2025-08-07T11:22:43,11.4028,11.4028,11.4028,11.4028,6.5789
2025-08-07T11:22:44,11.4038,11.4038,11.4019,11.4019,44.9474
2025-08-07T11:22:49,11.4019,11.4019,11.4019,11.4019,10.7368
2025-08-07T11:23:01,11.4019,11.4019,11.4019,11.4019,26.3158
2025-08-07T11:23:03,11.4,11.4019,11.21,11.2119,2683.7895
2025-08-07T11:23:04,11.3981,11.3981,11.3981,11.3981,5.2632
2025-08-07T11:23:08,11.4,11.4,11.4,11.4,52.6316
2025-08-07T11:23:16,11.3981,11.3981,11.3981,11.3981,5.2632
2025-08-07T11:23:23,11.2822,11.2822,11.2822,11.2822,52.6316
2025-08-07T11:23:25,11.1682,11.1682,11.1682,11.1682,26.3158
2025-08-07T11:23:35,11.21,11.2157,11.1682,11.1682,109.3684
2025-08-07T11:23:38,11.1701,11.1701,11.1701,11.1701,160.7368
2025-08-07T11:23:40,11.3943,11.3943,11.3943,11.3943,5.2632
2025-08-07T11:23:47,11.3962,11.3962,11.3962,11.3962,157.9474
2025-08-07T11:23:48,11.3259,11.3981,11.3259,11.3981,1578.9474
2025-08-07T11:23:53,11.3981,11.3981,11.3981,11.3981,35.6842
2025-08-07T11:23:55,11.362,11.3981,11.362,11.3981,10.5263
2025-08-07T11:23:56,11.2822,11.2822,11.2822,11.2822,5.2632
2025-08-07T11:24:10,11.2822,11.2822,11.2822,11.2822,95.4737
2025-08-07T11:24:17,11.2822,11.2822,11.2822,11.2822,26.3158
2025-08-07T11:24:21,11.2822,11.2822,11.2062,11.2062,97.7368
2025-08-07T11:24:25,11.3962,11.3962,11.3962,11.3962,5.2632
2025-08-07T11:24:28,11.2841,11.2841,11.2841,11.2841,5.7895
2025-08-07T11:24:31,11.3981,11.3981,11.3981,11.3981,141.1579
2025-08-07T11:24:49,11.3981,11.4,11.3981,11.4,235.4211
2025-08-07T11:25:03,11.4,11.4,11.4,11.4,616.4737
2025-08-07T11:25:06,11.3772,11.4,11.3772,11.4,40.1579
2025-08-07T11:25:34,11.3259,11.3259,11.3259,11.3259,5.2632
2025-08-07T11:25:50,11.3259,11.4,11.3259,11.4,76.1579
2025-08-07T11:25:51,11.4,11.4295,11.4,11.4,77.5789
2025-08-07T11:26:14,11.4722,11.4722,11.0504,11.0504,5871.4737
2025-08-07T11:26:16,11.2176,11.2176,11.2176,11.2176,5.2632
2025-08-07T11:26:21,11.4,11.4589,11.2119,11.4589,736.8421
2025-08-07T11:26:36,11.5672,11.5672,11.5672,11.5672,14.5263
2025-08-07T11:27:01,11.2005,11.2005,11.2005,11.2005,6.5789
2025-08-07T11:27:09,11.2974,11.2974,11.2974,11.2974,52.6316
2025-08-07T11:27:15,11.1948,11.1948,11.1948,11.1948,5.2632
2025-08-07T11:27:22,11.1739,11.1739,11.1739,11.1739,52.6316
2025-08-07T11:27:25,11.0504,11.0504,11.0504,11.0504,33.3158
2025-08-07T11:27:26,11.2005,11.2005,11.2005,11.2005,6.5789
2025-08-07T11:27:44,11.0504,11.0504,11.0504,11.0504,26.3158
2025-08-07T11:27:46,11.362,11.3639,11.362,11.3639,69.2632
2025-08-07T11:27:49,11.4019,11.4019,11.4019,11.4019,52.6316
2025-08-07T11:27:56,11.4,11.4,11.4,11.4,55.2632
2025-08-07T11:28:05,11.4285,11.4285,11.4285,11.4285,382.0526
2025-08-07T11:28:08,11.457,11.457,11.457,11.457,15.7895
2025-08-07T11:28:17,11.4437,11.4437,11.4437,11.4437,5.2632
2025-08-07T11:28:40,11.4095,11.4095,11.4095,11.4095,210.5789
2025-08-07T11:28:42,11.4038,11.4038,11.4038,11.4038,315.7895
2025-08-07T11:29:20,11.514,11.5672,11.514,11.514,84.2105
2025-08-07T11:29:46,11.514,11.514,11.514,11.514,15.7895
2025-08-07T11:30:23,11.4038,11.4038,11.4038,11.4038,13.5789
2025-08-07T11:30:49,11.495,11.495,11.4021,11.4021,22.6316
2025-08-07T11:30:57,11.4038,11.4038,11.4038,11.4038,17.9474
2025-08-07T11:31:33,11.4038,11.4038,11.4038,11.4038,61.6316
2025-08-07T11:31:52,11.457,11.4798,11.4019,11.4798,406.7895
2025-08-07T11:31:56,11.4019,11.4019,11.4019,11.4019,26.3158
2025-08-07T11:31:58,11.4038,11.4038,11.4038,11.4038,60.5263
2025-08-07T11:32:13,11.5881,11.59,11.5881,11.59,126.4211
2025-08-07T11:32:26,11.6185,11.6185,11.6185,11.6185,32.2632
2025-08-07T11:32:27,11.5919,11.5919,11.5919,11.5919,11.2105
2025-08-07T11:32:33,11.6204,11.6242,11.6052,11.6071,140.5263
2025-08-07T11:32:35,11.628,11.628,11.628,11.628,10.5263
2025-08-07T11:32:39,11.5453,11.5453,11.5453,11.5453,171.5263
2025-08-07T11:32:59,11.666,11.666,11.666,11.666,5.5263
2025-08-07T11:33:17,11.5406,11.5406,11.5406,11.5406,5.2632
2025-08-07T11:33:24,11.666,11.666,11.666,11.666,26.3158
2025-08-07T11:33:42,11.5406,11.5406,11.5406,11.5406,52.6316
2025-08-07T11:33:52,11.6033,11.6033,11.6033,11.6033,9.2632
2025-08-07T11:33:59,11.666,11.666,11.6128,11.6318,92.4211
2025-08-07T11:34:02,11.6413,11.6736,11.6413,11.6432,70.1579
2025-08-07T11:34:33,11.6755,11.6755,11.6584,11.6755,53.1579
2025-08-07T11:34:40,11.6736,11.6736,11.6736,11.6736,338.5789
2025-08-07T11:35:09,11.6717,11.6717,11.6717,11.6717,5.5263
2025-08-07T11:36:04,11.6423,11.6423,11.6423,11.6423,21.0526
2025-08-07T11:36:05,11.6717,11.6717,11.6717,11.6717,12.6842
2025-08-07T11:36:16,11.6717,11.6717,11.6717,11.6717,150.0
2025-08-07T11:36:24,11.6147,11.6147,11.6147,11.6147,5.2632
2025-08-07T11:36:30,11.6128,11.6128,11.6128,11.6128,33.6842
2025-08-07T11:36:32,11.6147,11.6147,11.6147,11.6147,5.2632
2025-08-07T11:36:39,11.6147,11.6147,11.6147,11.6147,7.8947
2025-08-07T11:36:55,11.6147,11.6147,11.6147,11.6147,18.4211
2025-08-07T11:37:54,11.6147,11.6147,11.6128,11.6128,87.8421
2025-08-07T11:38:03,11.6052,11.6052,11.6052,11.6052,5.2632
2025-08-07T11:38:06,11.6052,11.6052,11.6052,11.6052,5.2632
2025-08-07T11:38:12,11.6052,11.6052,11.6052,11.6052,5.2632
2025-08-07T11:38:15,11.6698,11.6698,11.6052,11.6052,26.3158
2025-08-07T11:38:46,11.6052,11.6052,11.6052,11.6052,97.5263
2025-08-07T11:39:16,11.6033,11.6033,11.6033,11.6033,78.9474
2025-08-07T11:39:21,11.5406,11.5406,11.5406,11.5406,5.2632
2025-08-07T11:39:45,11.6033,11.6033,11.6033,11.6033,31.5789
2025-08-07T11:39:59,11.5406,11.5406,11.5406,11.5406,7.1053
2025-08-07T11:40:06,11.5425,11.5425,11.5425,11.5425,5.2632
2025-08-07T11:40:09,11.5406,11.5406,11.5406,11.5406,8.0526
2025-08-07T11:40:10,11.5425,11.5425,11.5425,11.5425,10.5263
2025-08-07T11:40:28,11.5425,11.6052,11.5425,11.6052,84.2105
2025-08-07T11:41:00,11.5425,11.5425,11.5425,11.5425,9.1579
2025-08-07T11:41:41,11.5425,11.5444,11.5425,11.5425,115.7895
2025-08-07T11:41:42,11.5425,11.5425,11.5425,11.5425,56.2105
2025-08-07T11:41:51,11.5425,11.5425,11.5425,11.5425,5.2632
2025-08-07T11:41:59,11.5425,11.5425,11.5425,11.5425,8.1053
2025-08-07T11:42:01,11.5425,11.5425,11.5425,11.5425,19.1579
2025-08-07T11:42:07,11.5406,11.5406,11.5406,11.5406,45.9474
2025-08-07T11:42:21,11.5406,11.5406,11.5406,11.5406,5.2632
2025-08-07T11:42:33,11.5406,11.5406,11.5406,11.5406,26.3158
2025-08-07T11:42:43,11.5406,11.5406,11.5406,11.5406,7.3684
2025-08-07T11:42:51,11.5636,11.5636,11.5636,11.5636,13.1579
2025-08-07T11:42:57,11.5406,11.5406,11.4874,11.4874,142.1053
2025-08-07T11:43:06,11.5045,11.5045,11.5045,11.5045,10.5263
2025-08-07T11:43:26,11.4874,11.4893,11.4874,11.4893,358.7368
2025-08-07T11:43:33,11.5007,11.5007,11.5007,11.5007,5.2632
2025-08-07T11:43:47,11.5463,11.5463,11.5463,11.5463,26.3158
2025-08-07T11:44:03,11.5444,11.5444,11.5444,11.5444,21.0526
2025-08-07T11:44:25,11.5273,11.5444,11.5273,11.5444,36.8421
2025-08-07T11:44:29,11.5463,11.5463,11.5463,11.5463,15.7895
2025-08-07T11:44:58,11.5482,11.5482,11.5482,11.5482,17.6316
2025-08-07T11:45:11,11.5463,11.5463,11.5463,11.5463,11.0526
2025-08-07T11:45:27,11.571,11.571,11.571,11.571,257.8947
2025-08-07T11:45:32,11.495,11.495,11.495,11.495,5.2632
2025-08-07T11:45:35,11.5463,11.5463,11.5463,11.5463,198.3684
2025-08-07T11:45:41,11.4437,11.4437,11.4437,11.4437,5.2632
2025-08-07T11:46:04,11.4437,11.4437,11.4437,11.4437,28.9474
2025-08-07T11:46:23,11.4437,11.4437,11.4437,11.4437,5.2632
2025-08-07T11:46:46,11.4437,11.4456,11.4437,11.4437,110.5263
2025-08-07T11:47:00,11.4437,11.4437,11.4437,11.4437,11.2105
2025-08-07T11:47:19,11.5482,11.5482,11.5482,11.5482,5.2632
2025-08-07T11:47:20,11.5425,11.5425,11.5425,11.5425,284.2105
2025-08-07T11:47:21,11.5329,11.5329,11.4437,11.4437,122.2105
2025-08-07T11:47:26,11.4969,11.4969,11.4969,11.4969,5.2632
2025-08-07T11:48:08,11.4437,11.4437,11.4437,11.4437,21.7895
2025-08-07T11:48:29,11.4456,11.4456,11.4456,11.4456,10.5263
2025-08-07T11:48:45,11.4456,11.4456,11.4456,11.4456,406.0
2025-08-07T11:48:46,11.5672,11.5672,11.5064,11.5064,10.5263
2025-08-07T11:48:57,11.4437,11.4437,11.4437,11.4437,78.9474
2025-08-07T11:49:05,11.5691,11.5691,11.5064,11.5064,67.4211
2025-08-07T11:49:13,11.4988,11.4988,11.4988,11.4988,81.3158
2025-08-07T11:49:39,11.6052,11.6052,11.6052,11.6052,15.7895
2025-08-07T11:49:59,11.4969,11.4969,11.4969,11.4969,5.2632
2025-08-07T11:50:01,11.5691,11.6128,11.552,11.6128,172.8947
2025-08-07T11:50:04,11.5938,11.5938,11.5938,11.5938,23.6842
2025-08-07T11:50:07,11.5824,11.5824,11.5824,11.5824,26.3158
2025-08-07T11:50:26,11.5843,11.5843,11.5843,11.5843,5.2632
2025-08-07T11:50:59,11.6128,11.6128,11.6128,11.6128,22.5789
2025-08-07T11:51:00,11.6128,11.6128,11.6128,11.6128,52.6316
2025-08-07T11:51:05,11.6128,11.6128,11.6128,11.6128,26.3158
2025-08-07T11:52:17,11.6052,11.6052,11.552,11.552,346.8421
2025-08-07T11:52:28,11.4817,11.5368,11.02,11.3297,1621.1053
2025-08-07T11:52:45,11.2841,11.2841,11.2841,11.2841,67.1053
2025-08-07T11:52:53,11.3221,11.3221,11.3221,11.3221,10.5263
2025-08-07T11:52:54,11.058,11.058,11.058,11.058,5.2632
2025-08-07T11:52:55,11.0561,11.0561,11.0561,11.0561,185.1053
2025-08-07T11:52:57,11.0561,11.1245,11.0561,11.1245,307.3158
2025-08-07T11:53:25,11.115,11.115,11.115,11.115,17.5263
2025-08-07T11:53:28,11.0694,11.0694,11.0694,11.0694,69.4211
2025-08-07T11:53:35,11.2898,11.4247,11.2898,11.4247,105.2632
2025-08-07T11:53:36,11.0713,11.0713,11.0713,11.0713,8.7368
2025-08-07T11:53:46,11.0713,11.0713,11.0713,11.0713,331.5789
2025-08-07T11:53:58,11.5121,11.5121,11.3221,11.3221,110.5263
2025-08-07T11:53:59,11.077,11.077,11.077,11.077,53.1579
2025-08-07T11:54:11,11.5102,11.5102,11.5102,11.5102,78.9474
2025-08-07T11:54:30,11.2119,11.2119,11.2119,11.2119,7.5263
2025-08-07T11:54:44,11.2119,11.2119,11.2119,11.2119,201.6842
2025-08-07T11:54:45,11.419,11.419,11.419,11.419,12.6316
2025-08-07T11:54:49,11.3544,11.3544,11.3544,11.3544,56.8421
2025-08-07T11:54:53,11.3535,11.3535,11.3535,11.3535,60.1053
2025-08-07T11:55:10,11.3544,11.3544,11.3544,11.3544,10.5263
2025-08-07T11:56:03,11.2119,11.2119,11.2119,11.2119,6.5263
2025-08-07T11:56:36,11.2119,11.2119,11.2119,11.2119,60.5263
2025-08-07T11:56:38,11.3981,11.3981,11.2119,11.2119,194.7368
2025-08-07T11:56:51,11.3269,11.3269,11.3268,11.3268,115.7368
2025-08-07T11:56:59,11.419,11.419,11.419,11.419,14.7368
2025-08-07T11:57:01,11.419,11.419,11.419,11.419,12.6316
2025-08-07T11:57:02,11.419,11.419,11.419,11.419,14.7368
2025-08-07T11:57:06,11.4418,11.4418,11.4418,11.4418,10.5263
2025-08-07T11:57:34,11.4171,11.4171,11.4171,11.4171,5.2632
2025-08-07T11:57:44,11.4171,11.4171,11.4171,11.4171,52.6316
2025-08-07T11:58:00,11.381,11.381,11.381,11.381,11.7368
2025-08-07T11:58:13,11.3791,11.3791,11.3791,11.3791,8.4211
2025-08-07T11:58:50,11.2195,11.2195,11.2195,11.2195,53.0526
2025-08-07T11:58:53,11.3791,11.3791,11.3791,11.3791,10.5263
2025-08-07T11:59:07,11.2195,11.2195,11.2195,11.2195,8.9474
2025-08-07T11:59:35,11.2214,11.2214,11.2214,11.2214,31.5789
2025-08-07T11:59:39,11.2214,11.2214,11.2214,11.2214,68.4211
2025-08-07T11:59:45,11.381,11.381,11.381,11.381,26.3158
2025-08-07T12:00:01,11.362,11.362,11.362,11.362,36.8421
2025-08-07T12:00:15,11.2233,11.2233,11.2233,11.2233,142.1053
2025-08-07T12:00:16,11.381,11.381,11.381,11.381,45.3684
2025-08-07T12:00:24,11.3069,11.3069,11.3069,11.3069,5.2632
2025-08-07T12:00:27,11.305,11.305,11.305,11.305,35.1579
2025-08-07T12:00:37,11.3069,11.3069,11.3069,11.3069,43.1579
2025-08-07T12:00:46,11.3069,11.3069,11.3069,11.3069,36.6842
2025-08-07T12:00:50,11.5102,11.5102,11.5102,11.5102,5.2632
2025-08-07T12:00:58,11.5121,11.5121,11.5121,11.5121,157.8947
2025-08-07T12:00:59,11.4,11.4,11.4,11.4,26.3158
2025-08-07T12:01:04,11.3088,11.3088,11.3088,11.3088,10.5263
2025-08-07T12:01:07,11.4,11.4,11.4,11.4,5.6842
2025-08-07T12:01:09,11.3088,11.3088,11.3088,11.3088,5.2632
2025-08-07T12:01:12,11.3069,11.3069,11.3069,11.3069,263.3684
2025-08-07T12:01:15,11.4,11.4,11.4,11.4,192.2105
2025-08-07T12:01:20,11.4,11.4,11.4,11.4,17.8947
2025-08-07T12:02:10,11.3088,11.3088,11.3088,11.3088,42.1053
2025-08-07T12:02:13,11.3088,11.3088,11.3088,11.3088,26.3158
2025-08-07T12:02:29,11.3088,11.3088,11.3088,11.3088,52.6316
2025-08-07T12:02:36,11.5102,11.5102,11.5102,11.5102,44.2105
2025-08-07T12:03:08,11.4147,11.4147,11.4147,11.4147,25.7895
2025-08-07T12:03:28,11.3202,11.3202,11.3202,11.3202,5.2632
2025-08-07T12:03:38,11.5102,11.5102,11.5102,11.5102,31.5789
2025-08-07T12:03:51,11.5007,11.5007,11.5007,11.5007,50.0
2025-08-07T12:04:20,11.4437,11.4437,11.4437,11.4437,20.4211
2025-08-07T12:04:58,11.3107,11.3107,11.3107,11.3107,18.1053
2025-08-07T12:05:33,11.5102,11.5102,11.5102,11.5102,31.5789
2025-08-07T12:05:50,11.3107,11.3107,11.3107,11.3107,5.2632
2025-08-07T12:06:02,11.5083,11.5083,11.5083,11.5083,43.4737
2025-08-07T12:06:35,11.5102,11.5102,11.5102,11.5102,36.7368
2025-08-07T12:06:43,11.5102,11.5102,11.5102,11.5102,10.5263
2025-08-07T12:08:28,11.419,11.419,11.419,11.419,9.6316
2025-08-07T12:08:32,11.4912,11.4912,11.4912,11.4912,16.4737
2025-08-07T12:09:05,11.4912,11.4912,11.4912,11.4912,52.6316
2025-08-07T12:09:27,11.4,11.4,11.4,11.4,52.6316
2025-08-07T12:09:48,11.3525,11.3525,11.3525,11.3525,24.2105
2025-08-07T12:10:02,11.4456,11.4456,11.4456,11.4456,33.6842
2025-08-07T12:10:07,11.4,11.4,11.4,11.4,15.7895
2025-08-07T12:10:18,11.4,11.4,11.4,11.4,5.2632
2025-08-07T12:10:19,11.4,11.4456,11.4,11.4456,84.2105
2025-08-07T12:10:39,11.3544,11.3544,11.2936,11.2936,334.2105
2025-08-07T12:10:59,11.4076,11.4076,11.4076,11.4076,7.1053
2025-08-07T12:11:01,11.2993,11.2993,11.2993,11.2993,94.7368
2025-08-07T12:11:43,11.3668,11.3668,11.3668,11.3668,5.2632
2025-08-07T12:11:48,11.4342,11.4342,11.4257,11.4257,17.8947
2025-08-07T12:11:49,11.4912,11.4912,11.4912,11.4912,26.3158
2025-08-07T12:11:51,11.3563,11.3563,11.3563,11.3563,52.6316
2025-08-07T12:11:54,11.3126,11.3126,11.3126,11.3126,5.5789
2025-08-07T12:11:56,11.2936,11.2936,11.2936,11.2936,89.4737
2025-08-07T12:12:11,11.4931,11.4931,11.4931,11.4931,42.1053
2025-08-07T12:13:07,11.2955,11.305,11.2803,11.2803,215.7895
2025-08-07T12:13:15,11.3307,11.3307,11.3307,11.3307,30.4737
2025-08-07T12:14:01,11.2822,11.2822,11.2822,11.2822,5.2632
2025-08-07T12:14:43,11.3392,11.3392,11.3392,11.3392,5.2632
2025-08-07T12:15:10,11.2803,11.2822,11.2803,11.2822,209.5789
2025-08-07T12:15:29,11.2803,11.2803,11.2803,11.2803,13.1579
2025-08-07T12:15:51,11.2803,11.2803,11.2803,11.2803,20.6316
2025-08-07T12:16:05,11.2803,11.2803,11.2803,11.2803,46.8947
2025-08-07T12:17:45,11.2803,11.2803,11.2803,11.2803,527.9474
2025-08-07T12:18:24,11.2632,11.2632,11.2632,11.2632,66.8421
2025-08-07T12:18:30,11.2613,11.2632,11.2613,11.2632,57.8947
2025-08-07T12:18:43,11.2233,11.2233,11.02,11.1758,187.6842
2025-08-07T12:18:55,11.02,11.0202,11.02,11.0202,1052.6316
2025-08-07T12:19:03,11.02,11.02,11.02,11.02,195.9474
2025-08-07T12:19:11,11.02,11.02,11.02,11.02,68.4211
2025-08-07T12:19:22,11.1093,11.1093,11.1093,11.1093,7.8947
2025-08-07T12:19:31,11.02,11.02,11.02,11.02,10.4211
2025-08-07T12:19:59,11.02,11.02,11.02,11.02,157.8947
2025-08-07T12:20:14,11.0736,11.0736,11.0736,11.0736,10.5263
2025-08-07T12:20:36,11.134,11.134,11.02,11.02,41.1579
2025-08-07T12:21:01,11.1967,11.1967,11.1967,11.1967,10.5263
2025-08-07T12:21:34,11.21,11.21,11.21,11.21,6.6842
2025-08-07T12:22:23,11.21,11.21,11.21,11.21,19.0526
2025-08-07T12:22:33,11.21,11.21,11.21,11.21,1479.5263
2025-08-07T12:22:34,11.1169,11.1169,11.1169,11.1169,5.2632
2025-08-07T12:22:35,11.21,11.21,11.21,11.21,26.3158
2025-08-07T12:22:48,11.21,11.21,11.21,11.21,131.5789
2025-08-07T12:22:56,11.21,11.21,11.21,11.21,10.5263
2025-08-07T12:22:57,11.21,11.21,11.21,11.21,17.1579
2025-08-07T12:23:30,11.21,11.21,11.21,11.21,10.5263
2025-08-07T12:23:42,11.2081,11.2081,11.2081,11.2081,20.0526
2025-08-07T12:23:48,11.1188,11.1188,11.0221,11.0221,10.5263
2025-08-07T12:23:59,11.0219,11.0219,11.0219,11.0219,5.2632
2025-08-07T12:24:09,11.039,11.1188,11.039,11.1188,20.0526
2025-08-07T12:24:13,11.21,11.21,11.21,11.21,26.3158
2025-08-07T12:24:46,11.1188,11.1188,11.0428,11.0428,171.0526
2025-08-07T12:25:12,11.0428,11.0428,11.0428,11.0428,8.0526
2025-08-07T12:25:19,11.21,11.21,11.21,11.21,710.5263
2025-08-07T12:25:22,11.0428,11.0428,11.0409,11.0409,21.0526
2025-08-07T12:25:38,11.0428,11.0428,11.0428,11.0428,415.1053
2025-08-07T12:25:58,11.0409,11.0409,11.0409,11.0409,26.3158
2025-08-07T12:26:54,11.1757,11.1757,11.1757,11.1757,34.2105
2025-08-07T12:27:10,11.21,11.21,11.21,11.21,105.2632
2025-08-07T12:27:11,11.21,11.21,11.21,11.21,36.0
2025-08-07T12:27:15,11.2062,11.2062,11.2062,11.2062,5.2632
2025-08-07T12:27:19,11.1758,11.1758,11.1758,11.1758,26.3158
2025-08-07T12:28:03,11.286,11.286,10.8984,10.8984,835.3684
2025-08-07T12:28:27,10.8851,10.8851,10.8851,10.8851,13.4211
2025-08-07T12:28:41,11.1644,11.1644,11.1644,11.1644,5.2632
2025-08-07T12:28:53,11.039,11.039,11.039,11.039,31.5789
2025-08-07T12:29:04,11.1644,11.1644,11.1644,11.1644,21.0526
2025-08-07T12:29:26,11.0998,11.1644,11.0998,11.1644,66.8421
2025-08-07T12:29:27,11.0409,11.0409,11.0409,11.0409,5.5789
2025-08-07T12:29:56,11.1663,11.1663,11.1663,11.1663,5.2632
2025-08-07T12:30:06,11.0428,11.0428,11.0428,11.0428,131.5789
2025-08-07T12:30:53,11.0694,11.0694,11.0694,11.0694,10.5263
2025-08-07T12:31:07,11.1796,11.1796,11.1796,11.1796,5.2632
2025-08-07T12:32:03,11.0694,11.0694,11.0675,11.0675,14.9474
2025-08-07T12:32:22,11.2898,11.2898,11.0998,11.0998,70.0
2025-08-07T12:32:57,11.0732,11.0732,11.0732,11.0732,7.1053
2025-08-07T12:33:04,11.2898,11.2898,11.2898,11.2898,17.6842
2025-08-07T12:33:18,11.2898,11.2898,11.2898,11.2898,15.7895
2025-08-07T12:33:29,11.2898,11.2898,11.2898,11.2898,789.4737
2025-08-07T12:33:55,11.2898,11.2898,11.2898,11.2898,26.3158
2025-08-07T12:34:10,11.2898,11.2898,11.2898,11.2898,36.8947
2025-08-07T12:35:11,11.2062,11.4,11.2062,11.4,116.7895
2025-08-07T12:36:11,11.4,11.4,11.4,11.4,71.9474
2025-08-07T12:36:40,11.4038,11.4038,11.3145,11.3145,11.3158
2025-08-07T12:37:21,11.3145,11.3145,11.3145,11.3145,11.3158
2025-08-07T12:37:50,11.3126,11.3126,11.3126,11.3126,55.2632
2025-08-07T12:38:12,11.4605,11.4605,11.4605,11.4605,6.5789
2025-08-07T12:38:47,11.2898,11.3183,11.2898,11.3183,52.2105
2025-08-07T12:39:10,11.476,11.495,11.476,11.495,30.6842
2025-08-07T12:39:11,11.495,11.5102,11.495,11.5102,100.5263
2025-08-07T12:39:18,11.4,11.457,11.172,11.172,586.8421
2025-08-07T12:42:07,11.2765,11.4874,11.2765,11.4874,183.6842
2025-08-07T12:42:09,11.5102,11.5102,11.5102,11.5102,20.2105
2025-08-07T12:42:27,11.4038,11.4038,11.4038,11.4038,10.2105
2025-08-07T12:42:28,11.4038,11.4038,11.4038,11.4038,5.2632
2025-08-07T12:42:31,11.5102,11.5102,11.5102,11.5102,10.5789
2025-08-07T12:42:46,11.4038,11.4038,11.4038,11.4038,68.4211
2025-08-07T12:42:47,11.5102,11.5102,11.5102,11.5102,5.2632
2025-08-07T12:43:01,11.4019,11.4019,11.4019,11.4019,42.1053
2025-08-07T12:43:12,11.5102,11.5102,11.457,11.457,65.2632
2025-08-07T12:43:22,11.4019,11.4019,11.4019,11.4019,5.2632
2025-08-07T12:43:26,11.4,11.4,11.4,11.4,502.6316
2025-08-07T12:44:11,11.2058,11.2058,11.2058,11.2058,256.3158
2025-08-07T12:44:46,11.2081,11.2081,11.2081,11.2081,5.2632
2025-08-07T12:45:05,11.2081,11.2081,11.2081,11.2081,15.7895
2025-08-07T12:45:27,11.3041,11.3041,11.3041,11.3041,6.3158
2025-08-07T12:45:54,11.3031,11.3031,11.3031,11.3031,5.8421
2025-08-07T12:46:01,11.2651,11.4019,11.21,11.21,68.4211
2025-08-07T12:46:20,11.4,11.4,11.4,11.4,157.8947
2025-08-07T12:46:57,11.1739,11.1739,11.1739,11.1739,16.8421
2025-08-07T12:47:36,11.2765,11.2765,11.2765,11.2765,5.2632
2025-08-07T12:48:12,11.2765,11.2765,11.2765,11.2765,105.2632
2025-08-07T12:48:52,11.2784,11.2784,11.2784,11.2784,52.6316
2025-08-07T12:48:55,11.2765,11.2765,11.2765,11.2765,25.5263
2025-08-07T12:49:29,11.2252,11.2252,11.2252,11.2252,52.6316
2025-08-07T12:49:52,11.2252,11.2746,11.2252,11.2746,60.7368
2025-08-07T12:50:02,11.2746,11.2746,11.2746,11.2746,5.8421
2025-08-07T12:50:03,11.2765,11.2765,11.2765,11.2765,69.2632
2025-08-07T12:50:33,11.2794,11.2794,11.2794,11.2794,78.9474
2025-08-07T12:50:53,11.2765,11.2765,11.2765,11.2765,17.5263
2025-08-07T12:51:46,11.2442,11.2442,11.2442,11.2442,615.8421
2025-08-07T12:52:02,11.3772,11.3772,11.3772,11.3772,5.8947
2025-08-07T12:52:32,11.2478,11.2478,11.2478,11.2478,5.2632
2025-08-07T12:52:42,11.191,11.191,11.191,11.191,6.3158
2025-08-07T12:52:50,11.3753,11.3753,11.3753,11.3753,210.5263
2025-08-07T12:53:33,11.3772,11.4,11.3772,11.4,48.0
2025-08-07T12:54:38,11.2518,11.2518,11.2518,11.2518,52.8947
2025-08-07T12:57:03,11.324,11.324,11.324,11.324,78.9474
2025-08-07T12:57:13,11.2537,11.2537,11.2537,11.2537,10.5263
2025-08-07T12:57:48,11.2537,11.2537,11.2537,11.2537,21.0526
2025-08-07T12:58:02,11.3259,11.3259,11.3259,11.3259,10.5263
2025-08-07T12:58:15,11.2537,11.2537,11.2537,11.2537,5.2632
2025-08-07T12:58:39,11.3962,11.3962,11.3962,11.3962,13.1579
2025-08-07T12:58:44,11.3278,11.3278,11.3278,11.3278,29.5789
2025-08-07T12:58:54,11.3278,11.3278,11.3278,11.3278,22.0
2025-08-07T12:59:01,11.2556,11.2556,11.2556,11.2556,88.8421
2025-08-07T12:59:26,11.324,11.324,11.324,11.324,21.0526
2025-08-07T12:59:34,11.2518,11.2518,11.2518,11.2518,5.2632
2025-08-07T12:59:37,11.3981,11.3981,11.3411,11.3411,27.9474
2025-08-07T13:00:38,11.3696,11.3696,11.343,11.343,52.6316
2025-08-07T13:01:11,11.3962,11.3962,11.3962,11.3962,15.7895
2025-08-07T13:01:17,11.3449,11.3449,11.3449,11.3449,10.5263
2025-08-07T13:01:31,11.3658,11.3658,11.3658,11.3658,5.2632
2025-08-07T13:01:39,11.343,11.3962,11.2518,11.3962,283.1579
2025-08-07T13:02:00,11.3468,11.3468,11.3468,11.3468,20.0526
2025-08-07T13:02:03,11.3943,11.3943,11.3943,11.3943,5.2632
2025-08-07T13:02:23,11.3715,11.3715,11.3715,11.3715,17.5263
2025-08-07T13:02:24,11.3487,11.3487,11.3487,11.3487,5.3158
2025-08-07T13:02:25,11.3639,11.3639,11.3639,11.3639,131.5789
2025-08-07T13:02:36,11.3468,11.3468,11.3468,11.3468,13.1579
2025-08-07T13:02:54,11.3943,11.3943,11.3943,11.3943,8.4211
2025-08-07T13:03:00,11.3487,11.3487,11.3487,11.3487,14.5789
2025-08-07T13:03:03,11.3468,11.3468,11.3468,11.3468,5.2632
2025-08-07T13:03:22,11.3962,11.3962,11.3962,11.3962,5.2632
2025-08-07T13:03:33,11.3468,11.3962,11.2252,11.3962,394.8421
2025-08-07T13:04:05,11.2081,11.21,11.2081,11.21,111.0526
2025-08-07T13:04:09,11.3962,11.3962,11.3962,11.3962,940.6316
2025-08-07T13:04:43,11.21,11.21,11.21,11.21,19.7368
2025-08-07T13:04:48,11.3924,11.3924,11.3924,11.3924,68.4211
2025-08-07T13:05:52,11.21,11.21,11.21,11.21,16.2105
2025-08-07T13:05:55,11.2138,11.2138,11.2138,11.2138,19.6842
2025-08-07T13:06:29,11.21,11.21,11.21,11.21,5.6316
2025-08-07T13:07:04,11.2841,11.2841,11.2841,11.2841,5.2632
2025-08-07T13:07:05,11.21,11.21,11.21,11.21,33.7895
2025-08-07T13:07:25,11.2841,11.2841,11.2841,11.2841,25.2105
2025-08-07T13:07:36,11.2081,11.2081,11.2081,11.2081,10.5263
2025-08-07T13:07:53,11.2841,11.2841,11.2841,11.2841,136.1053
2025-08-07T13:09:23,11.2841,11.2841,11.2841,11.2841,315.7895
2025-08-07T13:09:28,11.2081,11.2081,11.2081,11.2081,61.6316
2025-08-07T13:10:12,11.21,11.21,11.21,11.21,10.5263
2025-08-07T13:10:53,11.21,11.21,11.21,11.21,5.2632
2025-08-07T13:11:04,11.21,11.21,11.21,11.21,236.7368
2025-08-07T13:11:12,11.21,11.21,11.21,11.21,16.0
2025-08-07T13:11:55,11.2119,11.2119,11.21,11.21,92.6842
2025-08-07T13:12:02,11.2461,11.2461,11.2461,11.2461,13.1579
2025-08-07T13:12:16,11.2841,11.2841,11.2841,11.2841,8.1053
2025-08-07T13:12:34,11.2461,11.2461,11.2461,11.2461,8.4211
2025-08-07T13:14:14,11.2461,11.2461,11.2461,11.2461,29.7895
2025-08-07T13:15:23,11.2461,11.2461,11.2461,11.2461,52.5789
2025-08-07T13:16:10,11.248,11.248,11.248,11.248,68.0
2025-08-07T13:16:13,11.2461,11.2461,11.2461,11.2461,15.7895
2025-08-07T13:16:47,11.2841,11.2841,11.2651,11.2651,75.7368
2025-08-07T13:16:56,11.2841,11.2841,11.2841,11.2841,142.6842
2025-08-07T13:17:10,11.248,11.248,11.248,11.248,35.0526
2025-08-07T13:17:27,11.2461,11.2461,11.2461,11.2461,98.6316
2025-08-07T13:17:56,11.2727,11.2727,11.2727,11.2727,5.2632
2025-08-07T13:18:11,11.2461,11.2461,11.2461,11.2461,43.6842
2025-08-07T13:18:24,11.2651,11.2651,11.2651,11.2651,65.7895
2025-08-07T13:19:44,11.2461,11.2461,11.2461,11.2461,11.2632
2025-08-07T13:20:44,11.2632,11.2632,11.2632,11.2632,17.4211
2025-08-07T13:21:09,11.2613,11.2613,11.2613,11.2613,18.4211
2025-08-07T13:22:06,11.2632,11.2632,11.2632,11.2632,26.3158
2025-08-07T13:22:19,11.2461,11.2461,11.2461,11.2461,31.5789
2025-08-07T13:22:20,11.2461,11.2461,11.2461,11.2461,15.7895
2025-08-07T13:22:46,11.2461,11.2461,11.2461,11.2461,459.0526
2025-08-07T13:23:04,11.2081,11.2081,11.2081,11.2081,46.2632
2025-08-07T13:23:28,11.2442,11.2442,11.2442,11.2442,52.6316
2025-08-07T13:23:47,11.2081,11.2081,11.115,11.115,400.1579
2025-08-07T13:24:10,11.115,11.115,11.115,11.115,12.7895
2025-08-07T13:24:53,11.191,11.191,11.191,11.191,78.9474
2025-08-07T13:25:03,11.115,11.115,11.115,11.115,110.5263
2025-08-07T13:25:49,11.0713,11.0713,11.0713,11.0713,9.5789
2025-08-07T13:29:03,11.0409,11.0409,11.0409,11.0409,7.8947
2025-08-07T13:29:30,11.1112,11.1112,11.1112,11.1112,13.1579
2025-08-07T13:29:50,11.076,11.076,11.076,11.076,45.0
2025-08-07T13:29:56,11.0751,11.0751,11.0751,11.0751,29.5263
2025-08-07T13:30:03,11.0732,11.0732,11.0732,11.0732,7.6842
2025-08-07T13:30:06,11.0493,11.0732,11.0493,11.0732,31.7895
2025-08-07T13:30:17,11.0409,11.0409,11.0409,11.0409,13.5263
2025-08-07T13:30:28,11.039,11.039,11.02,11.02,30.5263
2025-08-07T13:30:29,11.0409,11.0409,11.0409,11.0409,8.1053
2025-08-07T13:31:21,11.039,11.039,11.039,11.039,105.2632
2025-08-07T13:31:29,11.02,11.02,11.02,11.02,39.0
2025-08-07T13:31:40,11.039,11.039,11.039,11.039,14.0
2025-08-07T13:31:48,11.02,11.02,11.02,11.02,86.3158
2025-08-07T13:32:09,11.0219,11.0295,11.0219,11.0295,12.4211
2025-08-07T13:32:10,11.0219,11.0219,11.02,11.02,172.9474
2025-08-07T13:32:15,11.02,11.02,11.02,11.02,19.4737
2025-08-07T13:32:30,11.0219,11.0219,11.0219,11.0219,263.1579
2025-08-07T13:32:32,11.0219,11.0219,11.0219,11.0219,8.1579
2025-08-07T13:32:38,11.2081,11.2081,11.2081,11.2081,105.2632
2025-08-07T13:33:27,11.2081,11.2081,11.2081,11.2081,10.5263
2025-08-07T13:35:03,11.1112,11.1112,11.1112,11.1112,605.2632
2025-08-07T13:35:52,11.1112,11.1112,11.1112,11.1112,10.5263
2025-08-07T13:36:32,11.1131,11.1131,11.1131,11.1131,5.2632
2025-08-07T13:36:36,11.1112,11.1112,11.1112,11.1112,5.2632
2025-08-07T13:37:06,11.1112,11.1112,11.1112,11.1112,48.4211
2025-08-07T13:37:20,11.1112,11.1112,11.1112,11.1112,5.2632
2025-08-07T13:38:43,11.1131,11.1131,11.1131,11.1131,5.2632
2025-08-07T13:38:46,11.1606,11.1606,11.1606,11.1606,12.6316
2025-08-07T13:39:06,11.1131,11.1131,11.1131,11.1131,15.7895
2025-08-07T13:40:05,11.1131,11.1131,11.1131,11.1131,5.2632
2025-08-07T13:40:11,11.1131,11.1131,11.0219,11.0219,550.0
2025-08-07T13:41:14,11.1663,11.1663,11.1663,11.1663,26.3158
2025-08-07T13:41:40,11.0219,11.0219,11.0219,11.0219,45.5789
2025-08-07T13:42:35,11.0903,11.0903,11.0903,11.0903,13.1579
2025-08-07T13:42:41,11.0219,11.0219,11.0219,11.0219,14.1053
2025-08-07T13:42:57,11.1663,11.1663,11.1663,11.1663,5.2632
2025-08-07T13:43:19,11.1644,11.1644,11.1644,11.1644,52.6316
2025-08-07T13:43:22,11.0219,11.0219,11.0219,11.0219,33.6316
2025-08-07T13:43:54,11.0219,11.0219,11.0219,11.0219,7.6842
2025-08-07T13:43:55,11.0219,11.0219,11.02,11.02,540.2632
2025-08-07T13:44:06,10.944,11.1625,10.944,11.1625,86.8421
2025-08-07T13:44:50,11.02,11.02,11.0095,11.0095,17.1053
2025-08-07T13:45:03,10.9402,10.9402,10.83,10.83,275.7368
2025-08-07T13:45:24,10.8319,10.8319,10.8319,10.8319,55.7368
2025-08-07T13:45:48,10.8319,10.8319,10.8319,10.8319,5.8947
2025-08-07T13:45:51,11.1625,11.1625,11.1625,11.1625,36.8947
2025-08-07T13:45:57,10.8319,10.8319,10.8319,10.8319,78.9474
2025-08-07T13:45:58,10.83,10.83,10.83,10.83,47.4211
2025-08-07T13:46:05,10.9288,10.9288,10.83,10.83,723.2105
2025-08-07T13:47:08,10.8319,10.8319,10.8319,10.8319,13.1579
2025-08-07T13:47:14,11.1625,11.1625,11.1625,11.1625,13.1579
2025-08-07T13:47:48,11.1568,11.1568,11.1568,11.1568,26.5789
2025-08-07T13:48:04,10.83,10.83,10.83,10.83,210.5263
2025-08-07T13:48:11,10.83,10.83,10.83,10.83,11.5789
2025-08-07T13:48:48,10.849,10.849,10.849,10.849,18.6842
2025-08-07T13:49:41,10.8528,10.8528,10.8528,10.8528,105.2632
2025-08-07T13:50:55,11.1568,11.1568,11.1568,11.1568,44.9474
2025-08-07T13:52:02,11.0912,11.0912,11.0912,11.0912,5.2632
2025-08-07T13:52:11,11.1435,11.1435,11.1435,11.1435,5.2632
2025-08-07T13:52:12,11.1454,11.1454,11.1454,11.1454,135.1579
2025-08-07T13:52:35,10.887,10.887,10.887,10.887,28.4211
2025-08-07T13:52:38,10.8889,10.8889,10.8889,10.8889,5.2632
2025-08-07T13:54:24,10.9689,10.9689,10.9689,10.9689,19.4211
2025-08-07T13:55:00,10.8889,10.8889,10.8889,10.8889,58.3684
2025-08-07T13:55:41,10.8889,10.9915,10.8889,10.9915,51.7895
2025-08-07T13:56:15,10.8889,10.8889,10.8889,10.8889,52.6316
2025-08-07T13:56:23,10.8889,10.8889,10.8889,10.8889,44.9474
2025-08-07T13:57:04,10.8908,10.8908,10.8908,10.8908,11.7895
2025-08-07T13:57:17,10.8908,10.8908,10.8908,10.8908,13.1579
2025-08-07T13:57:29,10.8927,10.8927,10.8927,10.8927,5.8947
2025-08-07T13:57:36,10.8927,10.8927,10.8927,10.8927,26.3158
2025-08-07T13:58:32,10.9934,11.0238,10.9934,11.0238,92.2632
2025-08-07T13:58:36,10.9516,10.9516,10.9516,10.9516,5.2632
2025-08-07T13:59:15,10.9516,10.9516,10.9516,10.9516,8.9474
2025-08-07T13:59:38,11.0257,11.0257,11.0257,11.0257,7.1579
2025-08-07T13:59:40,11.0257,11.0257,11.0257,11.0257,25.2632
2025-08-07T13:59:41,11.0238,11.0238,11.0238,11.0238,163.1579
2025-08-07T13:59:54,11.0238,11.0238,11.0238,11.0238,73.6842
2025-08-07T13:59:55,11.0238,11.0238,11.0238,11.0238,56.5789
2025-08-07T14:00:35,11.1378,11.1378,11.1378,11.1378,24.7895
2025-08-07T14:01:17,11.0238,11.039,10.925,11.039,111.7895
2025-08-07T14:01:37,10.906,10.906,10.83,10.83,105.2632
2025-08-07T14:02:34,10.8338,10.8338,10.8338,10.8338,157.8947
2025-08-07T14:02:42,10.8319,10.8319,10.8319,10.8319,10.5263
2025-08-07T14:03:07,10.8319,10.8319,10.8319,10.8319,15.5263
2025-08-07T14:03:19,10.8319,10.8319,10.8319,10.8319,6.1579
2025-08-07T14:03:20,10.8737,10.8737,10.8737,10.8737,26.3158
2025-08-07T14:03:21,10.8737,10.8737,10.8737,10.8737,5.2632
2025-08-07T14:03:45,11.0029,11.0029,11.0029,11.0029,263.1579
2025-08-07T14:04:45,10.968,10.968,10.968,10.968,10.1579
2025-08-07T14:05:02,10.9193,10.9193,10.9193,10.9193,263.1579
2025-08-07T14:05:14,10.9193,10.9193,10.9193,10.9193,16.3684
2025-08-07T14:05:25,10.8338,10.8338,10.8338,10.8338,5.2632
2025-08-07T14:06:25,10.8338,10.8338,10.8338,10.8338,526.3158
2025-08-07T14:06:39,10.8338,10.8357,10.83,10.8357,315.7895
2025-08-07T14:06:46,10.9877,10.9877,10.9877,10.9877,31.0526
2025-08-07T14:07:38,10.83,10.83,10.83,10.83,31.1053
2025-08-07T14:09:15,10.8338,10.8338,10.8338,10.8338,26.3158
2025-08-07T14:09:37,10.8338,10.8338,10.8338,10.8338,115.7895
2025-08-07T14:09:56,10.9687,10.9687,10.9687,10.9687,52.6316
2025-08-07T14:10:45,10.8319,10.8319,10.83,10.8319,316.9474
2025-08-07T14:10:46,10.8376,10.8376,10.8376,10.8376,161.9474
2025-08-07T14:11:27,10.9022,10.9022,10.9022,10.9022,131.5789
2025-08-07T14:12:10,10.8984,10.8984,10.8984,10.8984,5.2632
2025-08-07T14:12:29,10.868,10.868,10.868,10.868,13.8421
2025-08-07T14:12:43,10.8395,10.8395,10.8395,10.8395,10.0
2025-08-07T14:12:51,10.9022,10.9022,10.9022,10.9022,19.8947
2025-08-07T14:12:52,10.8699,10.8699,10.8699,10.8699,5.2632
2025-08-07T14:13:14,10.8699,10.8699,10.8699,10.8699,268.5789
2025-08-07T14:13:47,10.8699,10.8699,10.8699,10.8699,13.1579
2025-08-07T14:14:08,10.8433,10.8433,10.8433,10.8433,102.5263
2025-08-07T14:14:15,10.83,10.83,10.83,10.83,105.2105
2025-08-07T14:16:02,10.8452,10.8452,10.8452,10.8452,13.7895
2025-08-07T14:17:12,10.8433,10.8433,10.8433,10.8433,10.5263
2025-08-07T14:18:58,10.8433,10.8699,10.8433,10.8699,36.5263
2025-08-07T14:19:07,10.8433,10.8433,10.792,10.792,418.8421
2025-08-07T14:19:26,10.754,10.754,10.754,10.754,52.6316
2025-08-07T14:19:27,10.83,10.83,10.83,10.83,26.3158
2025-08-07T14:20:13,10.754,10.754,10.754,10.754,316.8947
2025-08-07T14:20:14,10.7559,10.7559,10.7559,10.7559,10.6842
2025-08-07T14:20:30,10.7559,10.8281,10.7559,10.8281,112.5263
2025-08-07T14:20:39,10.7863,10.7863,10.7863,10.7863,36.8421
2025-08-07T14:20:49,10.754,10.754,10.64,10.64,1095.8947
2025-08-07T14:20:50,10.6837,10.8281,10.6647,10.8281,311.6842
2025-08-07T14:21:19,10.6457,10.6457,10.6438,10.6438,78.9474
2025-08-07T14:22:03,10.6457,10.6457,10.6457,10.6457,26.3158
2025-08-07T14:22:31,10.6438,10.7369,10.6438,10.7369,75.5263
2025-08-07T14:22:32,10.64,10.64,10.64,10.64,448.0
2025-08-07T14:22:38,10.64,10.64,10.64,10.64,345.3158
2025-08-07T14:22:57,10.8281,10.8281,10.8281,10.8281,7.4211
2025-08-07T14:23:00,10.64,10.64,10.64,10.64,105.2632
2025-08-07T14:23:02,10.64,10.64,10.64,10.64,52.6316
2025-08-07T14:23:40,10.8129,10.8129,10.8129,10.8129,5.2632
2025-08-07T14:25:08,10.6906,10.6906,10.6906,10.6906,21.0526
2025-08-07T14:25:15,10.7236,10.7236,10.7236,10.7236,100.0
2025-08-07T14:25:32,10.7236,10.7236,10.7236,10.7236,46.4211
2025-08-07T14:25:51,10.7312,10.7312,10.7312,10.7312,394.7368
2025-08-07T14:25:57,10.6571,10.6571,10.6552,10.6552,42.1053
2025-08-07T14:26:05,10.7312,10.7312,10.7312,10.7312,23.4737
2025-08-07T14:26:21,10.6571,10.6571,10.6571,10.6571,5.2632
2025-08-07T14:26:22,10.7312,10.7312,10.7312,10.7312,31.0
2025-08-07T14:26:51,10.659,10.659,10.659,10.659,158.9474
2025-08-07T14:27:11,10.659,10.659,10.659,10.659,5.2632
2025-08-07T14:28:03,10.6571,10.6571,10.6571,10.6571,6.0526
2025-08-07T14:28:09,10.659,10.659,10.659,10.659,26.3158
2025-08-07T14:28:12,10.659,10.659,10.6571,10.6571,41.0526
2025-08-07T14:28:15,10.64,10.64,10.64,10.64,210.5263
2025-08-07T14:28:16,10.64,10.64,10.64,10.64,54.0526
2025-08-07T14:28:21,10.6248,10.7084,10.6248,10.6248,374.1579
2025-08-07T14:28:52,10.6438,10.6438,10.6438,10.6438,11.2632
2025-08-07T14:29:08,10.6419,10.7901,10.469,10.469,1270.2105
2025-08-07T14:29:09,10.5469,10.6115,10.4994,10.4994,63.0
2025-08-07T14:29:32,10.6381,10.6381,10.5469,10.5469,89.4737
2025-08-07T14:30:01,10.5944,10.5944,10.5431,10.5431,315.7895
2025-08-07T14:30:04,10.5431,10.5431,10.5431,10.5431,60.3684
2025-08-07T14:30:10,10.6875,10.6875,10.6875,10.6875,5.2632
2025-08-07T14:30:15,10.6381,10.64,10.6381,10.64,380.5263
2025-08-07T14:30:23,10.64,10.83,10.64,10.83,52.6316
2025-08-07T14:30:43,10.64,10.64,10.64,10.64,5.2632
2025-08-07T14:30:58,10.64,10.64,10.64,10.64,26.3158
2025-08-07T14:31:18,10.8281,10.8281,10.8281,10.8281,5.2632
2025-08-07T14:31:24,10.64,10.64,10.64,10.64,5.3158
2025-08-07T14:31:37,10.64,10.83,10.64,10.83,190.0526
2025-08-07T14:31:52,10.4709,10.4975,10.4709,10.4975,139.4737
2025-08-07T14:32:27,10.7445,10.7445,10.7445,10.7445,10.5263
2025-08-07T14:32:30,10.4728,10.4728,10.4728,10.4728,105.2632
2025-08-07T14:32:39,10.6514,10.6514,10.6514,10.6514,112.5263
2025-08-07T14:33:08,10.4785,10.4785,10.4785,10.4785,52.6316
2025-08-07T14:33:26,10.4785,10.4785,10.4785,10.4785,631.5789
2025-08-07T14:34:01,10.5298,10.5298,10.5298,10.5298,36.8421
2025-08-07T14:34:03,10.925,10.925,10.925,10.925,52.6316
2025-08-07T14:34:37,10.64,10.64,10.469,10.6058,428.3158
2025-08-07T14:35:14,10.5336,10.5336,10.5336,10.5336,6.0526
2025-08-07T14:35:39,10.5317,10.5317,10.5317,10.5317,315.7895
2025-08-07T14:35:42,10.6856,10.6856,10.6856,10.6856,52.6316
2025-08-07T14:35:46,10.6134,10.64,10.6134,10.64,66.8421
2025-08-07T14:35:48,10.6134,10.6134,10.6134,10.6134,6.2632
2025-08-07T14:35:53,10.5355,10.5355,10.5355,10.5355,26.3158
2025-08-07T14:36:09,10.5355,10.5868,10.488,10.5317,89.4737
2025-08-07T14:37:43,10.5412,10.5412,10.5412,10.5412,55.5789
2025-08-07T14:38:27,10.5393,10.5393,10.5393,10.5393,62.3684
2025-08-07T14:39:01,10.6723,10.6723,10.6723,10.6723,21.0526
2025-08-07T14:39:06,10.5412,10.5786,10.5412,10.5786,263.1579
2025-08-07T14:39:43,10.64,10.64,10.64,10.64,26.3158
2025-08-07T14:40:04,10.8034,10.8034,10.8034,10.8034,5.2632
2025-08-07T14:40:20,10.8015,10.8015,10.8015,10.8015,5.2632
2025-08-07T14:40:28,10.7217,10.7217,10.7217,10.7217,5.7368
2025-08-07T14:40:48,10.8015,10.8015,10.8015,10.8015,100.0
2025-08-07T14:40:49,10.8034,10.8034,10.8015,10.8015,51.8947
2025-08-07T14:41:18,10.8015,10.8015,10.8015,10.8015,44.7368
2025-08-07T14:41:56,10.735,10.735,10.64,10.64,263.1579
2025-08-07T14:43:12,10.64,10.64,10.64,10.64,5.2632
2025-08-07T14:43:21,10.7977,10.7977,10.7977,10.7977,105.2632
2025-08-07T14:43:43,10.6438,10.6438,10.526,10.5583,397.1053
2025-08-07T14:43:58,10.4899,10.4899,10.4899,10.4899,112.8947
2025-08-07T14:43:59,10.4918,10.4918,10.4918,10.4918,5.2632
2025-08-07T14:44:01,10.583,10.583,10.583,10.583,14.4737
2025-08-07T14:44:03,10.7958,10.7958,10.7958,10.7958,26.3158
2025-08-07T14:46:08,10.7065,10.7065,10.7065,10.7065,42.1053
2025-08-07T14:46:10,10.7882,10.7882,10.7882,10.7882,42.1053
2025-08-07T14:46:12,10.7901,10.7901,10.7901,10.7901,42.1053
2025-08-07T14:46:13,10.64,10.64,10.64,10.64,42.1053
2025-08-07T14:46:47,10.4899,10.4899,10.488,10.488,147.4737
2025-08-07T14:47:20,10.488,10.6267,10.45,10.45,790.7895
2025-08-07T14:47:31,10.773,10.773,10.64,10.773,44.7368
2025-08-07T14:47:39,10.45,10.45,10.45,10.45,328.9474
2025-08-07T14:47:53,10.45,10.45,10.45,10.45,10.5263
2025-08-07T14:48:15,10.45,10.45,10.45,10.45,118.0
2025-08-07T14:48:28,10.4519,10.4519,10.4519,10.4519,27.1053
2025-08-07T14:48:29,10.621,10.621,10.621,10.621,10.5263
2025-08-07T14:48:35,10.564,10.564,10.564,10.564,33.6842
2025-08-07T14:48:41,10.5355,10.5355,10.5355,10.5355,168.4211
2025-08-07T14:48:45,10.5355,10.5355,10.5355,10.5355,79.7368
2025-08-07T14:48:55,10.5355,10.5355,10.5355,10.5355,10.8421
2025-08-07T14:49:20,10.7363,10.7363,10.7363,10.7363,15.7895
2025-08-07T14:49:21,10.564,10.564,10.564,10.564,52.6316
2025-08-07T14:49:32,10.735,10.735,10.45,10.6286,256.6842
2025-08-07T14:49:33,10.5704,10.5704,10.4836,10.4836,263.1579
2025-08-07T14:49:37,10.735,10.735,10.735,10.735,26.3158
2025-08-07T14:49:48,10.4519,10.4519,10.45,10.45,263.1579
2025-08-07T14:49:50,10.5064,10.5064,10.5026,10.5026,263.1579
2025-08-07T14:49:53,10.45,10.45,10.45,10.45,105.2632
2025-08-07T14:49:59,10.45,10.45,10.45,10.45,52.6316
2025-08-07T14:50:02,10.5355,10.5355,10.45,10.45,10.5263
2025-08-07T14:50:03,10.45,10.45,10.45,10.45,5.2632
2025-08-07T14:50:05,10.5051,10.5051,10.5051,10.5051,54.5789
2025-08-07T14:50:20,10.5355,10.6343,10.5355,10.6343,17.3684
2025-08-07T14:50:26,10.64,10.64,10.64,10.64,84.2105
2025-08-07T14:50:42,10.64,10.64,10.64,10.64,5.2632
2025-08-07T14:50:44,10.5355,10.64,10.5355,10.64,10.5263
2025-08-07T14:50:45,10.6381,10.64,10.564,10.564,21.0526
2025-08-07T14:50:57,10.6381,10.6381,10.6381,10.6381,10.5263
2025-08-07T14:51:05,10.6381,10.6381,10.6381,10.6381,15.7895
2025-08-07T14:51:15,10.6362,10.6362,10.6362,10.6362,15.7895
2025-08-07T14:51:16,10.6362,10.6362,10.6362,10.6362,47.3684
2025-08-07T14:51:18,10.6362,10.6362,10.6362,10.6362,15.7895
2025-08-07T14:51:35,10.6343,10.6343,10.6343,10.6343,52.6316
2025-08-07T14:51:53,10.5431,10.5431,10.5431,10.5431,21.0526
2025-08-07T14:52:14,10.6343,10.6343,10.6343,10.6343,5.2632
2025-08-07T14:53:06,10.45,10.45,10.45,10.45,36.8421
2025-08-07T14:53:39,10.5431,10.5431,10.5431,10.5431,20.2105
2025-08-07T14:53:50,10.5431,10.5431,10.4519,10.4519,10.5263
2025-08-07T14:53:56,10.45,10.45,10.45,10.45,263.1579
2025-08-07T14:54:46,10.4519,10.4519,10.4519,10.4519,10.7895
2025-08-07T14:54:54,10.545,10.545,10.545,10.545,15.7895
2025-08-07T14:54:58,10.4519,10.526,10.4519,10.4519,52.6316
2025-08-07T14:55:08,10.45,10.526,10.2144,10.4557,952.6316
2025-08-07T14:55:09,10.26,10.26,10.26,10.26,8.9474
2025-08-07T14:55:26,10.4462,10.4462,10.4462,10.4462,21.0526
2025-08-07T14:55:47,10.26,10.26,10.26,10.26,58.1579
2025-08-07T14:56:24,10.4671,10.4671,10.4671,10.4671,15.7895
2025-08-07T14:56:25,10.26,10.26,10.26,10.26,52.6316
2025-08-07T14:57:23,10.3724,10.3724,10.3724,10.3724,13.1579
2025-08-07T14:57:30,10.26,10.26,10.26,10.26,52.6316
2025-08-07T14:57:55,10.26,10.26,10.26,10.26,8.9474
2025-08-07T14:58:07,10.2619,10.2619,10.2619,10.2619,19.3684
2025-08-07T14:58:26,10.2999,10.2999,10.298,10.298,94.4211
2025-08-07T14:58:50,10.6343,10.6343,10.6343,10.6343,52.6316
2025-08-07T14:58:53,10.4471,10.4471,10.4471,10.4471,5.7895
2025-08-07T14:59:11,10.4443,10.4481,10.4443,10.4481,24.8421
2025-08-07T14:59:12,10.4481,10.4481,10.4481,10.4481,11.2632
2025-08-07T14:59:33,10.2619,10.2619,10.2619,10.2619,52.6842
2025-08-07T14:59:54,10.26,10.26,10.26,10.26,53.1579
2025-08-07T15:01:14,10.4462,10.4462,10.4462,10.4462,7.3684
2025-08-07T15:01:56,10.6341,10.6341,10.6341,10.6341,526.3158
2025-08-07T15:02:05,10.45,10.45,10.45,10.45,78.9474
2025-08-07T15:02:15,10.431,10.64,10.431,10.64,136.2105
2025-08-07T15:02:16,10.6381,10.6381,10.6381,10.6381,5.2632
2025-08-07T15:02:18,10.6381,10.6381,10.6381,10.6381,10.5263
2025-08-07T15:02:19,10.6381,10.6381,10.6381,10.6381,5.2632
2025-08-07T15:02:20,10.64,10.64,10.6381,10.6381,3694.1053
2025-08-07T15:02:44,10.469,10.469,10.45,10.45,526.3158
2025-08-07T15:03:19,10.5355,10.7255,10.5355,10.7253,721.8421
2025-08-07T15:03:20,10.7255,10.7255,10.7255,10.7255,5.2632
2025-08-07T15:03:31,10.5868,10.5868,10.5868,10.5868,52.6316
2025-08-07T15:03:52,10.4538,10.4538,10.4538,10.4538,1378.9474
2025-08-07T15:04:06,10.64,10.64,10.64,10.64,102.0
2025-08-07T15:04:20,10.7236,10.7236,10.7236,10.7236,5.2632
2025-08-07T15:04:25,10.7236,10.7236,10.7236,10.7236,105.2632
2025-08-07T15:04:50,10.7236,10.7236,10.7236,10.7236,5.2632
2025-08-07T15:05:01,10.7236,10.7236,10.7236,10.7236,6.3158
2025-08-07T15:06:11,10.6866,10.7128,10.6866,10.7128,12.3684
2025-08-07T15:06:36,10.7331,10.7331,10.7331,10.7331,9.5263
2025-08-07T15:07:49,10.6419,10.6419,10.6419,10.6419,5.2632
2025-08-07T15:07:50,10.6875,10.6875,10.6875,10.6875,68.7368
2025-08-07T15:07:53,10.6419,10.6419,10.6419,10.6419,52.6316
2025-08-07T15:08:02,10.6419,10.6419,10.6419,10.6419,20.7895
2025-08-07T15:08:19,10.469,10.469,10.469,10.469,5.2632
2025-08-07T15:08:39,10.64,10.64,10.64,10.64,52.6316
2025-08-07T15:08:41,10.469,10.469,10.4519,10.4519,526.4737
2025-08-07T15:08:47,10.4538,10.4538,10.4538,10.4538,105.2632
2025-08-07T15:09:27,10.4538,10.4538,10.4538,10.4538,81.6842
2025-08-07T15:09:49,10.4538,10.4538,10.4538,10.4538,55.7895
2025-08-07T15:10:01,10.4521,10.4521,10.4521,10.4521,210.5263
2025-08-07T15:10:18,10.7331,10.7331,10.7331,10.7331,106.3158
2025-08-07T15:10:32,10.545,10.545,10.545,10.545,5.3158
2025-08-07T15:10:46,10.469,10.469,10.469,10.469,5.2632
2025-08-07T15:11:39,10.7331,10.7331,10.7331,10.7331,26.3158
2025-08-07T15:11:55,10.602,10.6324,10.602,10.6324,26.3158
2025-08-07T15:11:56,10.602,10.602,10.602,10.602,52.6316
2025-08-07T15:12:34,10.602,10.602,10.602,10.602,15.2632
2025-08-07T15:12:35,10.469,10.469,10.469,10.469,9.4737
2025-08-07T15:13:31,10.735,10.735,10.735,10.735,736.8421
2025-08-07T15:13:59,10.469,10.469,10.469,10.469,69.5263
2025-08-07T15:14:05,10.6001,10.6001,10.6001,10.6001,55.2105
2025-08-07T15:15:28,10.526,10.526,10.526,10.526,263.1579
2025-08-07T15:15:41,10.545,10.545,10.545,10.545,263.1579
2025-08-07T15:16:12,10.469,10.469,10.469,10.469,137.7368
2025-08-07T15:16:59,10.5982,10.5982,10.5982,10.5982,47.3684
2025-08-07T15:18:04,10.5564,10.5564,10.5564,10.5564,10.5263
2025-08-07T15:18:19,10.5165,10.5184,10.45,10.45,542.2105
2025-08-07T15:18:31,10.4691,10.4691,10.4691,10.4691,18.4211
2025-08-07T15:18:40,10.545,10.545,10.545,10.545,191.6316
2025-08-07T15:18:46,10.5431,10.5431,10.5431,10.5431,5.2632
2025-08-07T15:18:54,10.45,10.4975,10.45,10.4975,52.6316
2025-08-07T15:19:26,10.5431,10.5431,10.5429,10.5429,294.5263
2025-08-07T15:20:18,10.4975,10.4975,10.45,10.45,55.2105
2025-08-07T15:20:28,10.4975,10.4975,10.45,10.45,110.5263
2025-08-07T15:20:33,10.5431,10.5431,10.5431,10.5431,8.1053
2025-08-07T15:20:52,10.5238,10.5238,10.5238,10.5238,30.2105
2025-08-07T15:21:07,10.5412,10.5412,10.5412,10.5412,10.5263
2025-08-07T15:21:11,10.5412,10.5412,10.5412,10.5412,15.7895
2025-08-07T15:21:32,10.5241,10.5241,10.5241,10.5241,72.6316
2025-08-07T15:22:51,10.4668,10.4668,10.4668,10.4668,21.0526
2025-08-07T15:22:57,10.507,10.507,10.507,10.507,18.4211
2025-08-07T15:23:00,10.45,10.45,10.45,10.45,42.1053
2025-08-07T15:23:12,10.4766,10.4766,10.4633,10.4633,15.7368
2025-08-07T15:23:13,10.4785,10.4785,10.4785,10.4785,8.1579
2025-08-07T15:23:17,10.4633,10.4633,10.4633,10.4633,12.9474
2025-08-07T15:24:16,10.45,10.45,10.45,10.45,52.6842
2025-08-07T15:24:23,10.45,10.45,10.45,10.45,5.2632
2025-08-07T15:24:42,10.4538,10.4538,10.4538,10.4538,52.6316
2025-08-07T15:25:08,10.4519,10.4519,10.4519,10.4519,15.7895
2025-08-07T15:25:22,10.45,10.45,10.45,10.45,19.1053
2025-08-07T15:25:47,10.45,10.45,10.45,10.45,10.5263
2025-08-07T15:26:32,10.4638,10.4785,10.4519,10.4638,2631.5789
2025-08-07T15:26:33,10.4633,10.4633,10.4633,10.4633,5.2632
2025-08-07T15:26:35,10.4633,10.4633,10.4633,10.4633,5.2632
2025-08-07T15:26:36,10.4633,10.4633,10.4633,10.4633,5.2632
2025-08-07T15:26:37,10.4633,10.4633,10.4633,10.4633,2631.5789
2025-08-07T15:26:41,10.4633,10.4633,10.4519,10.4519,2673.6842
2025-08-07T15:26:42,10.4766,10.4766,10.4633,10.4633,91.5789
2025-08-07T15:26:45,10.4633,10.4633,10.4576,10.4576,2673.6842
2025-08-07T15:26:46,10.4538,10.4538,10.4519,10.4519,33.2105
2025-08-07T15:26:49,10.4538,10.507,10.4538,10.4842,1197.0526
2025-08-07T15:26:50,10.5982,10.602,10.5982,10.602,36.3684
2025-08-07T15:27:07,10.5298,10.5298,10.5298,10.5298,36.8421
2025-08-07T15:27:33,10.5298,10.5298,10.5298,10.5298,20.2105
2025-08-07T15:27:49,10.5298,10.5298,10.5184,10.5184,139.4737
2025-08-07T15:27:50,10.507,10.507,10.507,10.507,78.0
2025-08-07T15:27:52,10.5127,10.5184,10.5127,10.5184,15.7895
2025-08-07T15:27:53,10.5184,10.5184,10.5184,10.5184,10.5263
2025-08-07T15:28:00,10.507,10.5716,10.507,10.5716,1530.7368
2025-08-07T15:28:42,10.5184,10.5184,10.5184,10.5184,5.2632
2025-08-07T15:29:08,10.5127,10.5127,10.5127,10.5127,15.7895
2025-08-07T15:29:24,10.5089,10.5089,10.5089,10.5089,15.7895
2025-08-07T15:29:29,10.507,10.507,10.507,10.507,34.2105
2025-08-07T15:29:38,10.5089,10.5089,10.5089,10.5089,5.4211
2025-08-07T15:30:22,10.507,10.507,10.507,10.507,21.5789
2025-08-07T15:30:25,10.507,10.507,10.507,10.507,5.2632
2025-08-07T15:30:56,10.5089,10.5089,10.5089,10.5089,5.2632
2025-08-07T15:31:13,10.507,10.507,10.507,10.507,24.8421
2025-08-07T15:31:57,10.5089,10.5089,10.5089,10.5089,52.6316
2025-08-07T15:32:24,10.507,10.507,10.507,10.507,15.4211
2025-08-07T15:32:32,10.5089,10.5298,10.5089,10.5298,166.3684
2025-08-07T15:33:38,10.5507,10.64,10.5488,10.64,104.7368
2025-08-07T15:33:39,10.7747,10.7747,10.7747,10.7747,5.2632
2025-08-07T15:34:11,10.6419,10.6419,10.6419,10.6419,381.5789
2025-08-07T15:34:24,10.7341,10.7341,10.7341,10.7341,52.6316
2025-08-07T15:34:36,10.8281,10.8281,10.8281,10.8281,50.6316
2025-08-07T15:34:50,10.735,10.735,10.735,10.735,105.2632
2025-08-07T15:34:51,10.8243,10.8243,10.8243,10.8243,10.5263
2025-08-07T15:35:00,10.64,10.64,10.64,10.64,105.2632
2025-08-07T15:35:13,10.8262,10.8262,10.8262,10.8262,18.3158
2025-08-07T15:35:21,10.773,10.773,10.773,10.773,31.5789
2025-08-07T15:35:37,10.7958,10.8262,10.7958,10.8262,526.3158
2025-08-07T15:35:43,10.8224,10.8224,10.8224,10.8224,7.4737
2025-08-07T15:37:18,10.7958,10.7958,10.7958,10.7958,9.2105
2025-08-07T15:37:50,10.8186,10.8186,10.8186,10.8186,21.0526
2025-08-07T15:37:55,10.8205,10.8205,10.8205,10.8205,59.1053
2025-08-07T15:39:39,10.8057,10.8057,10.8057,10.8057,105.2632
2025-08-07T15:39:56,10.8186,10.83,10.8186,10.83,129.4211
2025-08-07T15:40:17,10.8461,10.8461,10.8461,10.8461,16.9474
2025-08-07T15:41:01,10.8452,10.8452,10.8452,10.8452,6.7368
2025-08-07T15:41:30,10.8224,10.8224,10.8224,10.8224,5.2632
2025-08-07T15:42:31,10.8471,10.8471,10.8471,10.8471,52.6316
2025-08-07T15:43:46,10.8471,10.8471,10.8471,10.8471,1052.6316
2025-08-07T15:43:50,10.8471,10.8471,10.8471,10.8471,1052.6316
2025-08-07T15:43:54,10.8471,10.9725,10.8471,10.9535,1028.7895
2025-08-07T15:44:06,11.0067,11.02,11.0067,11.02,365.1053
2025-08-07T15:44:19,11.0732,11.0732,11.0732,11.0732,52.6316
2025-08-07T15:44:27,11.1416,11.1416,11.1416,11.1416,26.3158
2025-08-07T15:44:28,11.1416,11.1416,11.1416,11.1416,36.8421
2025-08-07T15:44:29,11.1416,11.1416,11.0732,11.1416,484.7895
2025-08-07T15:44:30,11.1416,11.1416,11.1416,11.1416,5.2632
2025-08-07T15:44:38,11.02,11.02,11.02,11.02,5.2632
2025-08-07T15:44:54,11.0086,11.0086,11.0086,11.0086,484.2105
2025-08-07T15:45:07,11.0067,11.0067,11.0067,11.0067,75.4211
2025-08-07T15:45:08,11.0067,11.0067,11.0067,11.0067,126.3158
2025-08-07T15:45:10,11.0181,11.0181,11.0181,11.0181,113.8421
2025-08-07T15:45:13,11.02,11.02,11.02,11.02,8.1053
2025-08-07T15:45:29,11.02,11.02,11.02,11.02,210.5263
2025-08-07T15:45:36,11.0181,11.0181,11.0086,11.0143,153.2105
2025-08-07T15:46:01,10.9554,10.9554,10.9554,10.9554,42.1053
2025-08-07T15:46:15,10.9991,10.9991,10.9991,10.9991,5.2632
2025-08-07T15:46:17,10.9535,10.9535,10.9535,10.9535,263.3684
2025-08-07T15:46:24,10.9117,10.9117,10.9117,10.9117,9.0526
2025-08-07T15:46:42,10.9554,10.9554,10.9554,10.9554,15.7895
2025-08-07T15:47:08,10.9554,10.9554,10.9554,10.9554,453.3158
2025-08-07T15:47:12,10.9136,10.9136,10.9136,10.9136,52.6316
2025-08-07T15:47:24,10.9117,10.9117,10.9117,10.9117,5.2632
2025-08-07T15:47:52,10.9117,10.9117,10.9117,10.9117,44.2105
2025-08-07T15:48:58,10.9217,10.9217,10.9217,10.9217,13.1579
2025-08-07T15:49:38,10.9212,10.9212,10.9117,10.9117,105.2632
2025-08-07T15:49:42,10.9212,10.9212,10.9212,10.9212,26.3158
2025-08-07T15:49:52,10.9174,10.9174,10.9174,10.9174,37.0
2025-08-07T15:50:18,10.9991,11.1435,10.9535,11.0276,2714.7368
2025-08-07T15:50:31,11.1435,11.1435,11.1435,11.1435,2631.5789
2025-08-07T15:50:34,11.1435,11.1853,11.0523,11.0523,3162.1579
2025-08-07T15:50:35,10.925,11.0238,10.83,10.9953,708.3158
2025-08-07T15:51:11,11.0599,11.0599,11.0599,11.0599,105.2632
2025-08-07T15:51:14,10.9953,10.9953,10.9953,10.9953,110.5263
2025-08-07T15:51:40,10.9953,10.9953,10.9953,10.9953,20.0526
2025-08-07T15:52:03,10.9991,10.9991,10.9991,10.9991,30.5263
2025-08-07T15:52:05,11.02,11.02,11.02,11.02,17.3684
2025-08-07T15:52:33,11.0903,11.0903,11.0903,11.0903,34.3684
2025-08-07T15:52:35,11.0588,11.0588,11.0588,11.0588,5.2632
2025-08-07T15:52:52,11.1606,11.1625,11.1606,11.1625,78.9474
2025-08-07T15:52:59,11.171,11.171,11.171,11.171,15.7895
2025-08-07T15:53:07,11.172,11.172,11.172,11.172,94.7368
2025-08-07T15:53:18,11.172,11.172,11.172,11.172,52.6316
2025-08-07T15:53:40,11.1739,11.1739,11.1739,11.1739,5.2632
2025-08-07T15:53:41,11.1739,11.1739,11.1739,11.1739,9.3684
2025-08-07T15:53:43,11.1815,11.1834,11.1815,11.1834,36.8421
2025-08-07T15:54:09,11.1834,11.4,11.1834,11.3981,626.8947
2025-08-07T15:54:12,11.191,11.191,11.191,11.191,47.3684
2025-08-07T15:54:13,11.21,11.21,11.21,11.21,14.2105
2025-08-07T15:54:25,11.4,11.4,11.4,11.4,894.7368
2025-08-07T15:54:34,11.4,11.4,11.4,11.4,46.0526
2025-08-07T15:54:49,11.3981,11.3981,11.3981,11.3981,46.5263
2025-08-07T15:54:50,11.4,11.4,11.21,11.4,612.2632
2025-08-07T15:54:58,11.3373,11.4,11.3373,11.4,526.3158
2025-08-07T15:55:01,11.4,11.4,11.4,11.4,40.7368
2025-08-07T15:55:02,10.9953,11.0352,10.9953,11.0352,24.4737
2025-08-07T15:55:08,11.4,11.4,11.4,11.4,10.5263
2025-08-07T15:55:18,11.21,11.21,11.21,11.21,5.2632
2025-08-07T15:55:48,11.267,11.267,11.267,11.267,78.9474
2025-08-07T15:55:51,11.2661,11.2661,11.2661,11.2661,13.1579
2025-08-07T15:55:54,11.2119,11.2119,11.2119,11.2119,52.6316
2025-08-07T15:55:59,11.21,11.21,11.21,11.21,46.4737
2025-08-07T15:56:22,11.21,11.21,11.21,11.21,84.2105
2025-08-07T15:56:37,11.21,11.21,11.21,11.21,1542.1053
2025-08-07T15:56:38,11.3221,11.3221,11.3221,11.3221,5.2632
2025-08-07T15:56:48,11.3041,11.3041,11.3041,11.3041,10.6842
2025-08-07T15:56:52,11.3755,11.3755,11.3755,11.3755,8.8947
2025-08-07T15:56:54,11.305,11.3981,11.305,11.3981,261.3158
2025-08-07T15:57:42,11.0219,11.0219,11.0219,11.0219,157.8947
2025-08-07T15:57:44,11.0219,11.0219,11.0219,11.0219,77.8947
2025-08-07T15:57:47,11.21,11.21,11.21,11.21,347.3684
2025-08-07T15:58:03,11.02,11.02,11.02,11.02,105.2632
2025-08-07T15:58:05,11.0238,11.0238,11.0238,11.0238,221.0526
2025-08-07T15:58:07,11.2081,11.2081,11.2081,11.2081,18.6316
2025-08-07T15:58:08,11.2081,11.2081,11.2081,11.2081,5.2632
2025-08-07T15:58:19,11.114,11.114,11.114,11.114,11.6842
2025-08-07T15:58:28,11.191,11.191,11.191,11.191,35.5263
2025-08-07T15:58:41,11.1796,11.1796,11.1796,11.1796,10.4737
2025-08-07T15:58:42,11.114,11.114,11.114,11.114,7.5789
2025-08-07T15:58:46,11.2081,11.2518,11.2081,11.2518,30.1053
2025-08-07T15:58:47,11.3012,11.3012,11.3012,11.3012,5.2632
2025-08-07T15:59:08,11.21,11.21,11.0409,11.21,363.6316
2025-08-07T15:59:10,11.21,11.21,11.21,11.21,101.9474
2025-08-07T15:59:18,11.2138,11.2138,11.2138,11.2138,5.2632
2025-08-07T15:59:25,11.1454,11.1454,11.039,11.039,1578.9474
2025-08-07T15:59:32,11.3867,11.3867,11.3867,11.3867,26.3158
2025-08-07T15:59:35,11.0428,11.0428,11.0428,11.0428,105.2632
2025-08-07T15:59:36,11.21,11.21,11.21,11.21,18.4211
