t,o,h,l,c,v
2025-08-06T09:30:01,5.185,5.22,5.15,5.175,118267.0
2025-08-06T09:30:02,5.16,5.22,5.15,5.18,10175.0
2025-08-06T09:30:03,5.165,5.22,5.15,5.165,6839.0
2025-08-06T09:30:04,5.18,5.18,5.09,5.09,13833.0
2025-08-06T09:30:05,5.1,5.1799,5.08,5.1799,1314.0
2025-08-06T09:30:06,5.1341,5.1341,5.1278,5.1278,1392.0
2025-08-06T09:30:07,5.11,5.15,5.11,5.14,3829.0
2025-08-06T09:30:08,5.15,5.16,5.145,5.16,1046.0
2025-08-06T09:30:09,5.15,5.15,5.09,5.15,5316.0
2025-08-06T09:30:10,5.09,5.09,5.09,5.09,184.0
2025-08-06T09:30:11,5.09,5.09,5.09,5.09,320.0
2025-08-06T09:30:12,5.115,5.115,5.115,5.115,4059.0
2025-08-06T09:30:13,5.08,5.08,5.08,5.08,1106.0
2025-08-06T09:30:14,5.1101,5.1101,5.1101,5.1101,200.0
2025-08-06T09:30:15,5.1418,5.1418,5.1,5.1,9116.0
2025-08-06T09:30:16,5.1294,5.1294,5.105,5.105,712.0
2025-08-06T09:30:17,5.105,5.17,5.105,5.14,3053.0
2025-08-06T09:30:18,5.115,5.115,5.115,5.115,248.0
2025-08-06T09:30:21,5.0936,5.11,5.0936,5.11,986.0
2025-08-06T09:30:22,5.11,5.11,5.11,5.11,310.0
2025-08-06T09:30:24,5.0986,5.0986,5.0986,5.0986,300.0
2025-08-06T09:30:25,5.14,5.16,5.128,5.16,4327.0
2025-08-06T09:30:26,5.14,5.14,5.14,5.14,194.0
2025-08-06T09:30:27,5.1731,5.1731,5.12,5.12,220.0
2025-08-06T09:30:28,5.1799,5.1799,5.1799,5.1799,1007.0
2025-08-06T09:30:29,5.15,5.155,5.08,5.105,107843.0
2025-08-06T09:30:30,5.11,5.1219,5.08,5.115,1675.0
2025-08-06T09:30:31,5.115,5.115,5.115,5.115,300.0
2025-08-06T09:30:32,5.115,5.115,5.08,5.08,1793.0
2025-08-06T09:30:33,5.095,5.095,5.095,5.095,307.0
2025-08-06T09:30:36,5.105,5.14,5.08,5.12,7581.0
2025-08-06T09:30:38,5.08,5.08,5.05,5.07,22527.0
2025-08-06T09:30:39,5.07,5.08,5.06,5.07,5178.0
2025-08-06T09:30:40,5.0521,5.0521,5.0521,5.0521,1250.0
2025-08-06T09:30:41,5.06,5.06,5.0517,5.0517,4063.0
2025-08-06T09:30:45,5.075,5.075,5.05,5.065,3805.0
2025-08-06T09:30:47,5.0799,5.0799,5.0799,5.0799,750.0
2025-08-06T09:30:53,5.0603,5.12,5.0603,5.085,4832.0
2025-08-06T09:30:56,5.115,5.1236,5.115,5.115,3660.0
2025-08-06T09:30:58,5.1,5.11,5.09,5.11,3947.0
2025-08-06T09:30:59,5.1,5.1,5.1,5.1,100.0
2025-08-06T09:31:00,5.11,5.11,5.11,5.11,100.0
2025-08-06T09:31:03,5.115,5.115,5.115,5.115,500.0
2025-08-06T09:31:04,5.115,5.13,5.115,5.115,551.0
2025-08-06T09:31:09,5.13,5.14,5.115,5.1201,2655.0
2025-08-06T09:31:10,5.1203,5.13,5.1203,5.13,2625.0
2025-08-06T09:31:11,5.135,5.16,5.135,5.15,3370.0
2025-08-06T09:31:12,5.15,5.15,5.15,5.15,103.0
2025-08-06T09:31:14,5.12,5.15,5.12,5.15,1765.0
2025-08-06T09:31:16,5.18,5.18,5.18,5.18,101.0
2025-08-06T09:31:17,5.1799,5.1799,5.1799,5.1799,200.0
2025-08-06T09:31:19,5.16,5.17,5.16,5.16,7360.0
2025-08-06T09:31:20,5.16,5.16,5.1435,5.1435,1310.0
2025-08-06T09:31:22,5.17,5.18,5.16,5.18,4643.0
2025-08-06T09:31:23,5.16,5.16,5.16,5.16,333.0
2025-08-06T09:31:24,5.165,5.165,5.165,5.165,1318.0
2025-08-06T09:31:25,5.1714,5.1714,5.1714,5.1714,134.0
2025-08-06T09:31:27,5.1519,5.1519,5.145,5.145,2483.0
2025-08-06T09:31:28,5.16,5.16,5.16,5.16,927.0
2025-08-06T09:31:31,5.1451,5.1451,5.1451,5.1451,288.0
2025-08-06T09:31:32,5.158,5.17,5.135,5.135,7611.0
2025-08-06T09:31:40,5.1309,5.1309,5.1309,5.1309,120.0
2025-08-06T09:31:41,5.17,5.18,5.16,5.17,1803.0
2025-08-06T09:31:42,5.1519,5.1519,5.1519,5.1519,100.0
2025-08-06T09:31:43,5.1548,5.1548,5.1548,5.1548,100.0
2025-08-06T09:31:47,5.17,5.22,5.17,5.19,66227.0
2025-08-06T09:31:51,5.19,5.19,5.19,5.19,100.0
2025-08-06T09:31:52,5.19,5.19,5.19,5.19,1929.0
2025-08-06T09:31:54,5.17,5.17,5.17,5.17,290.0
2025-08-06T09:31:56,5.1781,5.1781,5.1781,5.1781,433.0
2025-08-06T09:31:57,5.18,5.18,5.18,5.18,232.0
2025-08-06T09:32:00,5.1781,5.1781,5.1781,5.1781,148.0
2025-08-06T09:32:01,5.165,5.165,5.165,5.165,101.0
2025-08-06T09:32:03,5.1659,5.1659,5.1202,5.1202,6309.0
2025-08-06T09:32:04,5.13,5.13,5.13,5.13,200.0
2025-08-06T09:32:05,5.13,5.13,5.13,5.13,517.0
2025-08-06T09:32:06,5.13,5.14,5.13,5.14,494.0
2025-08-06T09:32:08,5.14,5.14,5.14,5.14,102.0
2025-08-06T09:32:09,5.15,5.15,5.15,5.15,100.0
2025-08-06T09:32:11,5.14,5.14,5.12,5.12,3030.0
2025-08-06T09:32:14,5.13,5.14,5.13,5.135,944.0
2025-08-06T09:32:15,5.13,5.13,5.13,5.13,246.0
2025-08-06T09:32:16,5.1204,5.13,5.1118,5.1118,954.0
2025-08-06T09:32:17,5.12,5.14,5.12,5.14,3650.0
2025-08-06T09:32:18,5.14,5.14,5.14,5.14,200.0
2025-08-06T09:32:19,5.14,5.14,5.14,5.14,1202.0
2025-08-06T09:32:20,5.15,5.15,5.15,5.15,182.0
2025-08-06T09:32:24,5.14,5.17,5.14,5.15,9523.0
2025-08-06T09:32:27,5.15,5.15,5.15,5.15,100.0
2025-08-06T09:32:28,5.14,5.15,5.14,5.15,1386.0
2025-08-06T09:32:29,5.15,5.15,5.15,5.15,709.0
2025-08-06T09:32:30,5.15,5.15,5.15,5.15,291.0
2025-08-06T09:32:33,5.1499,5.15,5.148,5.148,1495.0
2025-08-06T09:32:34,5.15,5.17,5.15,5.16,7168.0
2025-08-06T09:32:35,5.1518,5.1518,5.1518,5.1518,870.0
2025-08-06T09:32:43,5.1519,5.1662,5.1519,5.165,2425.0
2025-08-06T09:32:47,5.156,5.156,5.156,5.156,500.0
2025-08-06T09:32:49,5.15,5.16,5.15,5.16,3051.0
2025-08-06T09:32:54,5.1419,5.1419,5.1419,5.1419,440.0
2025-08-06T09:32:55,5.1618,5.1618,5.14,5.14,5618.0
2025-08-06T09:32:56,5.1597,5.1597,5.1597,5.1597,255.0
2025-08-06T09:32:59,5.1319,5.14,5.1301,5.1301,1440.0
2025-08-06T09:33:01,5.1489,5.1489,5.1489,5.1489,1000.0
2025-08-06T09:33:03,5.14,5.14,5.14,5.14,403.0
2025-08-06T09:33:05,5.14,5.14,5.14,5.14,500.0
2025-08-06T09:33:06,5.13,5.13,5.1293,5.1293,1790.0
2025-08-06T09:33:09,5.13,5.14,5.12,5.12,2600.0
2025-08-06T09:33:11,5.1018,5.1018,5.1018,5.1018,206.0
2025-08-06T09:33:12,5.1038,5.1038,5.1038,5.1038,501.0
2025-08-06T09:33:13,5.11,5.11,5.11,5.11,250.0
2025-08-06T09:33:17,5.11,5.11,5.11,5.11,500.0
2025-08-06T09:33:21,5.12,5.125,5.116,5.116,852.0
2025-08-06T09:33:22,5.13,5.13,5.13,5.13,114.0
2025-08-06T09:33:23,5.13,5.13,5.13,5.13,814.0
2025-08-06T09:33:27,5.14,5.14,5.14,5.14,173.0
2025-08-06T09:33:28,5.14,5.14,5.14,5.14,430.0
2025-08-06T09:33:33,5.141,5.141,5.141,5.141,1124.0
2025-08-06T09:33:34,5.14,5.14,5.14,5.14,123.0
2025-08-06T09:33:36,5.1319,5.1319,5.1319,5.1319,230.0
2025-08-06T09:33:38,5.13,5.1301,5.13,5.13,31338.0
2025-08-06T09:33:39,5.12,5.12,5.1,5.1,297.0
2025-08-06T09:33:43,5.1018,5.1018,5.1018,5.1018,184.0
2025-08-06T09:33:44,5.1001,5.1001,5.1001,5.1001,100.0
2025-08-06T09:33:45,5.11,5.11,5.11,5.11,166.0
2025-08-06T09:33:47,5.1119,5.1119,5.1119,5.1119,130.0
2025-08-06T09:33:48,5.1288,5.1288,5.1288,5.1288,207.0
2025-08-06T09:33:49,5.1118,5.1118,5.1118,5.1118,1133.0
2025-08-06T09:33:52,5.119,5.119,5.119,5.119,1500.0
2025-08-06T09:33:56,5.13,5.13,5.13,5.13,210.0
2025-08-06T09:33:58,5.12,5.12,5.095,5.1,3537.0
2025-08-06T09:33:59,5.095,5.13,5.09,5.11,9948.0
2025-08-06T09:34:01,5.13,5.14,5.13,5.13,607.0
2025-08-06T09:34:02,5.15,5.15,5.15,5.15,135.0
2025-08-06T09:34:03,5.16,5.165,5.15,5.16,9808.0
2025-08-06T09:34:04,5.16,5.16,5.1502,5.1502,405.0
2025-08-06T09:34:05,5.16,5.16,5.16,5.16,147.0
2025-08-06T09:34:10,5.16,5.16,5.16,5.16,2634.0
2025-08-06T09:34:12,5.15,5.15,5.15,5.15,2566.0
2025-08-06T09:34:13,5.155,5.155,5.155,5.155,1000.0
2025-08-06T09:34:15,5.15,5.16,5.1417,5.1417,2458.0
2025-08-06T09:34:18,5.1519,5.1519,5.1519,5.1519,206.0
2025-08-06T09:34:21,5.16,5.16,5.14,5.14,2884.0
2025-08-06T09:34:22,5.145,5.145,5.14,5.14,698.0
2025-08-06T09:34:24,5.1581,5.1581,5.1581,5.1581,241.0
2025-08-06T09:34:27,5.1301,5.1301,5.1301,5.1301,191.0
2025-08-06T09:34:28,5.13,5.13,5.13,5.13,200.0
2025-08-06T09:34:30,5.16,5.185,5.15,5.185,3513.0
2025-08-06T09:34:31,5.185,5.185,5.185,5.185,401.0
2025-08-06T09:34:32,5.1888,5.1888,5.1888,5.1888,1199.0
2025-08-06T09:34:35,5.19,5.21,5.19,5.21,5453.0
2025-08-06T09:34:36,5.2198,5.255,5.2198,5.255,9317.0
2025-08-06T09:34:37,5.26,5.26,5.26,5.26,1057.0
2025-08-06T09:34:38,5.27,5.3099,5.2699,5.285,7179.0
2025-08-06T09:34:39,5.29,5.3,5.29,5.3,3598.0
2025-08-06T09:34:41,5.3,5.32,5.3,5.3001,9458.0
2025-08-06T09:34:42,5.3188,5.3188,5.3188,5.3188,130.0
2025-08-06T09:34:43,5.3286,5.3286,5.3286,5.3286,152.0
2025-08-06T09:34:44,5.3119,5.3119,5.3119,5.3119,865.0
2025-08-06T09:34:45,5.32,5.32,5.32,5.32,1035.0
2025-08-06T09:34:46,5.32,5.32,5.32,5.32,1412.0
2025-08-06T09:34:47,5.32,5.3289,5.32,5.32,1661.0
2025-08-06T09:34:48,5.326,5.326,5.3101,5.32,2735.0
2025-08-06T09:34:49,5.3281,5.3281,5.32,5.32,253.0
2025-08-06T09:34:50,5.3288,5.33,5.3288,5.3299,1141.0
2025-08-06T09:34:51,5.3207,5.326,5.32,5.32,1800.0
2025-08-06T09:34:52,5.3281,5.3289,5.3281,5.3289,1430.0
2025-08-06T09:34:53,5.32,5.326,5.3103,5.32,3430.0
2025-08-06T09:34:54,5.31,5.31,5.31,5.31,185.0
2025-08-06T09:34:55,5.3281,5.33,5.3281,5.33,930.0
2025-08-06T09:34:56,5.3246,5.3246,5.3246,5.3246,259.0
2025-08-06T09:34:57,5.33,5.33,5.33,5.33,498.0
2025-08-06T09:34:59,5.33,5.34,5.33,5.34,6438.0
2025-08-06T09:35:00,5.335,5.35,5.335,5.3466,5800.0
2025-08-06T09:35:01,5.349,5.4,5.349,5.4,15893.0
2025-08-06T09:35:02,5.3906,5.41,5.3906,5.405,6616.0
2025-08-06T09:35:03,5.405,5.405,5.405,5.405,425.0
2025-08-06T09:35:04,5.4012,5.4012,5.3601,5.3897,3662.0
2025-08-06T09:35:05,5.3897,5.3897,5.365,5.365,3529.0
2025-08-06T09:35:07,5.3781,5.3797,5.3619,5.3619,600.0
2025-08-06T09:35:08,5.38,5.41,5.3619,5.4,8185.0
2025-08-06T09:35:09,5.405,5.41,5.4,5.4,1840.0
2025-08-06T09:35:10,5.3988,5.4099,5.385,5.3999,2988.0
2025-08-06T09:35:11,5.38,5.39,5.38,5.39,1068.0
2025-08-06T09:35:12,5.3898,5.4399,5.385,5.4399,7527.0
2025-08-06T09:35:13,5.44,5.45,5.43,5.435,9139.0
2025-08-06T09:35:14,5.4467,5.4467,5.42,5.44,2724.0
2025-08-06T09:35:15,5.4388,5.44,5.4214,5.44,2427.0
2025-08-06T09:35:16,5.44,5.455,5.44,5.455,4722.0
2025-08-06T09:35:17,5.47,5.47,5.442,5.442,1569.0
2025-08-06T09:35:18,5.4697,5.47,5.4631,5.47,12355.0
2025-08-06T09:35:19,5.47,5.475,5.465,5.47,8162.0
2025-08-06T09:35:20,5.4695,5.51,5.465,5.505,56196.0
2025-08-06T09:35:21,5.5007,5.52,5.49,5.52,12823.0
2025-08-06T09:35:22,5.5296,5.54,5.5155,5.5155,6826.0
2025-08-06T09:35:23,5.55,5.55,5.5147,5.53,7861.0
2025-08-06T09:35:24,5.525,5.53,5.52,5.53,2394.0
2025-08-06T09:35:25,5.5288,5.5288,5.5001,5.51,3838.0
2025-08-06T09:35:26,5.51,5.52,5.4911,5.495,10285.0
2025-08-06T09:35:27,5.495,5.508,5.46,5.46,6794.0
2025-08-06T09:35:28,5.4686,5.4686,5.4399,5.4399,8569.0
2025-08-06T09:35:29,5.43,5.45,5.43,5.44,2237.0
2025-08-06T09:35:30,5.445,5.48,5.445,5.46,4813.0
2025-08-06T09:35:31,5.4754,5.48,5.47,5.4784,3139.0
2025-08-06T09:35:32,5.46,5.4799,5.41,5.479,7915.0
2025-08-06T09:35:33,5.475,5.5,5.475,5.4935,5629.0
2025-08-06T09:35:34,5.495,5.5,5.495,5.5,756.0
2025-08-06T09:35:35,5.495,5.5,5.4906,5.4906,2402.0
2025-08-06T09:35:36,5.495,5.4999,5.495,5.4988,744.0
2025-08-06T09:35:37,5.5,5.5,5.4907,5.495,6255.0
2025-08-06T09:35:38,5.4994,5.4994,5.4994,5.4994,273.0
2025-08-06T09:35:39,5.4988,5.515,5.4908,5.515,2335.0
2025-08-06T09:35:40,5.515,5.515,5.49,5.4912,16454.0
2025-08-06T09:35:41,5.4989,5.51,5.49,5.51,8765.0
2025-08-06T09:35:42,5.4901,5.52,5.4901,5.51,7155.0
2025-08-06T09:35:43,5.5193,5.52,5.5101,5.515,5721.0
2025-08-06T09:35:44,5.52,5.535,5.5,5.5213,12271.0
2025-08-06T09:35:45,5.53,5.5399,5.52,5.5399,6111.0
2025-08-06T09:35:46,5.5398,5.54,5.5398,5.54,5956.0
2025-08-06T09:35:47,5.5301,5.54,5.521,5.54,5411.0
2025-08-06T09:35:48,5.538,5.538,5.5001,5.505,3211.0
2025-08-06T09:35:49,5.52,5.52,5.48,5.48,2923.0
2025-08-06T09:35:50,5.485,5.5,5.4835,5.496,2989.0
2025-08-06T09:35:51,5.485,5.5,5.4779,5.4964,3089.0
2025-08-06T09:35:52,5.4865,5.4865,5.44,5.44,6232.0
2025-08-06T09:35:53,5.4599,5.4599,5.4411,5.458,1267.0
2025-08-06T09:35:54,5.4401,5.4496,5.415,5.42,1606.0
2025-08-06T09:35:55,5.415,5.428,5.415,5.428,2399.0
2025-08-06T09:35:56,5.415,5.43,5.415,5.43,774.0
2025-08-06T09:35:57,5.45,5.45,5.402,5.438,1731.0
2025-08-06T09:35:58,5.43,5.43,5.43,5.43,909.0
2025-08-06T09:35:59,5.4399,5.4399,5.4201,5.4201,1654.0
2025-08-06T09:36:00,5.43,5.43,5.395,5.395,5334.0
2025-08-06T09:36:01,5.4,5.4,5.39,5.39,5175.0
2025-08-06T09:36:02,5.3708,5.3881,5.35,5.36,17671.0
2025-08-06T09:36:03,5.37,5.3788,5.36,5.36,4183.0
2025-08-06T09:36:04,5.3699,5.3699,5.34,5.35,3984.0
2025-08-06T09:36:05,5.34,5.34,5.32,5.3399,4836.0
2025-08-06T09:36:06,5.34,5.34,5.31,5.31,10657.0
2025-08-06T09:36:07,5.31,5.3219,5.26,5.2765,10488.0
2025-08-06T09:36:08,5.28,5.28,5.25,5.26,10459.0
2025-08-06T09:36:09,5.265,5.265,5.25,5.25,2658.0
2025-08-06T09:36:10,5.2513,5.26,5.24,5.25,12235.0
2025-08-06T09:36:11,5.2589,5.2589,5.22,5.23,6391.0
2025-08-06T09:36:12,5.22,5.23,5.22,5.23,6514.0
2025-08-06T09:36:13,5.23,5.2354,5.23,5.2354,477.0
2025-08-06T09:36:14,5.24,5.2438,5.24,5.24,4559.0
2025-08-06T09:36:15,5.25,5.27,5.2368,5.2688,8014.0
2025-08-06T09:36:16,5.2404,5.2681,5.2404,5.25,829.0
2025-08-06T09:36:17,5.2699,5.29,5.2565,5.285,4693.0
2025-08-06T09:36:18,5.2893,5.2893,5.2803,5.2803,958.0
2025-08-06T09:36:19,5.285,5.3,5.285,5.3,7906.0
2025-08-06T09:36:20,5.3,5.3,5.3,5.3,683.0
2025-08-06T09:36:21,5.32,5.32,5.3046,5.3046,955.0
2025-08-06T09:36:22,5.3062,5.33,5.3062,5.325,2067.0
2025-08-06T09:36:23,5.33,5.33,5.32,5.32,488.0
2025-08-06T09:36:25,5.3219,5.3219,5.3219,5.3219,128.0
2025-08-06T09:36:26,5.32,5.34,5.32,5.34,1137.0
2025-08-06T09:36:27,5.34,5.34,5.34,5.34,350.0
2025-08-06T09:36:28,5.3312,5.3312,5.3312,5.3312,554.0
2025-08-06T09:36:29,5.34,5.35,5.34,5.34,1913.0
2025-08-06T09:36:30,5.35,5.36,5.345,5.35,3092.0
2025-08-06T09:36:31,5.3507,5.3507,5.34,5.341,3681.0
2025-08-06T09:36:33,5.35,5.35,5.35,5.35,262.0
2025-08-06T09:36:35,5.35,5.35,5.32,5.34,10999.0
2025-08-06T09:36:36,5.32,5.32,5.32,5.32,422.0
2025-08-06T09:36:37,5.336,5.336,5.336,5.336,244.0
2025-08-06T09:36:38,5.3207,5.3207,5.3207,5.3207,185.0
2025-08-06T09:36:39,5.3295,5.3295,5.327,5.327,1002.0
2025-08-06T09:36:41,5.3293,5.3293,5.32,5.3288,3839.0
2025-08-06T09:36:42,5.3288,5.3288,5.3081,5.3081,432.0
2025-08-06T09:36:43,5.3081,5.34,5.3,5.34,18218.0
2025-08-06T09:36:45,5.3301,5.3301,5.3301,5.3301,1001.0
2025-08-06T09:36:46,5.34,5.34,5.34,5.34,244.0
2025-08-06T09:36:47,5.3301,5.3301,5.3301,5.3301,3154.0
2025-08-06T09:36:52,5.3441,5.3441,5.3441,5.3441,421.0
2025-08-06T09:36:53,5.3449,5.3449,5.32,5.33,3071.0
2025-08-06T09:36:55,5.2792,5.2994,5.2792,5.2994,838.0
2025-08-06T09:36:57,5.2703,5.28,5.26,5.26,3053.0
2025-08-06T09:36:58,5.26,5.28,5.26,5.28,5541.0
2025-08-06T09:36:59,5.28,5.29,5.28,5.29,523.0
2025-08-06T09:37:00,5.27,5.28,5.27,5.28,520.0
2025-08-06T09:37:01,5.271,5.271,5.27,5.27,607.0
2025-08-06T09:37:03,5.25,5.25,5.21,5.22,2390.0
2025-08-06T09:37:04,5.22,5.229,5.2119,5.2119,3938.0
2025-08-06T09:37:05,5.214,5.2289,5.2112,5.2289,8348.0
2025-08-06T09:37:06,5.2119,5.2299,5.21,5.21,2532.0
2025-08-06T09:37:07,5.22,5.24,5.22,5.24,2376.0
2025-08-06T09:37:08,5.238,5.24,5.23,5.23,2451.0
2025-08-06T09:37:09,5.23,5.24,5.23,5.2301,5433.0
2025-08-06T09:37:10,5.24,5.24,5.24,5.24,298.0
2025-08-06T09:37:11,5.24,5.24,5.24,5.24,3554.0
2025-08-06T09:37:13,5.24,5.24,5.24,5.24,232.0
2025-08-06T09:37:14,5.24,5.25,5.23,5.25,4563.0
2025-08-06T09:37:15,5.2589,5.2599,5.2419,5.25,917.0
2025-08-06T09:37:16,5.24,5.25,5.24,5.25,801.0
2025-08-06T09:37:17,5.26,5.26,5.26,5.26,1308.0
2025-08-06T09:37:18,5.255,5.255,5.255,5.255,116.0
2025-08-06T09:37:20,5.2512,5.2512,5.25,5.25,590.0
2025-08-06T09:37:21,5.255,5.2599,5.2419,5.2419,1656.0
2025-08-06T09:37:24,5.24,5.24,5.24,5.24,836.0
2025-08-06T09:37:27,5.235,5.2398,5.22,5.2299,4461.0
2025-08-06T09:37:28,5.21,5.22,5.2,5.21,3032.0
2025-08-06T09:37:29,5.2,5.2,5.2,5.2,2337.0
2025-08-06T09:37:32,5.1912,5.2098,5.1901,5.2098,3063.0
2025-08-06T09:37:33,5.1919,5.2,5.19,5.19,1695.0
2025-08-06T09:37:34,5.19,5.1901,5.19,5.1901,337.0
2025-08-06T09:37:35,5.19,5.19,5.19,5.19,369.0
2025-08-06T09:37:36,5.1919,5.2099,5.1919,5.2099,1116.0
2025-08-06T09:37:37,5.2,5.2098,5.1919,5.2098,959.0
2025-08-06T09:37:38,5.195,5.195,5.19,5.195,1482.0
2025-08-06T09:37:39,5.2,5.2,5.2,5.2,3876.0
2025-08-06T09:37:40,5.19,5.19,5.19,5.19,971.0
2025-08-06T09:37:42,5.1701,5.1737,5.17,5.1737,1657.0
2025-08-06T09:37:43,5.19,5.19,5.19,5.19,434.0
2025-08-06T09:37:45,5.1719,5.1719,5.1719,5.1719,126.0
2025-08-06T09:37:46,5.1999,5.2,5.1719,5.2,8611.0
2025-08-06T09:37:47,5.1703,5.1703,5.1703,5.1703,200.0
2025-08-06T09:37:48,5.1977,5.1977,5.1977,5.1977,600.0
2025-08-06T09:37:49,5.18,5.18,5.18,5.18,616.0
2025-08-06T09:37:50,5.1991,5.1991,5.1758,5.19,8699.0
2025-08-06T09:37:51,5.18,5.18,5.18,5.18,396.0
2025-08-06T09:37:53,5.181,5.181,5.181,5.181,266.0
2025-08-06T09:37:54,5.1719,5.18,5.1501,5.1501,3423.0
2025-08-06T09:37:55,5.15,5.164,5.15,5.1512,559.0
2025-08-06T09:37:56,5.16,5.16,5.14,5.14,929.0
2025-08-06T09:37:57,5.1587,5.17,5.12,5.17,6484.0
2025-08-06T09:37:58,5.17,5.17,5.17,5.17,2815.0
2025-08-06T09:37:59,5.1712,5.18,5.16,5.16,22141.0
2025-08-06T09:38:00,5.1519,5.1665,5.15,5.1665,845.0
2025-08-06T09:38:01,5.165,5.165,5.1501,5.1501,5015.0
2025-08-06T09:38:02,5.16,5.16,5.155,5.155,1232.0
2025-08-06T09:38:05,5.155,5.18,5.155,5.18,2531.0
2025-08-06T09:38:07,5.185,5.185,5.185,5.185,240.0
2025-08-06T09:38:08,5.1899,5.1899,5.1801,5.1801,360.0
2025-08-06T09:38:09,5.18,5.18,5.18,5.18,204.0
2025-08-06T09:38:10,5.18,5.21,5.18,5.2,5734.0
2025-08-06T09:38:12,5.1819,5.21,5.1819,5.205,944.0
2025-08-06T09:38:14,5.21,5.22,5.21,5.22,1276.0
2025-08-06T09:38:16,5.22,5.23,5.22,5.23,669.0
2025-08-06T09:38:17,5.2536,5.2536,5.2536,5.2536,236.0
2025-08-06T09:38:18,5.259,5.259,5.25,5.2588,1264.0
2025-08-06T09:38:19,5.26,5.26,5.26,5.26,530.0
2025-08-06T09:38:20,5.2601,5.2601,5.2601,5.2601,130.0
2025-08-06T09:38:21,5.2699,5.27,5.2699,5.27,801.0
2025-08-06T09:38:22,5.268,5.27,5.25,5.2601,6724.0
2025-08-06T09:38:23,5.2501,5.2501,5.22,5.2398,8273.0
2025-08-06T09:38:24,5.22,5.2387,5.22,5.2292,3184.0
2025-08-06T09:38:27,5.2243,5.2243,5.2243,5.2243,300.0
2025-08-06T09:38:28,5.2387,5.2387,5.2387,5.2387,186.0
2025-08-06T09:38:30,5.23,5.23,5.23,5.23,229.0
2025-08-06T09:38:31,5.24,5.24,5.2381,5.2381,658.0
2025-08-06T09:38:32,5.2494,5.2494,5.2494,5.2494,204.0
2025-08-06T09:38:33,5.25,5.26,5.25,5.26,962.0
2025-08-06T09:38:35,5.26,5.28,5.25,5.28,10831.0
2025-08-06T09:38:36,5.2794,5.2794,5.2712,5.2712,593.0
2025-08-06T09:38:38,5.27,5.27,5.27,5.27,577.0
2025-08-06T09:38:39,5.26,5.275,5.26,5.275,1656.0
2025-08-06T09:38:41,5.2781,5.2781,5.2781,5.2781,620.0
2025-08-06T09:38:42,5.27,5.27,5.27,5.27,380.0
2025-08-06T09:38:44,5.2898,5.2898,5.2898,5.2898,313.0
2025-08-06T09:38:45,5.27,5.27,5.265,5.27,795.0
2025-08-06T09:38:49,5.26,5.2698,5.25,5.2698,890.0
2025-08-06T09:38:52,5.2501,5.2501,5.2501,5.2501,444.0
2025-08-06T09:38:55,5.2501,5.2501,5.2481,5.2481,1596.0
2025-08-06T09:38:58,5.24,5.24,5.24,5.24,492.0
2025-08-06T09:39:05,5.2475,5.2475,5.2475,5.2475,408.0
2025-08-06T09:39:06,5.24,5.24,5.24,5.24,1208.0
2025-08-06T09:39:07,5.2499,5.2499,5.2499,5.2499,400.0
2025-08-06T09:39:08,5.24,5.24,5.24,5.24,176.0
2025-08-06T09:39:09,5.24,5.24,5.24,5.24,155.0
2025-08-06T09:39:10,5.2319,5.2319,5.2319,5.2319,217.0
2025-08-06T09:39:13,5.23,5.23,5.14,5.14,14065.0
2025-08-06T09:39:14,5.13,5.1514,5.12,5.13,1722.0
2025-08-06T09:39:16,5.13,5.13,5.12,5.12,4942.0
2025-08-06T09:39:18,5.1001,5.11,5.07,5.1,20318.0
2025-08-06T09:39:19,5.0813,5.1,5.0813,5.1,505.0
2025-08-06T09:39:20,5.08,5.13,5.08,5.13,8296.0
2025-08-06T09:39:21,5.125,5.125,5.125,5.125,1001.0
2025-08-06T09:39:22,5.1118,5.1352,5.1118,5.1352,1790.0
2025-08-06T09:39:23,5.125,5.125,5.125,5.125,300.0
2025-08-06T09:39:24,5.1397,5.1397,5.1397,5.1397,361.0
2025-08-06T09:39:25,5.1235,5.1235,5.12,5.12,600.0
2025-08-06T09:39:26,5.11,5.1366,5.11,5.11,1795.0
2025-08-06T09:39:27,5.11,5.12,5.11,5.11,3378.0
2025-08-06T09:39:28,5.105,5.1193,5.09,5.1,3670.0
2025-08-06T09:39:29,5.1,5.1,5.1,5.1,527.0
2025-08-06T09:39:30,5.0999,5.0999,5.0999,5.0999,155.0
2025-08-06T09:39:31,5.09,5.09,5.09,5.09,257.0
2025-08-06T09:39:33,5.091,5.091,5.0801,5.0801,807.0
2025-08-06T09:39:34,5.08,5.0982,5.075,5.0982,416.0
2025-08-06T09:39:35,5.069,5.07,5.0601,5.07,3326.0
2025-08-06T09:39:36,5.06,5.06,5.06,5.06,400.0
2025-08-06T09:39:37,5.06,5.07,5.06,5.06,1815.0
2025-08-06T09:39:38,5.06,5.061,5.05,5.05,1134.0
2025-08-06T09:39:39,5.05,5.06,5.05,5.05,6138.0
2025-08-06T09:39:40,5.0501,5.06,5.0501,5.06,2051.0
2025-08-06T09:39:41,5.05,5.0599,5.05,5.0599,6347.0
2025-08-06T09:39:42,5.05,5.05,5.05,5.05,10681.0
2025-08-06T09:39:43,5.05,5.06,5.05,5.06,1678.0
2025-08-06T09:39:45,5.0519,5.0699,5.05,5.0699,1953.0
2025-08-06T09:39:46,5.0608,5.0608,5.0599,5.0599,790.0
2025-08-06T09:39:47,5.0599,5.0599,5.0599,5.0599,114.0
2025-08-06T09:39:49,5.0593,5.0593,5.0593,5.0593,134.0
2025-08-06T09:39:50,5.0599,5.0999,5.0555,5.0999,2241.0
2025-08-06T09:39:51,5.0899,5.0899,5.08,5.08,5353.0
2025-08-06T09:39:53,5.0718,5.0887,5.07,5.07,1420.0
2025-08-06T09:39:54,5.07,5.07,5.07,5.07,308.0
2025-08-06T09:39:55,5.0788,5.0788,5.0788,5.0788,112.0
2025-08-06T09:39:56,5.06,5.06,5.04,5.05,43944.0
2025-08-06T09:39:58,5.05,5.05,5.05,5.05,3507.0
2025-08-06T09:39:59,5.05,5.05,5.05,5.05,3095.0
2025-08-06T09:40:00,5.05,5.05,4.99,5.01,54205.0
2025-08-06T09:40:01,5.0114,5.0282,5.01,5.02,4406.0
2025-08-06T09:40:02,5.01,5.0288,5.01,5.0288,1869.0
2025-08-06T09:40:03,5.02,5.02,5.0092,5.0092,2589.0
2025-08-06T09:40:04,5.0189,5.0189,5.0,5.01,700.0
2025-08-06T09:40:05,5.01,5.02,5.01,5.02,5822.0
2025-08-06T09:40:06,5.01,5.02,5.0002,5.0002,1939.0
2025-08-06T09:40:07,5.01,5.01,5.0018,5.0018,1165.0
2025-08-06T09:40:08,5.0,5.0,5.0,5.0,5458.0
2025-08-06T09:40:09,5.0,5.01,5.0,5.0012,5122.0
2025-08-06T09:40:11,5.0012,5.0012,5.0012,5.0012,210.0
2025-08-06T09:40:12,5.0001,5.0001,4.995,5.0,1962.0
2025-08-06T09:40:13,5.0001,5.0006,4.995,5.0006,2465.0
2025-08-06T09:40:14,5.0,5.01,5.0,5.005,5409.0
2025-08-06T09:40:15,5.015,5.015,5.015,5.015,334.0
2025-08-06T09:40:16,5.0199,5.0199,5.0199,5.0199,202.0
2025-08-06T09:40:17,5.0199,5.02,5.0199,5.02,1556.0
2025-08-06T09:40:18,5.03,5.03,5.03,5.03,679.0
2025-08-06T09:40:19,5.0393,5.04,5.035,5.0399,5914.0
2025-08-06T09:40:20,5.035,5.035,5.035,5.035,596.0
2025-08-06T09:40:21,5.035,5.035,5.035,5.035,490.0
2025-08-06T09:40:24,5.0397,5.0397,5.0397,5.0397,2290.0
2025-08-06T09:40:25,5.035,5.04,5.035,5.04,1252.0
2025-08-06T09:40:26,5.045,5.045,5.0401,5.0401,1132.0
2025-08-06T09:40:28,5.045,5.045,5.045,5.045,428.0
2025-08-06T09:40:30,5.0412,5.0412,5.0412,5.0412,295.0
2025-08-06T09:40:32,5.05,5.0686,5.0498,5.0583,4018.0
2025-08-06T09:40:33,5.06,5.065,5.06,5.065,360.0
2025-08-06T09:40:34,5.065,5.065,5.065,5.065,400.0
2025-08-06T09:40:35,5.0694,5.0694,5.0694,5.0694,511.0
2025-08-06T09:40:36,5.0699,5.0699,5.0688,5.0694,3045.0
2025-08-06T09:40:37,5.065,5.065,5.06,5.06,4006.0
2025-08-06T09:40:38,5.055,5.06,5.04,5.04,3108.0
2025-08-06T09:40:39,5.0575,5.0575,5.03,5.03,1200.0
2025-08-06T09:40:40,5.02,5.03,5.02,5.03,1350.0
2025-08-06T09:40:41,5.0388,5.04,5.0388,5.04,260.0
2025-08-06T09:40:42,5.03,5.03,5.025,5.03,2949.0
2025-08-06T09:40:44,5.0398,5.0398,5.0398,5.0398,103.0
2025-08-06T09:40:47,5.03,5.0399,5.0201,5.0399,867.0
2025-08-06T09:40:48,5.0382,5.039,5.0382,5.039,1301.0
2025-08-06T09:40:50,5.02,5.0293,5.02,5.0293,1088.0
2025-08-06T09:40:51,5.025,5.025,5.025,5.025,185.0
2025-08-06T09:40:52,5.0299,5.0299,5.0299,5.0299,697.0
2025-08-06T09:40:53,5.0294,5.0294,5.025,5.025,577.0
2025-08-06T09:40:54,5.02,5.0297,5.02,5.025,3324.0
2025-08-06T09:40:55,5.0299,5.0299,5.0299,5.0299,100.0
2025-08-06T09:40:57,5.0255,5.0255,5.0255,5.0255,187.0
2025-08-06T09:40:58,5.03,5.03,5.03,5.03,435.0
2025-08-06T09:40:59,5.03,5.04,5.0211,5.04,1102.0
2025-08-06T09:41:00,5.036,5.036,5.036,5.036,150.0
2025-08-06T09:41:01,5.04,5.05,5.04,5.05,6429.0
2025-08-06T09:41:04,5.05,5.05,5.05,5.05,323.0
2025-08-06T09:41:05,5.045,5.045,5.045,5.045,326.0
2025-08-06T09:41:07,5.0408,5.0408,5.0408,5.0408,201.0
2025-08-06T09:41:15,5.04,5.04,5.04,5.04,829.0
2025-08-06T09:41:19,5.045,5.045,5.045,5.045,400.0
2025-08-06T09:41:20,5.05,5.15,5.05,5.135,35457.0
2025-08-06T09:41:21,5.17,5.17,5.09,5.1695,3812.0
2025-08-06T09:41:23,5.16,5.17,5.16,5.17,1199.0
2025-08-06T09:41:25,5.18,5.2,5.1794,5.2,793.0
2025-08-06T09:41:26,5.1819,5.1819,5.1819,5.1819,522.0
2025-08-06T09:41:27,5.1955,5.1955,5.1955,5.1955,702.0
2025-08-06T09:41:30,5.1912,5.1912,5.1912,5.1912,433.0
2025-08-06T09:41:32,5.195,5.195,5.195,5.195,400.0
2025-08-06T09:41:33,5.2,5.2,5.2,5.2,100.0
2025-08-06T09:41:34,5.195,5.195,5.19,5.19,531.0
2025-08-06T09:41:35,5.195,5.1955,5.195,5.1955,607.0
2025-08-06T09:41:36,5.1901,5.195,5.1901,5.195,1211.0
2025-08-06T09:41:37,5.1903,5.1903,5.1903,5.1903,901.0
2025-08-06T09:41:39,5.19,5.2,5.19,5.1901,3014.0
2025-08-06T09:41:42,5.1988,5.2,5.195,5.2,1354.0
2025-08-06T09:41:43,5.2006,5.2006,5.2006,5.2006,410.0
2025-08-06T09:41:44,5.2001,5.21,5.2001,5.205,635.0
2025-08-06T09:41:45,5.21,5.23,5.21,5.23,986.0
2025-08-06T09:41:46,5.24,5.25,5.24,5.25,988.0
2025-08-06T09:41:47,5.25,5.25,5.25,5.25,610.0
2025-08-06T09:41:49,5.2599,5.2599,5.2454,5.2581,880.0
2025-08-06T09:41:50,5.25,5.25,5.25,5.25,138.0
2025-08-06T09:41:51,5.25,5.2588,5.25,5.2588,344.0
2025-08-06T09:41:52,5.26,5.26,5.2545,5.2545,1101.0
2025-08-06T09:41:53,5.25,5.26,5.25,5.255,6247.0
2025-08-06T09:41:54,5.26,5.2682,5.2515,5.2682,1382.0
2025-08-06T09:41:55,5.26,5.26,5.26,5.26,500.0
2025-08-06T09:41:56,5.25,5.2599,5.24,5.255,2861.0
2025-08-06T09:41:57,5.26,5.265,5.26,5.265,998.0
2025-08-06T09:41:58,5.265,5.265,5.26,5.265,828.0
2025-08-06T09:42:00,5.265,5.265,5.265,5.265,302.0
2025-08-06T09:42:01,5.265,5.265,5.265,5.265,100.0
2025-08-06T09:42:02,5.2601,5.2606,5.2601,5.2606,300.0
2025-08-06T09:42:03,5.265,5.265,5.265,5.265,450.0
2025-08-06T09:42:04,5.2667,5.2667,5.2606,5.2606,5297.0
2025-08-06T09:42:05,5.2594,5.2594,5.2594,5.2594,3062.0
2025-08-06T09:42:06,5.26,5.26,5.26,5.26,577.0
2025-08-06T09:42:07,5.26,5.26,5.26,5.26,111.0
2025-08-06T09:42:08,5.27,5.27,5.26,5.26,796.0
2025-08-06T09:42:09,5.265,5.27,5.26,5.27,5088.0
2025-08-06T09:42:10,5.2605,5.2605,5.2605,5.2605,320.0
2025-08-06T09:42:11,5.2788,5.2788,5.2788,5.2788,209.0
2025-08-06T09:42:12,5.2788,5.2788,5.25,5.25,1204.0
2025-08-06T09:42:13,5.26,5.2686,5.26,5.26,1177.0
2025-08-06T09:42:15,5.27,5.27,5.27,5.27,314.0
2025-08-06T09:42:16,5.27,5.2701,5.27,5.2701,984.0
2025-08-06T09:42:17,5.2723,5.2723,5.2723,5.2723,3000.0
2025-08-06T09:42:18,5.27,5.27,5.2601,5.2601,407.0
2025-08-06T09:42:19,5.2798,5.2798,5.2798,5.2798,3500.0
2025-08-06T09:42:20,5.2664,5.27,5.26,5.27,4320.0
2025-08-06T09:42:21,5.27,5.27,5.265,5.265,2473.0
2025-08-06T09:42:22,5.265,5.29,5.26,5.28,18758.0
2025-08-06T09:42:24,5.285,5.29,5.285,5.29,1262.0
2025-08-06T09:42:25,5.295,5.2991,5.2945,5.2991,3409.0
2025-08-06T09:42:26,5.2991,5.2991,5.24,5.273,27467.0
2025-08-06T09:42:27,5.25,5.2523,5.24,5.25,8498.0
2025-08-06T09:42:28,5.2581,5.2581,5.25,5.25,288.0
2025-08-06T09:42:29,5.25,5.25,5.25,5.25,100.0
2025-08-06T09:42:31,5.25,5.25,5.24,5.25,2089.0
2025-08-06T09:42:32,5.24,5.2587,5.24,5.2587,2240.0
2025-08-06T09:42:33,5.25,5.25,5.25,5.25,265.0
2025-08-06T09:42:34,5.25,5.2581,5.25,5.2581,435.0
2025-08-06T09:42:35,5.25,5.2657,5.25,5.2657,1505.0
2025-08-06T09:42:36,5.2519,5.2519,5.2519,5.2519,147.0
2025-08-06T09:42:38,5.26,5.26,5.24,5.24,4523.0
2025-08-06T09:42:39,5.25,5.25,5.24,5.24,2001.0
2025-08-06T09:42:40,5.2452,5.2452,5.2452,5.2452,100.0
2025-08-06T09:42:44,5.2452,5.2481,5.2452,5.2481,323.0
2025-08-06T09:42:45,5.23,5.23,5.23,5.23,127.0
2025-08-06T09:42:48,5.2395,5.2395,5.2395,5.2395,510.0
2025-08-06T09:42:49,5.23,5.24,5.23,5.23,898.0
2025-08-06T09:42:52,5.23,5.23,5.23,5.23,150.0
2025-08-06T09:42:54,5.22,5.22,5.22,5.22,1638.0
2025-08-06T09:42:55,5.21,5.21,5.16,5.165,24232.0
2025-08-06T09:42:56,5.165,5.165,5.1502,5.1502,851.0
2025-08-06T09:42:57,5.16,5.16,5.16,5.16,179.0
2025-08-06T09:42:58,5.1552,5.1688,5.1552,5.1688,287.0
2025-08-06T09:42:59,5.16,5.175,5.16,5.175,1611.0
2025-08-06T09:43:00,5.18,5.19,5.18,5.19,529.0
2025-08-06T09:43:01,5.19,5.1988,5.19,5.1988,781.0
2025-08-06T09:43:03,5.2,5.2055,5.2,5.2,2449.0
2025-08-06T09:43:04,5.1917,5.1917,5.1917,5.1917,247.0
2025-08-06T09:43:05,5.205,5.205,5.205,5.205,102.0
2025-08-06T09:43:07,5.1943,5.1943,5.1943,5.1943,300.0
2025-08-06T09:43:08,5.2,5.2,5.2,5.2,393.0
2025-08-06T09:43:09,5.205,5.205,5.2,5.2,450.0
2025-08-06T09:43:12,5.2,5.2,5.19,5.19,990.0
2025-08-06T09:43:15,5.2,5.2,5.2,5.2,562.0
2025-08-06T09:43:16,5.19,5.2,5.18,5.1846,5192.0
2025-08-06T09:43:17,5.19,5.19,5.19,5.19,5588.0
2025-08-06T09:43:18,5.19,5.19,5.19,5.19,200.0
2025-08-06T09:43:19,5.1975,5.22,5.19,5.22,12534.0
2025-08-06T09:43:20,5.2,5.2,5.2,5.2,726.0
2025-08-06T09:43:23,5.2347,5.2347,5.2347,5.2347,140.0
2025-08-06T09:43:26,5.23,5.2381,5.23,5.2381,284.0
2025-08-06T09:43:27,5.2381,5.2381,5.2381,5.2381,494.0
2025-08-06T09:43:28,5.2359,5.2359,5.22,5.22,4529.0
2025-08-06T09:43:31,5.22,5.2225,5.18,5.22,5815.0
2025-08-06T09:43:32,5.19,5.19,5.1815,5.1815,600.0
2025-08-06T09:43:33,5.19,5.19,5.19,5.19,413.0
2025-08-06T09:43:40,5.185,5.185,5.17,5.17,1209.0
2025-08-06T09:43:43,5.1799,5.1799,5.1799,5.1799,4020.0
2025-08-06T09:43:44,5.1755,5.1755,5.175,5.175,457.0
2025-08-06T09:43:45,5.18,5.18,5.175,5.1799,553.0
2025-08-06T09:43:48,5.18,5.18,5.175,5.175,214.0
2025-08-06T09:43:49,5.17,5.17,5.17,5.17,100.0
2025-08-06T09:44:05,5.18,5.2079,5.18,5.19,2424.0
2025-08-06T09:44:06,5.195,5.195,5.195,5.195,200.0
2025-08-06T09:44:11,5.1911,5.2,5.1911,5.2,1707.0
2025-08-06T09:44:13,5.2,5.2,5.2,5.2,1220.0
2025-08-06T09:44:14,5.2,5.2,5.2,5.2,500.0
2025-08-06T09:44:15,5.19,5.205,5.19,5.205,3685.0
2025-08-06T09:44:16,5.205,5.205,5.205,5.205,201.0
2025-08-06T09:44:17,5.21,5.21,5.2,5.2,2882.0
2025-08-06T09:44:18,5.1892,5.1892,5.1892,5.1892,910.0
2025-08-06T09:44:19,5.18,5.18,5.18,5.18,457.0
2025-08-06T09:44:20,5.19,5.19,5.19,5.19,385.0
2025-08-06T09:44:21,5.1981,5.1981,5.1981,5.1981,193.0
2025-08-06T09:44:23,5.1999,5.1999,5.1999,5.1999,250.0
2025-08-06T09:44:24,5.1987,5.1987,5.19,5.19,1068.0
2025-08-06T09:44:28,5.2,5.2,5.2,5.2,1962.0
2025-08-06T09:44:42,5.2,5.2,5.18,5.18,2421.0
2025-08-06T09:44:43,5.171,5.18,5.171,5.18,772.0
2025-08-06T09:44:44,5.17,5.17,5.17,5.17,222.0
2025-08-06T09:44:50,5.19,5.19,5.19,5.19,503.0
2025-08-06T09:44:58,5.1932,5.1932,5.1932,5.1932,500.0
2025-08-06T09:44:59,5.19,5.19,5.19,5.19,353.0
2025-08-06T09:45:00,5.19,5.19,5.18,5.19,2714.0
2025-08-06T09:45:03,5.2098,5.2098,5.2098,5.2098,222.0
2025-08-06T09:45:05,5.19,5.19,5.19,5.19,641.0
2025-08-06T09:45:07,5.19,5.195,5.19,5.19,1356.0
2025-08-06T09:45:12,5.19,5.19,5.19,5.19,204.0
2025-08-06T09:45:15,5.19,5.19,5.19,5.19,181.0
2025-08-06T09:45:18,5.19,5.1999,5.19,5.1999,3386.0
2025-08-06T09:45:20,5.19,5.19,5.19,5.19,523.0
2025-08-06T09:45:22,5.1881,5.1881,5.1881,5.1881,398.0
2025-08-06T09:45:25,5.1898,5.1898,5.1898,5.1898,200.0
2025-08-06T09:45:27,5.185,5.185,5.185,5.185,265.0
2025-08-06T09:45:28,5.175,5.175,5.17,5.17,1343.0
2025-08-06T09:45:30,5.1518,5.1518,5.1,5.12,9118.0
2025-08-06T09:45:31,5.1189,5.135,5.1189,5.135,1136.0
2025-08-06T09:45:35,5.135,5.135,5.135,5.135,300.0
2025-08-06T09:45:36,5.135,5.135,5.135,5.135,1698.0
2025-08-06T09:45:37,5.135,5.135,5.135,5.135,651.0
2025-08-06T09:45:38,5.13,5.13,5.13,5.13,113.0
2025-08-06T09:45:39,5.14,5.14,5.14,5.14,200.0
2025-08-06T09:45:40,5.131,5.131,5.12,5.13,1158.0
2025-08-06T09:45:44,5.1218,5.1218,5.1218,5.1218,610.0
2025-08-06T09:45:45,5.1499,5.1499,5.1499,5.1499,240.0
2025-08-06T09:45:50,5.12,5.12,5.115,5.115,932.0
2025-08-06T09:45:51,5.1235,5.1235,5.1235,5.1235,200.0
2025-08-06T09:45:52,5.11,5.1399,5.11,5.1399,330.0
2025-08-06T09:45:54,5.125,5.125,5.125,5.125,160.0
2025-08-06T09:45:56,5.11,5.11,5.09,5.11,5551.0
2025-08-06T09:45:57,5.11,5.11,5.11,5.11,325.0
2025-08-06T09:45:58,5.11,5.11,5.1,5.1,1040.0
2025-08-06T09:46:00,5.11,5.12,5.11,5.12,1275.0
2025-08-06T09:46:02,5.13,5.13,5.13,5.13,313.0
2025-08-06T09:46:04,5.13,5.1305,5.08,5.1,15829.0
2025-08-06T09:46:06,5.1,5.12,5.1,5.1018,7646.0
2025-08-06T09:46:07,5.111,5.111,5.1002,5.1002,1156.0
2025-08-06T09:46:10,5.1,5.11,5.1,5.11,260.0
2025-08-06T09:46:11,5.109,5.109,5.1,5.1,757.0
2025-08-06T09:46:12,5.1002,5.1002,5.1002,5.1002,1035.0
2025-08-06T09:46:14,5.1,5.1,5.095,5.095,1153.0
2025-08-06T09:46:17,5.08,5.0809,5.08,5.0809,1694.0
2025-08-06T09:46:21,5.07,5.07,5.07,5.07,100.0
2025-08-06T09:46:24,5.08,5.08,5.0718,5.0718,289.0
2025-08-06T09:46:27,5.07,5.07,5.07,5.07,627.0
2025-08-06T09:46:29,5.0888,5.0888,5.0888,5.0888,550.0
2025-08-06T09:46:30,5.0882,5.0882,5.0882,5.0882,250.0
2025-08-06T09:46:31,5.07,5.07,5.04,5.04,3996.0
2025-08-06T09:46:32,5.0318,5.0318,5.0318,5.0318,258.0
2025-08-06T09:46:34,5.034,5.034,5.034,5.034,219.0
2025-08-06T09:46:35,5.0334,5.045,5.03,5.045,3719.0
2025-08-06T09:46:36,5.0412,5.0412,5.0412,5.0412,193.0
2025-08-06T09:46:37,5.0412,5.0412,5.0412,5.0412,399.0
2025-08-06T09:46:38,5.05,5.065,5.05,5.065,4313.0
2025-08-06T09:46:39,5.07,5.0714,5.07,5.0714,292.0
2025-08-06T09:46:41,5.07,5.07,5.07,5.07,200.0
2025-08-06T09:46:42,5.0755,5.0755,5.0755,5.0755,550.0
2025-08-06T09:46:43,5.08,5.08,5.08,5.08,100.0
2025-08-06T09:46:45,5.0806,5.0806,5.0806,5.0806,136.0
2025-08-06T09:46:50,5.0812,5.0899,5.0812,5.0899,1200.0
2025-08-06T09:46:51,5.085,5.085,5.075,5.075,2457.0
2025-08-06T09:46:52,5.07,5.0768,5.07,5.0768,2000.0
2025-08-06T09:46:54,5.08,5.09,5.08,5.08,5074.0
2025-08-06T09:47:00,5.0707,5.0707,5.0707,5.0707,254.0
2025-08-06T09:47:03,5.075,5.08,5.075,5.08,369.0
2025-08-06T09:47:05,5.08,5.0896,5.07,5.08,4674.0
2025-08-06T09:47:08,5.08,5.08,5.08,5.08,2000.0
2025-08-06T09:47:09,5.09,5.11,5.09,5.11,646.0
2025-08-06T09:47:10,5.11,5.11,5.11,5.11,205.0
2025-08-06T09:47:11,5.11,5.12,5.11,5.12,549.0
2025-08-06T09:47:13,5.125,5.125,5.125,5.125,480.0
2025-08-06T09:47:19,5.125,5.125,5.12,5.12,1387.0
2025-08-06T09:47:20,5.11,5.11,5.11,5.11,166.0
2025-08-06T09:47:28,5.09,5.09,5.09,5.09,202.0
2025-08-06T09:47:29,5.091,5.091,5.091,5.091,500.0
2025-08-06T09:47:31,5.1099,5.1099,5.1099,5.1099,145.0
2025-08-06T09:47:32,5.1082,5.1082,5.09,5.09,1490.0
2025-08-06T09:47:33,5.0864,5.0864,5.0864,5.0864,100.0
2025-08-06T09:47:37,5.0897,5.0897,5.0897,5.0897,600.0
2025-08-06T09:47:38,5.09,5.09,5.09,5.09,189.0
2025-08-06T09:47:40,5.08,5.08,5.08,5.08,410.0
2025-08-06T09:47:42,5.07,5.0745,5.07,5.07,821.0
2025-08-06T09:47:43,5.08,5.08,5.08,5.08,205.0
2025-08-06T09:47:46,5.08,5.08,5.08,5.08,312.0
2025-08-06T09:47:49,5.0718,5.0718,5.0718,5.0718,198.0
2025-08-06T09:47:53,5.08,5.08,5.08,5.08,450.0
2025-08-06T09:47:58,5.09,5.09,5.09,5.09,161.0
2025-08-06T09:48:01,5.09,5.09,5.09,5.09,300.0
2025-08-06T09:48:04,5.0982,5.0982,5.0982,5.0982,131.0
2025-08-06T09:48:06,5.08,5.08,5.07,5.08,3691.0
2025-08-06T09:48:10,5.07,5.07,5.07,5.07,375.0
2025-08-06T09:48:11,5.04,5.04,5.04,5.04,107.0
2025-08-06T09:48:14,5.06,5.06,5.06,5.06,200.0
2025-08-06T09:48:17,5.05,5.05,5.0418,5.0418,582.0
2025-08-06T09:48:18,5.0582,5.0582,5.0582,5.0582,197.0
2025-08-06T09:48:19,5.0418,5.0418,5.0418,5.0418,694.0
2025-08-06T09:48:21,5.05,5.0598,5.05,5.0598,402.0
2025-08-06T09:48:23,5.05,5.05,5.05,5.05,115.0
2025-08-06T09:48:25,5.05,5.05,5.05,5.05,707.0
2025-08-06T09:48:27,5.0401,5.0401,5.0401,5.0401,100.0
2025-08-06T09:48:28,5.04,5.04,5.03,5.03,3166.0
2025-08-06T09:48:29,5.03,5.03,5.03,5.03,270.0
2025-08-06T09:48:30,5.03,5.03,5.03,5.03,100.0
2025-08-06T09:48:32,5.0399,5.0399,5.0399,5.0399,368.0
2025-08-06T09:48:35,5.03,5.03,5.03,5.03,1000.0
2025-08-06T09:48:36,5.0201,5.0201,5.0201,5.0201,3544.0
2025-08-06T09:48:38,5.03,5.03,5.02,5.02,1268.0
2025-08-06T09:48:39,5.03,5.04,5.02,5.04,928.0
2025-08-06T09:48:40,5.01,5.0101,5.01,5.0101,5650.0
2025-08-06T09:48:42,5.04,5.04,5.0,5.013,11281.0
2025-08-06T09:48:43,5.03,5.0495,5.02,5.02,2672.0
2025-08-06T09:48:44,5.025,5.025,5.025,5.025,201.0
2025-08-06T09:48:46,5.0482,5.0482,5.0482,5.0482,139.0
2025-08-06T09:48:47,5.03,5.03,5.03,5.03,430.0
2025-08-06T09:48:50,5.019,5.019,5.019,5.019,3034.0
2025-08-06T09:48:51,5.03,5.0394,5.03,5.0394,777.0
2025-08-06T09:48:57,5.03,5.03,5.03,5.03,1515.0
2025-08-06T09:48:58,5.0118,5.0118,5.0118,5.0118,495.0
2025-08-06T09:49:02,5.02,5.02,5.02,5.02,100.0
2025-08-06T09:49:03,5.02,5.04,5.02,5.04,4877.0
2025-08-06T09:49:04,5.05,5.05,5.05,5.05,169.0
2025-08-06T09:49:05,5.035,5.035,5.03,5.03,1123.0
2025-08-06T09:49:07,5.0188,5.0188,5.01,5.01,725.0
2025-08-06T09:49:08,5.015,5.015,5.015,5.015,2033.0
2025-08-06T09:49:10,5.0198,5.0198,5.0188,5.0188,340.0
2025-08-06T09:49:15,5.0198,5.0198,5.0198,5.0198,187.0
2025-08-06T09:49:16,5.0199,5.0199,5.0199,5.0199,100.0
2025-08-06T09:49:17,5.0194,5.0194,5.0194,5.0194,506.0
2025-08-06T09:49:19,5.015,5.015,5.015,5.015,141.0
2025-08-06T09:49:20,5.0145,5.02,5.0145,5.02,1120.0
2025-08-06T09:49:21,5.015,5.015,5.015,5.015,410.0
2025-08-06T09:49:23,5.0199,5.02,5.0199,5.02,1362.0
2025-08-06T09:49:24,5.0201,5.0262,5.0201,5.0262,600.0
2025-08-06T09:49:27,5.03,5.03,5.03,5.03,318.0
2025-08-06T09:49:29,5.04,5.04,5.04,5.04,354.0
2025-08-06T09:49:30,5.043,5.043,5.043,5.043,200.0
2025-08-06T09:49:31,5.05,5.05,5.05,5.05,162.0
2025-08-06T09:49:35,5.04,5.04,5.04,5.04,210.0
2025-08-06T09:49:38,5.04,5.0499,5.04,5.0499,400.0
2025-08-06T09:49:46,5.05,5.05,5.05,5.05,200.0
2025-08-06T09:49:53,5.06,5.08,5.06,5.0735,6493.0
2025-08-06T09:49:54,5.075,5.075,5.0618,5.0618,715.0
2025-08-06T09:49:58,5.075,5.075,5.06,5.06,1556.0
2025-08-06T09:49:59,5.0699,5.0699,5.0699,5.0699,200.0
2025-08-06T09:50:03,5.0699,5.0699,5.0699,5.0699,101.0
2025-08-06T09:50:05,5.055,5.055,5.055,5.055,220.0
2025-08-06T09:50:08,5.04,5.04,5.04,5.04,511.0
2025-08-06T09:50:12,5.0482,5.0482,5.0482,5.0482,234.0
2025-08-06T09:50:18,5.03,5.04,5.03,5.03,3012.0
2025-08-06T09:50:22,5.04,5.04,5.04,5.04,195.0
2025-08-06T09:50:29,5.02,5.02,5.02,5.02,300.0
2025-08-06T09:50:34,5.0398,5.0398,5.03,5.03,200.0
2025-08-06T09:50:35,5.03,5.03,5.03,5.03,200.0
2025-08-06T09:50:36,5.03,5.03,5.02,5.02,3736.0
2025-08-06T09:50:37,5.014,5.0159,5.014,5.0159,736.0
2025-08-06T09:50:38,5.01,5.01,5.0,5.0,8483.0
2025-08-06T09:50:40,5.0001,5.01,5.0001,5.01,623.0
2025-08-06T09:50:41,5.0,5.0011,5.0,5.0011,3971.0
2025-08-06T09:50:43,5.009,5.009,5.0,5.0,3665.0
2025-08-06T09:50:44,5.0,5.0,5.0,5.0,400.0
2025-08-06T09:50:45,5.0,5.01,5.0,5.01,1181.0
2025-08-06T09:50:46,5.0,5.01,5.0,5.0,657.0
2025-08-06T09:50:47,5.0012,5.0012,5.0,5.0,502.0
2025-08-06T09:50:49,5.0,5.0,5.0,5.0,600.0
2025-08-06T09:50:50,5.0,5.01,5.0,5.01,407.0
2025-08-06T09:50:51,5.0002,5.0002,5.0002,5.0002,351.0
2025-08-06T09:50:52,5.0108,5.0108,5.0,5.0,848.0
2025-08-06T09:50:53,5.0005,5.0005,5.0005,5.0005,301.0
2025-08-06T09:50:54,5.0199,5.0199,5.0199,5.0199,200.0
2025-08-06T09:51:01,5.0,5.0,5.0,5.0,300.0
2025-08-06T09:51:02,5.01,5.03,5.01,5.03,4004.0
2025-08-06T09:51:03,5.0118,5.0118,5.0118,5.0118,517.0
2025-08-06T09:51:04,5.025,5.025,5.025,5.025,126.0
2025-08-06T09:51:05,5.025,5.025,5.025,5.025,117.0
2025-08-06T09:51:08,5.03,5.03,5.03,5.03,638.0
2025-08-06T09:51:13,5.021,5.021,5.021,5.021,1000.0
2025-08-06T09:51:14,5.035,5.035,5.035,5.035,196.0
2025-08-06T09:51:17,5.0455,5.0455,5.0455,5.0455,602.0
2025-08-06T09:51:19,5.0218,5.035,5.0218,5.035,601.0
2025-08-06T09:51:22,5.04,5.04,5.03,5.04,764.0
2025-08-06T09:51:23,5.04,5.04,5.04,5.04,125.0
2025-08-06T09:51:24,5.04,5.04,5.04,5.04,475.0
2025-08-06T09:51:25,5.04,5.04,5.04,5.04,100.0
2025-08-06T09:51:29,5.04,5.04,5.04,5.04,101.0
2025-08-06T09:51:33,5.05,5.05,5.05,5.05,3522.0
2025-08-06T09:51:34,5.075,5.075,5.075,5.075,536.0
2025-08-06T09:51:35,5.0799,5.0799,5.06,5.0799,1302.0
2025-08-06T09:51:39,5.0796,5.0796,5.0796,5.0796,102.0
2025-08-06T09:51:41,5.05,5.05,5.05,5.05,138.0
2025-08-06T09:51:42,5.06,5.06,5.06,5.06,100.0
2025-08-06T09:51:54,5.0699,5.0699,5.0699,5.0699,150.0
2025-08-06T09:51:59,5.055,5.055,5.055,5.055,175.0
2025-08-06T09:52:01,5.0673,5.0673,5.0673,5.0673,350.0
2025-08-06T09:52:03,5.0403,5.0678,5.0403,5.0678,828.0
2025-08-06T09:52:05,5.055,5.055,5.055,5.055,100.0
2025-08-06T09:52:06,5.055,5.055,5.055,5.055,167.0
2025-08-06T09:52:07,5.0538,5.0538,5.0538,5.0538,1386.0
2025-08-06T09:52:12,5.0699,5.0699,5.0699,5.0699,402.0
2025-08-06T09:52:14,5.055,5.0568,5.055,5.0568,1487.0
2025-08-06T09:52:15,5.055,5.055,5.05,5.055,993.0
2025-08-06T09:52:16,5.06,5.06,5.06,5.06,143.0
2025-08-06T09:52:20,5.065,5.065,5.065,5.065,1000.0
2025-08-06T09:52:21,5.065,5.065,5.065,5.065,800.0
2025-08-06T09:52:22,5.07,5.08,5.07,5.07,2854.0
2025-08-06T09:52:23,5.08,5.08,5.08,5.08,300.0
2025-08-06T09:52:24,5.08,5.08,5.08,5.08,307.0
2025-08-06T09:52:27,5.0798,5.08,5.0798,5.08,834.0
2025-08-06T09:52:29,5.07,5.08,5.07,5.07,1122.0
2025-08-06T09:52:37,5.08,5.08,5.08,5.08,513.0
2025-08-06T09:52:38,5.09,5.11,5.09,5.11,4322.0
2025-08-06T09:52:39,5.1,5.1,5.1,5.1,711.0
2025-08-06T09:52:45,5.1,5.1,5.1,5.1,100.0
2025-08-06T09:52:49,5.105,5.105,5.105,5.105,125.0
2025-08-06T09:52:50,5.1,5.1,5.075,5.075,3543.0
2025-08-06T09:52:51,5.075,5.075,5.075,5.075,149.0
2025-08-06T09:52:54,5.0788,5.0788,5.0788,5.0788,176.0
2025-08-06T09:52:58,5.0788,5.0788,5.0788,5.0788,196.0
2025-08-06T09:53:00,5.075,5.075,5.06,5.06,5863.0
2025-08-06T09:53:06,5.05,5.05,5.05,5.05,187.0
2025-08-06T09:53:08,5.06,5.06,5.06,5.06,380.0
2025-08-06T09:53:10,5.06,5.06,5.06,5.06,150.0
2025-08-06T09:53:15,5.07,5.07,5.07,5.07,234.0
2025-08-06T09:53:16,5.05,5.065,5.05,5.06,14437.0
2025-08-06T09:53:20,5.06,5.06,5.06,5.06,100.0
2025-08-06T09:53:22,5.07,5.07,5.07,5.07,219.0
2025-08-06T09:53:25,5.06,5.06,5.06,5.06,100.0
2025-08-06T09:53:30,5.06,5.06,5.06,5.06,138.0
2025-08-06T09:53:31,5.06,5.06,5.06,5.06,109.0
2025-08-06T09:53:35,5.06,5.06,5.06,5.06,150.0
2025-08-06T09:53:36,5.06,5.06,5.06,5.06,1000.0
2025-08-06T09:53:37,5.0512,5.0512,5.0512,5.0512,502.0
2025-08-06T09:53:46,5.06,5.06,5.06,5.06,109.0
2025-08-06T09:53:48,5.06,5.06,5.06,5.06,100.0
2025-08-06T09:53:49,5.05,5.06,5.05,5.05,8921.0
2025-08-06T09:53:52,5.0499,5.0499,5.0499,5.0499,150.0
2025-08-06T09:53:55,5.04,5.045,5.04,5.04,942.0
2025-08-06T09:53:58,5.0499,5.0499,5.0499,5.0499,115.0
2025-08-06T09:54:04,5.0407,5.0407,5.0407,5.0407,700.0
2025-08-06T09:54:05,5.045,5.045,5.04,5.04,2575.0
2025-08-06T09:54:06,5.04,5.04,5.03,5.03,3756.0
2025-08-06T09:54:08,5.03,5.03,5.03,5.03,220.0
2025-08-06T09:54:15,5.045,5.045,5.045,5.045,100.0
2025-08-06T09:54:22,5.04,5.06,5.04,5.06,4850.0
2025-08-06T09:54:26,5.06,5.06,5.05,5.06,2167.0
2025-08-06T09:54:35,5.065,5.065,5.065,5.065,322.0
2025-08-06T09:54:45,5.065,5.065,5.065,5.065,100.0
2025-08-06T09:54:46,5.07,5.07,5.06,5.06,2691.0
2025-08-06T09:54:47,5.055,5.055,5.055,5.055,169.0
2025-08-06T09:54:49,5.05,5.05,5.045,5.045,527.0
2025-08-06T09:54:53,5.03,5.04,5.03,5.03,4829.0
2025-08-06T09:54:58,5.03,5.03,5.03,5.03,198.0
2025-08-06T09:54:59,5.02,5.035,5.01,5.03,8773.0
2025-08-06T09:55:00,5.03,5.03,5.03,5.03,137.0
2025-08-06T09:55:02,5.03,5.03,5.022,5.03,3025.0
2025-08-06T09:55:03,5.036,5.04,5.036,5.04,544.0
2025-08-06T09:55:04,5.03,5.0412,5.03,5.04,3055.0
2025-08-06T09:55:05,5.0492,5.0492,5.0492,5.0492,999.0
2025-08-06T09:55:12,5.06,5.07,5.06,5.07,2581.0
2025-08-06T09:55:15,5.065,5.065,5.065,5.065,350.0
2025-08-06T09:55:17,5.0655,5.0655,5.065,5.065,1101.0
2025-08-06T09:55:25,5.08,5.12,5.07,5.1075,6561.0
2025-08-06T09:55:27,5.12,5.12,5.12,5.12,900.0
2025-08-06T09:55:30,5.13,5.14,5.13,5.14,261.0
2025-08-06T09:55:36,5.12,5.1496,5.12,5.1496,1521.0
2025-08-06T09:55:37,5.1499,5.1499,5.1499,5.1499,440.0
2025-08-06T09:55:40,5.13,5.13,5.11,5.11,324.0
2025-08-06T09:55:42,5.1481,5.1481,5.1481,5.1481,223.0
2025-08-06T09:55:45,5.13,5.13,5.13,5.13,1300.0
2025-08-06T09:55:46,5.11,5.11,5.11,5.11,550.0
2025-08-06T09:55:53,5.14,5.16,5.14,5.16,12767.0
2025-08-06T09:55:55,5.16,5.18,5.1505,5.1756,1671.0
2025-08-06T09:55:56,5.19,5.19,5.19,5.19,191.0
2025-08-06T09:55:57,5.1751,5.1751,5.150091,5.1519,5186.0
2025-08-06T09:55:58,5.1775,5.1775,5.1775,5.1775,1047.0
2025-08-06T09:56:00,5.17,5.17,5.17,5.17,220.0
2025-08-06T09:56:01,5.17,5.17,5.17,5.17,129.0
2025-08-06T09:56:02,5.1575,5.17,5.1575,5.17,300.0
2025-08-06T09:56:04,5.15,5.19,5.15,5.1896,4293.0
2025-08-06T09:56:06,5.15,5.16,5.15,5.15,27821.0
2025-08-06T09:56:07,5.15,5.15,5.15,5.15,1814.0
2025-08-06T09:56:08,5.15,5.1781,5.15,5.1781,727.0
2025-08-06T09:56:10,5.1684,5.1684,5.1684,5.1684,560.0
2025-08-06T09:56:11,5.1542,5.1542,5.1542,5.1542,100.0
2025-08-06T09:56:15,5.1519,5.16,5.15,5.15,600.0
2025-08-06T09:56:16,5.15,5.15,5.15,5.15,701.0
2025-08-06T09:56:17,5.165,5.165,5.165,5.165,734.0
2025-08-06T09:56:18,5.1507,5.1507,5.1507,5.1507,119.0
2025-08-06T09:56:19,5.165,5.17,5.165,5.17,1691.0
2025-08-06T09:56:20,5.16,5.1673,5.15,5.15,4635.0
2025-08-06T09:56:21,5.15,5.15,5.15,5.15,630.0
2025-08-06T09:56:23,5.15,5.15,5.15,5.15,524.0
2025-08-06T09:56:24,5.16,5.16,5.16,5.16,920.0
2025-08-06T09:56:28,5.1699,5.1699,5.1699,5.1699,186.0
2025-08-06T09:56:29,5.16,5.16,5.16,5.16,100.0
2025-08-06T09:56:30,5.16,5.16,5.16,5.16,1713.0
2025-08-06T09:56:33,5.1546,5.1546,5.1546,5.1546,1919.0
2025-08-06T09:56:37,5.1599,5.1599,5.1599,5.1599,500.0
2025-08-06T09:56:39,5.1503,5.1503,5.1503,5.1503,500.0
2025-08-06T09:56:42,5.155,5.2,5.12,5.12,14812.0
2025-08-06T09:56:43,5.1106,5.1106,5.1106,5.1106,159.0
2025-08-06T09:56:47,5.1188,5.12,5.115,5.12,518.0
2025-08-06T09:56:48,5.11,5.11,5.1,5.1,1298.0
2025-08-06T09:56:49,5.0894,5.0894,5.0894,5.0894,195.0
2025-08-06T09:56:52,5.08,5.085,5.08,5.08,663.0
2025-08-06T09:56:53,5.08,5.08,5.065,5.065,884.0
2025-08-06T09:56:54,5.06,5.06,5.06,5.06,799.0
2025-08-06T09:56:55,5.07,5.08,5.060661,5.060661,1553.0
2025-08-06T09:56:58,5.065,5.065,5.065,5.065,2500.0
2025-08-06T09:56:59,5.065,5.065,5.065,5.065,1003.0
2025-08-06T09:57:00,5.06,5.06,5.06,5.06,100.0
2025-08-06T09:57:03,5.07,5.11,5.07,5.11,5813.0
2025-08-06T09:57:04,5.115,5.115,5.115,5.115,205.0
2025-08-06T09:57:06,5.115,5.115,5.115,5.115,167.0
2025-08-06T09:57:13,5.12,5.16,5.12,5.1375,4829.0
2025-08-06T09:57:14,5.16,5.16,5.16,5.16,991.0
2025-08-06T09:57:17,5.1682,5.1682,5.1419,5.1419,1202.0
2025-08-06T09:57:20,5.1682,5.1682,5.1682,5.1682,499.0
2025-08-06T09:57:21,5.155,5.155,5.155,5.155,821.0
2025-08-06T09:57:22,5.1502,5.1502,5.1502,5.1502,170.0
2025-08-06T09:57:26,5.1507,5.2,5.1507,5.2,25857.0
2025-08-06T09:57:27,5.199,5.2,5.19,5.19,5731.0
2025-08-06T09:57:32,5.19,5.1981,5.19,5.1981,1642.0
2025-08-06T09:57:35,5.18,5.18,5.18,5.18,993.0
2025-08-06T09:57:36,5.17,5.17,5.17,5.17,1500.0
2025-08-06T09:57:41,5.17,5.17,5.17,5.17,192.0
2025-08-06T09:57:42,5.17,5.17,5.17,5.17,967.0
2025-08-06T09:57:46,5.18,5.19,5.174,5.18,1695.0
2025-08-06T09:57:52,5.17,5.17,5.17,5.17,3167.0
2025-08-06T09:57:59,5.17,5.17,5.17,5.17,805.0
2025-08-06T09:58:00,5.17,5.17,5.17,5.17,200.0
2025-08-06T09:58:03,5.18,5.2,5.17,5.17,3256.0
2025-08-06T09:58:04,5.1604,5.1604,5.1604,5.1604,1406.0
2025-08-06T09:58:06,5.1545,5.1545,5.1545,5.1545,267.0
2025-08-06T09:58:08,5.1599,5.1599,5.1599,5.1599,122.0
2025-08-06T09:58:09,5.1501,5.1501,5.1501,5.1501,200.0
2025-08-06T09:58:10,5.1588,5.1588,5.1588,5.1588,137.0
2025-08-06T09:58:12,5.16,5.17,5.15,5.15,4344.0
2025-08-06T09:58:13,5.15,5.18,5.14,5.16,4528.0
2025-08-06T09:58:14,5.18,5.1899,5.18,5.1899,1748.0
2025-08-06T09:58:19,5.1489,5.1489,5.1488,5.1488,310.0
2025-08-06T09:58:21,5.1499,5.1499,5.1499,5.1499,100.0
2025-08-06T09:58:24,5.1408,5.18,5.1408,5.18,8713.0
2025-08-06T09:58:25,5.18,5.18,5.18,5.18,2000.0
2025-08-06T09:58:26,5.185,5.185,5.185,5.185,100.0
2025-08-06T09:58:27,5.19,5.19,5.188,5.19,1968.0
2025-08-06T09:58:29,5.19,5.19,5.19,5.19,200.0
2025-08-06T09:58:30,5.19,5.19,5.19,5.19,231.0
2025-08-06T09:58:31,5.19,5.19,5.19,5.19,132.0
2025-08-06T09:58:32,5.19,5.19,5.19,5.19,300.0
2025-08-06T09:58:33,5.2,5.22,5.196,5.22,13568.0
2025-08-06T09:58:34,5.21,5.21,5.21,5.21,340.0
2025-08-06T09:58:35,5.216,5.22,5.21,5.216,3039.0
2025-08-06T09:58:36,5.22,5.22,5.218,5.218,436.0
2025-08-06T09:58:37,5.21,5.215,5.21,5.215,200.0
2025-08-06T09:58:38,5.2112,5.2112,5.2112,5.2112,970.0
2025-08-06T09:58:39,5.21,5.21,5.21,5.21,223.0
2025-08-06T09:58:40,5.21,5.21,5.21,5.21,1000.0
2025-08-06T09:58:41,5.21,5.2199,5.21,5.2199,570.0
2025-08-06T09:58:42,5.22,5.22,5.22,5.22,606.0
2025-08-06T09:58:44,5.216,5.2181,5.216,5.2181,368.0
2025-08-06T09:58:47,5.21,5.211,5.21,5.211,2150.0
2025-08-06T09:58:48,5.2002,5.2002,5.2002,5.2002,3000.0
2025-08-06T09:58:49,5.22,5.22,5.22,5.22,150.0
2025-08-06T09:58:53,5.22,5.22,5.22,5.22,1000.0
2025-08-06T09:58:54,5.2182,5.2182,5.2182,5.2182,1060.0
2025-08-06T09:58:55,5.21,5.21,5.2002,5.2002,1143.0
2025-08-06T09:58:56,5.21,5.21,5.21,5.21,142.0
2025-08-06T09:58:57,5.21,5.21,5.21,5.21,221.0
2025-08-06T09:58:59,5.211,5.211,5.18,5.18,12628.0
2025-08-06T09:59:00,5.18,5.18,5.18,5.18,100.0
2025-08-06T09:59:01,5.1899,5.1899,5.1899,5.1899,400.0
2025-08-06T09:59:02,5.15,5.1528,5.15,5.1501,2704.0
2025-08-06T09:59:03,5.17,5.17,5.17,5.17,110.0
2025-08-06T09:59:05,5.17,5.17,5.17,5.17,112.0
2025-08-06T09:59:06,5.1881,5.1881,5.1881,5.1881,469.0
2025-08-06T09:59:07,5.17,5.205,5.15,5.205,19050.0
2025-08-06T09:59:08,5.205,5.245,5.16,5.24,11237.0
2025-08-06T09:59:09,5.24,5.28,5.24,5.275,9339.0
2025-08-06T09:59:11,5.28,5.28,5.27,5.27,382.0
2025-08-06T09:59:13,5.2609,5.29,5.2609,5.285,9371.0
2025-08-06T09:59:14,5.28,5.28,5.28,5.28,406.0
2025-08-06T09:59:15,5.2853,5.2853,5.2853,5.2853,352.0
2025-08-06T09:59:16,5.29,5.29,5.275,5.2899,3938.0
2025-08-06T09:59:17,5.29,5.29,5.2858,5.2858,1140.0
2025-08-06T09:59:18,5.2858,5.2875,5.2858,5.2875,320.0
2025-08-06T09:59:19,5.2601,5.2601,5.2601,5.2601,1010.0
2025-08-06T09:59:20,5.2601,5.29,5.26,5.26,3371.0
2025-08-06T09:59:21,5.28,5.2881,5.28,5.2881,324.0
2025-08-06T09:59:22,5.28,5.28,5.28,5.28,226.0
2025-08-06T09:59:23,5.28,5.28,5.267,5.267,768.0
2025-08-06T09:59:24,5.28,5.28,5.28,5.28,834.0
2025-08-06T09:59:25,5.27,5.28,5.27,5.28,1235.0
2025-08-06T09:59:26,5.2,5.28,5.2,5.28,29797.0
2025-08-06T09:59:27,5.2725,5.28,5.27,5.27,503.0
2025-08-06T09:59:28,5.28,5.28,5.28,5.28,2096.0
2025-08-06T09:59:29,5.2719,5.2719,5.2719,5.2719,542.0
2025-08-06T09:59:30,5.29,5.29,5.2707,5.2707,650.0
2025-08-06T09:59:31,5.271,5.28,5.27,5.28,1765.0
2025-08-06T09:59:32,5.28,5.2889,5.28,5.2889,2591.0
2025-08-06T09:59:33,5.2889,5.2889,5.2889,5.2889,502.0
2025-08-06T09:59:34,5.29,5.29,5.28,5.28,1737.0
2025-08-06T09:59:35,5.2881,5.2881,5.2881,5.2881,429.0
2025-08-06T09:59:36,5.29,5.3199,5.2,5.3199,41539.0
2025-08-06T09:59:37,5.31,5.32,5.31,5.32,1577.0
2025-08-06T09:59:38,5.32,5.32,5.3,5.3,2331.0
2025-08-06T09:59:39,5.315,5.3175,5.299,5.299,2887.0
2025-08-06T09:59:40,5.31,5.32,5.3,5.3,3778.0
2025-08-06T09:59:41,5.2904,5.2904,5.2904,5.2904,2611.0
2025-08-06T09:59:42,5.31,5.31,5.29,5.3081,635.0
2025-08-06T09:59:43,5.2911,5.2911,5.2911,5.2911,701.0
2025-08-06T09:59:44,5.3019,5.3019,5.3,5.3,25200.0
2025-08-06T09:59:45,5.31,5.31,5.3099,5.3099,1240.0
2025-08-06T09:59:46,5.3095,5.3095,5.3095,5.3095,1083.0
2025-08-06T09:59:48,5.31,5.31,5.305,5.305,3102.0
2025-08-06T09:59:49,5.3002,5.301,5.295,5.295,1528.0
2025-08-06T09:59:50,5.2906,5.2999,5.2906,5.2906,719.0
2025-08-06T09:59:51,5.2998,5.3,5.295,5.3,4310.0
2025-08-06T09:59:52,5.2765,5.2765,5.2765,5.2765,1010.0
2025-08-06T09:59:53,5.2863,5.29,5.2863,5.29,560.0
2025-08-06T09:59:54,5.29,5.29,5.275,5.275,1149.0
2025-08-06T09:59:55,5.265,5.265,5.265,5.265,726.0
2025-08-06T09:59:56,5.27,5.28,5.27,5.2781,1005.0
2025-08-06T09:59:57,5.27,5.2781,5.27,5.2781,340.0
2025-08-06T09:59:58,5.2699,5.28,5.2699,5.27,3494.0
2025-08-06T09:59:59,5.2788,5.2788,5.2788,5.2788,479.0
2025-08-06T10:00:00,5.275,5.275,5.275,5.275,371.0
2025-08-06T10:00:01,5.2796,5.2796,5.2796,5.2796,888.0
2025-08-06T10:00:02,5.28,5.28,5.28,5.28,400.0
2025-08-06T10:00:05,5.28,5.28,5.27,5.27,2192.0
2025-08-06T10:00:06,5.2663,5.27,5.265,5.27,3588.0
2025-08-06T10:00:07,5.27,5.27,5.27,5.27,267.0
2025-08-06T10:00:08,5.2688,5.2688,5.26,5.26,500.0
2025-08-06T10:00:12,5.27,5.3,5.27,5.3,4826.0
2025-08-06T10:00:13,5.3,5.3,5.3,5.3,927.0
2025-08-06T10:00:14,5.3,5.3,5.3,5.3,393.0
2025-08-06T10:00:15,5.31,5.31,5.28,5.3,1312.0
2025-08-06T10:00:17,5.3,5.3091,5.3,5.3,3128.0
2025-08-06T10:00:18,5.2994,5.2994,5.2994,5.2994,267.0
2025-08-06T10:00:21,5.2955,5.2955,5.2955,5.2955,1000.0
2025-08-06T10:00:22,5.3,5.3,5.3,5.3,501.0
2025-08-06T10:00:23,5.3,5.3,5.2999,5.2999,1136.0
2025-08-06T10:00:24,5.3,5.3,5.3,5.3,2634.0
2025-08-06T10:00:25,5.3,5.3,5.3,5.3,598.0
2025-08-06T10:00:26,5.3,5.3,5.3,5.3,402.0
2025-08-06T10:00:27,5.3099,5.3099,5.3099,5.3099,9477.0
2025-08-06T10:00:28,5.3099,5.3099,5.29,5.295,7985.0
2025-08-06T10:00:30,5.29,5.2981,5.29,5.2981,1750.0
2025-08-06T10:00:32,5.29,5.29,5.29,5.29,110.0
2025-08-06T10:00:33,5.3,5.3,5.285,5.285,1530.0
2025-08-06T10:00:36,5.29,5.32,5.29,5.32,9708.0
2025-08-06T10:00:37,5.3013,5.3013,5.3013,5.3013,306.0
2025-08-06T10:00:38,5.32,5.32,5.32,5.32,606.0
2025-08-06T10:00:40,5.325,5.33,5.32,5.33,4463.0
2025-08-06T10:00:41,5.336,5.3495,5.336,5.3495,1437.0
2025-08-06T10:00:42,5.35,5.35,5.3488,5.3488,1493.0
2025-08-06T10:00:43,5.35,5.38,5.35,5.3799,11825.0
2025-08-06T10:00:44,5.38,5.38,5.36,5.36,2017.0
2025-08-06T10:00:45,5.365,5.3781,5.36,5.3781,2284.0
2025-08-06T10:00:46,5.3561,5.37,5.3561,5.37,550.0
2025-08-06T10:00:47,5.3695,5.37,5.3695,5.37,1432.0
2025-08-06T10:00:48,5.38,5.38,5.38,5.38,279.0
2025-08-06T10:00:49,5.3712,5.3712,5.3712,5.3712,188.0
2025-08-06T10:00:50,5.3794,5.38,5.3701,5.38,1301.0
2025-08-06T10:00:51,5.375,5.38,5.375,5.38,430.0
2025-08-06T10:00:53,5.3766,5.3766,5.3766,5.3766,2136.0
2025-08-06T10:00:54,5.375,5.385,5.35,5.385,11387.0
2025-08-06T10:00:55,5.3891,5.39,5.38,5.39,1291.0
2025-08-06T10:00:56,5.385,5.385,5.375,5.375,4095.0
2025-08-06T10:00:57,5.3706,5.3706,5.3706,5.3706,310.0
2025-08-06T10:00:58,5.38,5.39,5.378,5.3801,2667.0
2025-08-06T10:00:59,5.3808,5.39,5.3808,5.39,828.0
2025-08-06T10:01:00,5.39,5.39,5.385,5.385,1623.0
2025-08-06T10:01:01,5.385,5.39,5.38,5.385,2867.0
2025-08-06T10:01:02,5.3807,5.3898,5.3801,5.3855,5963.0
2025-08-06T10:01:03,5.3845,5.385,5.3845,5.385,1395.0
2025-08-06T10:01:04,5.385,5.39,5.385,5.3888,2580.0
2025-08-06T10:01:05,5.3809,5.3809,5.3809,5.3809,168.0
2025-08-06T10:01:06,5.385,5.425,5.38,5.4099,31052.0
2025-08-06T10:01:07,5.4099,5.43,5.4099,5.43,3196.0
2025-08-06T10:01:08,5.4299,5.43,5.42,5.43,4242.0
2025-08-06T10:01:09,5.42,5.428,5.4101,5.4101,621.0
2025-08-06T10:01:10,5.4287,5.43,5.4116,5.43,2157.0
2025-08-06T10:01:11,5.428,5.428,5.428,5.428,242.0
2025-08-06T10:01:12,5.4125,5.425,5.4102,5.42,2871.0
2025-08-06T10:01:14,5.4288,5.447,5.42,5.44,5292.0
2025-08-06T10:01:15,5.42,5.44,5.42,5.44,829.0
2025-08-06T10:01:16,5.4388,5.4388,5.43,5.43,487.0
2025-08-06T10:01:17,5.435,5.44,5.43,5.43,6021.0
2025-08-06T10:01:18,5.4398,5.4399,5.4301,5.4301,1463.0
2025-08-06T10:01:19,5.44,5.44,5.43,5.4395,1350.0
2025-08-06T10:01:20,5.4394,5.44,5.435,5.44,1231.0
2025-08-06T10:01:21,5.44,5.44,5.435,5.435,564.0
2025-08-06T10:01:22,5.4388,5.44,5.435,5.435,508.0
2025-08-06T10:01:23,5.435,5.4388,5.4306,5.4306,975.0
2025-08-06T10:01:24,5.44,5.44,5.4301,5.4301,1323.0
2025-08-06T10:01:25,5.44,5.44,5.435,5.44,5763.0
2025-08-06T10:01:26,5.4388,5.44,5.4301,5.4301,1535.0
2025-08-06T10:01:27,5.44,5.445,5.439,5.439,4215.0
2025-08-06T10:01:28,5.43,5.43,5.42,5.42,2309.0
2025-08-06T10:01:29,5.41,5.42,5.41,5.42,420.0
2025-08-06T10:01:30,5.4006,5.428,5.4006,5.415,3271.0
2025-08-06T10:01:31,5.415,5.415,5.415,5.415,550.0
2025-08-06T10:01:33,5.4,5.43,5.4,5.43,400.0
2025-08-06T10:01:34,5.412,5.42,5.411,5.42,1959.0
2025-08-06T10:01:36,5.42,5.42,5.42,5.42,171.0
2025-08-06T10:01:38,5.42,5.42,5.42,5.42,410.0
2025-08-06T10:01:39,5.41,5.4101,5.363,5.37,7103.0
2025-08-06T10:01:40,5.3775,5.3775,5.3753,5.3753,372.0
2025-08-06T10:01:41,5.3701,5.3702,5.3701,5.3702,2461.0
2025-08-06T10:01:42,5.38,5.3895,5.38,5.381,1787.0
2025-08-06T10:01:43,5.3883,5.3899,5.385,5.385,1278.0
2025-08-06T10:01:44,5.39,5.39,5.39,5.39,335.0
2025-08-06T10:01:45,5.39,5.39,5.39,5.39,706.0
2025-08-06T10:01:46,5.3888,5.3888,5.3888,5.3888,659.0
2025-08-06T10:01:48,5.3869,5.39,5.3819,5.39,4415.0
2025-08-06T10:01:49,5.39,5.39,5.39,5.39,599.0
2025-08-06T10:01:50,5.3888,5.3888,5.3888,5.3888,149.0
2025-08-06T10:01:52,5.39,5.39,5.39,5.39,914.0
2025-08-06T10:01:53,5.39,5.39,5.385,5.3888,2505.0
2025-08-06T10:01:55,5.385,5.385,5.385,5.385,335.0
2025-08-06T10:01:56,5.3803,5.3803,5.3803,5.3803,100.0
2025-08-06T10:01:57,5.39,5.39,5.3601,5.3781,4214.0
2025-08-06T10:01:58,5.369,5.375,5.369,5.375,3001.0
2025-08-06T10:01:59,5.37,5.37,5.32,5.34,23913.0
2025-08-06T10:02:00,5.345,5.3494,5.34,5.34,455.0
2025-08-06T10:02:01,5.3412,5.3412,5.3412,5.3412,287.0
2025-08-06T10:02:02,5.35,5.35,5.33,5.33,2273.0
2025-08-06T10:02:03,5.3345,5.34,5.3345,5.34,644.0
2025-08-06T10:02:05,5.3301,5.335,5.3301,5.335,373.0
2025-08-06T10:02:06,5.34,5.34,5.34,5.34,1773.0
2025-08-06T10:02:07,5.34,5.35,5.34,5.35,2082.0
2025-08-06T10:02:08,5.3412,5.36,5.3412,5.355,2135.0
2025-08-06T10:02:11,5.36,5.365,5.36,5.36,2174.0
2025-08-06T10:02:12,5.3601,5.3601,5.359,5.3599,6604.0
2025-08-06T10:02:13,5.3512,5.3512,5.3512,5.3512,150.0
2025-08-06T10:02:15,5.355,5.355,5.35,5.35,808.0
2025-08-06T10:02:16,5.36,5.3645,5.36,5.3645,1660.0
2025-08-06T10:02:18,5.37,5.375,5.37,5.375,437.0
2025-08-06T10:02:19,5.3799,5.38,5.37,5.3799,957.0
2025-08-06T10:02:20,5.375,5.375,5.37,5.37,401.0
2025-08-06T10:02:21,5.37,5.37,5.37,5.37,1738.0
2025-08-06T10:02:22,5.38,5.38,5.38,5.38,616.0
2025-08-06T10:02:25,5.3647,5.37,5.3639,5.37,2707.0
2025-08-06T10:02:26,5.37,5.37,5.3546,5.3546,4848.0
2025-08-06T10:02:27,5.3599,5.3599,5.355,5.355,680.0
2025-08-06T10:02:28,5.35,5.35,5.345,5.345,1015.0
2025-08-06T10:02:29,5.345,5.345,5.3211,5.3211,5142.0
2025-08-06T10:02:30,5.3297,5.3308,5.325,5.3308,1488.0
2025-08-06T10:02:31,5.33,5.33,5.33,5.33,354.0
2025-08-06T10:02:32,5.3288,5.3288,5.325,5.325,709.0
2025-08-06T10:02:33,5.325,5.329,5.325,5.329,2112.0
2025-08-06T10:02:34,5.33,5.33,5.33,5.33,524.0
2025-08-06T10:02:35,5.3207,5.3207,5.3207,5.3207,100.0
2025-08-06T10:02:36,5.3207,5.33,5.3207,5.33,556.0
2025-08-06T10:02:37,5.325,5.3294,5.3201,5.3201,501.0
2025-08-06T10:02:38,5.32,5.32,5.32,5.32,310.0
2025-08-06T10:02:39,5.32,5.32,5.32,5.32,303.0
2025-08-06T10:02:40,5.32,5.32,5.31,5.31,2777.0
2025-08-06T10:02:41,5.3112,5.32,5.309,5.309,5013.0
2025-08-06T10:02:42,5.304,5.3199,5.304,5.3199,15186.0
2025-08-06T10:02:43,5.31,5.31,5.3,5.3,2088.0
2025-08-06T10:02:44,5.3019,5.3019,5.3019,5.3019,161.0
2025-08-06T10:02:45,5.31,5.31,5.3,5.3001,1194.0
2025-08-06T10:02:48,5.31,5.31,5.31,5.31,322.0
2025-08-06T10:02:49,5.3017,5.3017,5.3017,5.3017,1576.0
2025-08-06T10:02:50,5.32,5.32,5.32,5.32,622.0
2025-08-06T10:02:52,5.3126,5.3198,5.26,5.28,7099.0
2025-08-06T10:02:55,5.26,5.26,5.25,5.25,5710.0
2025-08-06T10:02:56,5.2512,5.26,5.2512,5.26,349.0
2025-08-06T10:02:58,5.269,5.27,5.269,5.27,1583.0
2025-08-06T10:02:59,5.27,5.2788,5.27,5.27,3478.0
2025-08-06T10:03:00,5.27,5.27,5.265,5.265,2327.0
2025-08-06T10:03:01,5.275,5.275,5.27,5.27,401.0
2025-08-06T10:03:02,5.2794,5.2794,5.2755,5.2755,305.0
2025-08-06T10:03:04,5.27,5.2798,5.27,5.2798,602.0
2025-08-06T10:03:05,5.275,5.275,5.2701,5.2701,339.0
2025-08-06T10:03:06,5.2797,5.2797,5.2797,5.2797,191.0
2025-08-06T10:03:08,5.2712,5.28,5.2712,5.2793,1552.0
2025-08-06T10:03:11,5.2792,5.2792,5.2712,5.2712,659.0
2025-08-06T10:03:12,5.28,5.28,5.28,5.28,100.0
2025-08-06T10:03:14,5.27,5.275,5.27,5.275,962.0
2025-08-06T10:03:15,5.275,5.275,5.275,5.275,323.0
2025-08-06T10:03:16,5.28,5.28,5.27,5.27,3054.0
2025-08-06T10:03:17,5.275,5.275,5.2619,5.2619,911.0
2025-08-06T10:03:18,5.26,5.26,5.26,5.26,236.0
2025-08-06T10:03:20,5.255,5.255,5.255,5.255,128.0
2025-08-06T10:03:22,5.26,5.26,5.26,5.26,235.0
2025-08-06T10:03:23,5.2511,5.2511,5.2511,5.2511,1203.0
2025-08-06T10:03:24,5.255,5.255,5.255,5.255,340.0
2025-08-06T10:03:30,5.255,5.255,5.25,5.25,1572.0
2025-08-06T10:03:31,5.2554,5.26,5.2554,5.26,1150.0
2025-08-06T10:03:33,5.27,5.27,5.27,5.27,199.0
2025-08-06T10:03:34,5.28,5.28,5.2701,5.2701,10297.0
2025-08-06T10:03:35,5.275,5.275,5.275,5.275,300.0
2025-08-06T10:03:36,5.2701,5.2701,5.2701,5.2701,130.0
2025-08-06T10:03:37,5.28,5.28,5.28,5.28,282.0
2025-08-06T10:03:38,5.2792,5.2792,5.2792,5.2792,200.0
2025-08-06T10:03:39,5.2799,5.2799,5.2799,5.2799,200.0
2025-08-06T10:03:42,5.28,5.28,5.28,5.28,1402.0
2025-08-06T10:03:46,5.275,5.275,5.275,5.275,170.0
2025-08-06T10:03:48,5.275,5.275,5.275,5.275,200.0
2025-08-06T10:03:49,5.2708,5.2708,5.2708,5.2708,120.0
2025-08-06T10:03:50,5.2794,5.31,5.2794,5.3,3006.0
2025-08-06T10:03:54,5.2999,5.3,5.29,5.29,2381.0
2025-08-06T10:03:55,5.295,5.295,5.295,5.295,138.0
2025-08-06T10:03:56,5.29,5.29,5.29,5.29,121.0
2025-08-06T10:04:00,5.3,5.33,5.3,5.33,1853.0
2025-08-06T10:04:02,5.34,5.34,5.34,5.34,440.0
2025-08-06T10:04:03,5.3393,5.3399,5.33,5.3399,616.0
2025-08-06T10:04:05,5.3399,5.3399,5.33,5.33,1563.0
2025-08-06T10:04:09,5.3219,5.33,5.3219,5.33,330.0
2025-08-06T10:04:12,5.335,5.335,5.335,5.335,235.0
2025-08-06T10:04:13,5.34,5.34,5.34,5.34,1291.0
2025-08-06T10:04:15,5.3338,5.34,5.3338,5.34,1891.0
2025-08-06T10:04:17,5.3495,5.35,5.3495,5.35,1398.0
2025-08-06T10:04:19,5.3585,5.3585,5.3585,5.3585,100.0
2025-08-06T10:04:21,5.35,5.35,5.3401,5.35,11812.0
2025-08-06T10:04:22,5.3599,5.3599,5.3599,5.3599,361.0
2025-08-06T10:04:24,5.36,5.36,5.345,5.349,4226.0
2025-08-06T10:04:25,5.36,5.36,5.36,5.36,2001.0
2025-08-06T10:04:26,5.3488,5.3488,5.3488,5.3488,258.0
2025-08-06T10:04:28,5.3406,5.3406,5.3406,5.3406,820.0
2025-08-06T10:04:29,5.3488,5.3488,5.3412,5.3412,376.0
2025-08-06T10:04:34,5.35,5.355,5.35,5.355,650.0
2025-08-06T10:04:35,5.36,5.36,5.36,5.36,392.0
2025-08-06T10:04:36,5.37,5.37,5.37,5.37,940.0
2025-08-06T10:04:37,5.3613,5.367,5.3613,5.367,638.0
2025-08-06T10:04:38,5.3786,5.3786,5.3786,5.3786,186.0
2025-08-06T10:04:40,5.38,5.38,5.35,5.35,14132.0
2025-08-06T10:04:41,5.35,5.36,5.35,5.36,799.0
2025-08-06T10:04:42,5.3588,5.3599,5.3588,5.3599,784.0
2025-08-06T10:04:43,5.3501,5.3501,5.3501,5.3501,309.0
2025-08-06T10:04:45,5.355,5.355,5.355,5.355,144.0
2025-08-06T10:04:46,5.355,5.36,5.355,5.3595,1072.0
2025-08-06T10:04:47,5.36,5.36,5.36,5.36,600.0
2025-08-06T10:04:48,5.3599,5.3599,5.3555,5.3555,2100.0
2025-08-06T10:04:49,5.3508,5.36,5.3508,5.36,1684.0
2025-08-06T10:04:50,5.3554,5.36,5.355,5.355,2582.0
2025-08-06T10:04:51,5.3592,5.3592,5.355,5.355,244.0
2025-08-06T10:04:53,5.3588,5.36,5.3588,5.36,293.0
2025-08-06T10:04:54,5.35,5.35,5.34,5.34,2861.0
2025-08-06T10:04:55,5.3305,5.34,5.32,5.3305,6095.0
2025-08-06T10:04:56,5.34,5.34,5.339,5.34,1500.0
2025-08-06T10:04:59,5.35,5.35,5.35,5.35,717.0
2025-08-06T10:05:01,5.34,5.34,5.337,5.337,2120.0
2025-08-06T10:05:02,5.34,5.34,5.34,5.34,414.0
2025-08-06T10:05:04,5.3499,5.3499,5.33,5.34,582.0
2025-08-06T10:05:05,5.3481,5.3481,5.3481,5.3481,111.0
2025-08-06T10:05:07,5.3487,5.3487,5.3487,5.3487,617.0
2025-08-06T10:05:08,5.346,5.35,5.34,5.35,1953.0
2025-08-06T10:05:09,5.35,5.35,5.33,5.335,3780.0
2025-08-06T10:05:10,5.33,5.34,5.33,5.34,4904.0
2025-08-06T10:05:11,5.35,5.3599,5.35,5.3599,1056.0
2025-08-06T10:05:12,5.36,5.37,5.35,5.37,1823.0
2025-08-06T10:05:13,5.355,5.36,5.355,5.36,655.0
2025-08-06T10:05:18,5.3688,5.3688,5.3688,5.3688,778.0
2025-08-06T10:05:19,5.365,5.365,5.365,5.365,100.0
2025-08-06T10:05:24,5.3685,5.3685,5.3685,5.3685,5135.0
2025-08-06T10:05:26,5.365,5.365,5.365,5.365,285.0
2025-08-06T10:05:27,5.365,5.375,5.365,5.37,8077.0
2025-08-06T10:05:28,5.3706,5.375,5.3706,5.375,247.0
2025-08-06T10:05:30,5.3795,5.38,5.3715,5.38,1028.0
2025-08-06T10:05:32,5.3794,5.3794,5.3794,5.3794,226.0
2025-08-06T10:05:33,5.375,5.375,5.3749,5.3749,1741.0
2025-08-06T10:05:34,5.375,5.375,5.34,5.35,6659.0
2025-08-06T10:05:38,5.3499,5.3499,5.3499,5.3499,100.0
2025-08-06T10:05:39,5.3488,5.3488,5.345,5.345,384.0
2025-08-06T10:05:41,5.34,5.35,5.33,5.3415,3879.0
2025-08-06T10:05:42,5.35,5.35,5.35,5.35,200.0
2025-08-06T10:05:45,5.35,5.35,5.35,5.35,2807.0
2025-08-06T10:05:47,5.3582,5.3599,5.3582,5.3599,1498.0
2025-08-06T10:05:48,5.3402,5.3402,5.3402,5.3402,466.0
2025-08-06T10:05:52,5.355,5.355,5.355,5.355,2000.0
2025-08-06T10:05:55,5.36,5.36,5.36,5.36,112.0
2025-08-06T10:06:01,5.351,5.351,5.351,5.351,579.0
2025-08-06T10:06:02,5.35,5.355,5.35,5.355,11224.0
2025-08-06T10:06:03,5.35,5.35,5.35,5.35,400.0
2025-08-06T10:06:04,5.3591,5.3591,5.3591,5.3591,198.0
2025-08-06T10:06:05,5.3506,5.3506,5.3506,5.3506,204.0
2025-08-06T10:06:06,5.3599,5.3599,5.3599,5.3599,200.0
2025-08-06T10:06:08,5.355,5.355,5.355,5.355,103.0
2025-08-06T10:06:10,5.355,5.355,5.355,5.355,130.0
2025-08-06T10:06:11,5.355,5.355,5.3512,5.3512,233.0
2025-08-06T10:06:15,5.35,5.355,5.35,5.355,2541.0
2025-08-06T10:06:23,5.355,5.355,5.355,5.355,150.0
2025-08-06T10:06:24,5.355,5.355,5.355,5.355,300.0
2025-08-06T10:06:25,5.36,5.38,5.36,5.38,5404.0
2025-08-06T10:06:28,5.385,5.385,5.385,5.385,100.0
2025-08-06T10:06:29,5.3823,5.39,5.3823,5.39,851.0
2025-08-06T10:06:30,5.38,5.38,5.38,5.38,1039.0
2025-08-06T10:06:31,5.38,5.38,5.38,5.38,524.0
2025-08-06T10:06:33,5.3807,5.3812,5.3807,5.3812,211.0
2025-08-06T10:06:34,5.38,5.4,5.38,5.395,5032.0
2025-08-06T10:06:35,5.401,5.405,5.4,5.4,1751.0
2025-08-06T10:06:36,5.395,5.395,5.395,5.395,240.0
2025-08-06T10:06:37,5.3992,5.4,5.385,5.3899,2050.0
2025-08-06T10:06:39,5.39,5.4,5.39,5.398,2821.0
2025-08-06T10:06:40,5.3999,5.3999,5.3999,5.3999,1010.0
2025-08-06T10:06:41,5.4,5.4,5.4,5.4,1092.0
2025-08-06T10:06:42,5.395,5.395,5.395,5.395,100.0
2025-08-06T10:06:44,5.4,5.4,5.395,5.395,2930.0
2025-08-06T10:06:45,5.4,5.4,5.4,5.4,962.0
2025-08-06T10:06:46,5.4081,5.4081,5.405,5.405,687.0
2025-08-06T10:06:47,5.41,5.41,5.4012,5.4012,310.0
2025-08-06T10:06:50,5.41,5.41,5.405,5.405,1207.0
2025-08-06T10:06:51,5.42,5.42,5.42,5.42,2819.0
2025-08-06T10:06:52,5.425,5.435,5.425,5.435,3089.0
2025-08-06T10:06:53,5.42,5.4284,5.42,5.4284,243.0
2025-08-06T10:06:54,5.42,5.42,5.4112,5.4112,1191.0
2025-08-06T10:06:55,5.428,5.4299,5.428,5.4299,433.0
2025-08-06T10:06:56,5.42,5.42,5.42,5.42,263.0
2025-08-06T10:06:57,5.41,5.4241,5.41,5.4241,2178.0
2025-08-06T10:06:58,5.428,5.428,5.4232,5.4232,2286.0
2025-08-06T10:07:00,5.4144,5.43,5.4144,5.43,2068.0
2025-08-06T10:07:02,5.43,5.43,5.43,5.43,351.0
2025-08-06T10:07:03,5.435,5.435,5.4288,5.4288,947.0
2025-08-06T10:07:04,5.43,5.43,5.43,5.43,1812.0
2025-08-06T10:07:05,5.4388,5.4388,5.4388,5.4388,613.0
2025-08-06T10:07:06,5.435,5.4388,5.435,5.4388,649.0
2025-08-06T10:07:08,5.4346,5.4346,5.4346,5.4346,2000.0
2025-08-06T10:07:09,5.4308,5.4308,5.4308,5.4308,212.0
2025-08-06T10:07:10,5.4361,5.4361,5.4361,5.4361,658.0
2025-08-06T10:07:11,5.435,5.435,5.4312,5.4312,1155.0
2025-08-06T10:07:12,5.43,5.43,5.43,5.43,1053.0
2025-08-06T10:07:13,5.43,5.435,5.43,5.435,4796.0
2025-08-06T10:07:14,5.4345,5.4345,5.4345,5.4345,121.0
2025-08-06T10:07:15,5.4399,5.4399,5.4399,5.4399,200.0
2025-08-06T10:07:18,5.4309,5.4309,5.4309,5.4309,110.0
2025-08-06T10:07:19,5.4305,5.435,5.4198,5.4198,6753.0
2025-08-06T10:07:20,5.415,5.4188,5.415,5.415,880.0
2025-08-06T10:07:21,5.42,5.42,5.42,5.42,110.0
2025-08-06T10:07:22,5.415,5.4188,5.415,5.4188,223.0
2025-08-06T10:07:25,5.415,5.4197,5.415,5.4197,1279.0
2025-08-06T10:07:26,5.4199,5.4199,5.4199,5.4199,644.0
2025-08-06T10:07:35,5.415,5.415,5.41,5.41,551.0
2025-08-06T10:07:36,5.4108,5.4108,5.39,5.39,8169.0
2025-08-06T10:07:37,5.39,5.39,5.365,5.38,2225.0
2025-08-06T10:07:38,5.3606,5.365,5.35,5.365,14732.0
2025-08-06T10:07:39,5.36,5.36,5.36,5.36,366.0
2025-08-06T10:07:41,5.3694,5.3694,5.3694,5.3694,807.0
2025-08-06T10:07:42,5.37,5.37,5.37,5.37,952.0
2025-08-06T10:07:43,5.36,5.365,5.35,5.35,2237.0
2025-08-06T10:07:44,5.35,5.3586,5.3451,5.3451,4174.0
2025-08-06T10:07:45,5.34,5.34,5.34,5.34,188.0
2025-08-06T10:07:46,5.355,5.355,5.3505,5.3505,1000.0
2025-08-06T10:07:48,5.3592,5.3592,5.3592,5.3592,119.0
2025-08-06T10:07:49,5.35,5.35,5.322,5.322,2405.0
2025-08-06T10:07:50,5.32,5.325,5.3,5.3,5364.0
2025-08-06T10:07:51,5.315,5.325,5.3102,5.32,1004.0
2025-08-06T10:07:52,5.3192,5.3192,5.3101,5.3101,704.0
2025-08-06T10:07:53,5.3188,5.3188,5.3188,5.3188,232.0
2025-08-06T10:07:54,5.32,5.34,5.32,5.335,13169.0
2025-08-06T10:07:57,5.335,5.335,5.33,5.3307,835.0
2025-08-06T10:07:58,5.34,5.34,5.34,5.34,206.0
2025-08-06T10:07:59,5.3394,5.3394,5.3301,5.3301,380.0
2025-08-06T10:08:05,5.3399,5.3399,5.3399,5.3399,310.0
2025-08-06T10:08:06,5.3388,5.3388,5.3388,5.3388,575.0
2025-08-06T10:08:08,5.33,5.3392,5.33,5.3392,372.0
2025-08-06T10:08:11,5.34,5.345,5.33,5.33,1743.0
2025-08-06T10:08:13,5.335,5.335,5.335,5.335,168.0
2025-08-06T10:08:14,5.331,5.331,5.33,5.33,4623.0
2025-08-06T10:08:16,5.32,5.32,5.31,5.31,571.0
2025-08-06T10:08:17,5.3,5.312,5.3,5.305,4223.0
2025-08-06T10:08:19,5.3008,5.3008,5.3008,5.3008,421.0
2025-08-06T10:08:20,5.3,5.3,5.3,5.3,405.0
2025-08-06T10:08:21,5.3008,5.3008,5.285,5.285,3184.0
2025-08-06T10:08:22,5.285,5.29,5.2812,5.29,2807.0
2025-08-06T10:08:25,5.2988,5.2988,5.2907,5.2907,935.0
2025-08-06T10:08:27,5.2906,5.2906,5.2906,5.2906,786.0
2025-08-06T10:08:31,5.2912,5.3,5.2912,5.3,997.0
2025-08-06T10:08:33,5.3009,5.3009,5.3009,5.3009,105.0
2025-08-06T10:08:34,5.31,5.31,5.31,5.31,372.0
2025-08-06T10:08:39,5.325,5.325,5.325,5.325,691.0
2025-08-06T10:08:42,5.3297,5.3297,5.325,5.325,600.0
2025-08-06T10:08:43,5.3288,5.3288,5.3288,5.3288,481.0
2025-08-06T10:08:45,5.325,5.325,5.325,5.325,300.0
2025-08-06T10:08:47,5.32,5.32,5.32,5.32,1180.0
2025-08-06T10:08:51,5.315,5.33,5.315,5.33,3712.0
2025-08-06T10:08:52,5.3308,5.3308,5.3305,5.3305,1950.0
2025-08-06T10:08:53,5.3312,5.3312,5.3312,5.3312,504.0
2025-08-06T10:08:54,5.331,5.331,5.32,5.32,11182.0
2025-08-06T10:08:55,5.32,5.32,5.32,5.32,3210.0
2025-08-06T10:08:57,5.31,5.31,5.31,5.31,185.0
2025-08-06T10:08:58,5.3198,5.3198,5.3198,5.3198,151.0
2025-08-06T10:08:59,5.31,5.31,5.31,5.31,1000.0
2025-08-06T10:09:02,5.32,5.32,5.32,5.32,616.0
2025-08-06T10:09:03,5.34,5.34,5.34,5.34,109.0
2025-08-06T10:09:04,5.34,5.34,5.34,5.34,120.0
2025-08-06T10:09:05,5.34,5.34,5.34,5.34,102.0
2025-08-06T10:09:06,5.34,5.35,5.34,5.35,1917.0
2025-08-06T10:09:10,5.353,5.353,5.353,5.353,378.0
2025-08-06T10:09:15,5.36,5.37,5.36,5.37,1441.0
2025-08-06T10:09:18,5.37,5.38,5.37,5.38,649.0
2025-08-06T10:09:20,5.3884,5.3884,5.3884,5.3884,103.0
2025-08-06T10:09:21,5.385,5.385,5.385,5.385,651.0
2025-08-06T10:09:24,5.3854,5.3854,5.3854,5.3854,1000.0
2025-08-06T10:09:25,5.3892,5.3892,5.3812,5.3812,258.0
2025-08-06T10:09:26,5.385,5.385,5.38,5.38,1338.0
2025-08-06T10:09:27,5.37,5.37,5.3699,5.37,11516.0
2025-08-06T10:09:28,5.3794,5.3794,5.3794,5.3794,155.0
2025-08-06T10:09:30,5.38,5.38,5.37,5.37,13899.0
2025-08-06T10:09:31,5.3612,5.3612,5.3612,5.3612,481.0
2025-08-06T10:09:32,5.365,5.375,5.36,5.37,20027.0
2025-08-06T10:09:33,5.36,5.38,5.36,5.38,16474.0
2025-08-06T10:09:35,5.371,5.371,5.371,5.371,3055.0
2025-08-06T10:09:36,5.37,5.37,5.37,5.37,121.0
2025-08-06T10:09:38,5.37,5.37,5.37,5.37,388.0
2025-08-06T10:09:39,5.37,5.37,5.36,5.37,591.0
2025-08-06T10:09:41,5.375,5.375,5.375,5.375,134.0
2025-08-06T10:09:42,5.37,5.37,5.37,5.37,123.0
2025-08-06T10:09:45,5.3799,5.38,5.3799,5.38,850.0
2025-08-06T10:09:48,5.375,5.4,5.375,5.4,4127.0
2025-08-06T10:09:49,5.4,5.4,5.3998,5.4,1789.0
2025-08-06T10:09:51,5.41,5.41,5.41,5.41,472.0
2025-08-06T10:09:53,5.42,5.42,5.41,5.415,1005.0
2025-08-06T10:09:55,5.42,5.42,5.414,5.414,751.0
2025-08-06T10:09:56,5.4116,5.4116,5.4116,5.4116,200.0
2025-08-06T10:09:58,5.41,5.41,5.41,5.41,1957.0
2025-08-06T10:10:00,5.3993,5.3993,5.3907,5.3907,419.0
2025-08-06T10:10:02,5.39,5.39,5.39,5.39,980.0
2025-08-06T10:10:03,5.385,5.4,5.38,5.4,4823.0
2025-08-06T10:10:05,5.401,5.4088,5.401,5.4088,372.0
2025-08-06T10:10:06,5.405,5.405,5.405,5.405,328.0
2025-08-06T10:10:07,5.4099,5.4099,5.4099,5.4099,115.0
2025-08-06T10:10:08,5.405,5.405,5.405,5.405,153.0
2025-08-06T10:10:09,5.4099,5.4099,5.405,5.405,200.0
2025-08-06T10:10:10,5.4,5.4,5.4,5.4,100.0
2025-08-06T10:10:11,5.4099,5.4099,5.4094,5.4094,569.0
2025-08-06T10:10:12,5.4099,5.4099,5.4099,5.4099,243.0
2025-08-06T10:10:13,5.4009,5.4009,5.4009,5.4009,293.0
2025-08-06T10:10:14,5.42,5.42,5.4,5.4,1916.0
2025-08-06T10:10:15,5.4012,5.4012,5.4,5.4,374.0
2025-08-06T10:10:16,5.405,5.405,5.405,5.405,310.0
2025-08-06T10:10:17,5.41,5.41,5.41,5.41,5053.0
2025-08-06T10:10:19,5.405,5.405,5.405,5.405,25120.0
2025-08-06T10:10:20,5.4,5.4,5.3887,5.3887,3838.0
2025-08-06T10:10:21,5.375,5.375,5.36,5.3705,3339.0
2025-08-06T10:10:24,5.375,5.38,5.375,5.38,1017.0
2025-08-06T10:10:25,5.39,5.39,5.3719,5.3719,963.0
2025-08-06T10:10:26,5.385,5.385,5.385,5.385,3000.0
2025-08-06T10:10:27,5.3999,5.3999,5.39,5.39,372.0
2025-08-06T10:10:28,5.382,5.39,5.38,5.39,542.0
2025-08-06T10:10:32,5.3807,5.3807,5.3807,5.3807,420.0
2025-08-06T10:10:33,5.4,5.4,5.4,5.4,1542.0
2025-08-06T10:10:37,5.4,5.4,5.4,5.4,103.0
2025-08-06T10:10:38,5.41,5.41,5.41,5.41,658.0
2025-08-06T10:10:40,5.41,5.44,5.41,5.42,5217.0
2025-08-06T10:10:41,5.42,5.4285,5.4119,5.42,1856.0
2025-08-06T10:10:42,5.42,5.42,5.42,5.42,407.0
2025-08-06T10:10:44,5.42,5.42,5.42,5.42,2000.0
2025-08-06T10:10:45,5.43,5.43,5.43,5.43,600.0
2025-08-06T10:10:46,5.422,5.422,5.422,5.422,566.0
2025-08-06T10:10:47,5.42,5.42,5.42,5.42,320.0
2025-08-06T10:10:48,5.42,5.4307,5.42,5.4307,18094.0
2025-08-06T10:10:49,5.435,5.44,5.4294,5.4294,8676.0
2025-08-06T10:10:50,5.425,5.425,5.425,5.425,459.0
2025-08-06T10:10:51,5.4209,5.4209,5.4209,5.4209,410.0
2025-08-06T10:10:52,5.43,5.435,5.43,5.43,1385.0
2025-08-06T10:10:53,5.43,5.43,5.42,5.42,1250.0
2025-08-06T10:10:54,5.435,5.435,5.42,5.42,10280.0
2025-08-06T10:10:55,5.4394,5.4394,5.4394,5.4394,100.0
2025-08-06T10:10:56,5.435,5.435,5.435,5.435,300.0
2025-08-06T10:10:57,5.4393,5.4399,5.4393,5.4399,405.0
2025-08-06T10:10:58,5.44,5.44,5.425,5.425,1763.0
2025-08-06T10:11:01,5.42,5.4293,5.42,5.4293,4204.0
2025-08-06T10:11:02,5.42,5.42,5.39,5.4,3656.0
2025-08-06T10:11:03,5.3981,5.3981,5.3981,5.3981,246.0
2025-08-06T10:11:04,5.39,5.3984,5.39,5.3984,743.0
2025-08-06T10:11:05,5.3909,5.3909,5.3909,5.3909,100.0
2025-08-06T10:11:06,5.4,5.4,5.3912,5.3912,1255.0
2025-08-06T10:11:07,5.4,5.425,5.4,5.425,12025.0
2025-08-06T10:11:08,5.425,5.425,5.41,5.41,4146.0
2025-08-06T10:11:09,5.41,5.41,5.4089,5.4089,1996.0
2025-08-06T10:11:11,5.41,5.41,5.41,5.41,2365.0
2025-08-06T10:11:12,5.4184,5.4184,5.41,5.41,2803.0
2025-08-06T10:11:13,5.41,5.41,5.41,5.41,188.0
2025-08-06T10:11:14,5.42,5.42,5.405,5.405,1066.0
2025-08-06T10:11:15,5.405,5.4088,5.4001,5.405,6341.0
2025-08-06T10:11:16,5.4001,5.41,5.4001,5.41,1308.0
2025-08-06T10:11:21,5.4099,5.41,5.4099,5.41,544.0
2025-08-06T10:11:22,5.41,5.415,5.41,5.415,600.0
2025-08-06T10:11:24,5.4192,5.4192,5.4192,5.4192,700.0
2025-08-06T10:11:26,5.4108,5.4108,5.4108,5.4108,1019.0
2025-08-06T10:11:27,5.4188,5.4188,5.4188,5.4188,197.0
2025-08-06T10:11:30,5.4101,5.4101,5.4101,5.4101,1000.0
2025-08-06T10:11:31,5.4188,5.4188,5.4188,5.4188,420.0
2025-08-06T10:11:33,5.42,5.42,5.4192,5.4192,1208.0
2025-08-06T10:11:35,5.4112,5.42,5.4112,5.42,3713.0
2025-08-06T10:11:36,5.43,5.43,5.43,5.43,700.0
2025-08-06T10:11:37,5.4312,5.4312,5.4312,5.4312,177.0
2025-08-06T10:11:38,5.44,5.44,5.435,5.44,706.0
2025-08-06T10:11:39,5.4399,5.44,5.43,5.44,10518.0
2025-08-06T10:11:40,5.43,5.48,5.43,5.48,12195.0
2025-08-06T10:11:41,5.4785,5.4785,5.4785,5.4785,4136.0
2025-08-06T10:11:42,5.4799,5.49,5.4798,5.4799,13901.0
2025-08-06T10:11:43,5.4797,5.48,5.4797,5.4797,5563.0
2025-08-06T10:11:44,5.48,5.48,5.475,5.475,1308.0
2025-08-06T10:11:45,5.4788,5.4788,5.4706,5.4706,889.0
2025-08-06T10:11:46,5.4701,5.4701,5.4592,5.468,3196.0
2025-08-06T10:11:47,5.4501,5.4699,5.4501,5.4684,2700.0
2025-08-06T10:11:48,5.4698,5.4698,5.4698,5.4698,2004.0
2025-08-06T10:11:49,5.46,5.46,5.46,5.46,887.0
2025-08-06T10:11:50,5.4588,5.46,5.45,5.45,5260.0
2025-08-06T10:11:51,5.4591,5.4591,5.4591,5.4591,159.0
2025-08-06T10:11:52,5.46,5.46,5.45,5.45,1404.0
2025-08-06T10:11:53,5.44,5.44,5.44,5.44,1082.0
2025-08-06T10:11:54,5.445,5.445,5.445,5.445,1173.0
2025-08-06T10:11:56,5.4401,5.4498,5.4401,5.4488,4830.0
2025-08-06T10:11:59,5.445,5.445,5.44,5.445,1409.0
2025-08-06T10:12:00,5.445,5.445,5.44,5.44,5268.0
2025-08-06T10:12:01,5.44,5.44,5.4308,5.438,1318.0
2025-08-06T10:12:02,5.435,5.435,5.42,5.4206,9784.0
2025-08-06T10:12:03,5.42,5.44,5.42,5.4336,5640.0
2025-08-06T10:12:04,5.43,5.43,5.41,5.42,1159.0
2025-08-06T10:12:05,5.43,5.43,5.428,5.428,395.0
2025-08-06T10:12:06,5.419,5.44,5.419,5.44,793.0
2025-08-06T10:12:07,5.4317,5.4317,5.4317,5.4317,102.0
2025-08-06T10:12:08,5.4498,5.4498,5.432,5.432,1427.0
2025-08-06T10:12:09,5.44,5.44,5.44,5.44,206.0
2025-08-06T10:12:11,5.439,5.45,5.439,5.45,1360.0
2025-08-06T10:12:12,5.44,5.45,5.44,5.45,439.0
2025-08-06T10:12:14,5.435,5.435,5.435,5.435,350.0
2025-08-06T10:12:16,5.4394,5.4399,5.4394,5.4399,1976.0
2025-08-06T10:12:17,5.43,5.43,5.405,5.41,2954.0
2025-08-06T10:12:18,5.41,5.42,5.4,5.4,985.0
2025-08-06T10:12:20,5.4119,5.4119,5.4119,5.4119,1187.0
2025-08-06T10:12:21,5.42,5.42,5.42,5.42,1371.0
2025-08-06T10:12:22,5.4292,5.4292,5.4292,5.4292,181.0
2025-08-06T10:12:23,5.4212,5.4212,5.4212,5.4212,488.0
2025-08-06T10:12:24,5.4298,5.4298,5.4298,5.4298,188.0
2025-08-06T10:12:25,5.4212,5.4212,5.4212,5.4212,204.0
2025-08-06T10:12:26,5.4212,5.4212,5.4212,5.4212,228.0
2025-08-06T10:12:27,5.425,5.425,5.425,5.425,350.0
2025-08-06T10:12:28,5.425,5.425,5.425,5.425,161.0
2025-08-06T10:12:29,5.43,5.44,5.43,5.44,1028.0
2025-08-06T10:12:30,5.4312,5.4312,5.4312,5.4312,149.0
2025-08-06T10:12:31,5.435,5.435,5.435,5.435,601.0
2025-08-06T10:12:34,5.435,5.44,5.435,5.435,5714.0
2025-08-06T10:12:35,5.44,5.44,5.44,5.44,1021.0
2025-08-06T10:12:37,5.4312,5.4312,5.4312,5.4312,329.0
2025-08-06T10:12:39,5.43,5.43,5.43,5.43,185.0
2025-08-06T10:12:43,5.435,5.435,5.435,5.435,210.0
2025-08-06T10:12:44,5.4399,5.4399,5.4399,5.4399,300.0
2025-08-06T10:12:47,5.44,5.44,5.44,5.44,605.0
2025-08-06T10:12:52,5.44,5.44,5.435,5.435,796.0
2025-08-06T10:12:53,5.431,5.435,5.431,5.435,2619.0
2025-08-06T10:12:54,5.4388,5.4388,5.4388,5.4388,190.0
2025-08-06T10:12:55,5.435,5.435,5.435,5.435,571.0
2025-08-06T10:13:00,5.43,5.43,5.43,5.43,4109.0
2025-08-06T10:13:02,5.42,5.42,5.42,5.42,201.0
2025-08-06T10:13:04,5.425,5.425,5.425,5.425,250.0
2025-08-06T10:13:11,5.42,5.42,5.41,5.41,4610.0
2025-08-06T10:13:12,5.4109,5.415,5.4109,5.415,1400.0
2025-08-06T10:13:14,5.415,5.415,5.415,5.415,156.0
2025-08-06T10:13:16,5.4109,5.4109,5.41,5.41,5586.0
2025-08-06T10:13:18,5.4093,5.4093,5.4093,5.4093,1055.0
2025-08-06T10:13:19,5.4,5.41,5.4,5.4,521.0
2025-08-06T10:13:20,5.4001,5.405,5.385,5.39,9679.0
2025-08-06T10:13:21,5.3801,5.3895,5.3801,5.3895,1196.0
2025-08-06T10:13:22,5.3801,5.3888,5.3801,5.3888,517.0
2025-08-06T10:13:23,5.385,5.39,5.385,5.39,3033.0
2025-08-06T10:13:24,5.3901,5.3901,5.3901,5.3901,243.0
2025-08-06T10:13:25,5.395,5.395,5.3903,5.3903,706.0
2025-08-06T10:13:26,5.3905,5.3905,5.3905,5.3905,500.0
2025-08-06T10:13:27,5.3912,5.3912,5.3912,5.3912,222.0
2025-08-06T10:13:30,5.39,5.395,5.39,5.395,595.0
2025-08-06T10:13:32,5.395,5.395,5.395,5.395,719.0
2025-08-06T10:13:35,5.4,5.4005,5.37,5.37,4420.0
2025-08-06T10:13:36,5.375,5.375,5.3701,5.375,600.0
2025-08-06T10:13:39,5.3709,5.38,5.3709,5.38,461.0
2025-08-06T10:13:40,5.3855,5.3855,5.3801,5.3801,988.0
2025-08-06T10:13:41,5.3802,5.3802,5.3801,5.3801,7267.0
2025-08-06T10:13:43,5.385,5.385,5.385,5.385,316.0
2025-08-06T10:13:44,5.39,5.39,5.39,5.39,430.0
2025-08-06T10:13:45,5.395,5.395,5.3939,5.3939,1697.0
2025-08-06T10:13:46,5.39,5.39,5.39,5.39,801.0
2025-08-06T10:13:48,5.3912,5.41,5.3912,5.41,2449.0
2025-08-06T10:13:49,5.4,5.4,5.385,5.385,814.0
2025-08-06T10:13:50,5.3888,5.3888,5.3823,5.3823,2175.0
2025-08-06T10:13:51,5.39,5.39,5.3888,5.3888,689.0
2025-08-06T10:13:53,5.39,5.39,5.37,5.38,8238.0
2025-08-06T10:13:54,5.3812,5.3812,5.3812,5.3812,892.0
2025-08-06T10:13:55,5.3899,5.3899,5.3899,5.3899,1022.0
2025-08-06T10:13:56,5.385,5.39,5.38,5.39,781.0
2025-08-06T10:13:57,5.4,5.4,5.39,5.39,1078.0
2025-08-06T10:13:58,5.385,5.3912,5.385,5.3912,5918.0
2025-08-06T10:13:59,5.4,5.4,5.4,5.4,121.0
2025-08-06T10:14:00,5.4,5.4,5.4,5.4,228.0
2025-08-06T10:14:02,5.401,5.401,5.39,5.39,3634.0
2025-08-06T10:14:03,5.3801,5.3888,5.3801,5.3801,588.0
2025-08-06T10:14:07,5.38,5.38,5.365,5.365,3869.0
2025-08-06T10:14:09,5.3601,5.3646,5.3601,5.3646,2130.0
2025-08-06T10:14:11,5.365,5.37,5.3627,5.37,1053.0
2025-08-06T10:14:12,5.37,5.37,5.37,5.37,110.0
2025-08-06T10:14:17,5.37,5.37,5.37,5.37,200.0
2025-08-06T10:14:19,5.38,5.38,5.38,5.38,10000.0
2025-08-06T10:14:20,5.37,5.37,5.3617,5.3617,1704.0
2025-08-06T10:14:21,5.37,5.37,5.3603,5.3603,732.0
2025-08-06T10:14:22,5.37,5.37,5.365,5.3699,1101.0
2025-08-06T10:14:23,5.365,5.38,5.36,5.375,11926.0
2025-08-06T10:14:24,5.3799,5.39,5.37,5.37,5200.0
2025-08-06T10:14:25,5.3601,5.365,5.36,5.36,4415.0
2025-08-06T10:14:26,5.3509,5.3509,5.3509,5.3509,200.0
2025-08-06T10:14:27,5.3511,5.3511,5.3507,5.3507,1557.0
2025-08-06T10:14:32,5.3512,5.3512,5.33,5.34,3352.0
2025-08-06T10:14:33,5.3312,5.34,5.3312,5.34,3648.0
2025-08-06T10:14:36,5.335,5.335,5.3346,5.3346,3009.0
2025-08-06T10:14:37,5.33,5.33,5.33,5.33,100.0
2025-08-06T10:14:38,5.33,5.3336,5.325,5.325,3362.0
2025-08-06T10:14:39,5.32,5.32,5.32,5.32,241.0
2025-08-06T10:14:40,5.315,5.32,5.315,5.32,401.0
2025-08-06T10:14:41,5.3155,5.3155,5.315,5.315,1120.0
2025-08-06T10:14:42,5.3145,5.316397,5.313,5.316397,1071.0
2025-08-06T10:14:43,5.31,5.315,5.31,5.315,5880.0
2025-08-06T10:14:44,5.3102,5.315,5.3102,5.315,1750.0
2025-08-06T10:14:46,5.3103,5.3146,5.31,5.31,4168.0
2025-08-06T10:14:47,5.3,5.3003,5.3,5.3,3735.0
2025-08-06T10:14:49,5.2945,5.2945,5.2945,5.2945,130.0
2025-08-06T10:14:50,5.2912,5.3,5.29,5.29,923.0
2025-08-06T10:14:51,5.29,5.29,5.29,5.29,1140.0
2025-08-06T10:14:52,5.3,5.3,5.3,5.3,3510.0
2025-08-06T10:14:55,5.3006,5.31,5.3,5.308,3423.0
2025-08-06T10:14:57,5.3,5.3,5.3,5.3,825.0
2025-08-06T10:14:58,5.2919,5.2919,5.2919,5.2919,225.0
2025-08-06T10:14:59,5.2912,5.2988,5.29,5.29,2892.0
2025-08-06T10:15:00,5.29,5.29,5.29,5.29,1206.0
2025-08-06T10:15:04,5.2845,5.29,5.2845,5.29,540.0
2025-08-06T10:15:05,5.2852,5.2852,5.28,5.2812,2848.0
2025-08-06T10:15:07,5.2801,5.2801,5.2801,5.2801,192.0
2025-08-06T10:15:08,5.285,5.285,5.285,5.285,120.0
2025-08-06T10:15:10,5.285,5.2896,5.285,5.2896,3276.0
2025-08-06T10:15:11,5.285,5.2905,5.28,5.28,4788.0
2025-08-06T10:15:12,5.282,5.29,5.282,5.29,716.0
2025-08-06T10:15:13,5.2899,5.2899,5.2881,5.2881,673.0
2025-08-06T10:15:14,5.285,5.285,5.285,5.285,200.0
2025-08-06T10:15:15,5.28,5.28,5.26,5.2694,9984.0
2025-08-06T10:15:16,5.2699,5.2699,5.2699,5.2699,264.0
2025-08-06T10:15:17,5.2707,5.2707,5.2707,5.2707,107.0
2025-08-06T10:15:18,5.2755,5.2755,5.2755,5.2755,4133.0
2025-08-06T10:15:19,5.2712,5.2712,5.2712,5.2712,200.0
2025-08-06T10:15:20,5.275,5.275,5.275,5.275,120.0
2025-08-06T10:15:21,5.2799,5.2799,5.2799,5.2799,1297.0
2025-08-06T10:15:22,5.275,5.275,5.275,5.275,1321.0
2025-08-06T10:15:23,5.275,5.285,5.275,5.285,767.0
2025-08-06T10:15:24,5.29,5.29,5.29,5.29,897.0
2025-08-06T10:15:25,5.29,5.29,5.2888,5.2888,794.0
2025-08-06T10:15:27,5.28,5.28,5.28,5.28,1004.0
2025-08-06T10:15:30,5.29,5.29,5.2838,5.2838,1191.0
2025-08-06T10:15:32,5.285,5.285,5.28,5.2801,1335.0
2025-08-06T10:15:35,5.2899,5.2899,5.285,5.285,573.0
2025-08-06T10:15:36,5.285,5.285,5.285,5.285,320.0
2025-08-06T10:15:41,5.285,5.29,5.285,5.29,600.0
2025-08-06T10:15:42,5.28,5.28,5.28,5.28,1983.0
2025-08-06T10:15:46,5.2812,5.2812,5.2805,5.2805,548.0
2025-08-06T10:15:49,5.285,5.285,5.285,5.285,270.0
2025-08-06T10:15:50,5.285,5.285,5.285,5.285,177.0
2025-08-06T10:15:53,5.285,5.29,5.285,5.29,1609.0
2025-08-06T10:15:55,5.2978,5.2978,5.2978,5.2978,791.0
2025-08-06T10:15:56,5.295,5.295,5.295,5.295,226.0
2025-08-06T10:15:57,5.285,5.285,5.285,5.285,1006.0
2025-08-06T10:16:03,5.2812,5.2812,5.2812,5.2812,141.0
2025-08-06T10:16:04,5.2893,5.2893,5.2893,5.2893,180.0
2025-08-06T10:16:05,5.285,5.285,5.285,5.285,139.0
2025-08-06T10:16:07,5.285,5.285,5.285,5.285,170.0
2025-08-06T10:16:11,5.28,5.28,5.28,5.28,100.0
2025-08-06T10:16:13,5.28,5.315,5.275,5.3,20907.0
2025-08-06T10:16:14,5.3,5.31,5.3,5.3,4623.0
2025-08-06T10:16:15,5.3083,5.3083,5.3,5.3073,1273.0
2025-08-06T10:16:17,5.31,5.315,5.3001,5.3001,1349.0
2025-08-06T10:16:18,5.297,5.297,5.297,5.297,945.0
2025-08-06T10:16:20,5.3075,5.3075,5.3075,5.3075,101.0
2025-08-06T10:16:21,5.3,5.3,5.3,5.3,422.0
2025-08-06T10:16:22,5.29,5.29,5.29,5.29,305.0
2025-08-06T10:16:27,5.3,5.3,5.3,5.3,860.0
2025-08-06T10:16:28,5.3,5.3,5.3,5.3,520.0
2025-08-06T10:16:29,5.3084,5.3084,5.3084,5.3084,321.0
2025-08-06T10:16:31,5.31,5.31,5.31,5.31,800.0
2025-08-06T10:16:33,5.315,5.315,5.315,5.315,111.0
2025-08-06T10:16:36,5.32,5.32,5.32,5.32,649.0
2025-08-06T10:16:37,5.31,5.31,5.3001,5.305,1897.0
2025-08-06T10:16:38,5.3093,5.3093,5.3093,5.3093,231.0
2025-08-06T10:16:39,5.3099,5.3099,5.3099,5.3099,192.0
2025-08-06T10:16:40,5.302,5.302,5.302,5.302,475.0
2025-08-06T10:16:42,5.305,5.305,5.305,5.305,100.0
2025-08-06T10:16:43,5.31,5.31,5.31,5.31,169.0
2025-08-06T10:16:45,5.31,5.31,5.3019,5.3019,992.0
2025-08-06T10:16:56,5.3,5.3099,5.3,5.3,3028.0
2025-08-06T10:16:58,5.305,5.305,5.305,5.305,244.0
2025-08-06T10:17:01,5.31,5.31,5.31,5.31,3229.0
2025-08-06T10:17:03,5.315,5.32,5.3,5.315,5889.0
2025-08-06T10:17:07,5.31,5.31,5.31,5.31,780.0
2025-08-06T10:17:10,5.3198,5.3198,5.3198,5.3198,416.0
2025-08-06T10:17:11,5.32,5.32,5.32,5.32,1343.0
2025-08-06T10:17:16,5.315,5.315,5.315,5.315,100.0
2025-08-06T10:17:19,5.3108,5.3108,5.31,5.31,965.0
2025-08-06T10:17:22,5.3097,5.3097,5.3,5.3,1481.0
2025-08-06T10:17:24,5.291,5.291,5.291,5.291,100.0
2025-08-06T10:17:29,5.295,5.295,5.29,5.2902,1040.0
2025-08-06T10:17:31,5.3,5.3,5.3,5.3,744.0
2025-08-06T10:17:34,5.3088,5.3088,5.3088,5.3088,301.0
2025-08-06T10:17:39,5.305,5.305,5.305,5.305,100.0
2025-08-06T10:17:43,5.305,5.305,5.305,5.305,212.0
2025-08-06T10:17:44,5.3,5.3,5.3,5.3,224.0
2025-08-06T10:17:45,5.3,5.3,5.3,5.3,712.0
2025-08-06T10:17:46,5.3012,5.3012,5.3012,5.3012,369.0
2025-08-06T10:17:50,5.31,5.32,5.305,5.32,12610.0
2025-08-06T10:17:56,5.3294,5.3294,5.3294,5.3294,1074.0
2025-08-06T10:17:57,5.325,5.325,5.32,5.32,1119.0
2025-08-06T10:18:00,5.325,5.325,5.32,5.32,1094.0
2025-08-06T10:18:05,5.32,5.32,5.315,5.315,600.0
2025-08-06T10:18:07,5.315,5.32,5.315,5.32,3511.0
2025-08-06T10:18:08,5.325,5.325,5.325,5.325,101.0
2025-08-06T10:18:11,5.325,5.325,5.325,5.325,141.0
2025-08-06T10:18:13,5.3235,5.3235,5.3235,5.3235,357.0
2025-08-06T10:18:16,5.325,5.325,5.325,5.325,190.0
2025-08-06T10:18:19,5.325,5.325,5.325,5.325,135.0
2025-08-06T10:18:21,5.32,5.32,5.32,5.32,214.0
2025-08-06T10:18:22,5.32,5.32,5.32,5.32,107.0
2025-08-06T10:18:27,5.32,5.32,5.32,5.32,145.0
2025-08-06T10:18:28,5.3291,5.3291,5.3291,5.3291,236.0
2025-08-06T10:18:30,5.325,5.325,5.325,5.325,100.0
2025-08-06T10:18:31,5.325,5.325,5.325,5.325,200.0
2025-08-06T10:18:33,5.325,5.325,5.325,5.325,622.0
2025-08-06T10:18:37,5.321,5.321,5.31,5.31,14318.0
2025-08-06T10:18:38,5.315,5.315,5.315,5.315,100.0
2025-08-06T10:18:39,5.315,5.315,5.315,5.315,150.0
2025-08-06T10:18:41,5.315,5.32,5.315,5.315,2598.0
2025-08-06T10:18:45,5.315,5.315,5.315,5.315,450.0
2025-08-06T10:18:46,5.315,5.335,5.315,5.32,4688.0
2025-08-06T10:18:50,5.3112,5.3112,5.3112,5.3112,105.0
2025-08-06T10:18:52,5.315,5.315,5.315,5.315,200.0
2025-08-06T10:18:53,5.31,5.31,5.305,5.305,5052.0
2025-08-06T10:18:54,5.305,5.305,5.305,5.305,371.0
2025-08-06T10:18:55,5.3005,5.3005,5.3005,5.3005,100.0
2025-08-06T10:18:56,5.3,5.3,5.29,5.29,3728.0
2025-08-06T10:19:01,5.28,5.28,5.25,5.2501,13841.0
2025-08-06T10:19:02,5.2502,5.26,5.25,5.25,664.0
2025-08-06T10:19:04,5.2501,5.252,5.2501,5.252,1811.0
2025-08-06T10:19:06,5.25,5.25,5.25,5.25,2583.0
2025-08-06T10:19:10,5.2401,5.25,5.2401,5.25,843.0
2025-08-06T10:19:11,5.24,5.24,5.19,5.2,18074.0
2025-08-06T10:19:12,5.202,5.202,5.18,5.19,2900.0
2025-08-06T10:19:13,5.195,5.195,5.19,5.19,4116.0
2025-08-06T10:19:14,5.195,5.21,5.195,5.205,6283.0
2025-08-06T10:19:17,5.2099,5.2099,5.2001,5.2099,1119.0
2025-08-06T10:19:18,5.1991,5.1991,5.1991,5.1991,136.0
2025-08-06T10:19:21,5.195,5.195,5.1902,5.1907,580.0
2025-08-06T10:19:22,5.19,5.2019,5.19,5.2019,3175.0
2025-08-06T10:19:24,5.2019,5.2019,5.2019,5.2019,109.0
2025-08-06T10:19:25,5.21,5.21,5.21,5.21,1005.0
2025-08-06T10:19:29,5.201,5.21,5.201,5.21,201.0
2025-08-06T10:19:33,5.209,5.209,5.209,5.209,1000.0
2025-08-06T10:19:34,5.2,5.2,5.2,5.2,829.0
2025-08-06T10:19:35,5.21,5.21,5.21,5.21,389.0
2025-08-06T10:19:37,5.2113,5.2113,5.21,5.21,1882.0
2025-08-06T10:19:39,5.215,5.215,5.215,5.215,110.0
2025-08-06T10:19:40,5.2119,5.2119,5.2119,5.2119,145.0
2025-08-06T10:19:42,5.21,5.21,5.21,5.21,230.0
2025-08-06T10:19:43,5.215,5.215,5.19,5.19,6557.0
2025-08-06T10:19:44,5.1801,5.1801,5.1801,5.1801,207.0
2025-08-06T10:19:45,5.182,5.1894,5.18,5.18,6110.0
2025-08-06T10:19:46,5.185,5.185,5.1812,5.1812,805.0
2025-08-06T10:19:47,5.1807,5.1899,5.1807,5.1899,461.0
2025-08-06T10:19:48,5.1865,5.1865,5.1865,5.1865,215.0
2025-08-06T10:19:50,5.19,5.21,5.19,5.205,3203.0
2025-08-06T10:19:51,5.2,5.2,5.1902,5.2,841.0
2025-08-06T10:19:55,5.1901,5.2,5.1901,5.2,2524.0
2025-08-06T10:19:56,5.21,5.21,5.21,5.21,1657.0
2025-08-06T10:19:57,5.2,5.2,5.1901,5.1901,709.0
2025-08-06T10:19:58,5.1901,5.1901,5.19,5.19,3105.0
2025-08-06T10:20:01,5.198735,5.198735,5.198735,5.198735,188.0
2025-08-06T10:20:02,5.1902,5.1902,5.1902,5.1902,772.0
2025-08-06T10:20:03,5.1994,5.1994,5.1994,5.1994,855.0
2025-08-06T10:20:05,5.19,5.19,5.19,5.19,397.0
2025-08-06T10:20:08,5.195,5.195,5.195,5.195,279.0
2025-08-06T10:20:12,5.19,5.1999,5.19,5.1909,1902.0
2025-08-06T10:20:14,5.1901,5.1901,5.19,5.19,2631.0
2025-08-06T10:20:15,5.184,5.19,5.184,5.19,2296.0
2025-08-06T10:20:20,5.185,5.185,5.185,5.185,110.0
2025-08-06T10:20:22,5.181,5.185,5.18,5.185,451.0
2025-08-06T10:20:23,5.19,5.19,5.19,5.19,1312.0
2025-08-06T10:20:24,5.2,5.2,5.2,5.2,756.0
2025-08-06T10:20:26,5.21,5.21,5.21,5.21,102.0
2025-08-06T10:20:27,5.19,5.19,5.19,5.19,838.0
2025-08-06T10:20:29,5.19,5.19,5.19,5.19,406.0
2025-08-06T10:20:32,5.18,5.18,5.175,5.175,5642.0
2025-08-06T10:20:33,5.175,5.175,5.17,5.17,847.0
2025-08-06T10:20:34,5.17,5.171,5.17,5.171,679.0
2025-08-06T10:20:37,5.18,5.19,5.17,5.17,1229.0
2025-08-06T10:20:38,5.18,5.18,5.18,5.18,629.0
2025-08-06T10:20:39,5.17,5.17,5.17,5.17,101.0
2025-08-06T10:20:42,5.17,5.17,5.17,5.17,725.0
2025-08-06T10:20:44,5.1719,5.1754,5.1719,5.1754,819.0
2025-08-06T10:20:45,5.18,5.18,5.18,5.18,521.0
2025-08-06T10:20:52,5.17,5.19,5.17,5.19,4814.0
2025-08-06T10:20:55,5.195,5.195,5.1902,5.1902,305.0
2025-08-06T10:20:58,5.19,5.19,5.19,5.19,795.0
2025-08-06T10:21:01,5.19,5.19,5.19,5.19,714.0
2025-08-06T10:21:03,5.1908,5.1908,5.1908,5.1908,1114.0
2025-08-06T10:21:04,5.2,5.2,5.2,5.2,573.0
2025-08-06T10:21:05,5.2012,5.2012,5.2,5.2,393.0
2025-08-06T10:21:09,5.2,5.2,5.185,5.2,2764.0
2025-08-06T10:21:10,5.19,5.19,5.19,5.19,1430.0
2025-08-06T10:21:12,5.2,5.2,5.2,5.2,110.0
2025-08-06T10:21:13,5.19,5.19,5.19,5.19,100.0
2025-08-06T10:21:14,5.1806,5.1806,5.1806,5.1806,239.0
2025-08-06T10:21:19,5.2,5.2,5.175,5.18,49561.0
2025-08-06T10:21:21,5.175,5.175,5.175,5.175,1157.0
2025-08-06T10:21:27,5.175,5.175,5.17,5.17,745.0
2025-08-06T10:21:28,5.16,5.165,5.15,5.15,7176.0
2025-08-06T10:21:29,5.1595,5.1595,5.1595,5.1595,370.0
2025-08-06T10:21:30,5.159,5.159,5.159,5.159,110.0
2025-08-06T10:21:32,5.16,5.16,5.16,5.16,126.0
2025-08-06T10:21:33,5.16,5.16,5.16,5.16,1042.0
2025-08-06T10:21:34,5.15,5.15,5.15,5.15,225.0
2025-08-06T10:21:37,5.155,5.155,5.155,5.155,195.0
2025-08-06T10:21:38,5.15,5.151272,5.15,5.151272,511.0
2025-08-06T10:21:40,5.16,5.1609,5.16,5.1609,448.0
2025-08-06T10:21:41,5.18,5.18,5.18,5.18,100.0
2025-08-06T10:21:42,5.17,5.17,5.17,5.17,270.0
2025-08-06T10:21:49,5.165,5.1699,5.165,5.1699,394.0
2025-08-06T10:21:52,5.175,5.175,5.175,5.175,274.0
2025-08-06T10:21:53,5.18,5.18,5.18,5.18,1620.0
2025-08-06T10:21:54,5.17,5.19,5.17,5.19,1233.0
2025-08-06T10:21:55,5.1998,5.1998,5.1908,5.1908,1151.0
2025-08-06T10:21:58,5.19,5.19,5.19,5.19,190.0
2025-08-06T10:21:59,5.19,5.19,5.19,5.19,441.0
2025-08-06T10:22:00,5.1906,5.1906,5.18,5.18,1973.0
2025-08-06T10:22:02,5.17,5.17,5.17,5.17,1103.0
2025-08-06T10:22:03,5.17,5.17,5.17,5.17,237.0
2025-08-06T10:22:06,5.16,5.16,5.14,5.16,8391.0
2025-08-06T10:22:08,5.16,5.165,5.16,5.165,422.0
2025-08-06T10:22:09,5.16,5.165,5.16,5.165,1225.0
2025-08-06T10:22:10,5.1619,5.1619,5.1619,5.1619,212.0
2025-08-06T10:22:12,5.1611,5.165,5.1611,5.165,2146.0
2025-08-06T10:22:14,5.1603,5.1603,5.1603,5.1603,2030.0
2025-08-06T10:22:16,5.17,5.17,5.165,5.165,2235.0
2025-08-06T10:22:17,5.165,5.165,5.165,5.165,900.0
2025-08-06T10:22:30,5.17,5.17,5.14,5.15,9948.0
2025-08-06T10:22:31,5.16,5.16,5.16,5.16,102.0
2025-08-06T10:22:34,5.16,5.16,5.16,5.16,166.0
2025-08-06T10:22:35,5.16,5.16,5.15,5.15,340.0
2025-08-06T10:22:36,5.16,5.16,5.16,5.16,1090.0
2025-08-06T10:22:38,5.1685,5.1685,5.1685,5.1685,279.0
2025-08-06T10:22:39,5.1519,5.1519,5.15,5.15,280.0
2025-08-06T10:22:47,5.16,5.16,5.16,5.16,578.0
2025-08-06T10:22:49,5.1512,5.1512,5.1512,5.1512,562.0
2025-08-06T10:22:53,5.16,5.16,5.16,5.16,500.0
2025-08-06T10:22:54,5.155,5.155,5.155,5.155,198.0
2025-08-06T10:22:59,5.15,5.15,5.15,5.15,1163.0
2025-08-06T10:23:02,5.15,5.15,5.15,5.15,304.0
2025-08-06T10:23:03,5.14,5.1499,5.14,5.1499,6728.0
2025-08-06T10:23:05,5.1494,5.1494,5.1494,5.1494,200.0
2025-08-06T10:23:07,5.15,5.15,5.15,5.15,1004.0
2025-08-06T10:23:08,5.145,5.145,5.145,5.145,100.0
2025-08-06T10:23:09,5.145,5.1499,5.145,5.1499,2260.0
2025-08-06T10:23:10,5.149,5.149,5.149,5.149,105.0
2025-08-06T10:23:15,5.145,5.145,5.145,5.145,300.0
2025-08-06T10:23:17,5.1493,5.1493,5.1493,5.1493,225.0
2025-08-06T10:23:18,5.149,5.149,5.149,5.149,200.0
2025-08-06T10:23:21,5.14,5.14,5.135,5.135,1528.0
2025-08-06T10:23:24,5.135,5.135,5.135,5.135,306.0
2025-08-06T10:23:25,5.1301,5.1301,5.1301,5.1301,100.0
2025-08-06T10:23:26,5.135,5.135,5.135,5.135,200.0
2025-08-06T10:23:28,5.135,5.135,5.135,5.135,200.0
2025-08-06T10:23:29,5.135,5.135,5.135,5.135,374.0
2025-08-06T10:23:31,5.1399,5.1399,5.1399,5.1399,220.0
2025-08-06T10:23:32,5.135,5.1354,5.135,5.1354,326.0
2025-08-06T10:23:33,5.135,5.135,5.13,5.135,2806.0
2025-08-06T10:23:34,5.135,5.135,5.135,5.135,1000.0
2025-08-06T10:23:38,5.135,5.135,5.135,5.135,210.0
2025-08-06T10:23:39,5.135,5.135,5.135,5.135,1089.0
2025-08-06T10:23:40,5.1308,5.1308,5.1308,5.1308,643.0
2025-08-06T10:23:41,5.14,5.1403,5.14,5.1403,810.0
2025-08-06T10:23:49,5.1408,5.145,5.14,5.14,1088.0
2025-08-06T10:23:50,5.1383,5.1399,5.1383,5.1399,322.0
2025-08-06T10:23:55,5.1393,5.1393,5.1393,5.1393,201.0
2025-08-06T10:23:56,5.13,5.13,5.12,5.13,1833.0
2025-08-06T10:23:57,5.115,5.115,5.115,5.115,293.0
2025-08-06T10:23:58,5.1101,5.1101,5.1101,5.1101,2000.0
2025-08-06T10:24:08,5.11,5.11,5.11,5.11,903.0
2025-08-06T10:24:10,5.11,5.11,5.11,5.11,219.0
2025-08-06T10:24:11,5.115,5.115,5.1105,5.1105,2485.0
2025-08-06T10:24:13,5.11,5.11,5.11,5.11,343.0
2025-08-06T10:24:15,5.115,5.115,5.1088,5.1088,750.0
2025-08-06T10:24:17,5.1101,5.1101,5.1101,5.1101,245.0
2025-08-06T10:24:20,5.1112,5.1112,5.11,5.11,826.0
2025-08-06T10:24:21,5.1008,5.1008,5.1008,5.1008,1000.0
2025-08-06T10:24:24,5.105,5.105,5.105,5.105,100.0
2025-08-06T10:24:27,5.1099,5.1099,5.1011,5.1011,357.0
2025-08-06T10:24:32,5.105,5.105,5.105,5.105,117.0
2025-08-06T10:24:33,5.11,5.11,5.11,5.11,1001.0
2025-08-06T10:24:35,5.11,5.11,5.11,5.11,955.0
2025-08-06T10:24:38,5.11,5.115,5.11,5.115,200.0
2025-08-06T10:24:41,5.11,5.11,5.11,5.11,713.0
2025-08-06T10:24:43,5.1099,5.1099,5.1099,5.1099,308.0
2025-08-06T10:24:44,5.1,5.1,5.09,5.09,5759.0
2025-08-06T10:24:45,5.095,5.095,5.08,5.08,1103.0
2025-08-06T10:24:46,5.085,5.095,5.085,5.09,3199.0
2025-08-06T10:24:47,5.08,5.08,5.08,5.08,958.0
2025-08-06T10:24:48,5.0894,5.1,5.0894,5.1,204.0
2025-08-06T10:24:49,5.1,5.105,5.0988,5.1002,1935.0
2025-08-06T10:24:52,5.1,5.1,5.1,5.1,500.0
2025-08-06T10:24:56,5.1,5.1,5.1,5.1,219.0
2025-08-06T10:24:58,5.095,5.095,5.095,5.095,104.0
2025-08-06T10:25:01,5.095,5.1,5.095,5.1,1331.0
2025-08-06T10:25:02,5.0912,5.1001,5.0912,5.1001,533.0
2025-08-06T10:25:04,5.1001,5.1001,5.1,5.1,496.0
2025-08-06T10:25:07,5.0999,5.0999,5.09,5.09,5644.0
2025-08-06T10:25:08,5.085,5.085,5.0801,5.0801,1241.0
2025-08-06T10:25:10,5.0808,5.0808,5.0808,5.0808,204.0
2025-08-06T10:25:11,5.085,5.085,5.085,5.085,1002.0
2025-08-06T10:25:12,5.085,5.085,5.085,5.085,902.0
2025-08-06T10:25:14,5.082,5.082,5.082,5.082,860.0
2025-08-06T10:25:15,5.08,5.085,5.08,5.085,222.0
2025-08-06T10:25:19,5.0812,5.085,5.0812,5.085,509.0
2025-08-06T10:25:22,5.085,5.085,5.08,5.08,955.0
2025-08-06T10:25:23,5.09,5.1,5.09,5.09,3650.0
2025-08-06T10:25:24,5.1,5.1,5.1,5.1,104.0
2025-08-06T10:25:25,5.1,5.1,5.1,5.1,1976.0
2025-08-06T10:25:26,5.095,5.095,5.095,5.095,100.0
2025-08-06T10:25:27,5.105,5.105,5.105,5.105,172.0
2025-08-06T10:25:31,5.105,5.105,5.105,5.105,3000.0
2025-08-06T10:25:33,5.1,5.1,5.09,5.09,1983.0
2025-08-06T10:25:35,5.0913,5.0913,5.0913,5.0913,165.0
2025-08-06T10:25:39,5.095,5.095,5.095,5.095,1783.0
2025-08-06T10:25:41,5.095,5.095,5.095,5.095,1000.0
2025-08-06T10:25:44,5.095,5.095,5.09,5.09,5328.0
2025-08-06T10:25:45,5.09,5.09,5.09,5.09,1478.0
2025-08-06T10:25:48,5.08,5.08,5.08,5.08,907.0
2025-08-06T10:25:52,5.0801,5.0801,5.0801,5.0801,100.0
2025-08-06T10:26:02,5.08,5.08,5.08,5.08,120.0
2025-08-06T10:26:03,5.088,5.088,5.085,5.085,1100.0
2025-08-06T10:26:05,5.084,5.0855,5.084,5.0855,1322.0
2025-08-06T10:26:06,5.0899,5.0899,5.0899,5.0899,300.0
2025-08-06T10:26:07,5.09,5.1,5.09,5.0999,8118.0
2025-08-06T10:26:08,5.09,5.09,5.085,5.0852,1789.0
2025-08-06T10:26:11,5.085,5.085,5.085,5.085,119.0
2025-08-06T10:26:13,5.0893,5.095,5.0893,5.095,3761.0
2025-08-06T10:26:15,5.1,5.115,5.1,5.115,1152.0
2025-08-06T10:26:17,5.11,5.11,5.11,5.11,2187.0
2025-08-06T10:26:18,5.105,5.105,5.105,5.105,398.0
2025-08-06T10:26:19,5.11,5.11,5.1099,5.1099,776.0
2025-08-06T10:26:23,5.1192,5.1192,5.1192,5.1192,100.0
2025-08-06T10:26:26,5.1139,5.1139,5.1139,5.1139,965.0
2025-08-06T10:26:29,5.1146,5.1146,5.1146,5.1146,1530.0
2025-08-06T10:26:31,5.1155,5.1155,5.1155,5.1155,141.0
2025-08-06T10:26:40,5.11,5.11,5.11,5.11,2164.0
2025-08-06T10:26:43,5.105,5.12,5.105,5.12,5791.0
2025-08-06T10:26:44,5.115,5.135,5.115,5.1255,6119.0
2025-08-06T10:26:45,5.1292,5.14,5.125,5.135,3870.0
2025-08-06T10:26:47,5.14,5.145,5.14,5.145,1382.0
2025-08-06T10:26:48,5.145,5.145,5.145,5.145,433.0
2025-08-06T10:26:49,5.145,5.145,5.145,5.145,406.0
2025-08-06T10:26:50,5.1499,5.1499,5.1499,5.1499,129.0
2025-08-06T10:26:51,5.1499,5.1499,5.1499,5.1499,586.0
2025-08-06T10:26:52,5.145,5.145,5.145,5.145,107.0
2025-08-06T10:26:54,5.14,5.145,5.14,5.14,1486.0
2025-08-06T10:26:55,5.12,5.12,5.114,5.12,2099.0
2025-08-06T10:26:58,5.1165,5.1165,5.1165,5.1165,1580.0
2025-08-06T10:27:00,5.11,5.11,5.11,5.11,100.0
2025-08-06T10:27:01,5.115,5.115,5.115,5.115,125.0
2025-08-06T10:27:03,5.115,5.1199,5.115,5.1199,906.0
2025-08-06T10:27:04,5.12,5.12,5.09,5.09,20493.0
2025-08-06T10:27:05,5.08,5.085,5.07,5.07,4502.0
2025-08-06T10:27:07,5.07,5.07,5.07,5.07,1087.0
2025-08-06T10:27:08,5.06,5.06,5.05,5.05,1311.0
2025-08-06T10:27:10,5.0512,5.0512,5.0512,5.0512,100.0
2025-08-06T10:27:12,5.11,5.11,5.05,5.06,61128.0
2025-08-06T10:27:13,5.06,5.06,5.06,5.06,184.0
2025-08-06T10:27:16,5.0612,5.0612,5.0612,5.0612,526.0
2025-08-06T10:27:17,5.07,5.07,5.07,5.07,186.0
2025-08-06T10:27:19,5.0782,5.0782,5.07,5.07,830.0
2025-08-06T10:27:20,5.065,5.065,5.065,5.065,101.0
2025-08-06T10:27:21,5.065,5.0681,5.065,5.0681,661.0
2025-08-06T10:27:23,5.0645,5.065,5.0645,5.065,816.0
2025-08-06T10:27:25,5.06,5.06,5.04,5.05,16028.0
2025-08-06T10:27:28,5.06,5.06,5.055,5.055,2514.0
2025-08-06T10:27:33,5.05,5.05,5.045,5.048,3705.0
2025-08-06T10:27:34,5.045,5.045,5.045,5.045,103.0
2025-08-06T10:27:36,5.05,5.05,5.05,5.05,122.0
2025-08-06T10:27:37,5.045,5.045,5.045,5.045,1022.0
2025-08-06T10:27:39,5.05,5.05,5.05,5.05,1012.0
2025-08-06T10:27:41,5.0497,5.0497,5.0497,5.0497,4500.0
2025-08-06T10:27:45,5.045,5.045,5.045,5.045,180.0
2025-08-06T10:27:46,5.045,5.045,5.045,5.045,100.0
2025-08-06T10:27:49,5.0499,5.0499,5.0499,5.0499,230.0
2025-08-06T10:27:50,5.0491,5.0491,5.0491,5.0491,222.0
2025-08-06T10:27:55,5.045,5.045,5.045,5.045,5000.0
2025-08-06T10:27:56,5.045,5.045,5.045,5.045,274.0
2025-08-06T10:28:00,5.0499,5.0499,5.0499,5.0499,101.0
2025-08-06T10:28:01,5.041,5.041,5.041,5.041,100.0
2025-08-06T10:28:02,5.04,5.05,5.035,5.05,13270.0
2025-08-06T10:28:10,5.04,5.085,5.04,5.07,11851.0
2025-08-06T10:28:12,5.0799,5.0799,5.0799,5.0799,100.0
2025-08-06T10:28:16,5.0718,5.0718,5.0718,5.0718,232.0
2025-08-06T10:28:19,5.09,5.12,5.09,5.11,1640.0
2025-08-06T10:28:20,5.11,5.11,5.11,5.11,100.0
2025-08-06T10:28:23,5.1092,5.1092,5.1092,5.1092,752.0
2025-08-06T10:28:26,5.1035,5.1035,5.1035,5.1035,121.0
2025-08-06T10:28:28,5.11,5.13,5.11,5.13,2975.0
2025-08-06T10:28:29,5.13,5.13,5.13,5.13,428.0
2025-08-06T10:28:32,5.1301,5.1301,5.1301,5.1301,8568.0
2025-08-06T10:28:33,5.125,5.125,5.125,5.125,143.0
2025-08-06T10:28:34,5.125,5.125,5.125,5.125,532.0
2025-08-06T10:28:35,5.1299,5.1299,5.1299,5.1299,101.0
2025-08-06T10:28:39,5.125,5.125,5.125,5.125,102.0
2025-08-06T10:28:41,5.12,5.12,5.1,5.12,3031.0
2025-08-06T10:28:42,5.0993,5.0993,5.0993,5.0993,230.0
2025-08-06T10:28:45,5.1,5.1,5.1,5.1,3000.0
2025-08-06T10:28:50,5.0988,5.0988,5.0988,5.0988,187.0
2025-08-06T10:28:53,5.095,5.095,5.095,5.095,140.0
2025-08-06T10:28:55,5.09,5.095,5.09,5.09,7132.0
2025-08-06T10:28:58,5.0886,5.0886,5.08,5.08,2164.0
2025-08-06T10:28:59,5.09,5.09,5.09,5.09,200.0
2025-08-06T10:29:07,5.085,5.085,5.085,5.085,100.0
2025-08-06T10:29:16,5.085,5.085,5.0703,5.0712,2841.0
2025-08-06T10:29:17,5.0788,5.0788,5.0788,5.0788,174.0
2025-08-06T10:29:18,5.07,5.07,5.07,5.07,102.0
2025-08-06T10:29:19,5.075,5.075,5.075,5.075,495.0
2025-08-06T10:29:21,5.0793,5.0793,5.0702,5.0702,1463.0
2025-08-06T10:29:22,5.075,5.075,5.07,5.075,2098.0
2025-08-06T10:29:23,5.075,5.08,5.075,5.08,4649.0
2025-08-06T10:29:24,5.09,5.09,5.09,5.09,522.0
2025-08-06T10:29:34,5.0818,5.0818,5.0818,5.0818,174.0
2025-08-06T10:29:38,5.0819,5.0819,5.0819,5.0819,167.0
2025-08-06T10:29:40,5.09,5.09,5.09,5.09,5000.0
2025-08-06T10:29:41,5.0999,5.0999,5.0999,5.0999,600.0
2025-08-06T10:29:43,5.09,5.09,5.09,5.09,103.0
2025-08-06T10:29:44,5.0999,5.0999,5.0999,5.0999,5002.0
2025-08-06T10:29:45,5.0815,5.0815,5.0815,5.0815,752.0
2025-08-06T10:29:48,5.09,5.09,5.09,5.09,144.0
2025-08-06T10:29:49,5.085,5.085,5.085,5.085,187.0
2025-08-06T10:29:52,5.09,5.09,5.09,5.09,1003.0
2025-08-06T10:29:56,5.0812,5.0812,5.0812,5.0812,157.0
2025-08-06T10:29:59,5.085,5.085,5.08,5.08,207.0
2025-08-06T10:30:00,5.085,5.085,5.085,5.085,535.0
2025-08-06T10:30:03,5.083,5.085,5.08,5.085,764.0
2025-08-06T10:30:09,5.085,5.085,5.085,5.085,100.0
2025-08-06T10:30:11,5.08,5.085,5.075,5.085,8522.0
2025-08-06T10:30:12,5.085,5.1,5.085,5.095,19144.0
2025-08-06T10:30:16,5.09,5.09,5.09,5.09,241.0
2025-08-06T10:30:17,5.0999,5.0999,5.095,5.095,202.0
2025-08-06T10:30:18,5.095,5.1,5.095,5.095,3202.0
2025-08-06T10:30:20,5.11,5.11,5.1,5.105,4744.0
2025-08-06T10:30:21,5.11,5.11,5.11,5.11,802.0
2025-08-06T10:30:22,5.11,5.11,5.105,5.105,955.0
2025-08-06T10:30:23,5.11,5.11,5.105,5.1091,1402.0
2025-08-06T10:30:24,5.1055,5.1055,5.1055,5.1055,100.0
2025-08-06T10:30:32,5.1,5.105,5.095,5.105,14167.0
2025-08-06T10:30:35,5.105,5.13,5.105,5.13,19544.0
2025-08-06T10:30:37,5.13,5.135,5.1299,5.1299,3615.0
2025-08-06T10:30:38,5.1201,5.1201,5.1201,5.1201,215.0
2025-08-06T10:30:39,5.1282,5.1282,5.1282,5.1282,684.0
2025-08-06T10:30:40,5.12,5.12,5.12,5.12,333.0
2025-08-06T10:30:42,5.1263,5.1263,5.1263,5.1263,193.0
2025-08-06T10:30:43,5.12,5.12,5.12,5.12,400.0
2025-08-06T10:30:49,5.13,5.13,5.13,5.13,102.0
2025-08-06T10:30:50,5.1282,5.1282,5.1282,5.1282,162.0
2025-08-06T10:30:51,5.12,5.12,5.12,5.12,201.0
2025-08-06T10:30:52,5.125,5.125,5.125,5.125,671.0
2025-08-06T10:30:54,5.12,5.125,5.115,5.125,8905.0
2025-08-06T10:31:03,5.1288,5.1288,5.1288,5.1288,221.0
2025-08-06T10:31:04,5.125,5.13,5.125,5.125,3075.0
2025-08-06T10:31:11,5.125,5.13,5.125,5.125,5715.0
2025-08-06T10:31:13,5.125,5.125,5.125,5.125,738.0
2025-08-06T10:31:16,5.125,5.125,5.1209,5.1209,201.0
2025-08-06T10:31:24,5.13,5.13,5.13,5.13,100.0
2025-08-06T10:31:26,5.125,5.125,5.119,5.119,4981.0
2025-08-06T10:31:27,5.11,5.11,5.11,5.11,100.0
2025-08-06T10:31:30,5.11,5.11,5.105,5.105,3242.0
2025-08-06T10:31:31,5.105,5.105,5.105,5.105,1724.0
2025-08-06T10:31:32,5.105,5.105,5.105,5.105,671.0
2025-08-06T10:31:35,5.105,5.105,5.105,5.105,620.0
2025-08-06T10:31:36,5.1008,5.1008,5.1008,5.1008,1316.0
2025-08-06T10:31:37,5.105,5.105,5.105,5.105,100.0
2025-08-06T10:31:43,5.1,5.1088,5.1,5.1001,4021.0
2025-08-06T10:31:53,5.1,5.105,5.1,5.105,351.0
2025-08-06T10:31:56,5.105,5.105,5.105,5.105,100.0
2025-08-06T10:31:57,5.1,5.1,5.1,5.1,100.0
2025-08-06T10:31:58,5.105,5.105,5.1,5.1,2613.0
2025-08-06T10:32:05,5.11,5.11,5.11,5.11,238.0
2025-08-06T10:32:06,5.1,5.1,5.1,5.1,105.0
2025-08-06T10:32:07,5.1,5.1,5.1,5.1,158.0
2025-08-06T10:32:14,5.1099,5.1099,5.1099,5.1099,350.0
2025-08-06T10:32:15,5.1,5.102,5.1,5.101,3300.0
2025-08-06T10:32:22,5.1,5.1001,5.1,5.1001,987.0
2025-08-06T10:32:25,5.105,5.105,5.105,5.105,146.0
2025-08-06T10:32:26,5.1,5.1,5.085,5.085,3538.0
2025-08-06T10:32:31,5.08,5.08,5.075,5.075,1365.0
2025-08-06T10:32:35,5.07,5.07,5.07,5.07,308.0
2025-08-06T10:32:45,5.0788,5.0788,5.0788,5.0788,100.0
2025-08-06T10:32:47,5.075,5.075,5.075,5.075,155.0
2025-08-06T10:32:53,5.07,5.07,5.065,5.065,13795.0
2025-08-06T10:32:54,5.075,5.075,5.075,5.075,297.0
2025-08-06T10:32:56,5.0712,5.0712,5.0712,5.0712,286.0
2025-08-06T10:32:58,5.0754,5.0754,5.0754,5.0754,700.0
2025-08-06T10:33:02,5.075,5.075,5.07,5.07,1709.0
2025-08-06T10:33:03,5.07,5.07,5.07,5.07,100.0
2025-08-06T10:33:04,5.075,5.075,5.075,5.075,201.0
2025-08-06T10:33:08,5.0754,5.0754,5.075,5.075,2308.0
2025-08-06T10:33:09,5.075,5.075,5.075,5.075,240.0
2025-08-06T10:33:13,5.07,5.07,5.07,5.07,100.0
2025-08-06T10:33:21,5.0701,5.0701,5.0701,5.0701,106.0
2025-08-06T10:33:25,5.0753,5.11,5.075,5.11,8781.0
2025-08-06T10:33:26,5.1075,5.1075,5.1075,5.1075,100.0
2025-08-06T10:33:36,5.11,5.11,5.1,5.11,2480.0
2025-08-06T10:33:41,5.09,5.09,5.09,5.09,365.0
2025-08-06T10:33:42,5.085,5.09,5.085,5.085,900.0
2025-08-06T10:33:52,5.08,5.085,5.08,5.085,614.0
2025-08-06T10:33:54,5.0797,5.0797,5.0788,5.0788,631.0
2025-08-06T10:33:56,5.0708,5.0708,5.0708,5.0708,600.0
2025-08-06T10:33:58,5.0788,5.0798,5.075,5.0798,1513.0
2025-08-06T10:33:59,5.0708,5.0708,5.0708,5.0708,521.0
2025-08-06T10:34:02,5.075,5.075,5.075,5.075,200.0
2025-08-06T10:34:03,5.085,5.085,5.085,5.085,316.0
2025-08-06T10:34:04,5.075,5.075,5.0709,5.0709,2372.0
2025-08-06T10:34:05,5.075,5.075,5.075,5.075,443.0
2025-08-06T10:34:06,5.085,5.085,5.085,5.085,400.0
2025-08-06T10:34:07,5.08,5.08,5.08,5.08,200.0
2025-08-06T10:34:20,5.085,5.085,5.08,5.08,7020.0
2025-08-06T10:34:21,5.09,5.09,5.085,5.085,443.0
2025-08-06T10:34:22,5.0899,5.0899,5.0899,5.0899,100.0
2025-08-06T10:34:27,5.08,5.08,5.08,5.08,137.0
2025-08-06T10:34:35,5.085,5.105,5.085,5.105,3524.0
2025-08-06T10:34:36,5.11,5.11,5.11,5.11,100.0
2025-08-06T10:34:37,5.11,5.1198,5.11,5.1198,350.0
2025-08-06T10:34:39,5.11,5.11,5.11,5.11,506.0
2025-08-06T10:34:45,5.11,5.11,5.11,5.11,1072.0
2025-08-06T10:34:48,5.1073,5.1073,5.1,5.1004,505.0
2025-08-06T10:34:49,5.1,5.1,5.1,5.1,2869.0
2025-08-06T10:34:50,5.0999,5.0999,5.0999,5.0999,110.0
2025-08-06T10:34:51,5.09,5.09,5.09,5.09,310.0
2025-08-06T10:34:52,5.085,5.09,5.085,5.09,2355.0
2025-08-06T10:34:56,5.085,5.085,5.085,5.085,1400.0
2025-08-06T10:34:59,5.0899,5.0899,5.0801,5.0801,301.0
2025-08-06T10:35:02,5.085,5.085,5.08,5.08,3032.0
2025-08-06T10:35:03,5.0712,5.0712,5.0712,5.0712,200.0
2025-08-06T10:35:04,5.07,5.07,5.0516,5.0516,3246.0
2025-08-06T10:35:05,5.055,5.06,5.05,5.05,501.0
2025-08-06T10:35:06,5.055,5.055,5.05,5.05,6586.0
2025-08-06T10:35:07,5.05,5.05,5.05,5.05,101.0
2025-08-06T10:35:10,5.055,5.055,5.055,5.055,710.0
2025-08-06T10:35:11,5.055,5.055,5.055,5.055,421.0
2025-08-06T10:35:12,5.06,5.06,5.06,5.06,128.0
2025-08-06T10:35:22,5.055,5.055,5.05,5.05,202.0
2025-08-06T10:35:26,5.0555,5.0555,5.0555,5.0555,299.0
2025-08-06T10:35:27,5.05,5.05,5.05,5.05,100.0
2025-08-06T10:35:30,5.055,5.055,5.055,5.055,408.0
2025-08-06T10:35:32,5.055,5.055,5.055,5.055,100.0
2025-08-06T10:35:33,5.055,5.06,5.055,5.055,1823.0
2025-08-06T10:35:36,5.0509,5.065,5.045,5.065,11811.0
2025-08-06T10:35:40,5.065,5.065,5.065,5.065,214.0
2025-08-06T10:35:42,5.065,5.065,5.06,5.06,1156.0
2025-08-06T10:35:47,5.055,5.055,5.055,5.055,559.0
2025-08-06T10:35:48,5.0527,5.0527,5.0527,5.0527,102.0
2025-08-06T10:35:51,5.0577,5.0577,5.0577,5.0577,900.0
2025-08-06T10:35:56,5.0501,5.0501,5.0501,5.0501,115.0
2025-08-06T10:36:01,5.0512,5.0512,5.0512,5.0512,429.0
2025-08-06T10:36:03,5.06,5.06,5.0501,5.0501,1221.0
2025-08-06T10:36:07,5.0501,5.06,5.04,5.045,15593.0
2025-08-06T10:36:08,5.05,5.05,5.05,5.05,126.0
2025-08-06T10:36:15,5.0401,5.0401,5.0401,5.0401,350.0
2025-08-06T10:36:16,5.0409,5.0409,5.0409,5.0409,213.0
2025-08-06T10:36:17,5.045,5.045,5.045,5.045,100.0
2025-08-06T10:36:28,5.0489,5.05,5.045,5.045,1543.0
2025-08-06T10:36:37,5.0499,5.05,5.045,5.05,5787.0
2025-08-06T10:36:43,5.045,5.045,5.045,5.045,1210.0
2025-08-06T10:36:46,5.05,5.05,5.05,5.05,122.0
2025-08-06T10:36:47,5.048,5.055,5.045,5.05,4117.0
2025-08-06T10:36:48,5.055,5.055,5.055,5.055,200.0
2025-08-06T10:36:49,5.055,5.055,5.05,5.05,303.0
2025-08-06T10:36:51,5.055,5.055,5.055,5.055,100.0
2025-08-06T10:36:52,5.055,5.06,5.055,5.06,1461.0
2025-08-06T10:36:56,5.06,5.06,5.055,5.06,922.0
2025-08-06T10:36:57,5.07,5.07,5.07,5.07,100.0
2025-08-06T10:36:59,5.0601,5.065,5.0601,5.065,1700.0
2025-08-06T10:37:02,5.0688,5.0688,5.0688,5.0688,258.0
2025-08-06T10:37:05,5.06,5.06,5.06,5.06,102.0
2025-08-06T10:37:07,5.06,5.06,5.06,5.06,155.0
2025-08-06T10:37:22,5.06,5.06,5.055,5.055,2436.0
2025-08-06T10:37:23,5.055,5.055,5.055,5.055,300.0
2025-08-06T10:37:31,5.055,5.0557,5.055,5.0557,2130.0
2025-08-06T10:37:36,5.055,5.055,5.0502,5.0502,696.0
2025-08-06T10:37:39,5.0599,5.0599,5.0599,5.0599,300.0
2025-08-06T10:37:40,5.055,5.055,5.055,5.055,105.0
2025-08-06T10:37:43,5.055,5.055,5.055,5.055,620.0
2025-08-06T10:37:45,5.055,5.055,5.05,5.05,234.0
2025-08-06T10:37:46,5.055,5.055,5.055,5.055,116.0
2025-08-06T10:37:51,5.055,5.055,5.055,5.055,100.0
2025-08-06T10:37:57,5.055,5.055,5.055,5.055,110.0
2025-08-06T10:37:58,5.0501,5.0501,5.0501,5.0501,502.0
2025-08-06T10:38:08,5.06,5.06,5.06,5.06,302.0
2025-08-06T10:38:12,5.0699,5.0699,5.065,5.065,1827.0
2025-08-06T10:38:13,5.065,5.095,5.065,5.095,1920.0
2025-08-06T10:38:15,5.1,5.1,5.095,5.095,372.0
2025-08-06T10:38:20,5.095,5.095,5.095,5.095,234.0
2025-08-06T10:38:24,5.095,5.095,5.095,5.095,426.0
2025-08-06T10:38:25,5.1,5.12,5.1,5.11,11263.0
2025-08-06T10:38:26,5.11,5.11,5.11,5.11,100.0
2025-08-06T10:38:27,5.11,5.11,5.11,5.11,391.0
2025-08-06T10:38:29,5.1182,5.1182,5.1092,5.1092,2214.0
2025-08-06T10:38:30,5.11,5.1137,5.11,5.1137,246.0
2025-08-06T10:38:32,5.11,5.11,5.1018,5.1018,439.0
2025-08-06T10:38:34,5.12,5.12,5.12,5.12,264.0
2025-08-06T10:38:38,5.1185,5.1185,5.1185,5.1185,562.0
2025-08-06T10:38:40,5.11,5.115,5.1,5.115,2680.0
2025-08-06T10:38:43,5.11,5.11,5.11,5.11,400.0
2025-08-06T10:38:50,5.12,5.12,5.105,5.105,3793.0
2025-08-06T10:38:56,5.105,5.105,5.105,5.105,102.0
2025-08-06T10:39:05,5.105,5.105,5.105,5.105,340.0
2025-08-06T10:39:10,5.11,5.11,5.1,5.11,1844.0
2025-08-06T10:39:11,5.1,5.1,5.1,5.1,205.0
2025-08-06T10:39:16,5.1076,5.1076,5.1076,5.1076,100.0
2025-08-06T10:39:22,5.1,5.1,5.1,5.1,100.0
2025-08-06T10:39:25,5.107,5.107,5.107,5.107,1028.0
2025-08-06T10:39:35,5.105,5.13,5.105,5.13,3680.0
2025-08-06T10:39:36,5.1399,5.1399,5.1399,5.1399,1000.0
2025-08-06T10:39:37,5.13,5.13,5.13,5.13,1074.0
2025-08-06T10:39:39,5.1391,5.16,5.135,5.1565,13991.0
2025-08-06T10:39:40,5.1407,5.1407,5.1407,5.1407,200.0
2025-08-06T10:39:41,5.16,5.165,5.16,5.165,1191.0
2025-08-06T10:39:42,5.1691,5.1691,5.1691,5.1691,180.0
2025-08-06T10:39:43,5.165,5.165,5.165,5.165,1000.0
2025-08-06T10:39:44,5.165,5.165,5.165,5.165,100.0
2025-08-06T10:39:46,5.1692,5.1692,5.1692,5.1692,303.0
2025-08-06T10:39:48,5.165,5.165,5.165,5.165,210.0
2025-08-06T10:39:50,5.165,5.165,5.165,5.165,316.0
2025-08-06T10:39:53,5.16,5.16,5.1582,5.1582,2980.0
2025-08-06T10:39:54,5.165,5.165,5.165,5.165,1001.0
2025-08-06T10:39:56,5.1455,5.1455,5.1409,5.1445,600.0
2025-08-06T10:39:57,5.1492,5.1492,5.1492,5.1492,220.0
2025-08-06T10:39:59,5.145,5.1451,5.135,5.14,3830.0
2025-08-06T10:40:08,5.135,5.135,5.135,5.135,411.0
2025-08-06T10:40:11,5.139219,5.142,5.135,5.142,2273.0
2025-08-06T10:40:12,5.145,5.145,5.145,5.145,100.0
2025-08-06T10:40:13,5.145,5.145,5.145,5.145,370.0
2025-08-06T10:40:17,5.1493,5.1493,5.1493,5.1493,900.0
2025-08-06T10:40:19,5.145,5.145,5.145,5.145,1021.0
2025-08-06T10:40:26,5.15,5.15,5.145,5.145,4276.0
2025-08-06T10:40:29,5.1499,5.1499,5.135,5.135,7589.0
2025-08-06T10:40:30,5.135,5.165,5.135,5.165,5548.0
2025-08-06T10:40:31,5.165,5.165,5.165,5.165,378.0
2025-08-06T10:40:32,5.165,5.165,5.165,5.165,237.0
2025-08-06T10:40:33,5.1654,5.1694,5.1654,5.1694,4164.0
2025-08-06T10:40:35,5.165,5.165,5.165,5.165,200.0
2025-08-06T10:40:45,5.165,5.165,5.165,5.165,300.0
2025-08-06T10:40:48,5.16,5.16,5.16,5.16,931.0
2025-08-06T10:40:50,5.1591,5.1591,5.1591,5.1591,125.0
2025-08-06T10:40:53,5.155,5.155,5.155,5.155,400.0
2025-08-06T10:40:59,5.16,5.16,5.16,5.16,1344.0
2025-08-06T10:41:05,5.155,5.155,5.155,5.155,200.0
2025-08-06T10:41:09,5.155,5.155,5.155,5.155,348.0
2025-08-06T10:41:11,5.1508,5.1508,5.1508,5.1508,1000.0
2025-08-06T10:41:13,5.16,5.16,5.155,5.155,1206.0
2025-08-06T10:41:14,5.1509,5.155,5.14,5.14,2043.0
2025-08-06T10:41:16,5.15,5.15,5.1488,5.1488,256.0
2025-08-06T10:41:18,5.145,5.145,5.145,5.145,814.0
2025-08-06T10:41:22,5.149,5.149,5.149,5.149,212.0
2025-08-06T10:41:27,5.1354,5.14,5.135,5.135,2221.0
2025-08-06T10:41:30,5.135,5.1406,5.135,5.1406,2045.0
2025-08-06T10:41:36,5.145,5.145,5.145,5.145,321.0
2025-08-06T10:41:38,5.145,5.145,5.145,5.145,251.0
2025-08-06T10:41:40,5.145,5.145,5.145,5.145,265.0
2025-08-06T10:41:41,5.14,5.14,5.135,5.135,2481.0
2025-08-06T10:41:44,5.135,5.135,5.135,5.135,149.0
2025-08-06T10:41:51,5.1301,5.1301,5.1301,5.1301,1020.0
2025-08-06T10:41:52,5.135,5.135,5.135,5.135,1143.0
2025-08-06T10:42:00,5.135,5.135,5.135,5.135,100.0
2025-08-06T10:42:07,5.1335,5.1335,5.1335,5.1335,400.0
2025-08-06T10:42:10,5.1312,5.1312,5.1312,5.1312,243.0
2025-08-06T10:42:12,5.1399,5.1399,5.1399,5.1399,1000.0
2025-08-06T10:42:14,5.13,5.13,5.125,5.125,915.0
2025-08-06T10:42:18,5.125,5.125,5.125,5.125,100.0
2025-08-06T10:42:19,5.1299,5.1299,5.125,5.125,400.0
2025-08-06T10:42:27,5.1208,5.1208,5.1208,5.1208,878.0
2025-08-06T10:42:28,5.1208,5.1208,5.1208,5.1208,624.0
2025-08-06T10:42:29,5.1293,5.1293,5.1293,5.1293,965.0
2025-08-06T10:42:30,5.12,5.125,5.12,5.12,2996.0
2025-08-06T10:42:31,5.115,5.115,5.115,5.115,1024.0
2025-08-06T10:42:34,5.115,5.115,5.115,5.115,112.0
2025-08-06T10:42:42,5.12,5.12,5.1108,5.1135,3359.0
2025-08-06T10:42:48,5.1155,5.1155,5.1155,5.1155,1000.0
2025-08-06T10:42:53,5.115,5.115,5.11,5.11,838.0
2025-08-06T10:42:54,5.105,5.105,5.105,5.105,142.0
2025-08-06T10:42:55,5.105,5.11,5.105,5.11,1133.0
2025-08-06T10:42:56,5.1012,5.11,5.1012,5.11,3689.0
2025-08-06T10:42:58,5.11,5.115,5.11,5.115,445.0
2025-08-06T10:43:01,5.11,5.11,5.11,5.11,1378.0
2025-08-06T10:43:02,5.1055,5.1055,5.1055,5.1055,580.0
2025-08-06T10:43:11,5.1055,5.1055,5.1055,5.1055,1000.0
2025-08-06T10:43:13,5.1012,5.1012,5.1012,5.1012,379.0
2025-08-06T10:43:14,5.1012,5.1012,5.095,5.095,2826.0
2025-08-06T10:43:21,5.095,5.095,5.095,5.095,528.0
2025-08-06T10:43:29,5.0999,5.0999,5.0999,5.0999,1050.0
2025-08-06T10:43:32,5.099,5.099,5.09,5.0945,2289.0
2025-08-06T10:43:36,5.095,5.095,5.095,5.095,622.0
2025-08-06T10:43:39,5.095,5.095,5.095,5.095,269.0
2025-08-06T10:43:40,5.1008,5.1008,5.1008,5.1008,300.0
2025-08-06T10:43:44,5.1055,5.1055,5.1055,5.1055,1027.0
2025-08-06T10:43:49,5.1012,5.1012,5.1012,5.1012,270.0
2025-08-06T10:43:50,5.1,5.1,5.095,5.095,522.0
2025-08-06T10:43:51,5.0992,5.0992,5.0992,5.0992,211.0
2025-08-06T10:43:57,5.09,5.095,5.09,5.095,1988.0
2025-08-06T10:43:59,5.0999,5.0999,5.0999,5.0999,1056.0
2025-08-06T10:44:00,5.095,5.095,5.095,5.095,496.0
2025-08-06T10:44:03,5.095,5.095,5.095,5.095,421.0
2025-08-06T10:44:05,5.09,5.09,5.09,5.09,397.0
2025-08-06T10:44:06,5.0899,5.0899,5.085,5.085,1100.0
2025-08-06T10:44:07,5.0811,5.0811,5.0811,5.0811,1490.0
2025-08-06T10:44:09,5.09,5.09,5.09,5.09,484.0
2025-08-06T10:44:16,5.0912,5.0912,5.0912,5.0912,100.0
2025-08-06T10:44:20,5.085,5.085,5.085,5.085,200.0
2025-08-06T10:44:23,5.0847,5.09,5.0847,5.09,613.0
2025-08-06T10:44:26,5.09,5.09,5.09,5.09,536.0
2025-08-06T10:44:28,5.09,5.09,5.09,5.09,200.0
2025-08-06T10:44:35,5.08,5.0966,5.08,5.0966,1200.0
2025-08-06T10:44:37,5.085,5.085,5.085,5.085,200.0
2025-08-06T10:44:43,5.08,5.08,5.08,5.08,100.0
2025-08-06T10:44:44,5.085,5.085,5.085,5.085,120.0
2025-08-06T10:44:49,5.085,5.085,5.08,5.08,2446.0
2025-08-06T10:44:50,5.0899,5.0899,5.085,5.085,1306.0
2025-08-06T10:44:58,5.0912,5.0912,5.0912,5.0912,256.0
2025-08-06T10:44:59,5.1,5.11,5.1,5.11,3723.0
2025-08-06T10:45:03,5.11,5.11,5.11,5.11,667.0
2025-08-06T10:45:04,5.1001,5.1001,5.1,5.1,1215.0
2025-08-06T10:45:05,5.105,5.11,5.105,5.105,1704.0
2025-08-06T10:45:22,5.1088,5.1088,5.105,5.105,1362.0
2025-08-06T10:45:37,5.105,5.105,5.105,5.105,1011.0
2025-08-06T10:45:59,5.1,5.1,5.1,5.1,1000.0
2025-08-06T10:46:00,5.105,5.105,5.105,5.105,776.0
2025-08-06T10:46:02,5.1,5.1,5.1,5.1,400.0
2025-08-06T10:46:08,5.105,5.105,5.105,5.105,1029.0
2025-08-06T10:46:25,5.105,5.105,5.105,5.105,100.0
2025-08-06T10:46:26,5.1,5.135,5.1,5.135,10865.0
2025-08-06T10:46:27,5.135,5.135,5.135,5.135,250.0
2025-08-06T10:46:31,5.135,5.14,5.135,5.14,3445.0
2025-08-06T10:46:32,5.1395,5.1395,5.135,5.135,1122.0
2025-08-06T10:46:33,5.145,5.145,5.145,5.145,319.0
2025-08-06T10:46:34,5.145,5.145,5.145,5.145,202.0
2025-08-06T10:46:35,5.145,5.145,5.145,5.145,1102.0
2025-08-06T10:46:38,5.1409,5.1409,5.1409,5.1409,100.0
2025-08-06T10:46:39,5.1445,5.1445,5.1445,5.1445,100.0
2025-08-06T10:46:46,5.145,5.145,5.145,5.145,114.0
2025-08-06T10:46:47,5.145,5.15,5.145,5.145,550.0
2025-08-06T10:46:50,5.145,5.15,5.145,5.145,1153.0
2025-08-06T10:46:51,5.145,5.145,5.145,5.145,102.0
2025-08-06T10:46:52,5.1413,5.1413,5.1413,5.1413,365.0
2025-08-06T10:46:53,5.1411,5.1411,5.1411,5.1411,131.0
2025-08-06T10:46:57,5.15,5.15,5.15,5.15,200.0
2025-08-06T10:46:59,5.15,5.15,5.15,5.15,501.0
2025-08-06T10:47:02,5.1401,5.145,5.14,5.14,15988.0
2025-08-06T10:47:05,5.125,5.135,5.125,5.135,1329.0
2025-08-06T10:47:06,5.1389,5.1389,5.1389,5.1389,200.0
2025-08-06T10:47:07,5.14,5.14,5.13,5.13,803.0
2025-08-06T10:47:09,5.138725,5.138725,5.138725,5.138725,100.0
2025-08-06T10:47:10,5.132,5.132,5.132,5.132,500.0
2025-08-06T10:47:13,5.135,5.135,5.135,5.135,243.0
2025-08-06T10:47:15,5.135,5.135,5.135,5.135,200.0
2025-08-06T10:47:16,5.135,5.135,5.135,5.135,279.0
2025-08-06T10:47:28,5.14,5.14,5.14,5.14,337.0
2025-08-06T10:47:31,5.135,5.135,5.135,5.135,439.0
2025-08-06T10:47:32,5.135,5.135,5.135,5.135,116.0
2025-08-06T10:47:40,5.135,5.135,5.135,5.135,2000.0
2025-08-06T10:47:41,5.1397,5.1397,5.1397,5.1397,102.0
2025-08-06T10:47:46,5.1388,5.1388,5.1388,5.1388,100.0
2025-08-06T10:47:47,5.135,5.135,5.135,5.135,148.0
2025-08-06T10:47:59,5.13,5.135,5.13,5.13,4971.0
2025-08-06T10:48:00,5.135,5.14,5.135,5.14,2062.0
2025-08-06T10:48:02,5.1446,5.1446,5.14,5.14,295.0
2025-08-06T10:48:06,5.145,5.145,5.145,5.145,600.0
2025-08-06T10:48:17,5.1499,5.155,5.145,5.155,3825.0
2025-08-06T10:48:18,5.155,5.1589,5.155,5.1589,1190.0
2025-08-06T10:48:38,5.155,5.155,5.155,5.155,141.0
2025-08-06T10:48:40,5.1596,5.1596,5.155,5.155,2361.0
2025-08-06T10:48:47,5.165,5.165,5.165,5.165,655.0
2025-08-06T10:48:48,5.165,5.165,5.165,5.165,204.0
2025-08-06T10:48:53,5.165,5.165,5.158,5.158,2377.0
2025-08-06T10:49:04,5.155,5.155,5.155,5.155,600.0
2025-08-06T10:49:07,5.16,5.16,5.16,5.16,491.0
2025-08-06T10:49:11,5.16,5.16,5.16,5.16,151.0
2025-08-06T10:49:18,5.155,5.16,5.155,5.16,547.0
2025-08-06T10:49:24,5.16,5.16,5.16,5.16,104.0
2025-08-06T10:49:27,5.165,5.165,5.165,5.165,1023.0
2025-08-06T10:49:30,5.165,5.165,5.165,5.165,200.0
2025-08-06T10:49:33,5.165,5.165,5.165,5.165,2500.0
2025-08-06T10:49:36,5.16,5.165,5.13,5.131,10097.0
2025-08-06T10:49:39,5.135,5.155,5.135,5.155,2532.0
2025-08-06T10:49:41,5.15,5.15,5.15,5.15,200.0
2025-08-06T10:49:58,5.1401,5.1401,5.14,5.14,339.0
2025-08-06T10:50:00,5.15,5.15,5.15,5.15,714.0
2025-08-06T10:50:03,5.155,5.155,5.155,5.155,307.0
2025-08-06T10:50:05,5.1501,5.155,5.1501,5.155,458.0
2025-08-06T10:50:06,5.1588,5.1588,5.1588,5.1588,222.0
2025-08-06T10:50:09,5.1599,5.1599,5.1599,5.1599,1002.0
2025-08-06T10:50:14,5.15,5.15,5.15,5.15,110.0
2025-08-06T10:50:22,5.16,5.16,5.16,5.16,252.0
2025-08-06T10:50:25,5.16,5.165,5.16,5.165,420.0
2025-08-06T10:50:30,5.1635,5.1635,5.1635,5.1635,2000.0
2025-08-06T10:50:32,5.165,5.165,5.165,5.165,1710.0
2025-08-06T10:50:41,5.165,5.165,5.165,5.165,101.0
2025-08-06T10:50:45,5.16,5.16,5.145,5.145,3070.0
2025-08-06T10:50:46,5.147574,5.147574,5.147574,5.147574,102.0
2025-08-06T10:50:57,5.14,5.14,5.14,5.14,113.0
2025-08-06T10:50:58,5.14,5.14,5.14,5.14,441.0
2025-08-06T10:50:59,5.145,5.145,5.145,5.145,116.0
2025-08-06T10:51:04,5.1401,5.1401,5.1401,5.1401,330.0
2025-08-06T10:51:16,5.14,5.14,5.14,5.14,100.0
2025-08-06T10:51:25,5.1401,5.1401,5.1401,5.1401,150.0
2025-08-06T10:51:33,5.145,5.145,5.145,5.145,109.0
2025-08-06T10:51:34,5.14,5.14,5.14,5.14,191.0
2025-08-06T10:51:35,5.1405,5.1405,5.1405,5.1405,1000.0
2025-08-06T10:51:47,5.14,5.14,5.13,5.13,1288.0
2025-08-06T10:51:50,5.1308,5.1308,5.1308,5.1308,2000.0
2025-08-06T10:51:51,5.13,5.135,5.12,5.135,1395.0
2025-08-06T10:51:52,5.1301,5.1301,5.1301,5.1301,1109.0
2025-08-06T10:51:59,5.135,5.135,5.135,5.135,401.0
2025-08-06T10:52:05,5.13,5.13,5.13,5.13,100.0
2025-08-06T10:52:11,5.1301,5.135,5.1301,5.135,2000.0
2025-08-06T10:52:12,5.135,5.135,5.135,5.135,100.0
2025-08-06T10:52:14,5.135,5.135,5.135,5.135,102.0
2025-08-06T10:52:22,5.135,5.135,5.135,5.135,655.0
2025-08-06T10:52:24,5.13,5.13,5.13,5.13,154.0
2025-08-06T10:52:37,5.13,5.14,5.13,5.14,7993.0
2025-08-06T10:52:39,5.15,5.15,5.15,5.15,369.0
2025-08-06T10:52:44,5.15,5.15,5.15,5.15,100.0
2025-08-06T10:52:47,5.1512,5.16,5.14,5.14,6746.0
2025-08-06T10:52:49,5.135,5.14,5.135,5.135,840.0
2025-08-06T10:53:01,5.1493,5.15,5.145,5.15,1370.0
2025-08-06T10:53:03,5.155,5.155,5.155,5.155,200.0
2025-08-06T10:53:04,5.155,5.155,5.155,5.155,110.0
2025-08-06T10:53:07,5.1538,5.1538,5.1538,5.1538,1501.0
2025-08-06T10:53:13,5.16,5.16,5.155,5.155,1500.0
2025-08-06T10:53:15,5.155,5.155,5.155,5.155,330.0
2025-08-06T10:53:17,5.155,5.155,5.155,5.155,101.0
2025-08-06T10:53:22,5.1512,5.155,5.1512,5.155,550.0
2025-08-06T10:53:26,5.15,5.15,5.15,5.15,1120.0
2025-08-06T10:53:30,5.15,5.15,5.15,5.15,100.0
2025-08-06T10:53:35,5.153,5.153,5.153,5.153,440.0
2025-08-06T10:53:48,5.155,5.155,5.155,5.155,300.0
2025-08-06T10:53:49,5.16,5.16,5.16,5.16,190.0
2025-08-06T10:53:54,5.155,5.155,5.155,5.155,100.0
2025-08-06T10:53:55,5.155,5.155,5.155,5.155,1506.0
2025-08-06T10:54:03,5.15,5.15,5.15,5.15,100.0
2025-08-06T10:54:17,5.155,5.19,5.155,5.185,3892.0
2025-08-06T10:54:18,5.185,5.185,5.185,5.185,215.0
2025-08-06T10:54:22,5.1843,5.1843,5.1843,5.1843,2023.0
2025-08-06T10:54:24,5.18,5.18,5.18,5.18,300.0
2025-08-06T10:54:25,5.185,5.185,5.16,5.16,3361.0
2025-08-06T10:54:28,5.165,5.165,5.165,5.165,2021.0
2025-08-06T10:54:30,5.1692,5.1692,5.1692,5.1692,145.0
2025-08-06T10:54:32,5.1692,5.1692,5.1692,5.1692,200.0
2025-08-06T10:54:41,5.165,5.165,5.165,5.165,132.0
2025-08-06T10:54:45,5.16,5.16,5.13,5.135,3091.0
2025-08-06T10:54:52,5.13,5.13,5.13,5.13,100.0
2025-08-06T10:54:53,5.13,5.135,5.13,5.135,817.0
2025-08-06T10:54:54,5.135,5.135,5.135,5.135,780.0
2025-08-06T10:54:55,5.13,5.13,5.13,5.13,100.0
2025-08-06T10:55:04,5.1346,5.135,5.1346,5.135,2700.0
2025-08-06T10:55:08,5.135,5.135,5.135,5.135,205.0
2025-08-06T10:55:11,5.135,5.135,5.135,5.135,100.0
2025-08-06T10:55:14,5.13,5.13,5.12,5.12,1714.0
2025-08-06T10:55:17,5.12,5.12,5.12,5.12,100.0
2025-08-06T10:55:25,5.12,5.12,5.12,5.12,100.0
2025-08-06T10:55:31,5.111,5.111,5.11,5.11,2485.0
2025-08-06T10:55:32,5.1,5.11,5.1,5.11,2324.0
2025-08-06T10:55:33,5.11,5.11,5.11,5.11,1756.0
2025-08-06T10:55:34,5.1194,5.1194,5.1194,5.1194,2000.0
2025-08-06T10:55:35,5.11,5.11,5.1,5.105,5781.0
2025-08-06T10:55:38,5.1,5.1,5.1,5.1,2126.0
2025-08-06T10:55:40,5.1,5.1,5.0839,5.09,3008.0
2025-08-06T10:55:43,5.0912,5.0912,5.0912,5.0912,487.0
2025-08-06T10:55:44,5.0999,5.0999,5.095,5.095,1209.0
2025-08-06T10:55:47,5.095,5.095,5.095,5.095,1071.0
2025-08-06T10:55:48,5.095,5.095,5.095,5.095,465.0
2025-08-06T10:55:49,5.09,5.095,5.09,5.095,3200.0
2025-08-06T10:55:52,5.09,5.09,5.09,5.09,406.0
2025-08-06T10:55:53,5.0999,5.0999,5.0999,5.0999,306.0
2025-08-06T10:55:55,5.09,5.09,5.09,5.09,100.0
2025-08-06T10:55:58,5.095,5.095,5.095,5.095,470.0
2025-08-06T10:55:59,5.0912,5.0912,5.0912,5.0912,765.0
2025-08-06T10:56:00,5.095,5.095,5.095,5.095,100.0
2025-08-06T10:56:03,5.095,5.095,5.095,5.095,157.0
2025-08-06T10:56:07,5.0955,5.0955,5.0955,5.0955,120.0
2025-08-06T10:56:12,5.095,5.095,5.095,5.095,100.0
2025-08-06T10:56:15,5.095,5.095,5.095,5.095,1000.0
2025-08-06T10:56:18,5.0991,5.0991,5.095,5.095,200.0
2025-08-06T10:56:27,5.095,5.095,5.095,5.095,150.0
2025-08-06T10:56:34,5.0994,5.0994,5.0946,5.0946,2789.0
2025-08-06T10:56:36,5.095,5.095,5.095,5.095,277.0
2025-08-06T10:56:39,5.09,5.09,5.09,5.09,266.0
2025-08-06T10:56:54,5.0912,5.0912,5.0912,5.0912,102.0
2025-08-06T10:56:56,5.1,5.1,5.1,5.1,4300.0
2025-08-06T10:57:04,5.1008,5.1008,5.1008,5.1008,100.0
2025-08-06T10:57:05,5.1,5.1,5.095,5.095,1297.0
2025-08-06T10:57:09,5.1,5.1,5.1,5.1,263.0
2025-08-06T10:57:10,5.09,5.09,5.09,5.09,100.0
2025-08-06T10:57:19,5.095,5.095,5.095,5.095,248.0
2025-08-06T10:57:20,5.095,5.095,5.095,5.095,100.0
2025-08-06T10:57:22,5.0999,5.0999,5.0999,5.0999,132.0
2025-08-06T10:57:28,5.1,5.1,5.095,5.095,836.0
2025-08-06T10:57:31,5.0998,5.0998,5.0998,5.0998,100.0
2025-08-06T10:57:53,5.09,5.09,5.07,5.08,6585.0
2025-08-06T10:57:58,5.081,5.081,5.081,5.081,900.0
2025-08-06T10:57:59,5.085,5.085,5.085,5.085,199.0
2025-08-06T10:58:05,5.0891,5.0891,5.0891,5.0891,100.0
2025-08-06T10:58:09,5.09,5.09,5.09,5.09,960.0
2025-08-06T10:58:11,5.08,5.08,5.08,5.08,300.0
2025-08-06T10:58:16,5.0893,5.0893,5.0893,5.0893,1000.0
2025-08-06T10:58:20,5.0889,5.0889,5.0889,5.0889,960.0
2025-08-06T10:58:23,5.0812,5.0812,5.0812,5.0812,223.0
2025-08-06T10:58:28,5.08,5.08,5.08,5.08,300.0
2025-08-06T10:58:35,5.0888,5.0888,5.0888,5.0888,288.0
2025-08-06T10:58:39,5.08,5.08,5.08,5.08,232.0
2025-08-06T10:58:40,5.08,5.08,5.08,5.08,168.0
2025-08-06T10:58:51,5.085,5.085,5.085,5.085,100.0
2025-08-06T10:58:53,5.0892,5.0892,5.0892,5.0892,591.0
2025-08-06T10:58:58,5.085,5.085,5.085,5.085,950.0
2025-08-06T10:59:00,5.085,5.09,5.085,5.085,5064.0
2025-08-06T10:59:04,5.085,5.09,5.085,5.09,610.0
2025-08-06T10:59:05,5.085,5.085,5.085,5.085,102.0
2025-08-06T10:59:06,5.09,5.09,5.09,5.09,342.0
2025-08-06T10:59:07,5.09,5.09,5.09,5.09,644.0
2025-08-06T10:59:08,5.09,5.09,5.09,5.09,1377.0
2025-08-06T10:59:11,5.085,5.085,5.085,5.085,200.0
2025-08-06T10:59:15,5.085,5.085,5.085,5.085,116.0
2025-08-06T10:59:24,5.0801,5.085,5.0801,5.085,201.0
2025-08-06T10:59:35,5.085,5.085,5.085,5.085,112.0
2025-08-06T10:59:44,5.085,5.085,5.085,5.085,200.0
2025-08-06T10:59:47,5.09,5.09,5.09,5.09,795.0
2025-08-06T10:59:48,5.08,5.08,5.075,5.075,1228.0
2025-08-06T10:59:49,5.075,5.075,5.075,5.075,124.0
2025-08-06T10:59:53,5.0708,5.0755,5.0708,5.0755,5020.0
2025-08-06T11:00:03,5.075,5.075,5.0711,5.0711,203.0
2025-08-06T11:00:16,5.0711,5.0711,5.0711,5.0711,968.0
2025-08-06T11:00:18,5.075,5.11,5.075,5.098,14639.0
2025-08-06T11:00:19,5.09,5.09,5.09,5.09,117.0
2025-08-06T11:00:32,5.0801,5.0801,5.0801,5.0801,102.0
2025-08-06T11:00:34,5.09,5.09,5.09,5.09,167.0
2025-08-06T11:00:45,5.09,5.09,5.09,5.09,203.0
2025-08-06T11:01:06,5.09,5.09,5.09,5.09,1233.0
2025-08-06T11:01:07,5.095,5.095,5.095,5.095,314.0
2025-08-06T11:01:09,5.1,5.1,5.095,5.095,638.0
2025-08-06T11:01:15,5.095,5.095,5.095,5.095,472.0
2025-08-06T11:01:16,5.1,5.1,5.1,5.1,314.0
2025-08-06T11:01:17,5.105,5.105,5.105,5.105,500.0
2025-08-06T11:01:28,5.105,5.105,5.105,5.105,100.0
2025-08-06T11:01:46,5.1092,5.1092,5.1092,5.1092,700.0
2025-08-06T11:01:51,5.1001,5.1001,5.1001,5.1001,3019.0
2025-08-06T11:02:00,5.105,5.105,5.105,5.105,152.0
2025-08-06T11:02:10,5.105,5.105,5.105,5.105,121.0
2025-08-06T11:02:14,5.1,5.1,5.1,5.1,980.0
2025-08-06T11:02:23,5.105,5.105,5.105,5.105,127.0
2025-08-06T11:02:25,5.105,5.11,5.105,5.105,481.0
2025-08-06T11:02:26,5.105,5.105,5.105,5.105,602.0
2025-08-06T11:02:29,5.1093,5.11,5.1,5.1092,3285.0
2025-08-06T11:02:43,5.1001,5.1001,5.095,5.095,1992.0
2025-08-06T11:02:47,5.095,5.105,5.085,5.09,6604.0
2025-08-06T11:02:48,5.0912,5.0912,5.09,5.09,2154.0
2025-08-06T11:02:59,5.095,5.095,5.095,5.095,405.0
2025-08-06T11:03:08,5.0909,5.0909,5.0909,5.0909,157.0
2025-08-06T11:03:13,5.09,5.09,5.09,5.09,838.0
2025-08-06T11:03:15,5.0865,5.0865,5.0865,5.0865,1000.0
2025-08-06T11:03:17,5.085,5.085,5.085,5.085,100.0
2025-08-06T11:03:29,5.0854,5.0854,5.0854,5.0854,1075.0
2025-08-06T11:03:41,5.09,5.09,5.09,5.09,1033.0
2025-08-06T11:03:42,5.09,5.09,5.09,5.09,200.0
2025-08-06T11:03:43,5.1,5.115,5.1,5.115,2052.0
2025-08-06T11:03:44,5.115,5.12,5.115,5.115,639.0
2025-08-06T11:03:46,5.115,5.13,5.115,5.125,14157.0
2025-08-06T11:03:47,5.125,5.13,5.125,5.13,338.0
2025-08-06T11:03:49,5.125,5.125,5.12,5.12,727.0
2025-08-06T11:03:52,5.115,5.16,5.11,5.16,53836.0
2025-08-06T11:03:53,5.165,5.165,5.15,5.15,3286.0
2025-08-06T11:03:54,5.155,5.16,5.15,5.155,825.0
2025-08-06T11:03:57,5.1688,5.1688,5.1688,5.1688,497.0
2025-08-06T11:04:00,5.165,5.175,5.16,5.175,2211.0
2025-08-06T11:04:02,5.175,5.18,5.175,5.175,1833.0
2025-08-06T11:04:04,5.1799,5.18,5.175,5.175,5500.0
2025-08-06T11:04:05,5.1701,5.1701,5.1701,5.1701,122.0
2025-08-06T11:04:14,5.1701,5.175,5.17,5.17,2344.0
2025-08-06T11:04:15,5.16,5.165,5.16,5.165,1063.0
2025-08-06T11:04:24,5.1615,5.1615,5.1615,5.1615,1000.0
2025-08-06T11:04:30,5.1642,5.1642,5.1642,5.1642,175.0
2025-08-06T11:04:38,5.17,5.19,5.165,5.18,2910.0
2025-08-06T11:04:42,5.17,5.17,5.16,5.16,210.0
2025-08-06T11:04:43,5.1798,5.1798,5.1798,5.1798,900.0
2025-08-06T11:04:44,5.1793,5.1793,5.175,5.175,694.0
2025-08-06T11:04:51,5.1798,5.1798,5.1798,5.1798,102.0
2025-08-06T11:04:53,5.18,5.18,5.18,5.18,1108.0
2025-08-06T11:04:58,5.1701,5.1701,5.1701,5.1701,100.0
2025-08-06T11:04:59,5.1792,5.1792,5.1792,5.1792,201.0
2025-08-06T11:05:02,5.1789,5.1789,5.1789,5.1789,968.0
2025-08-06T11:05:05,5.1788,5.1788,5.1788,5.1788,103.0
2025-08-06T11:05:07,5.1791,5.1791,5.1791,5.1791,200.0
2025-08-06T11:05:12,5.1742,5.1742,5.1742,5.1742,514.0
2025-08-06T11:05:13,5.178,5.178,5.175,5.175,770.0
2025-08-06T11:05:15,5.1792,5.2,5.1792,5.2,7105.0
2025-08-06T11:05:16,5.205,5.205,5.2025,5.2025,304.0
2025-08-06T11:05:20,5.21,5.23,5.205,5.22,2464.0
2025-08-06T11:05:21,5.2199,5.2199,5.2199,5.2199,500.0
2025-08-06T11:05:23,5.22,5.22,5.2199,5.2199,5756.0
2025-08-06T11:05:25,5.22,5.22,5.22,5.22,258.0
2025-08-06T11:05:26,5.21,5.21,5.21,5.21,200.0
2025-08-06T11:05:28,5.215,5.218,5.215,5.218,502.0
2025-08-06T11:05:29,5.22,5.22,5.22,5.22,100.0
2025-08-06T11:05:31,5.22,5.225,5.22,5.225,1129.0
2025-08-06T11:05:32,5.22,5.22,5.22,5.22,175.0
2025-08-06T11:05:33,5.229551,5.229551,5.229551,5.229551,3335.0
2025-08-06T11:05:34,5.22,5.22,5.22,5.22,226.0
2025-08-06T11:05:37,5.225,5.225,5.225,5.225,102.0
2025-08-06T11:05:38,5.23,5.24,5.23,5.235,1247.0
2025-08-06T11:05:39,5.2301,5.235,5.2299,5.2299,3868.0
2025-08-06T11:05:40,5.23,5.23,5.225,5.23,2748.0
2025-08-06T11:05:41,5.229,5.229,5.229,5.229,132.0
2025-08-06T11:05:45,5.225,5.225,5.225,5.225,614.0
2025-08-06T11:05:48,5.225,5.225,5.225,5.225,103.0
2025-08-06T11:05:50,5.225,5.23,5.225,5.225,529.0
2025-08-06T11:05:51,5.22,5.2225,5.22,5.22,2328.0
2025-08-06T11:05:55,5.2299,5.2299,5.2299,5.2299,100.0
2025-08-06T11:05:57,5.2288,5.2288,5.2288,5.2288,275.0
2025-08-06T11:05:59,5.2254,5.2254,5.225,5.225,1213.0
2025-08-06T11:06:01,5.2208,5.23,5.22,5.23,3002.0
2025-08-06T11:06:02,5.22,5.22,5.22,5.22,100.0
2025-08-06T11:06:03,5.22,5.2243,5.22,5.2243,2113.0
2025-08-06T11:06:05,5.23,5.23,5.23,5.23,2600.0
2025-08-06T11:06:06,5.22,5.225,5.22,5.22,2083.0
2025-08-06T11:06:07,5.225,5.225,5.225,5.225,1000.0
2025-08-06T11:06:11,5.2217,5.2217,5.2217,5.2217,131.0
2025-08-06T11:06:17,5.2242,5.225,5.2209,5.2209,2349.0
2025-08-06T11:06:19,5.225,5.2299,5.225,5.2299,2131.0
2025-08-06T11:06:21,5.225,5.225,5.225,5.225,100.0
2025-08-06T11:06:24,5.2293,5.2293,5.2293,5.2293,675.0
2025-08-06T11:06:30,5.225,5.23,5.225,5.225,1533.0
2025-08-06T11:06:31,5.2299,5.24,5.19,5.195,11409.0
2025-08-06T11:06:32,5.21,5.21,5.21,5.21,203.0
2025-08-06T11:06:33,5.205,5.205,5.205,5.205,102.0
2025-08-06T11:06:34,5.2001,5.2001,5.2001,5.2001,400.0
2025-08-06T11:06:35,5.205,5.205,5.2,5.2,3439.0
2025-08-06T11:06:45,5.2007,5.2007,5.2007,5.2007,244.0
2025-08-06T11:06:47,5.2088,5.2088,5.2088,5.2088,219.0
2025-08-06T11:06:50,5.2001,5.2001,5.2001,5.2001,239.0
2025-08-06T11:06:51,5.205,5.205,5.205,5.205,207.0
2025-08-06T11:07:00,5.205,5.205,5.205,5.205,117.0
2025-08-06T11:07:02,5.2001,5.2001,5.2001,5.2001,498.0
2025-08-06T11:07:11,5.2001,5.2001,5.2001,5.2001,1821.0
2025-08-06T11:07:16,5.201,5.201,5.201,5.201,100.0
2025-08-06T11:07:17,5.2093,5.2093,5.2093,5.2093,921.0
2025-08-06T11:07:20,5.205,5.205,5.205,5.205,2000.0
2025-08-06T11:07:23,5.205,5.205,5.205,5.205,100.0
2025-08-06T11:07:34,5.2,5.205,5.2,5.205,764.0
2025-08-06T11:07:38,5.202,5.21,5.202,5.21,8616.0
2025-08-06T11:07:41,5.22,5.22,5.21,5.21,3675.0
2025-08-06T11:07:46,5.2088,5.2088,5.2088,5.2088,113.0
2025-08-06T11:07:47,5.21,5.21,5.21,5.21,2617.0
2025-08-06T11:07:49,5.2261,5.2261,5.22,5.22,1420.0
2025-08-06T11:07:56,5.2222,5.2222,5.2222,5.2222,500.0
2025-08-06T11:08:04,5.24,5.24,5.24,5.24,1768.0
2025-08-06T11:08:05,5.25,5.27,5.25,5.2699,4954.0
2025-08-06T11:08:09,5.2699,5.2699,5.2699,5.2699,732.0
2025-08-06T11:08:12,5.2655,5.2655,5.2655,5.2655,270.0
2025-08-06T11:08:14,5.265,5.265,5.265,5.265,209.0
2025-08-06T11:08:15,5.27,5.27,5.265,5.265,10100.0
2025-08-06T11:08:16,5.265,5.265,5.265,5.265,141.0
2025-08-06T11:08:17,5.265,5.265,5.265,5.265,500.0
2025-08-06T11:08:18,5.2699,5.2699,5.2699,5.2699,400.0
2025-08-06T11:08:21,5.2606,5.2688,5.2606,5.2688,3955.0
2025-08-06T11:08:22,5.265,5.265,5.265,5.265,124.0
2025-08-06T11:08:23,5.26,5.26,5.26,5.26,2309.0
2025-08-06T11:08:24,5.2588,5.2588,5.2588,5.2588,448.0
2025-08-06T11:08:25,5.2446,5.2446,5.2446,5.2446,1001.0
2025-08-06T11:08:32,5.245,5.245,5.245,5.245,200.0
2025-08-06T11:08:33,5.2401,5.2401,5.24,5.24,2276.0
2025-08-06T11:08:34,5.2388,5.2388,5.2388,5.2388,185.0
2025-08-06T11:08:35,5.235,5.2393,5.235,5.2393,541.0
2025-08-06T11:08:38,5.2393,5.2393,5.2393,5.2393,450.0
2025-08-06T11:08:39,5.23,5.235,5.23,5.235,1000.0
2025-08-06T11:08:45,5.235,5.24,5.235,5.235,678.0
2025-08-06T11:08:46,5.235,5.235,5.235,5.235,140.0
2025-08-06T11:08:51,5.2399,5.26,5.2312,5.25,11952.0
2025-08-06T11:08:53,5.2408,5.2408,5.2408,5.2408,700.0
2025-08-06T11:08:55,5.2584,5.2584,5.2584,5.2584,271.0
2025-08-06T11:08:58,5.25,5.25,5.2405,5.2405,1028.0
2025-08-06T11:09:03,5.255,5.255,5.255,5.255,105.0
2025-08-06T11:09:04,5.2585,5.2585,5.2585,5.2585,379.0
2025-08-06T11:09:07,5.24,5.24,5.24,5.24,320.0
2025-08-06T11:09:15,5.25,5.25,5.25,5.25,2062.0
2025-08-06T11:09:26,5.2401,5.2438,5.2401,5.2438,1101.0
2025-08-06T11:09:27,5.26,5.26,5.26,5.26,470.0
2025-08-06T11:09:28,5.2501,5.2501,5.2501,5.2501,1042.0
2025-08-06T11:09:29,5.25,5.25,5.25,5.25,220.0
2025-08-06T11:09:31,5.25,5.25,5.25,5.25,956.0
2025-08-06T11:09:32,5.2596,5.26,5.255,5.26,1470.0
2025-08-06T11:09:34,5.265,5.265,5.265,5.265,644.0
2025-08-06T11:09:35,5.27,5.27,5.265,5.2693,2036.0
2025-08-06T11:09:38,5.2692,5.2692,5.265,5.265,440.0
2025-08-06T11:09:42,5.27,5.27,5.27,5.27,105.0
2025-08-06T11:09:43,5.26,5.26,5.26,5.26,300.0
2025-08-06T11:09:45,5.26,5.275,5.26,5.275,8115.0
2025-08-06T11:09:46,5.275,5.275,5.275,5.275,100.0
2025-08-06T11:09:47,5.2799,5.2799,5.2799,5.2799,190.0
2025-08-06T11:09:49,5.265,5.265,5.265,5.265,649.0
2025-08-06T11:09:50,5.27,5.27,5.27,5.27,205.0
2025-08-06T11:09:51,5.265,5.265,5.265,5.265,165.0
2025-08-06T11:09:52,5.27,5.27,5.27,5.27,250.0
2025-08-06T11:09:53,5.27,5.27,5.27,5.27,362.0
2025-08-06T11:09:55,5.265,5.265,5.265,5.265,510.0
2025-08-06T11:09:56,5.265,5.265,5.265,5.265,301.0
2025-08-06T11:09:57,5.26,5.26,5.24,5.24,2365.0
2025-08-06T11:09:58,5.2488,5.25,5.2488,5.25,1503.0
2025-08-06T11:10:01,5.2588,5.2588,5.2588,5.2588,220.0
2025-08-06T11:10:06,5.2507,5.2507,5.2507,5.2507,815.0
2025-08-06T11:10:07,5.25,5.25,5.25,5.25,102.0
2025-08-06T11:10:08,5.2599,5.2599,5.2599,5.2599,361.0
2025-08-06T11:10:13,5.26,5.26,5.26,5.26,422.0
2025-08-06T11:10:17,5.2512,5.2512,5.2512,5.2512,105.0
2025-08-06T11:10:18,5.255,5.255,5.255,5.255,251.0
2025-08-06T11:10:25,5.2512,5.2512,5.2512,5.2512,166.0
2025-08-06T11:10:30,5.2512,5.2512,5.2512,5.2512,173.0
2025-08-06T11:10:33,5.255,5.255,5.255,5.255,1015.0
2025-08-06T11:10:35,5.2598,5.26,5.25,5.25,938.0
2025-08-06T11:10:37,5.24,5.24,5.23,5.23,3151.0
2025-08-06T11:10:39,5.22,5.22,5.22,5.22,1013.0
2025-08-06T11:10:46,5.22,5.22,5.22,5.22,649.0
2025-08-06T11:10:47,5.2299,5.2299,5.2299,5.2299,327.0
2025-08-06T11:10:52,5.22,5.22,5.21,5.22,2879.0
2025-08-06T11:10:54,5.225,5.225,5.225,5.225,328.0
2025-08-06T11:10:56,5.225,5.225,5.225,5.225,119.0
2025-08-06T11:10:58,5.2212,5.225,5.2212,5.225,1003.0
2025-08-06T11:11:00,5.2212,5.2212,5.2212,5.2212,150.0
2025-08-06T11:11:01,5.2255,5.2255,5.2255,5.2255,4032.0
2025-08-06T11:11:03,5.2245,5.2245,5.2245,5.2245,200.0
2025-08-06T11:11:04,5.23,5.23,5.22,5.22,609.0
2025-08-06T11:11:05,5.23,5.23,5.225,5.225,201.0
2025-08-06T11:11:20,5.23,5.23,5.23,5.23,2497.0
2025-08-06T11:11:25,5.2321,5.2321,5.2321,5.2321,502.0
2025-08-06T11:11:27,5.2394,5.2394,5.2394,5.2394,1113.0
2025-08-06T11:11:28,5.24,5.24,5.235,5.235,1254.0
2025-08-06T11:11:35,5.23,5.23,5.21,5.215,10820.0
2025-08-06T11:11:40,5.2106,5.2106,5.21,5.21,1386.0
2025-08-06T11:11:41,5.205,5.205,5.205,5.205,221.0
2025-08-06T11:11:42,5.205,5.205,5.205,5.205,1000.0
2025-08-06T11:11:43,5.2045,5.2045,5.2045,5.2045,400.0
2025-08-06T11:11:44,5.2,5.2,5.19,5.2,1162.0
2025-08-06T11:11:46,5.19,5.19,5.19,5.19,415.0
2025-08-06T11:11:47,5.1862,5.1862,5.1862,5.1862,150.0
2025-08-06T11:11:48,5.1981,5.1981,5.1981,5.1981,226.0
2025-08-06T11:11:49,5.1819,5.1819,5.1819,5.1819,448.0
2025-08-06T11:11:50,5.1818,5.1818,5.1818,5.1818,1245.0
2025-08-06T11:11:51,5.191,5.191,5.191,5.191,5015.0
2025-08-06T11:11:54,5.19,5.19,5.19,5.19,110.0
2025-08-06T11:11:55,5.1819,5.1819,5.1819,5.1819,568.0
2025-08-06T11:11:58,5.1802,5.1802,5.1802,5.1802,100.0
2025-08-06T11:12:02,5.1802,5.1802,5.1802,5.1802,500.0
2025-08-06T11:12:09,5.1818,5.1818,5.1818,5.1818,642.0
2025-08-06T11:12:14,5.19,5.2,5.19,5.2,4546.0
2025-08-06T11:12:26,5.2,5.2,5.19,5.19,1229.0
2025-08-06T11:12:28,5.19,5.1905,5.142,5.155,29412.0
2025-08-06T11:12:29,5.1512,5.155,5.1502,5.1502,1116.0
2025-08-06T11:12:30,5.1511,5.1511,5.1511,5.1511,197.0
2025-08-06T11:12:34,5.15,5.15,5.15,5.15,525.0
2025-08-06T11:12:37,5.1401,5.1401,5.1401,5.1401,4030.0
2025-08-06T11:12:39,5.1405,5.1405,5.1405,5.1405,550.0
2025-08-06T11:12:43,5.14,5.14,5.14,5.14,925.0
2025-08-06T11:12:49,5.14,5.14,5.14,5.14,400.0
2025-08-06T11:12:50,5.135,5.135,5.135,5.135,220.0
2025-08-06T11:12:52,5.135,5.139,5.135,5.139,3022.0
2025-08-06T11:12:57,5.1396,5.14,5.1396,5.14,1292.0
2025-08-06T11:13:00,5.1316,5.14,5.1316,5.14,1266.0
2025-08-06T11:13:15,5.1403,5.1403,5.1403,5.1403,100.0
2025-08-06T11:13:18,5.1499,5.1499,5.1499,5.1499,174.0
2025-08-06T11:13:19,5.14,5.14,5.14,5.14,423.0
2025-08-06T11:13:20,5.147,5.147,5.147,5.147,121.0
2025-08-06T11:13:21,5.145,5.145,5.145,5.145,183.0
2025-08-06T11:13:34,5.1445,5.1445,5.1445,5.1445,529.0
2025-08-06T11:13:43,5.145,5.145,5.1412,5.1412,553.0
2025-08-06T11:13:44,5.1412,5.1412,5.1412,5.1412,131.0
2025-08-06T11:13:51,5.142,5.142,5.142,5.142,100.0
2025-08-06T11:13:56,5.145,5.145,5.145,5.145,510.0
2025-08-06T11:14:03,5.1451,5.1451,5.141,5.141,531.0
2025-08-06T11:14:11,5.1476,5.1476,5.1476,5.1476,417.0
2025-08-06T11:14:17,5.1499,5.1499,5.1499,5.1499,200.0
2025-08-06T11:14:24,5.15,5.16,5.15,5.155,1680.0
2025-08-06T11:14:38,5.16,5.16,5.16,5.16,158.0
2025-08-06T11:14:42,5.1599,5.16,5.1599,5.16,1528.0
2025-08-06T11:14:44,5.16,5.16,5.16,5.16,259.0
2025-08-06T11:14:48,5.165,5.165,5.165,5.165,145.0
2025-08-06T11:14:58,5.15,5.15,5.15,5.15,557.0
2025-08-06T11:15:01,5.15,5.15,5.15,5.15,485.0
2025-08-06T11:15:08,5.15,5.15,5.15,5.15,243.0
2025-08-06T11:15:12,5.15,5.15,5.15,5.15,202.0
2025-08-06T11:15:24,5.1419,5.1419,5.1419,5.1419,198.0
2025-08-06T11:15:29,5.1401,5.1401,5.1401,5.1401,200.0
2025-08-06T11:15:34,5.1508,5.1508,5.1508,5.1508,726.0
2025-08-06T11:15:38,5.1547,5.1547,5.1547,5.1547,3035.0
2025-08-06T11:15:52,5.16,5.16,5.16,5.16,283.0
2025-08-06T11:15:57,5.17,5.17,5.17,5.17,124.0
2025-08-06T11:15:59,5.16,5.16,5.16,5.16,225.0
2025-08-06T11:16:00,5.16,5.16,5.16,5.16,575.0
2025-08-06T11:16:02,5.17,5.17,5.17,5.17,202.0
2025-08-06T11:16:11,5.1799,5.1799,5.1799,5.1799,1000.0
2025-08-06T11:16:12,5.18,5.19,5.18,5.19,6686.0
2025-08-06T11:16:14,5.1806,5.1806,5.1806,5.1806,1002.0
2025-08-06T11:16:16,5.185,5.185,5.185,5.185,100.0
2025-08-06T11:16:22,5.185,5.185,5.185,5.185,174.0
2025-08-06T11:16:23,5.1892,5.1892,5.1892,5.1892,100.0
2025-08-06T11:16:31,5.1845,5.1845,5.1845,5.1845,1500.0
2025-08-06T11:16:32,5.19,5.19,5.19,5.19,1300.0
2025-08-06T11:16:33,5.18,5.18,5.18,5.18,3019.0
2025-08-06T11:17:02,5.1892,5.1892,5.1892,5.1892,500.0
2025-08-06T11:17:11,5.185,5.185,5.185,5.185,188.0
2025-08-06T11:17:21,5.185,5.185,5.185,5.185,126.0
2025-08-06T11:17:23,5.19,5.195,5.185,5.185,7266.0
2025-08-06T11:17:24,5.185,5.19,5.185,5.19,456.0
2025-08-06T11:17:27,5.19,5.19,5.19,5.19,2126.0
2025-08-06T11:17:33,5.19,5.19,5.19,5.19,1292.0
2025-08-06T11:17:36,5.19,5.19,5.18,5.18,4638.0
2025-08-06T11:17:38,5.1788,5.1788,5.1788,5.1788,110.0
2025-08-06T11:17:51,5.1765,5.1765,5.1765,5.1765,2000.0
2025-08-06T11:18:00,5.175,5.175,5.17,5.17,10446.0
2025-08-06T11:18:01,5.175,5.175,5.175,5.175,230.0
2025-08-06T11:18:25,5.18,5.18,5.18,5.18,101.0
2025-08-06T11:18:27,5.185,5.185,5.18,5.18,1151.0
2025-08-06T11:18:40,5.185,5.185,5.185,5.185,100.0
2025-08-06T11:19:03,5.1812,5.1812,5.1812,5.1812,106.0
2025-08-06T11:19:13,5.19,5.195,5.185,5.19,18366.0
2025-08-06T11:19:16,5.185,5.185,5.185,5.185,311.0
2025-08-06T11:19:19,5.18,5.185,5.18,5.185,1159.0
2025-08-06T11:19:33,5.1806,5.1806,5.1806,5.1806,257.0
2025-08-06T11:19:45,5.1891,5.1891,5.1891,5.1891,300.0
2025-08-06T11:20:09,5.1899,5.1899,5.1899,5.1899,400.0
2025-08-06T11:20:10,5.185,5.185,5.185,5.185,114.0
2025-08-06T11:20:18,5.185,5.185,5.185,5.185,132.0
2025-08-06T11:20:20,5.185,5.185,5.185,5.185,277.0
2025-08-06T11:20:32,5.1892,5.2,5.1892,5.2,5656.0
2025-08-06T11:20:36,5.185,5.185,5.17,5.18,3740.0
2025-08-06T11:20:40,5.1694,5.17,5.165,5.17,1437.0
2025-08-06T11:20:52,5.18,5.18,5.18,5.18,102.0
2025-08-06T11:21:02,5.1726,5.1726,5.1726,5.1726,108.0
2025-08-06T11:21:10,5.175,5.175,5.17,5.17,615.0
2025-08-06T11:21:11,5.1601,5.1601,5.1601,5.1601,500.0
2025-08-06T11:21:14,5.16,5.16,5.16,5.16,400.0
2025-08-06T11:21:17,5.165,5.165,5.165,5.165,471.0
2025-08-06T11:21:30,5.165,5.165,5.165,5.165,200.0
2025-08-06T11:21:42,5.16,5.16,5.16,5.16,945.0
2025-08-06T11:21:44,5.15,5.15,5.15,5.15,362.0
2025-08-06T11:21:47,5.1545,5.155,5.1545,5.155,5100.0
2025-08-06T11:21:50,5.155,5.155,5.155,5.155,376.0
2025-08-06T11:21:51,5.15,5.15,5.15,5.15,1311.0
2025-08-06T11:22:02,5.145,5.15,5.145,5.15,6438.0
2025-08-06T11:22:08,5.1499,5.1499,5.1499,5.1499,100.0
2025-08-06T11:22:17,5.15,5.15,5.145,5.145,396.0
2025-08-06T11:22:18,5.145,5.145,5.145,5.145,170.0
2025-08-06T11:22:38,5.1401,5.1401,5.1401,5.1401,195.0
2025-08-06T11:22:43,5.145,5.145,5.145,5.145,246.0
2025-08-06T11:22:47,5.145,5.145,5.145,5.145,386.0
2025-08-06T11:22:48,5.145,5.145,5.145,5.145,320.0
2025-08-06T11:23:07,5.1498,5.1498,5.1498,5.1498,100.0
2025-08-06T11:23:19,5.15,5.16,5.15,5.16,9492.0
2025-08-06T11:23:20,5.15,5.15,5.15,5.15,1470.0
2025-08-06T11:23:21,5.145,5.145,5.145,5.145,100.0
2025-08-06T11:23:28,5.145,5.145,5.145,5.145,100.0
2025-08-06T11:23:42,5.1497,5.15,5.145,5.15,3828.0
2025-08-06T11:23:48,5.15,5.15,5.1409,5.1409,1433.0
2025-08-06T11:23:49,5.14,5.14,5.135,5.135,2197.0
2025-08-06T11:23:57,5.1307,5.1307,5.1307,5.1307,102.0
2025-08-06T11:23:58,5.1307,5.1307,5.1307,5.1307,100.0
2025-08-06T11:24:00,5.1391,5.1391,5.1391,5.1391,123.0
2025-08-06T11:24:05,5.1306,5.1306,5.1306,5.1306,1000.0
2025-08-06T11:24:09,5.1312,5.1312,5.1312,5.1312,191.0
2025-08-06T11:24:17,5.135,5.135,5.135,5.135,231.0
2025-08-06T11:24:20,5.135,5.135,5.135,5.135,100.0
2025-08-06T11:24:30,5.13,5.13,5.13,5.13,5753.0
2025-08-06T11:24:34,5.135,5.135,5.135,5.135,1200.0
2025-08-06T11:24:44,5.135,5.135,5.135,5.135,100.0
2025-08-06T11:24:48,5.13,5.135,5.125,5.125,1251.0
2025-08-06T11:24:52,5.1201,5.1201,5.1201,5.1201,1116.0
2025-08-06T11:24:56,5.125,5.125,5.125,5.125,142.0
2025-08-06T11:25:00,5.12,5.12,5.12,5.12,1306.0
2025-08-06T11:25:02,5.125,5.125,5.125,5.125,2000.0
2025-08-06T11:25:03,5.1212,5.1212,5.1212,5.1212,655.0
2025-08-06T11:25:27,5.125,5.125,5.125,5.125,156.0
2025-08-06T11:25:40,5.13,5.13,5.125,5.13,900.0
2025-08-06T11:25:41,5.1212,5.1212,5.1212,5.1212,199.0
2025-08-06T11:25:51,5.1294,5.1294,5.1294,5.1294,2069.0
2025-08-06T11:25:54,5.12,5.12,5.12,5.12,162.0
2025-08-06T11:25:55,5.125,5.125,5.125,5.125,100.0
2025-08-06T11:25:58,5.125,5.125,5.125,5.125,287.0
2025-08-06T11:25:59,5.125,5.125,5.125,5.125,402.0
2025-08-06T11:26:00,5.121,5.125,5.121,5.125,1800.0
2025-08-06T11:26:01,5.125,5.125,5.125,5.125,200.0
2025-08-06T11:26:03,5.125,5.125,5.125,5.125,200.0
2025-08-06T11:26:16,5.121,5.1298,5.121,5.1298,1905.0
2025-08-06T11:26:19,5.125,5.125,5.125,5.125,121.0
2025-08-06T11:26:30,5.13,5.13,5.13,5.13,151.0
2025-08-06T11:26:31,5.1201,5.1201,5.1201,5.1201,255.0
2025-08-06T11:26:44,5.125,5.125,5.125,5.125,142.0
2025-08-06T11:27:05,5.127,5.127,5.127,5.127,100.0
2025-08-06T11:27:06,5.125,5.125,5.125,5.125,101.0
2025-08-06T11:27:07,5.1292,5.1292,5.1292,5.1292,1000.0
2025-08-06T11:27:14,5.12,5.135,5.12,5.12,10808.0
2025-08-06T11:27:23,5.13,5.13,5.13,5.13,1000.0
2025-08-06T11:27:38,5.135,5.135,5.135,5.135,202.0
2025-08-06T11:27:41,5.14,5.14,5.135,5.135,225.0
2025-08-06T11:27:44,5.13,5.135,5.125,5.13,5840.0
2025-08-06T11:28:14,5.1207,5.1207,5.1207,5.1207,500.0
2025-08-06T11:28:36,5.1299,5.1299,5.1299,5.1299,300.0
2025-08-06T11:28:42,5.125,5.125,5.125,5.125,850.0
2025-08-06T11:28:45,5.125,5.125,5.125,5.125,100.0
2025-08-06T11:28:56,5.125,5.125,5.125,5.125,451.0
2025-08-06T11:28:58,5.125,5.125,5.125,5.125,275.0
2025-08-06T11:28:59,5.12,5.14,5.12,5.14,4204.0
2025-08-06T11:29:00,5.145,5.145,5.145,5.145,416.0
2025-08-06T11:29:03,5.145,5.145,5.145,5.145,100.0
2025-08-06T11:29:06,5.145,5.145,5.145,5.145,153.0
2025-08-06T11:29:22,5.145,5.145,5.145,5.145,714.0
2025-08-06T11:29:28,5.145,5.155,5.145,5.15,11577.0
2025-08-06T11:29:29,5.15,5.15,5.15,5.15,895.0
2025-08-06T11:29:32,5.145,5.145,5.145,5.145,101.0
2025-08-06T11:29:37,5.14,5.14,5.14,5.14,2005.0
2025-08-06T11:29:50,5.145,5.145,5.145,5.145,192.0
2025-08-06T11:29:52,5.145,5.145,5.145,5.145,100.0
2025-08-06T11:29:57,5.145,5.145,5.145,5.145,478.0
2025-08-06T11:29:58,5.145,5.145,5.145,5.145,274.0
2025-08-06T11:30:05,5.14,5.14,5.14,5.14,162.0
2025-08-06T11:30:38,5.1407,5.1407,5.1407,5.1407,1288.0
2025-08-06T11:30:56,5.145,5.145,5.145,5.145,108.0
2025-08-06T11:30:59,5.145,5.145,5.145,5.145,289.0
2025-08-06T11:31:06,5.14,5.14,5.14,5.14,100.0
2025-08-06T11:31:11,5.145,5.145,5.145,5.145,300.0
2025-08-06T11:31:23,5.145,5.145,5.145,5.145,120.0
2025-08-06T11:31:25,5.1493,5.1493,5.1493,5.1493,586.0
2025-08-06T11:31:28,5.14,5.14,5.14,5.14,1780.0
2025-08-06T11:31:32,5.14,5.14,5.14,5.14,476.0
2025-08-06T11:31:33,5.14,5.14,5.14,5.14,100.0
2025-08-06T11:31:37,5.14,5.14,5.135,5.135,579.0
2025-08-06T11:31:47,5.13,5.13,5.13,5.13,230.0
2025-08-06T11:31:53,5.135,5.135,5.135,5.135,257.0
2025-08-06T11:31:58,5.135,5.135,5.135,5.135,160.0
2025-08-06T11:32:01,5.135,5.135,5.135,5.135,100.0
2025-08-06T11:32:03,5.135,5.135,5.135,5.135,192.0
2025-08-06T11:32:05,5.135,5.135,5.135,5.135,300.0
2025-08-06T11:32:06,5.1388,5.1388,5.1388,5.1388,570.0
2025-08-06T11:32:07,5.135,5.135,5.135,5.135,164.0
2025-08-06T11:32:12,5.135,5.135,5.135,5.135,584.0
2025-08-06T11:32:16,5.1398,5.1398,5.1398,5.1398,694.0
2025-08-06T11:32:25,5.135,5.14,5.13,5.13,2267.0
2025-08-06T11:32:29,5.1412,5.1412,5.1412,5.1412,206.0
2025-08-06T11:32:34,5.1407,5.145,5.1407,5.145,503.0
2025-08-06T11:32:36,5.145,5.145,5.145,5.145,102.0
2025-08-06T11:32:55,5.1499,5.1499,5.1499,5.1499,410.0
2025-08-06T11:33:01,5.148,5.148,5.148,5.148,300.0
2025-08-06T11:33:09,5.145,5.1454,5.145,5.1454,1386.0
2025-08-06T11:33:15,5.15,5.15,5.15,5.15,350.0
2025-08-06T11:33:16,5.15,5.15,5.15,5.15,1310.0
2025-08-06T11:33:17,5.155,5.155,5.155,5.155,1500.0
2025-08-06T11:33:18,5.151,5.18,5.151,5.18,8648.0
2025-08-06T11:33:20,5.18,5.19,5.18,5.19,3624.0
2025-08-06T11:33:23,5.195,5.195,5.195,5.195,120.0
2025-08-06T11:33:25,5.1999,5.2,5.1999,5.2,1623.0
2025-08-06T11:33:27,5.1911,5.1911,5.1911,5.1911,1064.0
2025-08-06T11:33:28,5.19,5.195,5.19,5.19,858.0
2025-08-06T11:33:38,5.185,5.185,5.185,5.185,102.0
2025-08-06T11:33:45,5.18,5.185,5.18,5.185,214.0
2025-08-06T11:33:51,5.1899,5.1899,5.1899,5.1899,100.0
2025-08-06T11:34:11,5.185,5.19,5.185,5.19,486.0
2025-08-06T11:34:16,5.185,5.185,5.185,5.185,162.0
2025-08-06T11:34:24,5.1807,5.1807,5.1807,5.1807,1911.0
2025-08-06T11:34:25,5.1899,5.19,5.1899,5.19,1403.0
2025-08-06T11:34:36,5.195,5.195,5.195,5.195,102.0
2025-08-06T11:34:37,5.195,5.195,5.195,5.195,300.0
2025-08-06T11:34:42,5.195,5.195,5.195,5.195,119.0
2025-08-06T11:34:43,5.195,5.195,5.195,5.195,4807.0
2025-08-06T11:34:46,5.195,5.2,5.18,5.18,2713.0
2025-08-06T11:34:49,5.1755,5.1755,5.1755,5.1755,700.0
2025-08-06T11:35:01,5.1799,5.1799,5.1799,5.1799,100.0
2025-08-06T11:35:07,5.175,5.18,5.175,5.18,486.0
2025-08-06T11:35:09,5.175,5.175,5.17,5.17,992.0
2025-08-06T11:35:15,5.165,5.165,5.165,5.165,100.0
2025-08-06T11:35:18,5.165,5.165,5.165,5.165,501.0
2025-08-06T11:35:21,5.16,5.165,5.145,5.145,3095.0
2025-08-06T11:35:24,5.1407,5.1407,5.1407,5.1407,379.0
2025-08-06T11:35:25,5.1411,5.1411,5.1411,5.1411,1046.0
2025-08-06T11:35:26,5.15,5.15,5.15,5.15,273.0
2025-08-06T11:35:27,5.15,5.15,5.15,5.15,467.0
2025-08-06T11:35:30,5.15,5.16,5.15,5.16,486.0
2025-08-06T11:35:54,5.155,5.16,5.155,5.155,509.0
2025-08-06T11:36:04,5.16,5.16,5.155,5.155,434.0
2025-08-06T11:36:09,5.15,5.15,5.15,5.15,1358.0
2025-08-06T11:36:30,5.145,5.15,5.145,5.145,586.0
2025-08-06T11:36:32,5.14,5.145,5.11,5.12,7322.0
2025-08-06T11:36:37,5.1293,5.13,5.1293,5.13,894.0
2025-08-06T11:36:43,5.135,5.135,5.135,5.135,360.0
2025-08-06T11:37:00,5.1312,5.1312,5.1312,5.1312,339.0
2025-08-06T11:37:03,5.14,5.14,5.14,5.14,549.0
2025-08-06T11:37:04,5.13,5.13,5.13,5.13,200.0
2025-08-06T11:37:11,5.14,5.14,5.14,5.14,229.0
2025-08-06T11:37:12,5.14,5.15,5.14,5.14,935.0
2025-08-06T11:37:17,5.135,5.135,5.13,5.13,846.0
2025-08-06T11:37:33,5.13,5.13,5.13,5.13,486.0
2025-08-06T11:37:47,5.13,5.13,5.13,5.13,521.0
2025-08-06T11:37:53,5.13,5.13,5.13,5.13,1223.0
2025-08-06T11:37:56,5.135,5.135,5.135,5.135,100.0
2025-08-06T11:37:57,5.135,5.135,5.135,5.135,100.0
2025-08-06T11:38:02,5.135,5.165,5.13,5.15,5913.0
2025-08-06T11:38:19,5.14,5.145,5.14,5.14,730.0
2025-08-06T11:38:26,5.13,5.13,5.13,5.13,241.0
2025-08-06T11:38:35,5.1308,5.1308,5.1308,5.1308,102.0
2025-08-06T11:38:45,5.1307,5.1307,5.1307,5.1307,558.0
2025-08-06T11:38:57,5.14,5.145,5.14,5.145,2189.0
2025-08-06T11:38:58,5.145,5.145,5.145,5.145,128.0
2025-08-06T11:39:01,5.14,5.14,5.14,5.14,434.0
2025-08-06T11:39:06,5.14,5.145,5.13,5.13,4932.0
2025-08-06T11:39:26,5.125,5.125,5.12,5.125,3419.0
2025-08-06T11:40:04,5.13,5.13,5.13,5.13,100.0
2025-08-06T11:40:12,5.125,5.13,5.125,5.13,1308.0
2025-08-06T11:40:14,5.1399,5.1399,5.1399,5.1399,107.0
2025-08-06T11:40:16,5.14,5.14,5.14,5.14,601.0
2025-08-06T11:40:25,5.15,5.15,5.15,5.15,410.0
2025-08-06T11:40:31,5.14,5.15,5.14,5.14,3973.0
2025-08-06T11:40:35,5.145,5.155,5.145,5.155,1129.0
2025-08-06T11:40:37,5.155,5.155,5.155,5.155,200.0
2025-08-06T11:40:39,5.155,5.155,5.155,5.155,187.0
2025-08-06T11:40:51,5.15,5.15,5.15,5.15,1378.0
2025-08-06T11:40:58,5.145,5.145,5.145,5.145,104.0
2025-08-06T11:41:10,5.145,5.145,5.145,5.145,178.0
2025-08-06T11:41:16,5.15,5.15,5.15,5.15,1093.0
2025-08-06T11:41:27,5.155,5.155,5.155,5.155,751.0
2025-08-06T11:41:31,5.155,5.155,5.155,5.155,109.0
2025-08-06T11:41:33,5.16,5.16,5.15,5.15,2653.0
2025-08-06T11:41:43,5.15,5.165,5.15,5.165,2920.0
2025-08-06T11:41:54,5.1601,5.1601,5.1601,5.1601,104.0
2025-08-06T11:41:55,5.1601,5.1601,5.16,5.16,1830.0
2025-08-06T11:42:02,5.155,5.16,5.155,5.16,1005.0
2025-08-06T11:42:03,5.15,5.15,5.15,5.15,428.0
2025-08-06T11:42:39,5.15,5.15,5.15,5.15,174.0
2025-08-06T11:43:07,5.155,5.155,5.155,5.155,112.0
2025-08-06T11:43:21,5.155,5.155,5.155,5.155,120.0
2025-08-06T11:43:27,5.15,5.15,5.15,5.15,1754.0
2025-08-06T11:43:38,5.15,5.15,5.15,5.15,408.0
2025-08-06T11:43:40,5.16,5.16,5.16,5.16,104.0
2025-08-06T11:43:43,5.15,5.15,5.15,5.15,900.0
2025-08-06T11:43:45,5.15,5.15,5.15,5.15,300.0
2025-08-06T11:43:48,5.145,5.145,5.145,5.145,337.0
2025-08-06T11:44:03,5.14,5.14,5.14,5.14,888.0
2025-08-06T11:44:06,5.14,5.14,5.14,5.14,141.0
2025-08-06T11:44:21,5.145,5.145,5.14,5.14,317.0
2025-08-06T11:45:13,5.145,5.145,5.145,5.145,100.0
2025-08-06T11:45:17,5.14,5.14,5.14,5.14,467.0
2025-08-06T11:45:31,5.1399,5.1399,5.1399,5.1399,2011.0
2025-08-06T11:45:32,5.14,5.14,5.14,5.14,717.0
2025-08-06T11:45:33,5.14,5.14,5.14,5.14,100.0
2025-08-06T11:45:36,5.14,5.14,5.14,5.14,672.0
2025-08-06T11:45:58,5.13,5.13,5.13,5.13,686.0
2025-08-06T11:46:06,5.125,5.125,5.125,5.125,100.0
2025-08-06T11:46:21,5.12,5.12,5.12,5.12,100.0
2025-08-06T11:46:26,5.125,5.125,5.125,5.125,210.0
2025-08-06T11:46:36,5.12,5.12,5.115,5.115,1802.0
2025-08-06T11:46:37,5.115,5.13,5.115,5.12,2603.0
2025-08-06T11:46:38,5.135,5.135,5.135,5.135,500.0
2025-08-06T11:46:52,5.138,5.15,5.138,5.145,2543.0
2025-08-06T11:46:55,5.145,5.145,5.145,5.145,102.0
2025-08-06T11:46:57,5.145,5.145,5.145,5.145,150.0
2025-08-06T11:47:03,5.1408,5.1408,5.1408,5.1408,800.0
2025-08-06T11:47:05,5.1499,5.1499,5.1499,5.1499,450.0
2025-08-06T11:47:06,5.15,5.15,5.145,5.145,300.0
2025-08-06T11:47:07,5.145,5.145,5.145,5.145,100.0
2025-08-06T11:47:16,5.15,5.15,5.15,5.15,200.0
2025-08-06T11:47:17,5.15,5.15,5.15,5.15,145.0
2025-08-06T11:47:21,5.15,5.15,5.15,5.15,366.0
2025-08-06T11:47:25,5.147,5.147,5.147,5.147,3025.0
2025-08-06T11:47:27,5.145,5.145,5.145,5.145,400.0
2025-08-06T11:48:00,5.15,5.15,5.15,5.15,100.0
2025-08-06T11:48:05,5.142,5.142,5.142,5.142,120.0
2025-08-06T11:48:23,5.145,5.145,5.145,5.145,100.0
2025-08-06T11:48:33,5.145,5.145,5.145,5.145,119.0
2025-08-06T11:49:02,5.145,5.145,5.145,5.145,136.0
2025-08-06T11:49:07,5.14,5.14,5.14,5.14,895.0
2025-08-06T11:49:12,5.145,5.15,5.145,5.15,300.0
2025-08-06T11:49:21,5.145,5.145,5.145,5.145,160.0
2025-08-06T11:49:29,5.14,5.14,5.14,5.14,258.0
2025-08-06T11:49:31,5.14,5.14,5.14,5.14,748.0
2025-08-06T11:49:34,5.135,5.135,5.135,5.135,441.0
2025-08-06T11:49:45,5.1312,5.1312,5.1312,5.1312,217.0
2025-08-06T11:49:47,5.135,5.135,5.135,5.135,136.0
2025-08-06T11:49:54,5.135,5.135,5.135,5.135,218.0
2025-08-06T11:49:58,5.135,5.135,5.135,5.135,494.0
2025-08-06T11:49:59,5.135,5.14,5.135,5.14,2369.0
2025-08-06T11:50:06,5.14,5.15,5.14,5.145,3334.0
2025-08-06T11:50:07,5.145,5.145,5.145,5.145,102.0
2025-08-06T11:50:12,5.15,5.15,5.15,5.15,368.0
2025-08-06T11:50:21,5.155,5.155,5.155,5.155,1039.0
2025-08-06T11:50:33,5.155,5.155,5.155,5.155,229.0
2025-08-06T11:50:42,5.1588,5.1588,5.1588,5.1588,182.0
2025-08-06T11:50:45,5.16,5.17,5.16,5.165,4076.0
2025-08-06T11:50:50,5.1612,5.1688,5.1612,5.1688,449.0
2025-08-06T11:50:58,5.165,5.165,5.165,5.165,1044.0
2025-08-06T11:51:15,5.17,5.1745,5.17,5.1745,1842.0
2025-08-06T11:51:18,5.175,5.175,5.17,5.175,1409.0
2025-08-06T11:51:20,5.17,5.17,5.17,5.17,454.0
2025-08-06T11:51:26,5.1799,5.1799,5.1799,5.1799,600.0
2025-08-06T11:51:27,5.1788,5.1788,5.16,5.16,5574.0
2025-08-06T11:51:28,5.167,5.167,5.16,5.16,3395.0
2025-08-06T11:51:29,5.1501,5.1512,5.15,5.1512,2239.0
2025-08-06T11:51:38,5.1599,5.1599,5.1599,5.1599,1000.0
2025-08-06T11:51:43,5.155,5.16,5.155,5.16,1887.0
2025-08-06T11:51:49,5.17,5.17,5.17,5.17,251.0
2025-08-06T11:52:05,5.1767,5.1767,5.1767,5.1767,100.0
2025-08-06T11:52:14,5.18,5.19,5.18,5.19,2380.0
2025-08-06T11:52:17,5.19,5.19,5.19,5.19,125.0
2025-08-06T11:52:24,5.195,5.195,5.195,5.195,139.0
2025-08-06T11:52:28,5.195,5.195,5.195,5.195,100.0
2025-08-06T11:52:35,5.1901,5.1901,5.1901,5.1901,5000.0
2025-08-06T11:52:42,5.1901,5.1901,5.1901,5.1901,1300.0
2025-08-06T11:53:06,5.195,5.195,5.195,5.195,195.0
2025-08-06T11:53:08,5.195,5.195,5.195,5.195,336.0
2025-08-06T11:53:09,5.1999,5.1999,5.1999,5.1999,220.0
2025-08-06T11:53:15,5.1999,5.1999,5.1999,5.1999,500.0
2025-08-06T11:53:27,5.1901,5.1901,5.1901,5.1901,468.0
2025-08-06T11:53:28,5.1907,5.1907,5.1907,5.1907,947.0
2025-08-06T11:53:32,5.195,5.195,5.19,5.19,1614.0
2025-08-06T11:53:42,5.19,5.19,5.19,5.19,3167.0
2025-08-06T11:53:43,5.18877,5.18877,5.18877,5.18877,100.0
2025-08-06T11:53:55,5.19,5.19,5.1899,5.19,1308.0
2025-08-06T11:53:56,5.195,5.195,5.195,5.195,278.0
2025-08-06T11:54:05,5.2,5.2,5.2,5.2,314.0
2025-08-06T11:54:19,5.2,5.2,5.2,5.2,1336.0
2025-08-06T11:54:24,5.21,5.21,5.209,5.209,1474.0
2025-08-06T11:54:28,5.205,5.205,5.205,5.205,100.0
2025-08-06T11:54:29,5.205,5.205,5.205,5.205,183.0
2025-08-06T11:54:42,5.205,5.205,5.205,5.205,129.0
2025-08-06T11:54:45,5.205,5.205,5.205,5.205,100.0
2025-08-06T11:54:53,5.205,5.205,5.205,5.205,100.0
2025-08-06T11:54:55,5.2,5.205,5.2,5.205,4963.0
2025-08-06T11:55:00,5.2035,5.2035,5.2035,5.2035,1000.0
2025-08-06T11:55:11,5.205,5.205,5.2009,5.2009,293.0
2025-08-06T11:55:12,5.205,5.205,5.205,5.205,402.0
2025-08-06T11:55:14,5.205,5.205,5.2,5.2,1457.0
2025-08-06T11:55:15,5.2,5.2,5.2,5.2,444.0
2025-08-06T11:55:46,5.205,5.205,5.205,5.205,104.0
2025-08-06T11:55:59,5.2012,5.2012,5.2012,5.2012,167.0
2025-08-06T11:56:04,5.205,5.205,5.205,5.205,119.0
2025-08-06T11:56:05,5.205,5.205,5.2002,5.2002,256.0
2025-08-06T11:56:17,5.21,5.21,5.205,5.21,907.0
2025-08-06T11:56:21,5.2199,5.2199,5.2199,5.2199,506.0
2025-08-06T11:56:23,5.215,5.215,5.215,5.215,139.0
2025-08-06T11:56:25,5.22,5.22,5.215,5.215,424.0
2025-08-06T11:56:28,5.2191,5.2191,5.2191,5.2191,200.0
2025-08-06T11:56:29,5.215,5.215,5.215,5.215,266.0
2025-08-06T11:56:31,5.2188,5.2188,5.215,5.215,202.0
2025-08-06T11:56:42,5.21,5.21,5.21,5.21,332.0
2025-08-06T11:56:44,5.211,5.211,5.211,5.211,100.0
2025-08-06T11:56:55,5.21,5.21,5.21,5.21,500.0
2025-08-06T11:57:15,5.215,5.215,5.215,5.215,100.0
2025-08-06T11:57:19,5.215,5.215,5.215,5.215,1003.0
2025-08-06T11:57:28,5.215,5.215,5.215,5.215,1500.0
2025-08-06T11:57:32,5.2101,5.2101,5.2101,5.2101,451.0
2025-08-06T11:57:35,5.215,5.215,5.215,5.215,100.0
2025-08-06T11:57:52,5.215,5.215,5.215,5.215,100.0
2025-08-06T11:58:00,5.215,5.215,5.215,5.215,600.0
2025-08-06T11:58:02,5.215,5.215,5.215,5.215,100.0
2025-08-06T11:58:07,5.2192,5.2192,5.2192,5.2192,458.0
2025-08-06T11:58:09,5.2109,5.2109,5.2109,5.2109,204.0
2025-08-06T11:58:22,5.215,5.22,5.215,5.22,800.0
2025-08-06T11:58:26,5.22,5.22,5.22,5.22,430.0
2025-08-06T11:58:31,5.2189,5.2189,5.2189,5.2189,1171.0
2025-08-06T11:58:44,5.21,5.215,5.21,5.21,3085.0
2025-08-06T11:59:04,5.205,5.21,5.185,5.185,4235.0
2025-08-06T11:59:12,5.175,5.175,5.17,5.17,900.0
2025-08-06T11:59:14,5.175,5.175,5.175,5.175,275.0
2025-08-06T11:59:15,5.175,5.175,5.175,5.175,429.0
2025-08-06T11:59:17,5.1701,5.1701,5.1701,5.1701,1000.0
2025-08-06T11:59:20,5.1712,5.1712,5.1712,5.1712,166.0
2025-08-06T11:59:26,5.1755,5.1755,5.1755,5.1755,500.0
2025-08-06T11:59:27,5.17,5.17,5.17,5.17,250.0
2025-08-06T11:59:42,5.1799,5.1799,5.1799,5.1799,100.0
2025-08-06T11:59:44,5.17,5.172,5.17,5.17,1845.0
2025-08-06T11:59:45,5.175,5.18,5.175,5.175,2000.0
2025-08-06T11:59:52,5.175,5.175,5.175,5.175,602.0
2025-08-06T11:59:55,5.1703,5.1703,5.1703,5.1703,458.0
2025-08-06T12:00:00,5.18,5.185,5.18,5.185,2498.0
2025-08-06T12:00:01,5.185,5.185,5.185,5.185,1626.0
2025-08-06T12:00:16,5.185,5.185,5.185,5.185,100.0
2025-08-06T12:00:20,5.185,5.185,5.175,5.175,1031.0
2025-08-06T12:00:22,5.175,5.19,5.175,5.19,10902.0
2025-08-06T12:00:26,5.195,5.2,5.195,5.195,3546.0
2025-08-06T12:00:35,5.19,5.19,5.19,5.19,187.0
2025-08-06T12:00:37,5.19,5.19,5.19,5.19,247.0
2025-08-06T12:00:38,5.18,5.18,5.18,5.18,100.0
2025-08-06T12:00:46,5.1741,5.1741,5.1741,5.1741,1700.0
2025-08-06T12:00:47,5.1794,5.1794,5.1794,5.1794,225.0
2025-08-06T12:00:53,5.1899,5.1899,5.1899,5.1899,104.0
2025-08-06T12:00:56,5.185,5.185,5.185,5.185,120.0
2025-08-06T12:01:13,5.19,5.19,5.19,5.19,300.0
2025-08-06T12:01:56,5.2,5.25,5.2,5.235,9701.0
2025-08-06T12:02:00,5.245,5.245,5.245,5.245,261.0
2025-08-06T12:02:15,5.2491,5.2491,5.24,5.24,500.0
2025-08-06T12:02:16,5.2402,5.26,5.2402,5.255,7475.0
2025-08-06T12:02:17,5.27,5.275,5.265,5.27,3706.0
2025-08-06T12:02:19,5.26,5.265,5.26,5.26,1228.0
2025-08-06T12:02:31,5.2547,5.255,5.2547,5.255,3100.0
2025-08-06T12:02:43,5.255,5.255,5.255,5.255,400.0
2025-08-06T12:02:45,5.2599,5.2599,5.2599,5.2599,284.0
2025-08-06T12:02:54,5.255,5.255,5.25,5.25,1518.0
2025-08-06T12:03:03,5.2446,5.2446,5.2446,5.2446,1000.0
2025-08-06T12:03:04,5.2497,5.2497,5.2497,5.2497,1681.0
2025-08-06T12:03:11,5.2411,5.2411,5.2411,5.2411,1000.0
2025-08-06T12:03:16,5.245,5.245,5.245,5.245,103.0
2025-08-06T12:03:20,5.245,5.245,5.245,5.245,190.0
2025-08-06T12:03:22,5.245,5.245,5.245,5.245,100.0
2025-08-06T12:03:26,5.2493,5.25,5.245,5.245,3081.0
2025-08-06T12:03:27,5.255,5.255,5.255,5.255,129.0
2025-08-06T12:03:30,5.255,5.255,5.255,5.255,111.0
2025-08-06T12:03:32,5.26,5.26,5.26,5.26,113.0
2025-08-06T12:03:35,5.2599,5.2599,5.2599,5.2599,136.0
2025-08-06T12:03:40,5.26,5.265,5.26,5.265,469.0
2025-08-06T12:03:44,5.27,5.27,5.265,5.265,1320.0
2025-08-06T12:03:46,5.265,5.265,5.265,5.265,100.0
2025-08-06T12:03:50,5.265,5.265,5.265,5.265,100.0
2025-08-06T12:03:52,5.27,5.27,5.27,5.27,928.0
2025-08-06T12:03:55,5.2695,5.2695,5.2695,5.2695,503.0
2025-08-06T12:03:57,5.27,5.27,5.27,5.27,642.0
2025-08-06T12:04:00,5.275,5.28,5.275,5.28,1200.0
2025-08-06T12:04:08,5.27,5.2799,5.27,5.2799,204.0
2025-08-06T12:04:11,5.2755,5.2755,5.2755,5.2755,100.0
2025-08-06T12:04:20,5.27,5.2793,5.27,5.2793,752.0
2025-08-06T12:04:21,5.275,5.275,5.275,5.275,369.0
2025-08-06T12:04:25,5.2792,5.2792,5.2792,5.2792,395.0
2025-08-06T12:04:37,5.275,5.275,5.275,5.275,255.0
2025-08-06T12:04:43,5.272,5.28,5.272,5.28,843.0
2025-08-06T12:04:52,5.2799,5.2799,5.2799,5.2799,200.0
2025-08-06T12:04:58,5.275,5.29,5.275,5.285,7303.0
2025-08-06T12:05:00,5.2893,5.2893,5.2893,5.2893,100.0
2025-08-06T12:05:01,5.29,5.29,5.285,5.285,345.0
2025-08-06T12:05:03,5.285,5.285,5.285,5.285,400.0
2025-08-06T12:05:04,5.2892,5.2892,5.285,5.285,205.0
2025-08-06T12:05:09,5.2895,5.2895,5.2895,5.2895,2041.0
2025-08-06T12:05:14,5.285,5.285,5.285,5.285,489.0
2025-08-06T12:05:15,5.285,5.285,5.285,5.285,100.0
2025-08-06T12:05:16,5.285,5.2855,5.28,5.2855,10537.0
2025-08-06T12:05:19,5.2808,5.2808,5.2808,5.2808,1000.0
2025-08-06T12:05:20,5.287,5.287,5.287,5.287,119.0
2025-08-06T12:05:28,5.285,5.2888,5.285,5.2888,1608.0
2025-08-06T12:05:34,5.285,5.285,5.285,5.285,133.0
2025-08-06T12:05:38,5.285,5.285,5.285,5.285,115.0
2025-08-06T12:05:39,5.2888,5.2888,5.2888,5.2888,180.0
2025-08-06T12:05:41,5.285,5.285,5.285,5.285,111.0
2025-08-06T12:05:52,5.285,5.285,5.285,5.285,101.0
2025-08-06T12:05:55,5.2892,5.2892,5.2892,5.2892,1001.0
2025-08-06T12:05:56,5.285,5.285,5.285,5.285,101.0
2025-08-06T12:05:57,5.2801,5.2801,5.2801,5.2801,101.0
2025-08-06T12:05:59,5.2812,5.2812,5.2812,5.2812,330.0
2025-08-06T12:06:03,5.2801,5.2801,5.2801,5.2801,12769.0
2025-08-06T12:06:05,5.285,5.285,5.285,5.285,200.0
2025-08-06T12:06:09,5.285,5.285,5.28,5.285,304.0
2025-08-06T12:06:11,5.288,5.288,5.288,5.288,284.0
2025-08-06T12:06:19,5.285,5.285,5.285,5.285,831.0
2025-08-06T12:06:20,5.285,5.285,5.285,5.285,202.0
2025-08-06T12:06:21,5.285,5.285,5.275,5.28,5797.0
2025-08-06T12:06:26,5.2791,5.2791,5.2791,5.2791,254.0
2025-08-06T12:06:31,5.272,5.272,5.27,5.27,932.0
2025-08-06T12:06:45,5.2699,5.2699,5.2699,5.2699,498.0
2025-08-06T12:06:47,5.26,5.26,5.26,5.26,2329.0
2025-08-06T12:06:48,5.26,5.26,5.26,5.26,227.0
2025-08-06T12:06:54,5.2508,5.2508,5.2508,5.2508,370.0
2025-08-06T12:07:03,5.255,5.255,5.255,5.255,325.0
2025-08-06T12:07:06,5.255,5.255,5.255,5.255,883.0
2025-08-06T12:07:07,5.255,5.255,5.255,5.255,217.0
2025-08-06T12:07:14,5.2501,5.2501,5.2501,5.2501,450.0
2025-08-06T12:07:16,5.2501,5.255,5.2501,5.255,764.0
2025-08-06T12:07:23,5.25,5.25,5.25,5.25,1000.0
2025-08-06T12:07:33,5.255,5.255,5.255,5.255,1000.0
2025-08-06T12:07:35,5.2592,5.2592,5.2592,5.2592,800.0
2025-08-06T12:07:55,5.255,5.255,5.255,5.255,350.0
2025-08-06T12:07:56,5.2515,5.255,5.2515,5.255,408.0
2025-08-06T12:07:57,5.255,5.255,5.25,5.25,3100.0
2025-08-06T12:07:58,5.2412,5.245,5.2412,5.245,609.0
2025-08-06T12:08:03,5.2412,5.2412,5.2412,5.2412,179.0
2025-08-06T12:08:07,5.245,5.249,5.245,5.249,830.0
2025-08-06T12:08:18,5.245,5.245,5.245,5.245,201.0
2025-08-06T12:08:20,5.25,5.275,5.25,5.27,3823.0
2025-08-06T12:08:21,5.275,5.275,5.275,5.275,737.0
2025-08-06T12:08:25,5.265,5.265,5.265,5.265,168.0
2025-08-06T12:08:29,5.265,5.265,5.265,5.265,782.0
2025-08-06T12:08:31,5.2697,5.2697,5.2697,5.2697,1000.0
2025-08-06T12:08:34,5.265,5.265,5.265,5.265,100.0
2025-08-06T12:08:53,5.27,5.27,5.27,5.27,679.0
2025-08-06T12:09:01,5.26,5.265,5.26,5.265,3911.0
2025-08-06T12:09:08,5.27,5.27,5.27,5.27,301.0
2025-08-06T12:09:11,5.265,5.265,5.265,5.265,102.0
2025-08-06T12:09:21,5.265,5.265,5.265,5.265,411.0
2025-08-06T12:09:24,5.265,5.265,5.265,5.265,195.0
2025-08-06T12:09:39,5.2699,5.2699,5.2699,5.2699,200.0
2025-08-06T12:09:53,5.265,5.265,5.265,5.265,108.0
2025-08-06T12:10:04,5.265,5.265,5.265,5.265,108.0
2025-08-06T12:10:11,5.265,5.265,5.26,5.26,2865.0
2025-08-06T12:10:18,5.2512,5.2512,5.2512,5.2512,570.0
2025-08-06T12:10:32,5.25,5.25,5.25,5.25,540.0
2025-08-06T12:10:37,5.245,5.245,5.245,5.245,1100.0
2025-08-06T12:10:46,5.245,5.245,5.245,5.245,166.0
2025-08-06T12:10:50,5.24,5.2405,5.18,5.22,86783.0
2025-08-06T12:10:56,5.185,5.185,5.185,5.185,168.0
2025-08-06T12:11:01,5.18,5.1805,5.18,5.1805,900.0
2025-08-06T12:11:02,5.1803,5.185,5.1803,5.185,2500.0
2025-08-06T12:11:09,5.18,5.1812,5.18,5.1806,1745.0
2025-08-06T12:11:12,5.19,5.19,5.185,5.185,1549.0
2025-08-06T12:11:34,5.1801,5.1899,5.1801,5.185,1344.0
2025-08-06T12:11:37,5.1845,5.1845,5.1845,5.1845,547.0
2025-08-06T12:11:44,5.1801,5.1801,5.1801,5.1801,1540.0
2025-08-06T12:11:45,5.185,5.185,5.185,5.185,100.0
2025-08-06T12:11:57,5.185,5.185,5.185,5.185,216.0
2025-08-06T12:11:59,5.18,5.185,5.18,5.185,2197.0
2025-08-06T12:12:01,5.185,5.185,5.185,5.185,220.0
2025-08-06T12:12:04,5.19,5.195,5.185,5.195,3474.0
2025-08-06T12:12:12,5.195,5.195,5.195,5.195,3034.0
2025-08-06T12:12:18,5.1999,5.1999,5.1999,5.1999,400.0
2025-08-06T12:12:23,5.2,5.205,5.2,5.205,602.0
2025-08-06T12:12:28,5.2,5.2,5.2,5.2,100.0
2025-08-06T12:12:35,5.2014,5.2014,5.2014,5.2014,1200.0
2025-08-06T12:12:37,5.205,5.205,5.205,5.205,448.0
2025-08-06T12:12:38,5.205,5.205,5.205,5.205,300.0
2025-08-06T12:12:39,5.205,5.205,5.205,5.205,200.0
2025-08-06T12:12:48,5.205,5.205,5.205,5.205,785.0
2025-08-06T12:12:51,5.201,5.201,5.201,5.201,2455.0
2025-08-06T12:12:52,5.2,5.205,5.185,5.185,4429.0
2025-08-06T12:13:19,5.19,5.19,5.19,5.19,150.0
2025-08-06T12:13:21,5.1891,5.1891,5.1891,5.1891,100.0
2025-08-06T12:13:24,5.185,5.185,5.175,5.175,1682.0
2025-08-06T12:13:35,5.175,5.175,5.175,5.175,1000.0
2025-08-06T12:13:42,5.175,5.175,5.175,5.175,101.0
2025-08-06T12:13:46,5.1711,5.1711,5.1711,5.1711,1146.0
2025-08-06T12:13:47,5.1712,5.1712,5.1712,5.1712,683.0
2025-08-06T12:13:55,5.17,5.175,5.17,5.175,364.0
2025-08-06T12:13:57,5.175,5.175,5.175,5.175,5143.0
2025-08-06T12:14:03,5.1791,5.1791,5.1791,5.1791,100.0
2025-08-06T12:14:13,5.1701,5.1701,5.1701,5.1701,1226.0
2025-08-06T12:14:33,5.175,5.195,5.165,5.17,38704.0
2025-08-06T12:14:39,5.18,5.18,5.175,5.175,1636.0
2025-08-06T12:14:42,5.175,5.175,5.175,5.175,107.0
2025-08-06T12:14:54,5.175,5.175,5.175,5.175,238.0
2025-08-06T12:15:02,5.18,5.18,5.18,5.18,1432.0
2025-08-06T12:15:26,5.185,5.185,5.185,5.185,100.0
2025-08-06T12:15:30,5.18,5.18,5.18,5.18,100.0
2025-08-06T12:15:32,5.185,5.185,5.185,5.185,100.0
2025-08-06T12:15:35,5.185,5.185,5.185,5.185,201.0
2025-08-06T12:15:43,5.1893,5.1893,5.1893,5.1893,500.0
2025-08-06T12:15:59,5.185,5.185,5.1812,5.1812,5170.0
2025-08-06T12:16:00,5.185,5.185,5.185,5.185,123.0
2025-08-06T12:16:14,5.19,5.19,5.19,5.19,149.0
2025-08-06T12:16:17,5.19,5.19,5.19,5.19,448.0
2025-08-06T12:16:23,5.195,5.195,5.19,5.19,2791.0
2025-08-06T12:16:27,5.195,5.195,5.18,5.18,2145.0
2025-08-06T12:16:46,5.1712,5.1712,5.1712,5.1712,201.0
2025-08-06T12:17:00,5.18,5.18,5.18,5.18,156.0
2025-08-06T12:17:17,5.1812,5.2,5.1812,5.2,943.0
2025-08-06T12:17:20,5.19,5.19,5.19,5.19,900.0
2025-08-06T12:17:21,5.19,5.19,5.19,5.19,275.0
2025-08-06T12:17:39,5.1912,5.1912,5.1912,5.1912,106.0
2025-08-06T12:17:44,5.195,5.195,5.195,5.195,120.0
2025-08-06T12:17:51,5.2,5.2,5.2,5.2,704.0
2025-08-06T12:17:59,5.205,5.24,5.205,5.24,64300.0
2025-08-06T12:18:00,5.2392,5.2392,5.2392,5.2392,500.0
2025-08-06T12:18:01,5.2386,5.24,5.235,5.24,4481.0
2025-08-06T12:18:06,5.245,5.245,5.245,5.245,200.0
2025-08-06T12:18:11,5.25,5.25,5.25,5.25,967.0
2025-08-06T12:18:17,5.2408,5.2408,5.2408,5.2408,700.0
2025-08-06T12:18:21,5.245,5.245,5.24,5.24,1478.0
2025-08-06T12:18:32,5.23,5.23,5.23,5.23,106.0
2025-08-06T12:18:33,5.235,5.235,5.235,5.235,220.0
2025-08-06T12:19:03,5.235,5.235,5.235,5.235,483.0
2025-08-06T12:19:04,5.235,5.235,5.235,5.235,186.0
2025-08-06T12:19:12,5.23,5.23,5.22,5.22,1853.0
2025-08-06T12:19:14,5.215,5.24,5.215,5.23,2266.0
2025-08-06T12:19:25,5.24,5.24,5.24,5.24,580.0
2025-08-06T12:19:29,5.235,5.235,5.235,5.235,404.0
2025-08-06T12:19:37,5.235,5.235,5.235,5.235,164.0
2025-08-06T12:19:45,5.235,5.235,5.235,5.235,500.0
2025-08-06T12:19:48,5.235,5.235,5.235,5.235,251.0
2025-08-06T12:19:51,5.235,5.235,5.235,5.235,134.0
2025-08-06T12:19:54,5.23,5.23,5.23,5.23,2787.0
2025-08-06T12:19:55,5.23,5.23,5.23,5.23,490.0
2025-08-06T12:20:05,5.22,5.22,5.22,5.22,668.0
2025-08-06T12:20:09,5.23,5.26,5.23,5.26,3025.0
2025-08-06T12:20:10,5.265,5.265,5.265,5.265,600.0
2025-08-06T12:20:11,5.26,5.26,5.26,5.26,412.0
2025-08-06T12:20:15,5.26,5.26,5.26,5.26,300.0
2025-08-06T12:20:21,5.255,5.255,5.255,5.255,160.0
2025-08-06T12:20:22,5.2599,5.2599,5.2599,5.2599,320.0
2025-08-06T12:20:23,5.255,5.255,5.255,5.255,687.0
2025-08-06T12:20:26,5.255,5.255,5.255,5.255,101.0
2025-08-06T12:20:39,5.26,5.26,5.26,5.26,1071.0
2025-08-06T12:20:49,5.26,5.26,5.26,5.26,100.0
2025-08-06T12:20:51,5.2692,5.2692,5.2692,5.2692,879.0
2025-08-06T12:21:00,5.26,5.26,5.26,5.26,100.0
2025-08-06T12:21:06,5.26,5.26,5.26,5.26,131.0
2025-08-06T12:21:07,5.26,5.28,5.255,5.28,8471.0
2025-08-06T12:21:08,5.285,5.285,5.285,5.285,1126.0
2025-08-06T12:21:09,5.28,5.285,5.28,5.28,1782.0
2025-08-06T12:21:10,5.28,5.28,5.28,5.28,1401.0
2025-08-06T12:21:11,5.28,5.29,5.28,5.29,1100.0
2025-08-06T12:21:12,5.28,5.29,5.28,5.29,1200.0
2025-08-06T12:21:15,5.29,5.29,5.29,5.29,148.0
2025-08-06T12:21:19,5.29,5.29,5.29,5.29,474.0
2025-08-06T12:21:20,5.29,5.29,5.29,5.29,214.0
2025-08-06T12:21:23,5.29,5.29,5.29,5.29,100.0
2025-08-06T12:21:24,5.285,5.285,5.285,5.285,100.0
2025-08-06T12:21:31,5.2808,5.29,5.2808,5.29,350.0
2025-08-06T12:21:32,5.2879,5.2879,5.2879,5.2879,674.0
2025-08-06T12:21:35,5.29,5.295,5.29,5.29,7949.0
2025-08-06T12:21:37,5.3,5.3,5.29,5.3,4628.0
2025-08-06T12:21:38,5.3,5.3,5.3,5.3,129.0
2025-08-06T12:21:40,5.29,5.29,5.29,5.29,439.0
2025-08-06T12:21:41,5.3,5.3,5.3,5.3,446.0
2025-08-06T12:21:44,5.3,5.3,5.3,5.3,102.0
2025-08-06T12:21:47,5.3,5.3,5.3,5.3,100.0
2025-08-06T12:21:48,5.3,5.3,5.3,5.3,236.0
2025-08-06T12:21:52,5.3,5.3,5.3,5.3,134.0
2025-08-06T12:21:54,5.2989,5.2989,5.2989,5.2989,1017.0
2025-08-06T12:21:55,5.295,5.295,5.295,5.295,1761.0
2025-08-06T12:21:56,5.3,5.3,5.3,5.3,100.0
2025-08-06T12:22:00,5.3,5.3,5.295,5.295,250.0
2025-08-06T12:22:05,5.295,5.31,5.295,5.31,6785.0
2025-08-06T12:22:06,5.31,5.31,5.3,5.3009,1247.0
2025-08-06T12:22:10,5.305,5.31,5.3,5.305,400.0
2025-08-06T12:22:12,5.305,5.305,5.305,5.305,1321.0
2025-08-06T12:22:14,5.31,5.31,5.305,5.305,300.0
2025-08-06T12:22:15,5.305,5.305,5.305,5.305,100.0
2025-08-06T12:22:17,5.31,5.31,5.31,5.31,100.0
2025-08-06T12:22:18,5.3,5.305,5.3,5.305,713.0
2025-08-06T12:22:19,5.3,5.3,5.3,5.3,125.0
2025-08-06T12:22:20,5.31,5.31,5.3003,5.3003,310.0
2025-08-06T12:22:23,5.3088,5.3088,5.3088,5.3088,738.0
2025-08-06T12:22:26,5.31,5.31,5.305,5.305,230.0
2025-08-06T12:22:28,5.31,5.31,5.31,5.31,105.0
2025-08-06T12:22:32,5.31,5.31,5.31,5.31,100.0
2025-08-06T12:22:35,5.31,5.31,5.31,5.31,100.0
2025-08-06T12:22:41,5.3,5.31,5.3,5.305,432.0
2025-08-06T12:22:43,5.31,5.31,5.31,5.31,2322.0
2025-08-06T12:22:44,5.31,5.315,5.31,5.315,401.0
2025-08-06T12:22:47,5.32,5.32,5.32,5.32,190.0
2025-08-06T12:22:48,5.3102,5.32,5.3102,5.32,334.0
2025-08-06T12:22:49,5.3192,5.3192,5.3192,5.3192,500.0
2025-08-06T12:22:51,5.315,5.3199,5.315,5.3199,602.0
2025-08-06T12:22:53,5.32,5.32,5.32,5.32,100.0
2025-08-06T12:22:54,5.32,5.32,5.32,5.32,1011.0
2025-08-06T12:22:56,5.33,5.33,5.33,5.33,301.0
2025-08-06T12:22:57,5.325,5.33,5.3201,5.33,5020.0
2025-08-06T12:22:58,5.32,5.32,5.32,5.32,800.0
2025-08-06T12:22:59,5.33,5.33,5.33,5.33,100.0
2025-08-06T12:23:00,5.32,5.33,5.32,5.33,338.0
2025-08-06T12:23:01,5.325,5.33,5.325,5.33,1671.0
2025-08-06T12:23:02,5.321,5.321,5.321,5.321,166.0
2025-08-06T12:23:03,5.33,5.33,5.33,5.33,105.0
2025-08-06T12:23:06,5.3288,5.33,5.3288,5.33,262.0
2025-08-06T12:23:07,5.33,5.33,5.33,5.33,1390.0
2025-08-06T12:23:11,5.33,5.33,5.321,5.321,414.0
2025-08-06T12:23:12,5.32,5.32,5.32,5.32,801.0
2025-08-06T12:23:14,5.33,5.33,5.33,5.33,100.0
2025-08-06T12:23:15,5.32,5.32,5.32,5.32,201.0
2025-08-06T12:23:17,5.33,5.33,5.33,5.33,100.0
2025-08-06T12:23:21,5.33,5.33,5.33,5.33,139.0
2025-08-06T12:23:23,5.3211,5.3299,5.3211,5.3299,417.0
2025-08-06T12:23:26,5.325,5.33,5.325,5.325,2889.0
2025-08-06T12:23:28,5.33,5.33,5.325,5.325,662.0
2025-08-06T12:23:29,5.33,5.33,5.33,5.33,112.0
2025-08-06T12:23:30,5.325,5.325,5.325,5.325,723.0
2025-08-06T12:23:31,5.3212,5.325,5.32,5.3245,1062.0
2025-08-06T12:23:35,5.33,5.33,5.33,5.33,171.0
2025-08-06T12:23:38,5.325,5.33,5.325,5.33,200.0
2025-08-06T12:23:41,5.33,5.33,5.33,5.33,120.0
2025-08-06T12:23:46,5.33,5.33,5.33,5.33,104.0
2025-08-06T12:23:50,5.33,5.33,5.33,5.33,100.0
2025-08-06T12:23:55,5.33,5.33,5.33,5.33,191.0
2025-08-06T12:23:57,5.33,5.33,5.33,5.33,171.0
2025-08-06T12:24:02,5.33,5.33,5.33,5.33,222.0
2025-08-06T12:24:05,5.325,5.34,5.325,5.33,7037.0
2025-08-06T12:24:08,5.34,5.34,5.34,5.34,103.0
2025-08-06T12:24:09,5.34,5.34,5.34,5.34,188.0
2025-08-06T12:24:11,5.331,5.331,5.331,5.331,106.0
2025-08-06T12:24:14,5.34,5.34,5.34,5.34,100.0
2025-08-06T12:24:17,5.335,5.335,5.335,5.335,116.0
2025-08-06T12:24:18,5.335,5.34,5.305,5.305,13729.0
2025-08-06T12:24:20,5.305,5.3492,5.305,5.3492,12766.0
2025-08-06T12:24:21,5.345,5.345,5.34,5.345,1151.0
2025-08-06T12:24:23,5.35,5.35,5.35,5.35,657.0
2025-08-06T12:24:24,5.35,5.35,5.35,5.35,110.0
2025-08-06T12:24:25,5.341,5.341,5.341,5.341,102.0
2025-08-06T12:24:26,5.345,5.345,5.345,5.345,1204.0
2025-08-06T12:24:27,5.3488,5.3488,5.3488,5.3488,711.0
2025-08-06T12:24:31,5.35,5.35,5.35,5.35,157.0
2025-08-06T12:24:33,5.345,5.35,5.345,5.345,1372.0
2025-08-06T12:24:34,5.3488,5.3499,5.3488,5.3499,299.0
2025-08-06T12:24:38,5.35,5.35,5.35,5.35,100.0
2025-08-06T12:24:43,5.345,5.35,5.345,5.35,252.0
2025-08-06T12:24:44,5.345,5.345,5.345,5.345,870.0
2025-08-06T12:24:45,5.345,5.345,5.345,5.345,100.0
2025-08-06T12:24:49,5.35,5.35,5.35,5.35,100.0
2025-08-06T12:24:52,5.345,5.345,5.345,5.345,1366.0
2025-08-06T12:24:54,5.35,5.35,5.35,5.35,1097.0
2025-08-06T12:25:02,5.35,5.35,5.35,5.35,100.0
2025-08-06T12:25:07,5.345,5.345,5.345,5.345,1053.0
2025-08-06T12:25:08,5.345,5.345,5.345,5.345,280.0
2025-08-06T12:25:09,5.3445,5.345,5.3445,5.345,639.0
2025-08-06T12:25:11,5.3412,5.3412,5.3412,5.3412,130.0
2025-08-06T12:25:14,5.345,5.35,5.345,5.35,1194.0
2025-08-06T12:25:15,5.34,5.34,5.34,5.34,286.0
2025-08-06T12:25:17,5.3455,5.3455,5.3455,5.3455,100.0
2025-08-06T12:25:19,5.3499,5.3499,5.3499,5.3499,153.0
2025-08-06T12:25:25,5.341,5.341,5.341,5.341,130.0
2025-08-06T12:25:26,5.345,5.345,5.345,5.345,100.0
2025-08-06T12:25:29,5.35,5.35,5.35,5.35,122.0
2025-08-06T12:25:30,5.35,5.35,5.345,5.35,5488.0
2025-08-06T12:25:33,5.36,5.36,5.355,5.36,2507.0
2025-08-06T12:25:34,5.365,5.3694,5.365,5.3694,1100.0
2025-08-06T12:25:37,5.37,5.37,5.37,5.37,108.0
2025-08-06T12:25:38,5.37,5.3791,5.37,5.3791,2117.0
2025-08-06T12:25:39,5.375,5.375,5.37,5.375,6988.0
2025-08-06T12:25:40,5.371,5.375,5.3701,5.3701,2143.0
2025-08-06T12:25:45,5.38,5.38,5.38,5.38,145.0
2025-08-06T12:25:47,5.3703,5.375,5.3703,5.375,1100.0
2025-08-06T12:25:50,5.375,5.375,5.375,5.375,100.0
2025-08-06T12:25:51,5.375,5.38,5.375,5.38,349.0
2025-08-06T12:25:52,5.37,5.37,5.37,5.37,100.0
2025-08-06T12:25:56,5.375,5.3765,5.375,5.3765,1013.0
2025-08-06T12:25:57,5.38,5.38,5.38,5.38,111.0
2025-08-06T12:26:00,5.375,5.38,5.375,5.38,1075.0
2025-08-06T12:26:02,5.38,5.38,5.37,5.37,4414.0
2025-08-06T12:26:03,5.371,5.371,5.37,5.37,1428.0
2025-08-06T12:26:04,5.365,5.37,5.36,5.37,2382.0
2025-08-06T12:26:05,5.375,5.375,5.37,5.37,1567.0
2025-08-06T12:26:06,5.375,5.375,5.375,5.375,500.0
2025-08-06T12:26:07,5.375,5.375,5.375,5.375,101.0
2025-08-06T12:26:08,5.375,5.375,5.375,5.375,2070.0
2025-08-06T12:26:10,5.375,5.375,5.375,5.375,102.0
2025-08-06T12:26:11,5.375,5.38,5.375,5.375,457.0
2025-08-06T12:26:12,5.3799,5.3799,5.3799,5.3799,500.0
2025-08-06T12:26:16,5.375,5.375,5.375,5.375,1011.0
2025-08-06T12:26:18,5.375,5.375,5.375,5.375,500.0
2025-08-06T12:26:19,5.375,5.375,5.375,5.375,114.0
2025-08-06T12:26:22,5.375,5.375,5.375,5.375,5032.0
2025-08-06T12:26:24,5.3708,5.3708,5.3708,5.3708,1000.0
2025-08-06T12:26:28,5.3702,5.375,5.3702,5.375,709.0
2025-08-06T12:26:31,5.375,5.375,5.375,5.375,140.0
2025-08-06T12:26:35,5.375,5.375,5.375,5.375,246.0
2025-08-06T12:26:39,5.3712,5.3712,5.3712,5.3712,124.0
2025-08-06T12:26:41,5.375,5.375,5.37,5.37,4603.0
2025-08-06T12:26:44,5.3645,5.3645,5.3645,5.3645,101.0
2025-08-06T12:26:46,5.365,5.365,5.365,5.365,100.0
2025-08-06T12:26:48,5.365,5.365,5.365,5.365,500.0
2025-08-06T12:26:50,5.365,5.365,5.365,5.365,200.0
2025-08-06T12:26:54,5.36,5.36,5.35,5.36,717.0
2025-08-06T12:26:55,5.355,5.355,5.355,5.355,193.0
2025-08-06T12:26:58,5.355,5.355,5.355,5.355,100.0
2025-08-06T12:26:59,5.3593,5.3593,5.355,5.355,1700.0
2025-08-06T12:27:05,5.3555,5.3555,5.3555,5.3555,500.0
2025-08-06T12:27:08,5.355,5.355,5.355,5.355,190.0
2025-08-06T12:27:10,5.36,5.37,5.36,5.369,4416.0
2025-08-06T12:27:16,5.3645,5.3645,5.3645,5.3645,100.0
2025-08-06T12:27:18,5.365,5.37,5.365,5.37,2109.0
2025-08-06T12:27:20,5.3612,5.365,5.3612,5.365,1276.0
2025-08-06T12:27:21,5.365,5.365,5.365,5.365,500.0
2025-08-06T12:27:22,5.3699,5.3699,5.365,5.365,897.0
2025-08-06T12:27:26,5.3612,5.365,5.36,5.365,3910.0
2025-08-06T12:27:27,5.365,5.365,5.365,5.365,828.0
2025-08-06T12:27:28,5.36,5.36,5.36,5.36,427.0
2025-08-06T12:27:30,5.3599,5.3599,5.3599,5.3599,225.0
2025-08-06T12:27:37,5.365,5.365,5.365,5.365,200.0
2025-08-06T12:27:42,5.365,5.365,5.365,5.365,136.0
2025-08-06T12:27:45,5.3603,5.3603,5.3603,5.3603,100.0
2025-08-06T12:27:50,5.365,5.365,5.365,5.365,792.0
2025-08-06T12:27:53,5.365,5.365,5.365,5.365,400.0
2025-08-06T12:27:54,5.369,5.369,5.369,5.369,300.0
2025-08-06T12:27:56,5.365,5.365,5.345,5.36,5196.0
2025-08-06T12:27:57,5.355,5.355,5.35,5.35,4237.0
2025-08-06T12:27:59,5.345,5.345,5.33,5.335,4189.0
2025-08-06T12:28:00,5.335,5.335,5.335,5.335,200.0
2025-08-06T12:28:01,5.34,5.34,5.34,5.34,190.0
2025-08-06T12:28:03,5.33,5.33,5.33,5.33,250.0
2025-08-06T12:28:14,5.3393,5.3393,5.3393,5.3393,109.0
2025-08-06T12:28:17,5.3312,5.3312,5.3312,5.3312,156.0
2025-08-06T12:28:19,5.335,5.335,5.335,5.335,100.0
2025-08-06T12:28:22,5.335,5.335,5.335,5.335,247.0
2025-08-06T12:28:23,5.3312,5.3312,5.3312,5.3312,393.0
2025-08-06T12:28:24,5.34,5.34,5.34,5.34,176.0
2025-08-06T12:28:25,5.3394,5.3394,5.3394,5.3394,350.0
2025-08-06T12:28:28,5.3307,5.3307,5.3307,5.3307,2000.0
2025-08-06T12:28:34,5.34,5.345,5.335,5.345,1200.0
2025-08-06T12:28:35,5.35,5.35,5.35,5.35,502.0
2025-08-06T12:28:36,5.3493,5.3493,5.3493,5.3493,504.0
2025-08-06T12:28:37,5.345,5.345,5.345,5.345,105.0
2025-08-06T12:28:39,5.345,5.345,5.345,5.345,537.0
2025-08-06T12:28:47,5.341,5.341,5.341,5.341,228.0
2025-08-06T12:28:48,5.345,5.345,5.345,5.345,134.0
2025-08-06T12:28:51,5.345,5.345,5.345,5.345,1720.0
2025-08-06T12:28:52,5.3455,5.3455,5.3455,5.3455,1022.0
2025-08-06T12:28:58,5.3494,5.3494,5.3494,5.3494,230.0
2025-08-06T12:28:59,5.35,5.355,5.35,5.35,589.0
2025-08-06T12:29:00,5.35,5.355,5.35,5.355,1129.0
2025-08-06T12:29:03,5.355,5.355,5.35,5.355,2003.0
2025-08-06T12:29:17,5.3499,5.3499,5.3488,5.3488,884.0
2025-08-06T12:29:22,5.35,5.35,5.35,5.35,300.0
2025-08-06T12:29:26,5.3499,5.3499,5.3499,5.3499,207.0
2025-08-06T12:29:31,5.3489,5.3489,5.3489,5.3489,1343.0
2025-08-06T12:30:16,5.35,5.365,5.35,5.36,16771.0
2025-08-06T12:30:17,5.36,5.365,5.355,5.365,1359.0
2025-08-06T12:30:19,5.365,5.365,5.365,5.365,410.0
2025-08-06T12:30:20,5.365,5.365,5.365,5.365,100.0
2025-08-06T12:30:23,5.365,5.365,5.365,5.365,2039.0
2025-08-06T12:30:32,5.36,5.36,5.36,5.36,173.0
2025-08-06T12:30:35,5.365,5.365,5.355,5.36,7133.0
2025-08-06T12:30:36,5.355,5.355,5.355,5.355,100.0
2025-08-06T12:30:42,5.355,5.355,5.355,5.355,600.0
2025-08-06T12:30:50,5.3599,5.365,5.3599,5.365,1915.0
2025-08-06T12:30:59,5.365,5.365,5.365,5.365,100.0
2025-08-06T12:31:00,5.365,5.365,5.365,5.365,800.0
2025-08-06T12:31:13,5.3643,5.375,5.3643,5.375,2435.0
2025-08-06T12:31:18,5.375,5.375,5.375,5.375,100.0
2025-08-06T12:31:19,5.3701,5.375,5.3701,5.375,400.0
2025-08-06T12:31:28,5.375,5.375,5.375,5.375,444.0
2025-08-06T12:31:43,5.375,5.375,5.375,5.375,298.0
2025-08-06T12:31:49,5.3708,5.3708,5.3708,5.3708,263.0
2025-08-06T12:31:52,5.38,5.38,5.375,5.375,925.0
2025-08-06T12:32:00,5.37,5.375,5.37,5.375,1001.0
2025-08-06T12:32:01,5.371,5.375,5.371,5.375,652.0
2025-08-06T12:32:04,5.38,5.38,5.38,5.38,500.0
2025-08-06T12:32:06,5.38,5.38,5.38,5.38,100.0
2025-08-06T12:32:15,5.38,5.4,5.38,5.4,9573.0
2025-08-06T12:32:16,5.4,5.4,5.4,5.4,5855.0
2025-08-06T12:32:17,5.405,5.405,5.405,5.405,105.0
2025-08-06T12:32:24,5.408,5.41,5.405,5.405,1500.0
2025-08-06T12:32:31,5.4,5.405,5.4,5.405,231.0
2025-08-06T12:32:32,5.405,5.405,5.405,5.405,128.0
2025-08-06T12:32:35,5.41,5.41,5.41,5.41,300.0
2025-08-06T12:32:37,5.41,5.42,5.409,5.42,4424.0
2025-08-06T12:32:38,5.42,5.42,5.42,5.42,305.0
2025-08-06T12:32:41,5.42,5.42,5.42,5.42,476.0
2025-08-06T12:32:43,5.41,5.42,5.41,5.42,200.0
2025-08-06T12:32:45,5.419,5.419,5.419,5.419,300.0
2025-08-06T12:32:47,5.42,5.42,5.42,5.42,5000.0
2025-08-06T12:32:48,5.42,5.4207,5.42,5.4207,1375.0
2025-08-06T12:32:49,5.4201,5.425,5.4201,5.425,733.0
2025-08-06T12:32:50,5.425,5.425,5.42,5.42,600.0
2025-08-06T12:32:54,5.425,5.428,5.425,5.428,1200.0
2025-08-06T12:32:58,5.4288,5.4288,5.4288,5.4288,230.0
2025-08-06T12:33:01,5.4288,5.4288,5.4288,5.4288,443.0
2025-08-06T12:33:03,5.43,5.43,5.43,5.43,100.0
2025-08-06T12:33:04,5.43,5.435,5.43,5.43,2597.0
2025-08-06T12:33:06,5.43,5.43,5.43,5.43,282.0
2025-08-06T12:33:07,5.435,5.435,5.43,5.4309,1531.0
2025-08-06T12:33:09,5.435,5.435,5.435,5.435,332.0
2025-08-06T12:33:10,5.435,5.435,5.435,5.435,1413.0
2025-08-06T12:33:11,5.4306,5.4306,5.4306,5.4306,806.0
2025-08-06T12:33:12,5.438,5.438,5.438,5.438,219.0
2025-08-06T12:33:16,5.435,5.4351,5.43,5.4301,9513.0
2025-08-06T12:33:20,5.428,5.428,5.428,5.428,105.0
2025-08-06T12:33:23,5.4245,5.4245,5.4245,5.4245,1000.0
2025-08-06T12:33:25,5.4201,5.4201,5.4201,5.4201,504.0
2025-08-06T12:33:28,5.4294,5.4294,5.4294,5.4294,2000.0
2025-08-06T12:33:29,5.425,5.445,5.425,5.44,58947.0
2025-08-06T12:33:30,5.445,5.445,5.445,5.445,132.0
2025-08-06T12:33:31,5.445,5.445,5.445,5.445,100.0
2025-08-06T12:33:33,5.445,5.46,5.445,5.451,16326.0
2025-08-06T12:33:34,5.4512,5.4512,5.45,5.45,370.0
2025-08-06T12:33:37,5.459,5.459,5.458,5.458,1864.0
2025-08-06T12:33:38,5.45,5.45,5.45,5.45,101.0
2025-08-06T12:33:39,5.455,5.46,5.445,5.46,18133.0
2025-08-06T12:33:41,5.4699,5.4699,5.4699,5.4699,500.0
2025-08-06T12:33:42,5.4694,5.4694,5.4694,5.4694,1035.0
2025-08-06T12:33:43,5.46,5.46,5.46,5.46,236.0
2025-08-06T12:33:46,5.46,5.46,5.46,5.46,203.0
2025-08-06T12:33:50,5.47,5.47,5.469,5.469,577.0
2025-08-06T12:33:52,5.465,5.465,5.465,5.465,1099.0
2025-08-06T12:33:53,5.4688,5.4688,5.4688,5.4688,200.0
2025-08-06T12:33:55,5.46,5.46,5.46,5.46,204.0
2025-08-06T12:33:57,5.4688,5.47,5.4688,5.47,797.0
2025-08-06T12:33:58,5.47,5.4793,5.47,5.4793,3691.0
2025-08-06T12:33:59,5.4712,5.4712,5.4712,5.4712,272.0
2025-08-06T12:34:00,5.475,5.475,5.475,5.475,986.0
2025-08-06T12:34:01,5.48,5.48,5.4777,5.48,2828.0
2025-08-06T12:34:02,5.49,5.5,5.49,5.5,5811.0
2025-08-06T12:34:03,5.489,5.5,5.489,5.49,2972.0
2025-08-06T12:34:04,5.495,5.5,5.4912,5.5,15519.0
2025-08-06T12:34:05,5.4908,5.495,5.4908,5.495,429.0
2025-08-06T12:34:06,5.49,5.5,5.45,5.4501,29408.0
2025-08-06T12:34:07,5.4591,5.46,5.45,5.4588,2223.0
2025-08-06T12:34:08,5.458,5.4588,5.458,5.4588,1938.0
2025-08-06T12:34:09,5.455,5.455,5.455,5.455,300.0
2025-08-06T12:34:10,5.4592,5.4592,5.4588,5.4588,1023.0
2025-08-06T12:34:11,5.4588,5.4588,5.455,5.455,2710.0
2025-08-06T12:34:14,5.455,5.455,5.455,5.455,3029.0
2025-08-06T12:34:16,5.4592,5.4592,5.4592,5.4592,225.0
2025-08-06T12:34:17,5.4512,5.4512,5.4512,5.4512,139.0
2025-08-06T12:34:18,5.455,5.455,5.4546,5.4546,457.0
2025-08-06T12:34:19,5.455,5.46,5.435,5.46,12113.0
2025-08-06T12:34:20,5.445,5.445,5.445,5.445,553.0
2025-08-06T12:34:21,5.445,5.445,5.43,5.43,5315.0
2025-08-06T12:34:22,5.44923,5.44923,5.42,5.42,3184.0
2025-08-06T12:34:23,5.425,5.425,5.425,5.425,615.0
2025-08-06T12:34:24,5.4245,5.4245,5.4245,5.4245,100.0
2025-08-06T12:34:25,5.425,5.425,5.425,5.425,611.0
2025-08-06T12:34:26,5.4208,5.4208,5.4201,5.4201,541.0
2025-08-06T12:34:27,5.425,5.425,5.4,5.4,2993.0
2025-08-06T12:34:28,5.395,5.395,5.395,5.395,602.0
2025-08-06T12:34:29,5.3912,5.3912,5.3912,5.3912,385.0
2025-08-06T12:34:30,5.39,5.39,5.39,5.39,448.0
2025-08-06T12:34:33,5.385,5.385,5.385,5.385,100.0
2025-08-06T12:34:34,5.3812,5.3812,5.3812,5.3812,248.0
2025-08-06T12:34:36,5.388,5.388,5.388,5.388,201.0
2025-08-06T12:34:37,5.3827,5.405,5.3827,5.405,3712.0
2025-08-06T12:34:38,5.4094,5.4094,5.4094,5.4094,144.0
2025-08-06T12:34:39,5.41,5.41,5.4012,5.4092,3138.0
2025-08-06T12:34:40,5.405,5.41,5.405,5.41,450.0
2025-08-06T12:34:42,5.409,5.41,5.409,5.41,2605.0
2025-08-06T12:34:43,5.42,5.42,5.42,5.42,200.0
2025-08-06T12:34:44,5.4199,5.4199,5.4199,5.4199,210.0
2025-08-06T12:34:45,5.4188,5.4188,5.415,5.415,943.0
2025-08-06T12:34:47,5.415,5.415,5.415,5.415,101.0
2025-08-06T12:34:49,5.415,5.415,5.415,5.415,1237.0
2025-08-06T12:34:50,5.415,5.415,5.415,5.415,173.0
2025-08-06T12:34:51,5.412,5.412,5.412,5.412,200.0
2025-08-06T12:34:52,5.41,5.415,5.41,5.415,1151.0
2025-08-06T12:34:54,5.4101,5.415,5.4101,5.415,277.0
2025-08-06T12:34:55,5.42,5.44,5.385,5.39,16076.0
2025-08-06T12:34:57,5.395,5.395,5.395,5.395,1200.0
2025-08-06T12:35:01,5.41,5.41,5.41,5.41,345.0
2025-08-06T12:35:02,5.406,5.406,5.406,5.406,1000.0
2025-08-06T12:35:03,5.4,5.4,5.4,5.4,504.0
2025-08-06T12:35:08,5.39,5.39,5.39,5.39,171.0
2025-08-06T12:35:09,5.4,5.4,5.4,5.4,102.0
2025-08-06T12:35:10,5.3901,5.3901,5.3901,5.3901,101.0
2025-08-06T12:35:12,5.4,5.4,5.4,5.4,325.0
2025-08-06T12:35:13,5.3935,5.3935,5.3935,5.3935,525.0
2025-08-06T12:35:16,5.4,5.4,5.4,5.4,100.0
2025-08-06T12:35:21,5.3912,5.3912,5.3912,5.3912,346.0
2025-08-06T12:35:22,5.3904,5.3904,5.3904,5.3904,100.0
2025-08-06T12:35:23,5.3912,5.3912,5.3912,5.3912,200.0
2025-08-06T12:35:28,5.395,5.395,5.39,5.395,520.0
2025-08-06T12:35:29,5.39,5.395,5.39,5.395,202.0
2025-08-06T12:35:35,5.4,5.41,5.4,5.41,2273.0
2025-08-06T12:35:36,5.41,5.41,5.41,5.41,147.0
2025-08-06T12:35:38,5.41,5.41,5.41,5.41,100.0
2025-08-06T12:35:39,5.41,5.41,5.41,5.41,269.0
2025-08-06T12:35:42,5.415,5.415,5.415,5.415,106.0
2025-08-06T12:35:43,5.415,5.415,5.415,5.415,300.0
2025-08-06T12:35:44,5.415,5.415,5.415,5.415,2190.0
2025-08-06T12:35:45,5.4155,5.4155,5.4155,5.4155,200.0
2025-08-06T12:35:47,5.415,5.415,5.415,5.415,142.0
2025-08-06T12:35:49,5.413679,5.413679,5.413679,5.413679,531.0
2025-08-06T12:35:56,5.415,5.415,5.385,5.385,8990.0
2025-08-06T12:35:58,5.385,5.385,5.385,5.385,132.0
2025-08-06T12:36:00,5.385,5.385,5.385,5.385,100.0
2025-08-06T12:36:01,5.385,5.395,5.385,5.395,3987.0
2025-08-06T12:36:02,5.3901,5.3901,5.39,5.39,1354.0
2025-08-06T12:36:03,5.39,5.39,5.385,5.385,1571.0
2025-08-06T12:36:08,5.38,5.38,5.38,5.38,250.0
2025-08-06T12:36:09,5.381,5.381,5.3801,5.3801,1401.0
2025-08-06T12:36:11,5.38,5.38,5.38,5.38,1974.0
2025-08-06T12:36:13,5.3729,5.3729,5.3729,5.3729,1094.0
2025-08-06T12:36:15,5.375,5.375,5.375,5.375,400.0
2025-08-06T12:36:18,5.3712,5.3712,5.35,5.355,11952.0
2025-08-06T12:36:19,5.365,5.365,5.365,5.365,2249.0
2025-08-06T12:36:20,5.365,5.365,5.36,5.36,1316.0
2025-08-06T12:36:22,5.355,5.355,5.355,5.355,200.0
2025-08-06T12:36:23,5.3554,5.3554,5.3554,5.3554,112.0
2025-08-06T12:36:25,5.3501,5.3501,5.3501,5.3501,170.0
2025-08-06T12:36:26,5.3593,5.36,5.3546,5.3546,3844.0
2025-08-06T12:36:27,5.35,5.3505,5.35,5.3505,783.0
2025-08-06T12:36:29,5.36,5.36,5.3555,5.3555,3101.0
2025-08-06T12:36:31,5.3512,5.3512,5.3508,5.3508,1084.0
2025-08-06T12:36:33,5.355,5.355,5.355,5.355,145.0
2025-08-06T12:36:34,5.3599,5.3599,5.3599,5.3599,2021.0
2025-08-06T12:36:37,5.3599,5.38,5.355,5.38,2383.0
2025-08-06T12:36:38,5.3802,5.3892,5.3802,5.3892,370.0
2025-08-06T12:36:42,5.38,5.38,5.38,5.38,100.0
2025-08-06T12:36:43,5.385,5.385,5.38,5.385,2411.0
2025-08-06T12:36:46,5.37,5.37,5.36,5.36,320.0
2025-08-06T12:36:50,5.3793,5.3793,5.3793,5.3793,504.0
2025-08-06T12:36:51,5.3795,5.3795,5.3795,5.3795,520.0
2025-08-06T12:36:53,5.38,5.38,5.38,5.38,521.0
2025-08-06T12:36:56,5.3812,5.3812,5.38,5.38,702.0
2025-08-06T12:37:00,5.378,5.378,5.378,5.378,152.0
2025-08-06T12:37:03,5.3702,5.375,5.3702,5.375,5519.0
2025-08-06T12:37:04,5.375,5.375,5.375,5.375,500.0
2025-08-06T12:37:12,5.37,5.37,5.37,5.37,100.0
2025-08-06T12:37:20,5.3791,5.3791,5.3791,5.3791,233.0
2025-08-06T12:37:22,5.38,5.39,5.375,5.39,1411.0
2025-08-06T12:37:27,5.395,5.4,5.395,5.4,2013.0
2025-08-06T12:37:28,5.3901,5.395,5.3901,5.395,290.0
2025-08-06T12:37:30,5.4,5.415,5.4,5.41,1730.0
2025-08-06T12:37:32,5.4099,5.4099,5.4099,5.4099,261.0
2025-08-06T12:37:33,5.4099,5.4099,5.4099,5.4099,213.0
2025-08-06T12:37:36,5.405,5.405,5.405,5.405,200.0
2025-08-06T12:37:38,5.4093,5.4093,5.4093,5.4093,500.0
2025-08-06T12:37:40,5.4094,5.4094,5.4094,5.4094,1000.0
2025-08-06T12:37:41,5.405,5.405,5.405,5.405,1210.0
2025-08-06T12:37:42,5.405,5.4092,5.405,5.4092,813.0
2025-08-06T12:37:43,5.41,5.41,5.41,5.41,1155.0
2025-08-06T12:37:44,5.4045,5.4045,5.4045,5.4045,1521.0
2025-08-06T12:37:47,5.4017,5.4017,5.4017,5.4017,1021.0
2025-08-06T12:37:59,5.405,5.4093,5.405,5.405,2600.0
2025-08-06T12:38:00,5.405,5.405,5.405,5.405,100.0
2025-08-06T12:38:02,5.405,5.405,5.405,5.405,415.0
2025-08-06T12:38:04,5.405,5.405,5.405,5.405,100.0
2025-08-06T12:38:12,5.405,5.405,5.405,5.405,372.0
2025-08-06T12:38:14,5.4098,5.41,5.4098,5.41,2271.0
2025-08-06T12:38:17,5.4099,5.4099,5.4045,5.4045,2229.0
2025-08-06T12:38:22,5.402,5.405,5.4,5.4,3161.0
2025-08-06T12:38:24,5.395,5.395,5.3924,5.3924,618.0
2025-08-06T12:38:25,5.395,5.425,5.395,5.42,31457.0
2025-08-06T12:38:35,5.42,5.42,5.42,5.42,199.0
2025-08-06T12:38:40,5.4192,5.4192,5.4192,5.4192,150.0
2025-08-06T12:38:45,5.4171,5.4171,5.4171,5.4171,533.0
2025-08-06T12:38:59,5.42,5.425,5.42,5.425,951.0
2025-08-06T12:39:00,5.43,5.45,5.425,5.45,4634.0
2025-08-06T12:39:02,5.45,5.46,5.45,5.46,337.0
2025-08-06T12:39:03,5.46,5.46,5.46,5.46,275.0
2025-08-06T12:39:04,5.4598,5.4598,5.4598,5.4598,102.0
2025-08-06T12:39:06,5.45,5.46,5.45,5.46,600.0
2025-08-06T12:39:07,5.46,5.47,5.46,5.47,689.0
2025-08-06T12:39:08,5.46,5.465,5.46,5.465,481.0
2025-08-06T12:39:09,5.465,5.465,5.465,5.465,266.0
2025-08-06T12:39:10,5.465,5.465,5.46,5.46,1508.0
2025-08-06T12:39:11,5.4607,5.4607,5.4607,5.4607,120.0
2025-08-06T12:39:13,5.465,5.47,5.465,5.47,852.0
2025-08-06T12:39:14,5.47,5.48,5.47,5.475,2574.0
2025-08-06T12:39:15,5.475,5.48,5.475,5.48,5635.0
2025-08-06T12:39:16,5.4799,5.4806,5.479,5.4806,4680.0
2025-08-06T12:39:17,5.4899,5.49,5.475,5.485,7991.0
2025-08-06T12:39:18,5.4801,5.4801,5.4801,5.4801,339.0
2025-08-06T12:39:21,5.49,5.49,5.4809,5.49,1807.0
2025-08-06T12:39:23,5.49,5.49,5.49,5.49,383.0
2025-08-06T12:39:24,5.4888,5.49,5.4809,5.49,2916.0
2025-08-06T12:39:25,5.485,5.485,5.485,5.485,200.0
2025-08-06T12:39:27,5.4812,5.4812,5.4812,5.4812,558.0
2025-08-06T12:39:28,5.49,5.49,5.49,5.49,355.0
2025-08-06T12:39:31,5.49,5.5,5.49,5.492,10314.0
2025-08-06T12:39:32,5.4999,5.4999,5.4999,5.4999,101.0
2025-08-06T12:39:33,5.499,5.5,5.49,5.5,2602.0
2025-08-06T12:39:35,5.4989,5.51,5.495,5.51,13869.0
2025-08-06T12:39:36,5.51,5.52,5.51,5.52,1534.0
2025-08-06T12:39:37,5.519,5.519,5.519,5.519,200.0
2025-08-06T12:39:38,5.52,5.52,5.52,5.52,154.0
2025-08-06T12:39:39,5.52,5.53,5.5163,5.53,1983.0
2025-08-06T12:39:40,5.525,5.53,5.525,5.53,1146.0
2025-08-06T12:39:41,5.5203,5.5293,5.5203,5.5293,331.0
2025-08-06T12:39:42,5.5209,5.5209,5.5209,5.5209,515.0
2025-08-06T12:39:43,5.53,5.53,5.53,5.53,102.0
2025-08-06T12:39:45,5.5299,5.53,5.5299,5.53,2164.0
2025-08-06T12:39:46,5.5209,5.53,5.5201,5.53,3521.0
2025-08-06T12:39:49,5.53,5.53,5.5288,5.5299,1634.0
2025-08-06T12:39:50,5.525,5.525,5.525,5.525,200.0
2025-08-06T12:39:51,5.525,5.525,5.525,5.525,835.0
2025-08-06T12:39:52,5.525,5.525,5.52,5.52,3796.0
2025-08-06T12:39:53,5.5101,5.5101,5.5,5.505,11854.0
2025-08-06T12:39:54,5.5188,5.52,5.505,5.52,10706.0
2025-08-06T12:39:55,5.5188,5.52,5.515,5.515,441.0
2025-08-06T12:39:56,5.515,5.52,5.515,5.52,333.0
2025-08-06T12:39:57,5.5101,5.515,5.5101,5.515,401.0
2025-08-06T12:39:58,5.515,5.515,5.515,5.515,892.0
2025-08-06T12:40:00,5.515,5.52,5.515,5.52,210.0
2025-08-06T12:40:02,5.515,5.515,5.515,5.515,141.0
2025-08-06T12:40:03,5.515,5.515,5.515,5.515,200.0
2025-08-06T12:40:04,5.52,5.52,5.515,5.515,861.0
2025-08-06T12:40:05,5.515,5.52,5.515,5.52,3326.0
2025-08-06T12:40:07,5.515,5.515,5.515,5.515,1000.0
2025-08-06T12:40:08,5.52,5.52,5.5199,5.5199,374.0
2025-08-06T12:40:10,5.53,5.53,5.52,5.52,503.0
2025-08-06T12:40:12,5.5101,5.53,5.5101,5.53,4908.0
2025-08-06T12:40:13,5.525,5.549,5.525,5.549,13093.0
2025-08-06T12:40:14,5.55,5.55,5.5445,5.55,8532.0
2025-08-06T12:40:15,5.545,5.58,5.545,5.55,37173.0
2025-08-06T12:40:16,5.5488,5.56,5.545,5.56,8964.0
2025-08-06T12:40:17,5.555,5.555,5.55,5.55,303.0
2025-08-06T12:40:18,5.55,5.55,5.55,5.55,2475.0
2025-08-06T12:40:19,5.547,5.56,5.547,5.55,9334.0
2025-08-06T12:40:20,5.545,5.545,5.5208,5.5288,4885.0
2025-08-06T12:40:24,5.525,5.525,5.5,5.502,14643.0
2025-08-06T12:40:25,5.505,5.505,5.5001,5.5001,1509.0
2025-08-06T12:40:27,5.505,5.505,5.505,5.505,216.0
2025-08-06T12:40:28,5.51,5.51,5.51,5.51,102.0
2025-08-06T12:40:30,5.5046,5.5046,5.5046,5.5046,1071.0
2025-08-06T12:40:31,5.505,5.505,5.505,5.505,170.0
2025-08-06T12:40:32,5.505,5.505,5.495,5.495,2033.0
2025-08-06T12:40:33,5.5,5.505,5.5,5.5,2284.0
2025-08-06T12:40:34,5.504,5.505,5.5001,5.5001,11239.0
2025-08-06T12:40:35,5.505,5.505,5.505,5.505,115.0
2025-08-06T12:40:36,5.505,5.505,5.505,5.505,125.0
2025-08-06T12:40:37,5.505,5.505,5.505,5.505,100.0
2025-08-06T12:40:38,5.5012,5.5088,5.5012,5.5088,660.0
2025-08-06T12:40:39,5.505,5.508,5.505,5.508,350.0
2025-08-06T12:40:40,5.505,5.505,5.5006,5.5006,331.0
2025-08-06T12:40:41,5.505,5.505,5.5,5.5,2362.0
2025-08-06T12:40:42,5.4901,5.4901,5.4901,5.4901,2024.0
2025-08-06T12:40:43,5.495,5.5,5.4911,5.495,1980.0
2025-08-06T12:40:45,5.5,5.5,5.5,5.5,188.0
2025-08-06T12:40:46,5.505,5.505,5.505,5.505,1779.0
2025-08-06T12:40:47,5.505,5.51,5.505,5.51,300.0
2025-08-06T12:40:48,5.505,5.505,5.505,5.505,974.0
2025-08-06T12:40:49,5.505,5.505,5.505,5.505,251.0
2025-08-06T12:40:51,5.5,5.505,5.5,5.505,1227.0
2025-08-06T12:40:52,5.51,5.51,5.51,5.51,242.0
2025-08-06T12:40:54,5.505,5.505,5.505,5.505,1000.0
2025-08-06T12:40:56,5.505,5.51,5.505,5.51,634.0
2025-08-06T12:40:58,5.505,5.505,5.5,5.5,3602.0
2025-08-06T12:41:00,5.495,5.5,5.495,5.5,1338.0
2025-08-06T12:41:03,5.5,5.51,5.5,5.505,967.0
2025-08-06T12:41:04,5.505,5.505,5.505,5.505,545.0
2025-08-06T12:41:05,5.505,5.505,5.505,5.505,696.0
2025-08-06T12:41:06,5.505,5.505,5.505,5.505,101.0
2025-08-06T12:41:07,5.505,5.505,5.4999,5.4999,1555.0
2025-08-06T12:41:08,5.4945,5.4945,5.4945,5.4945,200.0
2025-08-06T12:41:10,5.4993,5.4993,5.4993,5.4993,639.0
2025-08-06T12:41:13,5.4901,5.5,5.49,5.5,3607.0
2025-08-06T12:41:16,5.5088,5.5088,5.5,5.5,593.0
2025-08-06T12:41:17,5.505,5.505,5.5,5.5,2669.0
2025-08-06T12:41:19,5.5,5.5,5.5,5.5,1520.0
2025-08-06T12:41:23,5.49,5.49,5.49,5.49,346.0
2025-08-06T12:41:29,5.495,5.5,5.495,5.4997,1874.0
2025-08-06T12:41:31,5.4912,5.4912,5.4912,5.4912,180.0
2025-08-06T12:41:36,5.499,5.5,5.499,5.5,450.0
2025-08-06T12:41:37,5.49,5.49,5.49,5.49,105.0
2025-08-06T12:41:39,5.5,5.5,5.5,5.5,815.0
2025-08-06T12:41:41,5.5,5.5,5.5,5.5,353.0
2025-08-06T12:41:43,5.495,5.495,5.495,5.495,200.0
2025-08-06T12:41:49,5.4912,5.4912,5.4912,5.4912,307.0
2025-08-06T12:41:50,5.495,5.495,5.49,5.49,3541.0
2025-08-06T12:41:51,5.498784,5.498784,5.498784,5.498784,320.0
2025-08-06T12:41:53,5.495,5.495,5.495,5.495,590.0
2025-08-06T12:41:54,5.495,5.495,5.495,5.495,120.0
2025-08-06T12:42:04,5.495,5.51,5.495,5.51,9052.0
2025-08-06T12:42:07,5.51,5.515,5.51,5.515,300.0
2025-08-06T12:42:09,5.515,5.515,5.515,5.515,200.0
2025-08-06T12:42:10,5.52,5.52,5.51,5.51,1500.0
2025-08-06T12:42:13,5.51,5.51,5.51,5.51,151.0
2025-08-06T12:42:14,5.515,5.515,5.51,5.51,1195.0
2025-08-06T12:42:15,5.515,5.515,5.51,5.515,2201.0
2025-08-06T12:42:26,5.5112,5.5112,5.5112,5.5112,718.0
2025-08-06T12:42:27,5.5101,5.5101,5.5101,5.5101,100.0
2025-08-06T12:42:31,5.519,5.519,5.519,5.519,233.0
2025-08-06T12:42:32,5.5112,5.5112,5.5112,5.5112,100.0
2025-08-06T12:42:37,5.5112,5.5112,5.5112,5.5112,183.0
2025-08-06T12:42:38,5.51,5.51,5.51,5.51,185.0
2025-08-06T12:42:45,5.515,5.5189,5.515,5.5189,202.0
2025-08-06T12:42:47,5.5191,5.52,5.505,5.505,5010.0
2025-08-06T12:42:48,5.5099,5.5099,5.5092,5.5092,815.0
2025-08-06T12:42:54,5.5,5.51,5.5,5.51,319.0
2025-08-06T12:42:55,5.51,5.51,5.51,5.51,150.0
2025-08-06T12:42:56,5.505,5.505,5.505,5.505,106.0
2025-08-06T12:42:57,5.51,5.51,5.47,5.47,7520.0
2025-08-06T12:42:58,5.4778,5.4778,5.4778,5.4778,900.0
2025-08-06T12:43:00,5.47,5.4788,5.47,5.4788,251.0
2025-08-06T12:43:02,5.4701,5.4788,5.4701,5.4788,248.0
2025-08-06T12:43:03,5.4712,5.4712,5.4712,5.4712,363.0
2025-08-06T12:43:04,5.47,5.47,5.47,5.47,100.0
2025-08-06T12:43:07,5.475,5.475,5.475,5.475,704.0
2025-08-06T12:43:08,5.475,5.475,5.475,5.475,300.0
2025-08-06T12:43:11,5.48,5.48,5.475,5.475,863.0
2025-08-06T12:43:13,5.475,5.475,5.475,5.475,300.0
2025-08-06T12:43:14,5.47,5.47,5.47,5.47,864.0
2025-08-06T12:43:16,5.465,5.465,5.45,5.45,2440.0
2025-08-06T12:43:17,5.468,5.468,5.468,5.468,176.0
2025-08-06T12:43:19,5.46,5.46,5.46,5.46,253.0
2025-08-06T12:43:22,5.46,5.46,5.46,5.46,323.0
2025-08-06T12:43:23,5.465,5.465,5.465,5.465,600.0
2025-08-06T12:43:28,5.47,5.47,5.47,5.47,107.0
2025-08-06T12:43:29,5.4612,5.4612,5.4612,5.4612,213.0
2025-08-06T12:43:30,5.4612,5.4612,5.4612,5.4612,392.0
2025-08-06T12:43:33,5.4612,5.4612,5.4612,5.4612,643.0
2025-08-06T12:43:37,5.465,5.465,5.465,5.465,2102.0
2025-08-06T12:43:38,5.47,5.47,5.4601,5.4601,1161.0
2025-08-06T12:43:42,5.465,5.4712,5.465,5.4712,2478.0
2025-08-06T12:43:43,5.48,5.48,5.48,5.48,300.0
2025-08-06T12:43:45,5.48,5.48,5.48,5.48,403.0
2025-08-06T12:43:53,5.489,5.489,5.489,5.489,150.0
2025-08-06T12:43:57,5.48,5.48,5.48,5.48,1360.0
2025-08-06T12:43:58,5.48,5.48,5.48,5.48,743.0
2025-08-06T12:44:02,5.485,5.485,5.485,5.485,227.0
2025-08-06T12:44:03,5.485,5.485,5.48,5.48,2289.0
2025-08-06T12:44:16,5.475,5.475,5.475,5.475,156.0
2025-08-06T12:44:20,5.479,5.479,5.479,5.479,105.0
2025-08-06T12:44:21,5.475,5.475,5.475,5.475,203.0
2025-08-06T12:44:26,5.4712,5.4712,5.4712,5.4712,772.0
2025-08-06T12:44:30,5.4793,5.4793,5.4793,5.4793,520.0
2025-08-06T12:44:33,5.48,5.485,5.48,5.485,1146.0
2025-08-06T12:44:34,5.485,5.485,5.485,5.485,338.0
2025-08-06T12:44:37,5.485,5.485,5.485,5.485,241.0
2025-08-06T12:44:46,5.4899,5.4899,5.48,5.48,1100.0
2025-08-06T12:44:47,5.4891,5.4891,5.4891,5.4891,300.0
2025-08-06T12:45:00,5.4899,5.4899,5.4899,5.4899,100.0
2025-08-06T12:45:01,5.485,5.4892,5.485,5.485,1323.0
2025-08-06T12:45:04,5.485,5.485,5.48,5.48,628.0
2025-08-06T12:45:05,5.485,5.485,5.485,5.485,217.0
2025-08-06T12:45:06,5.48,5.48,5.48,5.48,300.0
2025-08-06T12:45:07,5.485,5.485,5.485,5.485,100.0
2025-08-06T12:45:14,5.49,5.49,5.49,5.49,1973.0
2025-08-06T12:45:16,5.4984,5.4984,5.4984,5.4984,520.0
2025-08-06T12:45:17,5.4999,5.4999,5.4999,5.4999,114.0
2025-08-06T12:45:19,5.495,5.495,5.495,5.495,516.0
2025-08-06T12:45:21,5.485,5.54,5.485,5.53,15217.0
2025-08-06T12:45:22,5.54,5.54,5.535,5.535,301.0
2025-08-06T12:45:24,5.5399,5.54,5.53,5.53,4907.0
2025-08-06T12:45:25,5.53,5.5394,5.53,5.5394,1808.0
2025-08-06T12:45:27,5.5394,5.5394,5.5394,5.5394,324.0
2025-08-06T12:45:31,5.535,5.535,5.53,5.53,314.0
2025-08-06T12:45:32,5.535,5.5365,5.53,5.5365,2600.0
2025-08-06T12:45:40,5.5388,5.54,5.5388,5.54,920.0
2025-08-06T12:45:42,5.535,5.545,5.535,5.545,1779.0
2025-08-06T12:45:44,5.5499,5.56,5.5499,5.56,1246.0
2025-08-06T12:45:45,5.56,5.56,5.56,5.56,102.0
2025-08-06T12:45:47,5.55,5.56,5.55,5.56,883.0
2025-08-06T12:45:48,5.5601,5.57,5.5509,5.56,3341.0
2025-08-06T12:45:51,5.565,5.57,5.56,5.56,1088.0
2025-08-06T12:45:52,5.555,5.565,5.555,5.56,9356.0
2025-08-06T12:45:53,5.555,5.56,5.555,5.56,1902.0
2025-08-06T12:45:54,5.56,5.56,5.5507,5.56,1790.0
2025-08-06T12:45:55,5.56,5.565,5.551,5.551,2232.0
2025-08-06T12:45:56,5.56,5.56,5.5588,5.5588,380.0
2025-08-06T12:45:57,5.5555,5.57,5.5555,5.57,2101.0
2025-08-06T12:45:58,5.57,5.57,5.5514,5.56,2081.0
2025-08-06T12:45:59,5.57,5.57,5.57,5.57,188.0
2025-08-06T12:46:00,5.56,5.57,5.56,5.5699,700.0
2025-08-06T12:46:01,5.555,5.555,5.555,5.555,1351.0
2025-08-06T12:46:02,5.555,5.56,5.555,5.56,317.0
2025-08-06T12:46:04,5.56,5.56,5.56,5.56,164.0
2025-08-06T12:46:05,5.57,5.57,5.57,5.57,311.0
2025-08-06T12:46:06,5.57,5.57,5.57,5.57,145.0
2025-08-06T12:46:07,5.57,5.57,5.57,5.57,114.0
2025-08-06T12:46:08,5.565,5.565,5.56,5.56,502.0
2025-08-06T12:46:10,5.56,5.57,5.56,5.57,381.0
2025-08-06T12:46:11,5.56,5.56,5.56,5.56,134.0
2025-08-06T12:46:12,5.56,5.56,5.56,5.56,100.0
2025-08-06T12:46:13,5.565,5.57,5.5603,5.57,750.0
2025-08-06T12:46:14,5.565,5.565,5.565,5.565,249.0
2025-08-06T12:46:15,5.56,5.5689,5.56,5.5689,2155.0
2025-08-06T12:46:17,5.56,5.56,5.56,5.56,120.0
2025-08-06T12:46:18,5.57,5.57,5.57,5.57,142.0
2025-08-06T12:46:19,5.565,5.5689,5.565,5.5689,200.0
2025-08-06T12:46:21,5.57,5.57,5.57,5.57,120.0
2025-08-06T12:46:23,5.561,5.57,5.561,5.57,438.0
2025-08-06T12:46:25,5.57,5.57,5.565,5.565,481.0
2025-08-06T12:46:26,5.565,5.565,5.565,5.565,137.0
2025-08-06T12:46:27,5.5608,5.5651,5.56,5.565,11218.0
2025-08-06T12:46:28,5.57,5.57,5.57,5.57,125.0
2025-08-06T12:46:29,5.57,5.57,5.57,5.57,281.0
2025-08-06T12:46:30,5.57,5.57,5.5699,5.57,6070.0
2025-08-06T12:46:31,5.5688,5.57,5.565,5.57,7274.0
2025-08-06T12:46:32,5.57,5.5701,5.5663,5.5701,7071.0
2025-08-06T12:46:33,5.5712,5.58,5.5712,5.5798,1317.0
2025-08-06T12:46:34,5.575,5.58,5.5688,5.5688,12016.0
2025-08-06T12:46:35,5.58,5.58,5.5688,5.5688,667.0
2025-08-06T12:46:36,5.5688,5.57,5.5688,5.57,384.0
2025-08-06T12:46:37,5.568,5.57,5.5601,5.5601,900.0
2025-08-06T12:46:38,5.57,5.57,5.568,5.57,9390.0
2025-08-06T12:46:39,5.57,5.57,5.5699,5.5699,234.0
2025-08-06T12:46:40,5.565,5.57,5.565,5.57,627.0
2025-08-06T12:46:41,5.57,5.57,5.5612,5.5612,616.0
2025-08-06T12:46:42,5.5698,5.57,5.56,5.57,435.0
2025-08-06T12:46:43,5.565,5.5665,5.565,5.5665,1021.0
2025-08-06T12:46:44,5.57,5.57,5.57,5.57,201.0
2025-08-06T12:46:45,5.57,5.57,5.565,5.57,1034.0
2025-08-06T12:46:46,5.5688,5.57,5.5688,5.57,215.0
2025-08-06T12:46:47,5.57,5.57,5.57,5.57,255.0
2025-08-06T12:46:48,5.565,5.565,5.555,5.5588,6701.0
2025-08-06T12:46:50,5.55,5.55,5.545,5.545,3595.0
2025-08-06T12:46:51,5.54,5.545,5.535,5.5393,6741.0
2025-08-06T12:46:52,5.5388,5.54,5.5388,5.54,686.0
2025-08-06T12:46:53,5.55,5.55,5.5455,5.5455,467.0
2025-08-06T12:46:54,5.54,5.545,5.54,5.545,941.0
2025-08-06T12:46:55,5.545,5.545,5.54,5.54,7564.0
2025-08-06T12:46:56,5.54,5.54,5.54,5.54,600.0
2025-08-06T12:46:57,5.5392,5.54,5.5392,5.54,387.0
2025-08-06T12:46:58,5.535,5.54,5.535,5.54,1474.0
2025-08-06T12:46:59,5.535,5.535,5.53,5.53,4738.0
2025-08-06T12:47:01,5.53,5.53,5.53,5.53,150.0
2025-08-06T12:47:02,5.53,5.53,5.5295,5.5295,652.0
2025-08-06T12:47:03,5.53,5.54,5.53,5.5392,2377.0
2025-08-06T12:47:04,5.54,5.54,5.54,5.54,203.0
2025-08-06T12:47:05,5.5312,5.54,5.5312,5.5399,2509.0
2025-08-06T12:47:07,5.535,5.54,5.535,5.54,310.0
2025-08-06T12:47:08,5.5301,5.535,5.5301,5.535,1005.0
2025-08-06T12:47:09,5.5397,5.54,5.5397,5.54,1520.0
2025-08-06T12:47:10,5.55,5.55,5.55,5.55,155.0
2025-08-06T12:47:11,5.55,5.55,5.55,5.55,100.0
2025-08-06T12:47:12,5.545,5.55,5.545,5.55,311.0
2025-08-06T12:47:15,5.55,5.56,5.55,5.56,1811.0
2025-08-06T12:47:17,5.56,5.57,5.56,5.57,4300.0
2025-08-06T12:47:18,5.5698,5.57,5.5698,5.57,360.0
2025-08-06T12:47:19,5.57,5.58,5.5663,5.58,967.0
2025-08-06T12:47:20,5.58,5.58,5.58,5.58,114.0
2025-08-06T12:47:21,5.5791,5.5791,5.5712,5.5712,656.0
2025-08-06T12:47:22,5.5799,5.59,5.575,5.59,4382.0
2025-08-06T12:47:23,5.585,5.5892,5.58,5.5892,5122.0
2025-08-06T12:47:24,5.59,5.59,5.59,5.59,114.0
2025-08-06T12:47:25,5.59,5.6,5.565,5.57,42508.0
2025-08-06T12:47:26,5.57,5.575,5.55,5.55,14427.0
2025-08-06T12:47:27,5.558,5.558,5.558,5.558,553.0
2025-08-06T12:47:34,5.545,5.545,5.545,5.545,110.0
2025-08-06T12:47:35,5.54,5.55,5.53,5.5407,10050.0
2025-08-06T12:47:36,5.548,5.548,5.548,5.548,1015.0
2025-08-06T12:47:37,5.5499,5.5499,5.5499,5.5499,310.0
2025-08-06T12:47:42,5.55,5.55,5.55,5.55,1877.0
2025-08-06T12:47:43,5.5512,5.5512,5.5512,5.5512,338.0
2025-08-06T12:47:44,5.5599,5.5599,5.5599,5.5599,301.0
2025-08-06T12:47:46,5.5599,5.57,5.5599,5.57,6137.0
2025-08-06T12:47:48,5.575,5.575,5.575,5.575,105.0
2025-08-06T12:47:49,5.575,5.575,5.575,5.575,1030.0
2025-08-06T12:47:50,5.575,5.595,5.575,5.595,4781.0
2025-08-06T12:47:51,5.582,5.59,5.582,5.59,2718.0
2025-08-06T12:47:52,5.5886,5.5886,5.5886,5.5886,2500.0
2025-08-06T12:47:53,5.5999,5.5999,5.5999,5.5999,179.0
2025-08-06T12:47:54,5.5801,5.5801,5.58,5.58,1154.0
2025-08-06T12:47:56,5.59,5.59,5.585,5.585,5213.0
2025-08-06T12:47:57,5.585,5.585,5.585,5.585,537.0
2025-08-06T12:47:58,5.58,5.58,5.58,5.58,438.0
2025-08-06T12:47:59,5.58,5.58,5.58,5.58,333.0
2025-08-06T12:48:00,5.585,5.5899,5.585,5.5899,7926.0
2025-08-06T12:48:01,5.5808,5.595,5.5808,5.5855,11920.0
2025-08-06T12:48:02,5.58,5.585,5.575,5.575,1326.0
2025-08-06T12:48:03,5.5788,5.5788,5.5701,5.5701,1595.0
2025-08-06T12:48:05,5.57,5.5792,5.57,5.57,5321.0
2025-08-06T12:48:07,5.575,5.575,5.56,5.57,3409.0
2025-08-06T12:48:09,5.57,5.57,5.57,5.57,100.0
2025-08-06T12:48:11,5.5709,5.5709,5.5709,5.5709,226.0
2025-08-06T12:48:15,5.575,5.575,5.575,5.575,283.0
2025-08-06T12:48:16,5.578,5.585,5.575,5.585,1244.0
2025-08-06T12:48:18,5.5807,5.5807,5.57,5.57,1403.0
2025-08-06T12:48:20,5.5608,5.5608,5.5608,5.5608,301.0
2025-08-06T12:48:21,5.565,5.57,5.565,5.5677,3664.0
2025-08-06T12:48:24,5.57,5.5745,5.57,5.5745,766.0
2025-08-06T12:48:26,5.58,5.58,5.58,5.58,129.0
2025-08-06T12:48:27,5.5755,5.5755,5.5755,5.5755,100.0
2025-08-06T12:48:30,5.5719,5.5719,5.5719,5.5719,250.0
2025-08-06T12:48:31,5.5701,5.5793,5.5701,5.5793,476.0
2025-08-06T12:48:32,5.58,5.58,5.5789,5.5789,3500.0
2025-08-06T12:48:33,5.58,5.58,5.58,5.58,213.0
2025-08-06T12:48:39,5.579,5.579,5.579,5.579,140.0
2025-08-06T12:48:40,5.575,5.5788,5.57,5.5746,8353.0
2025-08-06T12:48:46,5.58,5.58,5.5799,5.5799,506.0
2025-08-06T12:48:49,5.5701,5.5701,5.5701,5.5701,130.0
2025-08-06T12:48:52,5.5799,5.5799,5.5799,5.5799,100.0
2025-08-06T12:48:56,5.575,5.575,5.575,5.575,101.0
2025-08-06T12:49:00,5.5712,5.5712,5.5712,5.5712,229.0
2025-08-06T12:49:02,5.58,5.58,5.575,5.575,2000.0
2025-08-06T12:49:03,5.5791,5.5791,5.5791,5.5791,100.0
2025-08-06T12:49:07,5.575,5.575,5.57,5.57,4086.0
2025-08-06T12:49:08,5.569,5.585,5.565,5.58,5675.0
2025-08-06T12:49:09,5.5799,5.5799,5.5799,5.5799,101.0
2025-08-06T12:49:10,5.575,5.575,5.5701,5.5701,413.0
2025-08-06T12:49:11,5.575,5.5798,5.575,5.5798,210.0
2025-08-06T12:49:14,5.58,5.58,5.58,5.58,105.0
2025-08-06T12:49:18,5.58,5.58,5.58,5.58,1284.0
2025-08-06T12:49:21,5.5788,5.5788,5.57,5.57,599.0
2025-08-06T12:49:23,5.5794,5.5794,5.5794,5.5794,1000.0
2025-08-06T12:49:24,5.5712,5.5712,5.5711,5.5711,369.0
2025-08-06T12:49:25,5.575,5.575,5.575,5.575,102.0
2025-08-06T12:49:30,5.58,5.58,5.58,5.58,126.0
2025-08-06T12:49:33,5.58,5.58,5.58,5.58,144.0
2025-08-06T12:49:37,5.585,5.585,5.585,5.585,580.0
2025-08-06T12:49:39,5.58,5.59,5.58,5.59,551.0
2025-08-06T12:49:40,5.5845,5.5845,5.5845,5.5845,1000.0
2025-08-06T12:49:41,5.585,5.585,5.585,5.585,311.0
2025-08-06T12:49:43,5.587721,5.587721,5.587721,5.587721,500.0
2025-08-06T12:49:44,5.581,5.581,5.58,5.5806,730.0
2025-08-06T12:49:45,5.585,5.585,5.58,5.58,1227.0
2025-08-06T12:49:50,5.5788,5.5788,5.5788,5.5788,202.0
2025-08-06T12:49:54,5.5701,5.5701,5.5701,5.5701,400.0
2025-08-06T12:49:56,5.575,5.575,5.575,5.575,1025.0
2025-08-06T12:49:58,5.575,5.575,5.575,5.575,127.0
2025-08-06T12:50:02,5.575,5.575,5.57,5.57,503.0
2025-08-06T12:50:03,5.575,5.575,5.575,5.575,1000.0
2025-08-06T12:50:08,5.57,5.575,5.57,5.575,7050.0
2025-08-06T12:50:09,5.575,5.575,5.575,5.575,131.0
2025-08-06T12:50:11,5.5799,5.5799,5.5799,5.5799,2200.0
2025-08-06T12:50:13,5.5712,5.5712,5.5712,5.5712,167.0
2025-08-06T12:50:17,5.571,5.571,5.571,5.571,155.0
2025-08-06T12:50:20,5.58,5.58,5.58,5.58,322.0
2025-08-06T12:50:23,5.575,5.575,5.57,5.57,6802.0
2025-08-06T12:50:27,5.58,5.58,5.58,5.58,800.0
2025-08-06T12:50:33,5.575,5.575,5.5709,5.5709,446.0
2025-08-06T12:50:35,5.5708,5.5708,5.5708,5.5708,892.0
2025-08-06T12:50:36,5.5788,5.5788,5.5788,5.5788,208.0
2025-08-06T12:50:43,5.58,5.58,5.57,5.57,6936.0
2025-08-06T12:50:49,5.57,5.57,5.57,5.57,1952.0
2025-08-06T12:50:52,5.5712,5.5712,5.5712,5.5712,390.0
2025-08-06T12:50:53,5.575,5.575,5.575,5.575,281.0
2025-08-06T12:50:54,5.575,5.575,5.5692,5.5692,1786.0
2025-08-06T12:50:59,5.565,5.5698,5.54,5.56,8234.0
2025-08-06T12:51:02,5.5512,5.555,5.5512,5.555,821.0
2025-08-06T12:51:05,5.5512,5.5512,5.5512,5.5512,241.0
2025-08-06T12:51:08,5.55,5.55,5.55,5.55,291.0
2025-08-06T12:51:09,5.55,5.55,5.54,5.54,1600.0
2025-08-06T12:51:10,5.54,5.54,5.5399,5.5399,726.0
2025-08-06T12:51:12,5.535,5.535,5.535,5.535,100.0
2025-08-06T12:51:13,5.535,5.535,5.535,5.535,5248.0
2025-08-06T12:51:15,5.5301,5.535,5.5301,5.535,548.0
2025-08-06T12:51:16,5.535,5.535,5.5312,5.5312,483.0
2025-08-06T12:51:18,5.538,5.538,5.53,5.53,288.0
2025-08-06T12:51:19,5.54,5.54,5.54,5.54,630.0
2025-08-06T12:51:21,5.545,5.55,5.545,5.545,3135.0
2025-08-06T12:51:22,5.54,5.54,5.54,5.54,108.0
2025-08-06T12:51:24,5.545,5.545,5.545,5.545,301.0
2025-08-06T12:51:28,5.54,5.54,5.54,5.54,5256.0
2025-08-06T12:51:30,5.5391,5.5391,5.5391,5.5391,100.0
2025-08-06T12:51:31,5.5393,5.5393,5.5393,5.5393,1500.0
2025-08-06T12:51:32,5.5312,5.5312,5.5312,5.5312,258.0
2025-08-06T12:51:33,5.5301,5.5312,5.5301,5.5312,720.0
2025-08-06T12:51:34,5.54,5.5454,5.535,5.5454,1701.0
2025-08-06T12:51:47,5.5445,5.5445,5.5445,5.5445,4029.0
2025-08-06T12:51:49,5.55,5.55,5.545,5.55,2898.0
2025-08-06T12:51:50,5.55,5.55,5.55,5.55,535.0
2025-08-06T12:51:52,5.55,5.555,5.55,5.555,344.0
2025-08-06T12:51:53,5.5512,5.5599,5.5512,5.5599,1091.0
2025-08-06T12:51:58,5.5555,5.5555,5.555,5.555,15424.0
2025-08-06T12:52:02,5.5599,5.5599,5.5599,5.5599,1000.0
2025-08-06T12:52:09,5.5512,5.5512,5.5512,5.5512,659.0
2025-08-06T12:52:12,5.555,5.555,5.555,5.555,127.0
2025-08-06T12:52:15,5.55,5.55,5.55,5.55,429.0
2025-08-06T12:52:19,5.555,5.555,5.55,5.55,477.0
2025-08-06T12:52:20,5.5512,5.5512,5.5512,5.5512,533.0
2025-08-06T12:52:25,5.55,5.55,5.55,5.55,132.0
2025-08-06T12:52:33,5.555,5.555,5.555,5.555,211.0
2025-08-06T12:52:38,5.555,5.555,5.555,5.555,101.0
2025-08-06T12:52:44,5.55,5.55,5.55,5.55,2273.0
2025-08-06T12:52:47,5.545,5.545,5.545,5.545,255.0
2025-08-06T12:52:50,5.5401,5.545,5.5354,5.5354,8047.0
2025-08-06T12:52:52,5.5345,5.54,5.5301,5.5301,5251.0
2025-08-06T12:52:54,5.55,5.55,5.55,5.55,1271.0
2025-08-06T12:52:55,5.548,5.55,5.548,5.55,233.0
2025-08-06T12:52:58,5.55,5.55,5.55,5.55,647.0
2025-08-06T12:53:04,5.55,5.55,5.545,5.55,1994.0
2025-08-06T12:53:05,5.55,5.55,5.55,5.55,100.0
2025-08-06T12:53:10,5.55,5.5502,5.54,5.5501,3926.0
2025-08-06T12:53:16,5.55,5.55,5.55,5.55,278.0
2025-08-06T12:53:21,5.54,5.54,5.54,5.54,100.0
2025-08-06T12:53:25,5.5401,5.5401,5.5401,5.5401,1500.0
2025-08-06T12:53:39,5.54,5.5411,5.54,5.5401,7391.0
2025-08-06T12:53:40,5.54,5.54,5.54,5.54,100.0
2025-08-06T12:53:43,5.545,5.545,5.54,5.54,15923.0
2025-08-06T12:53:51,5.535,5.535,5.53,5.53,1720.0
2025-08-06T12:53:56,5.5245,5.5245,5.5245,5.5245,2090.0
2025-08-06T12:53:57,5.5207,5.5207,5.5207,5.5207,349.0
2025-08-06T12:53:58,5.52,5.52,5.51,5.5101,3704.0
2025-08-06T12:54:00,5.5109,5.5109,5.51,5.51,400.0
2025-08-06T12:54:02,5.515,5.515,5.5112,5.5112,813.0
2025-08-06T12:54:03,5.5199,5.5199,5.5199,5.5199,1001.0
2025-08-06T12:54:04,5.5145,5.5145,5.5145,5.5145,1040.0
2025-08-06T12:54:05,5.5198,5.5198,5.51,5.51,1950.0
2025-08-06T12:54:06,5.515,5.515,5.515,5.515,332.0
2025-08-06T12:54:08,5.51,5.51,5.51,5.51,4796.0
2025-08-06T12:54:09,5.5,5.501,5.49,5.491,6678.0
2025-08-06T12:54:10,5.495,5.5001,5.495,5.5001,3665.0
2025-08-06T12:54:11,5.5002,5.5012,5.5002,5.5012,626.0
2025-08-06T12:54:12,5.505,5.505,5.505,5.505,245.0
2025-08-06T12:54:13,5.505,5.505,5.5,5.5,300.0
2025-08-06T12:54:15,5.509,5.509,5.5012,5.5012,308.0
2025-08-06T12:54:19,5.505,5.52,5.505,5.515,4592.0
2025-08-06T12:54:20,5.5202,5.5202,5.5202,5.5202,391.0
2025-08-06T12:54:21,5.525,5.525,5.525,5.525,2520.0
2025-08-06T12:54:23,5.525,5.525,5.525,5.525,340.0
2025-08-06T12:54:24,5.5293,5.5293,5.52,5.525,1083.0
2025-08-06T12:54:26,5.525,5.53,5.525,5.53,800.0
2025-08-06T12:54:27,5.525,5.525,5.525,5.525,826.0
2025-08-06T12:54:37,5.53,5.53,5.53,5.53,543.0
2025-08-06T12:54:40,5.5299,5.5299,5.5299,5.5299,500.0
2025-08-06T12:54:42,5.525,5.525,5.5212,5.5212,1283.0
2025-08-06T12:54:43,5.525,5.525,5.525,5.525,101.0
2025-08-06T12:54:45,5.5296,5.5296,5.5296,5.5296,1018.0
2025-08-06T12:54:47,5.52,5.52,5.52,5.52,323.0
2025-08-06T12:54:48,5.52,5.52,5.52,5.52,822.0
2025-08-06T12:54:49,5.525,5.525,5.525,5.525,245.0
2025-08-06T12:54:50,5.5255,5.5255,5.5255,5.5255,300.0
2025-08-06T12:54:55,5.52,5.525,5.52,5.52,2307.0
2025-08-06T12:54:59,5.515,5.515,5.51,5.51,1898.0
2025-08-06T12:55:00,5.515,5.515,5.515,5.515,140.0
2025-08-06T12:55:02,5.5109,5.5109,5.5109,5.5109,100.0
2025-08-06T12:55:13,5.5112,5.5112,5.5112,5.5112,145.0
2025-08-06T12:55:15,5.515,5.515,5.515,5.515,140.0
2025-08-06T12:55:29,5.5109,5.5109,5.5109,5.5109,100.0
2025-08-06T12:55:31,5.512,5.512,5.512,5.512,300.0
2025-08-06T12:55:33,5.5191,5.5191,5.5191,5.5191,5033.0
2025-08-06T12:55:34,5.51,5.51,5.51,5.51,100.0
2025-08-06T12:55:38,5.5107,5.5107,5.5107,5.5107,179.0
2025-08-06T12:55:39,5.515,5.515,5.5102,5.5102,500.0
2025-08-06T12:55:46,5.515,5.515,5.515,5.515,136.0
2025-08-06T12:55:49,5.515,5.515,5.511,5.515,11652.0
2025-08-06T12:55:51,5.5109,5.5109,5.5109,5.5109,502.0
2025-08-06T12:55:59,5.515,5.515,5.515,5.515,100.0
2025-08-06T12:56:02,5.52,5.55,5.52,5.545,5935.0
2025-08-06T12:56:03,5.54,5.545,5.54,5.545,1026.0
2025-08-06T12:56:14,5.55,5.55,5.55,5.55,1260.0
2025-08-06T12:56:23,5.56,5.58,5.56,5.58,7629.0
2025-08-06T12:56:24,5.575,5.58,5.57,5.57,490.0
2025-08-06T12:56:25,5.5799,5.5799,5.5799,5.5799,107.0
2025-08-06T12:56:28,5.58,5.58,5.57,5.57,200.0
2025-08-06T12:56:29,5.5701,5.5701,5.5701,5.5701,100.0
2025-08-06T12:56:30,5.5799,5.5799,5.575,5.5755,9841.0
2025-08-06T12:56:31,5.58,5.58,5.575,5.575,4490.0
2025-08-06T12:56:32,5.575,5.575,5.575,5.575,304.0
2025-08-06T12:56:33,5.58,5.58,5.58,5.58,515.0
2025-08-06T12:56:36,5.575,5.575,5.57,5.572,401.0
2025-08-06T12:56:38,5.57,5.57,5.57,5.57,100.0
2025-08-06T12:56:40,5.57,5.575,5.56,5.57,2448.0
2025-08-06T12:56:44,5.55,5.55,5.55,5.55,302.0
2025-08-06T12:56:51,5.5501,5.5501,5.5501,5.5501,1093.0
2025-08-06T12:56:55,5.555,5.555,5.555,5.555,500.0
2025-08-06T12:56:59,5.5599,5.5599,5.5599,5.5599,224.0
2025-08-06T12:57:00,5.5501,5.5501,5.5501,5.5501,240.0
2025-08-06T12:57:04,5.5512,5.5512,5.5507,5.5507,1160.0
2025-08-06T12:57:06,5.55,5.555,5.55,5.55,1283.0
2025-08-06T12:57:07,5.545,5.545,5.545,5.545,275.0
2025-08-06T12:57:08,5.54,5.54,5.54,5.54,562.0
2025-08-06T12:57:09,5.5301,5.5301,5.5301,5.5301,201.0
2025-08-06T12:57:11,5.54,5.54,5.54,5.54,100.0
2025-08-06T12:57:12,5.5403,5.5403,5.5403,5.5403,1010.0
2025-08-06T12:57:14,5.54,5.54,5.54,5.54,429.0
2025-08-06T12:57:16,5.5391,5.54,5.535,5.54,1152.0
2025-08-06T12:57:18,5.5391,5.5391,5.5391,5.5391,100.0
2025-08-06T12:57:22,5.5391,5.5391,5.5391,5.5391,187.0
2025-08-06T12:57:23,5.535,5.535,5.535,5.535,501.0
2025-08-06T12:57:25,5.5392,5.54,5.535,5.54,1255.0
2025-08-06T12:57:35,5.55,5.55,5.55,5.55,490.0
2025-08-06T12:57:40,5.555,5.555,5.555,5.555,200.0
2025-08-06T12:57:41,5.55,5.55,5.55,5.55,217.0
2025-08-06T12:57:42,5.55,5.55,5.55,5.55,116.0
2025-08-06T12:57:47,5.5502,5.5502,5.5502,5.5502,1001.0
2025-08-06T12:57:51,5.555,5.555,5.555,5.555,304.0
2025-08-06T12:57:57,5.5591,5.5591,5.555,5.555,200.0
2025-08-06T12:58:10,5.5599,5.5599,5.5599,5.5599,135.0
2025-08-06T12:58:13,5.555,5.555,5.555,5.555,302.0
2025-08-06T12:58:14,5.555,5.555,5.555,5.555,500.0
2025-08-06T12:58:16,5.56,5.56,5.56,5.56,1700.0
2025-08-06T12:58:17,5.5608,5.565,5.5608,5.565,624.0
2025-08-06T12:58:19,5.5699,5.5699,5.5699,5.5699,254.0
2025-08-06T12:58:24,5.57,5.57,5.56,5.56,2625.0
2025-08-06T12:58:26,5.5599,5.5599,5.5599,5.5599,210.0
2025-08-06T12:58:28,5.5598,5.5598,5.5598,5.5598,502.0
2025-08-06T12:58:29,5.56,5.56,5.56,5.56,941.0
2025-08-06T12:58:30,5.5609,5.5609,5.5609,5.5609,320.0
2025-08-06T12:58:31,5.5699,5.5699,5.5699,5.5699,8188.0
2025-08-06T12:58:33,5.56,5.56,5.56,5.56,125.0
2025-08-06T12:58:34,5.565,5.565,5.565,5.565,157.0
2025-08-06T12:58:37,5.565,5.565,5.565,5.565,100.0
2025-08-06T12:58:42,5.57,5.575,5.57,5.575,1573.0
2025-08-06T12:58:44,5.5789,5.5789,5.5789,5.5789,127.0
2025-08-06T12:58:48,5.575,5.575,5.5702,5.575,1134.0
2025-08-06T12:58:50,5.58,5.59,5.58,5.58,5420.0
2025-08-06T12:58:54,5.581,5.581,5.581,5.581,100.0
2025-08-06T12:58:55,5.589,5.589,5.589,5.589,102.0
2025-08-06T12:58:57,5.58,5.58,5.58,5.58,1108.0
2025-08-06T12:58:59,5.58,5.58,5.58,5.58,100.0
2025-08-06T12:59:03,5.58,5.58,5.58,5.58,500.0
2025-08-06T12:59:04,5.585,5.59,5.575,5.585,36353.0
2025-08-06T12:59:05,5.585,5.5898,5.58,5.585,4651.0
2025-08-06T12:59:06,5.57,5.5713,5.57,5.5713,2267.0
2025-08-06T12:59:07,5.58,5.58,5.58,5.58,477.0
2025-08-06T12:59:11,5.58,5.58,5.58,5.58,205.0
2025-08-06T12:59:12,5.58,5.58,5.575,5.575,1216.0
2025-08-06T12:59:13,5.58,5.58,5.58,5.58,443.0
2025-08-06T12:59:15,5.5788,5.5788,5.5788,5.5788,237.0
2025-08-06T12:59:17,5.575,5.575,5.575,5.575,500.0
2025-08-06T12:59:19,5.575,5.575,5.575,5.575,322.0
2025-08-06T12:59:24,5.575,5.575,5.575,5.575,401.0
2025-08-06T12:59:25,5.5712,5.5712,5.5712,5.5712,144.0
2025-08-06T12:59:27,5.57,5.57,5.57,5.57,170.0
2025-08-06T12:59:34,5.5799,5.5799,5.5799,5.5799,200.0
2025-08-06T12:59:36,5.575,5.575,5.575,5.575,400.0
2025-08-06T12:59:38,5.5799,5.58,5.575,5.58,4614.0
2025-08-06T12:59:42,5.5893,5.5893,5.5893,5.5893,1610.0
2025-08-06T12:59:43,5.585,5.5865,5.585,5.5865,1005.0
2025-08-06T12:59:44,5.59,5.59,5.59,5.59,1797.0
2025-08-06T12:59:45,5.5908,5.5908,5.59,5.59,450.0
2025-08-06T12:59:47,5.59,5.59,5.59,5.59,180.0
2025-08-06T12:59:49,5.585,5.585,5.585,5.585,140.0
2025-08-06T12:59:50,5.58,5.585,5.58,5.58,2967.0
2025-08-06T12:59:55,5.57,5.57,5.57,5.57,197.0
2025-08-06T12:59:56,5.57,5.57,5.57,5.57,407.0
2025-08-06T12:59:57,5.58,5.58,5.58,5.58,120.0
2025-08-06T12:59:58,5.585,5.585,5.585,5.585,1000.0
2025-08-06T13:00:03,5.575,5.6,5.575,5.58,12475.0
2025-08-06T13:00:04,5.58,5.58,5.5701,5.5701,7422.0
2025-08-06T13:00:06,5.5711,5.5711,5.5711,5.5711,502.0
2025-08-06T13:00:07,5.588,5.588,5.588,5.588,243.0
2025-08-06T13:00:12,5.58,5.58,5.58,5.58,100.0
2025-08-06T13:00:15,5.5794,5.5794,5.5794,5.5794,130.0
2025-08-06T13:00:32,5.57,5.57,5.565,5.565,975.0
2025-08-06T13:00:33,5.56,5.56,5.551,5.551,1238.0
2025-08-06T13:00:34,5.555,5.5593,5.555,5.5593,710.0
2025-08-06T13:00:43,5.5512,5.5512,5.5512,5.5512,140.0
2025-08-06T13:00:45,5.5501,5.5501,5.5501,5.5501,112.0
2025-08-06T13:00:46,5.5545,5.5545,5.5512,5.5512,955.0
2025-08-06T13:00:50,5.55,5.5592,5.55,5.555,1563.0
2025-08-06T13:00:51,5.555,5.555,5.555,5.555,676.0
2025-08-06T13:00:52,5.555,5.555,5.555,5.555,648.0
2025-08-06T13:00:54,5.555,5.555,5.555,5.555,400.0
2025-08-06T13:00:55,5.555,5.555,5.555,5.555,220.0
2025-08-06T13:00:59,5.5512,5.5512,5.5512,5.5512,158.0
2025-08-06T13:01:00,5.56,5.56,5.56,5.56,289.0
2025-08-06T13:01:04,5.55,5.555,5.53,5.53,5417.0
2025-08-06T13:01:05,5.5201,5.5201,5.5201,5.5201,3821.0
2025-08-06T13:01:08,5.5212,5.5212,5.5212,5.5212,137.0
2025-08-06T13:01:09,5.5245,5.5293,5.515,5.515,1976.0
2025-08-06T13:01:11,5.515,5.52,5.51,5.51,2671.0
2025-08-06T13:01:14,5.5112,5.5112,5.5112,5.5112,1010.0
2025-08-06T13:01:15,5.51,5.51,5.51,5.51,434.0
2025-08-06T13:01:18,5.53,5.53,5.53,5.53,100.0
2025-08-06T13:01:24,5.512,5.512,5.512,5.512,115.0
2025-08-06T13:01:26,5.51,5.52,5.51,5.52,300.0
2025-08-06T13:01:27,5.51,5.52,5.51,5.52,1289.0
2025-08-06T13:01:28,5.52,5.52,5.52,5.52,279.0
2025-08-06T13:01:29,5.5192,5.5192,5.5192,5.5192,1377.0
2025-08-06T13:01:32,5.53,5.5388,5.52,5.5388,2125.0
2025-08-06T13:01:34,5.522,5.522,5.522,5.522,202.0
2025-08-06T13:01:38,5.52,5.52,5.52,5.52,471.0
2025-08-06T13:01:40,5.53,5.53,5.53,5.53,120.0
2025-08-06T13:01:42,5.52,5.52,5.52,5.52,150.0
2025-08-06T13:01:43,5.53,5.53,5.53,5.53,100.0
2025-08-06T13:01:47,5.54,5.54,5.54,5.54,100.0
2025-08-06T13:01:50,5.54,5.54,5.54,5.54,100.0
2025-08-06T13:01:53,5.54,5.54,5.54,5.54,100.0
2025-08-06T13:01:56,5.5333,5.5333,5.53,5.53,1100.0
2025-08-06T13:02:01,5.54,5.54,5.54,5.54,346.0
2025-08-06T13:02:02,5.5302,5.5302,5.53,5.53,3621.0
2025-08-06T13:02:05,5.5288,5.5288,5.5288,5.5288,209.0
2025-08-06T13:02:08,5.52,5.52,5.52,5.52,115.0
2025-08-06T13:02:13,5.52,5.5212,5.52,5.5212,394.0
2025-08-06T13:02:14,5.5208,5.5208,5.5208,5.5208,197.0
2025-08-06T13:02:17,5.521,5.521,5.521,5.521,135.0
2025-08-06T13:02:18,5.525,5.525,5.5203,5.5203,3074.0
2025-08-06T13:02:28,5.525,5.525,5.525,5.525,300.0
2025-08-06T13:02:29,5.525,5.525,5.525,5.525,200.0
2025-08-06T13:02:33,5.5212,5.5212,5.5212,5.5212,465.0
2025-08-06T13:02:37,5.52,5.52,5.5,5.505,7388.0
2025-08-06T13:02:41,5.495,5.495,5.495,5.495,126.0
2025-08-06T13:02:42,5.4901,5.498,5.4901,5.498,1006.0
2025-08-06T13:02:43,5.492,5.492,5.492,5.492,239.0
2025-08-06T13:02:45,5.4965,5.4965,5.4965,5.4965,1000.0
2025-08-06T13:02:46,5.4955,5.4955,5.4955,5.4955,3000.0
2025-08-06T13:02:47,5.4912,5.4999,5.4912,5.4999,442.0
2025-08-06T13:02:49,5.49,5.4954,5.49,5.4954,1577.0
2025-08-06T13:02:50,5.4912,5.4912,5.4912,5.4912,254.0
2025-08-06T13:02:52,5.492,5.492,5.492,5.492,354.0
2025-08-06T13:02:54,5.49,5.49,5.49,5.49,205.0
2025-08-06T13:02:55,5.49,5.495,5.49,5.49,2916.0
2025-08-06T13:02:56,5.49,5.49,5.49,5.49,140.0
2025-08-06T13:02:59,5.4945,5.4945,5.4945,5.4945,269.0
2025-08-06T13:03:00,5.5,5.5,5.495,5.5,1676.0
2025-08-06T13:03:02,5.5,5.5,5.5,5.5,170.0
2025-08-06T13:03:03,5.4915,5.4915,5.4915,5.4915,100.0
2025-08-06T13:03:05,5.49,5.5009,5.49,5.5009,1616.0
2025-08-06T13:03:07,5.494,5.5,5.494,5.5,4178.0
2025-08-06T13:03:09,5.4999,5.4999,5.4999,5.4999,3071.0
2025-08-06T13:03:16,5.495,5.495,5.495,5.495,1810.0
2025-08-06T13:03:21,5.4965,5.4965,5.4965,5.4965,800.0
2025-08-06T13:03:26,5.5,5.5,5.5,5.5,1000.0
2025-08-06T13:03:30,5.4994,5.4994,5.4994,5.4994,1000.0
2025-08-06T13:03:32,5.4912,5.4912,5.4912,5.4912,344.0
2025-08-06T13:03:34,5.4999,5.4999,5.495,5.495,200.0
2025-08-06T13:03:35,5.495,5.495,5.495,5.495,486.0
2025-08-06T13:03:37,5.4901,5.4901,5.4901,5.4901,200.0
2025-08-06T13:03:42,5.4988,5.4988,5.4988,5.4988,100.0
2025-08-06T13:03:46,5.4994,5.4994,5.4994,5.4994,628.0
2025-08-06T13:03:47,5.4999,5.4999,5.4999,5.4999,2001.0
2025-08-06T13:03:49,5.495,5.495,5.495,5.495,2031.0
2025-08-06T13:03:51,5.49,5.495,5.49,5.49,3497.0
2025-08-06T13:03:53,5.4912,5.4912,5.4912,5.4912,210.0
2025-08-06T13:04:01,5.49,5.4906,5.49,5.4906,621.0
2025-08-06T13:04:04,5.49,5.49,5.49,5.49,501.0
2025-08-06T13:04:06,5.4912,5.4912,5.4912,5.4912,140.0
2025-08-06T13:04:10,5.5,5.5,5.5,5.5,170.0
2025-08-06T13:04:18,5.4901,5.4901,5.4901,5.4901,115.0
2025-08-06T13:04:20,5.49,5.49,5.49,5.49,556.0
2025-08-06T13:04:22,5.4855,5.4855,5.4855,5.4855,500.0
2025-08-06T13:04:27,5.485,5.485,5.485,5.485,102.0
2025-08-06T13:04:29,5.4809,5.4809,5.4809,5.4809,2500.0
2025-08-06T13:04:33,5.4853,5.4853,5.4853,5.4853,5000.0
2025-08-06T13:04:36,5.4801,5.4801,5.4801,5.4801,300.0
2025-08-06T13:04:43,5.49,5.495,5.485,5.495,2237.0
2025-08-06T13:04:44,5.5,5.5099,5.5,5.5099,2967.0
2025-08-06T13:04:50,5.51,5.51,5.51,5.51,212.0
2025-08-06T13:04:57,5.5288,5.5288,5.5288,5.5288,180.0
2025-08-06T13:04:59,5.525,5.53,5.525,5.53,1055.0
2025-08-06T13:05:00,5.525,5.525,5.525,5.525,500.0
2025-08-06T13:05:05,5.5299,5.5299,5.5299,5.5299,1116.0
2025-08-06T13:05:10,5.52,5.52,5.52,5.52,126.0
2025-08-06T13:05:11,5.525,5.525,5.52,5.52,348.0
2025-08-06T13:05:12,5.525,5.5298,5.525,5.5298,2032.0
2025-08-06T13:05:18,5.5294,5.5294,5.5294,5.5294,151.0
2025-08-06T13:05:19,5.525,5.525,5.525,5.525,300.0
2025-08-06T13:05:24,5.5294,5.5294,5.5294,5.5294,150.0
2025-08-06T13:05:26,5.53,5.53,5.53,5.53,664.0
2025-08-06T13:05:29,5.5398,5.5398,5.5398,5.5398,1000.0
2025-08-06T13:05:31,5.5398,5.5398,5.5398,5.5398,100.0
2025-08-06T13:05:32,5.53,5.53,5.53,5.53,200.0
2025-08-06T13:05:34,5.53,5.53,5.53,5.53,171.0
2025-08-06T13:05:35,5.522,5.522,5.522,5.522,182.0
2025-08-06T13:05:51,5.525,5.525,5.525,5.525,108.0
2025-08-06T13:05:55,5.525,5.525,5.525,5.525,672.0
2025-08-06T13:06:06,5.53,5.53,5.53,5.53,223.0
2025-08-06T13:06:19,5.535,5.535,5.535,5.535,217.0
2025-08-06T13:06:20,5.53,5.53,5.53,5.53,2510.0
2025-08-06T13:06:23,5.5389,5.56,5.5389,5.56,2716.0
2025-08-06T13:06:29,5.55,5.55,5.55,5.55,102.0
2025-08-06T13:06:30,5.555,5.555,5.55,5.55,400.0
2025-08-06T13:06:35,5.555,5.555,5.555,5.555,202.0
2025-08-06T13:06:37,5.555,5.555,5.555,5.555,1971.0
2025-08-06T13:06:42,5.5509,5.5509,5.5509,5.5509,881.0
2025-08-06T13:06:43,5.555,5.555,5.55,5.55,1489.0
2025-08-06T13:06:44,5.552,5.552,5.552,5.552,660.0
2025-08-06T13:06:48,5.551,5.551,5.551,5.551,108.0
2025-08-06T13:06:52,5.5512,5.5512,5.5512,5.5512,180.0
2025-08-06T13:07:03,5.555,5.555,5.555,5.555,123.0
2025-08-06T13:07:14,5.56,5.56,5.56,5.56,428.0
2025-08-06T13:07:15,5.56,5.56,5.56,5.56,101.0
2025-08-06T13:07:19,5.565,5.565,5.565,5.565,450.0
2025-08-06T13:07:24,5.56,5.56,5.56,5.56,616.0
2025-08-06T13:07:33,5.565,5.565,5.565,5.565,1000.0
2025-08-06T13:07:34,5.56,5.56,5.56,5.56,1990.0
2025-08-06T13:07:38,5.56,5.56,5.56,5.56,677.0
2025-08-06T13:07:44,5.555,5.555,5.555,5.555,183.0
2025-08-06T13:07:45,5.55,5.55,5.55,5.55,1487.0
2025-08-06T13:07:50,5.544,5.544,5.544,5.544,1000.0
2025-08-06T13:07:51,5.542,5.545,5.542,5.545,502.0
2025-08-06T13:07:52,5.5492,5.5492,5.5492,5.5492,102.0
2025-08-06T13:07:53,5.56,5.56,5.5408,5.5408,1100.0
2025-08-06T13:07:55,5.54,5.54,5.54,5.54,252.0
2025-08-06T13:07:56,5.54,5.54,5.54,5.54,200.0
2025-08-06T13:07:57,5.5347,5.5347,5.5347,5.5347,500.0
2025-08-06T13:08:03,5.54,5.54,5.54,5.54,491.0
2025-08-06T13:08:04,5.54,5.54,5.54,5.54,306.0
2025-08-06T13:08:06,5.54,5.54,5.54,5.54,628.0
2025-08-06T13:08:07,5.545,5.545,5.5405,5.5405,4239.0
2025-08-06T13:08:09,5.5401,5.5401,5.5401,5.5401,300.0
2025-08-06T13:08:13,5.545,5.545,5.545,5.545,1012.0
2025-08-06T13:08:16,5.55,5.55,5.55,5.55,434.0
2025-08-06T13:08:31,5.555,5.555,5.555,5.555,104.0
2025-08-06T13:08:40,5.55,5.55,5.55,5.55,122.0
2025-08-06T13:08:44,5.55,5.555,5.55,5.55,1942.0
2025-08-06T13:08:46,5.54,5.54,5.54,5.54,176.0
2025-08-06T13:08:55,5.545,5.545,5.545,5.545,100.0
2025-08-06T13:09:08,5.54,5.54,5.54,5.54,100.0
2025-08-06T13:09:12,5.54,5.54,5.54,5.54,1160.0
2025-08-06T13:09:14,5.5311,5.5311,5.5311,5.5311,385.0
2025-08-06T13:09:24,5.53,5.53,5.53,5.53,1109.0
2025-08-06T13:09:36,5.5307,5.5307,5.5307,5.5307,1212.0
2025-08-06T13:09:38,5.535,5.535,5.535,5.535,103.0
2025-08-06T13:09:39,5.535,5.535,5.535,5.535,100.0
2025-08-06T13:09:40,5.535,5.545,5.535,5.545,1198.0
2025-08-06T13:09:44,5.5445,5.5445,5.5445,5.5445,700.0
2025-08-06T13:09:47,5.545,5.545,5.545,5.545,100.0
2025-08-06T13:10:02,5.545,5.545,5.5402,5.5402,1112.0
2025-08-06T13:10:04,5.55,5.57,5.55,5.57,2064.0
2025-08-06T13:10:21,5.575,5.575,5.565,5.565,1720.0
2025-08-06T13:10:26,5.57,5.575,5.57,5.575,550.0
2025-08-06T13:10:30,5.5799,5.5799,5.5799,5.5799,100.0
2025-08-06T13:10:41,5.5735,5.575,5.57,5.57,4230.0
2025-08-06T13:10:51,5.56,5.56,5.56,5.56,100.0
2025-08-06T13:10:53,5.5601,5.5601,5.56,5.56,3271.0
2025-08-06T13:10:55,5.56,5.56,5.56,5.56,202.0
2025-08-06T13:11:03,5.5593,5.5593,5.5593,5.5593,500.0
2025-08-06T13:11:06,5.56,5.56,5.555,5.555,779.0
2025-08-06T13:11:11,5.555,5.555,5.555,5.555,182.0
2025-08-06T13:11:14,5.55,5.55,5.545,5.55,1710.0
2025-08-06T13:11:15,5.545,5.545,5.545,5.545,102.0
2025-08-06T13:11:19,5.5401,5.5401,5.5401,5.5401,132.0
2025-08-06T13:11:25,5.545,5.55,5.545,5.5499,8020.0
2025-08-06T13:11:31,5.5499,5.5499,5.5499,5.5499,8387.0
2025-08-06T13:11:37,5.55,5.55,5.55,5.55,995.0
2025-08-06T13:11:42,5.5696,5.5696,5.5696,5.5696,190.0
2025-08-06T13:11:43,5.561,5.561,5.561,5.561,1001.0
2025-08-06T13:11:50,5.555,5.555,5.555,5.555,1000.0
2025-08-06T13:12:01,5.5555,5.5555,5.5555,5.5555,1000.0
2025-08-06T13:12:09,5.555,5.555,5.555,5.555,181.0
2025-08-06T13:12:10,5.56,5.56,5.56,5.56,173.0
2025-08-06T13:12:12,5.555,5.555,5.555,5.555,3127.0
2025-08-06T13:12:21,5.56,5.56,5.55,5.55,3044.0
2025-08-06T13:12:25,5.5401,5.5401,5.5401,5.5401,100.0
2025-08-06T13:12:27,5.55,5.55,5.55,5.55,238.0
2025-08-06T13:12:33,5.55,5.55,5.55,5.55,169.0
2025-08-06T13:12:35,5.5507,5.5507,5.55,5.55,1012.0
2025-08-06T13:12:43,5.54,5.54,5.54,5.54,1525.0
2025-08-06T13:12:49,5.545,5.545,5.545,5.545,130.0
2025-08-06T13:12:50,5.54,5.545,5.54,5.545,476.0
2025-08-06T13:12:55,5.5498,5.5498,5.5498,5.5498,2850.0
2025-08-06T13:13:01,5.545,5.545,5.545,5.545,170.0
2025-08-06T13:13:11,5.55,5.55,5.55,5.55,100.0
2025-08-06T13:13:15,5.55,5.565,5.545,5.565,3021.0
2025-08-06T13:13:18,5.565,5.565,5.565,5.565,100.0
2025-08-06T13:13:24,5.565,5.565,5.565,5.565,217.0
2025-08-06T13:13:26,5.565,5.565,5.565,5.565,200.0
2025-08-06T13:13:31,5.5699,5.5699,5.565,5.565,700.0
2025-08-06T13:13:38,5.5699,5.57,5.565,5.57,5969.0
2025-08-06T13:13:43,5.565,5.565,5.565,5.565,120.0
2025-08-06T13:13:44,5.565,5.565,5.565,5.565,310.0
2025-08-06T13:13:45,5.5601,5.5601,5.5601,5.5601,902.0
2025-08-06T13:13:47,5.565,5.5699,5.565,5.5699,200.0
2025-08-06T13:13:48,5.5602,5.565,5.56,5.56,2583.0
2025-08-06T13:13:49,5.56,5.56,5.56,5.56,450.0
2025-08-06T13:13:52,5.559,5.559,5.559,5.559,110.0
2025-08-06T13:14:00,5.55,5.55,5.55,5.55,142.0
2025-08-06T13:14:03,5.545,5.545,5.545,5.545,1000.0
2025-08-06T13:14:06,5.545,5.55,5.54,5.55,589.0
2025-08-06T13:14:07,5.555,5.555,5.555,5.555,202.0
2025-08-06T13:14:11,5.5599,5.5599,5.5599,5.5599,111.0
2025-08-06T13:14:13,5.5588,5.5588,5.5588,5.5588,127.0
2025-08-06T13:14:19,5.555,5.56,5.555,5.56,4969.0
2025-08-06T13:14:27,5.562,5.562,5.56,5.56,1618.0
2025-08-06T13:14:32,5.55,5.55,5.55,5.55,1460.0
2025-08-06T13:14:35,5.54,5.54,5.54,5.54,350.0
2025-08-06T13:14:39,5.5492,5.5492,5.5492,5.5492,1000.0
2025-08-06T13:14:43,5.55,5.55,5.55,5.55,100.0
2025-08-06T13:14:49,5.545,5.545,5.545,5.545,1030.0
2025-08-06T13:15:05,5.545,5.545,5.545,5.545,100.0
2025-08-06T13:15:06,5.5445,5.5445,5.5445,5.5445,202.0
2025-08-06T13:15:12,5.55,5.55,5.55,5.55,383.0
2025-08-06T13:15:20,5.55,5.55,5.55,5.55,310.0
2025-08-06T13:15:23,5.555,5.555,5.555,5.555,671.0
2025-08-06T13:15:27,5.555,5.555,5.555,5.555,200.0
2025-08-06T13:15:30,5.5512,5.5512,5.5512,5.5512,326.0
2025-08-06T13:15:33,5.555,5.555,5.555,5.555,139.0
2025-08-06T13:15:41,5.5588,5.5588,5.5588,5.5588,193.0
2025-08-06T13:15:59,5.56,5.56,5.555,5.56,1581.0
2025-08-06T13:16:08,5.5507,5.5507,5.5507,5.5507,1984.0
2025-08-06T13:16:11,5.56,5.56,5.5502,5.5555,2121.0
2025-08-06T13:16:23,5.551,5.56,5.551,5.56,3282.0
2025-08-06T13:16:24,5.561,5.561,5.561,5.561,1025.0
2025-08-06T13:16:42,5.57,5.5781,5.57,5.5781,366.0
2025-08-06T13:16:43,5.57,5.575,5.57,5.57,300.0
2025-08-06T13:16:48,5.57,5.57,5.57,5.57,235.0
2025-08-06T13:16:51,5.58,5.58,5.58,5.58,600.0
2025-08-06T13:16:54,5.58,5.58,5.58,5.58,729.0
2025-08-06T13:16:59,5.585,5.585,5.585,5.585,300.0
2025-08-06T13:17:00,5.585,5.585,5.58,5.58,522.0
2025-08-06T13:17:01,5.59,5.595,5.59,5.59,7419.0
2025-08-06T13:17:02,5.585,5.59,5.585,5.59,2702.0
2025-08-06T13:17:07,5.5888,5.5888,5.5888,5.5888,461.0
2025-08-06T13:17:13,5.5888,5.5888,5.5888,5.5888,524.0
2025-08-06T13:17:16,5.59,5.59,5.5885,5.5885,6652.0
2025-08-06T13:17:19,5.5995,5.5995,5.5912,5.5912,230.0
2025-08-06T13:17:20,5.6,5.6,5.6,5.6,2240.0
2025-08-06T13:17:23,5.5945,5.5945,5.5945,5.5945,1001.0
2025-08-06T13:17:26,5.595,5.619,5.595,5.611,23020.0
2025-08-06T13:17:27,5.61,5.62,5.61,5.6199,4050.0
2025-08-06T13:17:28,5.615,5.615,5.615,5.615,303.0
2025-08-06T13:17:29,5.61,5.61,5.61,5.61,828.0
2025-08-06T13:17:30,5.605,5.6099,5.6,5.6,2141.0
2025-08-06T13:17:31,5.595,5.599,5.595,5.599,302.0
2025-08-06T13:17:32,5.59,5.59,5.59,5.59,227.0
2025-08-06T13:17:39,5.595,5.595,5.595,5.595,100.0
2025-08-06T13:17:43,5.5999,5.6,5.5999,5.6,502.0
2025-08-06T13:17:44,5.5997,5.5997,5.5997,5.5997,101.0
2025-08-06T13:17:46,5.6,5.6,5.6,5.6,398.0
2025-08-06T13:17:52,5.605,5.6098,5.605,5.6098,407.0
2025-08-06T13:17:54,5.6,5.6,5.6,5.6,868.0
2025-08-06T13:17:55,5.605,5.605,5.605,5.605,147.0
2025-08-06T13:18:03,5.605,5.605,5.605,5.605,100.0
2025-08-06T13:18:04,5.605,5.61,5.605,5.61,1903.0
2025-08-06T13:18:05,5.61,5.62,5.61,5.615,2766.0
2025-08-06T13:18:09,5.6101,5.6101,5.6101,5.6101,100.0
2025-08-06T13:18:10,5.615,5.615,5.615,5.615,104.0
2025-08-06T13:18:11,5.6155,5.628,5.615,5.6208,10057.0
2025-08-06T13:18:12,5.6255,5.6255,5.62,5.625,5616.0
2025-08-06T13:18:13,5.62,5.62,5.62,5.62,235.0
2025-08-06T13:18:14,5.62,5.6289,5.61,5.6289,1914.0
2025-08-06T13:18:15,5.6291,5.6291,5.625,5.625,304.0
2025-08-06T13:18:17,5.6288,5.6288,5.6288,5.6288,126.0
2025-08-06T13:18:18,5.6208,5.625,5.61,5.61,2165.0
2025-08-06T13:18:22,5.61,5.61,5.61,5.61,237.0
2025-08-06T13:18:24,5.62,5.62,5.62,5.62,1249.0
2025-08-06T13:18:25,5.615,5.615,5.615,5.615,100.0
2025-08-06T13:18:27,5.6188,5.6188,5.6188,5.6188,389.0
2025-08-06T13:18:32,5.6177,5.63,5.6177,5.63,1390.0
2025-08-06T13:18:33,5.6293,5.6293,5.6293,5.6293,1834.0
2025-08-06T13:18:34,5.63,5.64,5.63,5.63,4969.0
2025-08-06T13:18:35,5.62,5.62,5.62,5.62,4081.0
2025-08-06T13:18:36,5.62,5.63,5.62,5.6263,1409.0
2025-08-06T13:18:37,5.635,5.635,5.63,5.63,1233.0
2025-08-06T13:18:38,5.635,5.635,5.635,5.635,1060.0
2025-08-06T13:18:43,5.6399,5.6399,5.6399,5.6399,102.0
2025-08-06T13:18:48,5.6399,5.6399,5.615,5.615,9798.0
2025-08-06T13:18:49,5.6198,5.6198,5.6198,5.6198,131.0
2025-08-06T13:18:55,5.6102,5.6102,5.6102,5.6102,100.0
2025-08-06T13:19:05,5.63,5.63,5.63,5.63,125.0
2025-08-06T13:19:06,5.625,5.6293,5.625,5.6293,1690.0
2025-08-06T13:19:07,5.6201,5.6201,5.6201,5.6201,124.0
2025-08-06T13:19:08,5.6299,5.6299,5.6247,5.6247,5322.0
2025-08-06T13:19:11,5.625,5.6399,5.625,5.6399,5106.0
2025-08-06T13:19:13,5.63,5.63,5.63,5.63,3182.0
2025-08-06T13:19:14,5.64,5.64,5.64,5.64,404.0
2025-08-06T13:19:15,5.64,5.645,5.64,5.645,300.0
2025-08-06T13:19:16,5.645,5.65,5.645,5.649,1265.0
2025-08-06T13:19:17,5.65,5.6503,5.645,5.6503,3090.0
2025-08-06T13:19:18,5.6547,5.6599,5.6547,5.6599,3865.0
2025-08-06T13:19:19,5.6508,5.6508,5.6508,5.6508,805.0
2025-08-06T13:19:25,5.655,5.655,5.65,5.65,10915.0
2025-08-06T13:19:28,5.6497,5.6497,5.6497,5.6497,1472.0
2025-08-06T13:19:29,5.645,5.65,5.645,5.65,227.0
2025-08-06T13:19:30,5.645,5.66,5.645,5.65,8284.0
2025-08-06T13:19:31,5.655,5.6598,5.655,5.6598,212.0
2025-08-06T13:19:32,5.6503,5.6503,5.65,5.65,688.0
2025-08-06T13:19:33,5.655,5.6597,5.655,5.6597,238.0
2025-08-06T13:19:34,5.6599,5.6599,5.6599,5.6599,4053.0
2025-08-06T13:19:35,5.6599,5.6599,5.6599,5.6599,205.0
2025-08-06T13:19:37,5.651,5.651,5.6508,5.6508,1625.0
2025-08-06T13:19:39,5.6508,5.6508,5.6508,5.6508,800.0
2025-08-06T13:19:42,5.65,5.65,5.65,5.65,100.0
2025-08-06T13:19:43,5.6592,5.6592,5.6592,5.6592,867.0
2025-08-06T13:19:44,5.6509,5.659,5.6509,5.659,1240.0
2025-08-06T13:19:45,5.655,5.6598,5.655,5.6598,5169.0
2025-08-06T13:19:46,5.6555,5.6555,5.655,5.655,580.0
2025-08-06T13:19:47,5.655,5.655,5.655,5.655,1476.0
2025-08-06T13:19:48,5.65,5.655,5.65,5.655,459.0
2025-08-06T13:19:51,5.655,5.655,5.655,5.655,755.0
2025-08-06T13:19:52,5.655,5.655,5.6488,5.6488,7422.0
2025-08-06T13:19:54,5.65,5.65,5.6408,5.6408,600.0
2025-08-06T13:19:58,5.65,5.65,5.65,5.65,1752.0
2025-08-06T13:19:59,5.6455,5.65,5.6435,5.645,5550.0
2025-08-06T13:20:00,5.645,5.645,5.627,5.627,2206.0
2025-08-06T13:20:05,5.6207,5.6245,5.62,5.6245,633.0
2025-08-06T13:20:07,5.62,5.631,5.62,5.631,3186.0
2025-08-06T13:20:10,5.63,5.63,5.63,5.63,184.0
2025-08-06T13:20:14,5.63,5.63,5.63,5.63,100.0
2025-08-06T13:20:16,5.6308,5.6308,5.6308,5.6308,406.0
2025-08-06T13:20:19,5.6309,5.6309,5.6309,5.6309,296.0
2025-08-06T13:20:20,5.63,5.635,5.63,5.635,6991.0
2025-08-06T13:20:24,5.625,5.625,5.61,5.6199,6533.0
2025-08-06T13:20:25,5.6199,5.6199,5.6199,5.6199,224.0
2025-08-06T13:20:28,5.62,5.62,5.62,5.62,2003.0
2025-08-06T13:20:29,5.62,5.62,5.62,5.62,374.0
2025-08-06T13:20:30,5.625,5.625,5.625,5.625,2000.0
2025-08-06T13:20:32,5.6206,5.6206,5.6206,5.6206,200.0
2025-08-06T13:20:36,5.62,5.62,5.62,5.62,104.0
2025-08-06T13:20:38,5.61,5.61,5.61,5.61,102.0
2025-08-06T13:20:40,5.615,5.615,5.615,5.615,1059.0
2025-08-06T13:20:42,5.615,5.615,5.615,5.615,249.0
2025-08-06T13:20:43,5.615,5.615,5.61,5.61,232.0
2025-08-06T13:20:44,5.61,5.615,5.61,5.615,1100.0
2025-08-06T13:20:45,5.61,5.61,5.6,5.6,5641.0
2025-08-06T13:20:48,5.6,5.6,5.595,5.595,4796.0
2025-08-06T13:20:49,5.5902,5.5902,5.5902,5.5902,530.0
2025-08-06T13:20:50,5.59,5.5936,5.57,5.57,16486.0
2025-08-06T13:20:54,5.58,5.58,5.58,5.58,126.0
2025-08-06T13:20:55,5.5703,5.5703,5.5655,5.5655,2541.0
2025-08-06T13:20:57,5.565,5.565,5.565,5.565,105.0
2025-08-06T13:20:58,5.565,5.58,5.56,5.57,12833.0
2025-08-06T13:20:59,5.59,5.5912,5.59,5.5912,457.0
2025-08-06T13:21:02,5.5998,5.6,5.5998,5.6,740.0
2025-08-06T13:21:03,5.595,5.6,5.595,5.6,5474.0
2025-08-06T13:21:04,5.595,5.595,5.58,5.58,1788.0
2025-08-06T13:21:05,5.5791,5.58,5.5791,5.5799,847.0
2025-08-06T13:21:06,5.575,5.575,5.575,5.575,100.0
2025-08-06T13:21:08,5.57,5.57,5.57,5.57,1000.0
2025-08-06T13:21:09,5.57,5.575,5.57,5.57,759.0
2025-08-06T13:21:10,5.56,5.56,5.56,5.56,300.0
2025-08-06T13:21:11,5.562,5.562,5.562,5.562,307.0
2025-08-06T13:21:13,5.565,5.565,5.565,5.565,300.0
2025-08-06T13:21:17,5.57,5.57,5.57,5.57,556.0
2025-08-06T13:21:19,5.57,5.57,5.57,5.57,892.0
2025-08-06T13:21:21,5.565,5.565,5.565,5.565,1800.0
2025-08-06T13:21:26,5.5646,5.5646,5.5646,5.5646,107.0
2025-08-06T13:21:29,5.5697,5.5697,5.5697,5.5697,3124.0
2025-08-06T13:21:32,5.5601,5.5601,5.5601,5.5601,100.0
2025-08-06T13:21:35,5.5601,5.58,5.5601,5.58,3498.0
2025-08-06T13:21:37,5.59,5.5998,5.59,5.5998,4563.0
2025-08-06T13:21:41,5.59,5.59,5.585,5.585,2959.0
2025-08-06T13:21:42,5.589,5.589,5.589,5.589,100.0
2025-08-06T13:21:52,5.59,5.59,5.589,5.589,761.0
2025-08-06T13:21:53,5.5945,5.5945,5.5945,5.5945,300.0
2025-08-06T13:21:58,5.5901,5.5998,5.5901,5.5998,479.0
2025-08-06T13:22:05,5.5988,5.5988,5.5912,5.5912,386.0
2025-08-06T13:22:10,5.5912,5.5912,5.5912,5.5912,226.0
2025-08-06T13:22:16,5.595,5.6,5.595,5.6,3561.0
2025-08-06T13:22:21,5.5991,5.5991,5.5991,5.5991,100.0
2025-08-06T13:22:25,5.5946,5.5946,5.5946,5.5946,571.0
2025-08-06T13:22:27,5.591,5.591,5.591,5.591,100.0
2025-08-06T13:22:31,5.5912,5.5912,5.5912,5.5912,157.0
2025-08-06T13:22:32,5.59,5.59,5.5601,5.565,6173.0
2025-08-06T13:22:34,5.565,5.565,5.56,5.56,1090.0
2025-08-06T13:22:40,5.565,5.565,5.565,5.565,315.0
2025-08-06T13:22:50,5.565,5.565,5.5601,5.5601,2291.0
2025-08-06T13:22:51,5.565,5.565,5.565,5.565,730.0
2025-08-06T13:22:52,5.5699,5.5699,5.5699,5.5699,1000.0
2025-08-06T13:23:07,5.565,5.565,5.565,5.565,100.0
2025-08-06T13:23:08,5.565,5.57,5.565,5.57,1821.0
2025-08-06T13:23:13,5.57,5.57,5.57,5.57,300.0
2025-08-06T13:23:16,5.57,5.57,5.55,5.56,5850.0
2025-08-06T13:23:17,5.5588,5.5588,5.55,5.55,738.0
2025-08-06T13:23:18,5.5591,5.5591,5.5591,5.5591,120.0
2025-08-06T13:23:20,5.56,5.56,5.56,5.56,676.0
2025-08-06T13:23:22,5.555,5.555,5.555,5.555,100.0
2025-08-06T13:23:25,5.56,5.56,5.56,5.56,621.0
2025-08-06T13:23:34,5.56,5.56,5.56,5.56,507.0
2025-08-06T13:23:37,5.57,5.575,5.57,5.57,5140.0
2025-08-06T13:23:38,5.565,5.565,5.565,5.565,137.0
2025-08-06T13:24:02,5.57,5.57,5.565,5.565,1656.0
2025-08-06T13:24:09,5.57,5.57,5.57,5.57,342.0
2025-08-06T13:24:12,5.565,5.565,5.565,5.565,198.0
2025-08-06T13:24:22,5.565,5.565,5.565,5.565,102.0
2025-08-06T13:24:39,5.569,5.569,5.569,5.569,100.0
2025-08-06T13:25:00,5.565,5.565,5.53,5.54,14976.0
2025-08-06T13:25:01,5.535,5.535,5.535,5.535,268.0
2025-08-06T13:25:08,5.5302,5.5356,5.5302,5.5356,1100.0
2025-08-06T13:25:10,5.5354,5.5354,5.5354,5.5354,505.0
2025-08-06T13:25:11,5.535,5.535,5.535,5.535,500.0
2025-08-06T13:25:14,5.54,5.54,5.54,5.54,1600.0
2025-08-06T13:25:16,5.5401,5.5401,5.5401,5.5401,180.0
2025-08-06T13:25:18,5.55,5.55,5.55,5.55,247.0
2025-08-06T13:25:20,5.5593,5.5593,5.5593,5.5593,1005.0
2025-08-06T13:25:22,5.555,5.555,5.555,5.555,114.0
2025-08-06T13:25:24,5.555,5.555,5.55,5.55,547.0
2025-08-06T13:25:26,5.545,5.55,5.545,5.55,328.0
2025-08-06T13:25:27,5.5412,5.5412,5.5412,5.5412,100.0
2025-08-06T13:25:28,5.5492,5.5492,5.5492,5.5492,109.0
2025-08-06T13:25:29,5.545,5.545,5.545,5.545,305.0
2025-08-06T13:25:30,5.545,5.545,5.5407,5.5407,5023.0
2025-08-06T13:25:33,5.545,5.545,5.545,5.545,200.0
2025-08-06T13:25:34,5.545,5.545,5.535,5.535,6449.0
2025-08-06T13:25:39,5.535,5.535,5.535,5.535,105.0
2025-08-06T13:25:40,5.535,5.535,5.535,5.535,212.0
2025-08-06T13:25:41,5.535,5.535,5.535,5.535,200.0
2025-08-06T13:25:42,5.535,5.535,5.535,5.535,100.0
2025-08-06T13:25:44,5.5392,5.54,5.5392,5.54,1238.0
2025-08-06T13:25:47,5.535,5.56,5.53,5.56,8266.0
2025-08-06T13:25:48,5.56,5.56,5.56,5.56,225.0
2025-08-06T13:25:57,5.565,5.565,5.565,5.565,600.0
2025-08-06T13:25:59,5.57,5.57,5.57,5.57,200.0
2025-08-06T13:26:02,5.565,5.565,5.565,5.565,434.0
2025-08-06T13:26:10,5.56,5.56,5.56,5.56,501.0
2025-08-06T13:26:11,5.57,5.57,5.57,5.57,110.0
2025-08-06T13:26:12,5.5612,5.5612,5.5612,5.5612,126.0
2025-08-06T13:26:14,5.56,5.565,5.56,5.565,700.0
2025-08-06T13:26:23,5.5693,5.5693,5.5693,5.5693,1042.0
2025-08-06T13:26:29,5.5601,5.5601,5.5601,5.5601,600.0
2025-08-06T13:27:04,5.565,5.565,5.56,5.56,2072.0
2025-08-06T13:27:19,5.56,5.56,5.56,5.56,270.0
2025-08-06T13:27:20,5.56,5.57,5.56,5.57,7763.0
2025-08-06T13:27:24,5.5658,5.5658,5.5658,5.5658,520.0
2025-08-06T13:27:36,5.5645,5.5645,5.5645,5.5645,620.0
2025-08-06T13:27:44,5.565,5.57,5.5602,5.57,2119.0
2025-08-06T13:27:45,5.5799,5.5799,5.5799,5.5799,101.0
2025-08-06T13:27:47,5.58,5.58,5.5799,5.5799,4310.0
2025-08-06T13:27:50,5.58,5.6199,5.565,5.565,15026.0
2025-08-06T13:27:55,5.56,5.56,5.56,5.56,338.0
2025-08-06T13:27:56,5.565,5.57,5.565,5.57,200.0
2025-08-06T13:27:57,5.565,5.565,5.565,5.565,5010.0
2025-08-06T13:28:02,5.565,5.57,5.565,5.57,1957.0
2025-08-06T13:28:05,5.5742,5.5742,5.5742,5.5742,2800.0
2025-08-06T13:28:09,5.5799,5.5799,5.5799,5.5799,148.0
2025-08-06T13:28:12,5.5701,5.575,5.57,5.57,2493.0
2025-08-06T13:28:13,5.5699,5.5699,5.5693,5.5693,528.0
2025-08-06T13:28:14,5.57,5.57,5.57,5.57,296.0
2025-08-06T13:28:16,5.57,5.57,5.5601,5.5601,200.0
2025-08-06T13:28:22,5.58,5.58,5.58,5.58,315.0
2025-08-06T13:28:23,5.5845,5.5845,5.5811,5.5811,1740.0
2025-08-06T13:28:25,5.58,5.58,5.57,5.57,1794.0
2025-08-06T13:28:26,5.565,5.5698,5.565,5.5698,300.0
2025-08-06T13:28:30,5.57,5.57,5.57,5.57,437.0
2025-08-06T13:28:32,5.57,5.57,5.57,5.57,205.0
2025-08-06T13:28:43,5.575,5.575,5.575,5.575,107.0
2025-08-06T13:28:44,5.5794,5.585,5.5794,5.585,2613.0
2025-08-06T13:28:47,5.5708,5.5708,5.5708,5.5708,500.0
2025-08-06T13:28:48,5.575,5.575,5.575,5.575,101.0
2025-08-06T13:28:53,5.57,5.57,5.57,5.57,2258.0
2025-08-06T13:29:17,5.565,5.565,5.565,5.565,100.0
2025-08-06T13:29:21,5.57,5.57,5.565,5.565,822.0
2025-08-06T13:29:26,5.565,5.5653,5.565,5.5653,10300.0
2025-08-06T13:29:32,5.565,5.565,5.565,5.565,557.0
2025-08-06T13:29:43,5.565,5.57,5.565,5.57,1314.0
2025-08-06T13:29:50,5.579,5.579,5.579,5.579,501.0
2025-08-06T13:29:56,5.58,5.58,5.58,5.58,200.0
2025-08-06T13:30:02,5.5716,5.5716,5.5716,5.5716,1163.0
2025-08-06T13:30:05,5.58,5.58,5.58,5.58,226.0
2025-08-06T13:30:18,5.57,5.57,5.57,5.57,1648.0
2025-08-06T13:30:23,5.5699,5.5699,5.5699,5.5699,127.0
2025-08-06T13:30:31,5.56,5.56,5.56,5.56,120.0
2025-08-06T13:30:40,5.5607,5.5607,5.5607,5.5607,1500.0
2025-08-06T13:30:41,5.56,5.56,5.5509,5.5509,1429.0
2025-08-06T13:30:43,5.555,5.555,5.555,5.555,200.0
2025-08-06T13:30:45,5.55,5.55,5.55,5.55,950.0
2025-08-06T13:30:46,5.5454,5.5454,5.5454,5.5454,1011.0
2025-08-06T13:30:48,5.54,5.54,5.54,5.54,100.0
2025-08-06T13:30:50,5.54,5.54,5.535,5.535,6464.0
2025-08-06T13:30:52,5.53,5.5301,5.4901,5.515,26924.0
2025-08-06T13:30:53,5.5112,5.53,5.5112,5.52,7589.0
2025-08-06T13:30:57,5.53,5.53,5.525,5.53,1101.0
2025-08-06T13:31:00,5.5283,5.5283,5.5283,5.5283,100.0
2025-08-06T13:31:01,5.53,5.53,5.53,5.53,347.0
2025-08-06T13:31:04,5.5201,5.5201,5.5201,5.5201,101.0
2025-08-06T13:31:05,5.525,5.53,5.525,5.53,1018.0
2025-08-06T13:31:08,5.5311,5.5311,5.5311,5.5311,152.0
2025-08-06T13:31:12,5.53,5.53,5.53,5.53,1000.0
2025-08-06T13:31:13,5.5306,5.5306,5.5306,5.5306,210.0
2025-08-06T13:31:16,5.5391,5.5391,5.5391,5.5391,100.0
2025-08-06T13:31:25,5.535,5.535,5.535,5.535,513.0
2025-08-06T13:31:29,5.5312,5.5312,5.5312,5.5312,328.0
2025-08-06T13:31:36,5.54,5.54,5.54,5.54,627.0
2025-08-06T13:31:38,5.5403,5.5403,5.5403,5.5403,1764.0
2025-08-06T13:31:40,5.5445,5.5445,5.5445,5.5445,271.0
2025-08-06T13:31:47,5.5446,5.5446,5.5446,5.5446,100.0
2025-08-06T13:31:51,5.5499,5.5499,5.5499,5.5499,246.0
2025-08-06T13:31:58,5.55,5.55,5.5439,5.5439,1118.0
2025-08-06T13:32:01,5.545,5.545,5.54,5.54,4094.0
2025-08-06T13:32:11,5.54,5.54,5.54,5.54,469.0
2025-08-06T13:32:18,5.55,5.55,5.55,5.55,100.0
2025-08-06T13:32:32,5.545,5.545,5.545,5.545,202.0
2025-08-06T13:33:07,5.5411,5.5411,5.5411,5.5411,118.0
2025-08-06T13:33:21,5.549,5.549,5.549,5.549,100.0
2025-08-06T13:33:26,5.542,5.542,5.54,5.54,6250.0
2025-08-06T13:33:32,5.535,5.535,5.535,5.535,177.0
2025-08-06T13:33:37,5.532,5.535,5.525,5.525,3812.0
2025-08-06T13:33:40,5.5293,5.5293,5.5293,5.5293,2068.0
2025-08-06T13:33:43,5.53,5.5308,5.525,5.5308,687.0
2025-08-06T13:33:48,5.535,5.535,5.535,5.535,100.0
2025-08-06T13:33:58,5.54,5.54,5.54,5.54,1101.0
2025-08-06T13:34:07,5.54,5.56,5.54,5.56,4366.0
2025-08-06T13:34:08,5.56,5.6,5.56,5.6,13897.0
2025-08-06T13:34:10,5.59,5.595,5.59,5.595,300.0
2025-08-06T13:34:13,5.595,5.595,5.595,5.595,102.0
2025-08-06T13:34:14,5.59,5.6,5.59,5.6,204.0
2025-08-06T13:34:19,5.5945,5.595,5.5945,5.595,1052.0
2025-08-06T13:34:21,5.6,5.61,5.6,5.61,3035.0
2025-08-06T13:34:22,5.615,5.615,5.615,5.615,503.0
2025-08-06T13:34:23,5.6112,5.6112,5.6112,5.6112,188.0
2025-08-06T13:34:26,5.61,5.61,5.61,5.61,100.0
2025-08-06T13:34:28,5.615,5.615,5.615,5.615,420.0
2025-08-06T13:34:29,5.615,5.615,5.615,5.615,101.0
2025-08-06T13:34:32,5.615,5.615,5.6101,5.6101,2028.0
2025-08-06T13:34:33,5.615,5.615,5.615,5.615,500.0
2025-08-06T13:34:35,5.615,5.615,5.615,5.615,2033.0
2025-08-06T13:34:36,5.61313,5.615,5.61313,5.615,1630.0
2025-08-06T13:34:37,5.61,5.615,5.61,5.61,6061.0
2025-08-06T13:34:39,5.62,5.62,5.61,5.61,1740.0
2025-08-06T13:34:43,5.615,5.615,5.615,5.615,800.0
2025-08-06T13:34:44,5.615,5.615,5.61,5.615,3387.0
2025-08-06T13:34:45,5.615,5.64,5.615,5.63,6577.0
2025-08-06T13:34:47,5.64,5.64,5.64,5.64,1291.0
2025-08-06T13:34:53,5.6499,5.6499,5.6499,5.6499,500.0
2025-08-06T13:34:55,5.6401,5.6401,5.6401,5.6401,100.0
2025-08-06T13:34:57,5.64,5.6409,5.64,5.6409,461.0
2025-08-06T13:34:58,5.64,5.6455,5.64,5.6455,500.0
2025-08-06T13:35:01,5.645,5.66,5.645,5.655,3025.0
2025-08-06T13:35:02,5.66,5.665,5.6599,5.661,6988.0
2025-08-06T13:35:03,5.67,5.68,5.67,5.68,17588.0
2025-08-06T13:35:04,5.6793,5.6793,5.6793,5.6793,594.0
2025-08-06T13:35:05,5.675,5.685,5.675,5.68,3955.0
2025-08-06T13:35:06,5.679,5.679,5.679,5.679,224.0
2025-08-06T13:35:07,5.675,5.6799,5.675,5.675,364.0
2025-08-06T13:35:08,5.67,5.67,5.67,5.67,653.0
2025-08-06T13:35:09,5.675,5.68,5.67,5.67,1691.0
2025-08-06T13:35:10,5.67,5.67,5.67,5.67,407.0
2025-08-06T13:35:11,5.6699,5.6699,5.6699,5.6699,181.0
2025-08-06T13:35:13,5.6692,5.6692,5.6692,5.6692,1023.0
2025-08-06T13:35:14,5.66,5.66,5.66,5.66,314.0
2025-08-06T13:35:15,5.665,5.665,5.665,5.665,345.0
2025-08-06T13:35:17,5.66,5.6646,5.66,5.6646,5166.0
2025-08-06T13:35:19,5.6601,5.669,5.6601,5.665,5423.0
2025-08-06T13:35:20,5.665,5.665,5.665,5.665,439.0
2025-08-06T13:35:21,5.6689,5.6689,5.6689,5.6689,263.0
2025-08-06T13:35:22,5.665,5.665,5.6,5.605,32058.0
2025-08-06T13:35:23,5.62,5.62,5.615,5.615,1779.0
2025-08-06T13:35:24,5.615,5.615,5.615,5.615,5330.0
2025-08-06T13:35:25,5.6199,5.6199,5.61,5.61,434.0
2025-08-06T13:35:26,5.61,5.61,5.61,5.61,200.0
2025-08-06T13:35:27,5.615,5.6192,5.615,5.6192,1111.0
2025-08-06T13:35:28,5.6101,5.615,5.6101,5.615,321.0
2025-08-06T13:35:29,5.615,5.615,5.615,5.615,318.0
2025-08-06T13:35:30,5.61,5.61,5.61,5.61,386.0
2025-08-06T13:35:31,5.605,5.605,5.605,5.605,302.0
2025-08-06T13:35:32,5.605,5.6088,5.6,5.605,651.0
2025-08-06T13:35:35,5.6001,5.6001,5.6001,5.6001,183.0
2025-08-06T13:35:36,5.6045,5.6045,5.6045,5.6045,300.0
2025-08-06T13:35:39,5.605,5.61,5.605,5.61,1671.0
2025-08-06T13:35:40,5.6191,5.6191,5.6191,5.6191,289.0
2025-08-06T13:35:44,5.6145,5.6145,5.61,5.61,435.0
2025-08-06T13:35:45,5.6106,5.6106,5.6106,5.6106,1022.0
2025-08-06T13:35:46,5.615,5.615,5.615,5.615,100.0
2025-08-06T13:35:48,5.6188,5.6188,5.61,5.615,1360.0
2025-08-06T13:35:49,5.62,5.62,5.61,5.61,7709.0
2025-08-06T13:35:53,5.62,5.63,5.619,5.63,10959.0
2025-08-06T13:35:55,5.63,5.63,5.63,5.63,503.0
2025-08-06T13:35:56,5.6246,5.63,5.6246,5.63,3400.0
2025-08-06T13:35:58,5.6202,5.6202,5.6202,5.6202,105.0
2025-08-06T13:35:59,5.6245,5.6245,5.6245,5.6245,100.0
2025-08-06T13:36:01,5.629,5.629,5.628,5.628,1355.0
2025-08-06T13:36:02,5.6292,5.6292,5.6292,5.6292,300.0
2025-08-06T13:36:10,5.62,5.62,5.62,5.62,4000.0
2025-08-06T13:36:16,5.625,5.625,5.625,5.625,200.0
2025-08-06T13:36:17,5.625,5.625,5.625,5.625,966.0
2025-08-06T13:36:19,5.625,5.625,5.59,5.59,7752.0
2025-08-06T13:36:22,5.5778,5.5778,5.5778,5.5778,163.0
2025-08-06T13:36:27,5.58,5.59,5.58,5.59,3707.0
2025-08-06T13:36:30,5.595,5.595,5.595,5.595,100.0
2025-08-06T13:36:32,5.595,5.595,5.595,5.595,664.0
2025-08-06T13:36:36,5.6,5.6,5.6,5.6,101.0
2025-08-06T13:36:44,5.6,5.6,5.6,5.6,126.0
2025-08-06T13:36:52,5.595,5.595,5.595,5.595,1522.0
2025-08-06T13:36:54,5.5945,5.5945,5.5945,5.5945,100.0
2025-08-06T13:37:01,5.595,5.595,5.595,5.595,374.0
2025-08-06T13:37:03,5.6,5.6,5.595,5.595,1033.0
2025-08-06T13:37:07,5.595,5.595,5.595,5.595,416.0
2025-08-06T13:37:09,5.5988,5.5988,5.5988,5.5988,169.0
2025-08-06T13:37:12,5.59,5.595,5.585,5.59,8272.0
2025-08-06T13:37:13,5.5999,5.5999,5.5905,5.595,700.0
2025-08-06T13:37:14,5.59,5.59,5.59,5.59,150.0
2025-08-06T13:37:15,5.5988,5.5988,5.5988,5.5988,136.0
2025-08-06T13:37:20,5.595,5.595,5.595,5.595,894.0
2025-08-06T13:37:26,5.595,5.6,5.595,5.6,903.0
2025-08-06T13:37:31,5.595,5.595,5.595,5.595,300.0
2025-08-06T13:37:37,5.595,5.595,5.595,5.595,249.0
2025-08-06T13:37:41,5.595,5.595,5.585,5.585,2748.0
2025-08-06T13:37:43,5.59,5.59,5.58,5.58,9191.0
2025-08-06T13:37:45,5.585,5.59,5.58,5.58,5928.0
2025-08-06T13:37:55,5.575,5.575,5.575,5.575,130.0
2025-08-06T13:38:04,5.585,5.59,5.5807,5.5807,1800.0
2025-08-06T13:38:05,5.585,5.59,5.585,5.585,939.0
2025-08-06T13:38:06,5.585,5.585,5.585,5.585,107.0
2025-08-06T13:38:09,5.5801,5.5801,5.5801,5.5801,400.0
2025-08-06T13:38:14,5.59,5.59,5.5812,5.5812,444.0
2025-08-06T13:38:18,5.58,5.58,5.58,5.58,500.0
2025-08-06T13:38:22,5.585,5.585,5.5802,5.5802,400.0
2025-08-06T13:38:30,5.585,5.585,5.585,5.585,630.0
2025-08-06T13:38:33,5.5998,5.5998,5.5998,5.5998,450.0
2025-08-06T13:39:01,5.595,5.595,5.595,5.595,100.0
2025-08-06T13:39:13,5.595,5.595,5.595,5.595,357.0
2025-08-06T13:39:14,5.6,5.6,5.6,5.6,100.0
2025-08-06T13:39:20,5.5945,5.595,5.5945,5.595,4136.0
2025-08-06T13:39:21,5.5912,5.5912,5.5912,5.5912,171.0
2025-08-06T13:39:27,5.595,5.595,5.595,5.595,153.0
2025-08-06T13:39:28,5.599,5.599,5.599,5.599,117.0
2025-08-06T13:39:31,5.6,5.6,5.6,5.6,140.0
2025-08-06T13:39:36,5.595,5.595,5.595,5.595,100.0
2025-08-06T13:39:50,5.595,5.595,5.595,5.595,249.0
2025-08-06T13:39:58,5.5945,5.6,5.5945,5.6,2142.0
2025-08-06T13:40:02,5.595,5.595,5.595,5.595,125.0
2025-08-06T13:40:07,5.5907,5.5907,5.5907,5.5907,2000.0
2025-08-06T13:40:19,5.59,5.595,5.57,5.57,1811.0
2025-08-06T13:40:20,5.565,5.565,5.565,5.565,520.0
2025-08-06T13:40:32,5.565,5.5692,5.5612,5.565,1119.0
2025-08-06T13:40:35,5.56,5.56,5.56,5.56,1121.0
2025-08-06T13:40:49,5.565,5.565,5.565,5.565,200.0
2025-08-06T13:40:52,5.565,5.565,5.565,5.565,100.0
2025-08-06T13:41:01,5.57,5.575,5.57,5.575,2543.0
2025-08-06T13:41:02,5.575,5.575,5.575,5.575,500.0
2025-08-06T13:41:03,5.58,5.58,5.58,5.58,751.0
2025-08-06T13:41:05,5.5806,5.5806,5.5806,5.5806,100.0
2025-08-06T13:41:08,5.585,5.585,5.585,5.585,200.0
2025-08-06T13:41:09,5.5899,5.5899,5.5899,5.5899,290.0
2025-08-06T13:41:21,5.5888,5.5888,5.585,5.585,637.0
2025-08-06T13:41:22,5.585,5.59,5.585,5.59,1774.0
2025-08-06T13:41:24,5.5912,5.5912,5.5912,5.5912,160.0
2025-08-06T13:41:28,5.595,5.595,5.595,5.595,200.0
2025-08-06T13:41:30,5.595,5.595,5.595,5.595,100.0
2025-08-06T13:41:33,5.595,5.595,5.58,5.58,2704.0
2025-08-06T13:41:34,5.59,5.59,5.59,5.59,550.0
2025-08-06T13:41:35,5.59,5.59,5.59,5.59,404.0
2025-08-06T13:41:38,5.5892,5.5892,5.5892,5.5892,100.0
2025-08-06T13:41:58,5.5899,5.5899,5.58,5.58,1811.0
2025-08-06T13:42:12,5.5801,5.5801,5.5801,5.5801,107.0
2025-08-06T13:42:21,5.585,5.585,5.585,5.585,710.0
2025-08-06T13:42:49,5.595,5.595,5.595,5.595,250.0
2025-08-06T13:42:53,5.595,5.595,5.595,5.595,200.0
2025-08-06T13:42:57,5.6,5.6,5.6,5.6,406.0
2025-08-06T13:43:01,5.59,5.59,5.59,5.59,1529.0
2025-08-06T13:43:05,5.595,5.595,5.595,5.595,100.0
2025-08-06T13:43:13,5.5907,5.5907,5.5907,5.5907,804.0
2025-08-06T13:43:38,5.5912,5.5912,5.58,5.58,4394.0
2025-08-06T13:43:39,5.585,5.585,5.585,5.585,109.0
2025-08-06T13:43:40,5.585,5.585,5.585,5.585,500.0
2025-08-06T13:43:41,5.585,5.585,5.585,5.585,320.0
2025-08-06T13:43:44,5.585,5.585,5.58,5.58,1744.0
2025-08-06T13:43:45,5.58,5.585,5.58,5.585,419.0
2025-08-06T13:43:51,5.59,5.59,5.59,5.59,601.0
2025-08-06T13:43:52,5.595,5.595,5.595,5.595,200.0
2025-08-06T13:43:53,5.59,5.59,5.59,5.59,711.0
2025-08-06T13:43:58,5.5855,5.5855,5.5855,5.5855,4000.0
2025-08-06T13:43:59,5.59,5.59,5.585,5.59,711.0
2025-08-06T13:44:01,5.5909,5.5909,5.5909,5.5909,101.0
2025-08-06T13:44:09,5.6,5.6,5.595,5.595,1160.0
2025-08-06T13:44:17,5.59,5.59,5.58,5.58,1710.0
2025-08-06T13:44:21,5.575,5.58,5.575,5.58,410.0
2025-08-06T13:44:37,5.575,5.575,5.575,5.575,101.0
2025-08-06T13:44:42,5.58,5.58,5.575,5.575,200.0
2025-08-06T13:44:47,5.575,5.575,5.57,5.57,1002.0
2025-08-06T13:44:50,5.57,5.57,5.57,5.57,930.0
2025-08-06T13:44:54,5.575,5.575,5.575,5.575,100.0
2025-08-06T13:44:55,5.579,5.579,5.579,5.579,161.0
2025-08-06T13:45:05,5.57,5.58,5.57,5.58,1779.0
2025-08-06T13:45:07,5.58,5.58,5.57,5.57,1887.0
2025-08-06T13:45:12,5.5645,5.5645,5.5645,5.5645,502.0
2025-08-06T13:45:15,5.565,5.57,5.565,5.57,4053.0
2025-08-06T13:45:16,5.5609,5.5609,5.5609,5.5609,200.0
2025-08-06T13:45:17,5.57,5.57,5.57,5.57,539.0
2025-08-06T13:45:24,5.57,5.57,5.57,5.57,320.0
2025-08-06T13:45:29,5.565,5.565,5.565,5.565,100.0
2025-08-06T13:45:38,5.565,5.595,5.565,5.59,5131.0
2025-08-06T13:45:39,5.58,5.5812,5.58,5.5812,594.0
2025-08-06T13:45:45,5.585,5.585,5.585,5.585,240.0
2025-08-06T13:45:50,5.58,5.58,5.58,5.58,1051.0
2025-08-06T13:45:53,5.585,5.585,5.585,5.585,205.0
2025-08-06T13:46:03,5.5806,5.5806,5.5806,5.5806,1834.0
2025-08-06T13:46:09,5.58,5.58,5.57,5.57,1290.0
2025-08-06T13:46:23,5.5688,5.5688,5.5688,5.5688,158.0
2025-08-06T13:46:29,5.56,5.56,5.54,5.545,6151.0
2025-08-06T13:46:30,5.54,5.54,5.54,5.54,500.0
2025-08-06T13:46:32,5.545,5.55,5.545,5.55,1399.0
2025-08-06T13:46:33,5.555,5.5554,5.555,5.5554,1058.0
2025-08-06T13:46:34,5.555,5.555,5.555,5.555,120.0
2025-08-06T13:46:36,5.5535,5.5535,5.5535,5.5535,383.0
2025-08-06T13:46:43,5.5512,5.5512,5.5512,5.5512,181.0
2025-08-06T13:46:48,5.555,5.575,5.555,5.575,3045.0
2025-08-06T13:46:50,5.575,5.575,5.575,5.575,200.0
2025-08-06T13:46:53,5.575,5.585,5.575,5.58,1213.0
2025-08-06T13:46:57,5.58,5.585,5.58,5.585,2022.0
2025-08-06T13:47:02,5.59,5.59,5.59,5.59,200.0
2025-08-06T13:47:29,5.5812,5.5812,5.5812,5.5812,101.0
2025-08-06T13:47:31,5.59,5.595,5.59,5.595,331.0
2025-08-06T13:47:33,5.595,5.595,5.595,5.595,100.0
2025-08-06T13:47:35,5.595,5.595,5.595,5.595,274.0
2025-08-06T13:47:39,5.59,5.59,5.59,5.59,100.0
2025-08-06T13:48:44,5.5912,5.5912,5.5912,5.5912,479.0
2025-08-06T13:48:52,5.595,5.595,5.5901,5.5901,1007.0
2025-08-06T13:48:58,5.6,5.6,5.6,5.6,2934.0
2025-08-06T13:49:01,5.6093,5.6093,5.6093,5.6093,1000.0
2025-08-06T13:49:02,5.605,5.605,5.6,5.6,402.0
2025-08-06T13:49:04,5.605,5.61,5.605,5.61,1207.0
2025-08-06T13:49:07,5.62,5.62,5.62,5.62,842.0
2025-08-06T13:49:09,5.62,5.62,5.62,5.62,300.0
2025-08-06T13:49:11,5.615,5.615,5.615,5.615,105.0
2025-08-06T13:49:17,5.61,5.615,5.61,5.61,1045.0
2025-08-06T13:49:25,5.61,5.61,5.61,5.61,851.0
2025-08-06T13:49:28,5.6146,5.6146,5.6146,5.6146,258.0
2025-08-06T13:49:30,5.6188,5.6188,5.6188,5.6188,151.0
2025-08-06T13:49:43,5.62,5.62,5.62,5.62,114.0
2025-08-06T13:49:48,5.62,5.62,5.62,5.62,271.0
2025-08-06T13:49:53,5.61,5.61,5.61,5.61,132.0
2025-08-06T13:50:02,5.6188,5.6188,5.6188,5.6188,248.0
2025-08-06T13:50:04,5.62,5.64,5.62,5.64,5597.0
2025-08-06T13:50:09,5.63,5.63,5.63,5.63,281.0
2025-08-06T13:50:10,5.63,5.63,5.6207,5.6207,1571.0
2025-08-06T13:50:11,5.625,5.625,5.61,5.61,1487.0
2025-08-06T13:50:13,5.6065,5.6065,5.6065,5.6065,120.0
2025-08-06T13:50:14,5.6046,5.6046,5.6046,5.6046,1785.0
2025-08-06T13:50:18,5.605,5.605,5.58,5.59,8062.0
2025-08-06T13:50:25,5.595,5.6,5.595,5.6,2391.0
2025-08-06T13:50:29,5.5912,5.5912,5.5912,5.5912,125.0
2025-08-06T13:50:37,5.58,5.58,5.58,5.58,115.0
2025-08-06T13:50:47,5.5812,5.5812,5.5812,5.5812,100.0
2025-08-06T13:50:52,5.59,5.59,5.59,5.59,258.0
2025-08-06T13:51:00,5.585,5.585,5.585,5.585,1973.0
2025-08-06T13:51:08,5.5888,5.5888,5.5888,5.5888,109.0
2025-08-06T13:51:10,5.58,5.58,5.55,5.55,1305.0
2025-08-06T13:51:14,5.56,5.56,5.555,5.56,1698.0
2025-08-06T13:51:15,5.57,5.57,5.57,5.57,300.0
2025-08-06T13:51:19,5.565,5.565,5.55,5.55,2285.0
2025-08-06T13:51:22,5.54,5.54,5.52,5.53,2363.0
2025-08-06T13:51:31,5.535,5.535,5.535,5.535,275.0
2025-08-06T13:51:32,5.53,5.53,5.53,5.53,500.0
2025-08-06T13:51:36,5.535,5.535,5.53,5.53,10833.0
2025-08-06T13:51:38,5.5388,5.5388,5.5388,5.5388,201.0
2025-08-06T13:51:41,5.5392,5.5392,5.5392,5.5392,376.0
2025-08-06T13:51:42,5.5392,5.5392,5.5392,5.5392,301.0
2025-08-06T13:51:49,5.54,5.54,5.535,5.54,1859.0
2025-08-06T13:51:53,5.535,5.5399,5.535,5.5399,2115.0
2025-08-06T13:51:54,5.54,5.54,5.535,5.54,1185.0
2025-08-06T13:51:59,5.535,5.535,5.535,5.535,6369.0
2025-08-06T13:52:00,5.54,5.54,5.535,5.535,601.0
2025-08-06T13:52:03,5.5311,5.535,5.5311,5.535,250.0
2025-08-06T13:52:10,5.53,5.53,5.53,5.53,200.0
2025-08-06T13:52:14,5.5301,5.5301,5.5301,5.5301,529.0
2025-08-06T13:52:20,5.5311,5.5311,5.5311,5.5311,157.0
2025-08-06T13:52:22,5.5311,5.5311,5.5311,5.5311,977.0
2025-08-06T13:52:33,5.535,5.535,5.535,5.535,120.0
2025-08-06T13:52:44,5.54,5.54,5.54,5.54,254.0
2025-08-06T13:52:47,5.545,5.545,5.545,5.545,100.0
2025-08-06T13:52:50,5.54,5.54,5.54,5.54,529.0
2025-08-06T13:52:51,5.54,5.54,5.54,5.54,876.0
2025-08-06T13:52:53,5.545,5.545,5.54,5.54,252.0
2025-08-06T13:52:56,5.545,5.545,5.545,5.545,200.0
2025-08-06T13:53:02,5.54,5.54,5.54,5.54,150.0
2025-08-06T13:53:06,5.545,5.545,5.545,5.545,324.0
2025-08-06T13:53:15,5.5408,5.5408,5.5408,5.5408,900.0
2025-08-06T13:53:17,5.54,5.54,5.53,5.53,6792.0
2025-08-06T13:53:18,5.52,5.52,5.52,5.52,2472.0
2025-08-06T13:53:19,5.51,5.51,5.5016,5.5016,815.0
2025-08-06T13:53:20,5.505,5.505,5.5002,5.5002,2533.0
2025-08-06T13:53:21,5.51,5.51,5.51,5.51,475.0
2025-08-06T13:53:28,5.51,5.51,5.51,5.51,216.0
2025-08-06T13:53:29,5.51,5.51,5.51,5.51,153.0
2025-08-06T13:53:31,5.512,5.5145,5.511,5.5145,2994.0
2025-08-06T13:53:35,5.512,5.512,5.512,5.512,263.0
2025-08-06T13:53:36,5.515,5.515,5.515,5.515,2835.0
2025-08-06T13:53:37,5.5189,5.5189,5.5189,5.5189,2096.0
2025-08-06T13:53:47,5.5088,5.5088,5.5088,5.5088,223.0
2025-08-06T13:53:51,5.5,5.5,5.48,5.49,20451.0
2025-08-06T13:53:52,5.4807,5.4807,5.4807,5.4807,1371.0
2025-08-06T13:53:53,5.4899,5.4899,5.4899,5.4899,125.0
2025-08-06T13:53:57,5.4803,5.4803,5.4803,5.4803,500.0
2025-08-06T13:53:59,5.4899,5.4899,5.47,5.47,2993.0
2025-08-06T13:54:03,5.4712,5.4712,5.4712,5.4712,181.0
2025-08-06T13:54:04,5.471,5.475,5.471,5.475,501.0
2025-08-06T13:54:06,5.47,5.47,5.47,5.47,560.0
2025-08-06T13:54:08,5.475,5.475,5.475,5.475,528.0
2025-08-06T13:54:12,5.475,5.475,5.475,5.475,120.0
2025-08-06T13:54:14,5.48,5.48,5.48,5.48,220.0
2025-08-06T13:54:15,5.48,5.48,5.48,5.48,1008.0
2025-08-06T13:54:17,5.4712,5.4712,5.4712,5.4712,297.0
2025-08-06T13:54:20,5.4701,5.4701,5.4701,5.4701,100.0
2025-08-06T13:54:21,5.475,5.475,5.475,5.475,772.0
2025-08-06T13:54:27,5.4746,5.4746,5.4746,5.4746,100.0
2025-08-06T13:54:28,5.47,5.47,5.47,5.47,1108.0
2025-08-06T13:54:36,5.47,5.47,5.47,5.47,190.0
2025-08-06T13:54:37,5.48,5.49,5.48,5.49,3315.0
2025-08-06T13:54:39,5.5,5.5,5.5,5.5,1057.0
2025-08-06T13:54:42,5.5,5.5,5.5,5.5,357.0
2025-08-06T13:54:48,5.5,5.5,5.5,5.5,529.0
2025-08-06T13:54:59,5.49,5.49,5.49,5.49,100.0
2025-08-06T13:55:03,5.495,5.495,5.4935,5.4935,410.0
2025-08-06T13:55:05,5.4901,5.4901,5.4901,5.4901,8236.0
2025-08-06T13:55:06,5.49,5.49,5.49,5.49,1378.0
2025-08-06T13:55:09,5.48,5.485,5.465,5.465,4496.0
2025-08-06T13:55:10,5.465,5.465,5.45,5.455,3880.0
2025-08-06T13:55:14,5.4512,5.4512,5.4512,5.4512,151.0
2025-08-06T13:55:16,5.451,5.451,5.451,5.451,300.0
2025-08-06T13:55:17,5.455,5.455,5.455,5.455,833.0
2025-08-06T13:55:18,5.46,5.46,5.46,5.46,501.0
2025-08-06T13:55:23,5.4509,5.4509,5.4509,5.4509,206.0
2025-08-06T13:55:24,5.46,5.46,5.46,5.46,503.0
2025-08-06T13:55:25,5.465,5.465,5.465,5.465,2032.0
2025-08-06T13:55:30,5.47,5.47,5.47,5.47,100.0
2025-08-06T13:55:32,5.465,5.465,5.465,5.465,1000.0
2025-08-06T13:55:39,5.4699,5.4699,5.4699,5.4699,761.0
2025-08-06T13:55:45,5.46,5.46,5.45,5.45,3606.0
2025-08-06T13:55:46,5.445,5.445,5.445,5.445,377.0
2025-08-06T13:55:51,5.44,5.44,5.43,5.44,2783.0
2025-08-06T13:55:52,5.432,5.432,5.432,5.432,194.0
2025-08-06T13:55:53,5.45,5.45,5.45,5.45,540.0
2025-08-06T13:55:55,5.45,5.46,5.45,5.45,13592.0
2025-08-06T13:55:57,5.45,5.45,5.4495,5.45,600.0
2025-08-06T13:56:06,5.4498,5.4498,5.4498,5.4498,120.0
2025-08-06T13:56:09,5.4301,5.4301,5.4301,5.4301,4022.0
2025-08-06T13:56:17,5.4388,5.4388,5.4388,5.4388,661.0
2025-08-06T13:56:31,5.4355,5.4355,5.4355,5.4355,6001.0
2025-08-06T13:56:41,5.4301,5.44,5.42,5.43,24446.0
2025-08-06T13:56:44,5.4408,5.4408,5.4408,5.4408,257.0
2025-08-06T13:56:52,5.45,5.45,5.445,5.45,9731.0
2025-08-06T13:56:54,5.4408,5.4408,5.4408,5.4408,500.0
2025-08-06T13:56:57,5.445,5.445,5.445,5.445,904.0
2025-08-06T13:57:07,5.4408,5.445,5.4408,5.445,2500.0
2025-08-06T13:57:10,5.4445,5.4445,5.4445,5.4445,500.0
2025-08-06T13:57:11,5.445,5.445,5.445,5.445,125.0
2025-08-06T13:57:21,5.441,5.441,5.441,5.441,261.0
2025-08-06T13:57:29,5.445,5.445,5.44,5.44,300.0
2025-08-06T13:57:37,5.45,5.45,5.45,5.45,225.0
2025-08-06T13:57:40,5.445,5.445,5.445,5.445,200.0
2025-08-06T13:57:42,5.4409,5.4409,5.4409,5.4409,199.0
2025-08-06T13:57:44,5.44,5.445,5.44,5.445,457.0
2025-08-06T13:57:47,5.445,5.445,5.445,5.445,1000.0
2025-08-06T13:57:51,5.448,5.448,5.448,5.448,200.0
2025-08-06T13:57:55,5.445,5.445,5.445,5.445,102.0
2025-08-06T13:58:03,5.445,5.445,5.43,5.44,7281.0
2025-08-06T13:58:04,5.445,5.445,5.445,5.445,102.0
2025-08-06T13:58:05,5.45,5.465,5.45,5.465,2070.0
2025-08-06T13:58:12,5.4612,5.4612,5.4612,5.4612,827.0
2025-08-06T13:58:14,5.465,5.465,5.465,5.465,162.0
2025-08-06T13:58:15,5.46,5.46,5.46,5.46,148.0
2025-08-06T13:58:18,5.46,5.46,5.46,5.46,110.0
2025-08-06T13:58:22,5.45,5.45,5.45,5.45,266.0
2025-08-06T13:58:40,5.4588,5.4588,5.4588,5.4588,166.0
2025-08-06T13:58:44,5.4535,5.4535,5.4535,5.4535,244.0
2025-08-06T13:58:47,5.45,5.45,5.45,5.45,100.0
2025-08-06T13:58:56,5.45,5.45,5.438,5.44,10715.0
2025-08-06T13:59:06,5.4492,5.4492,5.4492,5.4492,350.0
2025-08-06T13:59:07,5.45,5.45,5.4446,5.4446,725.0
2025-08-06T13:59:13,5.445,5.445,5.44,5.44,2874.0
2025-08-06T13:59:15,5.43,5.44,5.43,5.44,3103.0
2025-08-06T13:59:22,5.44,5.44,5.44,5.44,202.0
2025-08-06T13:59:24,5.445,5.445,5.445,5.445,338.0
2025-08-06T13:59:33,5.445,5.445,5.445,5.445,339.0
2025-08-06T13:59:35,5.445,5.45,5.4402,5.45,644.0
2025-08-06T13:59:57,5.445,5.445,5.445,5.445,500.0
2025-08-06T13:59:59,5.445,5.445,5.445,5.445,500.0
2025-08-06T14:00:11,5.4401,5.4401,5.4401,5.4401,605.0
2025-08-06T14:00:19,5.44,5.44,5.44,5.44,1245.0
2025-08-06T14:00:20,5.44,5.445,5.44,5.445,5678.0
2025-08-06T14:00:22,5.445,5.445,5.445,5.445,302.0
2025-08-06T14:00:25,5.445,5.445,5.445,5.445,146.0
2025-08-06T14:00:27,5.4412,5.4412,5.4412,5.4412,496.0
2025-08-06T14:00:28,5.44,5.44,5.44,5.44,269.0
2025-08-06T14:00:30,5.45,5.46,5.445,5.46,3094.0
2025-08-06T14:00:34,5.4555,5.4555,5.4555,5.4555,2500.0
2025-08-06T14:00:35,5.455,5.455,5.455,5.455,108.0
2025-08-06T14:00:45,5.455,5.47,5.455,5.47,2107.0
2025-08-06T14:00:47,5.475,5.475,5.46,5.465,9471.0
2025-08-06T14:00:50,5.47,5.47,5.465,5.465,471.0
2025-08-06T14:00:51,5.47,5.485,5.47,5.485,1189.0
2025-08-06T14:00:54,5.485,5.49,5.485,5.49,790.0
2025-08-06T14:00:55,5.5,5.5,5.5,5.5,181.0
2025-08-06T14:00:56,5.4999,5.4999,5.4999,5.4999,300.0
2025-08-06T14:00:57,5.4993,5.4993,5.4993,5.4993,500.0
2025-08-06T14:00:58,5.495,5.495,5.495,5.495,110.0
2025-08-06T14:00:59,5.495,5.495,5.495,5.495,100.0
2025-08-06T14:01:04,5.49,5.49,5.49,5.49,1348.0
2025-08-06T14:01:06,5.4808,5.4899,5.4808,5.4899,4300.0
2025-08-06T14:01:07,5.49,5.49,5.49,5.49,1147.0
2025-08-06T14:01:09,5.49,5.49,5.49,5.49,100.0
2025-08-06T14:01:11,5.49,5.49,5.49,5.49,608.0
2025-08-06T14:01:18,5.485,5.485,5.485,5.485,297.0
2025-08-06T14:01:19,5.485,5.485,5.485,5.485,100.0
2025-08-06T14:01:24,5.485,5.4888,5.485,5.4888,354.0
2025-08-06T14:01:30,5.489,5.489,5.489,5.489,102.0
2025-08-06T14:01:41,5.48,5.48,5.47,5.47,1912.0
2025-08-06T14:01:43,5.465,5.465,5.465,5.465,100.0
2025-08-06T14:01:48,5.4646,5.465,5.4646,5.465,400.0
2025-08-06T14:01:51,5.465,5.465,5.465,5.465,134.0
2025-08-06T14:01:52,5.4612,5.4612,5.4612,5.4612,272.0
2025-08-06T14:02:00,5.46,5.46,5.45,5.45,2044.0
2025-08-06T14:02:06,5.445,5.445,5.445,5.445,100.0
2025-08-06T14:02:07,5.445,5.445,5.445,5.445,100.0
2025-08-06T14:02:08,5.445,5.445,5.445,5.445,100.0
2025-08-06T14:02:10,5.44,5.44,5.44,5.44,1753.0
2025-08-06T14:02:11,5.43,5.43,5.43,5.43,416.0
2025-08-06T14:02:13,5.4201,5.425,5.4201,5.425,3368.0
2025-08-06T14:02:14,5.43,5.43,5.43,5.43,155.0
2025-08-06T14:02:19,5.4212,5.4212,5.42,5.42,808.0
2025-08-06T14:02:20,5.425,5.445,5.425,5.445,4044.0
2025-08-06T14:02:21,5.4412,5.4412,5.4412,5.4412,277.0
2025-08-06T14:02:22,5.45,5.4507,5.45,5.4507,2686.0
2025-08-06T14:02:26,5.46,5.46,5.46,5.46,837.0
2025-08-06T14:02:30,5.45,5.45,5.45,5.45,410.0
2025-08-06T14:02:45,5.455,5.455,5.45,5.455,845.0
2025-08-06T14:02:53,5.45,5.46,5.45,5.46,616.0
2025-08-06T14:02:54,5.46,5.46,5.46,5.46,102.0
2025-08-06T14:02:58,5.46,5.46,5.46,5.46,253.0
2025-08-06T14:03:00,5.465,5.465,5.465,5.465,102.0
2025-08-06T14:03:05,5.4635,5.4635,5.4635,5.4635,200.0
2025-08-06T14:03:13,5.47,5.47,5.47,5.47,207.0
2025-08-06T14:03:20,5.47,5.47,5.47,5.47,102.0
2025-08-06T14:03:25,5.4688,5.4688,5.4688,5.4688,122.0
2025-08-06T14:03:29,5.465,5.465,5.465,5.465,100.0
2025-08-06T14:03:32,5.46,5.46,5.455,5.455,603.0
2025-08-06T14:03:33,5.455,5.455,5.455,5.455,400.0
2025-08-06T14:03:36,5.4592,5.4592,5.4592,5.4592,105.0
2025-08-06T14:03:50,5.45,5.45,5.44,5.45,1644.0
2025-08-06T14:03:53,5.455,5.455,5.455,5.455,100.0
2025-08-06T14:03:54,5.455,5.455,5.45,5.45,681.0
2025-08-06T14:03:56,5.45,5.45,5.45,5.45,844.0
2025-08-06T14:04:02,5.44,5.44,5.44,5.44,310.0
2025-08-06T14:04:03,5.4399,5.4399,5.4399,5.4399,142.0
2025-08-06T14:04:09,5.44,5.45,5.44,5.45,5077.0
2025-08-06T14:04:12,5.44,5.44,5.44,5.44,439.0
2025-08-06T14:04:13,5.4499,5.4499,5.4499,5.4499,200.0
2025-08-06T14:04:14,5.445,5.445,5.445,5.445,136.0
2025-08-06T14:04:15,5.441,5.4415,5.441,5.4415,2904.0
2025-08-06T14:04:31,5.45,5.45,5.45,5.45,2500.0
2025-08-06T14:04:32,5.4401,5.4401,5.4401,5.4401,2500.0
2025-08-06T14:04:42,5.445,5.445,5.445,5.445,121.0
2025-08-06T14:04:43,5.445,5.46,5.445,5.4499,2482.0
2025-08-06T14:04:44,5.47,5.47,5.47,5.47,2545.0
2025-08-06T14:04:45,5.47,5.47,5.47,5.47,100.0
2025-08-06T14:04:54,5.4788,5.4788,5.4788,5.4788,294.0
2025-08-06T14:04:56,5.48,5.48,5.48,5.48,521.0
2025-08-06T14:04:57,5.48,5.48,5.48,5.48,2500.0
2025-08-06T14:04:58,5.4855,5.4855,5.4855,5.4855,2500.0
2025-08-06T14:05:00,5.4899,5.49,5.4899,5.49,740.0
2025-08-06T14:05:01,5.49,5.49,5.49,5.49,100.0
2025-08-06T14:05:02,5.49,5.5,5.49,5.495,1186.0
2025-08-06T14:05:12,5.495,5.495,5.495,5.495,500.0
2025-08-06T14:05:14,5.5,5.5,5.4999,5.5,4343.0
2025-08-06T14:05:22,5.5008,5.5008,5.5008,5.5008,501.0
2025-08-06T14:05:35,5.501,5.505,5.501,5.505,1002.0
2025-08-06T14:05:42,5.51,5.51,5.51,5.51,999.0
2025-08-06T14:05:45,5.5092,5.5092,5.5092,5.5092,300.0
2025-08-06T14:05:48,5.5007,5.5007,5.5007,5.5007,1000.0
2025-08-06T14:05:49,5.5,5.5,5.49,5.49,1446.0
2025-08-06T14:05:50,5.48,5.48,5.47,5.4799,5435.0
2025-08-06T14:05:51,5.472,5.472,5.46,5.47,4572.0
2025-08-06T14:06:06,5.46,5.46,5.44,5.44,9842.0
2025-08-06T14:06:07,5.4301,5.4301,5.4301,5.4301,383.0
2025-08-06T14:06:11,5.435,5.435,5.435,5.435,102.0
2025-08-06T14:06:14,5.4312,5.4312,5.4312,5.4312,105.0
2025-08-06T14:06:15,5.435,5.435,5.435,5.435,302.0
2025-08-06T14:06:20,5.439,5.44,5.435,5.435,600.0
2025-08-06T14:06:21,5.44,5.44,5.44,5.44,100.0
2025-08-06T14:06:23,5.435,5.435,5.435,5.435,300.0
2025-08-06T14:06:27,5.44,5.445,5.44,5.445,1321.0
2025-08-06T14:06:31,5.447,5.447,5.447,5.447,1000.0
2025-08-06T14:06:35,5.45,5.45,5.45,5.45,202.0
2025-08-06T14:06:41,5.45,5.45,5.45,5.45,857.0
2025-08-06T14:06:42,5.45,5.45,5.45,5.45,800.0
2025-08-06T14:07:01,5.4422,5.4422,5.4422,5.4422,1000.0
2025-08-06T14:07:11,5.45,5.45,5.45,5.45,1000.0
2025-08-06T14:07:25,5.44,5.445,5.44,5.445,200.0
2025-08-06T14:07:44,5.44,5.445,5.44,5.445,344.0
2025-08-06T14:08:03,5.445,5.445,5.445,5.445,244.0
2025-08-06T14:08:05,5.445,5.445,5.445,5.445,100.0
2025-08-06T14:08:22,5.445,5.445,5.445,5.445,1000.0
2025-08-06T14:08:23,5.45,5.45,5.445,5.45,3685.0
2025-08-06T14:08:24,5.47,5.47,5.47,5.47,241.0
2025-08-06T14:08:26,5.47,5.475,5.47,5.47,2074.0
2025-08-06T14:08:30,5.47,5.47,5.47,5.47,1602.0
2025-08-06T14:08:31,5.47,5.47,5.47,5.47,800.0
2025-08-06T14:08:32,5.47,5.47,5.47,5.47,1000.0
2025-08-06T14:08:36,5.461,5.461,5.461,5.461,1573.0
2025-08-06T14:08:37,5.46,5.46,5.46,5.46,329.0
2025-08-06T14:08:40,5.45,5.45,5.45,5.45,210.0
2025-08-06T14:08:41,5.445,5.445,5.44,5.44,1885.0
2025-08-06T14:08:44,5.445,5.445,5.445,5.445,1000.0
2025-08-06T14:08:58,5.4499,5.4499,5.4499,5.4499,221.0
2025-08-06T14:09:06,5.445,5.445,5.445,5.445,109.0
2025-08-06T14:09:23,5.445,5.445,5.445,5.445,1000.0
2025-08-06T14:09:24,5.445,5.46,5.445,5.46,2990.0
2025-08-06T14:09:27,5.4612,5.4612,5.4612,5.4612,387.0
2025-08-06T14:09:31,5.465,5.465,5.465,5.465,202.0
2025-08-06T14:09:32,5.46,5.46,5.46,5.46,1284.0
2025-08-06T14:09:34,5.46,5.46,5.46,5.46,391.0
2025-08-06T14:09:35,5.4685,5.4685,5.4685,5.4685,547.0
2025-08-06T14:09:38,5.46,5.46,5.46,5.46,202.0
2025-08-06T14:09:45,5.465,5.475,5.465,5.475,1841.0
2025-08-06T14:09:47,5.475,5.475,5.475,5.475,300.0
2025-08-06T14:09:50,5.47,5.47,5.47,5.47,779.0
2025-08-06T14:09:51,5.47,5.47,5.47,5.47,1000.0
2025-08-06T14:10:03,5.465,5.465,5.465,5.465,877.0
2025-08-06T14:10:06,5.47,5.47,5.47,5.47,630.0
2025-08-06T14:10:08,5.475,5.475,5.475,5.475,200.0
2025-08-06T14:10:09,5.47,5.475,5.47,5.47,2719.0
2025-08-06T14:10:28,5.46,5.46,5.455,5.455,801.0
2025-08-06T14:10:29,5.45,5.455,5.45,5.455,438.0
2025-08-06T14:10:31,5.455,5.455,5.455,5.455,538.0
2025-08-06T14:10:32,5.4499,5.4499,5.4499,5.4499,237.0
2025-08-06T14:10:47,5.4408,5.4408,5.4408,5.4408,1011.0
2025-08-06T14:10:50,5.4454,5.4454,5.4454,5.4454,320.0
2025-08-06T14:11:02,5.45,5.45,5.45,5.45,1296.0
2025-08-06T14:11:03,5.45,5.45,5.45,5.45,100.0
2025-08-06T14:11:07,5.45,5.45,5.4499,5.4499,1671.0
2025-08-06T14:11:09,5.4598,5.4598,5.4598,5.4598,1631.0
2025-08-06T14:11:13,5.45,5.45,5.45,5.45,731.0
2025-08-06T14:11:22,5.45,5.45,5.45,5.45,459.0
2025-08-06T14:11:31,5.46,5.46,5.46,5.46,106.0
2025-08-06T14:11:36,5.46,5.46,5.46,5.46,806.0
2025-08-06T14:11:42,5.465,5.465,5.465,5.465,250.0
2025-08-06T14:11:51,5.465,5.465,5.465,5.465,250.0
2025-08-06T14:12:02,5.465,5.47,5.465,5.47,2643.0
2025-08-06T14:12:03,5.475,5.475,5.47,5.47,244.0
2025-08-06T14:12:04,5.47,5.47,5.47,5.47,300.0
2025-08-06T14:12:12,5.47,5.47,5.47,5.47,100.0
2025-08-06T14:12:20,5.48,5.48,5.48,5.48,111.0
2025-08-06T14:12:21,5.475,5.475,5.475,5.475,400.0
2025-08-06T14:12:36,5.475,5.475,5.475,5.475,100.0
2025-08-06T14:13:00,5.4792,5.4792,5.4792,5.4792,100.0
2025-08-06T14:13:07,5.475,5.475,5.475,5.475,541.0
2025-08-06T14:13:09,5.475,5.475,5.475,5.475,100.0
2025-08-06T14:13:26,5.4788,5.4788,5.4788,5.4788,127.0
2025-08-06T14:13:32,5.47,5.47,5.465,5.465,3461.0
2025-08-06T14:13:34,5.46,5.46,5.46,5.46,303.0
2025-08-06T14:13:40,5.46,5.46,5.46,5.46,514.0
2025-08-06T14:14:04,5.465,5.47,5.465,5.465,1748.0
2025-08-06T14:14:17,5.4701,5.4701,5.4701,5.4701,150.0
2025-08-06T14:14:41,5.47,5.47,5.47,5.47,1460.0
2025-08-06T14:14:46,5.475,5.475,5.475,5.475,200.0
2025-08-06T14:14:58,5.471,5.471,5.4701,5.4701,279.0
2025-08-06T14:15:04,5.475,5.475,5.475,5.475,100.0
2025-08-06T14:15:16,5.4792,5.4792,5.4792,5.4792,502.0
2025-08-06T14:15:17,5.47,5.47,5.47,5.47,100.0
2025-08-06T14:15:19,5.47,5.47,5.47,5.47,100.0
2025-08-06T14:15:28,5.475,5.49,5.475,5.49,3565.0
2025-08-06T14:15:32,5.485,5.485,5.485,5.485,100.0
2025-08-06T14:15:33,5.485,5.485,5.485,5.485,100.0
2025-08-06T14:15:38,5.485,5.485,5.485,5.485,248.0
2025-08-06T14:16:03,5.48,5.48,5.48,5.48,100.0
2025-08-06T14:16:05,5.49,5.49,5.49,5.49,108.0
2025-08-06T14:16:08,5.485,5.485,5.485,5.485,100.0
2025-08-06T14:16:16,5.4808,5.4808,5.4808,5.4808,180.0
2025-08-06T14:16:23,5.48,5.48,5.48,5.48,102.0
2025-08-06T14:16:25,5.48,5.48,5.48,5.48,1722.0
2025-08-06T14:16:27,5.475,5.485,5.475,5.485,1690.0
2025-08-06T14:16:32,5.48,5.48,5.48,5.48,115.0
2025-08-06T14:16:33,5.48,5.48,5.48,5.48,100.0
2025-08-06T14:16:37,5.48,5.48,5.48,5.48,1182.0
2025-08-06T14:17:02,5.48,5.48,5.48,5.48,100.0
2025-08-06T14:17:04,5.48,5.48,5.48,5.48,100.0
2025-08-06T14:17:09,5.48,5.48,5.48,5.48,200.0
2025-08-06T14:17:23,5.485,5.485,5.485,5.485,639.0
2025-08-06T14:17:24,5.48,5.48,5.48,5.48,1542.0
2025-08-06T14:17:31,5.475,5.475,5.475,5.475,100.0
2025-08-06T14:17:33,5.475,5.48,5.475,5.48,3116.0
2025-08-06T14:17:40,5.48,5.48,5.48,5.48,100.0
2025-08-06T14:17:52,5.485,5.4865,5.485,5.4865,4308.0
2025-08-06T14:17:53,5.485,5.49,5.485,5.49,496.0
2025-08-06T14:18:04,5.4899,5.4899,5.485,5.485,421.0
2025-08-06T14:18:30,5.49,5.495,5.49,5.495,645.0
2025-08-06T14:18:31,5.495,5.495,5.495,5.495,101.0
2025-08-06T14:18:39,5.49,5.49,5.49,5.49,100.0
2025-08-06T14:18:45,5.4999,5.5,5.49,5.495,6916.0
2025-08-06T14:18:47,5.4999,5.4999,5.4999,5.4999,250.0
2025-08-06T14:19:04,5.4988,5.4988,5.4988,5.4988,371.0
2025-08-06T14:19:11,5.495,5.495,5.495,5.495,100.0
2025-08-06T14:19:17,5.49,5.49,5.49,5.49,1441.0
2025-08-06T14:19:23,5.48,5.48,5.48,5.48,102.0
2025-08-06T14:19:31,5.485,5.485,5.48,5.48,540.0
2025-08-06T14:19:33,5.4801,5.4801,5.48,5.48,5427.0
2025-08-06T14:19:53,5.4701,5.4701,5.4701,5.4701,3493.0
2025-08-06T14:20:05,5.475,5.475,5.475,5.475,100.0
2025-08-06T14:20:20,5.475,5.48,5.475,5.48,222.0
2025-08-06T14:20:23,5.48,5.48,5.475,5.48,2953.0
2025-08-06T14:20:26,5.48,5.48,5.47,5.47,3947.0
2025-08-06T14:20:28,5.47,5.475,5.465,5.475,505.0
2025-08-06T14:20:30,5.4794,5.485,5.475,5.485,1202.0
2025-08-06T14:20:37,5.48,5.485,5.48,5.48,2841.0
2025-08-06T14:20:39,5.485,5.49,5.48,5.49,3831.0
2025-08-06T14:20:49,5.495,5.495,5.495,5.495,200.0
2025-08-06T14:20:53,5.49,5.495,5.49,5.495,500.0
2025-08-06T14:20:55,5.49,5.49,5.49,5.49,300.0
2025-08-06T14:21:08,5.49,5.49,5.48,5.48,2398.0
2025-08-06T14:21:15,5.47,5.47,5.47,5.47,100.0
2025-08-06T14:21:16,5.4799,5.4799,5.475,5.475,4181.0
2025-08-06T14:21:34,5.4709,5.4709,5.4709,5.4709,200.0
2025-08-06T14:21:44,5.475,5.475,5.475,5.475,104.0
2025-08-06T14:21:46,5.4799,5.48,5.4799,5.48,2261.0
2025-08-06T14:21:55,5.4892,5.4892,5.4892,5.4892,105.0
2025-08-06T14:22:03,5.485,5.4865,5.485,5.4865,4007.0
2025-08-06T14:22:13,5.49,5.49,5.49,5.49,150.0
2025-08-06T14:22:14,5.485,5.49,5.485,5.49,305.0
2025-08-06T14:22:24,5.4888,5.4888,5.4888,5.4888,174.0
2025-08-06T14:22:26,5.485,5.485,5.485,5.485,391.0
2025-08-06T14:22:47,5.49,5.495,5.49,5.495,1224.0
2025-08-06T14:22:48,5.4935,5.4935,5.4935,5.4935,145.0
2025-08-06T14:22:51,5.5,5.5,5.495,5.495,305.0
2025-08-06T14:22:52,5.5,5.5,5.5,5.5,100.0
2025-08-06T14:22:59,5.4945,5.4945,5.4945,5.4945,105.0
2025-08-06T14:23:02,5.5,5.5,5.5,5.5,101.0
2025-08-06T14:23:03,5.5,5.5,5.5,5.5,200.0
2025-08-06T14:23:17,5.5,5.5,5.5,5.5,250.0
2025-08-06T14:23:20,5.495,5.495,5.495,5.495,200.0
2025-08-06T14:23:24,5.4999,5.4999,5.4999,5.4999,122.0
2025-08-06T14:23:52,5.49,5.49,5.49,5.49,100.0
2025-08-06T14:23:53,5.4911,5.4911,5.4911,5.4911,964.0
2025-08-06T14:23:56,5.4912,5.4912,5.4912,5.4912,128.0
2025-08-06T14:24:01,5.495,5.495,5.495,5.495,102.0
2025-08-06T14:24:07,5.4992,5.4992,5.4992,5.4992,1000.0
2025-08-06T14:24:29,5.5,5.5,5.5,5.5,125.0
2025-08-06T14:24:32,5.5,5.5,5.5,5.5,459.0
2025-08-06T14:24:48,5.495,5.495,5.495,5.495,500.0
2025-08-06T14:24:57,5.5,5.5,5.5,5.5,1528.0
2025-08-06T14:24:58,5.5007,5.505,5.5007,5.505,1100.0
2025-08-06T14:25:05,5.505,5.505,5.505,5.505,240.0
2025-08-06T14:25:11,5.5,5.5,5.5,5.5,692.0
2025-08-06T14:25:12,5.495,5.495,5.495,5.495,100.0
2025-08-06T14:25:20,5.495,5.495,5.495,5.495,104.0
2025-08-06T14:25:47,5.495,5.495,5.495,5.495,100.0
2025-08-06T14:25:57,5.4912,5.4912,5.4912,5.4912,122.0
2025-08-06T14:26:02,5.5,5.5,5.5,5.5,166.0
2025-08-06T14:26:04,5.5,5.52,5.5,5.515,5524.0
2025-08-06T14:26:09,5.5199,5.52,5.515,5.52,3232.0
2025-08-06T14:26:10,5.515,5.515,5.515,5.515,2522.0
2025-08-06T14:26:16,5.515,5.515,5.515,5.515,100.0
2025-08-06T14:26:18,5.5193,5.5193,5.5193,5.5193,102.0
2025-08-06T14:26:21,5.5188,5.5188,5.5188,5.5188,200.0
2025-08-06T14:26:29,5.5199,5.5199,5.5199,5.5199,600.0
2025-08-06T14:26:36,5.518,5.518,5.515,5.515,451.0
2025-08-06T14:26:59,5.52,5.525,5.52,5.525,749.0
2025-08-06T14:27:00,5.53,5.54,5.525,5.535,4795.0
2025-08-06T14:27:01,5.53,5.53,5.53,5.53,100.0
2025-08-06T14:27:08,5.53,5.53,5.53,5.53,2520.0
2025-08-06T14:27:10,5.52,5.525,5.52,5.525,200.0
2025-08-06T14:27:32,5.5247,5.5247,5.5247,5.5247,4000.0
2025-08-06T14:27:35,5.525,5.525,5.51,5.52,20131.0
2025-08-06T14:27:37,5.525,5.525,5.525,5.525,200.0
2025-08-06T14:27:38,5.5293,5.5293,5.5293,5.5293,2000.0
2025-08-06T14:27:40,5.53,5.53,5.53,5.53,1408.0
2025-08-06T14:27:45,5.5308,5.5308,5.53,5.53,2803.0
2025-08-06T14:28:03,5.525,5.525,5.525,5.525,2612.0
2025-08-06T14:28:04,5.5208,5.5208,5.5208,5.5208,670.0
2025-08-06T14:28:06,5.525,5.525,5.52,5.52,302.0
2025-08-06T14:28:34,5.525,5.525,5.525,5.525,500.0
2025-08-06T14:28:44,5.5204,5.5204,5.5204,5.5204,2967.0
2025-08-06T14:28:56,5.53,5.53,5.53,5.53,132.0
2025-08-06T14:29:09,5.52,5.52,5.52,5.52,202.0
2025-08-06T14:29:19,5.53,5.53,5.53,5.53,100.0
2025-08-06T14:29:20,5.53,5.54,5.53,5.54,2079.0
2025-08-06T14:29:24,5.54,5.54,5.54,5.54,300.0
2025-08-06T14:29:27,5.54,5.55,5.54,5.55,1302.0
2025-08-06T14:29:28,5.55,5.56,5.545,5.56,5540.0
2025-08-06T14:29:30,5.5546,5.5546,5.5546,5.5546,153.0
2025-08-06T14:29:34,5.55,5.55,5.55,5.55,200.0
2025-08-06T14:29:38,5.555,5.555,5.555,5.555,200.0
2025-08-06T14:29:40,5.555,5.555,5.555,5.555,101.0
2025-08-06T14:29:42,5.55,5.55,5.55,5.55,100.0
2025-08-06T14:29:44,5.5599,5.5599,5.5599,5.5599,250.0
2025-08-06T14:29:52,5.56,5.56,5.56,5.56,356.0
2025-08-06T14:29:53,5.565,5.565,5.565,5.565,271.0
2025-08-06T14:29:55,5.5692,5.57,5.56,5.5663,7292.0
2025-08-06T14:29:56,5.5699,5.5699,5.5692,5.5692,1056.0
2025-08-06T14:29:57,5.5699,5.5699,5.5699,5.5699,501.0
2025-08-06T14:30:00,5.565,5.565,5.565,5.565,500.0
2025-08-06T14:30:03,5.565,5.565,5.565,5.565,420.0
2025-08-06T14:30:07,5.565,5.565,5.565,5.565,108.0
2025-08-06T14:30:12,5.56,5.57,5.56,5.57,600.0
2025-08-06T14:30:14,5.5655,5.5655,5.5655,5.5655,300.0
2025-08-06T14:30:17,5.565,5.565,5.56,5.56,386.0
2025-08-06T14:30:23,5.5601,5.5601,5.5601,5.5601,100.0
2025-08-06T14:30:24,5.57,5.57,5.57,5.57,117.0
2025-08-06T14:30:27,5.57,5.57,5.5698,5.5698,297.0
2025-08-06T14:30:34,5.56,5.56,5.56,5.56,202.0
2025-08-06T14:30:35,5.565,5.5691,5.565,5.5691,700.0
2025-08-06T14:30:37,5.565,5.565,5.56,5.565,2341.0
2025-08-06T14:30:42,5.56,5.56,5.56,5.56,468.0
2025-08-06T14:30:47,5.555,5.555,5.555,5.555,100.0
2025-08-06T14:30:50,5.555,5.555,5.555,5.555,156.0
2025-08-06T14:30:51,5.555,5.555,5.555,5.555,100.0
2025-08-06T14:30:54,5.5509,5.5509,5.5509,5.5509,200.0
2025-08-06T14:30:55,5.55,5.555,5.53,5.54,9602.0
2025-08-06T14:30:56,5.5399,5.5399,5.5399,5.5399,500.0
2025-08-06T14:30:57,5.5399,5.5399,5.5393,5.5393,1000.0
2025-08-06T14:30:58,5.535,5.535,5.535,5.535,534.0
2025-08-06T14:30:59,5.535,5.535,5.535,5.535,234.0
2025-08-06T14:31:01,5.54,5.54,5.54,5.54,1000.0
2025-08-06T14:31:04,5.53,5.53,5.53,5.53,2049.0
2025-08-06T14:31:13,5.53,5.53,5.53,5.53,1000.0
2025-08-06T14:31:28,5.535,5.535,5.535,5.535,131.0
2025-08-06T14:31:31,5.535,5.5398,5.535,5.5398,1074.0
2025-08-06T14:31:39,5.535,5.535,5.535,5.535,170.0
2025-08-06T14:31:44,5.535,5.535,5.535,5.535,500.0
2025-08-06T14:31:46,5.54,5.54,5.54,5.54,140.0
2025-08-06T14:32:01,5.535,5.5401,5.535,5.5401,4337.0
2025-08-06T14:32:03,5.545,5.545,5.545,5.545,400.0
2025-08-06T14:32:06,5.5499,5.5499,5.5499,5.5499,300.0
2025-08-06T14:32:07,5.54,5.54,5.54,5.54,1360.0
2025-08-06T14:32:09,5.535,5.535,5.535,5.535,447.0
2025-08-06T14:32:22,5.5354,5.5354,5.53,5.53,600.0
2025-08-06T14:32:25,5.54,5.54,5.54,5.54,4040.0
2025-08-06T14:32:26,5.5308,5.5308,5.5308,5.5308,500.0
2025-08-06T14:32:32,5.533,5.533,5.533,5.533,267.0
2025-08-06T14:32:49,5.53,5.535,5.53,5.535,201.0
2025-08-06T14:32:54,5.53,5.53,5.53,5.53,213.0
2025-08-06T14:33:07,5.535,5.535,5.535,5.535,265.0
2025-08-06T14:33:08,5.53,5.53,5.525,5.525,3755.0
2025-08-06T14:33:10,5.53,5.53,5.53,5.53,1511.0
2025-08-06T14:33:11,5.54,5.54,5.54,5.54,547.0
2025-08-06T14:33:12,5.545,5.545,5.545,5.545,1800.0
2025-08-06T14:33:14,5.54,5.54,5.54,5.54,501.0
2025-08-06T14:33:27,5.5409,5.5409,5.5409,5.5409,140.0
2025-08-06T14:33:42,5.545,5.545,5.545,5.545,100.0
2025-08-06T14:33:47,5.54,5.54,5.54,5.54,100.0
2025-08-06T14:34:07,5.5493,5.555,5.5493,5.555,4669.0
2025-08-06T14:34:09,5.555,5.555,5.555,5.555,400.0
2025-08-06T14:34:12,5.555,5.555,5.555,5.555,350.0
2025-08-06T14:34:13,5.555,5.555,5.555,5.555,300.0
2025-08-06T14:34:16,5.55,5.55,5.55,5.55,519.0
2025-08-06T14:34:17,5.5565,5.5565,5.5565,5.5565,100.0
2025-08-06T14:34:36,5.555,5.555,5.555,5.555,500.0
2025-08-06T14:34:58,5.551,5.551,5.551,5.551,100.0
2025-08-06T14:34:59,5.555,5.555,5.55,5.55,1927.0
2025-08-06T14:35:02,5.55,5.55,5.55,5.55,200.0
2025-08-06T14:35:25,5.55,5.55,5.5435,5.5435,401.0
2025-08-06T14:35:28,5.55,5.55,5.55,5.55,643.0
2025-08-06T14:35:29,5.555,5.555,5.555,5.555,504.0
2025-08-06T14:35:32,5.5555,5.5555,5.5555,5.5555,2000.0
2025-08-06T14:35:44,5.5555,5.5555,5.5555,5.5555,502.0
2025-08-06T14:35:50,5.555,5.555,5.555,5.555,2021.0
2025-08-06T14:35:59,5.56,5.565,5.5599,5.565,7371.0
2025-08-06T14:36:01,5.5603,5.5603,5.56,5.56,5547.0
2025-08-06T14:36:06,5.5599,5.5599,5.5512,5.5512,404.0
2025-08-06T14:36:14,5.56,5.56,5.56,5.56,1727.0
2025-08-06T14:36:18,5.55,5.56,5.55,5.56,429.0
2025-08-06T14:36:24,5.56,5.56,5.56,5.56,1000.0
2025-08-06T14:36:29,5.5609,5.5609,5.5609,5.5609,200.0
2025-08-06T14:36:33,5.565,5.565,5.565,5.565,110.0
2025-08-06T14:36:36,5.57,5.59,5.57,5.5892,5060.0
2025-08-06T14:36:37,5.59,5.59,5.59,5.59,1835.0
2025-08-06T14:36:41,5.585,5.585,5.585,5.585,202.0
2025-08-06T14:36:52,5.5899,5.5899,5.5899,5.5899,520.0
2025-08-06T14:36:53,5.5888,5.5888,5.5888,5.5888,122.0
2025-08-06T14:36:56,5.5898,5.5898,5.585,5.585,1103.0
2025-08-06T14:36:57,5.5888,5.59,5.5888,5.59,370.0
2025-08-06T14:36:59,5.59,5.59,5.585,5.585,1046.0
2025-08-06T14:37:03,5.58,5.58,5.58,5.58,100.0
2025-08-06T14:37:04,5.5805,5.5805,5.5805,5.5805,101.0
2025-08-06T14:37:07,5.5893,5.5893,5.5893,5.5893,800.0
2025-08-06T14:37:08,5.59,5.59,5.588771,5.588771,436.0
2025-08-06T14:37:13,5.59,5.59,5.585,5.585,574.0
2025-08-06T14:37:17,5.595,5.6,5.595,5.595,1638.0
2025-08-06T14:37:23,5.595,5.599,5.595,5.597,6047.0
2025-08-06T14:37:27,5.5999,5.605,5.5999,5.605,3718.0
2025-08-06T14:37:30,5.6,5.605,5.6,5.6,743.0
2025-08-06T14:37:33,5.59,5.59,5.59,5.59,108.0
2025-08-06T14:37:34,5.5999,5.5999,5.596,5.596,2161.0
2025-08-06T14:37:35,5.5908,5.5908,5.5908,5.5908,1000.0
2025-08-06T14:37:42,5.595,5.595,5.595,5.595,125.0
2025-08-06T14:37:45,5.595,5.595,5.595,5.595,100.0
2025-08-06T14:37:48,5.59,5.59,5.58,5.58,3020.0
2025-08-06T14:37:54,5.5765,5.5765,5.5701,5.5701,1622.0
2025-08-06T14:37:55,5.5707,5.5745,5.5707,5.5745,5132.0
2025-08-06T14:37:56,5.5701,5.5701,5.5701,5.5701,1022.0
2025-08-06T14:37:58,5.5708,5.5708,5.5708,5.5708,1046.0
2025-08-06T14:38:01,5.5712,5.5712,5.5712,5.5712,236.0
2025-08-06T14:38:26,5.579,5.579,5.579,5.579,161.0
2025-08-06T14:38:27,5.579,5.579,5.579,5.579,100.0
2025-08-06T14:38:30,5.5712,5.5712,5.5712,5.5712,212.0
2025-08-06T14:38:41,5.57,5.575,5.56,5.57,2314.0
2025-08-06T14:38:46,5.565,5.57,5.565,5.57,201.0
2025-08-06T14:38:47,5.565,5.565,5.565,5.565,100.0
2025-08-06T14:38:58,5.5688,5.5688,5.5688,5.5688,118.0
2025-08-06T14:39:04,5.5692,5.5692,5.5692,5.5692,1000.0
2025-08-06T14:39:14,5.565,5.565,5.565,5.565,200.0
2025-08-06T14:39:18,5.57,5.575,5.57,5.575,1790.0
2025-08-06T14:39:19,5.575,5.575,5.575,5.575,127.0
2025-08-06T14:39:20,5.575,5.575,5.57,5.57,5161.0
2025-08-06T14:39:23,5.5699,5.5699,5.5699,5.5699,262.0
2025-08-06T14:39:27,5.57,5.57,5.57,5.57,237.0
2025-08-06T14:39:30,5.571,5.571,5.571,5.571,143.0
2025-08-06T14:39:34,5.57,5.57,5.57,5.57,100.0
2025-08-06T14:39:37,5.577,5.577,5.577,5.577,273.0
2025-08-06T14:39:42,5.57,5.57,5.57,5.57,100.0
2025-08-06T14:39:48,5.57,5.57,5.57,5.57,769.0
2025-08-06T14:39:54,5.57,5.57,5.57,5.57,300.0
2025-08-06T14:39:55,5.57,5.575,5.57,5.57,2921.0
2025-08-06T14:39:56,5.565,5.565,5.565,5.565,100.0
2025-08-06T14:40:05,5.5655,5.5655,5.5655,5.5655,500.0
2025-08-06T14:40:06,5.5655,5.5655,5.565,5.565,788.0
2025-08-06T14:40:10,5.5601,5.575,5.56,5.575,8242.0
2025-08-06T14:40:12,5.575,5.575,5.575,5.575,177.0
2025-08-06T14:40:31,5.575,5.575,5.575,5.575,234.0
2025-08-06T14:40:37,5.5791,5.5791,5.5791,5.5791,102.0
2025-08-06T14:40:51,5.575,5.575,5.575,5.575,100.0
2025-08-06T14:40:52,5.57,5.57,5.555,5.555,3119.0
2025-08-06T14:41:04,5.5506,5.555,5.5506,5.555,2120.0
2025-08-06T14:41:07,5.555,5.555,5.555,5.555,324.0
2025-08-06T14:41:09,5.555,5.555,5.555,5.555,264.0
2025-08-06T14:41:10,5.555,5.555,5.555,5.555,100.0
2025-08-06T14:41:17,5.5535,5.5535,5.5535,5.5535,360.0
2025-08-06T14:41:25,5.5555,5.5555,5.5555,5.5555,120.0
2025-08-06T14:41:31,5.555,5.555,5.555,5.555,169.0
2025-08-06T14:41:36,5.55,5.55,5.55,5.55,350.0
2025-08-06T14:41:49,5.555,5.56,5.55,5.56,1666.0
2025-08-06T14:41:50,5.555,5.555,5.555,5.555,513.0
2025-08-06T14:41:53,5.5588,5.5588,5.5588,5.5588,117.0
2025-08-06T14:42:04,5.55,5.555,5.55,5.555,600.0
2025-08-06T14:42:08,5.555,5.555,5.555,5.555,183.0
2025-08-06T14:42:19,5.56,5.56,5.56,5.56,236.0
2025-08-06T14:42:28,5.555,5.555,5.555,5.555,220.0
2025-08-06T14:42:29,5.555,5.56,5.53,5.535,21438.0
2025-08-06T14:42:30,5.54,5.54,5.54,5.54,132.0
2025-08-06T14:42:31,5.5307,5.5307,5.5307,5.5307,845.0
2025-08-06T14:42:35,5.54,5.54,5.54,5.54,522.0
2025-08-06T14:42:37,5.535,5.54,5.535,5.54,400.0
2025-08-06T14:42:41,5.5301,5.5301,5.5301,5.5301,200.0
2025-08-06T14:42:46,5.535,5.545,5.53,5.5312,22768.0
2025-08-06T14:42:48,5.545,5.55,5.545,5.55,1053.0
2025-08-06T14:42:57,5.545,5.545,5.545,5.545,102.0
2025-08-06T14:42:59,5.5492,5.5492,5.5492,5.5492,566.0
2025-08-06T14:43:02,5.54,5.54,5.53,5.53,2159.0
2025-08-06T14:43:06,5.531,5.531,5.531,5.531,1833.0
2025-08-06T14:43:42,5.535,5.535,5.535,5.535,100.0
2025-08-06T14:43:51,5.539271,5.539271,5.539271,5.539271,535.0
2025-08-06T14:43:55,5.5301,5.5301,5.5301,5.5301,418.0
2025-08-06T14:43:59,5.53,5.54,5.53,5.54,3478.0
2025-08-06T14:44:00,5.54,5.54,5.5354,5.5354,200.0
2025-08-06T14:44:03,5.5399,5.5399,5.5399,5.5399,125.0
2025-08-06T14:44:22,5.535,5.535,5.53,5.53,2266.0
2025-08-06T14:44:29,5.5212,5.5212,5.5212,5.5212,201.0
2025-08-06T14:44:34,5.53,5.53,5.53,5.53,1052.0
2025-08-06T14:44:38,5.5399,5.5399,5.5399,5.5399,2193.0
2025-08-06T14:44:53,5.53,5.5399,5.53,5.5399,4966.0
2025-08-06T14:44:56,5.5309,5.5309,5.5309,5.5309,106.0
2025-08-06T14:45:03,5.54,5.54,5.5318,5.54,1810.0
2025-08-06T14:45:04,5.54,5.54,5.535,5.54,1369.0
2025-08-06T14:45:07,5.54,5.555,5.54,5.555,1869.0
2025-08-06T14:45:09,5.5508,5.5508,5.5508,5.5508,372.0
2025-08-06T14:45:11,5.55,5.55,5.55,5.55,365.0
2025-08-06T14:45:12,5.55,5.55,5.55,5.55,711.0
2025-08-06T14:45:13,5.545,5.545,5.54,5.54,200.0
2025-08-06T14:45:24,5.545,5.545,5.545,5.545,200.0
2025-08-06T14:45:25,5.55,5.55,5.55,5.55,276.0
2025-08-06T14:45:27,5.55,5.55,5.55,5.55,106.0
2025-08-06T14:45:31,5.5501,5.5501,5.5501,5.5501,225.0
2025-08-06T14:45:32,5.55,5.55,5.55,5.55,380.0
2025-08-06T14:45:44,5.56,5.56,5.555,5.555,350.0
2025-08-06T14:46:07,5.555,5.555,5.555,5.555,220.0
2025-08-06T14:46:22,5.55,5.5506,5.55,5.55,3736.0
2025-08-06T14:46:34,5.545,5.545,5.54,5.54,200.0
2025-08-06T14:46:40,5.545,5.545,5.545,5.545,100.0
2025-08-06T14:47:02,5.545,5.545,5.545,5.545,1128.0
2025-08-06T14:47:11,5.545,5.545,5.545,5.545,262.0
2025-08-06T14:47:23,5.545,5.545,5.545,5.545,100.0
2025-08-06T14:47:24,5.54,5.54,5.53,5.535,2069.0
2025-08-06T14:47:29,5.53,5.53,5.53,5.53,324.0
2025-08-06T14:47:36,5.535,5.535,5.535,5.535,103.0
2025-08-06T14:47:54,5.53,5.53,5.53,5.53,470.0
2025-08-06T14:48:19,5.52,5.52,5.52,5.52,250.0
2025-08-06T14:48:37,5.52,5.52,5.52,5.52,100.0
2025-08-06T14:48:41,5.525,5.54,5.525,5.535,4156.0
2025-08-06T14:48:47,5.545,5.55,5.54,5.55,9324.0
2025-08-06T14:49:04,5.56,5.56,5.55,5.55,2580.0
2025-08-06T14:49:08,5.545,5.555,5.545,5.555,5205.0
2025-08-06T14:49:14,5.56,5.56,5.56,5.56,318.0
2025-08-06T14:49:16,5.571,5.571,5.57,5.57,1150.0
2025-08-06T14:49:17,5.57,5.57,5.57,5.57,590.0
2025-08-06T14:49:18,5.5763,5.5763,5.5763,5.5763,1000.0
2025-08-06T14:49:26,5.58,5.58,5.58,5.58,149.0
2025-08-06T14:49:31,5.57,5.57,5.57,5.57,452.0
2025-08-06T14:49:34,5.5736,5.5736,5.5736,5.5736,100.0
2025-08-06T14:49:42,5.575,5.58,5.575,5.58,905.0
2025-08-06T14:49:50,5.5745,5.5745,5.5745,5.5745,250.0
2025-08-06T14:50:02,5.58,5.58,5.58,5.58,200.0
2025-08-06T14:50:03,5.5799,5.5799,5.5799,5.5799,2433.0
2025-08-06T14:50:06,5.575,5.575,5.575,5.575,103.0
2025-08-06T14:50:12,5.575,5.575,5.57,5.57,3810.0
2025-08-06T14:50:26,5.56,5.57,5.56,5.56,1857.0
2025-08-06T14:50:27,5.555,5.555,5.555,5.555,100.0
2025-08-06T14:50:28,5.555,5.555,5.555,5.555,103.0
2025-08-06T14:50:49,5.555,5.555,5.555,5.555,102.0
2025-08-06T14:50:56,5.555,5.555,5.555,5.555,200.0
2025-08-06T14:50:57,5.55,5.555,5.55,5.555,328.0
2025-08-06T14:51:00,5.55,5.55,5.55,5.55,261.0
2025-08-06T14:51:18,5.56,5.565,5.56,5.565,2894.0
2025-08-06T14:51:21,5.57,5.57,5.57,5.57,500.0
2025-08-06T14:51:33,5.5699,5.5699,5.56,5.56,9616.0
2025-08-06T14:51:35,5.5655,5.5655,5.5655,5.5655,100.0
2025-08-06T14:51:41,5.56,5.56,5.56,5.56,1020.0
2025-08-06T14:51:43,5.558729,5.558729,5.558729,5.558729,110.0
2025-08-06T14:51:48,5.555,5.555,5.555,5.555,183.0
2025-08-06T14:52:12,5.555,5.555,5.555,5.555,615.0
2025-08-06T14:52:17,5.555,5.555,5.555,5.555,102.0
2025-08-06T14:52:27,5.55,5.55,5.55,5.55,216.0
2025-08-06T14:52:29,5.55,5.55,5.55,5.55,931.0
2025-08-06T14:52:33,5.555,5.555,5.555,5.555,672.0
2025-08-06T14:52:34,5.555,5.555,5.555,5.555,100.0
2025-08-06T14:52:41,5.56,5.56,5.55,5.555,802.0
2025-08-06T14:52:50,5.55,5.55,5.55,5.55,1822.0
2025-08-06T14:52:54,5.545,5.545,5.54,5.54,873.0
2025-08-06T14:52:55,5.5407,5.5407,5.5407,5.5407,100.0
2025-08-06T14:52:58,5.54,5.54,5.54,5.54,311.0
2025-08-06T14:53:02,5.54,5.54,5.52,5.5215,4396.0
2025-08-06T14:53:07,5.525,5.525,5.525,5.525,307.0
2025-08-06T14:53:15,5.52,5.52,5.52,5.52,200.0
2025-08-06T14:53:17,5.53,5.535,5.525,5.5299,6585.0
2025-08-06T14:53:19,5.525,5.525,5.52,5.52,2298.0
2025-08-06T14:53:21,5.525,5.525,5.525,5.525,100.0
2025-08-06T14:53:28,5.5201,5.5201,5.5201,5.5201,502.0
2025-08-06T14:53:29,5.53,5.535,5.53,5.535,855.0
2025-08-06T14:53:45,5.53,5.53,5.53,5.53,400.0
2025-08-06T14:53:46,5.5399,5.5399,5.53,5.53,988.0
2025-08-06T14:53:48,5.535,5.535,5.535,5.535,9225.0
2025-08-06T14:53:51,5.5391,5.5391,5.5391,5.5391,290.0
2025-08-06T14:53:53,5.535,5.535,5.535,5.535,100.0
2025-08-06T14:54:02,5.535,5.535,5.535,5.535,100.0
2025-08-06T14:54:07,5.5301,5.5301,5.5301,5.5301,582.0
2025-08-06T14:54:25,5.5391,5.5391,5.5391,5.5391,200.0
2025-08-06T14:54:28,5.5363,5.5363,5.5363,5.5363,692.0
2025-08-06T14:54:46,5.53,5.535,5.53,5.53,701.0
2025-08-06T14:54:47,5.53,5.53,5.53,5.53,100.0
2025-08-06T14:55:33,5.53,5.535,5.53,5.535,5662.0
2025-08-06T14:55:36,5.5302,5.5399,5.53,5.5399,1523.0
2025-08-06T14:55:45,5.5301,5.5301,5.5301,5.5301,200.0
2025-08-06T14:55:47,5.5312,5.5312,5.5312,5.5312,353.0
2025-08-06T14:55:51,5.535,5.535,5.535,5.535,200.0
2025-08-06T14:56:00,5.54,5.54,5.535,5.535,2992.0
2025-08-06T14:56:20,5.54,5.54,5.54,5.54,2429.0
2025-08-06T14:56:21,5.535,5.535,5.535,5.535,130.0
2025-08-06T14:56:26,5.5308,5.5308,5.5308,5.5308,1102.0
2025-08-06T14:56:36,5.535,5.535,5.535,5.535,181.0
2025-08-06T14:56:48,5.53,5.535,5.53,5.535,451.0
2025-08-06T14:56:49,5.535,5.535,5.535,5.535,400.0
2025-08-06T14:56:51,5.535,5.535,5.535,5.535,365.0
2025-08-06T14:57:01,5.54,5.55,5.54,5.54,13194.0
2025-08-06T14:57:11,5.541,5.541,5.541,5.541,102.0
2025-08-06T14:57:12,5.5488,5.5488,5.5488,5.5488,128.0
2025-08-06T14:57:21,5.54,5.54,5.54,5.54,1745.0
2025-08-06T14:57:25,5.53,5.53,5.53,5.53,104.0
2025-08-06T14:57:27,5.535,5.5398,5.535,5.5398,800.0
2025-08-06T14:57:40,5.53,5.53,5.525,5.525,2837.0
2025-08-06T14:57:44,5.52,5.52,5.515,5.5188,1485.0
2025-08-06T14:57:52,5.515,5.515,5.515,5.515,157.0
2025-08-06T14:58:01,5.515,5.525,5.515,5.525,5891.0
2025-08-06T14:58:11,5.525,5.525,5.525,5.525,261.0
2025-08-06T14:58:14,5.525,5.525,5.525,5.525,100.0
2025-08-06T14:58:18,5.5208,5.5208,5.5208,5.5208,300.0
2025-08-06T14:58:19,5.5212,5.5212,5.5212,5.5212,129.0
2025-08-06T14:58:22,5.525,5.525,5.525,5.525,100.0
2025-08-06T14:58:23,5.52,5.52,5.52,5.52,164.0
2025-08-06T14:58:24,5.525,5.525,5.52,5.52,2430.0
2025-08-06T14:58:25,5.515,5.515,5.515,5.515,610.0
2025-08-06T14:58:27,5.515,5.515,5.515,5.515,300.0
2025-08-06T14:58:28,5.515,5.515,5.515,5.515,200.0
2025-08-06T14:58:30,5.5191,5.5191,5.5191,5.5191,100.0
2025-08-06T14:58:31,5.515,5.54,5.5,5.53,24242.0
2025-08-06T14:58:32,5.5308,5.5308,5.5,5.5,1199.0
2025-08-06T14:58:40,5.54,5.545,5.53,5.54,5328.0
2025-08-06T14:58:54,5.53,5.53,5.53,5.53,1033.0
2025-08-06T14:58:55,5.525,5.525,5.525,5.525,100.0
2025-08-06T14:58:57,5.525,5.525,5.525,5.525,300.0
2025-08-06T14:59:00,5.53,5.53,5.525,5.525,2926.0
2025-08-06T14:59:09,5.525,5.525,5.525,5.525,100.0
2025-08-06T14:59:17,5.525,5.525,5.525,5.525,200.0
2025-08-06T14:59:18,5.525,5.525,5.525,5.525,100.0
2025-08-06T14:59:28,5.525,5.525,5.525,5.525,103.0
2025-08-06T14:59:44,5.52,5.525,5.52,5.525,302.0
2025-08-06T14:59:48,5.525,5.525,5.525,5.525,786.0
2025-08-06T15:00:00,5.53,5.53,5.53,5.53,2828.0
2025-08-06T15:00:04,5.53,5.53,5.53,5.53,200.0
2025-08-06T15:00:11,5.53,5.53,5.525,5.53,2492.0
2025-08-06T15:00:20,5.535,5.54,5.535,5.54,3033.0
2025-08-06T15:00:31,5.54,5.55,5.54,5.545,1187.0
2025-08-06T15:00:45,5.55,5.55,5.55,5.55,168.0
2025-08-06T15:00:46,5.54,5.545,5.54,5.54,2238.0
2025-08-06T15:00:51,5.54,5.54,5.54,5.54,420.0
2025-08-06T15:00:55,5.53,5.53,5.53,5.53,100.0
2025-08-06T15:01:00,5.54,5.57,5.54,5.57,8020.0
2025-08-06T15:01:05,5.58,5.58,5.58,5.58,218.0
2025-08-06T15:01:09,5.5755,5.5755,5.5755,5.5755,500.0
2025-08-06T15:01:15,5.58,5.58,5.58,5.58,1327.0
2025-08-06T15:01:23,5.598775,5.598775,5.598775,5.598775,333.0
2025-08-06T15:01:27,5.59,5.59,5.59,5.59,300.0
2025-08-06T15:01:28,5.6,5.61,5.6,5.6,4922.0
2025-08-06T15:01:29,5.6091,5.6099,5.605,5.605,1934.0
2025-08-06T15:01:30,5.6092,5.6099,5.6092,5.6099,1029.0
2025-08-06T15:01:32,5.6088,5.6088,5.6088,5.6088,434.0
2025-08-06T15:01:34,5.605,5.605,5.6,5.605,400.0
2025-08-06T15:01:37,5.6,5.6,5.6,5.6,120.0
2025-08-06T15:01:38,5.6001,5.6001,5.6,5.6,1235.0
2025-08-06T15:01:41,5.6,5.6,5.6,5.6,121.0
2025-08-06T15:01:48,5.6,5.6,5.6,5.6,154.0
2025-08-06T15:01:49,5.595,5.595,5.595,5.595,712.0
2025-08-06T15:01:54,5.5965,5.5965,5.5965,5.5965,1000.0
2025-08-06T15:01:55,5.595,5.595,5.59,5.59,5000.0
2025-08-06T15:01:57,5.595,5.595,5.595,5.595,324.0
2025-08-06T15:02:00,5.6,5.6,5.6,5.6,2849.0
2025-08-06T15:02:01,5.5994,5.6,5.595,5.6,1895.0
2025-08-06T15:02:02,5.6,5.6,5.6,5.6,202.0
2025-08-06T15:02:04,5.605,5.605,5.605,5.605,346.0
2025-08-06T15:02:05,5.605,5.605,5.605,5.605,101.0
2025-08-06T15:02:06,5.61,5.61,5.6,5.6,570.0
2025-08-06T15:02:19,5.6,5.6,5.6,5.6,144.0
2025-08-06T15:02:20,5.6099,5.6099,5.6099,5.6099,273.0
2025-08-06T15:02:21,5.605,5.605,5.605,5.605,256.0
2025-08-06T15:02:26,5.6,5.6,5.6,5.6,252.0
2025-08-06T15:02:35,5.602,5.602,5.602,5.602,100.0
2025-08-06T15:02:39,5.605,5.605,5.605,5.605,163.0
2025-08-06T15:02:41,5.61,5.615,5.6099,5.615,3582.0
2025-08-06T15:02:43,5.615,5.615,5.615,5.615,100.0
2025-08-06T15:02:45,5.61,5.61,5.61,5.61,102.0
2025-08-06T15:02:47,5.6199,5.6199,5.6199,5.6199,102.0
2025-08-06T15:02:51,5.61,5.61,5.61,5.61,189.0
2025-08-06T15:02:52,5.6193,5.6193,5.6191,5.6191,2220.0
2025-08-06T15:02:57,5.615,5.615,5.615,5.615,500.0
2025-08-06T15:03:02,5.62,5.66,5.62,5.66,17724.0
2025-08-06T15:03:03,5.65,5.66,5.65,5.66,983.0
2025-08-06T15:03:05,5.655,5.67,5.655,5.67,5324.0
2025-08-06T15:03:06,5.665,5.665,5.65,5.665,2206.0
2025-08-06T15:03:07,5.655,5.655,5.655,5.655,230.0
2025-08-06T15:03:08,5.6591,5.6599,5.6591,5.6599,300.0
2025-08-06T15:03:09,5.6501,5.66,5.6501,5.66,2419.0
2025-08-06T15:03:10,5.65,5.65,5.65,5.65,1055.0
2025-08-06T15:03:13,5.645,5.645,5.645,5.645,581.0
2025-08-06T15:03:15,5.6493,5.6493,5.6493,5.6493,1034.0
2025-08-06T15:03:17,5.65,5.65,5.649,5.65,758.0
2025-08-06T15:03:21,5.6488,5.6488,5.64,5.64,700.0
2025-08-06T15:03:22,5.64,5.6488,5.64,5.6401,4614.0
2025-08-06T15:03:23,5.6406,5.645,5.6406,5.645,735.0
2025-08-06T15:03:25,5.649,5.649,5.649,5.649,100.0
2025-08-06T15:03:36,5.6408,5.6408,5.6408,5.6408,532.0
2025-08-06T15:03:41,5.645,5.645,5.645,5.645,269.0
2025-08-06T15:03:43,5.64,5.6489,5.64,5.6489,1289.0
2025-08-06T15:03:51,5.6408,5.645,5.6408,5.645,1123.0
2025-08-06T15:03:55,5.645,5.645,5.645,5.645,100.0
2025-08-06T15:03:56,5.645,5.645,5.645,5.645,435.0
2025-08-06T15:03:57,5.6499,5.6499,5.6499,5.6499,324.0
2025-08-06T15:03:59,5.645,5.645,5.645,5.645,210.0
2025-08-06T15:04:05,5.65,5.67,5.65,5.655,6579.0
2025-08-06T15:04:08,5.66,5.66,5.66,5.66,200.0
2025-08-06T15:04:10,5.6591,5.6591,5.6591,5.6591,221.0
2025-08-06T15:04:12,5.66,5.66,5.66,5.66,200.0
2025-08-06T15:04:13,5.6591,5.6591,5.6591,5.6591,205.0
2025-08-06T15:04:14,5.655,5.6598,5.6546,5.6598,2106.0
2025-08-06T15:04:16,5.655,5.67,5.655,5.66,6107.0
2025-08-06T15:04:18,5.67,5.67,5.67,5.67,1386.0
2025-08-06T15:04:19,5.6709,5.6709,5.6709,5.6709,111.0
2025-08-06T15:04:20,5.6799,5.6799,5.6799,5.6799,3103.0
2025-08-06T15:04:21,5.6799,5.68,5.6699,5.6699,8871.0
2025-08-06T15:04:22,5.665,5.665,5.663,5.663,381.0
2025-08-06T15:04:23,5.6691,5.6691,5.6691,5.6691,100.0
2025-08-06T15:04:24,5.67,5.67,5.67,5.67,101.0
2025-08-06T15:04:27,5.66,5.665,5.65,5.66,5557.0
2025-08-06T15:04:28,5.655,5.655,5.655,5.655,505.0
2025-08-06T15:04:31,5.65,5.65,5.65,5.65,154.0
2025-08-06T15:04:32,5.65,5.65,5.65,5.65,2464.0
2025-08-06T15:04:47,5.655,5.655,5.65,5.655,674.0
2025-08-06T15:04:50,5.65,5.65,5.65,5.65,200.0
2025-08-06T15:04:54,5.655,5.655,5.655,5.655,220.0
2025-08-06T15:05:01,5.66,5.68,5.66,5.66,5485.0
2025-08-06T15:05:04,5.6599,5.6599,5.6599,5.6599,2001.0
2025-08-06T15:05:17,5.65,5.655,5.65,5.65,3103.0
2025-08-06T15:05:18,5.65,5.65,5.65,5.65,476.0
2025-08-06T15:05:21,5.65,5.65,5.645,5.65,2003.0
2025-08-06T15:05:25,5.6415,5.6415,5.6415,5.6415,300.0
2025-08-06T15:05:27,5.6409,5.6409,5.6409,5.6409,675.0
2025-08-06T15:05:32,5.65,5.65,5.64,5.645,694.0
2025-08-06T15:05:33,5.65,5.655,5.6412,5.65,2617.0
2025-08-06T15:05:36,5.65,5.655,5.6463,5.65,3770.0
2025-08-06T15:05:37,5.65,5.65,5.65,5.65,407.0
2025-08-06T15:05:41,5.645,5.645,5.645,5.645,100.0
2025-08-06T15:05:43,5.65,5.65,5.65,5.65,200.0
2025-08-06T15:05:46,5.65,5.65,5.65,5.65,296.0
2025-08-06T15:05:47,5.65,5.655,5.62,5.64,20026.0
2025-08-06T15:05:48,5.6301,5.635,5.6301,5.635,9301.0
2025-08-06T15:05:52,5.632,5.632,5.632,5.632,100.0
2025-08-06T15:05:53,5.635,5.635,5.635,5.635,1001.0
2025-08-06T15:05:55,5.63,5.63,5.62,5.62,3103.0
2025-08-06T15:05:56,5.62,5.62,5.62,5.62,800.0
2025-08-06T15:05:57,5.6146,5.6146,5.61,5.61,377.0
2025-08-06T15:06:00,5.62,5.62,5.62,5.62,100.0
2025-08-06T15:06:04,5.62,5.62,5.62,5.62,163.0
2025-08-06T15:06:07,5.62,5.62,5.62,5.62,115.0
2025-08-06T15:06:12,5.615,5.615,5.615,5.615,350.0
2025-08-06T15:06:19,5.615,5.615,5.615,5.615,2000.0
2025-08-06T15:06:22,5.6111,5.6111,5.6111,5.6111,100.0
2025-08-06T15:06:28,5.615,5.645,5.615,5.645,2265.0
2025-08-06T15:06:29,5.65,5.65,5.65,5.65,195.0
2025-08-06T15:06:32,5.6401,5.65,5.6401,5.645,1125.0
2025-08-06T15:06:36,5.65,5.65,5.65,5.65,100.0
2025-08-06T15:06:43,5.6495,5.6495,5.645,5.645,1244.0
2025-08-06T15:06:44,5.65,5.65,5.65,5.65,100.0
2025-08-06T15:06:47,5.6488,5.6488,5.6488,5.6488,189.0
2025-08-06T15:06:49,5.65,5.65,5.65,5.65,500.0
2025-08-06T15:06:50,5.6495,5.6495,5.64,5.645,1124.0
2025-08-06T15:06:51,5.65,5.65,5.64,5.645,583.0
2025-08-06T15:06:57,5.6492,5.6492,5.6492,5.6492,413.0
2025-08-06T15:07:01,5.645,5.645,5.645,5.645,100.0
2025-08-06T15:07:11,5.64,5.64,5.64,5.64,100.0
2025-08-06T15:07:29,5.65,5.65,5.65,5.65,200.0
2025-08-06T15:07:43,5.65,5.65,5.65,5.65,100.0
2025-08-06T15:07:57,5.65,5.65,5.65,5.65,200.0
2025-08-06T15:07:59,5.65,5.655,5.65,5.655,2159.0
2025-08-06T15:08:01,5.6592,5.6592,5.6592,5.6592,1029.0
2025-08-06T15:08:05,5.655,5.655,5.655,5.655,1000.0
2025-08-06T15:08:06,5.655,5.655,5.655,5.655,310.0
2025-08-06T15:08:08,5.655,5.655,5.655,5.655,105.0
2025-08-06T15:08:16,5.6555,5.6555,5.6555,5.6555,2039.0
2025-08-06T15:08:22,5.6576,5.6576,5.6576,5.6576,524.0
2025-08-06T15:08:23,5.66,5.66,5.6599,5.6599,252.0
2025-08-06T15:08:34,5.65,5.65,5.65,5.65,401.0
2025-08-06T15:08:35,5.655,5.655,5.655,5.655,200.0
2025-08-06T15:08:42,5.65,5.65,5.65,5.65,200.0
2025-08-06T15:08:43,5.655,5.66,5.64,5.64,11793.0
2025-08-06T15:08:46,5.6311,5.6311,5.6311,5.6311,2029.0
2025-08-06T15:08:48,5.63,5.63,5.63,5.63,1002.0
2025-08-06T15:09:03,5.6245,5.6245,5.6245,5.6245,2105.0
2025-08-06T15:09:20,5.62,5.62,5.61,5.62,7131.0
2025-08-06T15:09:30,5.615,5.615,5.615,5.615,144.0
2025-08-06T15:09:36,5.61,5.61,5.61,5.61,1209.0
2025-08-06T15:09:37,5.6,5.6,5.6,5.6,2564.0
2025-08-06T15:09:38,5.6007,5.605,5.6007,5.605,5106.0
2025-08-06T15:09:42,5.61,5.61,5.61,5.61,120.0
2025-08-06T15:09:46,5.61,5.61,5.61,5.61,525.0
2025-08-06T15:09:54,5.61,5.61,5.61,5.61,4648.0
2025-08-06T15:09:55,5.61,5.61,5.59,5.595,5161.0
2025-08-06T15:09:56,5.5999,5.5999,5.5999,5.5999,284.0
2025-08-06T15:10:02,5.6,5.6,5.6,5.6,221.0
2025-08-06T15:10:04,5.6,5.6,5.595,5.6,891.0
2025-08-06T15:10:06,5.595,5.595,5.595,5.595,948.0
2025-08-06T15:10:08,5.595,5.595,5.595,5.595,746.0
2025-08-06T15:10:14,5.591,5.591,5.591,5.591,200.0
2025-08-06T15:10:20,5.595,5.61,5.595,5.61,4270.0
2025-08-06T15:10:26,5.615,5.615,5.615,5.615,500.0
2025-08-06T15:11:01,5.615,5.615,5.615,5.615,113.0
2025-08-06T15:11:09,5.615,5.615,5.615,5.615,102.0
2025-08-06T15:11:22,5.615,5.615,5.615,5.615,129.0
2025-08-06T15:11:31,5.62,5.63,5.62,5.63,3764.0
2025-08-06T15:11:32,5.635,5.635,5.635,5.635,320.0
2025-08-06T15:11:36,5.6355,5.6355,5.6355,5.6355,105.0
2025-08-06T15:11:44,5.6397,5.6397,5.6397,5.6397,608.0
2025-08-06T15:11:47,5.635,5.635,5.635,5.635,100.0
2025-08-06T15:11:50,5.635,5.635,5.635,5.635,700.0
2025-08-06T15:11:52,5.64,5.64,5.635,5.64,3215.0
2025-08-06T15:11:54,5.635,5.635,5.63,5.63,520.0
2025-08-06T15:11:55,5.635,5.635,5.635,5.635,697.0
2025-08-06T15:12:06,5.6363,5.6363,5.6363,5.6363,1029.0
2025-08-06T15:12:07,5.635,5.635,5.635,5.635,852.0
2025-08-06T15:12:13,5.6346,5.6346,5.6346,5.6346,333.0
2025-08-06T15:12:14,5.63,5.63,5.62,5.62,5301.0
2025-08-06T15:12:23,5.61,5.61,5.61,5.61,1129.0
2025-08-06T15:12:24,5.605,5.605,5.605,5.605,242.0
2025-08-06T15:12:55,5.6,5.6,5.6,5.6,100.0
2025-08-06T15:13:06,5.605,5.605,5.605,5.605,101.0
2025-08-06T15:13:25,5.6001,5.6001,5.6,5.6,2304.0
2025-08-06T15:13:26,5.595,5.595,5.595,5.595,101.0
2025-08-06T15:13:30,5.595,5.605,5.59,5.59,14972.0
2025-08-06T15:13:33,5.595,5.595,5.585,5.59,1711.0
2025-08-06T15:13:38,5.585,5.585,5.58,5.58,940.0
2025-08-06T15:13:47,5.585,5.585,5.585,5.585,100.0
2025-08-06T15:13:53,5.585,5.585,5.585,5.585,100.0
2025-08-06T15:13:54,5.58,5.58,5.58,5.58,2046.0
2025-08-06T15:14:03,5.585,5.585,5.585,5.585,301.0
2025-08-06T15:14:04,5.5802,5.5802,5.5802,5.5802,1050.0
2025-08-06T15:14:06,5.58,5.58,5.58,5.58,1135.0
2025-08-06T15:14:12,5.575,5.575,5.575,5.575,109.0
2025-08-06T15:14:13,5.575,5.575,5.575,5.575,239.0
2025-08-06T15:14:14,5.575,5.58,5.575,5.58,3867.0
2025-08-06T15:14:24,5.585,5.605,5.585,5.6,5444.0
2025-08-06T15:14:25,5.605,5.605,5.605,5.605,100.0
2025-08-06T15:14:28,5.605,5.605,5.605,5.605,181.0
2025-08-06T15:14:34,5.605,5.605,5.605,5.605,304.0
2025-08-06T15:14:43,5.605,5.605,5.605,5.605,100.0
2025-08-06T15:14:45,5.605,5.605,5.605,5.605,220.0
2025-08-06T15:14:47,5.605,5.605,5.605,5.605,143.0
2025-08-06T15:14:50,5.61,5.61,5.61,5.61,1023.0
2025-08-06T15:14:52,5.61,5.61,5.61,5.61,111.0
2025-08-06T15:15:01,5.61,5.61,5.61,5.61,169.0
2025-08-06T15:15:02,5.615,5.615,5.615,5.615,220.0
2025-08-06T15:15:07,5.61,5.61,5.61,5.61,5099.0
2025-08-06T15:15:12,5.61,5.61,5.605,5.605,1139.0
2025-08-06T15:15:21,5.605,5.61,5.605,5.61,1118.0
2025-08-06T15:15:24,5.61,5.61,5.61,5.61,12179.0
2025-08-06T15:15:29,5.615,5.615,5.615,5.615,102.0
2025-08-06T15:15:37,5.6191,5.6191,5.6191,5.6191,232.0
2025-08-06T15:15:38,5.615,5.615,5.615,5.615,500.0
2025-08-06T15:15:39,5.62,5.62,5.61,5.615,1331.0
2025-08-06T15:15:59,5.6199,5.6199,5.6199,5.6199,2022.0
2025-08-06T15:16:04,5.615,5.615,5.615,5.615,120.0
2025-08-06T15:16:10,5.61,5.61,5.61,5.61,157.0
2025-08-06T15:16:25,5.615,5.615,5.615,5.615,331.0
2025-08-06T15:16:28,5.615,5.615,5.615,5.615,3667.0
2025-08-06T15:16:35,5.615,5.615,5.615,5.615,100.0
2025-08-06T15:16:39,5.62,5.62,5.62,5.62,255.0
2025-08-06T15:16:41,5.6199,5.625,5.6199,5.625,2587.0
2025-08-06T15:16:43,5.625,5.63,5.625,5.63,7017.0
2025-08-06T15:17:00,5.621,5.621,5.621,5.621,195.0
2025-08-06T15:17:10,5.63,5.63,5.63,5.63,429.0
2025-08-06T15:17:15,5.64,5.65,5.64,5.65,798.0
2025-08-06T15:17:16,5.65,5.659,5.6499,5.6499,4067.0
2025-08-06T15:17:23,5.66,5.66,5.6592,5.6592,251.0
2025-08-06T15:17:25,5.65,5.65,5.65,5.65,154.0
2025-08-06T15:17:26,5.655,5.66,5.655,5.66,1499.0
2025-08-06T15:17:27,5.66,5.671,5.66,5.671,1918.0
2025-08-06T15:17:28,5.67,5.68,5.67,5.68,3451.0
2025-08-06T15:17:29,5.67,5.6799,5.67,5.6799,4305.0
2025-08-06T15:17:30,5.6774,5.6774,5.665,5.67,3160.0
2025-08-06T15:17:32,5.665,5.665,5.665,5.665,1322.0
2025-08-06T15:17:35,5.6692,5.6692,5.6692,5.6692,1145.0
2025-08-06T15:17:38,5.665,5.665,5.665,5.665,113.0
2025-08-06T15:17:43,5.66,5.66,5.65,5.65,4994.0
2025-08-06T15:17:44,5.64,5.65,5.64,5.65,1776.0
2025-08-06T15:17:46,5.6499,5.6499,5.6499,5.6499,2081.0
2025-08-06T15:17:47,5.655,5.655,5.655,5.655,350.0
2025-08-06T15:17:49,5.655,5.655,5.655,5.655,165.0
2025-08-06T15:17:55,5.65,5.65,5.65,5.65,538.0
2025-08-06T15:18:00,5.6498,5.6498,5.6498,5.6498,100.0
2025-08-06T15:18:01,5.645,5.66,5.645,5.6495,4081.0
2025-08-06T15:18:04,5.655,5.655,5.655,5.655,169.0
2025-08-06T15:18:07,5.655,5.655,5.655,5.655,815.0
2025-08-06T15:18:10,5.655,5.655,5.655,5.655,365.0
2025-08-06T15:18:12,5.65,5.65,5.65,5.65,125.0
2025-08-06T15:18:13,5.65,5.65,5.65,5.65,151.0
2025-08-06T15:18:26,5.65,5.65,5.65,5.65,579.0
2025-08-06T15:18:47,5.655,5.66,5.655,5.6597,906.0
2025-08-06T15:18:48,5.66,5.66,5.66,5.66,317.0
2025-08-06T15:18:50,5.665,5.665,5.665,5.665,3200.0
2025-08-06T15:18:54,5.67,5.67,5.665,5.67,878.0
2025-08-06T15:18:55,5.6618,5.6618,5.66,5.66,200.0
2025-08-06T15:19:01,5.665,5.665,5.665,5.665,216.0
2025-08-06T15:19:04,5.6699,5.6699,5.6699,5.6699,100.0
2025-08-06T15:19:11,5.66,5.665,5.645,5.645,24668.0
2025-08-06T15:19:12,5.645,5.645,5.6447,5.6447,4102.0
2025-08-06T15:19:14,5.641,5.641,5.641,5.641,1068.0
2025-08-06T15:19:18,5.6402,5.6402,5.6402,5.6402,200.0
2025-08-06T15:19:22,5.645,5.65,5.6434,5.6434,895.0
2025-08-06T15:19:23,5.6401,5.6401,5.64,5.64,9931.0
2025-08-06T15:19:35,5.635,5.635,5.635,5.635,250.0
2025-08-06T15:19:37,5.64,5.64,5.64,5.64,2989.0
2025-08-06T15:19:45,5.635,5.64,5.635,5.64,636.0
2025-08-06T15:19:46,5.64,5.64,5.64,5.64,506.0
2025-08-06T15:19:47,5.6309,5.6309,5.6309,5.6309,1000.0
2025-08-06T15:19:48,5.635,5.635,5.635,5.635,350.0
2025-08-06T15:19:53,5.635,5.635,5.6302,5.6302,933.0
2025-08-06T15:19:57,5.635,5.635,5.625,5.625,6960.0
2025-08-06T15:19:59,5.625,5.625,5.625,5.625,302.0
2025-08-06T15:20:00,5.625,5.625,5.625,5.625,400.0
2025-08-06T15:20:09,5.63,5.63,5.63,5.63,125.0
2025-08-06T15:20:26,5.6312,5.6312,5.6312,5.6312,242.0
2025-08-06T15:20:36,5.635,5.635,5.635,5.635,126.0
2025-08-06T15:20:38,5.635,5.64,5.635,5.6363,754.0
2025-08-06T15:20:58,5.637,5.637,5.637,5.637,123.0
2025-08-06T15:21:08,5.63,5.63,5.63,5.63,330.0
2025-08-06T15:21:35,5.6388,5.6388,5.6388,5.6388,108.0
2025-08-06T15:21:49,5.63,5.63,5.63,5.63,6818.0
2025-08-06T15:21:53,5.6293,5.6293,5.6293,5.6293,2000.0
2025-08-06T15:21:59,5.63,5.63,5.63,5.63,234.0
2025-08-06T15:22:00,5.625,5.63,5.625,5.625,953.0
2025-08-06T15:22:01,5.625,5.625,5.625,5.625,300.0
2025-08-06T15:22:04,5.6209,5.6209,5.6209,5.6209,700.0
2025-08-06T15:22:11,5.625,5.625,5.625,5.625,100.0
2025-08-06T15:22:19,5.625,5.625,5.625,5.625,3257.0
2025-08-06T15:22:44,5.6298,5.6298,5.6298,5.6298,1000.0
2025-08-06T15:22:47,5.6203,5.6203,5.6203,5.6203,1058.0
2025-08-06T15:22:51,5.6201,5.6201,5.6201,5.6201,2055.0
2025-08-06T15:22:54,5.6208,5.625,5.61,5.62,6860.0
2025-08-06T15:23:00,5.615,5.615,5.615,5.615,172.0
2025-08-06T15:23:01,5.6108,5.6108,5.6108,5.6108,1376.0
2025-08-06T15:23:02,5.615,5.615,5.615,5.615,204.0
2025-08-06T15:23:03,5.615,5.615,5.615,5.615,1250.0
2025-08-06T15:23:05,5.61,5.62,5.61,5.615,1577.0
2025-08-06T15:23:08,5.62,5.62,5.62,5.62,102.0
2025-08-06T15:23:20,5.6101,5.6101,5.6101,5.6101,350.0
2025-08-06T15:23:21,5.615,5.635,5.615,5.62,16492.0
2025-08-06T15:23:33,5.63,5.63,5.63,5.63,343.0
2025-08-06T15:23:35,5.625,5.625,5.625,5.625,102.0
2025-08-06T15:23:42,5.625,5.625,5.625,5.625,255.0
2025-08-06T15:23:43,5.62,5.62,5.62,5.62,2000.0
2025-08-06T15:24:09,5.62,5.62,5.62,5.62,325.0
2025-08-06T15:24:11,5.62,5.62,5.62,5.62,110.0
2025-08-06T15:24:12,5.625,5.625,5.625,5.625,200.0
2025-08-06T15:24:15,5.625,5.625,5.625,5.625,763.0
2025-08-06T15:24:18,5.63,5.64,5.63,5.64,4484.0
2025-08-06T15:24:22,5.6393,5.6393,5.6393,5.6393,1021.0
2025-08-06T15:24:25,5.6399,5.6399,5.6399,5.6399,500.0
2025-08-06T15:24:35,5.63,5.635,5.63,5.63,4840.0
2025-08-06T15:25:06,5.62,5.62,5.62,5.62,3770.0
2025-08-06T15:25:12,5.62,5.625,5.62,5.62,2376.0
2025-08-06T15:25:13,5.61,5.61,5.61,5.61,793.0
2025-08-06T15:25:24,5.615,5.615,5.615,5.615,100.0
2025-08-06T15:25:26,5.62,5.62,5.615,5.62,1579.0
2025-08-06T15:25:36,5.63,5.63,5.63,5.63,666.0
2025-08-06T15:25:42,5.625,5.625,5.625,5.625,200.0
2025-08-06T15:25:44,5.62,5.62,5.62,5.62,1781.0
2025-08-06T15:25:51,5.62,5.62,5.62,5.62,200.0
2025-08-06T15:26:01,5.61,5.61,5.6,5.6,4187.0
2025-08-06T15:26:03,5.605,5.605,5.605,5.605,100.0
2025-08-06T15:26:05,5.605,5.605,5.605,5.605,220.0
2025-08-06T15:26:07,5.6,5.6,5.6,5.6,2000.0
2025-08-06T15:26:17,5.61,5.61,5.61,5.61,276.0
2025-08-06T15:26:21,5.605,5.605,5.605,5.605,208.0
2025-08-06T15:26:22,5.6094,5.61,5.6094,5.61,2459.0
2025-08-06T15:26:24,5.615,5.615,5.615,5.615,2500.0
2025-08-06T15:26:25,5.6155,5.6155,5.6155,5.6155,2524.0
2025-08-06T15:26:33,5.6135,5.6135,5.6135,5.6135,2000.0
2025-08-06T15:26:36,5.62,5.625,5.61,5.615,8644.0
2025-08-06T15:26:42,5.615,5.615,5.615,5.615,100.0
2025-08-06T15:27:01,5.6199,5.6199,5.615,5.615,200.0
2025-08-06T15:27:04,5.62,5.62,5.62,5.62,2489.0
2025-08-06T15:27:20,5.63,5.63,5.63,5.63,183.0
2025-08-06T15:27:25,5.6299,5.63,5.6299,5.63,555.0
2025-08-06T15:27:52,5.63,5.63,5.63,5.63,122.0
2025-08-06T15:27:58,5.63,5.63,5.63,5.63,172.0
2025-08-06T15:27:59,5.62,5.62,5.62,5.62,123.0
2025-08-06T15:28:07,5.63,5.63,5.63,5.63,3219.0
2025-08-06T15:28:13,5.635,5.6392,5.635,5.6392,1563.0
2025-08-06T15:28:15,5.636,5.636,5.635,5.635,400.0
2025-08-06T15:28:17,5.635,5.635,5.635,5.635,319.0
2025-08-06T15:28:36,5.64,5.64,5.64,5.64,331.0
2025-08-06T15:28:39,5.6393,5.64,5.6393,5.64,1153.0
2025-08-06T15:28:43,5.64,5.64,5.64,5.64,464.0
2025-08-06T15:28:46,5.64,5.64,5.64,5.64,100.0
2025-08-06T15:28:53,5.64,5.64,5.64,5.64,111.0
2025-08-06T15:28:55,5.64,5.645,5.625,5.625,9083.0
2025-08-06T15:28:56,5.625,5.625,5.625,5.625,130.0
2025-08-06T15:29:00,5.63,5.63,5.625,5.625,291.0
2025-08-06T15:29:03,5.625,5.625,5.625,5.625,100.0
2025-08-06T15:29:09,5.6201,5.6201,5.6201,5.6201,1000.0
2025-08-06T15:29:10,5.625,5.625,5.625,5.625,100.0
2025-08-06T15:29:14,5.62,5.62,5.62,5.62,122.0
2025-08-06T15:29:20,5.62,5.62,5.62,5.62,4150.0
2025-08-06T15:29:24,5.625,5.63,5.625,5.63,2068.0
2025-08-06T15:29:37,5.63,5.63,5.63,5.63,175.0
2025-08-06T15:29:48,5.64,5.64,5.64,5.64,300.0
2025-08-06T15:29:51,5.635,5.635,5.635,5.635,833.0
2025-08-06T15:29:59,5.635,5.6391,5.635,5.6391,1770.0
2025-08-06T15:30:00,5.635,5.64,5.635,5.64,6651.0
2025-08-06T15:30:02,5.6398,5.6398,5.6398,5.6398,859.0
2025-08-06T15:30:08,5.64,5.659,5.6397,5.65,6416.0
2025-08-06T15:30:09,5.655,5.655,5.655,5.655,200.0
2025-08-06T15:30:10,5.655,5.655,5.655,5.655,1110.0
2025-08-06T15:30:11,5.66,5.66,5.66,5.66,4099.0
2025-08-06T15:30:13,5.66,5.66,5.66,5.66,863.0
2025-08-06T15:30:14,5.665,5.665,5.665,5.665,853.0
2025-08-06T15:30:15,5.665,5.665,5.66,5.66,220.0
2025-08-06T15:30:16,5.66,5.66,5.66,5.66,2948.0
2025-08-06T15:30:20,5.655,5.66,5.6508,5.6508,5432.0
2025-08-06T15:30:21,5.66,5.66,5.66,5.66,113.0
2025-08-06T15:30:22,5.655,5.655,5.655,5.655,220.0
2025-08-06T15:30:23,5.665,5.67,5.665,5.67,361.0
2025-08-06T15:30:24,5.6691,5.6691,5.6691,5.6691,125.0
2025-08-06T15:30:30,5.665,5.665,5.66,5.66,523.0
2025-08-06T15:30:31,5.67,5.67,5.67,5.67,202.0
2025-08-06T15:30:33,5.6694,5.6694,5.6694,5.6694,218.0
2025-08-06T15:30:41,5.665,5.67,5.66,5.665,1100.0
2025-08-06T15:30:46,5.6611,5.6611,5.655,5.655,4269.0
2025-08-06T15:30:47,5.66,5.66,5.66,5.66,3582.0
2025-08-06T15:30:49,5.66,5.66,5.66,5.66,170.0
2025-08-06T15:30:51,5.6565,5.6565,5.6565,5.6565,103.0
2025-08-06T15:30:54,5.6599,5.6599,5.655,5.655,400.0
2025-08-06T15:30:58,5.655,5.655,5.655,5.655,100.0
2025-08-06T15:30:59,5.655,5.655,5.655,5.655,2230.0
2025-08-06T15:31:04,5.6603,5.6603,5.66,5.66,3197.0
2025-08-06T15:31:05,5.661,5.661,5.66,5.66,3727.0
2025-08-06T15:31:06,5.6601,5.6601,5.6601,5.6601,150.0
2025-08-06T15:31:11,5.6601,5.6601,5.6601,5.6601,250.0
2025-08-06T15:31:12,5.6601,5.6601,5.6601,5.6601,122.0
2025-08-06T15:31:20,5.669,5.669,5.669,5.669,100.0
2025-08-06T15:31:21,5.6601,5.6601,5.6601,5.6601,300.0
2025-08-06T15:31:35,5.6699,5.6699,5.6699,5.6699,202.0
2025-08-06T15:31:39,5.6689,5.6689,5.6689,5.6689,172.0
2025-08-06T15:31:48,5.67,5.67,5.67,5.67,1488.0
2025-08-06T15:31:52,5.68,5.685,5.679,5.679,17850.0
2025-08-06T15:31:53,5.67,5.7,5.67,5.7,9727.0
2025-08-06T15:31:55,5.69,5.69,5.69,5.69,974.0
2025-08-06T15:31:56,5.6899,5.6899,5.6899,5.6899,532.0
2025-08-06T15:31:58,5.69,5.69,5.69,5.69,744.0
2025-08-06T15:31:59,5.69,5.69,5.69,5.69,120.0
2025-08-06T15:32:00,5.685,5.685,5.685,5.685,103.0
2025-08-06T15:32:01,5.6893,5.6893,5.6893,5.6893,483.0
2025-08-06T15:32:02,5.6893,5.6893,5.6893,5.6893,1147.0
2025-08-06T15:32:04,5.68,5.685,5.68,5.685,5365.0
2025-08-06T15:32:10,5.685,5.685,5.685,5.685,240.0
2025-08-06T15:32:11,5.685,5.685,5.66,5.665,9624.0
2025-08-06T15:32:14,5.66,5.66,5.66,5.66,462.0
2025-08-06T15:32:16,5.66,5.66,5.66,5.66,200.0
2025-08-06T15:32:17,5.665,5.665,5.665,5.665,2118.0
2025-08-06T15:32:20,5.67,5.67,5.67,5.67,733.0
2025-08-06T15:32:25,5.6708,5.6708,5.6708,5.6708,1055.0
2025-08-06T15:32:32,5.675,5.675,5.675,5.675,261.0
2025-08-06T15:32:35,5.675,5.675,5.675,5.675,556.0
2025-08-06T15:32:36,5.6799,5.6799,5.6797,5.6797,333.0
2025-08-06T15:32:39,5.675,5.675,5.675,5.675,102.0
2025-08-06T15:32:48,5.675,5.6753,5.675,5.6753,4212.0
2025-08-06T15:32:51,5.675,5.675,5.67,5.67,402.0
2025-08-06T15:32:52,5.675,5.675,5.675,5.675,760.0
2025-08-06T15:32:53,5.67,5.675,5.655,5.655,6165.0
2025-08-06T15:32:54,5.65,5.65,5.64,5.65,8511.0
2025-08-06T15:32:55,5.655,5.655,5.6438,5.6438,2934.0
2025-08-06T15:32:59,5.64,5.64,5.635,5.635,1886.0
2025-08-06T15:33:00,5.6399,5.6399,5.6399,5.6399,290.0
2025-08-06T15:33:01,5.64,5.65,5.64,5.64,3536.0
2025-08-06T15:33:04,5.645,5.65,5.645,5.65,1989.0
2025-08-06T15:33:10,5.6545,5.6545,5.6545,5.6545,500.0
2025-08-06T15:33:16,5.66,5.66,5.66,5.66,849.0
2025-08-06T15:33:19,5.66,5.66,5.66,5.66,306.0
2025-08-06T15:33:37,5.665,5.665,5.665,5.665,1233.0
2025-08-06T15:33:44,5.66,5.665,5.66,5.665,234.0
2025-08-06T15:33:52,5.665,5.665,5.66,5.665,1228.0
2025-08-06T15:33:53,5.6688,5.67,5.6688,5.67,457.0
2025-08-06T15:33:56,5.67,5.6798,5.67,5.6798,1416.0
2025-08-06T15:33:59,5.6747,5.6747,5.6747,5.6747,4129.0
2025-08-06T15:34:04,5.67,5.67,5.67,5.67,200.0
2025-08-06T15:34:08,5.6791,5.6791,5.675,5.675,938.0
2025-08-06T15:34:10,5.675,5.675,5.675,5.675,100.0
2025-08-06T15:34:19,5.6707,5.6707,5.67,5.67,4130.0
2025-08-06T15:34:20,5.67,5.67,5.67,5.67,422.0
2025-08-06T15:34:21,5.675,5.675,5.675,5.675,146.0
2025-08-06T15:34:23,5.678,5.678,5.678,5.678,100.0
2025-08-06T15:34:24,5.6765,5.6765,5.6765,5.6765,5020.0
2025-08-06T15:34:33,5.675,5.675,5.675,5.675,203.0
2025-08-06T15:34:37,5.6701,5.6701,5.665,5.669,10660.0
2025-08-06T15:34:40,5.67,5.67,5.67,5.67,251.0
2025-08-06T15:34:41,5.675,5.675,5.675,5.675,100.0
2025-08-06T15:34:43,5.675,5.675,5.675,5.675,100.0
2025-08-06T15:34:48,5.675,5.675,5.675,5.675,1538.0
2025-08-06T15:35:01,5.679,5.679,5.679,5.679,114.0
2025-08-06T15:35:02,5.675,5.675,5.675,5.675,142.0
2025-08-06T15:35:05,5.675,5.675,5.675,5.675,1134.0
2025-08-06T15:35:09,5.675,5.685,5.675,5.68,3808.0
2025-08-06T15:35:10,5.69,5.69,5.69,5.69,642.0
2025-08-06T15:35:11,5.69,5.69,5.685,5.685,601.0
2025-08-06T15:35:12,5.6892,5.6892,5.68,5.685,6243.0
2025-08-06T15:35:13,5.685,5.6851,5.675,5.675,11719.0
2025-08-06T15:35:18,5.6747,5.6747,5.6747,5.6747,4029.0
2025-08-06T15:35:19,5.68,5.69,5.68,5.69,3763.0
2025-08-06T15:35:20,5.6899,5.695,5.6869,5.695,6489.0
2025-08-06T15:35:21,5.695,5.695,5.695,5.695,933.0
2025-08-06T15:35:22,5.69,5.69,5.69,5.69,1346.0
2025-08-06T15:35:23,5.69,5.6909,5.69,5.6909,275.0
2025-08-06T15:35:24,5.6953,5.6953,5.6945,5.6945,4390.0
2025-08-06T15:35:26,5.695,5.695,5.695,5.695,3430.0
2025-08-06T15:35:27,5.695,5.6999,5.6901,5.6999,701.0
2025-08-06T15:35:28,5.695,5.695,5.695,5.695,700.0
2025-08-06T15:35:31,5.7,5.7,5.6999,5.6999,300.0
2025-08-06T15:35:32,5.7,5.7,5.7,5.7,469.0
2025-08-06T15:35:35,5.6945,5.695,5.6945,5.695,964.0
2025-08-06T15:35:37,5.6988,5.6988,5.6988,5.6988,238.0
2025-08-06T15:35:40,5.695,5.695,5.695,5.695,530.0
2025-08-06T15:35:41,5.7,5.708,5.7,5.708,12782.0
2025-08-06T15:35:42,5.71,5.72,5.71,5.718,4715.0
2025-08-06T15:35:43,5.71,5.725,5.71,5.725,1892.0
2025-08-06T15:35:44,5.72,5.7293,5.72,5.725,890.0
2025-08-06T15:35:46,5.7207,5.7207,5.7207,5.7207,580.0
2025-08-06T15:35:48,5.725,5.725,5.725,5.725,1268.0
2025-08-06T15:35:49,5.725,5.7293,5.725,5.725,1412.0
2025-08-06T15:35:50,5.725,5.725,5.725,5.725,650.0
2025-08-06T15:35:51,5.725,5.725,5.725,5.725,340.0
2025-08-06T15:35:54,5.725,5.725,5.725,5.725,1095.0
2025-08-06T15:35:56,5.7209,5.7209,5.7209,5.7209,522.0
2025-08-06T15:35:57,5.7291,5.7291,5.7291,5.7291,172.0
2025-08-06T15:35:58,5.7255,5.7255,5.7255,5.7255,8411.0
2025-08-06T15:36:00,5.725,5.725,5.72,5.72,474.0
2025-08-06T15:36:01,5.72,5.72,5.67,5.685,22897.0
2025-08-06T15:36:02,5.685,5.685,5.66,5.665,11226.0
2025-08-06T15:36:03,5.66,5.66,5.66,5.66,100.0
2025-08-06T15:36:04,5.665,5.675,5.665,5.675,924.0
2025-08-06T15:36:05,5.675,5.69,5.675,5.69,2352.0
2025-08-06T15:36:07,5.6891,5.6891,5.6891,5.6891,200.0
2025-08-06T15:36:09,5.6835,5.6835,5.6801,5.6801,4122.0
2025-08-06T15:36:13,5.685,5.695,5.685,5.69,1645.0
2025-08-06T15:36:14,5.695,5.695,5.695,5.695,353.0
2025-08-06T15:36:17,5.69,5.69,5.69,5.69,200.0
2025-08-06T15:36:21,5.699,5.7,5.695,5.7,1583.0
2025-08-06T15:36:23,5.705,5.7099,5.705,5.7099,3000.0
2025-08-06T15:36:24,5.705,5.705,5.705,5.705,3721.0
2025-08-06T15:36:27,5.7035,5.7035,5.7001,5.7001,4100.0
2025-08-06T15:36:31,5.7,5.7,5.695,5.695,2695.0
2025-08-06T15:36:33,5.6988,5.6988,5.67,5.67,18441.0
2025-08-06T15:36:34,5.66,5.66,5.655,5.655,1869.0
2025-08-06T15:36:35,5.6555,5.6599,5.6555,5.6599,556.0
2025-08-06T15:36:36,5.6554,5.66,5.655,5.66,1424.0
2025-08-06T15:36:37,5.6501,5.6555,5.6501,5.6555,1343.0
2025-08-06T15:36:39,5.66,5.66,5.6563,5.6563,1355.0
2025-08-06T15:36:42,5.675,5.675,5.655,5.668,5037.0
2025-08-06T15:36:43,5.6588,5.675,5.6588,5.675,4692.0
2025-08-06T15:36:44,5.675,5.68,5.675,5.675,5008.0
2025-08-06T15:36:47,5.675,5.675,5.675,5.675,100.0
2025-08-06T15:36:49,5.6791,5.6791,5.6701,5.6701,400.0
2025-08-06T15:36:50,5.68,5.68,5.6763,5.6763,496.0
2025-08-06T15:37:03,5.675,5.68,5.675,5.68,3151.0
2025-08-06T15:37:04,5.6854,5.6854,5.6854,5.6854,400.0
2025-08-06T15:37:06,5.69,5.695,5.685,5.685,2783.0
2025-08-06T15:37:08,5.6809,5.6809,5.6809,5.6809,201.0
2025-08-06T15:37:09,5.69,5.69,5.69,5.69,5098.0
2025-08-06T15:37:12,5.69,5.69,5.6801,5.6801,1191.0
2025-08-06T15:37:14,5.685,5.685,5.685,5.685,1210.0
2025-08-06T15:37:20,5.69,5.69,5.6888,5.6888,1376.0
2025-08-06T15:37:21,5.685,5.6899,5.68,5.6899,5278.0
2025-08-06T15:37:26,5.6865,5.69,5.67,5.67,10863.0
2025-08-06T15:37:28,5.6709,5.6709,5.6709,5.6709,1561.0
2025-08-06T15:37:29,5.6701,5.6701,5.6701,5.6701,215.0
2025-08-06T15:37:37,5.675,5.675,5.675,5.675,318.0
2025-08-06T15:37:41,5.67,5.67,5.67,5.67,276.0
2025-08-06T15:37:42,5.675,5.675,5.675,5.675,503.0
2025-08-06T15:37:44,5.675,5.675,5.67,5.67,358.0
2025-08-06T15:37:46,5.6725,5.6725,5.6701,5.6701,7352.0
2025-08-06T15:37:47,5.67,5.67,5.66,5.665,4494.0
2025-08-06T15:37:53,5.66,5.66,5.655,5.655,1732.0
2025-08-06T15:37:59,5.665,5.67,5.665,5.6693,1727.0
2025-08-06T15:38:00,5.6601,5.6601,5.6601,5.6601,8437.0
2025-08-06T15:38:01,5.6655,5.6655,5.665,5.665,2149.0
2025-08-06T15:38:02,5.6697,5.6697,5.665,5.665,568.0
2025-08-06T15:38:05,5.665,5.665,5.665,5.665,300.0
2025-08-06T15:38:11,5.6693,5.6693,5.6693,5.6693,330.0
2025-08-06T15:38:14,5.67,5.68,5.67,5.68,2873.0
2025-08-06T15:38:16,5.6899,5.6899,5.6899,5.6899,1003.0
2025-08-06T15:38:17,5.685,5.685,5.685,5.685,2500.0
2025-08-06T15:38:18,5.6899,5.6899,5.6899,5.6899,2525.0
2025-08-06T15:38:21,5.685,5.685,5.685,5.685,100.0
2025-08-06T15:38:28,5.69,5.69,5.69,5.69,1907.0
2025-08-06T15:38:29,5.695,5.695,5.69,5.695,3416.0
2025-08-06T15:38:32,5.695,5.695,5.695,5.695,470.0
2025-08-06T15:38:33,5.6955,5.6955,5.6955,5.6955,100.0
2025-08-06T15:38:35,5.699,5.699,5.699,5.699,200.0
2025-08-06T15:38:36,5.69,5.695,5.69,5.695,407.0
2025-08-06T15:38:37,5.6988,5.6988,5.69,5.69,314.0
2025-08-06T15:38:42,5.695,5.6962,5.695,5.695,4452.0
2025-08-06T15:38:43,5.695,5.695,5.695,5.695,245.0
2025-08-06T15:38:44,5.69,5.69,5.69,5.69,4552.0
2025-08-06T15:38:46,5.6801,5.6801,5.6801,5.6801,1707.0
2025-08-06T15:38:47,5.69,5.7,5.69,5.7,3683.0
2025-08-06T15:38:50,5.6999,5.6999,5.6999,5.6999,302.0
2025-08-06T15:38:51,5.695,5.695,5.695,5.695,241.0
2025-08-06T15:38:52,5.6988,5.6988,5.6988,5.6988,167.0
2025-08-06T15:38:54,5.69,5.69,5.69,5.69,1439.0
2025-08-06T15:39:02,5.6809,5.6809,5.6809,5.6809,600.0
2025-08-06T15:39:07,5.68,5.68,5.68,5.68,1170.0
2025-08-06T15:39:11,5.685,5.685,5.685,5.685,100.0
2025-08-06T15:39:13,5.685,5.685,5.685,5.685,1155.0
2025-08-06T15:39:14,5.685,5.685,5.685,5.685,300.0
2025-08-06T15:39:17,5.69,5.69,5.69,5.69,118.0
2025-08-06T15:39:23,5.69,5.69,5.69,5.69,120.0
2025-08-06T15:39:25,5.69,5.6912,5.69,5.6912,2335.0
2025-08-06T15:39:28,5.695,5.695,5.695,5.695,109.0
2025-08-06T15:39:29,5.6909,5.6909,5.6909,5.6909,1200.0
2025-08-06T15:39:30,5.695,5.695,5.695,5.695,100.0
2025-08-06T15:39:33,5.6901,5.6901,5.6901,5.6901,188.0
2025-08-06T15:39:38,5.6999,5.6999,5.6999,5.6999,1103.0
2025-08-06T15:39:39,5.6947,5.6947,5.6947,5.6947,4255.0
2025-08-06T15:39:40,5.69,5.69,5.69,5.69,1050.0
2025-08-06T15:39:43,5.698,5.698,5.698,5.698,1064.0
2025-08-06T15:39:47,5.695,5.695,5.69,5.695,10632.0
2025-08-06T15:39:50,5.6908,5.695,5.6908,5.695,1684.0
2025-08-06T15:39:54,5.6901,5.6901,5.6901,5.6901,100.0
2025-08-06T15:39:55,5.695,5.695,5.695,5.695,116.0
2025-08-06T15:39:56,5.695,5.695,5.695,5.695,538.0
2025-08-06T15:39:58,5.695,5.695,5.695,5.695,271.0
2025-08-06T15:40:03,5.695,5.695,5.69,5.69,1300.0
2025-08-06T15:40:10,5.695,5.7,5.695,5.7,5548.0
2025-08-06T15:40:11,5.7,5.7,5.7,5.7,175.0
2025-08-06T15:40:13,5.7055,5.7055,5.7055,5.7055,200.0
2025-08-06T15:40:21,5.71,5.71,5.71,5.71,915.0
2025-08-06T15:40:22,5.71,5.7188,5.71,5.7188,4049.0
2025-08-06T15:40:23,5.71,5.715,5.705,5.705,4143.0
2025-08-06T15:40:25,5.705,5.705,5.705,5.705,306.0
2025-08-06T15:40:28,5.705,5.705,5.705,5.705,200.0
2025-08-06T15:40:29,5.705,5.705,5.705,5.705,211.0
2025-08-06T15:40:30,5.705,5.705,5.7008,5.7008,1136.0
2025-08-06T15:40:32,5.7,5.705,5.7,5.7,7562.0
2025-08-06T15:40:33,5.705,5.705,5.7011,5.7011,460.0
2025-08-06T15:40:34,5.705,5.705,5.705,5.705,200.0
2025-08-06T15:40:39,5.7091,5.7091,5.7091,5.7091,111.0
2025-08-06T15:40:40,5.7099,5.71,5.7099,5.71,11008.0
2025-08-06T15:40:41,5.7015,5.7015,5.7015,5.7015,319.0
2025-08-06T15:40:43,5.715,5.715,5.71,5.71,729.0
2025-08-06T15:40:44,5.715,5.715,5.715,5.715,199.0
2025-08-06T15:40:46,5.71,5.71,5.71,5.71,100.0
2025-08-06T15:40:48,5.7199,5.7199,5.7199,5.7199,100.0
2025-08-06T15:40:49,5.7199,5.72,5.71,5.719,1225.0
2025-08-06T15:40:50,5.7199,5.7199,5.715,5.715,744.0
2025-08-06T15:40:51,5.718,5.718,5.7112,5.7112,769.0
2025-08-06T15:40:52,5.7198,5.7198,5.715,5.715,2841.0
2025-08-06T15:40:53,5.71,5.71,5.71,5.71,169.0
2025-08-06T15:40:56,5.718,5.718,5.718,5.718,104.0
2025-08-06T15:40:57,5.715,5.715,5.715,5.715,224.0
2025-08-06T15:41:04,5.715,5.715,5.715,5.715,100.0
2025-08-06T15:41:06,5.7145,5.7145,5.7145,5.7145,500.0
2025-08-06T15:41:08,5.715,5.715,5.705,5.705,9296.0
2025-08-06T15:41:10,5.701,5.701,5.7,5.7,350.0
2025-08-06T15:41:12,5.7099,5.7099,5.7,5.7,4678.0
2025-08-06T15:41:13,5.695,5.695,5.695,5.695,100.0
2025-08-06T15:41:14,5.695,5.695,5.6945,5.6945,600.0
2025-08-06T15:41:15,5.6942,5.6942,5.6942,5.6942,125.0
2025-08-06T15:41:16,5.69,5.695,5.69,5.695,6810.0
2025-08-06T15:41:17,5.695,5.695,5.695,5.695,1208.0
2025-08-06T15:41:19,5.69,5.69,5.69,5.69,3468.0
2025-08-06T15:41:20,5.685,5.685,5.685,5.685,100.0
2025-08-06T15:41:23,5.685,5.685,5.68,5.68,9222.0
2025-08-06T15:41:24,5.685,5.685,5.68,5.68,780.0
2025-08-06T15:41:25,5.685,5.685,5.685,5.685,2612.0
2025-08-06T15:41:33,5.69,5.695,5.69,5.695,1457.0
2025-08-06T15:41:39,5.6991,5.6991,5.695,5.695,653.0
2025-08-06T15:41:43,5.69,5.69,5.69,5.69,200.0
2025-08-06T15:41:54,5.69,5.695,5.69,5.695,581.0
2025-08-06T15:41:55,5.695,5.695,5.695,5.695,102.0
2025-08-06T15:41:57,5.7,5.7,5.7,5.7,900.0
2025-08-06T15:41:59,5.695,5.695,5.695,5.695,252.0
2025-08-06T15:42:00,5.695,5.7,5.695,5.7,2669.0
2025-08-06T15:42:04,5.705,5.705,5.705,5.705,120.0
2025-08-06T15:42:05,5.7045,5.7045,5.7045,5.7045,637.0
2025-08-06T15:42:06,5.705,5.705,5.7,5.7,359.0
2025-08-06T15:42:08,5.7,5.705,5.7,5.7,7668.0
2025-08-06T15:42:10,5.705,5.72,5.705,5.7191,5533.0
2025-08-06T15:42:11,5.7155,5.7155,5.7155,5.7155,2686.0
2025-08-06T15:42:12,5.7194,5.7194,5.71,5.71,2708.0
2025-08-06T15:42:13,5.72,5.72,5.72,5.72,194.0
2025-08-06T15:42:14,5.717,5.717,5.717,5.717,383.0
2025-08-06T15:42:15,5.719,5.719,5.71,5.71,641.0
2025-08-06T15:42:23,5.7199,5.7199,5.715,5.715,655.0
2025-08-06T15:42:27,5.715,5.715,5.715,5.715,286.0
2025-08-06T15:42:30,5.71,5.71,5.705,5.705,5504.0
2025-08-06T15:42:31,5.7001,5.7001,5.7001,5.7001,544.0
2025-08-06T15:42:34,5.7,5.7,5.7,5.7,305.0
2025-08-06T15:42:35,5.7098,5.7098,5.7098,5.7098,2136.0
2025-08-06T15:42:36,5.705,5.705,5.695,5.695,1429.0
2025-08-06T15:42:37,5.6901,5.6912,5.6901,5.6912,1506.0
2025-08-06T15:42:41,5.695,5.695,5.695,5.695,326.0
2025-08-06T15:42:43,5.695,5.709,5.695,5.701,3083.0
2025-08-06T15:42:45,5.71,5.715,5.705,5.705,2030.0
2025-08-06T15:42:46,5.7,5.7055,5.7,5.7055,400.0
2025-08-06T15:42:50,5.705,5.705,5.705,5.705,303.0
2025-08-06T15:42:52,5.7088,5.7088,5.7088,5.7088,145.0
2025-08-06T15:42:54,5.7099,5.7099,5.7099,5.7099,315.0
2025-08-06T15:42:55,5.705,5.705,5.705,5.705,300.0
2025-08-06T15:42:56,5.705,5.705,5.705,5.705,518.0
2025-08-06T15:42:57,5.7091,5.7091,5.7091,5.7091,305.0
2025-08-06T15:43:00,5.7034,5.72,5.7034,5.72,9699.0
2025-08-06T15:43:01,5.725,5.725,5.725,5.725,149.0
2025-08-06T15:43:03,5.725,5.73,5.725,5.728,1511.0
2025-08-06T15:43:04,5.725,5.73,5.72,5.72,1483.0
2025-08-06T15:43:05,5.7276,5.74,5.7276,5.73,6480.0
2025-08-06T15:43:06,5.735,5.735,5.735,5.735,161.0
2025-08-06T15:43:07,5.74,5.74,5.739,5.74,1305.0
2025-08-06T15:43:09,5.74,5.74,5.74,5.74,307.0
2025-08-06T15:43:10,5.7311,5.735,5.7311,5.735,676.0
2025-08-06T15:43:11,5.735,5.735,5.735,5.735,425.0
2025-08-06T15:43:12,5.73,5.73,5.73,5.73,148.0
2025-08-06T15:43:13,5.735,5.7399,5.735,5.7399,857.0
2025-08-06T15:43:16,5.735,5.735,5.735,5.735,102.0
2025-08-06T15:43:19,5.7311,5.7311,5.73,5.73,309.0
2025-08-06T15:43:20,5.735,5.74,5.73,5.7385,2010.0
2025-08-06T15:43:21,5.7301,5.735,5.7301,5.735,400.0
2025-08-06T15:43:25,5.7345,5.7345,5.7345,5.7345,201.0
2025-08-06T15:43:26,5.735,5.75,5.73,5.74,20248.0
2025-08-06T15:43:27,5.739,5.739,5.739,5.739,287.0
2025-08-06T15:43:28,5.7491,5.7491,5.74,5.74,898.0
2025-08-06T15:43:30,5.745,5.745,5.7401,5.7401,650.0
2025-08-06T15:43:31,5.745,5.745,5.74,5.74,1891.0
2025-08-06T15:43:34,5.7392,5.7392,5.7392,5.7392,460.0
2025-08-06T15:43:35,5.7399,5.7399,5.7399,5.7399,1119.0
2025-08-06T15:43:36,5.7301,5.7301,5.7301,5.7301,100.0
2025-08-06T15:43:37,5.735,5.735,5.735,5.735,1000.0
2025-08-06T15:43:38,5.73,5.7309,5.73,5.7309,480.0
2025-08-06T15:43:40,5.735,5.735,5.735,5.735,241.0
2025-08-06T15:43:42,5.735,5.735,5.735,5.735,208.0
2025-08-06T15:43:43,5.735,5.735,5.73,5.73,250.0
2025-08-06T15:43:44,5.7345,5.7394,5.7345,5.7394,4006.0
2025-08-06T15:43:45,5.735,5.735,5.7312,5.7312,2710.0
2025-08-06T15:43:51,5.7301,5.7301,5.73,5.73,211.0
2025-08-06T15:43:52,5.732,5.732,5.732,5.732,106.0
2025-08-06T15:43:54,5.73,5.73,5.73,5.73,201.0
2025-08-06T15:43:56,5.733,5.733,5.733,5.733,197.0
2025-08-06T15:43:58,5.74,5.74,5.74,5.74,182.0
2025-08-06T15:44:00,5.73,5.73,5.73,5.73,1622.0
2025-08-06T15:44:03,5.7301,5.7301,5.7301,5.7301,158.0
2025-08-06T15:44:04,5.7388,5.7388,5.7388,5.7388,176.0
2025-08-06T15:44:08,5.7303,5.7303,5.7303,5.7303,110.0
2025-08-06T15:44:13,5.735,5.735,5.735,5.735,502.0
2025-08-06T15:44:15,5.73,5.73,5.73,5.73,201.0
2025-08-06T15:44:16,5.735,5.735,5.735,5.735,236.0
2025-08-06T15:44:17,5.735,5.735,5.735,5.735,100.0
2025-08-06T15:44:18,5.735,5.735,5.735,5.735,129.0
2025-08-06T15:44:21,5.730736,5.730736,5.730736,5.730736,1000.0
2025-08-06T15:44:23,5.7312,5.7312,5.7312,5.7312,171.0
2025-08-06T15:44:24,5.74,5.74,5.74,5.74,175.0
2025-08-06T15:44:25,5.73,5.735,5.69,5.705,33294.0
2025-08-06T15:44:26,5.705,5.705,5.705,5.705,230.0
2025-08-06T15:44:27,5.71,5.715,5.71,5.715,1755.0
2025-08-06T15:44:28,5.7191,5.7191,5.7191,5.7191,233.0
2025-08-06T15:44:29,5.7192,5.72,5.715,5.715,2410.0
2025-08-06T15:44:31,5.72,5.72,5.715,5.715,4124.0
2025-08-06T15:44:35,5.715,5.715,5.715,5.715,4498.0
2025-08-06T15:44:36,5.71,5.715,5.71,5.715,5136.0
2025-08-06T15:44:40,5.715,5.715,5.715,5.715,750.0
2025-08-06T15:44:45,5.72,5.72,5.72,5.72,221.0
2025-08-06T15:44:46,5.71,5.71,5.71,5.71,507.0
2025-08-06T15:44:47,5.715,5.715,5.715,5.715,326.0
2025-08-06T15:44:49,5.715,5.715,5.715,5.715,231.0
2025-08-06T15:44:50,5.7199,5.7199,5.7199,5.7199,1000.0
2025-08-06T15:44:51,5.7155,5.7155,5.7155,5.7155,100.0
2025-08-06T15:44:53,5.7108,5.715,5.7108,5.715,2348.0
2025-08-06T15:44:54,5.7188,5.7188,5.7188,5.7188,239.0
2025-08-06T15:44:56,5.715,5.715,5.715,5.715,128.0
2025-08-06T15:44:57,5.715,5.715,5.715,5.715,1240.0
2025-08-06T15:45:00,5.715,5.715,5.705,5.705,6426.0
2025-08-06T15:45:01,5.705,5.705,5.705,5.705,221.0
2025-08-06T15:45:02,5.705,5.705,5.705,5.705,1479.0
2025-08-06T15:45:03,5.7001,5.7001,5.7001,5.7001,100.0
2025-08-06T15:45:04,5.7099,5.7099,5.7099,5.7099,293.0
2025-08-06T15:45:06,5.708,5.7089,5.708,5.7089,958.0
2025-08-06T15:45:09,5.705,5.705,5.705,5.705,211.0
2025-08-06T15:45:13,5.7,5.705,5.68,5.685,8927.0
2025-08-06T15:45:14,5.685,5.685,5.6801,5.6801,317.0
2025-08-06T15:45:15,5.69,5.7101,5.69,5.7,12448.0
2025-08-06T15:45:16,5.7099,5.71,5.7063,5.7063,1991.0
2025-08-06T15:45:17,5.7101,5.7101,5.7101,5.7101,100.0
2025-08-06T15:45:20,5.715,5.715,5.715,5.715,100.0
2025-08-06T15:45:24,5.7101,5.7101,5.705,5.705,3342.0
2025-08-06T15:45:25,5.705,5.705,5.705,5.705,124.0
2025-08-06T15:45:26,5.705,5.705,5.705,5.705,350.0
2025-08-06T15:45:30,5.71,5.72,5.71,5.71,1614.0
2025-08-06T15:45:32,5.715,5.715,5.715,5.715,130.0
2025-08-06T15:45:37,5.72,5.72,5.72,5.72,209.0
2025-08-06T15:45:39,5.715,5.715,5.715,5.715,673.0
2025-08-06T15:45:40,5.72,5.72,5.7135,5.7135,1474.0
2025-08-06T15:45:41,5.711,5.711,5.711,5.711,307.0
2025-08-06T15:45:42,5.718,5.7199,5.718,5.7199,586.0
2025-08-06T15:45:49,5.7112,5.7112,5.7112,5.7112,130.0
2025-08-06T15:45:52,5.7101,5.7101,5.7101,5.7101,1043.0
2025-08-06T15:45:55,5.7103,5.7103,5.7103,5.7103,1031.0
2025-08-06T15:45:56,5.72,5.72,5.715,5.715,3641.0
2025-08-06T15:45:57,5.715,5.715,5.715,5.715,349.0
2025-08-06T15:45:59,5.7101,5.715,5.7101,5.715,1221.0
2025-08-06T15:46:03,5.71,5.715,5.64,5.64,246717.0
2025-08-06T15:46:04,5.64,5.659,5.64,5.659,3017.0
2025-08-06T15:46:05,5.6599,5.6599,5.6599,5.6599,183.0
2025-08-06T15:46:07,5.655,5.66,5.655,5.655,511.0
2025-08-06T15:46:08,5.65,5.65,5.65,5.65,111.0
2025-08-06T15:46:09,5.655,5.66,5.65,5.65,572.0
2025-08-06T15:46:13,5.655,5.655,5.65,5.655,9541.0
2025-08-06T15:46:16,5.65,5.65,5.65,5.65,110.0
2025-08-06T15:46:17,5.6511,5.6511,5.6511,5.6511,120.0
2025-08-06T15:46:20,5.6501,5.6502,5.65,5.6502,3109.0
2025-08-06T15:46:21,5.6599,5.6599,5.6599,5.6599,399.0
2025-08-06T15:46:26,5.65,5.65,5.65,5.65,127.0
2025-08-06T15:46:27,5.65,5.6502,5.65,5.6502,1972.0
2025-08-06T15:46:31,5.655,5.655,5.6503,5.6503,1377.0
2025-08-06T15:46:33,5.6501,5.6501,5.6501,5.6501,343.0
2025-08-06T15:46:35,5.6508,5.6508,5.6499,5.6499,4634.0
2025-08-06T15:46:39,5.645,5.645,5.645,5.645,843.0
2025-08-06T15:46:42,5.6453,5.6453,5.64,5.64,4145.0
2025-08-06T15:46:44,5.64,5.645,5.64,5.64,487.0
2025-08-06T15:46:46,5.645,5.665,5.645,5.665,6023.0
2025-08-06T15:46:47,5.665,5.665,5.665,5.665,100.0
2025-08-06T15:46:48,5.665,5.665,5.665,5.665,427.0
2025-08-06T15:47:01,5.665,5.665,5.665,5.665,100.0
2025-08-06T15:47:02,5.6601,5.6601,5.6601,5.6601,2221.0
2025-08-06T15:47:04,5.67,5.67,5.665,5.665,1217.0
2025-08-06T15:47:07,5.665,5.665,5.665,5.665,200.0
2025-08-06T15:47:11,5.665,5.665,5.665,5.665,521.0
2025-08-06T15:47:12,5.67,5.67,5.67,5.67,1000.0
2025-08-06T15:47:13,5.67,5.67,5.67,5.67,224.0
2025-08-06T15:47:15,5.6693,5.6693,5.6693,5.6693,2511.0
2025-08-06T15:47:16,5.67,5.67,5.67,5.67,1742.0
2025-08-06T15:47:18,5.675,5.675,5.675,5.675,321.0
2025-08-06T15:47:21,5.671,5.671,5.671,5.671,274.0
2025-08-06T15:47:22,5.675,5.675,5.675,5.675,3036.0
2025-08-06T15:47:23,5.68,5.68,5.68,5.68,140.0
2025-08-06T15:47:24,5.6751,5.6751,5.6751,5.6751,2024.0
2025-08-06T15:47:31,5.675,5.675,5.675,5.675,540.0
2025-08-06T15:47:34,5.67,5.67,5.665,5.665,5968.0
2025-08-06T15:47:44,5.665,5.665,5.665,5.665,177.0
2025-08-06T15:47:45,5.67,5.67,5.67,5.67,179.0
2025-08-06T15:48:00,5.6619,5.6619,5.6619,5.6619,202.0
2025-08-06T15:48:02,5.668,5.668,5.668,5.668,524.0
2025-08-06T15:48:06,5.6601,5.6601,5.6601,5.6601,450.0
2025-08-06T15:48:08,5.67,5.67,5.67,5.67,175.0
2025-08-06T15:48:12,5.6699,5.6699,5.6699,5.6699,2533.0
2025-08-06T15:48:27,5.665,5.665,5.665,5.665,600.0
2025-08-06T15:48:29,5.665,5.665,5.6601,5.6601,241.0
2025-08-06T15:48:34,5.6602,5.6602,5.6602,5.6602,111.0
2025-08-06T15:48:35,5.665,5.685,5.665,5.685,14087.0
2025-08-06T15:48:36,5.685,5.685,5.685,5.685,106.0
2025-08-06T15:48:37,5.685,5.685,5.685,5.685,391.0
2025-08-06T15:48:40,5.685,5.685,5.685,5.685,115.0
2025-08-06T15:48:41,5.682,5.682,5.682,5.682,200.0
2025-08-06T15:48:45,5.685,5.685,5.685,5.685,1756.0
2025-08-06T15:48:46,5.681,5.681,5.681,5.681,100.0
2025-08-06T15:48:47,5.69,5.69,5.66,5.66,14539.0
2025-08-06T15:48:48,5.66,5.665,5.66,5.665,963.0
2025-08-06T15:48:51,5.66,5.66,5.66,5.66,544.0
2025-08-06T15:48:54,5.655,5.66,5.655,5.655,1695.0
2025-08-06T15:48:55,5.655,5.655,5.6501,5.6501,645.0
2025-08-06T15:49:02,5.65,5.65,5.65,5.65,1638.0
2025-08-06T15:49:08,5.645,5.645,5.6408,5.645,1712.0
2025-08-06T15:49:09,5.65,5.66,5.645,5.66,13920.0
2025-08-06T15:49:10,5.66,5.665,5.65,5.65,1419.0
2025-08-06T15:49:13,5.66,5.72,5.66,5.715,32037.0
2025-08-06T15:49:14,5.715,5.715,5.715,5.715,1156.0
2025-08-06T15:49:16,5.7154,5.7154,5.7154,5.7154,1076.0
2025-08-06T15:49:19,5.71,5.71,5.71,5.71,127.0
2025-08-06T15:49:20,5.72,5.72,5.715,5.715,532.0
2025-08-06T15:49:22,5.7199,5.7199,5.7199,5.7199,571.0
2025-08-06T15:49:24,5.71,5.72,5.71,5.72,6945.0
2025-08-06T15:49:25,5.715,5.715,5.715,5.715,310.0
2025-08-06T15:49:26,5.71,5.71,5.71,5.71,603.0
2025-08-06T15:49:29,5.7101,5.7101,5.7101,5.7101,101.0
2025-08-06T15:49:30,5.71,5.71,5.705,5.71,4450.0
2025-08-06T15:49:31,5.715,5.715,5.715,5.715,210.0
2025-08-06T15:49:35,5.715,5.715,5.715,5.715,2205.0
2025-08-06T15:49:36,5.715,5.715,5.715,5.715,810.0
2025-08-06T15:49:40,5.71,5.71,5.705,5.7094,4925.0
2025-08-06T15:49:42,5.71,5.71,5.71,5.71,244.0
2025-08-06T15:49:47,5.7099,5.7099,5.7099,5.7099,300.0
2025-08-06T15:49:48,5.705,5.72,5.705,5.7155,1147.0
2025-08-06T15:49:49,5.715,5.715,5.715,5.715,609.0
2025-08-06T15:49:53,5.71,5.71,5.69,5.695,11616.0
2025-08-06T15:49:57,5.695,5.695,5.695,5.695,500.0
2025-08-06T15:49:58,5.695,5.695,5.695,5.695,250.0
2025-08-06T15:50:00,5.69,5.69,5.69,5.69,1272.0
2025-08-06T15:50:01,5.6888,5.695,5.6888,5.695,495.0
2025-08-06T15:50:04,5.695,5.6999,5.695,5.6999,501.0
2025-08-06T15:50:09,5.695,5.6999,5.695,5.695,4421.0
2025-08-06T15:50:10,5.69,5.69,5.69,5.69,200.0
2025-08-06T15:50:11,5.69,5.69,5.68,5.68,2504.0
2025-08-06T15:50:13,5.675,5.675,5.675,5.675,520.0
2025-08-06T15:50:14,5.6794,5.6794,5.6794,5.6794,256.0
2025-08-06T15:50:19,5.678,5.679,5.675,5.679,2334.0
2025-08-06T15:50:20,5.6799,5.6799,5.6799,5.6799,247.0
2025-08-06T15:50:21,5.675,5.675,5.675,5.675,170.0
2025-08-06T15:50:22,5.6799,5.6799,5.6799,5.6799,456.0
2025-08-06T15:50:26,5.68,5.685,5.68,5.685,2416.0
2025-08-06T15:50:28,5.68,5.68,5.68,5.68,401.0
2025-08-06T15:50:34,5.68,5.68,5.68,5.68,2256.0
2025-08-06T15:50:35,5.67,5.675,5.67,5.67,3905.0
2025-08-06T15:50:36,5.665,5.665,5.665,5.665,511.0
2025-08-06T15:50:37,5.67,5.67,5.67,5.67,137.0
2025-08-06T15:50:39,5.665,5.665,5.665,5.665,225.0
2025-08-06T15:50:43,5.665,5.665,5.665,5.665,1590.0
2025-08-06T15:50:50,5.6693,5.6693,5.6693,5.6693,1500.0
2025-08-06T15:50:51,5.67,5.67,5.67,5.67,2267.0
2025-08-06T15:50:53,5.68,5.685,5.68,5.68,5096.0
2025-08-06T15:50:56,5.67,5.67,5.67,5.67,202.0
2025-08-06T15:50:57,5.6799,5.6799,5.675,5.675,1126.0
2025-08-06T15:50:58,5.675,5.675,5.675,5.675,384.0
2025-08-06T15:50:59,5.675,5.675,5.675,5.675,634.0
2025-08-06T15:51:01,5.6701,5.675,5.6701,5.675,261.0
2025-08-06T15:51:02,5.6791,5.6791,5.6791,5.6791,1102.0
2025-08-06T15:51:03,5.675,5.675,5.675,5.675,288.0
2025-08-06T15:51:04,5.675,5.675,5.675,5.675,149.0
2025-08-06T15:51:08,5.671,5.671,5.671,5.671,221.0
2025-08-06T15:51:09,5.675,5.675,5.675,5.675,210.0
2025-08-06T15:51:16,5.67,5.67,5.67,5.67,288.0
2025-08-06T15:51:20,5.67,5.67,5.67,5.67,101.0
2025-08-06T15:51:21,5.675,5.675,5.675,5.675,530.0
2025-08-06T15:51:30,5.671,5.671,5.671,5.671,1557.0
2025-08-06T15:51:34,5.675,5.675,5.675,5.675,120.0
2025-08-06T15:51:37,5.675,5.675,5.675,5.675,200.0
2025-08-06T15:51:39,5.671348,5.6799,5.671348,5.6799,678.0
2025-08-06T15:51:40,5.675,5.675,5.6702,5.6702,1183.0
2025-08-06T15:51:41,5.68,5.68,5.68,5.68,4070.0
2025-08-06T15:51:42,5.675,5.675,5.675,5.675,103.0
2025-08-06T15:51:43,5.675,5.675,5.675,5.675,300.0
2025-08-06T15:51:44,5.675,5.675,5.675,5.675,501.0
2025-08-06T15:51:50,5.68,5.68,5.68,5.68,656.0
2025-08-06T15:51:53,5.6799,5.6799,5.6799,5.6799,100.0
2025-08-06T15:51:56,5.68,5.68,5.68,5.68,700.0
2025-08-06T15:51:57,5.68,5.68,5.68,5.68,200.0
2025-08-06T15:51:58,5.675,5.675,5.675,5.675,13290.0
2025-08-06T15:52:02,5.675,5.68,5.675,5.68,495.0
2025-08-06T15:52:03,5.68,5.68,5.68,5.68,116.0
2025-08-06T15:52:04,5.68,5.68,5.68,5.68,210.0
2025-08-06T15:52:05,5.68,5.68,5.68,5.68,700.0
2025-08-06T15:52:06,5.679,5.679,5.679,5.679,352.0
2025-08-06T15:52:15,5.6762,5.6762,5.6762,5.6762,602.0
2025-08-06T15:52:22,5.679,5.679,5.679,5.679,524.0
2025-08-06T15:52:27,5.68,5.68,5.68,5.68,120.0
2025-08-06T15:52:30,5.675,5.675,5.6701,5.6701,670.0
2025-08-06T15:52:35,5.675,5.675,5.675,5.675,493.0
2025-08-06T15:52:36,5.675,5.675,5.67,5.67,18763.0
2025-08-06T15:52:37,5.6701,5.6701,5.6701,5.6701,710.0
2025-08-06T15:52:38,5.675,5.675,5.675,5.675,2000.0
2025-08-06T15:52:39,5.675,5.675,5.67,5.67,347.0
2025-08-06T15:52:40,5.67,5.675,5.67,5.675,518.0
2025-08-06T15:52:43,5.675,5.675,5.675,5.675,225.0
2025-08-06T15:52:50,5.675,5.675,5.675,5.675,779.0
2025-08-06T15:52:51,5.675,5.675,5.675,5.675,301.0
2025-08-06T15:52:53,5.675,5.675,5.675,5.675,551.0
2025-08-06T15:52:58,5.6799,5.6799,5.6799,5.6799,254.0
2025-08-06T15:53:01,5.675,5.675,5.675,5.675,137.0
2025-08-06T15:53:02,5.675,5.675,5.675,5.675,1026.0
2025-08-06T15:53:03,5.675,5.675,5.675,5.675,533.0
2025-08-06T15:53:04,5.68,5.68,5.68,5.68,100.0
2025-08-06T15:53:06,5.675,5.675,5.675,5.675,200.0
2025-08-06T15:53:14,5.68,5.68,5.68,5.68,405.0
2025-08-06T15:53:20,5.675,5.675,5.67,5.67,736.0
2025-08-06T15:53:22,5.67,5.67,5.67,5.67,800.0
2025-08-06T15:53:34,5.675,5.675,5.675,5.675,426.0
2025-08-06T15:53:36,5.6799,5.6799,5.6799,5.6799,100.0
2025-08-06T15:53:37,5.68,5.68,5.68,5.68,2302.0
2025-08-06T15:53:38,5.6712,5.675,5.6712,5.675,1097.0
2025-08-06T15:53:39,5.675,5.68,5.6701,5.675,1829.0
2025-08-06T15:53:40,5.675,5.675,5.675,5.675,428.0
2025-08-06T15:53:42,5.6702,5.675,5.6702,5.675,8301.0
2025-08-06T15:53:43,5.675,5.675,5.675,5.675,340.0
2025-08-06T15:53:44,5.68,5.68,5.68,5.68,101.0
2025-08-06T15:53:47,5.675,5.675,5.675,5.675,336.0
2025-08-06T15:53:48,5.675,5.675,5.675,5.675,127.0
2025-08-06T15:53:51,5.68,5.68,5.675,5.675,342.0
2025-08-06T15:53:53,5.675,5.675,5.675,5.675,237.0
2025-08-06T15:53:58,5.675,5.68,5.675,5.68,1632.0
2025-08-06T15:53:59,5.6791,5.6791,5.675,5.675,376.0
2025-08-06T15:54:02,5.675,5.675,5.675,5.675,526.0
2025-08-06T15:54:04,5.68,5.68,5.68,5.68,100.0
2025-08-06T15:54:05,5.675,5.675,5.675,5.675,357.0
2025-08-06T15:54:07,5.675,5.675,5.675,5.675,110.0
2025-08-06T15:54:08,5.675,5.675,5.675,5.675,306.0
2025-08-06T15:54:10,5.675,5.675,5.675,5.675,304.0
2025-08-06T15:54:12,5.675,5.675,5.675,5.675,560.0
2025-08-06T15:54:13,5.671,5.671,5.671,5.671,1000.0
2025-08-06T15:54:15,5.675,5.675,5.675,5.675,140.0
2025-08-06T15:54:19,5.675,5.68,5.675,5.68,557.0
2025-08-06T15:54:20,5.68,5.68,5.675,5.675,1435.0
2025-08-06T15:54:21,5.675,5.675,5.675,5.675,100.0
2025-08-06T15:54:22,5.671,5.675,5.671,5.675,1000.0
2025-08-06T15:54:23,5.675,5.68,5.675,5.68,300.0
2025-08-06T15:54:24,5.675,5.675,5.67,5.675,1869.0
2025-08-06T15:54:30,5.675,5.675,5.675,5.675,138.0
2025-08-06T15:54:34,5.6792,5.6792,5.6792,5.6792,660.0
2025-08-06T15:54:36,5.6755,5.6755,5.6755,5.6755,1470.0
2025-08-06T15:54:39,5.675,5.685,5.67,5.675,37942.0
2025-08-06T15:54:40,5.675,5.68,5.675,5.68,3250.0
2025-08-06T15:54:44,5.685,5.685,5.685,5.685,100.0
2025-08-06T15:54:49,5.6891,5.6891,5.6891,5.6891,400.0
2025-08-06T15:54:50,5.685,5.685,5.675,5.675,10174.0
2025-08-06T15:54:53,5.6792,5.6792,5.6792,5.6792,1351.0
2025-08-06T15:55:03,5.675,5.675,5.665,5.665,5764.0
2025-08-06T15:55:04,5.665,5.665,5.665,5.665,378.0
2025-08-06T15:55:05,5.665,5.665,5.66,5.665,3644.0
2025-08-06T15:55:06,5.665,5.665,5.665,5.665,136.0
2025-08-06T15:55:08,5.665,5.665,5.665,5.665,367.0
2025-08-06T15:55:11,5.665,5.665,5.665,5.665,179.0
2025-08-06T15:55:12,5.661,5.661,5.661,5.661,422.0
2025-08-06T15:55:18,5.665,5.665,5.665,5.665,1026.0
2025-08-06T15:55:19,5.665,5.665,5.665,5.665,125.0
2025-08-06T15:55:21,5.665,5.665,5.665,5.665,591.0
2025-08-06T15:55:22,5.665,5.665,5.66,5.66,4105.0
2025-08-06T15:55:26,5.66,5.66,5.66,5.66,222.0
2025-08-06T15:55:30,5.66,5.665,5.66,5.665,1002.0
2025-08-06T15:55:32,5.665,5.665,5.665,5.665,1076.0
2025-08-06T15:55:33,5.665,5.665,5.665,5.665,327.0
2025-08-06T15:55:38,5.665,5.665,5.6,5.619,301894.0
2025-08-06T15:55:39,5.625,5.625,5.6199,5.625,2130.0
2025-08-06T15:55:40,5.625,5.629,5.625,5.629,772.0
2025-08-06T15:55:41,5.625,5.625,5.625,5.625,210.0
2025-08-06T15:55:42,5.625,5.625,5.625,5.625,349.0
2025-08-06T15:55:50,5.6201,5.6201,5.6201,5.6201,510.0
2025-08-06T15:55:51,5.6203,5.625,5.62,5.625,9119.0
2025-08-06T15:55:53,5.63,5.63,5.625,5.625,347.0
2025-08-06T15:55:54,5.625,5.625,5.625,5.625,658.0
2025-08-06T15:55:56,5.625,5.625,5.625,5.625,845.0
2025-08-06T15:55:57,5.625,5.625,5.625,5.625,280.0
2025-08-06T15:56:04,5.625,5.625,5.625,5.625,503.0
2025-08-06T15:56:05,5.625,5.625,5.625,5.625,117.0
2025-08-06T15:56:06,5.6238,5.6238,5.62,5.62,3503.0
2025-08-06T15:56:07,5.625,5.64,5.625,5.63,18660.0
2025-08-06T15:56:08,5.645,5.645,5.645,5.645,115.0
2025-08-06T15:56:11,5.645,5.645,5.645,5.645,266.0
2025-08-06T15:56:12,5.64,5.64,5.64,5.64,1003.0
2025-08-06T15:56:15,5.65,5.655,5.64,5.6489,16619.0
2025-08-06T15:56:16,5.645,5.65,5.645,5.65,4606.0
2025-08-06T15:56:18,5.655,5.655,5.655,5.655,640.0
2025-08-06T15:56:19,5.655,5.655,5.655,5.655,400.0
2025-08-06T15:56:20,5.655,5.655,5.655,5.655,210.0
2025-08-06T15:56:21,5.655,5.655,5.655,5.655,419.0
2025-08-06T15:56:24,5.655,5.655,5.655,5.655,7539.0
2025-08-06T15:56:25,5.655,5.655,5.655,5.655,228.0
2025-08-06T15:56:27,5.65,5.65,5.65,5.65,5518.0
2025-08-06T15:56:29,5.6409,5.6409,5.6409,5.6409,1510.0
2025-08-06T15:56:30,5.64,5.64,5.64,5.64,197.0
2025-08-06T15:56:33,5.65,5.655,5.6499,5.65,13459.0
2025-08-06T15:56:34,5.655,5.655,5.655,5.655,506.0
2025-08-06T15:56:38,5.66,5.665,5.655,5.655,20456.0
2025-08-06T15:56:39,5.66,5.665,5.655,5.655,8635.0
2025-08-06T15:56:41,5.6539,5.6539,5.6539,5.6539,1243.0
2025-08-06T15:56:42,5.659,5.659,5.659,5.659,238.0
2025-08-06T15:56:43,5.659,5.659,5.659,5.659,224.0
2025-08-06T15:56:47,5.66,5.665,5.655,5.665,3126.0
2025-08-06T15:56:49,5.6689,5.6689,5.6689,5.6689,507.0
2025-08-06T15:56:51,5.665,5.665,5.665,5.665,1458.0
2025-08-06T15:56:52,5.665,5.665,5.665,5.665,1262.0
2025-08-06T15:56:53,5.665,5.665,5.665,5.665,422.0
2025-08-06T15:56:55,5.665,5.67,5.665,5.665,4825.0
2025-08-06T15:56:56,5.665,5.665,5.665,5.665,124.0
2025-08-06T15:56:57,5.66,5.665,5.66,5.665,406.0
2025-08-06T15:57:00,5.67,5.7,5.67,5.695,20311.0
2025-08-06T15:57:01,5.695,5.7,5.695,5.695,2227.0
2025-08-06T15:57:02,5.695,5.695,5.695,5.695,550.0
2025-08-06T15:57:03,5.695,5.695,5.695,5.695,945.0
2025-08-06T15:57:04,5.695,5.695,5.695,5.695,220.0
2025-08-06T15:57:05,5.695,5.695,5.695,5.695,1195.0
2025-08-06T15:57:07,5.6992,5.6992,5.6992,5.6992,5007.0
2025-08-06T15:57:08,5.695,5.6968,5.695,5.6968,751.0
2025-08-06T15:57:09,5.695,5.6986,5.695,5.6986,205.0
2025-08-06T15:57:10,5.695,5.695,5.695,5.695,1187.0
2025-08-06T15:57:13,5.695,5.695,5.695,5.695,293.0
2025-08-06T15:57:14,5.695,5.695,5.695,5.695,137.0
2025-08-06T15:57:15,5.695,5.695,5.695,5.695,130.0
2025-08-06T15:57:16,5.695,5.695,5.695,5.695,1267.0
2025-08-06T15:57:17,5.695,5.695,5.695,5.695,600.0
2025-08-06T15:57:20,5.695,5.695,5.695,5.695,274.0
2025-08-06T15:57:23,5.695,5.695,5.69138,5.69138,298.0
2025-08-06T15:57:25,5.695,5.695,5.695,5.695,227.0
2025-08-06T15:57:29,5.695,5.695,5.695,5.695,427.0
2025-08-06T15:57:30,5.695,5.715,5.685,5.715,48942.0
2025-08-06T15:57:31,5.715,5.715,5.71,5.71,1768.0
2025-08-06T15:57:32,5.72,5.72,5.71,5.715,2751.0
2025-08-06T15:57:33,5.705,5.705,5.705,5.705,497.0
2025-08-06T15:57:34,5.705,5.705,5.705,5.705,853.0
2025-08-06T15:57:35,5.705,5.705,5.7,5.705,3427.0
2025-08-06T15:57:37,5.705,5.705,5.69,5.695,9488.0
2025-08-06T15:57:38,5.7,5.7,5.695,5.695,2287.0
2025-08-06T15:57:39,5.6946,5.6946,5.6946,5.6946,4000.0
2025-08-06T15:57:40,5.69,5.695,5.69,5.69,820.0
2025-08-06T15:57:41,5.695,5.695,5.695,5.695,250.0
2025-08-06T15:57:42,5.695,5.695,5.695,5.695,200.0
2025-08-06T15:57:43,5.695,5.699,5.695,5.699,920.0
2025-08-06T15:57:45,5.6955,5.6955,5.6955,5.6955,247.0
2025-08-06T15:57:46,5.69,5.695,5.69,5.695,442.0
2025-08-06T15:57:47,5.695,5.695,5.695,5.695,110.0
2025-08-06T15:57:48,5.6998,5.6998,5.6998,5.6998,546.0
2025-08-06T15:57:50,5.6988,5.6988,5.6988,5.6988,339.0
2025-08-06T15:57:51,5.695,5.695,5.695,5.695,305.0
2025-08-06T15:57:52,5.695,5.695,5.695,5.695,691.0
2025-08-06T15:57:53,5.695,5.695,5.695,5.695,245.0
2025-08-06T15:57:54,5.695,5.695,5.695,5.695,713.0
2025-08-06T15:57:57,5.7,5.7,5.695,5.699,8804.0
2025-08-06T15:57:58,5.695,5.7,5.69,5.695,6638.0
2025-08-06T15:58:00,5.695,5.695,5.695,5.695,103.0
2025-08-06T15:58:02,5.69,5.69,5.69,5.69,490.0
2025-08-06T15:58:06,5.695,5.695,5.695,5.695,670.0
2025-08-06T15:58:07,5.695,5.695,5.695,5.695,222.0
2025-08-06T15:58:08,5.695,5.695,5.69,5.695,2620.0
2025-08-06T15:58:10,5.695,5.695,5.695,5.695,325.0
2025-08-06T15:58:11,5.695,5.695,5.695,5.695,2100.0
2025-08-06T15:58:12,5.695,5.695,5.69,5.695,1540.0
2025-08-06T15:58:13,5.695,5.695,5.69,5.69,2554.0
2025-08-06T15:58:14,5.695,5.695,5.69,5.69,1417.0
2025-08-06T15:58:15,5.695,5.695,5.69,5.69,1861.0
2025-08-06T15:58:16,5.69,5.69,5.69,5.69,880.0
2025-08-06T15:58:17,5.69,5.695,5.69,5.695,1598.0
2025-08-06T15:58:21,5.69,5.69,5.69,5.69,213.0
2025-08-06T15:58:24,5.695,5.695,5.695,5.695,135.0
2025-08-06T15:58:25,5.695,5.695,5.695,5.695,2716.0
2025-08-06T15:58:26,5.695,5.695,5.695,5.695,441.0
2025-08-06T15:58:27,5.695,5.695,5.695,5.695,1955.0
2025-08-06T15:58:28,5.695,5.695,5.695,5.695,311.0
2025-08-06T15:58:29,5.695,5.695,5.695,5.695,510.0
2025-08-06T15:58:30,5.695,5.695,5.69,5.69,34376.0
2025-08-06T15:58:31,5.685,5.685,5.68,5.68,1677.0
2025-08-06T15:58:32,5.68,5.685,5.675,5.675,4443.0
2025-08-06T15:58:33,5.671,5.6711,5.671,5.6711,630.0
2025-08-06T15:58:35,5.6715,5.675,5.6715,5.675,2298.0
2025-08-06T15:58:37,5.675,5.675,5.675,5.675,200.0
2025-08-06T15:58:38,5.6788,5.6788,5.675,5.675,394.0
2025-08-06T15:58:39,5.675,5.6788,5.675,5.675,801.0
2025-08-06T15:58:41,5.675,5.675,5.675,5.675,432.0
2025-08-06T15:58:42,5.675,5.675,5.675,5.675,772.0
2025-08-06T15:58:43,5.675,5.675,5.67,5.67,13836.0
2025-08-06T15:58:44,5.67,5.67,5.67,5.67,4332.0
2025-08-06T15:58:45,5.665,5.665,5.665,5.665,1204.0
2025-08-06T15:58:46,5.665,5.665,5.665,5.665,250.0
2025-08-06T15:58:47,5.665,5.665,5.665,5.665,293.0
2025-08-06T15:58:48,5.665,5.67,5.665,5.665,4429.0
2025-08-06T15:58:49,5.6601,5.6601,5.6601,5.6601,895.0
2025-08-06T15:58:51,5.665,5.665,5.66,5.66,501.0
2025-08-06T15:58:52,5.665,5.665,5.665,5.665,3371.0
2025-08-06T15:58:53,5.665,5.665,5.65,5.65,12851.0
2025-08-06T15:58:54,5.655,5.66,5.655,5.655,1652.0
2025-08-06T15:58:55,5.66,5.66,5.66,5.66,10131.0
2025-08-06T15:58:56,5.66,5.66,5.66,5.66,2001.0
2025-08-06T15:58:57,5.66,5.66,5.66,5.66,106.0
2025-08-06T15:58:58,5.66,5.665,5.66,5.66,3735.0
2025-08-06T15:59:00,5.665,5.6699,5.665,5.6699,533.0
2025-08-06T15:59:01,5.669,5.669,5.66,5.66,600.0
2025-08-06T15:59:03,5.66,5.665,5.66,5.665,434.0
2025-08-06T15:59:04,5.6699,5.6699,5.66,5.66,3571.0
2025-08-06T15:59:05,5.665,5.665,5.665,5.665,1108.0
2025-08-06T15:59:06,5.6624,5.665,5.6624,5.665,281.0
2025-08-06T15:59:07,5.665,5.665,5.665,5.665,102.0
2025-08-06T15:59:08,5.665,5.665,5.665,5.665,249.0
2025-08-06T15:59:09,5.665,5.665,5.665,5.665,325.0
2025-08-06T15:59:10,5.665,5.665,5.665,5.665,257.0
2025-08-06T15:59:11,5.665,5.665,5.665,5.665,566.0
2025-08-06T15:59:13,5.6601,5.6601,5.6601,5.6601,404.0
2025-08-06T15:59:14,5.665,5.665,5.665,5.665,400.0
2025-08-06T15:59:15,5.665,5.6699,5.665,5.665,1419.0
2025-08-06T15:59:16,5.665,5.67,5.665,5.67,231.0
2025-08-06T15:59:17,5.665,5.665,5.665,5.665,282.0
2025-08-06T15:59:18,5.67,5.67,5.665,5.67,764.0
2025-08-06T15:59:19,5.67,5.67,5.66,5.665,41258.0
2025-08-06T15:59:20,5.665,5.665,5.665,5.665,1100.0
2025-08-06T15:59:21,5.665,5.665,5.665,5.665,308.0
2025-08-06T15:59:22,5.665,5.665,5.66,5.66,5151.0
2025-08-06T15:59:23,5.665,5.665,5.665,5.665,232.0
2025-08-06T15:59:24,5.665,5.665,5.665,5.665,104.0
2025-08-06T15:59:25,5.665,5.665,5.665,5.665,2310.0
2025-08-06T15:59:26,5.66,5.669,5.66,5.669,2110.0
2025-08-06T15:59:27,5.665,5.665,5.665,5.665,2218.0
2025-08-06T15:59:28,5.665,5.665,5.665,5.665,209.0
2025-08-06T15:59:29,5.665,5.665,5.665,5.665,1246.0
2025-08-06T15:59:30,5.67,5.67,5.6601,5.665,427.0
2025-08-06T15:59:31,5.67,5.67,5.6601,5.665,7052.0
2025-08-06T15:59:32,5.67,5.67,5.665,5.665,3065.0
2025-08-06T15:59:33,5.67,5.67,5.66,5.66,608.0
2025-08-06T15:59:34,5.665,5.665,5.665,5.665,475.0
2025-08-06T15:59:35,5.67,5.67,5.67,5.67,437.0
2025-08-06T15:59:36,5.67,5.675,5.66,5.665,64365.0
2025-08-06T15:59:37,5.66,5.6699,5.66,5.6699,358.0
2025-08-06T15:59:38,5.665,5.665,5.66,5.665,811.0
2025-08-06T15:59:39,5.66,5.66,5.66,5.66,101.0
2025-08-06T15:59:40,5.665,5.665,5.665,5.665,2216.0
2025-08-06T15:59:42,5.665,5.665,5.665,5.665,1805.0
2025-08-06T15:59:43,5.665,5.665,5.665,5.665,671.0
2025-08-06T15:59:44,5.665,5.67,5.66,5.665,11021.0
2025-08-06T15:59:45,5.665,5.67,5.665,5.67,4003.0
2025-08-06T15:59:46,5.67,5.67,5.665,5.665,1641.0
2025-08-06T15:59:47,5.67,5.67,5.665,5.665,19209.0
2025-08-06T15:59:48,5.67,5.67,5.665,5.665,4159.0
2025-08-06T15:59:49,5.665,5.67,5.66,5.67,476.0
2025-08-06T15:59:50,5.665,5.68,5.665,5.68,7061.0
2025-08-06T15:59:51,5.675,5.68,5.675,5.675,1367.0
2025-08-06T15:59:52,5.68,5.68,5.675,5.68,7178.0
2025-08-06T15:59:53,5.68,5.69,5.675,5.68,8871.0
2025-08-06T15:59:54,5.685,5.69,5.68,5.68,577.0
2025-08-06T15:59:55,5.69,5.69,5.69,5.69,830.0
2025-08-06T15:59:56,5.69,5.69,5.69,5.69,1574.0
2025-08-06T15:59:57,5.685,5.685,5.68,5.685,739.0
2025-08-06T15:59:58,5.685,5.685,5.68,5.68,3092.0
2025-08-06T15:59:59,5.685,5.69,5.685,5.69,9007.0
2025-08-06T16:00:00,5.67,5.67,5.67,5.67,3763.0
2025-08-07T09:30:00,5.76,5.76,5.745,5.745,568.0
2025-08-07T09:30:01,5.8,5.8,5.71,5.72,64013.0
2025-08-07T09:30:02,5.72,5.76,5.715,5.72,10037.0
2025-08-07T09:30:03,5.7688,5.8,5.725,5.725,681.0
2025-08-07T09:30:05,5.725,5.725,5.68,5.68,6501.0
2025-08-07T09:30:06,5.69,5.69,5.69,5.69,1154.0
2025-08-07T09:30:07,5.69,5.69,5.69,5.69,628.0
2025-08-07T09:30:09,5.71,5.7499,5.6675,5.68,12976.0
2025-08-07T09:30:10,5.68,5.69,5.68,5.69,2590.0
2025-08-07T09:30:12,5.7,5.7,5.7,5.7,505.0
2025-08-07T09:30:13,5.7,5.7099,5.7,5.7099,300.0
2025-08-07T09:30:16,5.71,5.71,5.71,5.71,1790.0
2025-08-07T09:30:18,5.7399,5.7399,5.7399,5.7399,198.0
2025-08-07T09:30:27,5.72,5.72,5.72,5.72,309.0
2025-08-07T09:30:32,5.72,5.72,5.72,5.72,139.0
2025-08-07T09:30:33,5.725,5.725,5.7,5.7,5827.0
2025-08-07T09:30:36,5.7,5.7,5.7,5.7,401.0
2025-08-07T09:30:41,5.68,5.68,5.67,5.67,733.0
2025-08-07T09:30:46,5.685,5.685,5.685,5.685,100.0
2025-08-07T09:30:50,5.7,5.72,5.7,5.7,3298.0
2025-08-07T09:30:51,5.68,5.68,5.68,5.68,400.0
2025-08-07T09:30:55,5.7,5.72,5.67,5.72,26000.0
2025-08-07T09:30:56,5.72,5.72,5.72,5.72,176.0
2025-08-07T09:30:57,5.695,5.72,5.695,5.72,1114.0
2025-08-07T09:30:58,5.72,5.72,5.72,5.72,100.0
2025-08-07T09:31:01,5.695,5.72,5.695,5.695,1106.0
2025-08-07T09:31:02,5.72,5.736,5.7,5.73,7169.0
2025-08-07T09:31:03,5.74,5.74,5.74,5.74,1009.0
2025-08-07T09:31:04,5.74,5.74,5.74,5.74,126.0
2025-08-07T09:31:05,5.73,5.73,5.73,5.73,100.0
2025-08-07T09:31:06,5.74,5.74,5.74,5.74,100.0
2025-08-07T09:31:07,5.72,5.72,5.72,5.72,100.0
2025-08-07T09:31:10,5.7229,5.74,5.7229,5.74,2100.0
2025-08-07T09:31:12,5.72,5.74,5.72,5.72,308.0
2025-08-07T09:31:14,5.72,5.72,5.72,5.72,100.0
2025-08-07T09:31:15,5.74,5.74,5.74,5.74,150.0
2025-08-07T09:31:18,5.72,5.72,5.72,5.72,300.0
2025-08-07T09:31:19,5.73,5.76,5.73,5.76,1084.0
2025-08-07T09:31:21,5.745,5.745,5.745,5.745,417.0
2025-08-07T09:31:22,5.75,5.75,5.75,5.75,200.0
2025-08-07T09:31:27,5.735,5.735,5.735,5.735,500.0
2025-08-07T09:31:30,5.73,5.75,5.73,5.73,537.0
2025-08-07T09:31:31,5.74,5.74,5.74,5.74,100.0
2025-08-07T09:31:36,5.735,5.735,5.7,5.72,13792.0
2025-08-07T09:31:37,5.72,5.72,5.72,5.72,100.0
2025-08-07T09:31:40,5.7,5.72,5.7,5.72,401.0
2025-08-07T09:31:41,5.715,5.715,5.715,5.715,100.0
2025-08-07T09:31:44,5.7,5.72,5.7,5.71,1236.0
2025-08-07T09:31:46,5.72,5.72,5.72,5.72,108.0
2025-08-07T09:31:49,5.72,5.73,5.714,5.73,1138.0
2025-08-07T09:31:51,5.735,5.735,5.735,5.735,100.0
2025-08-07T09:31:52,5.735,5.7365,5.735,5.7365,630.0
2025-08-07T09:31:55,5.75,5.75,5.75,5.75,110.0
2025-08-07T09:31:58,5.75,5.75,5.75,5.75,113.0
2025-08-07T09:31:59,5.735,5.75,5.72,5.735,1711.0
2025-08-07T09:32:00,5.735,5.735,5.735,5.735,175.0
2025-08-07T09:32:03,5.735,5.735,5.735,5.735,400.0
2025-08-07T09:32:04,5.75,5.75,5.75,5.75,100.0
2025-08-07T09:32:05,5.75,5.75,5.735,5.735,650.0
2025-08-07T09:32:07,5.735,5.75,5.735,5.735,750.0
2025-08-07T09:32:09,5.735,5.735,5.735,5.735,210.0
2025-08-07T09:32:11,5.735,5.735,5.735,5.735,300.0
2025-08-07T09:32:12,5.735,5.735,5.735,5.735,101.0
2025-08-07T09:32:14,5.72,5.735,5.72,5.72,1599.0
2025-08-07T09:32:16,5.73,5.73,5.73,5.73,192.0
2025-08-07T09:32:17,5.73,5.73,5.73,5.73,139.0
2025-08-07T09:32:19,5.7399,5.7399,5.7399,5.7399,100.0
2025-08-07T09:32:27,5.7399,5.7399,5.7399,5.7399,102.0
2025-08-07T09:32:38,5.73,5.73,5.73,5.73,600.0
2025-08-07T09:32:44,5.747516,5.747516,5.747516,5.747516,150.0
2025-08-07T09:32:46,5.749,5.78,5.749,5.78,9058.0
2025-08-07T09:32:53,5.7937,5.7937,5.7937,5.7937,539.0
2025-08-07T09:32:56,5.79,5.79,5.79,5.79,250.0
2025-08-07T09:33:04,5.795,5.795,5.785,5.785,464.0
2025-08-07T09:33:05,5.8,5.8395,5.8,5.8395,11140.0
2025-08-07T09:33:06,5.81,5.8193,5.81,5.8193,6200.0
2025-08-07T09:33:07,5.81,5.82,5.81,5.81,1887.0
2025-08-07T09:33:08,5.81,5.81,5.81,5.81,101.0
2025-08-07T09:33:09,5.8,5.81,5.8,5.81,609.0
2025-08-07T09:33:10,5.8,5.8,5.8,5.8,100.0
2025-08-07T09:33:11,5.81,5.81,5.795,5.795,200.0
2025-08-07T09:33:13,5.81,5.81,5.805,5.805,5100.0
2025-08-07T09:33:17,5.8,5.8,5.8,5.8,151.0
2025-08-07T09:33:18,5.805,5.805,5.805,5.805,150.0
2025-08-07T09:33:19,5.795,5.795,5.78,5.78,1800.0
2025-08-07T09:33:22,5.79,5.79,5.79,5.79,100.0
2025-08-07T09:33:27,5.8,5.8,5.8,5.8,201.0
2025-08-07T09:33:28,5.785,5.785,5.785,5.785,100.0
2025-08-07T09:33:31,5.8,5.8,5.785,5.785,200.0
2025-08-07T09:33:33,5.7997,5.7997,5.7997,5.7997,500.0
2025-08-07T09:33:37,5.7621,5.8,5.7621,5.7865,531.0
2025-08-07T09:33:39,5.785,5.785,5.785,5.785,201.0
2025-08-07T09:33:40,5.785,5.785,5.785,5.785,208.0
2025-08-07T09:33:41,5.775,5.775,5.765,5.765,757.0
2025-08-07T09:33:42,5.765,5.765,5.765,5.765,102.0
2025-08-07T09:33:44,5.765,5.7797,5.765,5.7797,2974.0
2025-08-07T09:33:45,5.765,5.765,5.765,5.765,1400.0
2025-08-07T09:33:47,5.765,5.78,5.765,5.78,300.0
2025-08-07T09:33:50,5.78,5.78,5.78,5.78,301.0
2025-08-07T09:33:51,5.765,5.78,5.765,5.78,201.0
2025-08-07T09:33:56,5.78,5.78,5.775,5.775,200.0
2025-08-07T09:34:04,5.7616,5.7616,5.7616,5.7616,1000.0
2025-08-07T09:34:10,5.775,5.775,5.75,5.765,1288.0
2025-08-07T09:34:11,5.75,5.75,5.75,5.75,106.0
2025-08-07T09:34:13,5.75,5.75,5.75,5.75,109.0
2025-08-07T09:34:14,5.75,5.75,5.75,5.75,200.0
2025-08-07T09:34:15,5.74,5.75,5.695,5.695,3955.0
2025-08-07T09:34:16,5.696,5.7,5.67,5.67,2075.0
2025-08-07T09:34:17,5.66,5.675,5.66,5.675,475.0
2025-08-07T09:34:20,5.6863,5.6863,5.6863,5.6863,200.0
2025-08-07T09:34:21,5.675,5.69,5.675,5.675,1250.0
2025-08-07T09:34:27,5.6897,5.6897,5.6897,5.6897,100.0
2025-08-07T09:34:28,5.685,5.685,5.685,5.685,127.0
2025-08-07T09:34:31,5.675,5.675,5.675,5.675,274.0
2025-08-07T09:34:37,5.69,5.7,5.69,5.7,1537.0
2025-08-07T09:34:38,5.7,5.71,5.7,5.71,700.0
2025-08-07T09:34:43,5.715,5.715,5.715,5.715,204.0
2025-08-07T09:34:49,5.74,5.74,5.74,5.74,165.0
2025-08-07T09:34:50,5.715,5.74,5.71,5.71,6200.0
2025-08-07T09:34:52,5.71,5.71,5.71,5.71,3600.0
2025-08-07T09:34:55,5.74,5.74,5.74,5.74,172.0
2025-08-07T09:34:56,5.7,5.7,5.7,5.7,250.0
2025-08-07T09:34:58,5.69,5.69,5.69,5.69,435.0
2025-08-07T09:34:59,5.71,5.71,5.71,5.71,151.0
2025-08-07T09:35:07,5.73,5.73,5.73,5.73,500.0
2025-08-07T09:35:08,5.73,5.76,5.73,5.76,2216.0
2025-08-07T09:35:16,5.755,5.755,5.755,5.755,100.0
2025-08-07T09:35:19,5.79,5.8,5.79,5.8,233.0
2025-08-07T09:35:24,5.785,5.785,5.785,5.785,100.0
2025-08-07T09:35:28,5.8,5.8,5.8,5.8,100.0
2025-08-07T09:35:39,5.799,5.8864,5.799,5.8864,14337.0
2025-08-07T09:35:40,5.87,5.875,5.87,5.875,785.0
2025-08-07T09:35:42,5.875,5.89,5.875,5.875,1324.0
2025-08-07T09:35:43,5.87,5.92,5.87,5.9,6450.0
2025-08-07T09:35:44,5.91,5.91,5.91,5.91,250.0
2025-08-07T09:35:46,5.9,5.91,5.9,5.91,1609.0
2025-08-07T09:35:48,5.885,5.885,5.885,5.885,102.0
2025-08-07T09:35:53,5.91,5.91,5.91,5.91,100.0
2025-08-07T09:35:56,5.9,5.95,5.9,5.95,1766.0
2025-08-07T09:35:59,5.9398,5.9398,5.9398,5.9398,191.0
2025-08-07T09:36:00,5.92,5.9234,5.92,5.9234,1150.0
2025-08-07T09:36:01,5.94,5.94,5.94,5.94,292.0
2025-08-07T09:36:05,5.932,5.932,5.932,5.932,502.0
2025-08-07T09:36:06,5.921,5.939,5.921,5.939,400.0
2025-08-07T09:36:08,5.94,5.96,5.94,5.96,1462.0
2025-08-07T09:36:09,5.96,5.96,5.96,5.96,525.0
2025-08-07T09:36:10,5.9578,5.9578,5.9578,5.9578,150.0
2025-08-07T09:36:11,5.96,5.96,5.96,5.96,451.0
2025-08-07T09:36:14,5.96,5.9637,5.96,5.9637,9150.0
2025-08-07T09:36:16,5.96,5.99,5.96,5.99,4329.0
2025-08-07T09:36:19,5.98,5.98,5.98,5.98,191.0
2025-08-07T09:36:24,5.98,6.019,5.969,6.019,5751.0
2025-08-07T09:36:25,5.99,6.02,5.96,5.99,11211.0
2025-08-07T09:36:26,5.99,5.99,5.9876,5.99,1223.0
2025-08-07T09:36:27,6.0,6.0,6.0,6.0,200.0
2025-08-07T09:36:28,5.98,6.01,5.98,5.98,5773.0
2025-08-07T09:36:29,5.98,6.005,5.98,6.005,260.0
2025-08-07T09:36:30,6.005,6.005,6.005,6.005,113.0
2025-08-07T09:36:31,5.98,5.99,5.98,5.99,250.0
2025-08-07T09:36:32,5.9776,5.9776,5.9776,5.9776,2003.0
2025-08-07T09:36:33,5.98,5.98,5.98,5.98,203.0
2025-08-07T09:36:34,5.98,5.98,5.98,5.98,250.0
2025-08-07T09:36:36,5.98,5.98,5.98,5.98,233.0
2025-08-07T09:36:37,5.98,5.98,5.98,5.98,512.0
2025-08-07T09:36:39,6.0,6.0,5.975,5.975,5814.0
2025-08-07T09:36:40,6.0,6.0,5.99,5.99,720.0
2025-08-07T09:36:41,6.0099,6.04,6.0099,6.04,846.0
2025-08-07T09:36:42,6.02,6.0599,6.0199,6.02,1799.0
2025-08-07T09:36:43,6.03,6.05,6.03,6.05,2127.0
2025-08-07T09:36:44,6.05,6.05,6.05,6.05,123.0
2025-08-07T09:36:45,6.0497,6.05,6.0497,6.05,1719.0
2025-08-07T09:36:46,6.05,6.05,6.05,6.05,140.0
2025-08-07T09:36:47,6.05,6.05,6.05,6.05,827.0
2025-08-07T09:36:49,6.055,6.055,6.055,6.055,195.0
2025-08-07T09:36:50,6.06,6.06,6.06,6.06,102.0
2025-08-07T09:36:52,6.05,6.06,6.04,6.04,3931.0
2025-08-07T09:36:53,6.02,6.02,6.02,6.02,300.0
2025-08-07T09:36:55,6.04,6.04,6.04,6.04,200.0
2025-08-07T09:36:56,6.02,6.05,6.02,6.05,1857.0
2025-08-07T09:36:57,6.04,6.05,6.025,6.05,952.0
2025-08-07T09:36:59,6.05,6.05,6.05,6.05,100.0
2025-08-07T09:37:03,6.03,6.045,6.03,6.045,220.0
2025-08-07T09:37:05,6.04,6.04,6.04,6.04,188.0
2025-08-07T09:37:06,6.0378,6.0378,6.0378,6.0378,513.0
2025-08-07T09:37:07,6.025,6.04,6.025,6.04,1301.0
2025-08-07T09:37:10,6.011,6.03,6.0,6.01,3897.0
2025-08-07T09:37:13,6.015,6.015,6.0,6.015,657.0
2025-08-07T09:37:14,5.985,5.985,5.985,5.985,487.0
2025-08-07T09:37:16,5.99,6.01,5.99,6.01,200.0
2025-08-07T09:37:17,5.98,5.98,5.96,5.96,615.0
2025-08-07T09:37:18,5.9953,5.9953,5.9953,5.9953,122.0
2025-08-07T09:37:19,5.98,5.98,5.98,5.98,301.0
2025-08-07T09:37:20,5.98,5.9996,5.98,5.9996,1672.0
2025-08-07T09:37:24,5.98,6.0,5.96,5.98,2062.0
2025-08-07T09:37:25,5.9894,5.9894,5.955,5.955,2345.0
2025-08-07T09:37:27,5.957,5.975,5.955,5.975,2055.0
2025-08-07T09:37:28,5.955,5.98,5.955,5.98,299.0
2025-08-07T09:37:31,5.955,5.98,5.955,5.98,300.0
2025-08-07T09:37:33,5.955,5.97,5.935,5.935,964.0
2025-08-07T09:37:34,5.955,5.97,5.955,5.955,444.0
2025-08-07T09:37:36,5.955,5.97,5.955,5.955,401.0
2025-08-07T09:37:37,5.955,5.975,5.955,5.975,300.0
2025-08-07T09:37:39,5.955,5.975,5.955,5.975,336.0
2025-08-07T09:37:40,5.955,5.975,5.955,5.975,300.0
2025-08-07T09:37:43,5.955,5.975,5.955,5.955,505.0
2025-08-07T09:37:44,5.961,5.97,5.95,5.97,805.0
2025-08-07T09:37:45,5.95,5.97,5.95,5.97,306.0
2025-08-07T09:37:46,5.95,5.95,5.95,5.95,150.0
2025-08-07T09:37:47,5.97,5.97,5.97,5.97,189.0
2025-08-07T09:37:49,5.955,5.975,5.955,5.975,700.0
2025-08-07T09:37:51,5.955,5.975,5.955,5.975,348.0
2025-08-07T09:37:52,5.95,5.95,5.86,5.88,3527.0
2025-08-07T09:37:53,5.89,5.89,5.8664,5.8664,622.0
2025-08-07T09:37:54,5.89,5.89,5.89,5.89,101.0
2025-08-07T09:37:56,5.8879,5.8879,5.8879,5.8879,462.0
2025-08-07T09:37:57,5.875,5.888,5.875,5.8762,700.0
2025-08-07T09:37:58,5.875,5.89,5.875,5.875,1384.0
2025-08-07T09:37:59,5.875,5.875,5.875,5.875,100.0
2025-08-07T09:38:00,5.875,5.875,5.875,5.875,500.0
2025-08-07T09:38:03,5.875,5.89,5.875,5.89,324.0
2025-08-07T09:38:04,5.89,5.89,5.89,5.89,1000.0
2025-08-07T09:38:05,5.89,5.89,5.885,5.885,2001.0
2025-08-07T09:38:06,5.884,5.884,5.884,5.884,360.0
2025-08-07T09:38:13,5.88,5.88,5.88,5.88,150.0
2025-08-07T09:38:14,5.88,5.895,5.83,5.83,7415.0
2025-08-07T09:38:15,5.865,5.865,5.865,5.865,268.0
2025-08-07T09:38:16,5.845,5.87,5.845,5.87,1400.0
2025-08-07T09:38:17,5.845,5.86,5.845,5.86,430.0
2025-08-07T09:38:18,5.8566,5.8566,5.84,5.84,502.0
2025-08-07T09:38:19,5.86,5.86,5.86,5.86,250.0
2025-08-07T09:38:21,5.84,5.86,5.84,5.86,251.0
2025-08-07T09:38:22,5.84,5.84,5.84,5.84,151.0
2025-08-07T09:38:23,5.8232,5.8232,5.8232,5.8232,557.0
2025-08-07T09:38:25,5.84,5.86,5.8204,5.8204,3200.0
2025-08-07T09:38:31,5.84,5.84,5.8201,5.8201,6030.0
2025-08-07T09:38:36,5.8398,5.8398,5.8398,5.8398,1111.0
2025-08-07T09:38:44,5.82,5.82,5.8,5.8,2165.0
2025-08-07T09:38:48,5.8,5.8,5.8,5.8,1002.0
2025-08-07T09:38:50,5.775,5.775,5.775,5.775,420.0
2025-08-07T09:38:52,5.77,5.785,5.77,5.7707,933.0
2025-08-07T09:38:59,5.77,5.77,5.765,5.765,1572.0
2025-08-07T09:39:06,5.7994,5.7994,5.7994,5.7994,2000.0
2025-08-07T09:39:07,5.77,5.77,5.77,5.77,1550.0
2025-08-07T09:39:11,5.77,5.77,5.77,5.77,610.0
2025-08-07T09:39:15,5.7421,5.7421,5.7421,5.7421,375.0
2025-08-07T09:39:18,5.77,5.77,5.77,5.77,275.0
2025-08-07T09:39:19,5.74,5.84,5.7001,5.84,16935.0
2025-08-07T09:39:20,5.77,5.77,5.77,5.77,103.0
2025-08-07T09:39:21,5.845,5.8599,5.845,5.8599,3539.0
2025-08-07T09:39:25,5.8413,5.8413,5.8413,5.8413,240.0
2025-08-07T09:39:26,5.85,5.85,5.84,5.84,1027.0
2025-08-07T09:39:33,5.825,5.875,5.825,5.875,3526.0
2025-08-07T09:39:41,5.87,5.87,5.8601,5.8601,5000.0
2025-08-07T09:39:43,5.8657,5.87,5.8657,5.87,366.0
2025-08-07T09:39:47,5.86,5.86,5.86,5.86,186.0
2025-08-07T09:39:53,5.875,5.875,5.875,5.875,1248.0
2025-08-07T09:39:55,5.8897,5.8897,5.8897,5.8897,100.0
2025-08-07T09:39:56,5.86,5.86,5.86,5.86,100.0
2025-08-07T09:39:57,5.8743,5.8743,5.8743,5.8743,2500.0
2025-08-07T09:39:58,5.86,5.86,5.86,5.86,100.0
2025-08-07T09:40:01,5.875,5.89,5.875,5.89,500.0
2025-08-07T09:40:02,5.8642,5.8642,5.8642,5.8642,120.0
2025-08-07T09:40:20,5.8603,5.8603,5.8603,5.8603,105.0
2025-08-07T09:40:25,5.875,5.875,5.875,5.875,100.0
2025-08-07T09:40:26,5.88,5.89,5.88,5.88,964.0
2025-08-07T09:40:28,5.9,5.9,5.89,5.89,1635.0
2025-08-07T09:40:33,5.9,5.9,5.89,5.89,2355.0
2025-08-07T09:40:36,5.8999,5.8999,5.8999,5.8999,7554.0
2025-08-07T09:40:39,5.885,5.885,5.885,5.885,1250.0
2025-08-07T09:40:40,5.885,5.885,5.885,5.885,389.0
2025-08-07T09:40:41,5.8997,5.8997,5.8997,5.8997,200.0
2025-08-07T09:40:44,5.885,5.885,5.885,5.885,100.0
2025-08-07T09:40:49,5.88,5.88,5.88,5.88,192.0
2025-08-07T09:40:50,5.87,5.87,5.85,5.8547,2097.0
2025-08-07T09:40:54,5.8555,5.86,5.8555,5.86,558.0
2025-08-07T09:41:02,5.85,5.85,5.85,5.85,173.0
2025-08-07T09:41:04,5.84,5.84,5.84,5.84,401.0
2025-08-07T09:41:05,5.83,5.83,5.825,5.825,300.0
2025-08-07T09:41:09,5.825,5.83,5.825,5.8299,813.0
2025-08-07T09:41:15,5.82,5.82,5.81,5.81,686.0
2025-08-07T09:41:16,5.82,5.82,5.82,5.82,218.0
2025-08-07T09:41:32,5.8,5.8034,5.8,5.8034,374.0
2025-08-07T09:41:35,5.815,5.815,5.815,5.815,2000.0
2025-08-07T09:41:36,5.815,5.815,5.815,5.815,100.0
2025-08-07T09:41:41,5.83,5.83,5.83,5.83,1262.0
2025-08-07T09:41:47,5.8437,5.8437,5.8437,5.8437,1000.0
2025-08-07T09:42:08,5.851,5.851,5.851,5.851,102.0
2025-08-07T09:42:09,5.835,5.835,5.835,5.835,255.0
2025-08-07T09:42:27,5.835,5.835,5.835,5.835,102.0
2025-08-07T09:42:28,5.835,5.835,5.835,5.835,300.0
2025-08-07T09:42:30,5.86,5.86,5.86,5.86,175.0
2025-08-07T09:42:32,5.835,5.835,5.835,5.835,538.0
2025-08-07T09:42:39,5.86,5.86,5.86,5.86,184.0
2025-08-07T09:42:51,5.86,5.86,5.86,5.86,516.0
2025-08-07T09:42:53,5.85,5.85,5.85,5.85,175.0
2025-08-07T09:42:56,5.845,5.845,5.845,5.845,435.0
2025-08-07T09:43:01,5.84,5.84,5.84,5.84,601.0
2025-08-07T09:43:03,5.835,5.835,5.835,5.835,205.0
2025-08-07T09:43:12,5.835,5.835,5.82,5.82,1075.0
2025-08-07T09:43:13,5.8053,5.8053,5.8053,5.8053,200.0
2025-08-07T09:43:14,5.825,5.825,5.82,5.82,1000.0
2025-08-07T09:43:15,5.825,5.825,5.82,5.82,300.0
2025-08-07T09:43:20,5.825,5.825,5.825,5.825,435.0
2025-08-07T09:43:33,5.825,5.825,5.825,5.825,100.0
2025-08-07T09:43:34,5.8212,5.8212,5.8212,5.8212,685.0
2025-08-07T09:43:36,5.825,5.83,5.82,5.82,3029.0
2025-08-07T09:43:37,5.83,5.83,5.83,5.83,175.0
2025-08-07T09:43:39,5.8,5.8,5.76,5.78,12201.0
2025-08-07T09:43:42,5.78,5.79,5.78,5.79,504.0
2025-08-07T09:43:50,5.78,5.78,5.78,5.78,181.0
2025-08-07T09:43:54,5.795,5.795,5.795,5.795,100.0
2025-08-07T09:43:55,5.78,5.78,5.78,5.78,175.0
2025-08-07T09:44:02,5.78,5.78,5.78,5.78,712.0
2025-08-07T09:44:04,5.76,5.76,5.76,5.76,400.0
2025-08-07T09:44:06,5.755,5.755,5.755,5.755,241.0
2025-08-07T09:44:07,5.755,5.76,5.755,5.76,7000.0
2025-08-07T09:44:10,5.7443,5.7443,5.7443,5.7443,400.0
2025-08-07T09:44:12,5.74,5.74,5.74,5.74,175.0
2025-08-07T09:44:14,5.76,5.76,5.76,5.76,100.0
2025-08-07T09:44:21,5.7525,5.7525,5.7301,5.7301,1399.0
2025-08-07T09:44:35,5.76,5.76,5.76,5.76,1000.0
2025-08-07T09:44:40,5.76,5.765,5.76,5.765,1633.0
2025-08-07T09:44:48,5.74,5.7525,5.74,5.745,3556.0
2025-08-07T09:44:50,5.76,5.76,5.76,5.76,175.0
2025-08-07T09:44:54,5.7691,5.7691,5.7691,5.7691,179.0
2025-08-07T09:44:58,5.755,5.79,5.755,5.79,961.0
2025-08-07T09:45:04,5.805,5.805,5.805,5.805,200.0
2025-08-07T09:45:06,5.805,5.805,5.805,5.805,546.0
2025-08-07T09:45:10,5.82,5.82,5.82,5.82,193.0
2025-08-07T09:45:12,5.81,5.819,5.81,5.81,3600.0
2025-08-07T09:45:14,5.79,5.79,5.79,5.79,100.0
2025-08-07T09:45:21,5.79,5.79,5.785,5.785,460.0
2025-08-07T09:45:26,5.7657,5.7657,5.7657,5.7657,100.0
2025-08-07T09:45:29,5.76,5.76,5.76,5.76,179.0
2025-08-07T09:45:35,5.7654,5.7654,5.7654,5.7654,100.0
2025-08-07T09:45:38,5.8038,5.8038,5.8038,5.8038,100.0
2025-08-07T09:45:49,5.785,5.785,5.785,5.785,200.0
2025-08-07T09:45:50,5.81,5.81,5.81,5.81,7139.0
2025-08-07T09:45:51,5.785,5.785,5.785,5.785,489.0
2025-08-07T09:45:52,5.8064,5.8064,5.8064,5.8064,525.0
2025-08-07T09:45:54,5.785,5.7993,5.785,5.7993,200.0
2025-08-07T09:45:55,5.785,5.785,5.785,5.785,500.0
2025-08-07T09:45:59,5.7825,5.7825,5.7825,5.7825,4000.0
2025-08-07T09:46:00,5.76,5.76,5.76,5.76,100.0
2025-08-07T09:46:24,5.76,5.806393,5.76,5.806393,1560.0
2025-08-07T09:46:25,5.785,5.785,5.785,5.785,4000.0
2025-08-07T09:46:26,5.785,5.785,5.785,5.785,600.0
2025-08-07T09:46:38,5.7925,5.7925,5.7925,5.7925,1551.0
2025-08-07T09:46:39,5.785,5.785,5.785,5.785,20011.0
2025-08-07T09:46:40,5.785,5.785,5.785,5.785,270.0
2025-08-07T09:46:41,5.785,5.785,5.785,5.785,565.0
2025-08-07T09:46:42,5.76,5.76,5.75,5.755,821.0
2025-08-07T09:46:47,5.74,5.785,5.74,5.785,26192.0
2025-08-07T09:47:14,5.785,5.785,5.785,5.785,912.0
2025-08-07T09:47:16,5.774,5.774,5.774,5.774,120.0
2025-08-07T09:47:18,5.785,5.785,5.785,5.785,656.0
2025-08-07T09:47:19,5.78,5.78,5.78,5.78,703.0
2025-08-07T09:47:22,5.78,5.78,5.76,5.77,985.0
2025-08-07T09:47:23,5.76,5.76,5.76,5.76,201.0
2025-08-07T09:47:24,5.7502,5.7502,5.7502,5.7502,100.0
2025-08-07T09:47:25,5.76,5.76,5.76,5.76,100.0
2025-08-07T09:47:26,5.76,5.76,5.76,5.76,100.0
2025-08-07T09:47:33,5.7501,5.7501,5.7501,5.7501,3900.0
2025-08-07T09:47:45,5.76,5.76,5.7525,5.7525,380.0
2025-08-07T09:47:46,5.76,5.76,5.76,5.76,8105.0
2025-08-07T09:47:54,5.76,5.775,5.76,5.775,1211.0
2025-08-07T09:47:55,5.775,5.79,5.775,5.78,1977.0
2025-08-07T09:47:57,5.76,5.76,5.76,5.76,196.0
2025-08-07T09:48:26,5.7961,5.7961,5.7961,5.7961,1001.0
2025-08-07T09:48:42,5.778,5.778,5.778,5.778,500.0
2025-08-07T09:49:00,5.76,5.76,5.75,5.76,5506.0
2025-08-07T09:49:05,5.76,5.76,5.75,5.75,914.0
2025-08-07T09:49:10,5.755,5.755,5.755,5.755,200.0
2025-08-07T09:49:17,5.7401,5.7401,5.7401,5.7401,3000.0
2025-08-07T09:49:22,5.75,5.75,5.75,5.75,3470.0
2025-08-07T09:49:30,5.755,5.755,5.755,5.755,500.0
2025-08-07T09:49:33,5.755,5.755,5.755,5.755,208.0
2025-08-07T09:49:37,5.755,5.755,5.755,5.755,100.0
2025-08-07T09:49:42,5.755,5.755,5.755,5.755,101.0
2025-08-07T09:49:44,5.755,5.755,5.755,5.755,174.0
2025-08-07T09:49:46,5.7699,5.7699,5.7699,5.7699,165.0
2025-08-07T09:50:42,5.7423,5.7423,5.7423,5.7423,500.0
2025-08-07T09:51:02,5.755,5.755,5.755,5.755,130.0
2025-08-07T09:51:03,5.755,5.755,5.755,5.755,838.0
2025-08-07T09:51:05,5.755,5.755,5.755,5.755,100.0
2025-08-07T09:51:09,5.755,5.755,5.735,5.735,1863.0
2025-08-07T09:51:10,5.73,5.73,5.73,5.73,450.0
2025-08-07T09:51:11,5.73,5.73,5.73,5.73,3345.0
2025-08-07T09:51:15,5.73,5.73,5.7,5.715,1289.0
2025-08-07T09:51:19,5.7021,5.7021,5.7021,5.7021,122.0
2025-08-07T09:51:24,5.71,5.72,5.71,5.715,375.0
2025-08-07T09:51:30,5.7125,5.7125,5.7125,5.7125,130.0
2025-08-07T09:51:37,5.7174,5.7174,5.7102,5.7102,1600.0
2025-08-07T09:51:44,5.72,5.72,5.72,5.72,3100.0
2025-08-07T09:51:55,5.7279,5.7279,5.7279,5.7279,175.0
2025-08-07T09:51:59,5.71,5.71,5.71,5.71,400.0
2025-08-07T09:52:01,5.705,5.705,5.705,5.705,100.0
2025-08-07T09:52:02,5.7095,5.7095,5.7095,5.7095,1000.0
2025-08-07T09:52:05,5.705,5.705,5.705,5.705,200.0
2025-08-07T09:52:23,5.71,5.725,5.71,5.72,2892.0
2025-08-07T09:52:25,5.72,5.72,5.72,5.72,200.0
2025-08-07T09:52:26,5.715,5.715,5.71,5.71,4144.0
2025-08-07T09:52:30,5.71,5.71,5.71,5.71,100.0
2025-08-07T09:52:34,5.72,5.72,5.68,5.68,12024.0
2025-08-07T09:52:40,5.6862,5.6862,5.6862,5.6862,1000.0
2025-08-07T09:52:54,5.681,5.681,5.681,5.681,600.0
2025-08-07T09:53:01,5.69,5.69,5.69,5.69,149.0
2025-08-07T09:53:03,5.7,5.7,5.7,5.7,185.0
2025-08-07T09:53:05,5.6857,5.6857,5.6857,5.6857,2000.0
2025-08-07T09:53:08,5.69,5.69,5.68,5.69,1065.0
2025-08-07T09:53:09,5.673,5.673,5.673,5.673,101.0
2025-08-07T09:53:11,5.6725,5.6729,5.6723,5.6723,1300.0
2025-08-07T09:53:22,5.67,5.67,5.65,5.66,3352.0
2025-08-07T09:53:23,5.655,5.655,5.655,5.655,236.0
2025-08-07T09:53:37,5.645,5.645,5.645,5.645,150.0
2025-08-07T09:53:39,5.63,5.645,5.63,5.63,3471.0
2025-08-07T09:53:40,5.632,5.632,5.632,5.632,269.0
2025-08-07T09:53:44,5.6399,5.6399,5.6399,5.6399,4043.0
2025-08-07T09:53:46,5.631,5.631,5.625,5.625,1272.0
2025-08-07T09:53:50,5.62,5.6275,5.6,5.615,9210.0
2025-08-07T09:53:51,5.63,5.63,5.601,5.601,498.0
2025-08-07T09:53:52,5.6,5.62,5.6,5.62,4217.0
2025-08-07T09:53:53,5.602,5.602,5.6,5.6,289.0
2025-08-07T09:53:59,5.61,5.61,5.61,5.61,211.0
2025-08-07T09:54:00,5.61,5.61,5.605,5.605,734.0
2025-08-07T09:54:01,5.605,5.62,5.605,5.62,4310.0
2025-08-07T09:54:02,5.62,5.62,5.6188,5.6188,1027.0
2025-08-07T09:54:06,5.6202,5.6202,5.6202,5.6202,8000.0
2025-08-07T09:54:08,5.63,5.63,5.63,5.63,206.0
2025-08-07T09:54:10,5.6369,5.6369,5.6369,5.6369,878.0
2025-08-07T09:54:11,5.625,5.625,5.625,5.625,3000.0
2025-08-07T09:54:12,5.625,5.625,5.625,5.625,1472.0
2025-08-07T09:54:29,5.625,5.625,5.6101,5.6101,10400.0
2025-08-07T09:54:31,5.6314,5.6314,5.6314,5.6314,700.0
2025-08-07T09:54:36,5.61,5.6249,5.57,5.57,5007.0
2025-08-07T09:54:37,5.5899,5.5899,5.5899,5.5899,100.0
2025-08-07T09:54:50,5.5808,5.5808,5.58,5.58,1070.0
2025-08-07T09:54:55,5.58,5.58,5.58,5.58,1215.0
2025-08-07T09:54:56,5.58,5.58,5.58,5.58,1011.0
2025-08-07T09:54:57,5.572,5.572,5.572,5.572,239.0
2025-08-07T09:54:59,5.57,5.57,5.56,5.56,1096.0
2025-08-07T09:55:00,5.5699,5.57,5.5699,5.57,1100.0
2025-08-07T09:55:02,5.57,5.57,5.569,5.569,2100.0
2025-08-07T09:55:04,5.57,5.57,5.57,5.57,100.0
2025-08-07T09:55:07,5.5743,5.5743,5.5743,5.5743,180.0
2025-08-07T09:55:10,5.5619,5.5619,5.5619,5.5619,980.0
2025-08-07T09:55:11,5.5602,5.5602,5.5602,5.5602,1951.0
2025-08-07T09:55:17,5.56,5.56,5.52,5.52,2501.0
2025-08-07T09:55:18,5.535,5.535,5.535,5.535,175.0
2025-08-07T09:55:21,5.5201,5.5201,5.5201,5.5201,5000.0
2025-08-07T09:55:26,5.54,5.54,5.54,5.54,748.0
2025-08-07T09:55:29,5.54,5.54,5.54,5.54,500.0
2025-08-07T09:55:32,5.5204,5.5204,5.5204,5.5204,112.0
2025-08-07T09:55:33,5.54,5.54,5.54,5.54,2000.0
2025-08-07T09:55:35,5.56,5.57,5.56,5.57,2557.0
2025-08-07T09:55:36,5.57,5.57,5.57,5.57,204.0
2025-08-07T09:55:40,5.57,5.57,5.57,5.57,356.0
2025-08-07T09:55:42,5.5484,5.5484,5.5484,5.5484,1000.0
2025-08-07T09:55:47,5.55,5.55,5.55,5.55,100.0
2025-08-07T09:55:53,5.552,5.552,5.552,5.552,6000.0
2025-08-07T09:55:56,5.5301,5.5301,5.5301,5.5301,100.0
2025-08-07T09:56:01,5.55,5.55,5.55,5.55,228.0
2025-08-07T09:56:04,5.5304,5.5304,5.5304,5.5304,203.0
2025-08-07T09:56:13,5.55,5.55,5.55,5.55,300.0
2025-08-07T09:56:15,5.532,5.532,5.532,5.532,175.0
2025-08-07T09:56:18,5.5328,5.5501,5.5328,5.5501,750.0
2025-08-07T09:56:22,5.57,5.57,5.57,5.57,177.0
2025-08-07T09:56:24,5.57,5.57,5.57,5.57,833.0
2025-08-07T09:56:32,5.56,5.56,5.56,5.56,100.0
2025-08-07T09:56:33,5.56,5.56,5.56,5.56,133.0
2025-08-07T09:56:38,5.57,5.57,5.57,5.57,175.0
2025-08-07T09:56:44,5.5627,5.5627,5.5627,5.5627,250.0
2025-08-07T09:56:50,5.542,5.56,5.542,5.56,287.0
2025-08-07T09:56:56,5.56,5.56,5.56,5.56,100.0
2025-08-07T09:57:05,5.55,5.55,5.54,5.54,766.0
2025-08-07T09:57:14,5.53,5.53,5.53,5.53,221.0
2025-08-07T09:57:18,5.53,5.53,5.53,5.53,300.0
2025-08-07T09:57:29,5.51,5.565,5.5,5.565,19824.0
2025-08-07T09:57:33,5.565,5.565,5.565,5.565,6982.0
2025-08-07T09:57:35,5.565,5.5651,5.565,5.5651,725.0
2025-08-07T09:57:37,5.5665,5.59,5.5665,5.59,3412.0
2025-08-07T09:57:39,5.585,5.585,5.5818,5.5818,205.0
2025-08-07T09:57:40,5.58,5.59,5.58,5.59,485.0
2025-08-07T09:57:43,5.59,5.59,5.59,5.59,541.0
2025-08-07T09:58:18,5.59,5.59,5.59,5.59,100.0
2025-08-07T09:58:29,5.58,5.58,5.58,5.58,175.0
2025-08-07T09:58:49,5.59,5.59,5.59,5.59,100.0
2025-08-07T09:58:52,5.585412,5.585412,5.585412,5.585412,1500.0
2025-08-07T09:58:58,5.6,5.6,5.57,5.57,2382.0
2025-08-07T09:59:00,5.57,5.57,5.57,5.57,287.0
2025-08-07T09:59:14,5.57,5.59,5.57,5.59,2213.0
2025-08-07T09:59:15,5.59,5.59,5.59,5.59,163.0
2025-08-07T09:59:20,5.5873,5.5873,5.585,5.585,1295.0
2025-08-07T09:59:23,5.58,5.58,5.57,5.57,2502.0
2025-08-07T09:59:30,5.555,5.555,5.555,5.555,137.0
2025-08-07T09:59:35,5.5551,5.5551,5.5401,5.5401,202.0
2025-08-07T09:59:58,5.56,5.56,5.56,5.56,400.0
2025-08-07T10:00:08,5.57,5.575,5.562,5.562,1148.0
2025-08-07T10:00:19,5.575,5.575,5.575,5.575,139.0
2025-08-07T10:00:20,5.575,5.575,5.575,5.575,100.0
2025-08-07T10:00:32,5.56,5.56,5.54,5.54,13035.0
2025-08-07T10:00:33,5.53,5.53,5.53,5.53,250.0
2025-08-07T10:00:37,5.525,5.525,5.525,5.525,400.0
2025-08-07T10:00:39,5.51,5.51,5.51,5.51,1150.0
2025-08-07T10:00:47,5.51,5.515,5.5,5.5,5258.0
2025-08-07T10:00:48,5.51,5.51,5.51,5.51,583.0
2025-08-07T10:00:49,5.515,5.515,5.515,5.515,1100.0
2025-08-07T10:00:51,5.515,5.515,5.515,5.515,310.0
2025-08-07T10:01:02,5.5002,5.5002,5.5002,5.5002,400.0
2025-08-07T10:01:16,5.51,5.51,5.5,5.5,13669.0
2025-08-07T10:01:17,5.495,5.495,5.495,5.495,224.0
2025-08-07T10:01:25,5.49,5.49,5.49,5.49,108.0
2025-08-07T10:01:28,5.49,5.49,5.49,5.49,138.0
2025-08-07T10:01:30,5.4801,5.4801,5.4801,5.4801,220.0
2025-08-07T10:01:37,5.49,5.49,5.49,5.49,900.0
2025-08-07T10:01:43,5.49,5.49,5.49,5.49,144.0
2025-08-07T10:01:44,5.48,5.49,5.48,5.49,953.0
2025-08-07T10:01:46,5.4812,5.4812,5.4812,5.4812,2000.0
2025-08-07T10:01:52,5.49,5.49,5.49,5.49,144.0
2025-08-07T10:02:02,5.5,5.535,5.5,5.535,6254.0
2025-08-07T10:02:04,5.5354,5.5354,5.5354,5.5354,1005.0
2025-08-07T10:02:19,5.535,5.55,5.535,5.55,1967.0
2025-08-07T10:02:21,5.5454,5.5454,5.5454,5.5454,900.0
2025-08-07T10:02:22,5.545,5.545,5.545,5.545,1273.0
2025-08-07T10:02:24,5.54,5.54,5.53,5.53,917.0
2025-08-07T10:02:25,5.53,5.53,5.53,5.53,146.0
2025-08-07T10:02:37,5.53,5.53,5.53,5.53,199.0
2025-08-07T10:02:40,5.53,5.53,5.53,5.53,1223.0
2025-08-07T10:03:00,5.52,5.52,5.505,5.505,1297.0
2025-08-07T10:03:05,5.51,5.51,5.51,5.51,600.0
2025-08-07T10:03:15,5.515,5.52,5.515,5.52,2108.0
2025-08-07T10:03:16,5.525,5.525,5.525,5.525,100.0
2025-08-07T10:03:17,5.52,5.52,5.52,5.52,300.0
2025-08-07T10:03:23,5.52,5.52,5.52,5.52,251.0
2025-08-07T10:03:26,5.53,5.53,5.53,5.53,176.0
2025-08-07T10:03:29,5.5287,5.5287,5.5287,5.5287,400.0
2025-08-07T10:03:30,5.52,5.52,5.52,5.52,7500.0
2025-08-07T10:03:43,5.52,5.52,5.52,5.52,152.0
2025-08-07T10:03:51,5.52,5.52,5.512,5.512,548.0
2025-08-07T10:03:57,5.5285,5.5285,5.51,5.51,1100.0
2025-08-07T10:04:00,5.52,5.52,5.52,5.52,250.0
2025-08-07T10:04:01,5.52,5.52,5.52,5.52,324.0
2025-08-07T10:04:05,5.52,5.52,5.52,5.52,100.0
2025-08-07T10:04:09,5.517,5.517,5.517,5.517,200.0
2025-08-07T10:04:10,5.52,5.52,5.52,5.52,152.0
2025-08-07T10:04:13,5.52,5.52,5.52,5.52,100.0
2025-08-07T10:04:17,5.5299,5.5299,5.5299,5.5299,137.0
2025-08-07T10:04:18,5.53,5.53,5.53,5.53,1475.0
2025-08-07T10:04:35,5.54,5.54,5.54,5.54,100.0
2025-08-07T10:04:36,5.53,5.53,5.53,5.53,900.0
2025-08-07T10:04:38,5.55,5.55,5.55,5.55,333.0
2025-08-07T10:04:40,5.54,5.54,5.54,5.54,128.0
2025-08-07T10:04:45,5.55,5.55,5.55,5.55,1000.0
2025-08-07T10:04:53,5.5286,5.535,5.5286,5.535,271.0
2025-08-07T10:04:55,5.5455,5.5455,5.5455,5.5455,200.0
2025-08-07T10:05:06,5.535,5.535,5.535,5.535,300.0
2025-08-07T10:05:12,5.5315,5.5315,5.5315,5.5315,502.0
2025-08-07T10:05:19,5.54,5.54,5.54,5.54,101.0
2025-08-07T10:05:25,5.55,5.55,5.55,5.55,175.0
2025-08-07T10:05:27,5.55,5.55,5.55,5.55,708.0
2025-08-07T10:05:41,5.55,5.55,5.515,5.515,1443.0
2025-08-07T10:05:56,5.5261,5.5261,5.5261,5.5261,400.0
2025-08-07T10:06:07,5.52,5.52,5.52,5.52,2000.0
2025-08-07T10:06:11,5.51,5.51,5.51,5.51,110.0
2025-08-07T10:06:33,5.51,5.51,5.5,5.5,3762.0
2025-08-07T10:06:36,5.5,5.5,5.495,5.495,2001.0
2025-08-07T10:06:53,5.48,5.48,5.48,5.48,136.0
2025-08-07T10:07:00,5.49,5.51,5.49,5.51,3161.0
2025-08-07T10:07:05,5.51,5.51,5.51,5.51,670.0
2025-08-07T10:07:20,5.5,5.5,5.495,5.495,364.0
2025-08-07T10:07:22,5.49,5.49,5.49,5.49,694.0
2025-08-07T10:07:24,5.4977,5.4977,5.4977,5.4977,650.0
2025-08-07T10:07:28,5.5,5.5,5.5,5.5,500.0
2025-08-07T10:07:34,5.5,5.5,5.5,5.5,250.0
2025-08-07T10:07:38,5.5,5.5,5.5,5.5,101.0
2025-08-07T10:07:43,5.494,5.494,5.494,5.494,280.0
2025-08-07T10:07:44,5.5,5.5,5.5,5.5,101.0
2025-08-07T10:07:50,5.5,5.5,5.49,5.5,11144.0
2025-08-07T10:07:52,5.505,5.505,5.505,5.505,100.0
2025-08-07T10:08:01,5.505,5.505,5.505,5.505,219.0
2025-08-07T10:08:02,5.505,5.505,5.505,5.505,610.0
2025-08-07T10:08:03,5.505,5.505,5.505,5.505,100.0
2025-08-07T10:08:04,5.505,5.505,5.505,5.505,327.0
2025-08-07T10:08:09,5.51,5.515,5.51,5.515,1092.0
2025-08-07T10:08:14,5.515,5.515,5.515,5.515,200.0
2025-08-07T10:08:15,5.515,5.515,5.515,5.515,100.0
2025-08-07T10:08:20,5.515,5.52,5.515,5.52,1382.0
2025-08-07T10:08:26,5.515,5.515,5.515,5.515,100.0
2025-08-07T10:08:27,5.51,5.51,5.5,5.5,524.0
2025-08-07T10:08:29,5.5,5.5,5.5,5.5,455.0
2025-08-07T10:08:32,5.5099,5.5099,5.5099,5.5099,200.0
2025-08-07T10:08:33,5.5099,5.5099,5.5099,5.5099,4019.0
2025-08-07T10:08:54,5.5,5.5,5.5,5.5,208.0
2025-08-07T10:09:11,5.5,5.5,5.5,5.5,1000.0
2025-08-07T10:09:26,5.5,5.5,5.5,5.5,100.0
2025-08-07T10:09:32,5.5,5.5,5.5,5.5,298.0
2025-08-07T10:09:38,5.501,5.501,5.501,5.501,200.0
2025-08-07T10:09:41,5.5,5.5,5.5,5.5,259.0
2025-08-07T10:09:46,5.5,5.5,5.5,5.5,138.0
2025-08-07T10:09:55,5.49,5.49,5.49,5.49,818.0
2025-08-07T10:10:04,5.49,5.49,5.49,5.49,899.0
2025-08-07T10:10:20,5.4813,5.4813,5.4813,5.4813,400.0
2025-08-07T10:10:22,5.49,5.49,5.49,5.49,100.0
2025-08-07T10:10:25,5.49,5.49,5.49,5.49,8718.0
2025-08-07T10:10:33,5.4805,5.4805,5.4805,5.4805,200.0
2025-08-07T10:10:39,5.4899,5.4899,5.4899,5.4899,8000.0
2025-08-07T10:10:47,5.49,5.5,5.485,5.495,1230.0
2025-08-07T10:11:02,5.5,5.5,5.5,5.5,625.0
2025-08-07T10:11:04,5.5,5.5,5.495,5.495,912.0
2025-08-07T10:11:16,5.4813,5.4813,5.4813,5.4813,202.0
2025-08-07T10:11:20,5.49,5.49,5.49,5.49,100.0
2025-08-07T10:11:24,5.49,5.49,5.49,5.49,2000.0
2025-08-07T10:11:36,5.5,5.5,5.5,5.5,1200.0
2025-08-07T10:11:39,5.49,5.49,5.49,5.49,100.0
2025-08-07T10:11:49,5.495,5.495,5.495,5.495,668.0
2025-08-07T10:12:33,5.49,5.495,5.49,5.495,3191.0
2025-08-07T10:12:34,5.49,5.495,5.48,5.48,1004.0
2025-08-07T10:12:35,5.48,5.49,5.48,5.49,1459.0
2025-08-07T10:12:36,5.485,5.485,5.48,5.48,500.0
2025-08-07T10:12:39,5.49,5.49,5.49,5.49,100.0
2025-08-07T10:12:41,5.49,5.49,5.49,5.49,100.0
2025-08-07T10:12:42,5.49,5.49,5.49,5.49,475.0
2025-08-07T10:12:45,5.4998,5.4998,5.4998,5.4998,5065.0
2025-08-07T10:12:57,5.48,5.48,5.48,5.48,153.0
2025-08-07T10:13:02,5.475,5.475,5.475,5.475,182.0
2025-08-07T10:13:03,5.4799,5.4799,5.4799,5.4799,3000.0
2025-08-07T10:13:05,5.4882,5.4882,5.4882,5.4882,200.0
2025-08-07T10:13:35,5.47,5.47,5.47,5.47,1133.0
2025-08-07T10:13:40,5.465,5.465,5.465,5.465,195.0
2025-08-07T10:13:42,5.465,5.465,5.465,5.465,286.0
2025-08-07T10:13:51,5.47,5.47,5.47,5.47,884.0
2025-08-07T10:14:04,5.48,5.4801,5.48,5.48,3702.0
2025-08-07T10:14:05,5.47,5.48,5.47,5.472,5040.0
2025-08-07T10:14:21,5.465,5.47,5.465,5.47,1226.0
2025-08-07T10:14:28,5.48,5.48,5.48,5.48,1093.0
2025-08-07T10:14:32,5.48,5.48,5.48,5.48,350.0
2025-08-07T10:14:54,5.48,5.48,5.48,5.48,500.0
2025-08-07T10:15:11,5.4872,5.4872,5.4872,5.4872,128.0
2025-08-07T10:15:23,5.475,5.475,5.475,5.475,100.0
2025-08-07T10:15:24,5.475,5.475,5.475,5.475,300.0
2025-08-07T10:15:48,5.475,5.475,5.475,5.475,101.0
2025-08-07T10:15:49,5.475,5.475,5.475,5.475,400.0
2025-08-07T10:15:57,5.475,5.475,5.475,5.475,100.0
2025-08-07T10:16:27,5.475,5.475,5.47,5.47,3883.0
2025-08-07T10:16:28,5.47,5.47,5.47,5.47,100.0
2025-08-07T10:16:32,5.473,5.473,5.473,5.473,845.0
2025-08-07T10:16:34,5.47,5.47,5.465,5.465,399.0
2025-08-07T10:16:39,5.465,5.465,5.465,5.465,100.0
2025-08-07T10:16:41,5.463,5.463,5.463,5.463,2010.0
2025-08-07T10:16:42,5.465,5.48,5.4601,5.48,9767.0
2025-08-07T10:16:45,5.485,5.485,5.485,5.485,100.0
2025-08-07T10:17:04,5.485,5.485,5.4802,5.4802,426.0
2025-08-07T10:17:05,5.485,5.485,5.485,5.485,240.0
2025-08-07T10:17:23,5.485,5.49,5.485,5.49,3029.0
2025-08-07T10:17:26,5.485,5.485,5.485,5.485,101.0
2025-08-07T10:17:33,5.4822,5.4822,5.4822,5.4822,400.0
2025-08-07T10:17:53,5.48,5.48,5.455,5.455,3142.0
2025-08-07T10:18:01,5.4546,5.4546,5.4546,5.4546,180.0
2025-08-07T10:18:17,5.4511,5.4511,5.4511,5.4511,325.0
2025-08-07T10:18:18,5.4512,5.4512,5.4512,5.4512,108.0
2025-08-07T10:18:22,5.455,5.455,5.455,5.455,273.0
2025-08-07T10:18:24,5.455,5.455,5.455,5.455,501.0
2025-08-07T10:18:26,5.46,5.46,5.46,5.46,1200.0
2025-08-07T10:18:38,5.455,5.46,5.455,5.46,1318.0
2025-08-07T10:18:40,5.465,5.469,5.465,5.469,830.0
2025-08-07T10:18:44,5.46,5.46,5.455,5.455,900.0
2025-08-07T10:18:45,5.455,5.455,5.455,5.455,200.0
2025-08-07T10:18:46,5.455,5.455,5.455,5.455,100.0
2025-08-07T10:18:48,5.455,5.455,5.455,5.455,194.0
2025-08-07T10:18:50,5.455,5.455,5.455,5.455,101.0
2025-08-07T10:18:51,5.455,5.455,5.455,5.455,200.0
2025-08-07T10:19:00,5.4501,5.4501,5.4501,5.4501,145.0
2025-08-07T10:19:02,5.455,5.455,5.455,5.455,1200.0
2025-08-07T10:19:03,5.46,5.46,5.46,5.46,230.0
2025-08-07T10:19:11,5.455,5.455,5.4502,5.4502,286.0
2025-08-07T10:19:14,5.455,5.455,5.455,5.455,1201.0
2025-08-07T10:19:16,5.455,5.455,5.455,5.455,300.0
2025-08-07T10:19:36,5.455,5.455,5.455,5.455,132.0
2025-08-07T10:19:39,5.455,5.455,5.455,5.455,500.0
2025-08-07T10:19:50,5.4599,5.4599,5.4599,5.4599,1270.0
2025-08-07T10:20:04,5.46,5.47,5.46,5.47,3868.0
2025-08-07T10:20:07,5.47,5.47,5.47,5.47,1378.0
2025-08-07T10:20:23,5.48,5.48,5.48,5.48,109.0
2025-08-07T10:20:25,5.475,5.475,5.47,5.47,201.0
2025-08-07T10:20:31,5.4655,5.4655,5.4655,5.4655,5000.0
2025-08-07T10:20:37,5.465,5.47,5.465,5.4685,1400.0
2025-08-07T10:20:59,5.465,5.465,5.465,5.465,137.0
2025-08-07T10:21:07,5.465,5.465,5.465,5.465,100.0
2025-08-07T10:21:08,5.465,5.465,5.465,5.465,100.0
2025-08-07T10:21:09,5.4601,5.4609,5.4601,5.4609,600.0
2025-08-07T10:21:11,5.46,5.46,5.455,5.455,3955.0
2025-08-07T10:21:12,5.455,5.455,5.455,5.455,300.0
2025-08-07T10:21:13,5.455,5.455,5.455,5.455,400.0
2025-08-07T10:21:26,5.455,5.455,5.455,5.455,105.0
2025-08-07T10:21:49,5.4511,5.4511,5.4511,5.4511,150.0
2025-08-07T10:21:56,5.455,5.455,5.455,5.455,198.0
2025-08-07T10:21:59,5.455,5.455,5.455,5.455,100.0
2025-08-07T10:22:02,5.455,5.455,5.455,5.455,101.0
2025-08-07T10:22:04,5.45,5.45,5.45,5.45,4887.0
2025-08-07T10:22:11,5.44,5.45,5.44,5.45,1892.0
2025-08-07T10:22:12,5.46,5.46,5.46,5.46,291.0
2025-08-07T10:22:22,5.47,5.48,5.47,5.48,1774.0
2025-08-07T10:22:27,5.48,5.48,5.48,5.48,219.0
2025-08-07T10:22:28,5.47,5.47,5.47,5.47,100.0
2025-08-07T10:22:37,5.46,5.46,5.46,5.46,623.0
2025-08-07T10:22:41,5.46,5.46,5.46,5.46,100.0
2025-08-07T10:22:44,5.46,5.46,5.46,5.46,122.0
2025-08-07T10:22:48,5.46,5.46,5.46,5.46,100.0
2025-08-07T10:22:49,5.465,5.465,5.465,5.465,191.0
2025-08-07T10:22:56,5.47,5.52,5.47,5.505,12754.0
2025-08-07T10:22:59,5.5,5.5,5.5,5.5,243.0
2025-08-07T10:23:05,5.5,5.5,5.5,5.5,300.0
2025-08-07T10:23:20,5.49,5.49,5.49,5.49,477.0
2025-08-07T10:23:30,5.4894,5.4894,5.4894,5.4894,250.0
2025-08-07T10:23:33,5.485,5.485,5.485,5.485,1356.0
2025-08-07T10:23:37,5.485,5.485,5.485,5.485,146.0
2025-08-07T10:24:14,5.485,5.485,5.485,5.485,102.0
2025-08-07T10:24:15,5.485,5.485,5.485,5.485,100.0
2025-08-07T10:24:25,5.49,5.505,5.49,5.505,1131.0
2025-08-07T10:24:43,5.5,5.5,5.5,5.5,508.0
2025-08-07T10:24:44,5.48,5.48,5.47,5.47,3943.0
2025-08-07T10:25:02,5.48,5.49,5.48,5.49,379.0
2025-08-07T10:25:21,5.5,5.515,5.5,5.515,998.0
2025-08-07T10:25:22,5.515,5.515,5.515,5.515,101.0
2025-08-07T10:25:24,5.51,5.51,5.51,5.51,449.0
2025-08-07T10:25:30,5.505,5.505,5.505,5.505,100.0
2025-08-07T10:25:36,5.505,5.505,5.505,5.505,100.0
2025-08-07T10:25:53,5.5055,5.5055,5.5055,5.5055,500.0
2025-08-07T10:25:55,5.505,5.505,5.505,5.505,100.0
2025-08-07T10:25:59,5.5045,5.5045,5.5045,5.5045,400.0
2025-08-07T10:26:04,5.51,5.51,5.51,5.51,785.0
2025-08-07T10:26:05,5.5,5.5,5.5,5.5,100.0
2025-08-07T10:26:12,5.5,5.5,5.5,5.5,1317.0
2025-08-07T10:26:20,5.5,5.51,5.5,5.51,868.0
2025-08-07T10:26:25,5.51,5.51,5.5,5.5,848.0
2025-08-07T10:26:45,5.49,5.49,5.49,5.49,100.0
2025-08-07T10:26:55,5.5,5.5,5.5,5.5,102.0
2025-08-07T10:27:08,5.5,5.5,5.5,5.5,1000.0
2025-08-07T10:27:36,5.5,5.5,5.5,5.5,121.0
2025-08-07T10:28:00,5.5,5.5,5.5,5.5,100.0
2025-08-07T10:28:04,5.5,5.5,5.5,5.5,100.0
2025-08-07T10:28:06,5.492,5.492,5.492,5.492,157.0
2025-08-07T10:28:07,5.495,5.495,5.495,5.495,598.0
2025-08-07T10:28:12,5.5,5.5,5.5,5.5,400.0
2025-08-07T10:28:16,5.5,5.5,5.5,5.5,130.0
2025-08-07T10:28:20,5.5,5.5,5.5,5.5,290.0
2025-08-07T10:28:24,5.5,5.5,5.5,5.5,100.0
2025-08-07T10:28:33,5.5,5.5,5.49,5.49,1452.0
2025-08-07T10:28:35,5.495,5.495,5.495,5.495,100.0
2025-08-07T10:28:44,5.495,5.495,5.49,5.49,270.0
2025-08-07T10:28:55,5.49,5.49,5.49,5.49,130.0
2025-08-07T10:29:14,5.495,5.495,5.495,5.495,112.0
2025-08-07T10:29:19,5.495,5.495,5.49,5.49,562.0
2025-08-07T10:29:31,5.49,5.49,5.49,5.49,777.0
2025-08-07T10:29:34,5.495,5.495,5.495,5.495,132.0
2025-08-07T10:29:42,5.49,5.49,5.49,5.49,388.0
2025-08-07T10:30:03,5.48,5.48,5.48,5.48,282.0
2025-08-07T10:30:14,5.48,5.48,5.48,5.48,398.0
2025-08-07T10:30:24,5.49,5.49,5.48,5.49,2839.0
2025-08-07T10:30:36,5.495,5.495,5.48,5.48,621.0
2025-08-07T10:30:42,5.485,5.485,5.485,5.485,125.0
2025-08-07T10:31:02,5.485,5.485,5.485,5.485,100.0
2025-08-07T10:31:07,5.4806,5.4806,5.4806,5.4806,200.0
2025-08-07T10:31:13,5.48,5.48,5.48,5.48,120.0
2025-08-07T10:31:25,5.485,5.485,5.48,5.48,1091.0
2025-08-07T10:31:34,5.475,5.475,5.475,5.475,103.0
2025-08-07T10:31:38,5.4799,5.4799,5.4799,5.4799,200.0
2025-08-07T10:31:41,5.475,5.475,5.475,5.475,100.0
2025-08-07T10:32:12,5.475,5.475,5.475,5.475,1155.0
2025-08-07T10:32:15,5.47,5.49,5.47,5.49,9975.0
2025-08-07T10:32:18,5.49,5.49,5.49,5.49,342.0
2025-08-07T10:33:03,5.51,5.51,5.51,5.51,101.0
2025-08-07T10:33:13,5.511,5.511,5.51,5.51,468.0
2025-08-07T10:33:14,5.51,5.51,5.51,5.51,300.0
2025-08-07T10:33:33,5.5198,5.5198,5.5198,5.5198,250.0
2025-08-07T10:33:50,5.5,5.505,5.5,5.505,1044.0
2025-08-07T10:33:58,5.5068,5.5068,5.5068,5.5068,100.0
2025-08-07T10:34:35,5.5,5.5,5.5,5.5,100.0
2025-08-07T10:34:52,5.5,5.5,5.5,5.5,100.0
2025-08-07T10:35:04,5.5,5.5,5.5,5.5,300.0
2025-08-07T10:35:05,5.5,5.5,5.5,5.5,100.0
2025-08-07T10:35:07,5.5,5.5,5.5,5.5,101.0
2025-08-07T10:35:12,5.5,5.5,5.5,5.5,282.0
2025-08-07T10:35:13,5.5043,5.5043,5.5043,5.5043,850.0
2025-08-07T10:35:14,5.5,5.5,5.5,5.5,100.0
2025-08-07T10:35:20,5.5,5.5,5.48,5.48,3519.0
2025-08-07T10:35:44,5.48,5.495,5.48,5.495,1931.0
2025-08-07T10:35:45,5.495,5.495,5.495,5.495,222.0
2025-08-07T10:35:57,5.49,5.49,5.49,5.49,247.0
2025-08-07T10:36:02,5.49,5.49,5.49,5.49,987.0
2025-08-07T10:36:13,5.495,5.495,5.495,5.495,325.0
2025-08-07T10:36:22,5.4928,5.4928,5.4928,5.4928,272.0
2025-08-07T10:36:25,5.495,5.495,5.49,5.49,997.0
2025-08-07T10:36:28,5.48,5.48,5.48,5.48,191.0
2025-08-07T10:36:29,5.49,5.49,5.49,5.49,100.0
2025-08-07T10:36:33,5.4702,5.49,5.4702,5.49,269.0
2025-08-07T10:36:44,5.49,5.49,5.49,5.49,265.0
2025-08-07T10:36:46,5.4901,5.495,5.49,5.49,1321.0
2025-08-07T10:37:42,5.4815,5.49,5.4815,5.49,1701.0
2025-08-07T10:38:03,5.49,5.49,5.49,5.49,100.0
2025-08-07T10:38:15,5.48,5.49,5.48,5.49,926.0
2025-08-07T10:38:54,5.49,5.49,5.49,5.49,655.0
2025-08-07T10:39:00,5.495,5.495,5.495,5.495,120.0
2025-08-07T10:39:04,5.4945,5.4945,5.4945,5.4945,100.0
2025-08-07T10:39:05,5.495,5.495,5.495,5.495,695.0
2025-08-07T10:39:14,5.495,5.495,5.495,5.495,121.0
2025-08-07T10:39:15,5.495,5.495,5.49,5.49,467.0
2025-08-07T10:39:29,5.495,5.495,5.495,5.495,198.0
2025-08-07T10:39:45,5.495,5.495,5.495,5.495,141.0
2025-08-07T10:39:55,5.495,5.495,5.495,5.495,300.0
2025-08-07T10:40:10,5.49,5.49,5.49,5.49,1229.0
2025-08-07T10:40:18,5.485,5.485,5.48,5.48,242.0
2025-08-07T10:40:19,5.485,5.485,5.485,5.485,101.0
2025-08-07T10:40:23,5.4801,5.485,5.4801,5.485,2244.0
2025-08-07T10:40:26,5.4888,5.4888,5.4888,5.4888,165.0
2025-08-07T10:41:02,5.49,5.49,5.49,5.49,142.0
2025-08-07T10:41:05,5.49,5.49,5.49,5.49,869.0
2025-08-07T10:41:15,5.5,5.53,5.5,5.53,9231.0
2025-08-07T10:41:16,5.535,5.535,5.535,5.535,451.0
2025-08-07T10:41:18,5.535,5.535,5.535,5.535,260.0
2025-08-07T10:41:27,5.535,5.535,5.535,5.535,300.0
2025-08-07T10:41:29,5.54,5.545,5.54,5.545,795.0
2025-08-07T10:41:34,5.545,5.545,5.54,5.54,3188.0
2025-08-07T10:41:54,5.53,5.53,5.52,5.52,725.0
2025-08-07T10:42:02,5.52,5.52,5.52,5.52,200.0
2025-08-07T10:42:16,5.53,5.53,5.53,5.53,450.0
2025-08-07T10:42:19,5.53,5.53,5.53,5.53,250.0
2025-08-07T10:42:20,5.53,5.53,5.53,5.53,100.0
2025-08-07T10:42:26,5.5214,5.5214,5.5214,5.5214,161.0
2025-08-07T10:42:27,5.53,5.53,5.53,5.53,103.0
2025-08-07T10:42:38,5.53,5.53,5.53,5.53,338.0
2025-08-07T10:42:51,5.54,5.54,5.54,5.54,6000.0
2025-08-07T10:42:55,5.53,5.53,5.53,5.53,300.0
2025-08-07T10:43:23,5.5211,5.5211,5.5211,5.5211,3000.0
2025-08-07T10:43:29,5.5216,5.5216,5.5216,5.5216,200.0
2025-08-07T10:43:32,5.53,5.53,5.53,5.53,100.0
2025-08-07T10:43:51,5.54,5.54,5.53,5.53,331.0
2025-08-07T10:43:59,5.53,5.53,5.53,5.53,110.0
2025-08-07T10:44:06,5.53,5.53,5.53,5.53,155.0
2025-08-07T10:44:20,5.53,5.53,5.53,5.53,118.0
2025-08-07T10:45:08,5.53,5.53,5.53,5.53,300.0
2025-08-07T10:45:25,5.54,5.54,5.54,5.54,144.0
2025-08-07T10:45:58,5.535,5.535,5.53,5.53,289.0
2025-08-07T10:46:10,5.53,5.53,5.53,5.53,197.0
2025-08-07T10:46:14,5.53,5.53,5.53,5.53,249.0
2025-08-07T10:46:24,5.52,5.52,5.52,5.52,1369.0
2025-08-07T10:46:25,5.52,5.52,5.52,5.52,298.0
2025-08-07T10:46:28,5.515,5.52,5.515,5.52,201.0
2025-08-07T10:47:01,5.515,5.515,5.515,5.515,201.0
2025-08-07T10:47:05,5.51,5.51,5.51,5.51,221.0
2025-08-07T10:47:14,5.515,5.515,5.515,5.515,100.0
2025-08-07T10:47:22,5.52,5.52,5.52,5.52,791.0
2025-08-07T10:47:46,5.515,5.515,5.515,5.515,1000.0
2025-08-07T10:47:50,5.51,5.51,5.5099,5.5099,1935.0
2025-08-07T10:47:55,5.505,5.505,5.505,5.505,201.0
2025-08-07T10:47:56,5.505,5.505,5.505,5.505,227.0
2025-08-07T10:48:04,5.505,5.505,5.505,5.505,100.0
2025-08-07T10:48:16,5.5099,5.5099,5.505,5.505,200.0
2025-08-07T10:48:22,5.505,5.505,5.505,5.505,1137.0
2025-08-07T10:48:23,5.505,5.505,5.505,5.505,320.0
2025-08-07T10:48:25,5.5,5.5,5.495,5.495,1844.0
2025-08-07T10:48:26,5.49,5.49,5.49,5.49,400.0
2025-08-07T10:48:29,5.495,5.495,5.49,5.49,200.0
2025-08-07T10:48:35,5.5,5.5,5.499,5.5,1527.0
2025-08-07T10:49:00,5.505,5.505,5.505,5.505,1031.0
2025-08-07T10:49:16,5.51,5.51,5.51,5.51,662.0
2025-08-07T10:49:19,5.52,5.52,5.52,5.52,603.0
2025-08-07T10:49:20,5.525,5.53,5.52,5.525,1758.0
2025-08-07T10:49:26,5.5299,5.5299,5.5299,5.5299,1500.0
2025-08-07T10:49:35,5.52,5.52,5.52,5.52,2000.0
2025-08-07T10:50:00,5.525,5.525,5.525,5.525,200.0
2025-08-07T10:50:37,5.525,5.525,5.52,5.52,1886.0
2025-08-07T10:50:40,5.525,5.525,5.52,5.52,390.0
2025-08-07T10:50:57,5.53,5.535,5.53,5.535,983.0
2025-08-07T10:51:00,5.53,5.53,5.53,5.53,201.0
2025-08-07T10:51:24,5.53,5.53,5.53,5.53,675.0
2025-08-07T10:51:28,5.5354,5.5354,5.535,5.535,1500.0
2025-08-07T10:51:29,5.539,5.539,5.535,5.535,280.0
2025-08-07T10:51:30,5.535,5.535,5.535,5.535,200.0
2025-08-07T10:51:45,5.535,5.535,5.535,5.535,174.0
2025-08-07T10:51:48,5.54,5.54,5.54,5.54,1546.0
2025-08-07T10:52:01,5.55,5.55,5.55,5.55,145.0
2025-08-07T10:52:06,5.545,5.545,5.545,5.545,192.0
2025-08-07T10:52:15,5.545,5.55,5.545,5.55,913.0
2025-08-07T10:52:19,5.56,5.56,5.56,5.56,327.0
2025-08-07T10:52:20,5.56,5.56,5.56,5.56,484.0
2025-08-07T10:52:23,5.5501,5.5501,5.5501,5.5501,201.0
2025-08-07T10:52:25,5.56,5.56,5.56,5.56,100.0
2025-08-07T10:52:36,5.565,5.565,5.565,5.565,129.0
2025-08-07T10:52:53,5.565,5.565,5.565,5.565,2000.0
2025-08-07T10:53:05,5.565,5.565,5.565,5.565,100.0
2025-08-07T10:53:06,5.57,5.58,5.57,5.58,1561.0
2025-08-07T10:53:10,5.5791,5.5791,5.5791,5.5791,101.0
2025-08-07T10:53:15,5.575,5.575,5.575,5.575,301.0
2025-08-07T10:53:22,5.575,5.575,5.575,5.575,100.0
2025-08-07T10:53:31,5.575,5.575,5.575,5.575,222.0
2025-08-07T10:53:35,5.57,5.57,5.57,5.57,906.0
2025-08-07T10:53:36,5.57,5.57,5.57,5.57,200.0
2025-08-07T10:53:41,5.575,5.575,5.575,5.575,320.0
2025-08-07T10:53:47,5.5781,5.5781,5.5781,5.5781,200.0
2025-08-07T10:53:48,5.57,5.575,5.57,5.575,297.0
2025-08-07T10:54:16,5.575,5.575,5.575,5.575,321.0
2025-08-07T10:54:43,5.5793,5.5793,5.5793,5.5793,151.0
2025-08-07T10:54:49,5.575,5.58,5.575,5.58,546.0
2025-08-07T10:54:50,5.58,5.58,5.58,5.58,102.0
2025-08-07T10:54:54,5.5899,5.5899,5.5899,5.5899,1164.0
2025-08-07T10:54:55,5.585,5.585,5.585,5.585,100.0
2025-08-07T10:55:15,5.58,5.58,5.58,5.58,187.0
2025-08-07T10:55:19,5.585,5.585,5.585,5.585,123.0
2025-08-07T10:55:20,5.585,5.585,5.585,5.585,139.0
2025-08-07T10:55:30,5.58,5.59,5.58,5.58,1237.0
2025-08-07T10:55:49,5.585,5.585,5.585,5.585,102.0
2025-08-07T10:55:58,5.5894,5.5894,5.5894,5.5894,467.0
2025-08-07T10:55:59,5.58,5.58,5.57,5.57,4328.0
2025-08-07T10:56:00,5.58,5.58,5.57,5.57,432.0
2025-08-07T10:56:03,5.58,5.58,5.58,5.58,3179.0
2025-08-07T10:56:05,5.57,5.58,5.57,5.58,300.0
2025-08-07T10:56:17,5.57,5.57,5.57,5.57,200.0
2025-08-07T10:56:18,5.57,5.57,5.57,5.57,201.0
2025-08-07T10:56:20,5.575,5.58,5.575,5.58,1436.0
2025-08-07T10:56:22,5.585,5.595,5.585,5.595,7043.0
2025-08-07T10:56:23,5.595,5.595,5.595,5.595,200.0
2025-08-07T10:56:25,5.595,5.595,5.595,5.595,100.0
2025-08-07T10:56:28,5.59,5.595,5.585,5.585,642.0
2025-08-07T10:56:29,5.585,5.585,5.585,5.585,200.0
2025-08-07T10:56:30,5.585,5.585,5.58,5.58,895.0
2025-08-07T10:56:35,5.575,5.575,5.575,5.575,211.0
2025-08-07T10:56:40,5.57,5.57,5.57,5.57,146.0
2025-08-07T10:56:46,5.5701,5.5701,5.5701,5.5701,102.0
2025-08-07T10:56:54,5.57,5.57,5.57,5.57,677.0
2025-08-07T10:57:02,5.56,5.56,5.56,5.56,558.0
2025-08-07T10:57:03,5.555,5.555,5.555,5.555,151.0
2025-08-07T10:57:07,5.5587,5.5587,5.5587,5.5587,245.0
2025-08-07T10:57:10,5.555,5.555,5.555,5.555,264.0
2025-08-07T10:57:20,5.55,5.55,5.55,5.55,455.0
2025-08-07T10:57:42,5.54,5.54,5.54,5.54,472.0
2025-08-07T10:57:49,5.53,5.53,5.52,5.53,417.0
2025-08-07T10:57:56,5.5239,5.53,5.5239,5.53,1689.0
2025-08-07T10:58:00,5.535,5.535,5.525,5.525,791.0
2025-08-07T10:58:20,5.52,5.52,5.52,5.52,252.0
2025-08-07T10:58:43,5.525,5.525,5.525,5.525,300.0
2025-08-07T10:58:56,5.525,5.525,5.525,5.525,100.0
2025-08-07T10:58:57,5.5293,5.5293,5.5293,5.5293,181.0
2025-08-07T10:59:05,5.525,5.525,5.525,5.525,558.0
2025-08-07T10:59:11,5.5294,5.5294,5.5294,5.5294,300.0
2025-08-07T10:59:25,5.52,5.52,5.52,5.52,100.0
2025-08-07T10:59:44,5.525,5.525,5.525,5.525,200.0
2025-08-07T10:59:45,5.525,5.525,5.525,5.525,100.0
2025-08-07T10:59:47,5.525,5.525,5.525,5.525,151.0
2025-08-07T10:59:51,5.525,5.525,5.525,5.525,216.0
2025-08-07T10:59:55,5.525,5.525,5.52,5.52,300.0
2025-08-07T11:00:17,5.525,5.525,5.525,5.525,120.0
2025-08-07T11:00:39,5.53,5.53,5.53,5.53,1814.0
2025-08-07T11:00:47,5.53,5.53,5.52,5.52,1881.0
2025-08-07T11:01:09,5.53,5.53,5.53,5.53,554.0
2025-08-07T11:01:11,5.535,5.535,5.535,5.535,206.0
2025-08-07T11:01:15,5.53,5.53,5.53,5.53,765.0
2025-08-07T11:01:18,5.53,5.53,5.53,5.53,100.0
2025-08-07T11:01:20,5.53,5.53,5.53,5.53,128.0
2025-08-07T11:01:28,5.5292,5.5292,5.5292,5.5292,300.0
2025-08-07T11:02:00,5.535,5.535,5.535,5.535,500.0
2025-08-07T11:02:13,5.535,5.535,5.535,5.535,100.0
2025-08-07T11:02:15,5.535,5.535,5.535,5.535,200.0
2025-08-07T11:02:28,5.54,5.54,5.54,5.54,107.0
2025-08-07T11:02:46,5.535,5.535,5.535,5.535,100.0
2025-08-07T11:03:15,5.535,5.535,5.53,5.53,2471.0
2025-08-07T11:03:58,5.525,5.525,5.525,5.525,100.0
2025-08-07T11:04:00,5.525,5.525,5.525,5.525,617.0
2025-08-07T11:04:02,5.525,5.525,5.525,5.525,100.0
2025-08-07T11:04:13,5.525,5.525,5.525,5.525,100.0
2025-08-07T11:04:39,5.525,5.525,5.525,5.525,100.0
2025-08-07T11:04:40,5.525,5.525,5.525,5.525,110.0
2025-08-07T11:04:41,5.525,5.525,5.525,5.525,100.0
2025-08-07T11:06:04,5.53,5.53,5.53,5.53,120.0
2025-08-07T11:06:10,5.52,5.52,5.52,5.52,226.0
2025-08-07T11:06:48,5.53,5.53,5.53,5.53,1811.0
2025-08-07T11:06:51,5.535,5.535,5.53,5.53,744.0
2025-08-07T11:06:54,5.535,5.535,5.535,5.535,300.0
2025-08-07T11:06:55,5.53,5.53,5.53,5.53,1518.0
2025-08-07T11:07:06,5.535,5.535,5.535,5.535,100.0
2025-08-07T11:07:49,5.535,5.535,5.535,5.535,100.0
2025-08-07T11:08:05,5.535,5.535,5.535,5.535,458.0
2025-08-07T11:08:06,5.54,5.54,5.54,5.54,922.0
2025-08-07T11:08:08,5.54,5.54,5.54,5.54,658.0
2025-08-07T11:08:16,5.535,5.535,5.535,5.535,100.0
2025-08-07T11:08:30,5.53,5.53,5.525,5.53,2170.0
2025-08-07T11:08:58,5.5255,5.5255,5.5255,5.5255,200.0
2025-08-07T11:09:07,5.52,5.52,5.52,5.52,5445.0
2025-08-07T11:09:08,5.515,5.515,5.515,5.515,200.0
2025-08-07T11:09:14,5.515,5.515,5.515,5.515,181.0
2025-08-07T11:09:37,5.5107,5.5107,5.505,5.505,5013.0
2025-08-07T11:09:53,5.505,5.505,5.505,5.505,109.0
2025-08-07T11:10:07,5.505,5.505,5.505,5.505,100.0
2025-08-07T11:10:16,5.51,5.51,5.51,5.51,1157.0
2025-08-07T11:10:53,5.51,5.52,5.51,5.52,1937.0
2025-08-07T11:11:10,5.51,5.51,5.51,5.51,501.0
2025-08-07T11:11:11,5.505,5.505,5.505,5.505,141.0
2025-08-07T11:11:26,5.505,5.505,5.505,5.505,140.0
2025-08-07T11:11:34,5.505,5.505,5.505,5.505,1200.0
2025-08-07T11:11:39,5.51,5.51,5.51,5.51,400.0
2025-08-07T11:12:03,5.505,5.505,5.505,5.505,100.0
2025-08-07T11:12:30,5.505,5.505,5.505,5.505,1118.0
2025-08-07T11:12:38,5.5,5.5,5.49,5.49,3767.0
2025-08-07T11:13:09,5.49,5.49,5.49,5.49,1200.0
2025-08-07T11:13:10,5.495,5.495,5.495,5.495,105.0
2025-08-07T11:13:27,5.4975,5.51,5.4975,5.51,4892.0
2025-08-07T11:13:28,5.515,5.5175,5.515,5.5175,301.0
2025-08-07T11:13:32,5.515,5.515,5.515,5.515,200.0
2025-08-07T11:13:39,5.51,5.515,5.51,5.51,629.0
2025-08-07T11:14:06,5.51,5.51,5.51,5.51,400.0
2025-08-07T11:14:10,5.5046,5.505,5.5046,5.505,1000.0
2025-08-07T11:14:13,5.505,5.505,5.505,5.505,200.0
2025-08-07T11:14:45,5.5,5.5,5.5,5.5,101.0
2025-08-07T11:14:54,5.5,5.505,5.49,5.5,2158.0
2025-08-07T11:15:02,5.495,5.495,5.495,5.495,128.0
2025-08-07T11:15:25,5.49,5.49,5.48,5.485,2329.0
2025-08-07T11:15:26,5.485,5.485,5.485,5.485,102.0
2025-08-07T11:15:27,5.485,5.49,5.485,5.49,1039.0
2025-08-07T11:15:30,5.4894,5.4894,5.4894,5.4894,600.0
2025-08-07T11:15:42,5.485,5.485,5.485,5.485,100.0
2025-08-07T11:15:58,5.47,5.48,5.47,5.47,1401.0
2025-08-07T11:16:27,5.475,5.475,5.475,5.475,161.0
2025-08-07T11:16:51,5.475,5.475,5.475,5.475,192.0
2025-08-07T11:16:53,5.475,5.475,5.475,5.475,1010.0
2025-08-07T11:17:07,5.4755,5.4755,5.4755,5.4755,400.0
2025-08-07T11:17:20,5.4725,5.495,5.4725,5.49,5216.0
2025-08-07T11:17:21,5.485,5.49,5.485,5.49,5200.0
2025-08-07T11:18:49,5.4808,5.4808,5.4808,5.4808,400.0
2025-08-07T11:19:09,5.49,5.495,5.49,5.495,1062.0
2025-08-07T11:19:10,5.495,5.495,5.495,5.495,120.0
2025-08-07T11:19:19,5.49,5.49,5.49,5.49,118.0
2025-08-07T11:19:24,5.495,5.495,5.495,5.495,112.0
2025-08-07T11:19:57,5.4965,5.4965,5.4965,5.4965,100.0
2025-08-07T11:19:58,5.4909,5.4909,5.4909,5.4909,226.0
2025-08-07T11:20:12,5.4994,5.4994,5.4994,5.4994,124.0
2025-08-07T11:20:46,5.5,5.5,5.5,5.5,550.0
2025-08-07T11:20:48,5.51,5.51,5.51,5.51,152.0
2025-08-07T11:21:04,5.5094,5.5094,5.5094,5.5094,300.0
2025-08-07T11:21:53,5.505,5.52,5.505,5.505,3352.0
2025-08-07T11:21:55,5.525,5.525,5.525,5.525,200.0
2025-08-07T11:21:56,5.525,5.525,5.525,5.525,602.0
2025-08-07T11:22:02,5.5294,5.5294,5.5294,5.5294,1000.0
2025-08-07T11:22:13,5.53,5.53,5.53,5.53,827.0
2025-08-07T11:22:15,5.535,5.535,5.53,5.53,200.0
2025-08-07T11:22:17,5.53,5.53,5.53,5.53,976.0
2025-08-07T11:22:49,5.525,5.525,5.525,5.525,125.0
2025-08-07T11:22:51,5.525,5.525,5.52,5.52,2369.0
2025-08-07T11:22:55,5.515,5.515,5.515,5.515,111.0
2025-08-07T11:23:00,5.515,5.515,5.515,5.515,100.0
2025-08-07T11:23:42,5.515,5.515,5.515,5.515,854.0
2025-08-07T11:23:43,5.515,5.515,5.515,5.515,202.0
2025-08-07T11:23:45,5.51,5.53,5.5,5.53,3994.0
2025-08-07T11:24:26,5.5399,5.56,5.535,5.55,24119.0
2025-08-07T11:24:27,5.54,5.54,5.54,5.54,100.0
2025-08-07T11:24:28,5.54,5.54,5.54,5.54,124.0
2025-08-07T11:24:47,5.54,5.54,5.54,5.54,466.0
2025-08-07T11:24:49,5.535,5.535,5.535,5.535,100.0
2025-08-07T11:24:50,5.535,5.535,5.535,5.535,100.0
2025-08-07T11:25:00,5.535,5.535,5.535,5.535,774.0
2025-08-07T11:25:04,5.54,5.54,5.54,5.54,143.0
2025-08-07T11:25:23,5.535,5.535,5.535,5.535,100.0
2025-08-07T11:25:25,5.53,5.535,5.525,5.535,3353.0
2025-08-07T11:25:27,5.535,5.535,5.535,5.535,146.0
2025-08-07T11:25:45,5.535,5.535,5.535,5.535,170.0
2025-08-07T11:25:51,5.535,5.535,5.535,5.535,100.0
2025-08-07T11:25:59,5.535,5.535,5.535,5.535,100.0
2025-08-07T11:26:05,5.535,5.535,5.535,5.535,100.0
2025-08-07T11:26:31,5.5306,5.5306,5.5306,5.5306,1100.0
2025-08-07T11:26:35,5.535,5.535,5.535,5.535,118.0
2025-08-07T11:26:38,5.535,5.54,5.535,5.54,2109.0
2025-08-07T11:26:45,5.545,5.545,5.545,5.545,126.0
2025-08-07T11:27:03,5.545,5.545,5.545,5.545,116.0
2025-08-07T11:27:07,5.545,5.545,5.54,5.545,1822.0
2025-08-07T11:27:16,5.545,5.545,5.545,5.545,151.0
2025-08-07T11:28:15,5.545,5.545,5.545,5.545,100.0
2025-08-07T11:28:24,5.545,5.545,5.545,5.545,101.0
2025-08-07T11:28:27,5.5499,5.5499,5.5499,5.5499,200.0
2025-08-07T11:29:02,5.545,5.545,5.545,5.545,100.0
2025-08-07T11:29:05,5.545,5.545,5.545,5.545,200.0
2025-08-07T11:29:06,5.545,5.545,5.545,5.545,184.0
2025-08-07T11:29:34,5.5494,5.5494,5.5494,5.5494,1038.0
2025-08-07T11:29:39,5.5408,5.5408,5.5408,5.5408,716.0
2025-08-07T11:29:41,5.54,5.54,5.54,5.54,2600.0
2025-08-07T11:29:55,5.545,5.545,5.53,5.53,10232.0
2025-08-07T11:30:03,5.53,5.53,5.53,5.53,494.0
2025-08-07T11:30:05,5.545,5.545,5.54,5.545,420.0
2025-08-07T11:30:09,5.545,5.545,5.545,5.545,380.0
2025-08-07T11:30:10,5.545,5.545,5.545,5.545,162.0
2025-08-07T11:31:05,5.545,5.545,5.545,5.545,199.0
2025-08-07T11:31:15,5.54,5.54,5.54,5.54,100.0
2025-08-07T11:31:37,5.545,5.545,5.545,5.545,178.0
2025-08-07T11:31:50,5.54,5.54,5.54,5.54,2749.0
2025-08-07T11:32:15,5.545,5.545,5.545,5.545,100.0
2025-08-07T11:32:20,5.545,5.545,5.54,5.54,687.0
2025-08-07T11:32:21,5.545,5.545,5.545,5.545,167.0
2025-08-07T11:32:24,5.5408,5.5408,5.5408,5.5408,205.0
2025-08-07T11:32:26,5.545,5.549,5.545,5.549,720.0
2025-08-07T11:32:27,5.545,5.545,5.545,5.545,127.0
2025-08-07T11:32:53,5.545,5.545,5.545,5.545,100.0
2025-08-07T11:33:07,5.545,5.545,5.545,5.545,238.0
2025-08-07T11:33:13,5.54,5.54,5.54,5.54,100.0
2025-08-07T11:33:16,5.545,5.545,5.545,5.545,101.0
2025-08-07T11:33:23,5.545,5.545,5.545,5.545,320.0
2025-08-07T11:33:24,5.54,5.55,5.54,5.55,3597.0
2025-08-07T11:33:30,5.56,5.56,5.56,5.56,486.0
2025-08-07T11:33:55,5.57,5.57,5.57,5.57,620.0
2025-08-07T11:33:56,5.57,5.57,5.57,5.57,2100.0
2025-08-07T11:33:57,5.57,5.57,5.57,5.57,520.0
2025-08-07T11:35:01,5.57,5.58,5.57,5.58,1923.0
2025-08-07T11:35:09,5.5807,5.5807,5.5807,5.5807,100.0
2025-08-07T11:35:20,5.585,5.585,5.585,5.585,200.0
2025-08-07T11:35:35,5.5899,5.5899,5.5899,5.5899,150.0
2025-08-07T11:35:40,5.58,5.58,5.58,5.58,944.0
2025-08-07T11:35:43,5.585,5.585,5.585,5.585,250.0
2025-08-07T11:35:45,5.58,5.58,5.58,5.58,249.0
2025-08-07T11:35:46,5.585,5.585,5.585,5.585,1233.0
2025-08-07T11:37:08,5.59,5.6,5.59,5.595,2734.0
2025-08-07T11:37:10,5.59,5.59,5.59,5.59,106.0
2025-08-07T11:37:46,5.6,5.6,5.6,5.6,116.0
2025-08-07T11:38:01,5.5984,5.5984,5.5984,5.5984,521.0
2025-08-07T11:38:27,5.59,5.59,5.585,5.585,312.0
2025-08-07T11:38:34,5.59,5.595,5.59,5.59,1740.0
2025-08-07T11:38:44,5.59,5.59,5.59,5.59,148.0
2025-08-07T11:38:59,5.59,5.59,5.59,5.59,150.0
2025-08-07T11:39:01,5.59,5.59,5.59,5.59,100.0
2025-08-07T11:39:07,5.58,5.59,5.58,5.59,1100.0
2025-08-07T11:39:25,5.58,5.58,5.565,5.565,2117.0
2025-08-07T11:39:43,5.57,5.57,5.57,5.57,1378.0
2025-08-07T11:40:40,5.575,5.575,5.575,5.575,208.0
2025-08-07T11:40:53,5.58,5.59,5.58,5.585,1010.0
2025-08-07T11:40:58,5.5801,5.59,5.5801,5.59,10223.0
2025-08-07T11:41:00,5.585,5.585,5.585,5.585,300.0
2025-08-07T11:41:01,5.585,5.585,5.585,5.585,100.0
2025-08-07T11:41:07,5.58,5.58,5.58,5.58,333.0
2025-08-07T11:41:12,5.59,5.59,5.59,5.59,129.0
2025-08-07T11:41:52,5.58,5.58,5.58,5.58,2202.0
2025-08-07T11:42:10,5.58,5.58,5.58,5.58,300.0
2025-08-07T11:42:44,5.58,5.58,5.58,5.58,100.0
2025-08-07T11:43:09,5.57,5.57,5.57,5.57,1400.0
2025-08-07T11:43:10,5.585,5.585,5.585,5.585,107.0
2025-08-07T11:43:20,5.58,5.58,5.58,5.58,393.0
2025-08-07T11:43:58,5.58,5.58,5.58,5.58,200.0
2025-08-07T11:44:10,5.585,5.585,5.58,5.585,1099.0
2025-08-07T11:44:31,5.585,5.585,5.585,5.585,279.0
2025-08-07T11:44:55,5.585,5.585,5.585,5.585,106.0
2025-08-07T11:45:00,5.58,5.58,5.58,5.58,240.0
2025-08-07T11:45:12,5.5807,5.5807,5.5807,5.5807,100.0
2025-08-07T11:45:17,5.585,5.585,5.585,5.585,100.0
2025-08-07T11:45:31,5.5894,5.59,5.5894,5.59,3314.0
2025-08-07T11:45:33,5.595,5.595,5.595,5.595,100.0
2025-08-07T11:45:35,5.595,5.595,5.59,5.59,300.0
2025-08-07T11:45:57,5.6,5.605,5.6,5.605,1132.0
2025-08-07T11:46:11,5.6099,5.6099,5.605,5.605,1600.0
2025-08-07T11:46:15,5.605,5.605,5.605,5.605,100.0
2025-08-07T11:46:16,5.605,5.605,5.605,5.605,100.0
2025-08-07T11:46:18,5.6,5.605,5.6,5.605,1100.0
2025-08-07T11:46:43,5.61,5.6192,5.6085,5.61,2316.0
2025-08-07T11:46:45,5.61,5.61,5.61,5.61,200.0
2025-08-07T11:46:49,5.61,5.62,5.61,5.62,3865.0
2025-08-07T11:46:50,5.63,5.63,5.63,5.63,362.0
2025-08-07T11:46:51,5.635,5.635,5.635,5.635,297.0
2025-08-07T11:46:52,5.63,5.63,5.63,5.63,100.0
2025-08-07T11:47:01,5.63,5.63,5.63,5.63,158.0
2025-08-07T11:47:08,5.6212,5.6212,5.6212,5.6212,826.0
2025-08-07T11:47:10,5.6216,5.6216,5.6216,5.6216,900.0
2025-08-07T11:47:50,5.635,5.635,5.635,5.635,506.0
2025-08-07T11:48:04,5.6394,5.6394,5.6394,5.6394,250.0
2025-08-07T11:48:30,5.63,5.63,5.63,5.63,100.0
2025-08-07T11:48:51,5.635,5.635,5.635,5.635,190.0
2025-08-07T11:49:04,5.635,5.635,5.635,5.635,100.0
2025-08-07T11:49:05,5.63,5.63,5.625,5.625,1604.0
2025-08-07T11:49:07,5.62,5.62,5.615,5.615,1194.0
2025-08-07T11:49:57,5.6107,5.6107,5.6107,5.6107,140.0
2025-08-07T11:50:18,5.61,5.61,5.61,5.61,1200.0
2025-08-07T11:50:24,5.62,5.64,5.62,5.64,2352.0
2025-08-07T11:50:26,5.66,5.66,5.66,5.66,1365.0
2025-08-07T11:50:34,5.655,5.655,5.655,5.655,105.0
2025-08-07T11:50:35,5.655,5.655,5.655,5.655,101.0
2025-08-07T11:50:47,5.655,5.655,5.655,5.655,100.0
2025-08-07T11:51:04,5.655,5.655,5.655,5.655,1200.0
2025-08-07T11:51:25,5.655,5.655,5.65,5.65,371.0
2025-08-07T11:51:52,5.655,5.655,5.655,5.655,100.0
2025-08-07T11:52:36,5.6508,5.6508,5.6508,5.6508,898.0
2025-08-07T11:52:44,5.66,5.67,5.659,5.67,11787.0
2025-08-07T11:52:45,5.665,5.665,5.66,5.66,400.0
2025-08-07T11:52:49,5.66,5.66,5.66,5.66,300.0
2025-08-07T11:52:50,5.66,5.66,5.66,5.66,100.0
2025-08-07T11:53:00,5.66,5.66,5.66,5.66,110.0
2025-08-07T11:53:09,5.66,5.66,5.66,5.66,304.0
2025-08-07T11:53:14,5.66,5.66,5.66,5.66,138.0
2025-08-07T11:53:17,5.66,5.66,5.66,5.66,100.0
2025-08-07T11:53:21,5.66,5.66,5.66,5.66,1009.0
2025-08-07T11:53:45,5.66,5.66,5.66,5.66,110.0
2025-08-07T11:53:46,5.66,5.66,5.66,5.66,110.0
2025-08-07T11:53:48,5.66,5.66,5.66,5.66,100.0
2025-08-07T11:53:52,5.66,5.66,5.66,5.66,129.0
2025-08-07T11:53:53,5.66,5.66,5.66,5.66,293.0
2025-08-07T11:53:59,5.66,5.66,5.66,5.66,102.0
2025-08-07T11:54:10,5.66,5.66,5.66,5.66,400.0
2025-08-07T11:54:11,5.66,5.66,5.66,5.66,110.0
2025-08-07T11:54:16,5.65,5.65,5.645,5.65,2360.0
2025-08-07T11:54:17,5.66,5.66,5.66,5.66,300.0
2025-08-07T11:54:20,5.665,5.665,5.665,5.665,300.0
2025-08-07T11:54:49,5.67,5.67,5.67,5.67,983.0
2025-08-07T11:54:51,5.675,5.675,5.675,5.675,100.0
2025-08-07T11:55:54,5.68,5.68,5.68,5.68,425.0
2025-08-07T11:55:57,5.7,5.7,5.69,5.69,2304.0
2025-08-07T11:56:00,5.68,5.68,5.68,5.68,204.0
2025-08-07T11:56:25,5.6899,5.6899,5.6899,5.6899,100.0
2025-08-07T11:56:40,5.68,5.68,5.67,5.67,1772.0
2025-08-07T11:57:13,5.66,5.66,5.66,5.66,256.0
2025-08-07T11:57:15,5.66,5.66,5.66,5.66,100.0
2025-08-07T11:57:16,5.6698,5.6698,5.6698,5.6698,328.0
2025-08-07T11:57:21,5.66,5.66,5.66,5.66,341.0
2025-08-07T11:57:32,5.67,5.67,5.67,5.67,929.0
2025-08-07T11:57:33,5.68,5.68,5.68,5.68,200.0
2025-08-07T11:58:35,5.68,5.68,5.68,5.68,448.0
2025-08-07T11:58:46,5.685,5.69,5.685,5.69,1590.0
2025-08-07T11:58:50,5.68,5.68,5.68,5.68,100.0
2025-08-07T11:59:20,5.69,5.69,5.69,5.69,334.0
2025-08-07T12:00:00,5.69,5.69,5.69,5.69,803.0
2025-08-07T12:00:03,5.6808,5.6808,5.6808,5.6808,539.0
2025-08-07T12:00:09,5.69,5.69,5.69,5.69,235.0
2025-08-07T12:00:14,5.7,5.7095,5.7,5.7095,1548.0
2025-08-07T12:00:15,5.705,5.705,5.705,5.705,102.0
2025-08-07T12:00:21,5.71,5.71,5.71,5.71,4198.0
2025-08-07T12:00:24,5.715,5.715,5.71,5.71,1197.0
2025-08-07T12:00:26,5.7099,5.7099,5.7099,5.7099,2500.0
2025-08-07T12:00:27,5.71,5.71,5.71,5.71,200.0
2025-08-07T12:00:30,5.715,5.7199,5.715,5.7199,2600.0
2025-08-07T12:00:33,5.7155,5.7155,5.7155,5.7155,2500.0
2025-08-07T12:00:35,5.715,5.715,5.715,5.715,100.0
2025-08-07T12:00:58,5.7199,5.72,5.7185,5.7185,1801.0
2025-08-07T12:01:00,5.715,5.715,5.715,5.715,100.0
2025-08-07T12:01:03,5.715,5.715,5.715,5.715,600.0
2025-08-07T12:01:04,5.715,5.715,5.715,5.715,100.0
2025-08-07T12:01:08,5.71,5.71,5.71,5.71,215.0
2025-08-07T12:01:09,5.715,5.715,5.715,5.715,115.0
2025-08-07T12:01:10,5.71,5.71,5.71,5.71,101.0
2025-08-07T12:01:11,5.715,5.715,5.715,5.715,100.0
2025-08-07T12:01:12,5.7199,5.7199,5.715,5.715,2110.0
2025-08-07T12:01:13,5.715,5.715,5.715,5.715,290.0
2025-08-07T12:01:15,5.715,5.715,5.715,5.715,211.0
2025-08-07T12:01:54,5.715,5.715,5.715,5.715,100.0
2025-08-07T12:02:05,5.715,5.715,5.715,5.715,143.0
2025-08-07T12:02:14,5.715,5.715,5.715,5.715,157.0
2025-08-07T12:02:15,5.7142,5.7142,5.7142,5.7142,126.0
2025-08-07T12:02:33,5.715,5.715,5.715,5.715,100.0
2025-08-07T12:02:35,5.71,5.715,5.71,5.715,1181.0
2025-08-07T12:02:43,5.72,5.72,5.715,5.715,3194.0
2025-08-07T12:02:55,5.715,5.715,5.715,5.715,110.0
2025-08-07T12:03:03,5.715,5.715,5.715,5.715,300.0
2025-08-07T12:03:15,5.715,5.715,5.715,5.715,101.0
2025-08-07T12:03:20,5.7155,5.7155,5.7155,5.7155,1000.0
2025-08-07T12:03:21,5.715,5.715,5.715,5.715,216.0
2025-08-07T12:03:22,5.72,5.74,5.7199,5.735,20313.0
2025-08-07T12:03:23,5.735,5.737,5.735,5.737,734.0
2025-08-07T12:03:25,5.73,5.73,5.72,5.72,507.0
2025-08-07T12:03:40,5.725,5.725,5.725,5.725,100.0
2025-08-07T12:04:05,5.7299,5.7299,5.7299,5.7299,1000.0
2025-08-07T12:04:15,5.73,5.74,5.73,5.74,1026.0
2025-08-07T12:04:50,5.74,5.74,5.74,5.74,110.0
2025-08-07T12:05:12,5.74,5.74,5.74,5.74,187.0
2025-08-07T12:06:19,5.75,5.78,5.75,5.775,3673.0
2025-08-07T12:06:20,5.775,5.775,5.77,5.77,1117.0
2025-08-07T12:06:23,5.77,5.77,5.77,5.77,100.0
2025-08-07T12:06:30,5.7788,5.7788,5.7788,5.7788,200.0
2025-08-07T12:06:31,5.7658,5.7658,5.7658,5.7658,250.0
2025-08-07T12:06:37,5.764176,5.764176,5.764176,5.764176,3499.0
2025-08-07T12:06:44,5.77,5.77,5.77,5.77,269.0
2025-08-07T12:06:50,5.765,5.765,5.76,5.76,203.0
2025-08-07T12:07:04,5.775,5.775,5.775,5.775,200.0
2025-08-07T12:07:12,5.78,5.79,5.78,5.79,619.0
2025-08-07T12:07:14,5.8,5.8,5.8,5.8,2046.0
2025-08-07T12:07:31,5.79,5.79,5.79,5.79,200.0
2025-08-07T12:07:32,5.79,5.79,5.79,5.79,326.0
2025-08-07T12:07:48,5.8,5.8,5.8,5.8,100.0
2025-08-07T12:07:55,5.79,5.79,5.79,5.79,1271.0
2025-08-07T12:07:56,5.79,5.795,5.79,5.795,1256.0
2025-08-07T12:08:13,5.795,5.795,5.795,5.795,500.0
2025-08-07T12:08:20,5.795,5.795,5.79,5.79,601.0
2025-08-07T12:08:34,5.795,5.795,5.795,5.795,133.0
2025-08-07T12:08:44,5.8,5.8,5.795,5.795,12086.0
2025-08-07T12:08:45,5.795,5.795,5.795,5.795,200.0
2025-08-07T12:08:46,5.7912,5.7912,5.7912,5.7912,140.0
2025-08-07T12:08:51,5.795,5.795,5.795,5.795,287.0
2025-08-07T12:08:58,5.795,5.7999,5.795,5.7999,420.0
2025-08-07T12:09:05,5.795,5.795,5.795,5.795,100.0
2025-08-07T12:09:07,5.7999,5.7999,5.7999,5.7999,180.0
2025-08-07T12:09:11,5.8,5.8,5.8,5.8,520.0
2025-08-07T12:09:15,5.79,5.795,5.79,5.795,1227.0
2025-08-07T12:09:22,5.79,5.79,5.79,5.79,753.0
2025-08-07T12:09:23,5.7901,5.795,5.7901,5.795,8100.0
2025-08-07T12:09:25,5.79,5.79,5.79,5.79,500.0
2025-08-07T12:09:39,5.795,5.795,5.795,5.795,1000.0
2025-08-07T12:09:40,5.8,5.8,5.8,5.8,111.0
2025-08-07T12:09:45,5.795,5.795,5.79,5.79,402.0
2025-08-07T12:10:02,5.795,5.795,5.795,5.795,118.0
2025-08-07T12:10:03,5.795,5.795,5.795,5.795,100.0
2025-08-07T12:10:13,5.795,5.795,5.795,5.795,1300.0
2025-08-07T12:10:29,5.7907,5.7907,5.7907,5.7907,520.0
2025-08-07T12:11:23,5.79,5.79,5.79,5.79,597.0
2025-08-07T12:11:25,5.79,5.79,5.79,5.79,1280.0
2025-08-07T12:11:39,5.7801,5.7801,5.7801,5.7801,100.0
2025-08-07T12:11:41,5.785,5.785,5.785,5.785,120.0
2025-08-07T12:11:51,5.785,5.785,5.785,5.785,318.0
2025-08-07T12:12:01,5.7807,5.7807,5.7807,5.7807,100.0
2025-08-07T12:12:02,5.78,5.78,5.78,5.78,186.0
2025-08-07T12:12:03,5.785,5.785,5.785,5.785,100.0
2025-08-07T12:12:05,5.785,5.785,5.7801,5.7801,760.0
2025-08-07T12:12:20,5.7891,5.7891,5.7891,5.7891,100.0
2025-08-07T12:12:25,5.785,5.785,5.785,5.785,200.0
2025-08-07T12:12:38,5.785,5.785,5.785,5.785,101.0
2025-08-07T12:12:59,5.78,5.78,5.78,5.78,100.0
2025-08-07T12:13:02,5.7801,5.7801,5.7801,5.7801,12209.0
2025-08-07T12:13:05,5.78,5.78,5.775,5.775,897.0
2025-08-07T12:13:06,5.775,5.775,5.775,5.775,120.0
2025-08-07T12:13:19,5.77,5.77,5.77,5.77,4350.0
2025-08-07T12:13:20,5.775,5.775,5.77,5.77,541.0
2025-08-07T12:13:21,5.775,5.775,5.775,5.775,130.0
2025-08-07T12:13:25,5.775,5.775,5.775,5.775,401.0
2025-08-07T12:13:26,5.775,5.775,5.775,5.775,100.0
2025-08-07T12:13:29,5.775,5.775,5.765,5.77,1078.0
2025-08-07T12:13:36,5.765,5.765,5.765,5.765,191.0
2025-08-07T12:13:50,5.76,5.76,5.76,5.76,120.0
2025-08-07T12:13:52,5.765,5.765,5.76,5.7606,8074.0
2025-08-07T12:13:55,5.765,5.765,5.76,5.76,715.0
2025-08-07T12:14:19,5.755,5.755,5.755,5.755,5550.0
2025-08-07T12:14:20,5.755,5.755,5.755,5.755,417.0
2025-08-07T12:14:26,5.755,5.755,5.755,5.755,377.0
2025-08-07T12:14:27,5.75,5.75,5.745,5.745,1029.0
2025-08-07T12:14:50,5.74,5.74,5.74,5.74,110.0
2025-08-07T12:14:55,5.745,5.745,5.74,5.745,345.0
2025-08-07T12:15:01,5.745,5.745,5.745,5.745,120.0
2025-08-07T12:15:03,5.745,5.745,5.745,5.745,100.0
2025-08-07T12:15:04,5.745,5.745,5.745,5.745,306.0
2025-08-07T12:15:11,5.745,5.745,5.745,5.745,201.0
2025-08-07T12:15:20,5.745,5.745,5.745,5.745,624.0
2025-08-07T12:15:25,5.745,5.745,5.74,5.745,736.0
2025-08-07T12:15:35,5.75,5.75,5.75,5.75,2766.0
2025-08-07T12:15:40,5.755,5.755,5.755,5.755,422.0
2025-08-07T12:15:50,5.76,5.77,5.76,5.77,1702.0
2025-08-07T12:15:55,5.775,5.775,5.775,5.775,153.0
2025-08-07T12:15:57,5.775,5.775,5.775,5.775,442.0
2025-08-07T12:16:01,5.775,5.805,5.775,5.805,5411.0
2025-08-07T12:16:08,5.81,5.81,5.81,5.81,516.0
2025-08-07T12:16:10,5.815,5.815,5.815,5.815,100.0
2025-08-07T12:16:26,5.8199,5.8199,5.8199,5.8199,100.0
2025-08-07T12:16:52,5.8199,5.82,5.8199,5.82,9668.0
2025-08-07T12:17:20,5.83,5.84,5.83,5.84,2684.0
2025-08-07T12:17:23,5.8301,5.8301,5.8301,5.8301,180.0
2025-08-07T12:17:25,5.835,5.835,5.835,5.835,503.0
2025-08-07T12:17:30,5.835,5.835,5.835,5.835,100.0
2025-08-07T12:17:51,5.835,5.835,5.835,5.835,300.0
2025-08-07T12:17:54,5.84,5.84,5.84,5.84,1175.0
2025-08-07T12:17:55,5.845,5.845,5.845,5.845,235.0
2025-08-07T12:18:06,5.85,5.85,5.85,5.85,120.0
2025-08-07T12:18:11,5.8497,5.8497,5.8497,5.8497,600.0
2025-08-07T12:18:36,5.85,5.85,5.845,5.8494,1625.0
2025-08-07T12:18:42,5.85,5.85,5.85,5.85,8064.0
2025-08-07T12:18:47,5.8402,5.845,5.8402,5.845,2100.0
2025-08-07T12:18:48,5.845,5.845,5.845,5.845,100.0
2025-08-07T12:18:50,5.84,5.845,5.835,5.84,1456.0
2025-08-07T12:18:51,5.84,5.84,5.84,5.84,125.0
2025-08-07T12:19:18,5.84,5.84,5.84,5.84,100.0
2025-08-07T12:19:19,5.8349,5.8349,5.8349,5.8349,300.0
2025-08-07T12:19:44,5.83,5.83,5.83,5.83,100.0
2025-08-07T12:20:03,5.84,5.84,5.84,5.84,2034.0
2025-08-07T12:20:30,5.84,5.875,5.84,5.875,2933.0
2025-08-07T12:20:35,5.87,5.875,5.87,5.875,519.0
2025-08-07T12:20:36,5.875,5.875,5.875,5.875,100.0
2025-08-07T12:20:37,5.875,5.875,5.875,5.875,100.0
2025-08-07T12:20:40,5.875,5.875,5.875,5.875,100.0
2025-08-07T12:20:43,5.875,5.875,5.875,5.875,1330.0
2025-08-07T12:20:53,5.88,5.89,5.8763,5.89,12356.0
2025-08-07T12:20:54,5.9,5.91,5.9,5.905,2563.0
2025-08-07T12:20:55,5.9,5.9,5.9,5.9,100.0
2025-08-07T12:21:01,5.91,5.915,5.91,5.915,372.0
2025-08-07T12:21:05,5.915,5.915,5.915,5.915,860.0
2025-08-07T12:21:06,5.915,5.915,5.87,5.87,12136.0
2025-08-07T12:21:07,5.865,5.865,5.865,5.865,100.0
2025-08-07T12:21:22,5.86,5.86,5.855,5.86,579.0
2025-08-07T12:21:23,5.86,5.86,5.86,5.86,1484.0
2025-08-07T12:21:25,5.8799,5.8799,5.8799,5.8799,557.0
2025-08-07T12:21:27,5.88,5.88,5.88,5.88,200.0
2025-08-07T12:21:29,5.8701,5.8701,5.8701,5.8701,300.0
2025-08-07T12:21:36,5.875,5.875,5.875,5.875,250.0
2025-08-07T12:21:40,5.875,5.875,5.875,5.875,200.0
2025-08-07T12:21:41,5.88,5.885,5.88,5.885,835.0
2025-08-07T12:21:45,5.88,5.88,5.88,5.88,353.0
2025-08-07T12:21:52,5.875,5.875,5.875,5.875,100.0
2025-08-07T12:21:58,5.88,5.885,5.86,5.885,13696.0
2025-08-07T12:22:03,5.885,5.89,5.885,5.89,200.0
2025-08-07T12:22:11,5.89,5.89,5.89,5.89,4292.0
2025-08-07T12:22:19,5.88,5.88,5.88,5.88,332.0
2025-08-07T12:22:23,5.88,5.88,5.88,5.88,306.0
2025-08-07T12:22:33,5.87,5.87,5.87,5.87,341.0
2025-08-07T12:22:57,5.878,5.878,5.878,5.878,550.0
2025-08-07T12:23:02,5.8798,5.8798,5.8798,5.8798,925.0
2025-08-07T12:23:12,5.87,5.87,5.87,5.87,303.0
2025-08-07T12:23:20,5.88,5.88,5.88,5.88,100.0
2025-08-07T12:23:22,5.8779,5.8779,5.8779,5.8779,293.0
2025-08-07T12:23:33,5.88,5.89,5.88,5.88,6012.0
2025-08-07T12:23:40,5.87,5.87,5.87,5.87,329.0
2025-08-07T12:23:42,5.875,5.875,5.875,5.875,123.0
2025-08-07T12:23:43,5.875,5.875,5.87,5.87,610.0
2025-08-07T12:23:55,5.87,5.87,5.87,5.87,123.0
2025-08-07T12:24:26,5.87,5.87,5.87,5.87,353.0
2025-08-07T12:24:28,5.86,5.86,5.86,5.86,106.0
2025-08-07T12:24:38,5.87,5.87,5.87,5.87,100.0
2025-08-07T12:24:45,5.868,5.87,5.868,5.87,3623.0
2025-08-07T12:24:46,5.87,5.87,5.87,5.87,100.0
2025-08-07T12:24:52,5.865,5.865,5.865,5.865,113.0
2025-08-07T12:25:08,5.87,5.87,5.87,5.87,200.0
2025-08-07T12:25:18,5.8607,5.8607,5.8607,5.8607,500.0
2025-08-07T12:25:46,5.865,5.865,5.865,5.865,211.0
2025-08-07T12:25:50,5.86,5.86,5.835,5.84,7852.0
2025-08-07T12:25:54,5.8401,5.8401,5.825,5.825,10058.0
2025-08-07T12:25:55,5.845,5.845,5.845,5.845,293.0
2025-08-07T12:25:58,5.825,5.825,5.825,5.825,585.0
2025-08-07T12:26:00,5.825,5.825,5.825,5.825,101.0
2025-08-07T12:26:01,5.825,5.825,5.825,5.825,166.0
2025-08-07T12:26:10,5.825,5.825,5.825,5.825,100.0
2025-08-07T12:26:27,5.825,5.825,5.825,5.825,200.0
2025-08-07T12:26:29,5.82,5.82,5.82,5.82,110.0
2025-08-07T12:26:30,5.825,5.825,5.825,5.825,300.0
2025-08-07T12:26:33,5.825,5.825,5.825,5.825,5769.0
2025-08-07T12:26:45,5.8223,5.8223,5.8223,5.8223,2000.0
2025-08-07T12:26:53,5.825,5.825,5.825,5.825,458.0
2025-08-07T12:26:54,5.825,5.825,5.825,5.825,100.0
2025-08-07T12:26:55,5.825,5.825,5.82,5.82,1838.0
2025-08-07T12:27:08,5.8245,5.8245,5.8245,5.8245,2042.0
2025-08-07T12:27:14,5.8201,5.8201,5.8201,5.8201,100.0
2025-08-07T12:27:20,5.825,5.825,5.825,5.825,100.0
2025-08-07T12:27:38,5.825,5.825,5.825,5.825,146.0
2025-08-07T12:27:40,5.82,5.82,5.82,5.82,300.0
2025-08-07T12:27:46,5.825,5.825,5.825,5.825,100.0
2025-08-07T12:27:53,5.83,5.84,5.83,5.84,1456.0
2025-08-07T12:28:06,5.8494,5.8494,5.8494,5.8494,240.0
2025-08-07T12:28:15,5.845,5.845,5.845,5.845,100.0
2025-08-07T12:28:22,5.8493,5.8493,5.8493,5.8493,291.0
2025-08-07T12:28:25,5.84,5.84,5.84,5.84,431.0
2025-08-07T12:28:31,5.83,5.83,5.83,5.83,318.0
2025-08-07T12:28:42,5.82,5.82,5.82,5.82,4291.0
2025-08-07T12:28:45,5.83,5.83,5.83,5.83,441.0
2025-08-07T12:28:46,5.83,5.83,5.83,5.83,101.0
2025-08-07T12:28:57,5.83,5.83,5.83,5.83,100.0
2025-08-07T12:29:00,5.83,5.83,5.83,5.83,100.0
2025-08-07T12:29:14,5.84,5.84,5.84,5.84,100.0
2025-08-07T12:29:43,5.83,5.83,5.83,5.83,100.0
2025-08-07T12:30:09,5.835,5.835,5.835,5.835,358.0
2025-08-07T12:30:10,5.835,5.835,5.835,5.835,400.0
2025-08-07T12:30:22,5.8399,5.8399,5.8399,5.8399,222.0
2025-08-07T12:30:28,5.84,5.845,5.8389,5.845,1566.0
2025-08-07T12:30:31,5.845,5.845,5.845,5.845,100.0
2025-08-07T12:30:32,5.84,5.87,5.84,5.87,21335.0
2025-08-07T12:30:45,5.88,5.88,5.88,5.88,310.0
2025-08-07T12:30:54,5.89,5.89,5.89,5.89,1312.0
2025-08-07T12:30:57,5.885,5.885,5.885,5.885,201.0
2025-08-07T12:30:58,5.89,5.89,5.89,5.89,100.0
2025-08-07T12:31:04,5.8815,5.8815,5.8815,5.8815,116.0
2025-08-07T12:31:06,5.886,5.886,5.886,5.886,100.0
2025-08-07T12:31:08,5.8892,5.8892,5.8892,5.8892,648.0
2025-08-07T12:31:18,5.8962,5.8962,5.89,5.89,4038.0
2025-08-07T12:31:37,5.8998,5.8998,5.8998,5.8998,576.0
2025-08-07T12:31:39,5.89,5.89,5.89,5.89,8000.0
2025-08-07T12:31:40,5.895,5.895,5.89,5.89,1873.0
2025-08-07T12:31:41,5.89,5.89,5.89,5.89,500.0
2025-08-07T12:31:42,5.885,5.885,5.885,5.885,150.0
2025-08-07T12:31:47,5.885,5.885,5.885,5.885,100.0
2025-08-07T12:32:02,5.885,5.885,5.885,5.885,100.0
2025-08-07T12:32:09,5.88,5.88,5.88,5.88,100.0
2025-08-07T12:32:31,5.89,5.89,5.89,5.89,973.0
2025-08-07T12:32:35,5.9,5.9,5.9,5.9,760.0
2025-08-07T12:32:40,5.9,5.9,5.9,5.9,200.0
2025-08-07T12:32:42,5.905,5.905,5.905,5.905,100.0
2025-08-07T12:32:57,5.9,5.9,5.9,5.9,100.0
2025-08-07T12:33:02,5.905,5.905,5.905,5.905,1200.0
2025-08-07T12:33:03,5.905,5.905,5.905,5.905,100.0
2025-08-07T12:33:46,5.905,5.905,5.905,5.905,100.0
2025-08-07T12:33:50,5.9,5.9,5.9,5.9,1153.0
2025-08-07T12:33:51,5.91,5.91,5.91,5.91,120.0
2025-08-07T12:33:58,5.91,5.91,5.91,5.91,100.0
2025-08-07T12:34:09,5.905,5.905,5.905,5.905,850.0
2025-08-07T12:34:20,5.905,5.905,5.905,5.905,100.0
2025-08-07T12:34:22,5.905,5.905,5.905,5.905,171.0
2025-08-07T12:34:39,5.9,5.9,5.9,5.9,100.0
2025-08-07T12:34:40,5.9007,5.9007,5.9007,5.9007,200.0
2025-08-07T12:34:42,5.9,5.9,5.9,5.9,407.0
2025-08-07T12:34:50,5.8892,5.8892,5.8892,5.8892,200.0
2025-08-07T12:35:13,5.89,5.89,5.89,5.89,500.0
2025-08-07T12:35:56,5.89,5.89,5.89,5.89,2205.0
2025-08-07T12:35:58,5.89,5.89,5.89,5.89,224.0
2025-08-07T12:36:08,5.89,5.89,5.89,5.89,1042.0
2025-08-07T12:36:10,5.895,5.895,5.89,5.89,400.0
2025-08-07T12:36:14,5.895,5.895,5.875,5.875,1828.0
2025-08-07T12:36:15,5.875,5.875,5.87,5.87,1320.0
2025-08-07T12:36:17,5.865,5.865,5.86,5.86,224.0
2025-08-07T12:36:20,5.865,5.865,5.865,5.865,300.0
2025-08-07T12:36:22,5.865,5.865,5.865,5.865,121.0
2025-08-07T12:36:27,5.865,5.865,5.865,5.865,300.0
2025-08-07T12:36:29,5.865,5.865,5.865,5.865,968.0
2025-08-07T12:36:40,5.8693,5.8693,5.8693,5.8693,536.0
2025-08-07T12:36:54,5.865,5.865,5.8506,5.8506,2212.0
2025-08-07T12:36:55,5.855,5.855,5.855,5.855,100.0
2025-08-07T12:37:09,5.86,5.865,5.86,5.86,2035.0
2025-08-07T12:37:13,5.8685,5.8685,5.8685,5.8685,329.0
2025-08-07T12:37:15,5.86,5.86,5.86,5.86,100.0
2025-08-07T12:37:29,5.86,5.86,5.86,5.86,170.0
2025-08-07T12:37:39,5.86,5.86,5.86,5.86,8560.0
2025-08-07T12:37:50,5.86,5.86,5.86,5.86,187.0
2025-08-07T12:38:01,5.87,5.87,5.87,5.87,2352.0
2025-08-07T12:38:05,5.875,5.875,5.87,5.87,367.0
2025-08-07T12:38:10,5.8514,5.8514,5.8514,5.8514,1074.0
2025-08-07T12:38:22,5.86,5.86,5.86,5.86,2350.0
2025-08-07T12:38:24,5.87,5.87,5.87,5.87,279.0
2025-08-07T12:38:32,5.85,5.85,5.85,5.85,500.0
2025-08-07T12:38:37,5.86,5.86,5.86,5.86,269.0
2025-08-07T12:38:52,5.86,5.86,5.86,5.86,1768.0
2025-08-07T12:39:02,5.8514,5.8514,5.8514,5.8514,301.0
2025-08-07T12:39:04,5.85,5.855,5.85,5.85,992.0
2025-08-07T12:39:06,5.83,5.84,5.83,5.84,1706.0
2025-08-07T12:39:10,5.84,5.84,5.84,5.84,194.0
2025-08-07T12:39:46,5.8408,5.8408,5.8408,5.8408,200.0
2025-08-07T12:39:47,5.84,5.84,5.84,5.84,400.0
2025-08-07T12:39:54,5.8487,5.8487,5.8487,5.8487,194.0
2025-08-07T12:40:09,5.85,5.85,5.85,5.85,1042.0
2025-08-07T12:40:15,5.855,5.855,5.855,5.855,200.0
2025-08-07T12:40:19,5.855,5.855,5.855,5.855,641.0
2025-08-07T12:40:22,5.8599,5.8599,5.8599,5.8599,264.0
2025-08-07T12:40:33,5.85,5.85,5.85,5.85,1156.0
2025-08-07T12:40:35,5.845,5.845,5.845,5.845,100.0
2025-08-07T12:40:39,5.845,5.845,5.84,5.84,1000.0
2025-08-07T12:40:40,5.84,5.84,5.84,5.84,100.0
2025-08-07T12:40:51,5.85,5.87,5.85,5.87,1642.0
2025-08-07T12:41:09,5.8699,5.87,5.8699,5.87,8407.0
2025-08-07T12:41:10,5.875,5.875,5.875,5.875,300.0
2025-08-07T12:41:32,5.875,5.875,5.875,5.875,312.0
2025-08-07T12:41:44,5.88,5.88,5.88,5.88,492.0
2025-08-07T12:42:19,5.88,5.895,5.88,5.895,10244.0
2025-08-07T12:42:20,5.895,5.895,5.895,5.895,100.0
2025-08-07T12:42:30,5.89,5.895,5.89,5.89,1155.0
2025-08-07T12:42:32,5.89,5.89,5.89,5.89,1010.0
2025-08-07T12:42:35,5.8802,5.8802,5.8802,5.8802,180.0
2025-08-07T12:42:39,5.89,5.89,5.89,5.89,116.0
2025-08-07T12:42:41,5.89,5.89,5.89,5.89,1825.0
2025-08-07T12:43:07,5.88,5.88,5.88,5.88,302.0
2025-08-07T12:43:21,5.87,5.87,5.85,5.85,1260.0
2025-08-07T12:43:26,5.8608,5.8608,5.8608,5.8608,200.0
2025-08-07T12:43:42,5.8589,5.8589,5.8589,5.8589,300.0
2025-08-07T12:43:51,5.85,5.85,5.85,5.85,100.0
2025-08-07T12:44:06,5.84,5.84,5.84,5.84,1400.0
2025-08-07T12:44:07,5.849,5.849,5.849,5.849,300.0
2025-08-07T12:44:23,5.85,5.85,5.85,5.85,5100.0
2025-08-07T12:44:36,5.855,5.855,5.855,5.855,470.0
2025-08-07T12:44:40,5.855,5.855,5.855,5.855,305.0
2025-08-07T12:44:57,5.85,5.85,5.85,5.85,222.0
2025-08-07T12:45:00,5.855,5.855,5.855,5.855,178.0
2025-08-07T12:45:17,5.855,5.86,5.855,5.86,921.0
2025-08-07T12:45:32,5.855,5.855,5.855,5.855,595.0
2025-08-07T12:45:48,5.855,5.855,5.855,5.855,180.0
2025-08-07T12:45:52,5.86,5.86,5.855,5.855,422.0
2025-08-07T12:45:56,5.855,5.855,5.855,5.855,400.0
2025-08-07T12:46:06,5.855,5.855,5.855,5.855,114.0
2025-08-07T12:46:09,5.855,5.855,5.855,5.855,139.0
2025-08-07T12:46:13,5.855,5.86,5.855,5.855,3453.0
2025-08-07T12:46:15,5.855,5.855,5.85,5.855,722.0
2025-08-07T12:46:55,5.855,5.855,5.85,5.85,1420.0
2025-08-07T12:46:56,5.84,5.84,5.84,5.84,605.0
2025-08-07T12:46:59,5.84,5.84,5.835,5.84,1531.0
2025-08-07T12:47:00,5.84,5.84,5.835,5.84,2605.0
2025-08-07T12:47:01,5.85,5.85,5.85,5.85,597.0
2025-08-07T12:47:05,5.855,5.855,5.855,5.855,300.0
2025-08-07T12:47:28,5.855,5.855,5.855,5.855,210.0
2025-08-07T12:47:30,5.855,5.855,5.855,5.855,100.0
2025-08-07T12:47:35,5.85,5.855,5.84,5.84,1128.0
2025-08-07T12:47:41,5.835,5.835,5.835,5.835,200.0
2025-08-07T12:47:55,5.835,5.835,5.81,5.815,17490.0
2025-08-07T12:47:57,5.82,5.82,5.82,5.82,614.0
2025-08-07T12:48:01,5.83,5.835,5.83,5.835,396.0
2025-08-07T12:48:12,5.8354,5.8354,5.8354,5.8354,871.0
2025-08-07T12:48:21,5.835,5.835,5.835,5.835,110.0
2025-08-07T12:48:22,5.835,5.835,5.835,5.835,476.0
2025-08-07T12:48:26,5.84,5.84,5.84,5.84,180.0
2025-08-07T12:48:31,5.835,5.835,5.835,5.835,100.0
2025-08-07T12:48:52,5.8308,5.8308,5.8308,5.8308,100.0
2025-08-07T12:49:04,5.84,5.84,5.84,5.84,191.0
2025-08-07T12:49:05,5.8408,5.8408,5.8408,5.8408,105.0
2025-08-07T12:49:23,5.845,5.845,5.845,5.845,500.0
2025-08-07T12:49:34,5.845,5.845,5.845,5.845,138.0
2025-08-07T12:50:03,5.84,5.84,5.825,5.83,1970.0
2025-08-07T12:50:05,5.825,5.825,5.82,5.82,331.0
2025-08-07T12:50:12,5.815,5.815,5.815,5.815,106.0
2025-08-07T12:50:17,5.8116,5.8116,5.8116,5.8116,523.0
2025-08-07T12:50:47,5.827,5.827,5.827,5.827,1044.0
2025-08-07T12:52:29,5.83,5.83,5.83,5.83,322.0
2025-08-07T12:52:49,5.83,5.85,5.83,5.85,3874.0
2025-08-07T12:52:51,5.85,5.85,5.85,5.85,180.0
2025-08-07T12:53:07,5.855,5.855,5.855,5.855,176.0
2025-08-07T12:53:11,5.855,5.855,5.855,5.855,100.0
2025-08-07T12:53:19,5.85,5.85,5.85,5.85,160.0
2025-08-07T12:53:39,5.85,5.865,5.85,5.865,4125.0
2025-08-07T12:53:40,5.86,5.86,5.85,5.85,761.0
2025-08-07T12:54:01,5.8595,5.8595,5.8595,5.8595,205.0
2025-08-07T12:54:29,5.85,5.85,5.85,5.85,8000.0
2025-08-07T12:54:30,5.85,5.855,5.85,5.855,978.0
2025-08-07T12:54:46,5.86,5.86,5.86,5.86,621.0
2025-08-07T12:54:56,5.86,5.86,5.86,5.86,108.0
2025-08-07T12:55:02,5.86,5.86,5.86,5.86,100.0
2025-08-07T12:55:42,5.865,5.865,5.865,5.865,100.0
2025-08-07T12:55:55,5.8612,5.8612,5.8612,5.8612,205.0
2025-08-07T12:56:01,5.865,5.865,5.865,5.865,103.0
2025-08-07T12:56:15,5.86,5.86,5.86,5.86,627.0
2025-08-07T12:56:34,5.855,5.855,5.855,5.855,150.0
2025-08-07T12:56:35,5.855,5.855,5.855,5.855,200.0
2025-08-07T12:57:02,5.8501,5.8501,5.8501,5.8501,8083.0
2025-08-07T12:57:10,5.855,5.855,5.855,5.855,800.0
2025-08-07T12:57:25,5.85,5.85,5.85,5.85,1062.0
2025-08-07T12:57:39,5.845,5.845,5.845,5.845,100.0
2025-08-07T12:58:09,5.845,5.845,5.845,5.845,501.0
2025-08-07T12:58:10,5.845,5.845,5.845,5.845,200.0
2025-08-07T12:58:13,5.845,5.845,5.84,5.84,310.0
2025-08-07T12:58:17,5.845,5.845,5.845,5.845,100.0
2025-08-07T12:58:21,5.845,5.845,5.845,5.845,607.0
2025-08-07T12:58:40,5.845,5.845,5.845,5.845,100.0
2025-08-07T12:58:43,5.85,5.85,5.85,5.85,784.0
2025-08-07T12:58:46,5.855,5.855,5.855,5.855,151.0
2025-08-07T12:58:47,5.8512,5.8512,5.8512,5.8512,195.0
2025-08-07T12:58:50,5.855,5.855,5.855,5.855,100.0
2025-08-07T12:59:17,5.85,5.85,5.85,5.85,100.0
2025-08-07T12:59:21,5.855,5.855,5.855,5.855,100.0
2025-08-07T12:59:22,5.855,5.855,5.855,5.855,173.0
2025-08-07T12:59:35,5.85,5.85,5.845,5.845,517.0
2025-08-07T12:59:36,5.845,5.845,5.845,5.845,200.0
2025-08-07T12:59:40,5.84,5.84,5.84,5.84,678.0
2025-08-07T12:59:41,5.835,5.835,5.835,5.835,100.0
2025-08-07T12:59:42,5.835,5.835,5.835,5.835,100.0
2025-08-07T12:59:44,5.835,5.835,5.835,5.835,380.0
2025-08-07T12:59:46,5.835,5.835,5.835,5.835,300.0
2025-08-07T12:59:57,5.835,5.835,5.835,5.835,310.0
2025-08-07T12:59:59,5.835,5.835,5.835,5.835,100.0
2025-08-07T13:00:00,5.835,5.835,5.835,5.835,200.0
2025-08-07T13:00:03,5.835,5.835,5.835,5.835,100.0
2025-08-07T13:00:45,5.835,5.835,5.835,5.835,304.0
2025-08-07T13:00:53,5.84,5.84,5.84,5.84,603.0
2025-08-07T13:01:50,5.84,5.845,5.84,5.84,1933.0
2025-08-07T13:01:51,5.84,5.84,5.84,5.84,16594.0
2025-08-07T13:01:52,5.85,5.85,5.845,5.845,2224.0
2025-08-07T13:02:06,5.845,5.845,5.845,5.845,100.0
2025-08-07T13:02:15,5.84,5.84,5.835,5.835,1425.0
2025-08-07T13:02:20,5.835,5.835,5.83,5.83,300.0
2025-08-07T13:02:42,5.84,5.84,5.84,5.84,695.0
2025-08-07T13:02:45,5.845,5.845,5.845,5.845,100.0
2025-08-07T13:02:53,5.8499,5.85,5.8499,5.85,954.0
2025-08-07T13:03:07,5.85,5.85,5.85,5.85,101.0
2025-08-07T13:03:29,5.85,5.85,5.85,5.85,203.0
2025-08-07T13:03:53,5.85,5.85,5.85,5.85,100.0
2025-08-07T13:04:00,5.85,5.85,5.85,5.85,100.0
2025-08-07T13:04:13,5.85,5.85,5.85,5.85,951.0
2025-08-07T13:04:25,5.84,5.84,5.84,5.84,749.0
2025-08-07T13:04:47,5.84,5.84,5.84,5.84,517.0
2025-08-07T13:05:07,5.845,5.845,5.845,5.845,645.0
2025-08-07T13:05:08,5.845,5.85,5.845,5.85,1001.0
2025-08-07T13:05:14,5.855,5.855,5.855,5.855,2130.0
2025-08-07T13:05:15,5.855,5.855,5.855,5.855,300.0
2025-08-07T13:05:39,5.85,5.85,5.85,5.85,300.0
2025-08-07T13:05:46,5.85,5.865,5.85,5.865,3621.0
2025-08-07T13:05:47,5.865,5.865,5.865,5.865,100.0
2025-08-07T13:05:59,5.87,5.87,5.87,5.87,547.0
2025-08-07T13:06:00,5.875,5.88,5.875,5.88,489.0
2025-08-07T13:06:01,5.88,5.88,5.88,5.88,210.0
2025-08-07T13:06:10,5.8719,5.8719,5.8719,5.8719,205.0
2025-08-07T13:06:17,5.88,5.88,5.88,5.88,180.0
2025-08-07T13:06:22,5.885,5.885,5.885,5.885,103.0
2025-08-07T13:06:44,5.89,5.89,5.89,5.89,730.0
2025-08-07T13:06:50,5.895,5.895,5.89,5.89,300.0
2025-08-07T13:06:54,5.895,5.905,5.875,5.88,13828.0
2025-08-07T13:07:01,5.88,5.88,5.88,5.88,340.0
2025-08-07T13:07:05,5.87,5.87,5.865,5.865,1367.0
2025-08-07T13:07:06,5.87,5.87,5.87,5.87,151.0
2025-08-07T13:07:09,5.87,5.87,5.87,5.87,302.0
2025-08-07T13:07:15,5.87,5.87,5.87,5.87,137.0
2025-08-07T13:07:40,5.87,5.87,5.87,5.87,203.0
2025-08-07T13:08:11,5.86,5.86,5.86,5.86,130.0
2025-08-07T13:08:40,5.87,5.87,5.87,5.87,121.0
2025-08-07T13:08:44,5.86,5.86,5.85,5.85,1650.0
2025-08-07T13:08:47,5.85,5.85,5.85,5.85,1590.0
2025-08-07T13:08:48,5.85,5.85,5.85,5.85,120.0
2025-08-07T13:08:50,5.84,5.85,5.84,5.85,1457.0
2025-08-07T13:08:54,5.84,5.84,5.84,5.84,739.0
2025-08-07T13:09:10,5.835,5.835,5.835,5.835,200.0
2025-08-07T13:09:54,5.84,5.845,5.84,5.84,3003.0
2025-08-07T13:09:59,5.85,5.85,5.85,5.85,393.0
2025-08-07T13:10:01,5.84,5.84,5.84,5.84,292.0
2025-08-07T13:10:02,5.835,5.835,5.835,5.835,100.0
2025-08-07T13:10:23,5.83,5.835,5.83,5.83,1366.0
2025-08-07T13:10:31,5.82,5.82,5.82,5.82,357.0
2025-08-07T13:10:32,5.82,5.82,5.82,5.82,110.0
2025-08-07T13:10:33,5.82,5.82,5.82,5.82,110.0
2025-08-07T13:10:34,5.82,5.82,5.82,5.82,110.0
2025-08-07T13:10:38,5.82,5.82,5.82,5.82,1558.0
2025-08-07T13:10:48,5.82,5.82,5.82,5.82,110.0
2025-08-07T13:10:49,5.81,5.81,5.81,5.81,100.0
2025-08-07T13:10:50,5.815,5.815,5.81,5.815,2808.0
2025-08-07T13:11:12,5.815,5.815,5.815,5.815,100.0
2025-08-07T13:11:14,5.815,5.815,5.815,5.815,207.0
2025-08-07T13:11:48,5.815,5.8154,5.815,5.8154,1000.0
2025-08-07T13:11:55,5.815,5.815,5.815,5.815,100.0
2025-08-07T13:12:10,5.81,5.815,5.805,5.805,2041.0
2025-08-07T13:12:21,5.805,5.805,5.79,5.79,888.0
2025-08-07T13:12:22,5.8,5.8,5.8,5.8,110.0
2025-08-07T13:12:50,5.8,5.8,5.795,5.8,510.0
2025-08-07T13:12:51,5.8,5.8,5.8,5.8,100.0
2025-08-07T13:12:54,5.795,5.795,5.795,5.795,200.0
2025-08-07T13:12:59,5.7999,5.7999,5.7999,5.7999,214.0
2025-08-07T13:13:03,5.8,5.805,5.8,5.805,489.0
2025-08-07T13:13:18,5.805,5.805,5.805,5.805,300.0
2025-08-07T13:13:25,5.81,5.81,5.81,5.81,500.0
2025-08-07T13:13:32,5.81,5.81,5.81,5.81,573.0
2025-08-07T13:13:52,5.82,5.82,5.82,5.82,164.0
2025-08-07T13:13:53,5.82,5.82,5.82,5.82,722.0
2025-08-07T13:13:55,5.825,5.825,5.825,5.825,718.0
2025-08-07T13:14:00,5.83,5.83,5.83,5.83,567.0
2025-08-07T13:14:03,5.85,5.86,5.85,5.86,867.0
2025-08-07T13:14:06,5.855,5.855,5.855,5.855,1200.0
2025-08-07T13:14:13,5.86,5.86,5.86,5.86,304.0
2025-08-07T13:14:17,5.86,5.87,5.86,5.87,858.0
2025-08-07T13:14:24,5.87,5.87,5.87,5.87,100.0
2025-08-07T13:14:45,5.875,5.875,5.875,5.875,560.0
2025-08-07T13:15:12,5.87,5.875,5.87,5.87,1179.0
2025-08-07T13:15:27,5.865,5.865,5.86,5.86,1511.0
2025-08-07T13:15:31,5.85,5.85,5.85,5.85,170.0
2025-08-07T13:15:41,5.8402,5.845,5.8402,5.845,7880.0
2025-08-07T13:15:42,5.8401,5.8401,5.8401,5.8401,598.0
2025-08-07T13:15:43,5.84,5.84,5.84,5.84,356.0
2025-08-07T13:15:44,5.84,5.84,5.83,5.83,592.0
2025-08-07T13:15:46,5.8372,5.8372,5.8372,5.8372,1284.0
2025-08-07T13:15:51,5.835,5.835,5.835,5.835,100.0
2025-08-07T13:16:01,5.835,5.835,5.835,5.835,130.0
2025-08-07T13:16:07,5.84,5.84,5.84,5.84,345.0
2025-08-07T13:16:20,5.845,5.845,5.845,5.845,200.0
2025-08-07T13:16:42,5.84,5.84,5.835,5.835,737.0
2025-08-07T13:16:52,5.84,5.84,5.84,5.84,200.0
2025-08-07T13:17:00,5.84,5.84,5.84,5.84,513.0
2025-08-07T13:17:22,5.85,5.85,5.85,5.85,211.0
2025-08-07T13:17:23,5.861,5.861,5.861,5.861,151.0
2025-08-07T13:17:30,5.86,5.86,5.86,5.86,560.0
2025-08-07T13:17:55,5.86,5.86,5.86,5.86,145.0
2025-08-07T13:18:11,5.86,5.86,5.86,5.86,858.0
2025-08-07T13:18:12,5.865,5.865,5.865,5.865,100.0
2025-08-07T13:18:28,5.865,5.865,5.855,5.855,2586.0
2025-08-07T13:18:33,5.855,5.855,5.855,5.855,110.0
2025-08-07T13:18:41,5.855,5.855,5.855,5.855,560.0
2025-08-07T13:18:42,5.855,5.855,5.855,5.855,562.0
2025-08-07T13:18:43,5.855,5.855,5.855,5.855,1120.0
2025-08-07T13:18:44,5.855,5.855,5.855,5.855,1200.0
2025-08-07T13:18:45,5.855,5.855,5.855,5.855,1060.0
2025-08-07T13:18:46,5.855,5.855,5.855,5.855,2280.0
2025-08-07T13:18:47,5.855,5.855,5.855,5.855,560.0
2025-08-07T13:18:50,5.85,5.85,5.85,5.85,1381.0
2025-08-07T13:19:00,5.845,5.845,5.845,5.845,100.0
2025-08-07T13:19:34,5.85,5.85,5.85,5.85,737.0
2025-08-07T13:19:47,5.8606,5.8606,5.8606,5.8606,400.0
2025-08-07T13:20:01,5.86,5.86,5.86,5.86,568.0
2025-08-07T13:20:06,5.85,5.85,5.85,5.85,113.0
2025-08-07T13:20:23,5.86,5.86,5.86,5.86,841.0
2025-08-07T13:20:24,5.86,5.86,5.86,5.86,1680.0
2025-08-07T13:20:25,5.86,5.86,5.86,5.86,840.0
2025-08-07T13:20:26,5.86,5.86,5.86,5.86,840.0
2025-08-07T13:20:27,5.86,5.86,5.86,5.86,840.0
2025-08-07T13:20:28,5.86,5.86,5.86,5.86,1681.0
2025-08-07T13:20:29,5.86,5.86,5.86,5.86,840.0
2025-08-07T13:20:30,5.86,5.86,5.86,5.86,840.0
2025-08-07T13:20:31,5.86,5.86,5.86,5.86,840.0
2025-08-07T13:20:32,5.86,5.86,5.86,5.86,1681.0
2025-08-07T13:20:33,5.86,5.86,5.86,5.86,840.0
2025-08-07T13:20:34,5.86,5.86,5.86,5.86,580.0
2025-08-07T13:20:35,5.86,5.86,5.86,5.86,560.0
2025-08-07T13:20:36,5.86,5.86,5.86,5.86,561.0
2025-08-07T13:20:39,5.85,5.855,5.84,5.85,7811.0
2025-08-07T13:20:45,5.86,5.86,5.86,5.86,422.0
2025-08-07T13:20:57,5.87,5.87,5.87,5.87,580.0
2025-08-07T13:21:02,5.875,5.875,5.875,5.875,1278.0
2025-08-07T13:21:03,5.875,5.875,5.875,5.875,300.0
2025-08-07T13:21:14,5.8701,5.8701,5.8701,5.8701,100.0
2025-08-07T13:21:31,5.88,5.89,5.88,5.89,899.0
2025-08-07T13:22:15,5.8965,5.8965,5.895,5.895,4298.0
2025-08-07T13:22:16,5.9,5.9,5.9,5.9,1084.0
2025-08-07T13:22:20,5.905,5.9055,5.9,5.9055,8180.0
2025-08-07T13:22:25,5.905,5.905,5.905,5.905,400.0
2025-08-07T13:22:42,5.91,5.91,5.91,5.91,3044.0
2025-08-07T13:22:55,5.92,5.92,5.915,5.92,2115.0
2025-08-07T13:22:57,5.91,5.91,5.91,5.91,202.0
2025-08-07T13:23:14,5.919,5.919,5.919,5.919,125.0
2025-08-07T13:23:40,5.92,5.92,5.92,5.92,102.0
2025-08-07T13:23:41,5.91,5.91,5.91,5.91,357.0
2025-08-07T13:23:42,5.91,5.91,5.91,5.91,300.0
2025-08-07T13:23:45,5.91,5.91,5.91,5.91,665.0
2025-08-07T13:23:51,5.9006,5.9006,5.9006,5.9006,488.0
2025-08-07T13:23:55,5.9099,5.9099,5.9099,5.9099,337.0
2025-08-07T13:24:00,5.9,5.9,5.9,5.9,438.0
2025-08-07T13:24:28,5.89,5.89,5.89,5.89,175.0
2025-08-07T13:24:32,5.895,5.895,5.895,5.895,1000.0
2025-08-07T13:24:35,5.89,5.89,5.89,5.89,685.0
2025-08-07T13:25:20,5.885,5.885,5.885,5.885,100.0
2025-08-07T13:25:27,5.89,5.89,5.89,5.89,1031.0
2025-08-07T13:25:45,5.89,5.89,5.89,5.89,1148.0
2025-08-07T13:26:35,5.88,5.88,5.88,5.88,976.0
2025-08-07T13:26:36,5.89,5.89,5.89,5.89,626.0
2025-08-07T13:26:38,5.9,5.9,5.895,5.895,4349.0
2025-08-07T13:26:40,5.898,5.898,5.895,5.895,200.0
2025-08-07T13:26:45,5.89,5.89,5.89,5.89,738.0
2025-08-07T13:27:05,5.88,5.88,5.88,5.88,2066.0
2025-08-07T13:27:19,5.88,5.88,5.88,5.88,100.0
2025-08-07T13:28:18,5.89,5.89,5.885,5.885,1802.0
2025-08-07T13:28:39,5.885,5.885,5.885,5.885,600.0
2025-08-07T13:28:59,5.88,5.88,5.88,5.88,5526.0
2025-08-07T13:29:00,5.885,5.885,5.88,5.88,300.0
2025-08-07T13:29:24,5.88,5.88,5.88,5.88,183.0
2025-08-07T13:29:50,5.885,5.885,5.885,5.885,1863.0
2025-08-07T13:29:55,5.885,5.885,5.885,5.885,207.0
2025-08-07T13:30:07,5.89,5.89,5.89,5.89,1606.0
2025-08-07T13:30:18,5.89,5.89,5.89,5.89,138.0
2025-08-07T13:31:10,5.895,5.895,5.89,5.89,489.0
2025-08-07T13:31:11,5.8991,5.8991,5.8991,5.8991,172.0
2025-08-07T13:31:26,5.895,5.895,5.89,5.89,930.0
2025-08-07T13:31:35,5.885,5.885,5.885,5.885,500.0
2025-08-07T13:32:00,5.89,5.89,5.89,5.89,370.0
2025-08-07T13:32:13,5.895,5.895,5.895,5.895,156.0
2025-08-07T13:32:20,5.895,5.895,5.89,5.895,400.0
2025-08-07T13:32:28,5.895,5.905,5.895,5.905,2946.0
2025-08-07T13:32:30,5.905,5.905,5.905,5.905,203.0
2025-08-07T13:32:44,5.905,5.905,5.905,5.905,100.0
2025-08-07T13:33:11,5.905,5.905,5.905,5.905,120.0
2025-08-07T13:33:39,5.915,5.915,5.915,5.915,100.0
2025-08-07T13:33:46,5.915,5.915,5.915,5.915,3523.0
2025-08-07T13:33:47,5.915,5.915,5.915,5.915,737.0
2025-08-07T13:33:50,5.91,5.91,5.905,5.905,2637.0
2025-08-07T13:33:54,5.91,5.91,5.91,5.91,325.0
2025-08-07T13:34:18,5.91,5.91,5.91,5.91,107.0
2025-08-07T13:34:37,5.91,5.91,5.91,5.91,1383.0
2025-08-07T13:34:57,5.92,5.93,5.92,5.93,1224.0
2025-08-07T13:35:01,5.935,5.935,5.935,5.935,110.0
2025-08-07T13:35:04,5.935,5.935,5.935,5.935,131.0
2025-08-07T13:35:10,5.93,5.935,5.93,5.935,2549.0
2025-08-07T13:35:17,5.93,5.93,5.93,5.93,615.0
2025-08-07T13:35:20,5.93,5.93,5.93,5.93,2187.0
2025-08-07T13:35:23,5.929,5.929,5.929,5.929,500.0
2025-08-07T13:35:26,5.92,5.93,5.92,5.93,1100.0
2025-08-07T13:35:30,5.93,5.93,5.93,5.93,110.0
2025-08-07T13:35:31,5.93,5.93,5.93,5.93,1430.0
2025-08-07T13:35:32,5.93,5.93,5.93,5.93,330.0
2025-08-07T13:35:33,5.93,5.93,5.93,5.93,110.0
2025-08-07T13:35:35,5.93,5.93,5.93,5.93,351.0
2025-08-07T13:35:36,5.93,5.93,5.93,5.93,220.0
2025-08-07T13:35:37,5.93,5.93,5.93,5.93,440.0
2025-08-07T13:35:38,5.93,5.93,5.93,5.93,240.0
2025-08-07T13:35:39,5.93,5.93,5.925,5.925,627.0
2025-08-07T13:35:40,5.92,5.92,5.92,5.92,784.0
2025-08-07T13:36:09,5.92,5.92,5.92,5.92,951.0
2025-08-07T13:36:12,5.92,5.92,5.92,5.92,171.0
2025-08-07T13:36:20,5.9192,5.9192,5.9192,5.9192,374.0
2025-08-07T13:36:24,5.925,5.925,5.925,5.925,361.0
2025-08-07T13:36:29,5.92,5.92,5.92,5.92,100.0
2025-08-07T13:36:32,5.92,5.92,5.915,5.915,1092.0
2025-08-07T13:36:33,5.915,5.915,5.915,5.915,400.0
2025-08-07T13:36:38,5.9109,5.9109,5.9109,5.9109,125.0
2025-08-07T13:36:42,5.915,5.915,5.915,5.915,120.0
2025-08-07T13:36:47,5.92,5.92,5.92,5.92,319.0
2025-08-07T13:36:51,5.91,5.91,5.91,5.91,1000.0
2025-08-07T13:36:53,5.93,5.93,5.93,5.93,100.0
2025-08-07T13:37:10,5.92,5.92,5.92,5.92,638.0
2025-08-07T13:37:13,5.915,5.915,5.915,5.915,421.0
2025-08-07T13:37:37,5.9108,5.9108,5.9108,5.9108,150.0
2025-08-07T13:37:41,5.915,5.915,5.915,5.915,905.0
2025-08-07T13:37:56,5.915,5.915,5.915,5.915,117.0
2025-08-07T13:38:01,5.9183,5.9183,5.9183,5.9183,100.0
2025-08-07T13:38:04,5.9197,5.9197,5.9197,5.9197,1281.0
2025-08-07T13:38:18,5.915,5.915,5.915,5.915,130.0
2025-08-07T13:38:37,5.9108,5.9108,5.9108,5.9108,377.0
2025-08-07T13:38:38,5.92,5.925,5.92,5.925,1138.0
2025-08-07T13:38:49,5.92,5.92,5.92,5.92,131.0
2025-08-07T13:38:50,5.925,5.925,5.925,5.925,100.0
2025-08-07T13:39:11,5.925,5.925,5.925,5.925,171.0
2025-08-07T13:39:28,5.92,5.925,5.92,5.92,3114.0
2025-08-07T13:39:33,5.915,5.915,5.91,5.91,2330.0
2025-08-07T13:40:03,5.92,5.925,5.92,5.925,629.0
2025-08-07T13:40:05,5.925,5.925,5.925,5.925,100.0
2025-08-07T13:40:28,5.925,5.925,5.925,5.925,100.0
2025-08-07T13:40:34,5.9207,5.9207,5.9207,5.9207,120.0
2025-08-07T13:40:40,5.925,5.925,5.92,5.92,400.0
2025-08-07T13:40:55,5.925,5.925,5.925,5.925,300.0
2025-08-07T13:41:02,5.93,5.93,5.93,5.93,858.0
2025-08-07T13:41:03,5.935,5.935,5.935,5.935,200.0
2025-08-07T13:41:48,5.935,5.96,5.935,5.945,10103.0
2025-08-07T13:42:02,5.94,5.94,5.94,5.94,190.0
2025-08-07T13:42:29,5.945,5.945,5.94,5.94,966.0
2025-08-07T13:42:30,5.945,5.945,5.945,5.945,100.0
2025-08-07T13:42:32,5.95,5.9561,5.95,5.9561,3576.0
2025-08-07T13:42:35,5.955,5.955,5.95,5.955,1047.0
2025-08-07T13:43:02,5.955,5.955,5.955,5.955,907.0
2025-08-07T13:43:05,5.95,5.95,5.95,5.95,776.0
2025-08-07T13:43:10,5.94,5.94,5.94,5.94,880.0
2025-08-07T13:43:11,5.94,5.94,5.94,5.94,200.0
2025-08-07T13:43:13,5.945,5.945,5.945,5.945,810.0
2025-08-07T13:43:42,5.941,5.941,5.941,5.941,214.0
2025-08-07T13:44:14,5.94,5.94,5.94,5.94,552.0
2025-08-07T13:44:15,5.94,5.94,5.94,5.94,110.0
2025-08-07T13:44:25,5.93,5.935,5.93,5.935,300.0
2025-08-07T13:44:26,5.935,5.935,5.935,5.935,101.0
2025-08-07T13:44:35,5.93,5.93,5.93,5.93,400.0
2025-08-07T13:44:47,5.935,5.935,5.935,5.935,133.0
2025-08-07T13:44:50,5.93,5.93,5.93,5.93,200.0
2025-08-07T13:44:55,5.935,5.94,5.935,5.94,8477.0
2025-08-07T13:45:00,5.935,5.935,5.935,5.935,200.0
2025-08-07T13:45:07,5.94,5.96,5.94,5.955,3550.0
2025-08-07T13:45:08,5.96,5.96,5.96,5.96,981.0
2025-08-07T13:45:15,5.95,5.95,5.95,5.95,210.0
2025-08-07T13:45:40,5.94,5.94,5.94,5.94,357.0
2025-08-07T13:45:46,5.945,5.945,5.945,5.945,162.0
2025-08-07T13:46:00,5.945,5.945,5.93,5.93,617.0
2025-08-07T13:46:05,5.925,5.925,5.925,5.925,100.0
2025-08-07T13:46:23,5.92,5.92,5.92,5.92,171.0
2025-08-07T13:46:25,5.915,5.915,5.915,5.915,122.0
2025-08-07T13:46:39,5.915,5.915,5.91,5.91,229.0
2025-08-07T13:46:41,5.915,5.915,5.915,5.915,1242.0
2025-08-07T13:46:55,5.915,5.915,5.91,5.91,230.0
2025-08-07T13:47:00,5.915,5.915,5.915,5.915,120.0
2025-08-07T13:47:01,5.9106,5.9106,5.9106,5.9106,375.0
2025-08-07T13:47:16,5.91,5.91,5.91,5.91,500.0
2025-08-07T13:47:18,5.915,5.915,5.915,5.915,218.0
2025-08-07T13:47:20,5.915,5.915,5.915,5.915,100.0
2025-08-07T13:47:22,5.9101,5.9101,5.9101,5.9101,137.0
2025-08-07T13:47:39,5.915,5.915,5.915,5.915,600.0
2025-08-07T13:47:40,5.915,5.915,5.915,5.915,100.0
2025-08-07T13:47:57,5.915,5.92,5.915,5.92,2145.0
2025-08-07T13:48:02,5.93,5.93,5.93,5.93,701.0
2025-08-07T13:48:04,5.93,5.93,5.93,5.93,165.0
2025-08-07T13:48:11,5.93,5.93,5.93,5.93,100.0
2025-08-07T13:48:21,5.9218,5.9218,5.9218,5.9218,235.0
2025-08-07T13:48:52,5.93,5.93,5.93,5.93,1027.0
2025-08-07T13:48:53,5.93,5.93,5.93,5.93,100.0
2025-08-07T13:49:20,5.93,5.93,5.93,5.93,136.0
2025-08-07T13:49:53,5.93,5.93,5.93,5.93,121.0
2025-08-07T13:50:13,5.9375,5.9375,5.9375,5.9375,245.0
2025-08-07T13:50:50,5.9384,5.9384,5.9384,5.9384,169.0
2025-08-07T13:51:03,5.93,5.93,5.93,5.93,100.0
2025-08-07T13:51:04,5.93,5.93,5.93,5.93,100.0
2025-08-07T13:51:49,5.93,5.93,5.93,5.93,400.0
2025-08-07T13:52:50,5.935,5.935,5.935,5.935,100.0
2025-08-07T13:53:04,5.94,5.94,5.94,5.94,730.0
2025-08-07T13:53:05,5.935,5.935,5.935,5.935,100.0
2025-08-07T13:53:38,5.9325,5.9325,5.9325,5.9325,100.0
2025-08-07T13:53:52,5.94,5.94,5.94,5.94,1706.0
2025-08-07T13:54:01,5.945,5.945,5.945,5.945,248.0
2025-08-07T13:54:18,5.9406,5.9406,5.9406,5.9406,602.0
2025-08-07T13:54:19,5.945,5.945,5.945,5.945,217.0
2025-08-07T13:54:22,5.9415,5.9415,5.9415,5.9415,2200.0
2025-08-07T13:54:25,5.94,5.94,5.935,5.935,883.0
2025-08-07T13:54:26,5.935,5.935,5.935,5.935,378.0
2025-08-07T13:54:27,5.935,5.935,5.935,5.935,300.0
2025-08-07T13:54:49,5.935,5.935,5.935,5.935,200.0
2025-08-07T13:55:17,5.935,5.935,5.935,5.935,451.0
2025-08-07T13:55:40,5.935,5.935,5.93,5.93,301.0
2025-08-07T13:55:48,5.935,5.935,5.935,5.935,461.0
2025-08-07T13:56:30,5.9394,5.9394,5.9394,5.9394,1228.0
2025-08-07T13:56:40,5.93,5.93,5.93,5.93,200.0
2025-08-07T13:57:07,5.935,5.935,5.935,5.935,200.0
2025-08-07T13:57:21,5.935,5.935,5.935,5.935,100.0
2025-08-07T13:57:45,5.935,5.935,5.935,5.935,313.0
2025-08-07T13:58:00,5.935,5.935,5.935,5.935,225.0
2025-08-07T13:58:09,5.9312,5.9312,5.9312,5.9312,104.0
2025-08-07T13:58:29,5.9354,5.9354,5.9354,5.9354,1274.0
2025-08-07T13:58:59,5.935,5.935,5.935,5.935,100.0
2025-08-07T13:59:12,5.935,5.935,5.935,5.935,115.0
2025-08-07T13:59:16,5.935,5.935,5.935,5.935,200.0
2025-08-07T13:59:20,5.93,5.93,5.93,5.93,2059.0
2025-08-07T13:59:51,5.925,5.925,5.925,5.925,100.0
2025-08-07T13:59:52,5.925,5.925,5.925,5.925,1033.0
2025-08-07T13:59:54,5.925,5.925,5.925,5.925,122.0
2025-08-07T14:00:25,5.92,5.925,5.92,5.92,449.0
2025-08-07T14:00:46,5.9227,5.9227,5.915,5.915,8960.0
2025-08-07T14:00:52,5.92,5.92,5.92,5.92,131.0
2025-08-07T14:00:54,5.915,5.915,5.915,5.915,306.0
2025-08-07T14:01:05,5.91,5.91,5.91,5.91,100.0
2025-08-07T14:01:32,5.91,5.91,5.91,5.91,100.0
2025-08-07T14:01:40,5.91,5.91,5.91,5.91,100.0
2025-08-07T14:01:41,5.91,5.91,5.905,5.905,1145.0
2025-08-07T14:01:44,5.905,5.905,5.905,5.905,400.0
2025-08-07T14:01:45,5.905,5.905,5.905,5.905,100.0
2025-08-07T14:01:53,5.9,5.9,5.9,5.9,163.0
2025-08-07T14:02:10,5.905,5.905,5.905,5.905,500.0
2025-08-07T14:02:20,5.905,5.905,5.905,5.905,715.0
2025-08-07T14:02:30,5.905,5.905,5.905,5.905,100.0
2025-08-07T14:03:17,5.9008,5.9008,5.9008,5.9008,359.0
2025-08-07T14:03:37,5.91,5.925,5.91,5.92,3268.0
2025-08-07T14:04:10,5.925,5.925,5.925,5.925,100.0
2025-08-07T14:04:37,5.925,5.925,5.925,5.925,637.0
2025-08-07T14:04:40,5.925,5.925,5.925,5.925,200.0
2025-08-07T14:04:54,5.925,5.925,5.925,5.925,207.0
2025-08-07T14:05:43,5.925,5.94,5.925,5.94,3897.0
2025-08-07T14:05:45,5.945,5.945,5.945,5.945,120.0
2025-08-07T14:05:55,5.95,5.95,5.95,5.95,100.0
2025-08-07T14:05:56,5.95,5.96,5.95,5.96,1288.0
2025-08-07T14:06:00,5.95,5.95,5.95,5.95,500.0
2025-08-07T14:06:19,5.945,5.945,5.945,5.945,300.0
2025-08-07T14:06:21,5.96,5.99,5.96,5.98,2650.0
2025-08-07T14:06:23,5.97,5.97,5.97,5.97,200.0
2025-08-07T14:07:00,5.97,5.97,5.97,5.97,220.0
2025-08-07T14:07:03,5.965,5.965,5.965,5.965,100.0
2025-08-07T14:07:21,5.96,5.96,5.96,5.96,542.0
2025-08-07T14:07:49,5.9506,5.9506,5.9506,5.9506,485.0
2025-08-07T14:08:00,5.955,5.955,5.955,5.955,100.0
2025-08-07T14:08:01,5.955,5.955,5.955,5.955,135.0
2025-08-07T14:08:05,5.955,5.955,5.955,5.955,230.0
2025-08-07T14:08:13,5.9545,5.9545,5.9545,5.9545,100.0
2025-08-07T14:08:14,5.955,5.955,5.955,5.955,156.0
2025-08-07T14:08:40,5.955,5.955,5.955,5.955,200.0
2025-08-07T14:08:47,5.9546,5.9546,5.9546,5.9546,338.0
2025-08-07T14:08:49,5.955,5.955,5.955,5.955,623.0
2025-08-07T14:09:35,5.955,5.955,5.955,5.955,200.0
2025-08-07T14:09:53,5.955,5.955,5.955,5.955,120.0
2025-08-07T14:09:55,5.955,5.955,5.955,5.955,220.0
2025-08-07T14:10:09,5.955,5.955,5.955,5.955,302.0
2025-08-07T14:10:17,5.955,5.955,5.955,5.955,200.0
2025-08-07T14:10:38,5.96,5.96,5.96,5.96,573.0
2025-08-07T14:10:39,5.96,5.96,5.96,5.96,237.0
2025-08-07T14:10:42,5.96,5.96,5.959,5.959,791.0
2025-08-07T14:10:54,5.96,5.97,5.96,5.9699,5514.0
2025-08-07T14:11:10,5.965,5.965,5.965,5.965,200.0
2025-08-07T14:11:11,5.9694,5.9694,5.9694,5.9694,800.0
2025-08-07T14:11:58,5.965,5.965,5.965,5.965,169.0
2025-08-07T14:12:55,5.965,5.965,5.965,5.965,300.0
2025-08-07T14:13:29,5.965,5.965,5.965,5.965,200.0
2025-08-07T14:13:44,5.965,5.965,5.965,5.965,127.0
2025-08-07T14:14:28,5.97,5.97,5.97,5.97,2419.0
2025-08-07T14:14:30,5.975,5.975,5.975,5.975,400.0
2025-08-07T14:14:32,5.9782,5.9782,5.9782,5.9782,224.0
2025-08-07T14:14:39,5.98,5.98,5.98,5.98,386.0
2025-08-07T14:14:49,5.975,5.975,5.975,5.975,5566.0
2025-08-07T14:14:50,5.975,5.975,5.97,5.97,471.0
2025-08-07T14:14:56,5.975,5.975,5.975,5.975,155.0
2025-08-07T14:15:11,5.975,5.975,5.975,5.975,200.0
2025-08-07T14:15:15,5.975,5.975,5.975,5.975,120.0
2025-08-07T14:15:25,5.975,5.975,5.975,5.975,100.0
2025-08-07T14:15:37,5.975,5.975,5.975,5.975,221.0
2025-08-07T14:15:38,5.975,5.975,5.975,5.975,100.0
2025-08-07T14:15:39,5.975,5.975,5.975,5.975,100.0
2025-08-07T14:15:59,5.975,5.975,5.975,5.975,240.0
2025-08-07T14:16:24,5.975,5.975,5.975,5.975,100.0
2025-08-07T14:16:49,5.97,5.97,5.97,5.97,1417.0
2025-08-07T14:16:50,5.965,5.965,5.96,5.96,498.0
2025-08-07T14:17:00,5.96,5.96,5.96,5.96,1227.0
2025-08-07T14:17:24,5.965,5.965,5.965,5.965,123.0
2025-08-07T14:17:36,5.9655,5.9655,5.9655,5.9655,1227.0
2025-08-07T14:17:45,5.965,5.965,5.965,5.965,2840.0
2025-08-07T14:17:48,5.965,5.965,5.96,5.96,1581.0
2025-08-07T14:17:49,5.96,5.96,5.96,5.96,1224.0
2025-08-07T14:18:03,5.97,5.975,5.97,5.97,1884.0
2025-08-07T14:18:04,5.97,5.97,5.97,5.97,201.0
2025-08-07T14:18:05,5.965,5.965,5.965,5.965,200.0
2025-08-07T14:18:13,5.969383,5.97,5.969383,5.97,7148.0
2025-08-07T14:18:15,5.975,5.975,5.97,5.97,590.0
2025-08-07T14:19:02,5.975,5.975,5.975,5.975,240.0
2025-08-07T14:19:17,5.979,5.979,5.979,5.979,100.0
2025-08-07T14:20:05,5.98,5.985,5.975,5.98,5807.0
2025-08-07T14:20:06,5.979,5.979,5.979,5.979,300.0
2025-08-07T14:20:25,5.97,5.97,5.965,5.965,989.0
2025-08-07T14:20:54,5.97,5.97,5.97,5.97,592.0
2025-08-07T14:21:25,5.97,5.975,5.97,5.975,249.0
2025-08-07T14:21:44,5.98,5.98,5.98,5.98,694.0
2025-08-07T14:21:51,5.99,5.99,5.99,5.99,591.0
2025-08-07T14:21:55,5.995,5.995,5.99,5.99,500.0
2025-08-07T14:21:59,5.99,5.99,5.99,5.99,100.0
2025-08-07T14:22:33,5.995,5.995,5.995,5.995,100.0
2025-08-07T14:22:49,5.99,5.99,5.99,5.99,1219.0
2025-08-07T14:23:01,5.9854,5.9854,5.9854,5.9854,243.0
2025-08-07T14:23:06,5.985,5.985,5.985,5.985,134.0
2025-08-07T14:23:20,5.985,5.985,5.985,5.985,529.0
2025-08-07T14:23:22,5.985,5.985,5.985,5.985,1284.0
2025-08-07T14:23:33,5.985,5.985,5.985,5.985,441.0
2025-08-07T14:23:36,5.985,5.985,5.985,5.985,110.0
2025-08-07T14:24:21,5.98,5.98,5.98,5.98,127.0
2025-08-07T14:24:57,5.989,5.989,5.989,5.989,122.0
2025-08-07T14:25:05,5.985,5.985,5.98,5.985,1002.0
2025-08-07T14:25:45,5.9801,5.9801,5.9801,5.9801,200.0
2025-08-07T14:25:51,5.985,5.985,5.985,5.985,220.0
2025-08-07T14:26:20,5.99,5.99,5.985,5.985,300.0
2025-08-07T14:26:37,5.985,5.985,5.985,5.985,217.0
2025-08-07T14:27:09,5.985,5.985,5.985,5.985,100.0
2025-08-07T14:27:31,5.99,6.0,5.99,6.0,4855.0
2025-08-07T14:27:35,5.995,5.995,5.99,5.99,829.0
2025-08-07T14:27:49,5.998,5.998,5.998,5.998,321.0
2025-08-07T14:28:06,5.995,6.0,5.995,6.0,17846.0
2025-08-07T14:28:16,5.9983,5.9983,5.9983,5.9983,150.0
2025-08-07T14:28:30,6.0,6.0,6.0,6.0,780.0
2025-08-07T14:28:31,6.01,6.01,6.009,6.01,2002.0
2025-08-07T14:28:35,6.005,6.005,6.0,6.005,1484.0
2025-08-07T14:28:40,6.005,6.005,6.005,6.005,1055.0
2025-08-07T14:29:07,6.0003,6.0003,6.0003,6.0003,3307.0
2025-08-07T14:29:09,6.005,6.005,6.005,6.005,127.0
2025-08-07T14:29:22,6.005,6.005,6.005,6.005,135.0
2025-08-07T14:29:25,6.01,6.01,6.01,6.01,4102.0
2025-08-07T14:29:41,6.005,6.005,6.005,6.005,226.0
2025-08-07T14:29:43,6.005,6.005,6.005,6.005,119.0
2025-08-07T14:29:50,6.005,6.005,6.005,6.005,420.0
2025-08-07T14:30:29,6.005,6.005,6.005,6.005,900.0
2025-08-07T14:30:35,6.005,6.005,6.005,6.005,330.0
2025-08-07T14:30:42,6.0,6.005,6.0,6.005,320.0
2025-08-07T14:31:03,6.01,6.015,6.01,6.015,2870.0
2025-08-07T14:31:07,6.02,6.02,6.02,6.02,5689.0
2025-08-07T14:31:10,6.0294,6.0294,6.0294,6.0294,333.0
2025-08-07T14:31:14,6.025,6.025,6.025,6.025,200.0
2025-08-07T14:31:16,6.02,6.025,6.02,6.025,600.0
2025-08-07T14:31:24,6.03,6.03,6.03,6.03,2500.0
2025-08-07T14:31:25,6.025,6.03,6.025,6.03,1646.0
2025-08-07T14:31:29,6.035,6.045,6.035,6.045,1825.0
2025-08-07T14:31:30,6.04,6.04,6.04,6.04,300.0
2025-08-07T14:31:34,6.045,6.05,6.045,6.045,2441.0
2025-08-07T14:31:35,6.04,6.04,6.04,6.04,927.0
2025-08-07T14:31:36,6.04,6.05,6.04,6.05,2600.0
2025-08-07T14:31:43,6.04,6.04,6.04,6.04,100.0
2025-08-07T14:31:45,6.045,6.045,6.045,6.045,100.0
2025-08-07T14:31:49,6.045,6.045,6.045,6.045,100.0
2025-08-07T14:32:01,6.045,6.045,6.045,6.045,500.0
2025-08-07T14:32:02,6.0408,6.0408,6.0408,6.0408,1000.0
2025-08-07T14:32:04,6.045,6.05,6.04,6.045,7683.0
2025-08-07T14:32:05,6.04,6.04,6.04,6.04,1291.0
2025-08-07T14:32:08,6.04,6.04,6.04,6.04,165.0
2025-08-07T14:32:13,6.04,6.04,6.04,6.04,100.0
2025-08-07T14:32:23,6.04,6.04,6.04,6.04,827.0
2025-08-07T14:32:24,6.045,6.045,6.04,6.04,8858.0
2025-08-07T14:32:25,6.035,6.05,6.035,6.05,35240.0
2025-08-07T14:32:30,6.04,6.05,6.04,6.05,1838.0
2025-08-07T14:32:48,6.05,6.05,6.05,6.05,2722.0
2025-08-07T14:32:49,6.045,6.05,6.045,6.05,1094.0
2025-08-07T14:32:50,6.055,6.055,6.055,6.055,201.0
2025-08-07T14:32:52,6.055,6.06,6.055,6.06,4365.0
2025-08-07T14:32:54,6.0668,6.0668,6.0668,6.0668,400.0
2025-08-07T14:33:00,6.06,6.06,6.06,6.06,261.0
2025-08-07T14:33:04,6.055,6.058,6.055,6.058,500.0
2025-08-07T14:33:05,6.055,6.055,6.055,6.055,100.0
2025-08-07T14:33:09,6.0599,6.0599,6.0599,6.0599,1600.0
2025-08-07T14:33:12,6.0593,6.0593,6.0593,6.0593,330.0
2025-08-07T14:33:23,6.055,6.055,6.055,6.055,231.0
2025-08-07T14:33:25,6.0599,6.06,6.0599,6.06,700.0
2025-08-07T14:33:27,6.055,6.055,6.055,6.055,7780.0
2025-08-07T14:33:29,6.0502,6.0502,6.0502,6.0502,7780.0
2025-08-07T14:33:30,6.05,6.05,6.041,6.041,814.0
2025-08-07T14:33:33,6.0455,6.0455,6.0455,6.0455,421.0
2025-08-07T14:33:40,6.045,6.04727,6.045,6.04727,1999.0
2025-08-07T14:33:41,6.0499,6.06,6.0499,6.06,9225.0
2025-08-07T14:33:42,6.065,6.065,6.065,6.065,206.0
2025-08-07T14:33:45,6.065,6.065,6.065,6.065,100.0
2025-08-07T14:34:00,6.07,6.08,6.07,6.08,926.0
2025-08-07T14:34:03,6.0707,6.0707,6.0707,6.0707,284.0
2025-08-07T14:34:05,6.08,6.08,6.08,6.08,4000.0
2025-08-07T14:34:17,6.08,6.08,6.08,6.08,206.0
2025-08-07T14:34:27,6.075,6.075,6.075,6.075,301.0
2025-08-07T14:34:41,6.0788,6.0788,6.0788,6.0788,337.0
2025-08-07T14:34:45,6.07,6.07,6.07,6.07,919.0
2025-08-07T14:34:46,6.07,6.07,6.07,6.07,200.0
2025-08-07T14:34:50,6.07,6.07,6.07,6.07,102.0
2025-08-07T14:34:57,6.08,6.1,6.08,6.1,19149.0
2025-08-07T14:35:00,6.0988,6.0988,6.09,6.09,2021.0
2025-08-07T14:35:01,6.0935,6.0935,6.0935,6.0935,250.0
2025-08-07T14:35:03,6.095,6.095,6.095,6.095,434.0
2025-08-07T14:35:05,6.0988,6.0988,6.0988,6.0988,120.0
2025-08-07T14:35:11,6.1,6.1,6.09,6.1,14599.0
2025-08-07T14:35:13,6.11,6.12,6.11,6.12,3586.0
2025-08-07T14:35:14,6.119,6.119,6.119,6.119,125.0
2025-08-07T14:35:16,6.11,6.11,6.11,6.11,100.0
2025-08-07T14:35:17,6.1118,6.1118,6.1118,6.1118,116.0
2025-08-07T14:35:27,6.11,6.12,6.11,6.11,1308.0
2025-08-07T14:35:28,6.1178,6.1178,6.1178,6.1178,529.0
2025-08-07T14:35:30,6.115,6.115,6.115,6.115,110.0
2025-08-07T14:35:31,6.1162,6.1162,6.1162,6.1162,1000.0
2025-08-07T14:35:35,6.11,6.11,6.11,6.11,247.0
2025-08-07T14:35:40,6.115,6.115,6.115,6.115,146.0
2025-08-07T14:35:46,6.115,6.115,6.115,6.115,1780.0
2025-08-07T14:35:50,6.115,6.115,6.115,6.115,100.0
2025-08-07T14:35:51,6.115,6.115,6.115,6.115,247.0
2025-08-07T14:36:04,6.1199,6.1199,6.1199,6.1199,8000.0
2025-08-07T14:36:05,6.12,6.12,6.12,6.12,1412.0
2025-08-07T14:36:13,6.12,6.1288,6.12,6.1288,705.0
2025-08-07T14:36:16,6.1285,6.1285,6.12,6.12,526.0
2025-08-07T14:36:19,6.125,6.125,6.125,6.125,100.0
2025-08-07T14:36:20,6.125,6.125,6.125,6.125,211.0
2025-08-07T14:36:32,6.12,6.12,6.1145,6.1145,8621.0
2025-08-07T14:36:33,6.115,6.115,6.115,6.115,203.0
2025-08-07T14:36:36,6.12,6.12,6.12,6.12,100.0
2025-08-07T14:36:40,6.1164,6.1164,6.1164,6.1164,200.0
2025-08-07T14:36:41,6.119,6.12,6.119,6.12,600.0
2025-08-07T14:36:44,6.115,6.115,6.1101,6.1101,500.0
2025-08-07T14:36:46,6.115,6.115,6.11,6.11,2189.0
2025-08-07T14:36:50,6.105,6.105,6.105,6.105,213.0
2025-08-07T14:36:55,6.105,6.105,6.105,6.105,286.0
2025-08-07T14:36:56,6.105,6.105,6.105,6.105,468.0
2025-08-07T14:36:57,6.105,6.105,6.1,6.105,2818.0
2025-08-07T14:37:05,6.095,6.095,6.09,6.09,2085.0
2025-08-07T14:37:06,6.095,6.095,6.095,6.095,100.0
2025-08-07T14:37:08,6.095,6.095,6.09,6.095,1120.0
2025-08-07T14:37:15,6.095,6.095,6.095,6.095,142.0
2025-08-07T14:37:20,6.09,6.09,6.09,6.09,798.0
2025-08-07T14:37:30,6.085,6.085,6.085,6.085,136.0
2025-08-07T14:37:36,6.0765,6.0765,6.0765,6.0765,107.0
2025-08-07T14:37:37,6.08,6.08,6.08,6.08,149.0
2025-08-07T14:37:39,6.08,6.08,6.08,6.08,8200.0
2025-08-07T14:37:41,6.07,6.07,6.07,6.07,102.0
2025-08-07T14:37:42,6.0702,6.08,6.0702,6.08,1120.0
2025-08-07T14:37:43,6.08,6.08,6.08,6.08,517.0
2025-08-07T14:37:52,6.08,6.08,6.08,6.08,1000.0
2025-08-07T14:37:53,6.085,6.085,6.085,6.085,133.0
2025-08-07T14:37:55,6.085,6.085,6.085,6.085,100.0
2025-08-07T14:37:59,6.085,6.085,6.085,6.085,300.0
2025-08-07T14:38:01,6.085,6.085,6.07,6.085,19000.0
2025-08-07T14:38:02,6.09,6.105,6.09,6.105,2699.0
2025-08-07T14:38:04,6.1093,6.1093,6.105,6.105,577.0
2025-08-07T14:38:10,6.1008,6.1008,6.1008,6.1008,520.0
2025-08-07T14:38:15,6.105,6.105,6.105,6.105,407.0
2025-08-07T14:38:22,6.1,6.1,6.095,6.095,6830.0
2025-08-07T14:38:24,6.095,6.095,6.095,6.095,241.0
2025-08-07T14:38:30,6.095,6.095,6.095,6.095,119.0
2025-08-07T14:38:33,6.095,6.095,6.09,6.09,423.0
2025-08-07T14:38:35,6.095,6.095,6.095,6.095,220.0
2025-08-07T14:38:54,6.095,6.095,6.095,6.095,538.0
2025-08-07T14:39:07,6.1,6.105,6.1,6.1,2727.0
2025-08-07T14:39:10,6.11,6.11,6.11,6.11,134.0
2025-08-07T14:39:21,6.105,6.11,6.1,6.105,9603.0
2025-08-07T14:39:41,6.1055,6.11,6.1055,6.11,251.0
2025-08-07T14:39:42,6.1051,6.1051,6.1051,6.1051,280.0
2025-08-07T14:39:46,6.1045,6.1045,6.1045,6.1045,1200.0
2025-08-07T14:39:54,6.105,6.105,6.105,6.105,274.0
2025-08-07T14:40:16,6.105,6.105,6.1,6.1,667.0
2025-08-07T14:40:18,6.105,6.105,6.105,6.105,241.0
2025-08-07T14:40:25,6.105,6.105,6.1,6.1,1711.0
2025-08-07T14:40:33,6.1,6.1,6.1,6.1,166.0
2025-08-07T14:40:35,6.1,6.1,6.095,6.095,791.0
2025-08-07T14:40:40,6.095,6.095,6.095,6.095,120.0
2025-08-07T14:40:47,6.095,6.095,6.085,6.085,1362.0
2025-08-07T14:40:48,6.085,6.085,6.085,6.085,278.0
2025-08-07T14:40:52,6.0893,6.0893,6.0893,6.0893,163.0
2025-08-07T14:40:53,6.0872,6.0872,6.0872,6.0872,800.0
2025-08-07T14:41:12,6.085,6.085,6.085,6.085,278.0
2025-08-07T14:41:25,6.08,6.085,6.08,6.085,2177.0
2025-08-07T14:41:30,6.08,6.08,6.08,6.08,200.0
2025-08-07T14:41:47,6.08,6.08,6.08,6.08,100.0
2025-08-07T14:41:50,6.081,6.081,6.081,6.081,100.0
2025-08-07T14:42:03,6.085,6.085,6.085,6.085,134.0
2025-08-07T14:42:04,6.085,6.085,6.0802,6.0802,255.0
2025-08-07T14:42:08,6.085,6.085,6.085,6.085,100.0
2025-08-07T14:42:10,6.085,6.085,6.08,6.08,400.0
2025-08-07T14:42:16,6.0838,6.0838,6.08,6.08,828.0
2025-08-07T14:42:17,6.08,6.08,6.08,6.08,256.0
2025-08-07T14:42:25,6.075,6.075,6.075,6.075,1791.0
2025-08-07T14:42:30,6.075,6.075,6.075,6.075,300.0
2025-08-07T14:42:41,6.075,6.075,6.075,6.075,500.0
2025-08-07T14:42:48,6.075,6.075,6.075,6.075,100.0
2025-08-07T14:42:50,6.075,6.075,6.075,6.075,200.0
2025-08-07T14:43:03,6.07,6.075,6.07,6.075,400.0
2025-08-07T14:43:07,6.075,6.075,6.075,6.075,100.0
2025-08-07T14:43:10,6.075,6.075,6.075,6.075,200.0
2025-08-07T14:43:17,6.075,6.075,6.075,6.075,120.0
2025-08-07T14:43:25,6.075,6.075,6.075,6.075,730.0
2025-08-07T14:43:26,6.075,6.075,6.075,6.075,340.0
2025-08-07T14:43:30,6.075,6.075,6.075,6.075,201.0
2025-08-07T14:43:34,6.0797,6.0797,6.0797,6.0797,389.0
2025-08-07T14:43:51,6.08,6.085,6.08,6.085,3801.0
2025-08-07T14:43:55,6.085,6.085,6.085,6.085,100.0
2025-08-07T14:44:46,6.0888,6.0888,6.0888,6.0888,209.0
2025-08-07T14:45:20,6.09,6.105,6.09,6.105,2034.0
2025-08-07T14:45:21,6.105,6.105,6.105,6.105,790.0
2025-08-07T14:45:28,6.105,6.105,6.105,6.105,100.0
2025-08-07T14:45:31,6.105,6.105,6.105,6.105,123.0
2025-08-07T14:45:40,6.105,6.105,6.1,6.1,1283.0
2025-08-07T14:46:16,6.0935,6.0935,6.0935,6.0935,223.0
2025-08-07T14:46:20,6.09,6.09,6.09,6.09,201.0
2025-08-07T14:46:27,6.09,6.09,6.09,6.09,100.0
2025-08-07T14:46:31,6.09,6.0901,6.075,6.085,12512.0
2025-08-07T14:46:50,6.085,6.085,6.085,6.085,2600.0
2025-08-07T14:46:55,6.085,6.085,6.0808,6.0808,420.0
2025-08-07T14:46:57,6.085,6.085,6.085,6.085,113.0
2025-08-07T14:47:00,6.085,6.085,6.085,6.085,224.0
2025-08-07T14:47:05,6.085,6.085,6.085,6.085,100.0
2025-08-07T14:47:23,6.085,6.085,6.085,6.085,400.0
2025-08-07T14:47:32,6.085,6.085,6.085,6.085,847.0
2025-08-07T14:47:47,6.085,6.085,6.085,6.085,172.0
2025-08-07T14:48:06,6.08,6.08,6.08,6.08,100.0
2025-08-07T14:48:10,6.085,6.085,6.08,6.08,563.0
2025-08-07T14:48:13,6.085,6.085,6.085,6.085,154.0
2025-08-07T14:48:19,6.08,6.085,6.08,6.085,374.0
2025-08-07T14:48:28,6.085,6.085,6.085,6.085,120.0
2025-08-07T14:48:45,6.085,6.085,6.085,6.085,554.0
2025-08-07T14:48:54,6.085,6.085,6.085,6.085,500.0
2025-08-07T14:48:55,6.085,6.085,6.085,6.085,307.0
2025-08-07T14:49:00,6.085,6.085,6.085,6.085,388.0
2025-08-07T14:49:03,6.085,6.085,6.085,6.085,100.0
2025-08-07T14:49:05,6.08,6.08,6.08,6.08,115.0
2025-08-07T14:49:16,6.085,6.085,6.085,6.085,460.0
2025-08-07T14:49:32,6.085,6.085,6.085,6.085,100.0
2025-08-07T14:49:40,6.0888,6.0888,6.0888,6.0888,167.0
2025-08-07T14:50:27,6.085,6.0898,6.085,6.085,816.0
2025-08-07T14:50:28,6.085,6.085,6.085,6.085,1076.0
2025-08-07T14:50:30,6.085,6.085,6.08,6.08,4037.0
2025-08-07T14:50:31,6.075,6.075,6.075,6.075,128.0
2025-08-07T14:50:33,6.0709,6.0709,6.0709,6.0709,218.0
2025-08-07T14:50:47,6.075,6.075,6.075,6.075,491.0
2025-08-07T14:50:50,6.07,6.07,6.07,6.07,1977.0
2025-08-07T14:50:55,6.065,6.07,6.065,6.07,4445.0
2025-08-07T14:50:58,6.07,6.075,6.07,6.075,1668.0
2025-08-07T14:50:59,6.075,6.075,6.075,6.075,300.0
2025-08-07T14:51:05,6.075,6.075,6.075,6.075,103.0
2025-08-07T14:51:23,6.075,6.075,6.075,6.075,300.0
2025-08-07T14:51:28,6.08,6.08,6.08,6.08,5183.0
2025-08-07T14:51:42,6.085,6.085,6.085,6.085,150.0
2025-08-07T14:51:50,6.085,6.085,6.085,6.085,207.0
2025-08-07T14:52:01,6.085,6.085,6.085,6.085,100.0
2025-08-07T14:53:02,6.09,6.095,6.09,6.09,9352.0
2025-08-07T14:53:03,6.085,6.085,6.085,6.085,162.0
2025-08-07T14:53:14,6.08,6.08,6.08,6.08,100.0
2025-08-07T14:53:15,6.08,6.08,6.075,6.08,1473.0
2025-08-07T14:53:42,6.075,6.075,6.075,6.075,183.0
2025-08-07T14:53:45,6.07,6.07,6.07,6.07,866.0
2025-08-07T14:54:04,6.0655,6.0655,6.0655,6.0655,100.0
2025-08-07T14:54:06,6.065,6.065,6.065,6.065,171.0
2025-08-07T14:54:19,6.07,6.07,6.07,6.07,200.0
2025-08-07T14:54:23,6.065,6.065,6.065,6.065,1078.0
2025-08-07T14:54:25,6.065,6.07,6.065,6.07,1872.0
2025-08-07T14:54:38,6.0712,6.0712,6.0712,6.0712,603.0
2025-08-07T14:54:55,6.075,6.075,6.07,6.075,4300.0
2025-08-07T14:54:56,6.075,6.075,6.075,6.075,100.0
2025-08-07T14:54:58,6.0712,6.0712,6.0712,6.0712,408.0
2025-08-07T14:55:03,6.07,6.075,6.065,6.065,1521.0
2025-08-07T14:55:04,6.065,6.07,6.065,6.07,1256.0
2025-08-07T14:55:05,6.07,6.07,6.06,6.06,851.0
2025-08-07T14:55:07,6.065,6.065,6.065,6.065,391.0
2025-08-07T14:55:20,6.065,6.065,6.06,6.06,1191.0
2025-08-07T14:55:31,6.06,6.06,6.06,6.06,180.0
2025-08-07T14:55:53,6.06,6.06,6.06,6.06,112.0
2025-08-07T14:55:58,6.06,6.065,6.06,6.065,1098.0
2025-08-07T14:56:00,6.065,6.065,6.06,6.065,1038.0
2025-08-07T14:56:03,6.065,6.065,6.065,6.065,100.0
2025-08-07T14:56:07,6.07,6.075,6.07,6.075,1446.0
2025-08-07T14:56:10,6.075,6.075,6.075,6.075,375.0
2025-08-07T14:56:21,6.075,6.075,6.075,6.075,230.0
2025-08-07T14:56:32,6.075,6.075,6.075,6.075,101.0
2025-08-07T14:56:40,6.08,6.08,6.08,6.08,110.0
2025-08-07T14:56:48,6.0712,6.0712,6.0712,6.0712,575.0
2025-08-07T14:56:57,6.08,6.08,6.08,6.08,1990.0
2025-08-07T14:57:00,6.09,6.1,6.09,6.1,3375.0
2025-08-07T14:57:03,6.105,6.105,6.095,6.095,1749.0
2025-08-07T14:57:05,6.095,6.095,6.095,6.095,800.0
2025-08-07T14:57:10,6.095,6.095,6.095,6.095,120.0
2025-08-07T14:57:11,6.095,6.095,6.095,6.095,800.0
2025-08-07T14:57:13,6.095,6.095,6.095,6.095,500.0
2025-08-07T14:57:24,6.09,6.09,6.08,6.085,1722.0
2025-08-07T14:57:25,6.08,6.08,6.07,6.07,1074.0
2025-08-07T14:57:26,6.065,6.075,6.065,6.07,815.0
2025-08-07T14:57:27,6.075,6.075,6.075,6.075,314.0
2025-08-07T14:57:38,6.075,6.075,6.075,6.075,700.0
2025-08-07T14:57:40,6.075,6.075,6.07,6.07,287.0
2025-08-07T14:57:42,6.0714,6.0714,6.0714,6.0714,485.0
2025-08-07T14:57:45,6.075,6.075,6.075,6.075,616.0
2025-08-07T14:58:26,6.075,6.075,6.075,6.075,258.0
2025-08-07T14:58:34,6.075,6.075,6.075,6.075,219.0
2025-08-07T14:58:45,6.0788,6.0788,6.0788,6.0788,165.0
2025-08-07T14:59:03,6.075,6.075,6.075,6.075,432.0
2025-08-07T14:59:10,6.075,6.075,6.075,6.075,111.0
2025-08-07T14:59:11,6.075,6.075,6.075,6.075,134.0
2025-08-07T14:59:23,6.075,6.075,6.075,6.075,806.0
2025-08-07T14:59:48,6.075,6.075,6.075,6.075,574.0
2025-08-07T15:00:11,6.075,6.075,6.075,6.075,323.0
2025-08-07T15:00:13,6.079,6.09,6.075,6.09,11449.0
2025-08-07T15:00:23,6.09,6.09,6.08,6.08,3936.0
2025-08-07T15:00:30,6.08,6.09,6.08,6.08,3243.0
2025-08-07T15:00:31,6.0807,6.0807,6.0807,6.0807,1000.0
2025-08-07T15:00:33,6.085,6.085,6.085,6.085,132.0
2025-08-07T15:00:39,6.09,6.09,6.065,6.065,5947.0
2025-08-07T15:00:45,6.06,6.06,6.055,6.06,1826.0
2025-08-07T15:00:47,6.06,6.06,6.055,6.055,695.0
2025-08-07T15:00:55,6.05,6.05,6.04,6.05,2690.0
2025-08-07T15:00:57,6.05,6.05,6.05,6.05,1194.0
2025-08-07T15:01:00,6.045,6.045,6.045,6.045,640.0
2025-08-07T15:01:04,6.045,6.045,6.045,6.045,201.0
2025-08-07T15:01:13,6.045,6.045,6.045,6.045,311.0
2025-08-07T15:01:39,6.0498,6.055,6.0498,6.055,4079.0
2025-08-07T15:01:43,6.055,6.055,6.055,6.055,126.0
2025-08-07T15:01:44,6.06,6.06,6.055,6.055,2521.0
2025-08-07T15:01:50,6.055,6.06,6.055,6.0594,2180.0
2025-08-07T15:01:59,6.06,6.06,6.06,6.06,1293.0
2025-08-07T15:02:03,6.065,6.07,6.065,6.07,1052.0
2025-08-07T15:02:07,6.065,6.065,6.065,6.065,268.0
2025-08-07T15:02:12,6.065,6.065,6.05,6.05,21002.0
2025-08-07T15:02:21,6.045,6.06,6.045,6.06,2084.0
2025-08-07T15:02:30,6.065,6.065,6.065,6.065,100.0
2025-08-07T15:02:34,6.06,6.06,6.06,6.06,505.0
2025-08-07T15:02:40,6.06,6.06,6.06,6.06,276.0
2025-08-07T15:03:00,6.06,6.06,6.06,6.06,269.0
2025-08-07T15:03:06,6.065,6.065,6.065,6.065,3468.0
2025-08-07T15:03:08,6.065,6.065,6.065,6.065,177.0
2025-08-07T15:03:11,6.065,6.07,6.065,6.07,8357.0
2025-08-07T15:03:12,6.07,6.07,6.07,6.07,2714.0
2025-08-07T15:03:13,6.07,6.07,6.07,6.07,2228.0
2025-08-07T15:03:19,6.07,6.07,6.07,6.07,100.0
2025-08-07T15:03:21,6.07,6.07,6.07,6.07,100.0
2025-08-07T15:03:24,6.069,6.069,6.069,6.069,200.0
2025-08-07T15:03:25,6.07,6.07,6.07,6.07,100.0
2025-08-07T15:03:26,6.07,6.07,6.07,6.07,620.0
2025-08-07T15:03:29,6.07,6.07,6.07,6.07,100.0
2025-08-07T15:03:33,6.07,6.07,6.07,6.07,100.0
2025-08-07T15:03:41,6.065,6.065,6.065,6.065,501.0
2025-08-07T15:03:51,6.065,6.065,6.065,6.065,100.0
2025-08-07T15:03:54,6.065,6.065,6.065,6.065,358.0
2025-08-07T15:04:03,6.0691,6.0691,6.0691,6.0691,120.0
2025-08-07T15:04:05,6.065,6.0654,6.065,6.0654,1027.0
2025-08-07T15:04:13,6.07,6.07,6.07,6.07,718.0
2025-08-07T15:04:15,6.075,6.075,6.07,6.075,696.0
2025-08-07T15:04:30,6.0702,6.0702,6.0702,6.0702,420.0
2025-08-07T15:04:34,6.075,6.075,6.075,6.075,223.0
2025-08-07T15:04:37,6.075,6.075,6.075,6.075,183.0
2025-08-07T15:05:02,6.075,6.075,6.075,6.075,137.0
2025-08-07T15:05:08,6.079,6.079,6.079,6.079,146.0
2025-08-07T15:05:11,6.075,6.075,6.048,6.048,33145.0
2025-08-07T15:05:13,6.045,6.045,6.045,6.045,122.0
2025-08-07T15:05:16,6.05,6.065,6.05,6.065,4780.0
2025-08-07T15:05:17,6.07,6.07,6.065,6.065,447.0
2025-08-07T15:05:21,6.065,6.065,6.065,6.065,130.0
2025-08-07T15:05:22,6.065,6.065,6.065,6.065,1200.0
2025-08-07T15:05:33,6.0608,6.0608,6.0608,6.0608,200.0
2025-08-07T15:05:48,6.065,6.065,6.065,6.065,100.0
2025-08-07T15:06:04,6.065,6.065,6.065,6.065,200.0
2025-08-07T15:06:10,6.065,6.065,6.06,6.06,1582.0
2025-08-07T15:06:12,6.06,6.06,6.06,6.06,281.0
2025-08-07T15:06:16,6.06,6.06,6.06,6.06,100.0
2025-08-07T15:06:20,6.055,6.06,6.055,6.06,1254.0
2025-08-07T15:06:22,6.0508,6.0508,6.0508,6.0508,175.0
2025-08-07T15:06:30,6.06,6.06,6.06,6.06,1378.0
2025-08-07T15:06:34,6.065,6.065,6.065,6.065,130.0
2025-08-07T15:06:45,6.065,6.065,6.065,6.065,399.0
2025-08-07T15:06:53,6.065,6.065,6.065,6.065,232.0
2025-08-07T15:06:57,6.065,6.065,6.065,6.065,321.0
2025-08-07T15:07:12,6.065,6.065,6.065,6.065,160.0
2025-08-07T15:07:22,6.06,6.06,6.06,6.06,1640.0
2025-08-07T15:07:29,6.055,6.055,6.055,6.055,223.0
2025-08-07T15:07:42,6.06,6.065,6.06,6.065,2132.0
2025-08-07T15:07:47,6.065,6.065,6.065,6.065,1000.0
2025-08-07T15:07:49,6.065,6.07,6.065,6.07,1000.0
2025-08-07T15:07:53,6.07,6.07,6.06,6.06,2364.0
2025-08-07T15:07:56,6.06,6.06,6.06,6.06,716.0
2025-08-07T15:07:57,6.065,6.065,6.065,6.065,133.0
2025-08-07T15:07:58,6.0697,6.0697,6.0697,6.0697,239.0
2025-08-07T15:07:59,6.065,6.065,6.065,6.065,114.0
2025-08-07T15:08:00,6.065,6.065,6.065,6.065,386.0
2025-08-07T15:08:04,6.0601,6.0601,6.0601,6.0601,181.0
2025-08-07T15:08:05,6.065,6.065,6.05,6.055,16496.0
2025-08-07T15:08:10,6.055,6.055,6.055,6.055,300.0
2025-08-07T15:08:21,6.05,6.05,6.05,6.05,500.0
2025-08-07T15:08:25,6.04,6.04,6.04,6.04,1291.0
2025-08-07T15:08:26,6.035,6.04,6.03,6.04,2535.0
2025-08-07T15:08:28,6.05,6.05,6.05,6.05,400.0
2025-08-07T15:08:29,6.0446,6.0446,6.0446,6.0446,107.0
2025-08-07T15:08:33,6.05,6.055,6.05,6.055,1142.0
2025-08-07T15:08:36,6.055,6.055,6.055,6.055,1071.0
2025-08-07T15:08:38,6.055,6.055,6.055,6.055,1020.0
2025-08-07T15:08:40,6.055,6.055,6.055,6.055,1000.0
2025-08-07T15:08:42,6.055,6.055,6.05,6.05,1279.0
2025-08-07T15:08:46,6.045,6.045,6.045,6.045,1400.0
2025-08-07T15:08:52,6.05,6.05,6.05,6.05,164.0
2025-08-07T15:09:20,6.04,6.04,6.04,6.04,250.0
2025-08-07T15:09:35,6.040478,6.040478,6.040478,6.040478,555.0
2025-08-07T15:09:39,6.04,6.04,6.04,6.04,100.0
2025-08-07T15:09:51,6.045,6.045,6.04,6.04,1573.0
2025-08-07T15:10:12,6.035,6.035,6.035,6.035,2500.0
2025-08-07T15:10:29,6.035,6.035,6.035,6.035,240.0
2025-08-07T15:10:33,6.035,6.035,6.035,6.035,203.0
2025-08-07T15:10:44,6.035,6.035,6.02,6.02,2030.0
2025-08-07T15:10:47,6.015,6.015,6.015,6.015,101.0
2025-08-07T15:10:55,6.015,6.015,6.015,6.015,343.0
2025-08-07T15:11:13,6.01,6.01,6.01,6.01,100.0
2025-08-07T15:11:22,6.015,6.0151,6.015,6.0151,1200.0
2025-08-07T15:11:24,6.015,6.015,6.015,6.015,200.0
2025-08-07T15:11:25,6.01,6.01,6.01,6.01,138.0
2025-08-07T15:11:39,6.0107,6.0107,6.01,6.01,1358.0
2025-08-07T15:12:05,6.0112,6.0112,6.0112,6.0112,220.0
2025-08-07T15:12:10,6.0118,6.0118,6.0118,6.0118,257.0
2025-08-07T15:12:15,6.02,6.02,6.02,6.02,1020.0
2025-08-07T15:12:21,6.02,6.02,6.02,6.02,481.0
2025-08-07T15:12:25,6.015,6.015,6.015,6.015,103.0
2025-08-07T15:12:26,6.02,6.02,6.02,6.02,1000.0
2025-08-07T15:12:31,6.015,6.015,6.015,6.015,256.0
2025-08-07T15:12:37,6.015,6.015,6.015,6.015,140.0
2025-08-07T15:12:40,6.01,6.01,5.99,5.99,5825.0
2025-08-07T15:12:51,5.99,5.99,5.99,5.99,300.0
2025-08-07T15:12:58,5.99,5.99,5.99,5.99,1164.0
2025-08-07T15:13:08,5.995,5.995,5.995,5.995,141.0
2025-08-07T15:13:21,5.9925,5.9925,5.9925,5.9925,200.0
2025-08-07T15:13:23,6.0,6.0,6.0,6.0,4861.0
2025-08-07T15:13:54,6.01,6.01,6.01,6.01,190.0
2025-08-07T15:13:57,6.01,6.01,6.01,6.01,304.0
2025-08-07T15:13:58,6.015,6.015,6.015,6.015,285.0
2025-08-07T15:14:28,6.015,6.015,6.015,6.015,115.0
2025-08-07T15:15:07,6.015,6.015,6.015,6.015,930.0
2025-08-07T15:15:23,6.015,6.015,6.015,6.015,200.0
2025-08-07T15:16:12,6.015,6.015,6.015,6.015,226.0
2025-08-07T15:16:21,6.015,6.015,6.015,6.015,1300.0
2025-08-07T15:16:33,6.015,6.015,6.01,6.015,800.0
2025-08-07T15:16:48,6.015,6.02,6.015,6.02,211.0
2025-08-07T15:16:53,6.015,6.015,6.015,6.015,124.0
2025-08-07T15:16:55,6.015,6.015,6.015,6.015,300.0
2025-08-07T15:17:06,6.011,6.02,6.011,6.02,425.0
2025-08-07T15:17:22,6.0112,6.0112,6.0112,6.0112,203.0
2025-08-07T15:18:02,6.02,6.02,6.02,6.02,279.0
2025-08-07T15:18:13,6.015,6.015,6.015,6.015,2148.0
2025-08-07T15:18:15,6.015,6.015,6.01,6.01,3974.0
2025-08-07T15:18:29,6.005,6.005,6.005,6.005,101.0
2025-08-07T15:18:40,6.005,6.01,6.005,6.01,651.0
2025-08-07T15:18:53,6.0025,6.0025,6.0,6.0,300.0
2025-08-07T15:19:03,6.005,6.005,6.005,6.005,134.0
2025-08-07T15:19:24,6.0011,6.0011,6.0011,6.0011,120.0
2025-08-07T15:19:30,6.0,6.005,6.0,6.005,324.0
2025-08-07T15:19:34,6.005,6.005,6.005,6.005,400.0
2025-08-07T15:19:47,6.0025,6.0025,6.0025,6.0025,200.0
2025-08-07T15:20:11,6.005,6.005,6.005,6.005,100.0
2025-08-07T15:20:25,6.005,6.01,6.005,6.01,265.0
2025-08-07T15:20:39,6.01,6.01,6.01,6.01,930.0
2025-08-07T15:20:40,6.0,6.0025,6.0,6.0025,300.0
2025-08-07T15:20:55,6.01,6.015,6.01,6.015,5289.0
2025-08-07T15:20:56,6.015,6.015,6.015,6.015,305.0
2025-08-07T15:21:03,6.015,6.015,6.015,6.015,310.0
2025-08-07T15:21:09,6.015,6.015,6.015,6.015,250.0
2025-08-07T15:21:16,6.015,6.015,6.015,6.015,1776.0
2025-08-07T15:22:06,6.0168,6.0168,6.0168,6.0168,429.0
2025-08-07T15:22:11,6.015,6.015,6.015,6.015,300.0
2025-08-07T15:22:25,6.02,6.02,6.02,6.02,5843.0
2025-08-07T15:22:26,6.025,6.025,6.025,6.025,200.0
2025-08-07T15:22:32,6.03,6.03,6.03,6.03,847.0
2025-08-07T15:22:37,6.035,6.04,6.035,6.04,244.0
2025-08-07T15:22:42,6.035,6.035,6.035,6.035,200.0
2025-08-07T15:22:54,6.0388,6.0388,6.0388,6.0388,388.0
2025-08-07T15:23:22,6.035,6.035,6.035,6.035,134.0
2025-08-07T15:23:32,6.04,6.04,6.04,6.04,218.0
2025-08-07T15:23:38,6.0397,6.0397,6.0397,6.0397,199.0
2025-08-07T15:24:06,6.035,6.035,6.035,6.035,504.0
2025-08-07T15:24:07,6.035,6.035,6.035,6.035,243.0
2025-08-07T15:24:08,6.04,6.04,6.04,6.04,1169.0
2025-08-07T15:24:09,6.045,6.045,6.045,6.045,516.0
2025-08-07T15:24:13,6.05,6.06,6.05,6.06,2043.0
2025-08-07T15:24:16,6.05,6.05,6.05,6.05,700.0
2025-08-07T15:24:31,6.065,6.065,6.065,6.065,407.0
2025-08-07T15:24:32,6.07,6.07,6.07,6.07,233.0
2025-08-07T15:24:37,6.065,6.065,6.065,6.065,100.0
2025-08-07T15:24:56,6.065,6.065,6.065,6.065,170.0
2025-08-07T15:24:58,6.065,6.065,6.065,6.065,100.0
2025-08-07T15:25:03,6.07,6.07,6.07,6.07,123.0
2025-08-07T15:25:05,6.065,6.065,6.06,6.06,5555.0
2025-08-07T15:25:07,6.055,6.055,6.055,6.055,228.0
2025-08-07T15:25:08,6.055,6.055,6.045,6.05,4148.0
2025-08-07T15:25:28,6.045,6.045,6.045,6.045,1293.0
2025-08-07T15:25:33,6.045,6.045,6.045,6.045,628.0
2025-08-07T15:25:36,6.045,6.045,6.045,6.045,700.0
2025-08-07T15:25:39,6.04,6.04,6.04,6.04,324.0
2025-08-07T15:25:43,6.04,6.045,6.04,6.045,222.0
2025-08-07T15:25:55,6.04,6.04,6.04,6.04,253.0
2025-08-07T15:26:08,6.05,6.05,6.05,6.05,110.0
2025-08-07T15:26:32,6.04,6.04,6.04,6.04,2029.0
2025-08-07T15:26:33,6.04,6.04,6.04,6.04,414.0
2025-08-07T15:26:53,6.035,6.035,6.035,6.035,400.0
2025-08-07T15:27:11,6.04,6.04,6.04,6.04,107.0
2025-08-07T15:27:12,6.03,6.03,6.03,6.03,243.0
2025-08-07T15:27:37,6.035,6.035,6.03,6.03,1521.0
2025-08-07T15:27:44,6.035,6.035,6.035,6.035,400.0
2025-08-07T15:28:19,6.035,6.035,6.03,6.035,2792.0
2025-08-07T15:28:27,6.035,6.035,6.035,6.035,321.0
2025-08-07T15:28:54,6.0325,6.0325,6.0325,6.0325,300.0
2025-08-07T15:28:57,6.035,6.035,6.035,6.035,100.0
2025-08-07T15:29:00,6.035,6.035,6.035,6.035,100.0
2025-08-07T15:29:10,6.04,6.045,6.04,6.045,4826.0
2025-08-07T15:29:11,6.0412,6.0412,6.0412,6.0412,509.0
2025-08-07T15:29:13,6.04,6.045,6.04,6.045,477.0
2025-08-07T15:29:15,6.045,6.045,6.045,6.045,286.0
2025-08-07T15:29:24,6.04,6.04,6.04,6.04,300.0
2025-08-07T15:29:34,6.045,6.045,6.045,6.045,851.0
2025-08-07T15:29:48,6.045,6.045,6.045,6.045,100.0
2025-08-07T15:29:59,6.045,6.045,6.045,6.045,360.0
2025-08-07T15:30:09,6.045,6.045,6.045,6.045,151.0
2025-08-07T15:30:24,6.045,6.045,6.045,6.045,501.0
2025-08-07T15:30:41,6.045,6.045,6.045,6.045,142.0
2025-08-07T15:30:47,6.05,6.05,6.05,6.05,331.0
2025-08-07T15:30:55,6.05,6.065,6.05,6.065,5305.0
2025-08-07T15:30:59,6.065,6.065,6.06,6.065,499.0
2025-08-07T15:31:01,6.069,6.069,6.065,6.065,460.0
2025-08-07T15:31:06,6.065,6.065,6.065,6.065,215.0
2025-08-07T15:31:09,6.065,6.065,6.065,6.065,263.0
2025-08-07T15:31:28,6.0646,6.0646,6.0646,6.0646,1916.0
2025-08-07T15:31:38,6.065,6.0653,6.065,6.0653,2550.0
2025-08-07T15:31:56,6.07,6.07,6.07,6.07,215.0
2025-08-07T15:31:59,6.07,6.07,6.06,6.06,10746.0
2025-08-07T15:32:00,6.05,6.06,6.05,6.06,262.0
2025-08-07T15:32:17,6.055,6.055,6.055,6.055,900.0
2025-08-07T15:32:30,6.059,6.059,6.059,6.059,120.0
2025-08-07T15:32:34,6.06,6.065,6.06,6.065,2334.0
2025-08-07T15:32:41,6.07,6.07,6.07,6.07,281.0
2025-08-07T15:33:06,6.06,6.06,6.06,6.06,335.0
2025-08-07T15:33:21,6.065,6.065,6.065,6.065,310.0
2025-08-07T15:33:23,6.065,6.07,6.065,6.07,600.0
2025-08-07T15:33:26,6.07,6.07,6.065,6.065,411.0
2025-08-07T15:33:39,6.07,6.07,6.07,6.07,2862.0
2025-08-07T15:34:09,6.07,6.07,6.07,6.07,120.0
2025-08-07T15:34:19,6.07,6.07,6.07,6.07,258.0
2025-08-07T15:34:26,6.065,6.0651,6.065,6.0651,6476.0
2025-08-07T15:34:33,6.065,6.065,6.065,6.065,791.0
2025-08-07T15:34:38,6.07,6.07,6.07,6.07,121.0
2025-08-07T15:35:00,6.07,6.07,6.07,6.07,222.0
2025-08-07T15:35:12,6.065,6.065,6.065,6.065,283.0
2025-08-07T15:35:33,6.07,6.07,6.07,6.07,111.0
2025-08-07T15:35:40,6.07,6.07,6.07,6.07,247.0
2025-08-07T15:35:55,6.07,6.07,6.07,6.07,193.0
2025-08-07T15:36:05,6.069,6.07,6.069,6.07,300.0
2025-08-07T15:36:18,6.07,6.07,6.07,6.07,260.0
2025-08-07T15:36:21,6.07,6.08,6.07,6.075,21106.0
2025-08-07T15:36:35,6.08,6.08,6.08,6.08,729.0
2025-08-07T15:36:43,6.075,6.075,6.075,6.075,120.0
2025-08-07T15:36:50,6.08,6.11,6.08,6.11,22567.0
2025-08-07T15:36:51,6.105,6.105,6.105,6.105,732.0
2025-08-07T15:36:52,6.105,6.105,6.105,6.105,245.0
2025-08-07T15:36:58,6.1,6.1,6.1,6.1,100.0
2025-08-07T15:36:59,6.109,6.109,6.109,6.109,100.0
2025-08-07T15:37:02,6.105,6.105,6.105,6.105,100.0
2025-08-07T15:37:26,6.11,6.11,6.11,6.11,233.0
2025-08-07T15:37:35,6.11,6.11,6.11,6.11,147.0
2025-08-07T15:37:36,6.11,6.11,6.11,6.11,100.0
2025-08-07T15:37:38,6.105,6.105,6.105,6.105,101.0
2025-08-07T15:37:40,6.11,6.115,6.11,6.11,6035.0
2025-08-07T15:37:57,6.105,6.105,6.105,6.105,623.0
2025-08-07T15:38:03,6.105,6.105,6.105,6.105,223.0
2025-08-07T15:38:06,6.105,6.105,6.105,6.105,738.0
2025-08-07T15:38:07,6.105,6.105,6.105,6.105,350.0
2025-08-07T15:38:11,6.105,6.105,6.1,6.1,7618.0
2025-08-07T15:38:13,6.095,6.095,6.085,6.085,6137.0
2025-08-07T15:38:23,6.08,6.08,6.08,6.08,1504.0
2025-08-07T15:38:24,6.0899,6.0899,6.0899,6.0899,600.0
2025-08-07T15:38:34,6.075,6.075,6.075,6.075,347.0
2025-08-07T15:38:47,6.075,6.075,6.075,6.075,300.0
2025-08-07T15:38:54,6.075,6.075,6.075,6.075,184.0
2025-08-07T15:39:01,6.075,6.075,6.075,6.075,730.0
2025-08-07T15:39:03,6.075,6.075,6.07,6.07,400.0
2025-08-07T15:39:05,6.075,6.08,6.075,6.0797,6539.0
2025-08-07T15:39:06,6.08,6.08,6.08,6.08,732.0
2025-08-07T15:39:11,6.075,6.075,6.075,6.075,1000.0
2025-08-07T15:39:12,6.07,6.07,6.07,6.07,1338.0
2025-08-07T15:39:14,6.065,6.065,6.065,6.065,200.0
2025-08-07T15:39:48,6.065,6.065,6.065,6.065,232.0
2025-08-07T15:39:52,6.07,6.075,6.07,6.075,2802.0
2025-08-07T15:39:54,6.08,6.08,6.08,6.08,1695.0
2025-08-07T15:39:55,6.075,6.075,6.075,6.075,200.0
2025-08-07T15:40:08,6.08,6.08,6.08,6.08,3353.0
2025-08-07T15:40:12,6.085,6.085,6.085,6.085,100.0
2025-08-07T15:40:34,6.085,6.085,6.085,6.085,1804.0
2025-08-07T15:40:55,6.085,6.085,6.085,6.085,297.0
2025-08-07T15:40:56,6.085,6.085,6.085,6.085,100.0
2025-08-07T15:41:05,6.085,6.085,6.085,6.085,121.0
2025-08-07T15:41:12,6.085,6.085,6.065,6.065,7173.0
2025-08-07T15:41:13,6.065,6.065,6.055,6.055,2657.0
2025-08-07T15:41:14,6.055,6.055,6.055,6.055,160.0
2025-08-07T15:41:15,6.055,6.055,6.055,6.055,1000.0
2025-08-07T15:41:32,6.06,6.065,6.06,6.065,3554.0
2025-08-07T15:41:34,6.06,6.06,6.045,6.045,7359.0
2025-08-07T15:41:40,6.05,6.065,6.05,6.065,3349.0
2025-08-07T15:41:44,6.065,6.065,6.065,6.065,180.0
2025-08-07T15:41:57,6.065,6.065,6.065,6.065,132.0
2025-08-07T15:42:04,6.0601,6.0601,6.055,6.055,1880.0
2025-08-07T15:42:56,6.06,6.06,6.06,6.06,771.0
2025-08-07T15:43:18,6.0551,6.0551,6.0551,6.0551,300.0
2025-08-07T15:43:22,6.055,6.055,6.055,6.055,400.0
2025-08-07T15:44:03,6.0588,6.0588,6.0588,6.0588,824.0
2025-08-07T15:44:16,6.06,6.06,6.06,6.06,241.0
2025-08-07T15:44:29,6.055,6.055,6.055,6.055,372.0
2025-08-07T15:44:46,6.055,6.055,6.055,6.055,196.0
2025-08-07T15:44:57,6.06,6.06,6.06,6.06,327.0
2025-08-07T15:45:22,6.06,6.075,6.06,6.075,9259.0
2025-08-07T15:45:23,6.075,6.075,6.065,6.07,4739.0
2025-08-07T15:45:25,6.075,6.075,6.07,6.07,1141.0
2025-08-07T15:45:29,6.07,6.07,6.07,6.07,300.0
2025-08-07T15:45:30,6.07,6.07,6.07,6.07,200.0
2025-08-07T15:45:40,6.07,6.07,6.065,6.065,1011.0
2025-08-07T15:45:50,6.07,6.07,6.065,6.065,1131.0
2025-08-07T15:45:55,6.07,6.07,6.07,6.07,700.0
2025-08-07T15:46:13,6.07,6.07,6.07,6.07,147.0
2025-08-07T15:46:39,6.07,6.07,6.07,6.07,844.0
2025-08-07T15:46:54,6.065,6.065,6.065,6.065,360.0
2025-08-07T15:46:56,6.065,6.065,6.065,6.065,421.0
2025-08-07T15:46:57,6.065,6.065,6.065,6.065,180.0
2025-08-07T15:47:00,6.065,6.065,6.065,6.065,100.0
2025-08-07T15:47:08,6.065,6.065,6.065,6.065,517.0
2025-08-07T15:47:09,6.065,6.065,6.065,6.065,492.0
2025-08-07T15:47:15,6.065,6.065,6.065,6.065,100.0
2025-08-07T15:47:19,6.07,6.07,6.065,6.065,1681.0
2025-08-07T15:47:20,6.065,6.065,6.065,6.065,1838.0
2025-08-07T15:47:21,6.065,6.065,6.065,6.065,1917.0
2025-08-07T15:47:22,6.065,6.065,6.065,6.065,100.0
2025-08-07T15:47:24,6.065,6.065,6.065,6.065,116.0
2025-08-07T15:47:25,6.065,6.065,6.065,6.065,118.0
2025-08-07T15:47:29,6.065,6.065,6.065,6.065,390.0
2025-08-07T15:47:30,6.065,6.065,6.065,6.065,779.0
2025-08-07T15:47:39,6.065,6.065,6.065,6.065,220.0
2025-08-07T15:47:40,6.06,6.06,6.055,6.055,9952.0
2025-08-07T15:47:51,6.06,6.065,6.06,6.065,6167.0
2025-08-07T15:48:10,6.065,6.065,6.065,6.065,200.0
2025-08-07T15:48:25,6.065,6.065,6.065,6.065,190.0
2025-08-07T15:48:26,6.061,6.061,6.061,6.061,334.0
2025-08-07T15:48:29,6.065,6.065,6.065,6.065,405.0
2025-08-07T15:48:35,6.065,6.065,6.065,6.065,672.0
2025-08-07T15:48:36,6.065,6.065,6.065,6.065,1500.0
2025-08-07T15:48:37,6.065,6.065,6.065,6.065,100.0
2025-08-07T15:48:40,6.065,6.065,6.065,6.065,780.0
2025-08-07T15:48:43,6.065,6.065,6.065,6.065,190.0
2025-08-07T15:48:44,6.06,6.065,6.06,6.06,447.0
2025-08-07T15:48:46,6.065,6.065,6.065,6.065,109.0
2025-08-07T15:48:52,6.065,6.065,6.065,6.065,355.0
2025-08-07T15:48:53,6.065,6.065,6.065,6.065,532.0
2025-08-07T15:48:55,6.065,6.065,6.065,6.065,751.0
2025-08-07T15:48:58,6.065,6.065,6.065,6.065,298.0
2025-08-07T15:48:59,6.065,6.065,6.065,6.065,205.0
2025-08-07T15:49:05,6.065,6.065,6.065,6.065,102.0
2025-08-07T15:49:07,6.065,6.065,6.065,6.065,614.0
2025-08-07T15:49:09,6.065,6.065,6.065,6.065,109.0
2025-08-07T15:49:10,6.065,6.065,6.065,6.065,551.0
2025-08-07T15:49:11,6.06,6.065,6.06,6.06,400.0
2025-08-07T15:49:13,6.065,6.065,6.065,6.065,761.0
2025-08-07T15:49:14,6.065,6.065,6.065,6.065,100.0
2025-08-07T15:49:22,6.065,6.065,6.065,6.065,190.0
2025-08-07T15:49:25,6.065,6.065,6.065,6.065,328.0
2025-08-07T15:49:29,6.065,6.065,6.065,6.065,217.0
2025-08-07T15:49:30,6.065,6.065,6.065,6.065,1050.0
2025-08-07T15:49:34,6.065,6.065,6.065,6.065,100.0
2025-08-07T15:49:40,6.065,6.065,6.065,6.065,580.0
2025-08-07T15:49:41,6.065,6.065,6.065,6.065,380.0
2025-08-07T15:49:44,6.065,6.065,6.065,6.065,205.0
2025-08-07T15:49:47,6.065,6.065,6.065,6.065,102.0
2025-08-07T15:49:50,6.065,6.065,6.065,6.065,107.0
2025-08-07T15:49:56,6.07,6.07,6.07,6.07,101.0
2025-08-07T15:50:00,6.07,6.075,6.07,6.075,5690.0
2025-08-07T15:50:01,6.075,6.075,6.07,6.07,776.0
2025-08-07T15:50:02,6.075,6.075,6.075,6.075,400.0
2025-08-07T15:50:03,6.075,6.075,6.075,6.075,200.0
2025-08-07T15:50:06,6.075,6.075,6.075,6.075,1883.0
2025-08-07T15:50:07,6.075,6.075,6.075,6.075,284.0
2025-08-07T15:50:08,6.075,6.075,6.075,6.075,201.0
2025-08-07T15:50:09,6.075,6.075,6.075,6.075,358.0
2025-08-07T15:50:10,6.075,6.075,6.07,6.07,4515.0
2025-08-07T15:50:11,6.0601,6.0601,6.0601,6.0601,595.0
2025-08-07T15:50:30,6.07,6.07,6.07,6.07,407.0
2025-08-07T15:50:45,6.065,6.065,6.065,6.065,174.0
2025-08-07T15:50:47,6.07,6.07,6.07,6.07,382.0
2025-08-07T15:50:54,6.07,6.07,6.07,6.07,1068.0
2025-08-07T15:50:59,6.068,6.068,6.068,6.068,100.0
2025-08-07T15:51:05,6.065,6.065,6.065,6.065,113.0
2025-08-07T15:51:09,6.07,6.095,6.07,6.09,9643.0
2025-08-07T15:51:10,6.085,6.085,6.085,6.085,546.0
2025-08-07T15:51:15,6.085,6.085,6.085,6.085,383.0
2025-08-07T15:51:17,6.085,6.085,6.085,6.085,852.0
2025-08-07T15:51:20,6.085,6.085,6.085,6.085,100.0
2025-08-07T15:51:26,6.085,6.085,6.085,6.085,100.0
2025-08-07T15:51:27,6.085,6.085,6.085,6.085,100.0
2025-08-07T15:51:36,6.085,6.085,6.085,6.085,1180.0
2025-08-07T15:51:37,6.085,6.085,6.085,6.085,2403.0
2025-08-07T15:51:38,6.08,6.08,6.06,6.06,7767.0
2025-08-07T15:51:43,6.065,6.065,6.065,6.065,409.0
2025-08-07T15:51:58,6.065,6.065,6.065,6.065,607.0
2025-08-07T15:52:00,6.065,6.065,6.065,6.065,196.0
2025-08-07T15:52:09,6.0645,6.0645,6.0645,6.0645,1500.0
2025-08-07T15:52:10,6.065,6.065,6.065,6.065,1538.0
2025-08-07T15:52:13,6.065,6.065,6.065,6.065,807.0
2025-08-07T15:52:16,6.065,6.07,6.065,6.07,480.0
2025-08-07T15:52:18,6.07,6.07,6.07,6.07,198.0
2025-08-07T15:52:39,6.065,6.065,6.065,6.065,167.0
2025-08-07T15:52:43,6.07,6.07,6.07,6.07,412.0
2025-08-07T15:52:54,6.065,6.065,6.065,6.065,359.0
2025-08-07T15:52:56,6.065,6.065,6.065,6.065,500.0
2025-08-07T15:53:01,6.065,6.065,6.065,6.065,100.0
2025-08-07T15:53:04,6.07,6.07,6.07,6.07,311.0
2025-08-07T15:53:07,6.065,6.065,6.065,6.065,205.0
2025-08-07T15:53:12,6.065,6.065,6.065,6.065,100.0
2025-08-07T15:53:14,6.0645,6.065,6.0645,6.065,1963.0
2025-08-07T15:53:15,6.065,6.07,6.061,6.065,600.0
2025-08-07T15:53:18,6.06,6.06,6.06,6.06,14577.0
2025-08-07T15:53:19,6.06,6.06,6.06,6.06,3243.0
2025-08-07T15:53:22,6.065,6.065,6.065,6.065,500.0
2025-08-07T15:53:23,6.065,6.065,6.065,6.065,652.0
2025-08-07T15:53:25,6.065,6.065,6.065,6.065,345.0
2025-08-07T15:53:29,6.0612,6.0612,6.0612,6.0612,151.0
2025-08-07T15:53:32,6.065,6.065,6.06,6.06,5625.0
2025-08-07T15:53:34,6.055,6.055,6.055,6.055,269.0
2025-08-07T15:53:36,6.055,6.055,6.055,6.055,194.0
2025-08-07T15:53:37,6.055,6.055,6.055,6.055,1668.0
2025-08-07T15:53:45,6.05,6.05,6.05,6.05,120.0
2025-08-07T15:53:46,6.05,6.05,6.045,6.05,7251.0
2025-08-07T15:53:47,6.055,6.06,6.055,6.055,1480.0
2025-08-07T15:53:50,6.06,6.06,6.06,6.06,4248.0
2025-08-07T15:53:55,6.055,6.055,6.055,6.055,814.0
2025-08-07T15:54:00,6.06,6.06,6.06,6.06,239.0
2025-08-07T15:54:01,6.055,6.055,6.055,6.055,110.0
2025-08-07T15:54:08,6.06,6.06,6.06,6.06,100.0
2025-08-07T15:54:16,6.06,6.065,6.06,6.065,3544.0
2025-08-07T15:54:19,6.065,6.065,6.065,6.065,411.0
2025-08-07T15:54:20,6.065,6.065,6.065,6.065,741.0
2025-08-07T15:54:22,6.065,6.065,6.065,6.065,116.0
2025-08-07T15:54:24,6.065,6.065,6.065,6.065,101.0
2025-08-07T15:54:26,6.065,6.065,6.065,6.065,100.0
2025-08-07T15:54:28,6.065,6.065,6.065,6.065,500.0
2025-08-07T15:54:29,6.065,6.065,6.065,6.065,100.0
2025-08-07T15:54:40,6.07,6.07,6.07,6.07,2500.0
2025-08-07T15:54:41,6.065,6.065,6.065,6.065,207.0
2025-08-07T15:54:43,6.065,6.065,6.065,6.065,200.0
2025-08-07T15:54:46,6.065,6.065,6.055,6.055,10400.0
2025-08-07T15:54:47,6.055,6.055,6.055,6.055,300.0
2025-08-07T15:54:48,6.055,6.055,6.055,6.055,1638.0
2025-08-07T15:54:49,6.055,6.055,6.055,6.055,372.0
2025-08-07T15:54:51,6.055,6.055,6.055,6.055,629.0
2025-08-07T15:54:53,6.055,6.055,6.055,6.055,209.0
2025-08-07T15:55:01,6.055,6.055,6.055,6.055,227.0
2025-08-07T15:55:02,6.055,6.055,6.055,6.055,361.0
2025-08-07T15:55:08,6.06,6.06,6.06,6.06,312.0
2025-08-07T15:55:12,6.055,6.055,6.055,6.055,156.0
2025-08-07T15:55:16,6.055,6.055,6.055,6.055,196.0
2025-08-07T15:55:19,6.055,6.06,6.055,6.055,2129.0
2025-08-07T15:55:20,6.055,6.055,6.055,6.055,290.0
2025-08-07T15:55:22,6.055,6.055,6.055,6.055,380.0
2025-08-07T15:55:26,6.06,6.06,6.06,6.06,500.0
2025-08-07T15:55:30,6.0589,6.0589,6.0589,6.0589,230.0
2025-08-07T15:55:34,6.055,6.055,6.055,6.055,1059.0
2025-08-07T15:55:36,6.055,6.055,6.055,6.055,384.0
2025-08-07T15:55:39,6.055,6.055,6.055,6.055,130.0
2025-08-07T15:55:49,6.055,6.055,6.055,6.055,548.0
2025-08-07T15:55:50,6.055,6.055,6.055,6.055,1608.0
2025-08-07T15:55:54,6.055,6.055,6.055,6.055,275.0
2025-08-07T15:55:57,6.055,6.055,6.055,6.055,100.0
2025-08-07T15:55:59,6.055,6.055,6.055,6.055,100.0
2025-08-07T15:56:01,6.055,6.055,6.055,6.055,412.0
2025-08-07T15:56:02,6.055,6.055,6.055,6.055,898.0
2025-08-07T15:56:03,6.055,6.055,6.05,6.055,2978.0
2025-08-07T15:56:04,6.055,6.06,6.055,6.06,366.0
2025-08-07T15:56:06,6.055,6.055,6.055,6.055,100.0
2025-08-07T15:56:09,6.055,6.0551,6.055,6.055,1900.0
2025-08-07T15:56:18,6.055,6.06,6.055,6.06,572.0
2025-08-07T15:56:20,6.06,6.06,6.06,6.06,362.0
2025-08-07T15:56:24,6.055,6.055,6.055,6.055,100.0
2025-08-07T15:56:26,6.0511,6.0511,6.0511,6.0511,330.0
2025-08-07T15:56:30,6.055,6.055,6.055,6.055,760.0
2025-08-07T15:56:32,6.055,6.055,6.05,6.05,418.0
2025-08-07T15:56:33,6.06,6.06,6.06,6.06,601.0
2025-08-07T15:56:37,6.06,6.06,6.06,6.06,157.0
2025-08-07T15:56:38,6.055,6.055,6.0502,6.0502,360.0
2025-08-07T15:56:45,6.055,6.055,6.055,6.055,212.0
2025-08-07T15:56:46,6.055,6.055,6.055,6.055,136.0
2025-08-07T15:56:47,6.06,6.06,6.06,6.06,372.0
2025-08-07T15:56:48,6.05,6.0525,6.05,6.0525,425.0
2025-08-07T15:56:50,6.055,6.055,6.055,6.055,111.0
2025-08-07T15:56:51,6.055,6.055,6.055,6.055,100.0
2025-08-07T15:56:53,6.055,6.055,6.055,6.055,303.0
2025-08-07T15:56:54,6.06,6.06,6.06,6.06,565.0
2025-08-07T15:56:57,6.06,6.06,6.06,6.06,100.0
2025-08-07T15:56:58,6.06,6.06,6.06,6.06,121.0
2025-08-07T15:56:59,6.06,6.06,6.06,6.06,218.0
2025-08-07T15:57:01,6.06,6.06,6.06,6.06,300.0
2025-08-07T15:57:03,6.06,6.06,6.06,6.06,582.0
2025-08-07T15:57:04,6.055,6.055,6.055,6.055,981.0
2025-08-07T15:57:07,6.06,6.06,6.055,6.055,603.0
2025-08-07T15:57:11,6.055,6.06,6.055,6.06,208.0
2025-08-07T15:57:12,6.06,6.065,6.06,6.065,44504.0
2025-08-07T15:57:13,6.065,6.065,6.065,6.065,1437.0
2025-08-07T15:57:14,6.065,6.065,6.055,6.055,11840.0
2025-08-07T15:57:15,6.055,6.055,6.055,6.055,981.0
2025-08-07T15:57:16,6.055,6.055,6.055,6.055,2588.0
2025-08-07T15:57:18,6.055,6.055,6.05,6.055,415.0
2025-08-07T15:57:20,6.055,6.055,6.055,6.055,131.0
2025-08-07T15:57:22,6.055,6.06,6.055,6.06,1419.0
2025-08-07T15:57:29,6.06,6.06,6.06,6.06,5225.0
2025-08-07T15:57:30,6.06,6.065,6.06,6.065,1732.0
2025-08-07T15:57:31,6.065,6.065,6.065,6.065,600.0
2025-08-07T15:57:32,6.065,6.065,6.065,6.065,100.0
2025-08-07T15:57:33,6.065,6.065,6.065,6.065,400.0
2025-08-07T15:57:35,6.065,6.07,6.065,6.07,300.0
2025-08-07T15:57:36,6.065,6.065,6.065,6.065,219.0
2025-08-07T15:57:37,6.065,6.0651,6.065,6.065,1043.0
2025-08-07T15:57:38,6.07,6.07,6.065,6.065,2014.0
2025-08-07T15:57:39,6.065,6.065,6.0645,6.0645,651.0
2025-08-07T15:57:40,6.065,6.065,6.065,6.065,105.0
2025-08-07T15:57:41,6.065,6.065,6.065,6.065,500.0
2025-08-07T15:57:42,6.065,6.065,6.065,6.065,466.0
2025-08-07T15:57:44,6.065,6.07,6.065,6.065,916.0
2025-08-07T15:57:45,6.07,6.07,6.07,6.07,100.0
2025-08-07T15:57:49,6.07,6.07,6.07,6.07,414.0
2025-08-07T15:57:52,6.065,6.065,6.065,6.065,100.0
2025-08-07T15:57:54,6.07,6.07,6.07,6.07,906.0
2025-08-07T15:57:56,6.07,6.07,6.07,6.07,403.0
2025-08-07T15:57:57,6.06,6.06,6.06,6.06,583.0
2025-08-07T15:57:58,6.065,6.065,6.065,6.065,711.0
2025-08-07T15:58:04,6.07,6.07,6.0646,6.0646,1254.0
2025-08-07T15:58:05,6.07,6.07,6.07,6.07,102.0
2025-08-07T15:58:06,6.065,6.07,6.045,6.045,73205.0
2025-08-07T15:58:07,6.045,6.055,6.045,6.055,2073.0
2025-08-07T15:58:17,6.06,6.06,6.055,6.055,1945.0
2025-08-07T15:58:19,6.055,6.055,6.055,6.055,166.0
2025-08-07T15:58:22,6.055,6.055,6.055,6.055,384.0
2025-08-07T15:58:24,6.055,6.055,6.055,6.055,100.0
2025-08-07T15:58:25,6.055,6.055,6.055,6.055,248.0
2025-08-07T15:58:26,6.055,6.055,6.055,6.055,133.0
2025-08-07T15:58:27,6.055,6.055,6.055,6.055,850.0
2025-08-07T15:58:29,6.055,6.06,6.055,6.06,851.0
2025-08-07T15:58:30,6.055,6.055,6.055,6.055,1687.0
2025-08-07T15:58:31,6.055,6.06,6.055,6.06,2540.0
2025-08-07T15:58:32,6.06,6.06,6.06,6.06,1226.0
2025-08-07T15:58:35,6.06,6.06,6.06,6.06,320.0
2025-08-07T15:58:37,6.06,6.06,6.06,6.06,386.0
2025-08-07T15:58:38,6.055,6.055,6.055,6.055,802.0
2025-08-07T15:58:39,6.058,6.06,6.058,6.06,216.0
2025-08-07T15:58:43,6.06,6.06,6.06,6.06,212.0
2025-08-07T15:58:44,6.06,6.06,6.06,6.06,809.0
2025-08-07T15:58:46,6.06,6.06,6.06,6.06,450.0
2025-08-07T15:58:48,6.06,6.06,6.06,6.06,223.0
2025-08-07T15:58:49,6.06,6.06,6.06,6.06,304.0
2025-08-07T15:58:52,6.055,6.055,6.055,6.055,202.0
2025-08-07T15:58:53,6.06,6.07,6.06,6.07,13227.0
2025-08-07T15:58:54,6.07,6.07,6.065,6.07,5017.0
2025-08-07T15:58:57,6.07,6.09,6.07,6.09,15144.0
2025-08-07T15:58:58,6.09,6.095,6.09,6.095,2164.0
2025-08-07T15:58:59,6.09,6.095,6.09,6.095,924.0
2025-08-07T15:59:00,6.095,6.095,6.095,6.095,100.0
2025-08-07T15:59:02,6.1,6.1,6.1,6.1,460.0
2025-08-07T15:59:03,6.1,6.1,6.1,6.1,406.0
2025-08-07T15:59:04,6.1,6.1,6.1,6.1,610.0
2025-08-07T15:59:05,6.1,6.1,6.1,6.1,1491.0
2025-08-07T15:59:06,6.1,6.1,6.1,6.1,2443.0
2025-08-07T15:59:07,6.095,6.1,6.095,6.1,917.0
2025-08-07T15:59:08,6.1,6.1,6.1,6.1,201.0
2025-08-07T15:59:09,6.1,6.1,6.095,6.1,1502.0
2025-08-07T15:59:10,6.095,6.095,6.095,6.095,805.0
2025-08-07T15:59:11,6.1,6.1,6.1,6.1,512.0
2025-08-07T15:59:12,6.1,6.1,6.1,6.1,416.0
2025-08-07T15:59:13,6.1,6.1,6.1,6.1,525.0
2025-08-07T15:59:14,6.1,6.1,6.1,6.1,411.0
2025-08-07T15:59:15,6.1,6.1,6.1,6.1,304.0
2025-08-07T15:59:16,6.1,6.1,6.1,6.1,243.0
2025-08-07T15:59:17,6.1,6.1,6.1,6.1,1695.0
2025-08-07T15:59:18,6.1,6.1,6.1,6.1,602.0
2025-08-07T15:59:21,6.1,6.1,6.1,6.1,1274.0
2025-08-07T15:59:22,6.1,6.1,6.1,6.1,1571.0
2025-08-07T15:59:23,6.1,6.1,6.1,6.1,500.0
2025-08-07T15:59:24,6.1,6.1,6.1,6.1,526.0
2025-08-07T15:59:25,6.1,6.1,6.1,6.1,703.0
2025-08-07T15:59:27,6.1,6.1,6.095,6.095,1340.0
2025-08-07T15:59:28,6.095,6.1,6.095,6.1,501.0
2025-08-07T15:59:29,6.095,6.095,6.095,6.095,803.0
2025-08-07T15:59:30,6.1,6.1,6.1,6.1,930.0
2025-08-07T15:59:31,6.1,6.1,6.1,6.1,907.0
2025-08-07T15:59:32,6.1,6.1,6.1,6.1,215.0
2025-08-07T15:59:33,6.1,6.105,6.1,6.105,3700.0
2025-08-07T15:59:34,6.105,6.105,6.105,6.105,777.0
2025-08-07T15:59:35,6.105,6.11,6.105,6.105,1121.0
2025-08-07T15:59:36,6.105,6.105,6.1,6.105,1342.0
2025-08-07T15:59:37,6.105,6.105,6.105,6.105,218.0
2025-08-07T15:59:38,6.105,6.105,6.105,6.105,367.0
2025-08-07T15:59:39,6.105,6.105,6.105,6.105,363.0
2025-08-07T15:59:40,6.105,6.11,6.105,6.105,1472.0
2025-08-07T15:59:41,6.105,6.11,6.105,6.105,2588.0
2025-08-07T15:59:42,6.11,6.11,6.105,6.105,1650.0
2025-08-07T15:59:43,6.105,6.11,6.105,6.11,979.0
2025-08-07T15:59:45,6.105,6.11,6.105,6.105,1567.0
2025-08-07T15:59:46,6.11,6.11,6.105,6.105,2236.0
2025-08-07T15:59:47,6.1,6.105,6.1,6.105,342.0
2025-08-07T15:59:48,6.105,6.11,6.105,6.105,3818.0
2025-08-07T15:59:49,6.105,6.11,6.105,6.105,527.0
2025-08-07T15:59:50,6.11,6.11,6.105,6.105,1379.0
2025-08-07T15:59:51,6.11,6.11,6.105,6.11,3628.0
2025-08-07T15:59:52,6.11,6.11,6.11,6.11,4034.0
2025-08-07T15:59:53,6.11,6.11,6.105,6.11,5291.0
2025-08-07T15:59:54,6.11,6.11,6.11,6.11,4409.0
2025-08-07T15:59:55,6.11,6.11,6.11,6.11,2208.0
2025-08-07T15:59:56,6.105,6.11,6.1,6.11,1537.0
2025-08-07T15:59:57,6.11,6.11,6.105,6.11,1342.0
2025-08-07T15:59:58,6.105,6.105,6.105,6.105,632.0
2025-08-07T15:59:59,6.105,6.11,6.1,6.11,10081.0
2025-08-07T16:00:00,6.1,6.1,6.1,6.1,1691.0
