t,o,h,l,c,v
2025-08-06T09:30:00,8.6,8.61,8.585,8.585,96114.0
2025-08-06T09:30:01,8.62,8.75,8.62,8.75,9734.0
2025-08-06T09:30:02,8.76,8.8,8.73,8.8,1911.0
2025-08-06T09:30:03,8.79,8.79,8.79,8.79,200.0
2025-08-06T09:30:04,8.79,8.79,8.7566,8.785,549.0
2025-08-06T09:30:06,8.8,8.81,8.8,8.81,428.0
2025-08-06T09:30:07,8.8,8.82,8.75,8.8199,14731.0
2025-08-06T09:30:08,8.82,8.82,8.8,8.8084,2996.0
2025-08-06T09:30:09,8.81,8.82,8.71,8.815,22016.0
2025-08-06T09:30:10,8.68,8.7,8.64,8.67,2866.0
2025-08-06T09:30:11,8.7,8.784,8.6999,8.78,2737.0
2025-08-06T09:30:12,8.78,8.82,8.7625,8.82,2688.0
2025-08-06T09:30:13,8.82,8.82,8.7468,8.79,19425.0
2025-08-06T09:30:14,8.81,8.81,8.8094,8.8094,329.0
2025-08-06T09:30:15,8.775,8.8099,8.73,8.74,4514.0
2025-08-06T09:30:16,8.7599,8.7599,8.745,8.745,680.0
2025-08-06T09:30:17,8.78,8.78,8.78,8.78,396.0
2025-08-06T09:30:18,8.79,8.82,8.79,8.81,15965.0
2025-08-06T09:30:19,8.82,8.82,8.79,8.82,9160.0
2025-08-06T09:30:20,8.8,8.8,8.79,8.79,1860.0
2025-08-06T09:30:21,8.78,8.8,8.78,8.8,1291.0
2025-08-06T09:30:22,8.79,8.8,8.7501,8.7501,1434.0
2025-08-06T09:30:23,8.74,8.74,8.74,8.74,462.0
2025-08-06T09:30:24,8.72,8.77,8.71,8.745,4283.0
2025-08-06T09:30:26,8.81,8.88,8.79,8.86,14666.0
2025-08-06T09:30:27,8.87,8.97,8.824,8.93,9730.0
2025-08-06T09:30:28,8.8201,8.9291,8.8201,8.9291,9398.0
2025-08-06T09:30:29,8.9291,8.93,8.885,8.93,1981.0
2025-08-06T09:30:30,8.9299,8.99,8.9299,8.99,16227.0
2025-08-06T09:30:31,9.0,9.05,8.98,9.04,19533.0
2025-08-06T09:30:32,9.06,9.09,9.03,9.06,10386.0
2025-08-06T09:30:33,9.0672,9.09,9.0,9.0163,8156.0
2025-08-06T09:30:34,9.0105,9.03,8.99,8.99,5764.0
2025-08-06T09:30:35,9.01,9.09,9.0,9.0368,10172.0
2025-08-06T09:30:36,9.04,9.0764,9.0011,9.07,6131.0
2025-08-06T09:30:37,9.07,9.16,9.07,9.16,7291.0
2025-08-06T09:30:38,9.1299,9.17,9.0801,9.13,14568.0
2025-08-06T09:30:39,9.1151,9.1499,9.07,9.105,6402.0
2025-08-06T09:30:40,9.11,9.18,9.08,9.12,7029.0
2025-08-06T09:30:41,9.115,9.14,9.03,9.03,12767.0
2025-08-06T09:30:42,9.041,9.065,9.03,9.03,726.0
2025-08-06T09:30:43,9.0635,9.15,9.06,9.06,8841.0
2025-08-06T09:30:44,9.1399,9.1699,9.05,9.1699,7049.0
2025-08-06T09:30:45,9.1142,9.19,9.1142,9.19,5030.0
2025-08-06T09:30:46,9.18,9.18,9.11,9.13,7836.0
2025-08-06T09:30:47,9.11,9.1799,9.11,9.1799,3030.0
2025-08-06T09:30:48,9.15,9.1799,9.11,9.1799,7752.0
2025-08-06T09:30:49,9.1,9.12,9.05,9.0501,6029.0
2025-08-06T09:30:50,9.085,9.0999,9.03,9.03,6658.0
2025-08-06T09:30:51,9.05,9.0997,9.0384,9.0384,2873.0
2025-08-06T09:30:53,9.086,9.1241,9.02,9.05,9194.0
2025-08-06T09:30:54,9.0832,9.0877,9.05,9.05,1937.0
2025-08-06T09:30:55,9.08,9.1,9.08,9.092,1782.0
2025-08-06T09:30:56,9.08,9.18,9.08,9.155,4087.0
2025-08-06T09:30:57,9.1753,9.1799,9.1301,9.1799,2976.0
2025-08-06T09:30:58,9.1352,9.17,9.1,9.15,3270.0
2025-08-06T09:30:59,9.13,9.17,9.1001,9.158,2645.0
2025-08-06T09:31:00,9.1376,9.19,9.125,9.19,3387.0
2025-08-06T09:31:01,9.1633,9.24,9.1633,9.2374,7709.0
2025-08-06T09:31:02,9.215,9.29,9.215,9.29,7846.0
2025-08-06T09:31:03,9.27,9.35,9.25,9.2901,11204.0
2025-08-06T09:31:04,9.29,9.3291,9.24,9.2409,8822.0
2025-08-06T09:31:05,9.3299,9.3299,9.285,9.3233,2908.0
2025-08-06T09:31:06,9.2901,9.35,9.29,9.31,13221.0
2025-08-06T09:31:07,9.2901,9.2901,9.2,9.2514,10418.0
2025-08-06T09:31:08,9.2514,9.26,9.23,9.2495,1865.0
2025-08-06T09:31:09,9.24,9.24,9.19,9.2,3387.0
2025-08-06T09:31:10,9.18,9.18,9.1,9.122,9318.0
2025-08-06T09:31:11,9.118,9.16,9.1004,9.16,2056.0
2025-08-06T09:31:12,9.1301,9.22,9.1301,9.18,4279.0
2025-08-06T09:31:13,9.215,9.215,9.19,9.19,2568.0
2025-08-06T09:31:14,9.19,9.2366,9.17,9.17,10608.0
2025-08-06T09:31:15,9.2075,9.2299,9.13,9.2,4403.0
2025-08-06T09:31:16,9.136,9.1999,9.136,9.16,630.0
2025-08-06T09:31:17,9.13,9.14,9.12,9.12,1574.0
2025-08-06T09:31:18,9.17,9.17,9.13,9.17,6049.0
2025-08-06T09:31:19,9.1401,9.15,9.1201,9.15,3872.0
2025-08-06T09:31:20,9.14,9.174,9.14,9.15,625.0
2025-08-06T09:31:21,9.15,9.15,9.1401,9.15,1037.0
2025-08-06T09:31:22,9.17,9.19,9.17,9.18,3518.0
2025-08-06T09:31:23,9.18,9.18,9.17,9.17,1205.0
2025-08-06T09:31:24,9.1901,9.23,9.1901,9.1931,5776.0
2025-08-06T09:31:25,9.22,9.22,9.22,9.22,342.0
2025-08-06T09:31:26,9.1984,9.25,9.1984,9.22,3051.0
2025-08-06T09:31:27,9.25,9.25,9.25,9.25,427.0
2025-08-06T09:31:28,9.25,9.26,9.25,9.26,2380.0
2025-08-06T09:31:29,9.245,9.245,9.1927,9.1927,5189.0
2025-08-06T09:31:30,9.19,9.2093,9.12,9.14,3165.0
2025-08-06T09:31:31,9.1826,9.1826,9.1207,9.1207,4872.0
2025-08-06T09:31:32,9.18,9.18,9.1202,9.18,1566.0
2025-08-06T09:31:33,9.15,9.22,9.15,9.217,2002.0
2025-08-06T09:31:34,9.1904,9.2494,9.19,9.2494,2762.0
2025-08-06T09:31:35,9.2029,9.2029,9.2029,9.2029,306.0
2025-08-06T09:31:36,9.22,9.2435,9.217,9.2435,635.0
2025-08-06T09:31:37,9.24,9.2558,9.19,9.205,4683.0
2025-08-06T09:31:38,9.24,9.24,9.13,9.1667,4738.0
2025-08-06T09:31:39,9.11,9.1201,9.04,9.06,9343.0
2025-08-06T09:31:40,9.05,9.06,8.88,8.88,18401.0
2025-08-06T09:31:41,8.89,8.96,8.87,8.9538,5872.0
2025-08-06T09:31:42,8.98,9.0,8.9424,9.0,3995.0
2025-08-06T09:31:43,9.0499,9.0881,9.0499,9.0881,509.0
2025-08-06T09:31:44,9.0,9.0899,9.0,9.048,2713.0
2025-08-06T09:31:45,9.0,9.053,8.95,8.95,13060.0
2025-08-06T09:31:46,8.95,8.96,8.94,8.94,2742.0
2025-08-06T09:31:47,8.94,8.98,8.94,8.98,1049.0
2025-08-06T09:31:48,8.9969,8.9969,8.94,8.94,2336.0
2025-08-06T09:31:49,8.9768,8.984,8.81,8.83,14848.0
2025-08-06T09:31:50,8.885,8.905,8.85,8.905,3986.0
2025-08-06T09:31:51,8.9094,8.9486,8.8685,8.9,2962.0
2025-08-06T09:31:52,8.9,8.93,8.86,8.895,1124.0
2025-08-06T09:31:53,8.9,8.9204,8.87,8.9204,1570.0
2025-08-06T09:31:54,8.8919,8.94,8.8919,8.92,7963.0
2025-08-06T09:31:57,8.91,8.91,8.91,8.91,323.0
2025-08-06T09:31:58,8.886,8.886,8.886,8.886,1144.0
2025-08-06T09:31:59,8.9699,8.9699,8.955,8.955,1849.0
2025-08-06T09:32:00,8.945,8.9565,8.94,8.9565,1709.0
2025-08-06T09:32:01,8.94,8.955,8.94,8.955,659.0
2025-08-06T09:32:02,8.94,8.94,8.94,8.94,745.0
2025-08-06T09:32:03,8.9625,8.9625,8.9625,8.9625,592.0
2025-08-06T09:32:04,8.921,8.9699,8.921,8.945,829.0
2025-08-06T09:32:05,8.92,8.92,8.92,8.92,159.0
2025-08-06T09:32:06,8.9,8.92,8.86,8.86,9389.0
2025-08-06T09:32:07,8.85,8.86,8.72,8.72,12682.0
2025-08-06T09:32:08,8.775,8.775,8.7301,8.7705,5891.0
2025-08-06T09:32:09,8.81,8.8899,8.81,8.8899,2366.0
2025-08-06T09:32:10,8.8703,8.8703,8.7401,8.7401,522.0
2025-08-06T09:32:11,8.8,8.81,8.741,8.81,3581.0
2025-08-06T09:32:12,8.8,8.8,8.8,8.8,1133.0
2025-08-06T09:32:13,8.8716,8.8768,8.84,8.8768,3059.0
2025-08-06T09:32:14,8.8103,8.84,8.8,8.8,4899.0
2025-08-06T09:32:15,8.84,8.84,8.8317,8.8399,1060.0
2025-08-06T09:32:16,8.73,8.8399,8.73,8.8399,5312.0
2025-08-06T09:32:18,8.8399,8.8399,8.785,8.785,2144.0
2025-08-06T09:32:19,8.7795,8.7795,8.7795,8.7795,103.0
2025-08-06T09:32:20,8.7301,8.7301,8.67,8.67,4582.0
2025-08-06T09:32:21,8.7015,8.7015,8.6804,8.6843,1073.0
2025-08-06T09:32:22,8.68,8.6999,8.53,8.54,29116.0
2025-08-06T09:32:23,8.565,8.58,8.42,8.43,22268.0
2025-08-06T09:32:24,8.46,8.56,8.454,8.49,3485.0
2025-08-06T09:32:25,8.4312,8.49,8.43,8.485,21500.0
2025-08-06T09:32:26,8.4484,8.53,8.4484,8.485,1491.0
2025-08-06T09:32:27,8.5196,8.5791,8.49,8.5791,4122.0
2025-08-06T09:32:28,8.56,8.5732,8.5414,8.5414,1729.0
2025-08-06T09:32:29,8.555,8.555,8.555,8.555,194.0
2025-08-06T09:32:30,8.5732,8.5732,8.55,8.555,686.0
2025-08-06T09:32:31,8.54,8.54,8.495,8.495,7128.0
2025-08-06T09:32:32,8.51,8.51,8.45,8.45,842.0
2025-08-06T09:32:33,8.54,8.55,8.495,8.54,4529.0
2025-08-06T09:32:34,8.5599,8.59,8.559,8.59,1172.0
2025-08-06T09:32:35,8.5,8.71,8.5,8.6895,8290.0
2025-08-06T09:32:36,8.65,8.65,8.57,8.57,559.0
2025-08-06T09:32:37,8.6545,8.7,8.6545,8.6805,6999.0
2025-08-06T09:32:38,8.675,8.675,8.675,8.675,583.0
2025-08-06T09:32:39,8.675,8.675,8.6303,8.675,1325.0
2025-08-06T09:32:41,8.7,8.7,8.665,8.665,797.0
2025-08-06T09:32:44,8.68,8.87,8.68,8.77,8910.0
2025-08-06T09:32:45,8.75,8.78,8.725,8.725,10019.0
2025-08-06T09:32:46,8.7691,8.7691,8.7691,8.7691,711.0
2025-08-06T09:32:47,8.77,8.8387,8.7122,8.8383,3796.0
2025-08-06T09:32:48,8.77,8.77,8.77,8.77,1775.0
2025-08-06T09:32:49,8.8243,8.8283,8.77,8.79,7388.0
2025-08-06T09:32:50,8.8364,8.8364,8.765,8.8204,1801.0
2025-08-06T09:32:51,8.77,8.77,8.77,8.77,1043.0
2025-08-06T09:32:52,8.83,8.83,8.77,8.77,295.0
2025-08-06T09:32:53,8.79,8.79,8.79,8.79,153.0
2025-08-06T09:32:55,8.82,8.8999,8.82,8.8999,3026.0
2025-08-06T09:32:57,8.8752,8.8999,8.8188,8.8188,1555.0
2025-08-06T09:32:58,8.9,8.9,8.8923,8.8923,2319.0
2025-08-06T09:32:59,8.81,8.81,8.81,8.81,1134.0
2025-08-06T09:33:00,8.8892,8.8892,8.8892,8.8892,795.0
2025-08-06T09:33:01,8.8104,8.85,8.8101,8.8101,759.0
2025-08-06T09:33:02,8.81,8.85,8.81,8.85,454.0
2025-08-06T09:33:03,8.81,8.9,8.75,8.9,9893.0
2025-08-06T09:33:04,8.9,8.9,8.85,8.8999,9746.0
2025-08-06T09:33:05,8.8999,8.8999,8.79,8.79,2730.0
2025-08-06T09:33:06,8.82,8.82,8.768,8.768,1620.0
2025-08-06T09:33:07,8.785,8.82,8.75,8.75,3358.0
2025-08-06T09:33:08,8.81,8.81,8.81,8.81,233.0
2025-08-06T09:33:11,8.8,8.8,8.8,8.8,547.0
2025-08-06T09:33:12,8.8,8.8,8.8,8.8,172.0
2025-08-06T09:33:13,8.81,8.81,8.81,8.81,826.0
2025-08-06T09:33:14,8.8068,8.8499,8.8068,8.8499,2100.0
2025-08-06T09:33:15,8.81,8.87,8.81,8.86,1388.0
2025-08-06T09:33:16,8.85,8.87,8.85,8.8585,1203.0
2025-08-06T09:33:17,8.82,8.82,8.77,8.77,3564.0
2025-08-06T09:33:18,8.7539,8.77,8.7539,8.77,2240.0
2025-08-06T09:33:19,8.7605,8.7605,8.76,8.76,3634.0
2025-08-06T09:33:21,8.76,8.76,8.76,8.76,188.0
2025-08-06T09:33:23,8.763,8.763,8.763,8.763,312.0
2025-08-06T09:33:25,8.79,8.79,8.79,8.79,100.0
2025-08-06T09:33:27,8.76,8.76,8.76,8.76,6073.0
2025-08-06T09:33:28,8.79,8.83,8.79,8.83,2492.0
2025-08-06T09:33:30,8.87,8.87,8.8304,8.8304,2968.0
2025-08-06T09:33:32,8.835,8.835,8.835,8.835,132.0
2025-08-06T09:33:33,8.8007,8.8007,8.8007,8.8007,1050.0
2025-08-06T09:33:34,8.8438,8.895,8.8301,8.8361,9380.0
2025-08-06T09:33:35,8.845,8.845,8.845,8.845,201.0
2025-08-06T09:33:36,8.845,8.845,8.845,8.845,100.0
2025-08-06T09:33:38,8.845,8.8699,8.845,8.8699,1776.0
2025-08-06T09:33:39,8.85,8.87,8.85,8.87,811.0
2025-08-06T09:33:40,8.8797,8.8797,8.85,8.875,3149.0
2025-08-06T09:33:42,8.84,8.8925,8.84,8.88,3392.0
2025-08-06T09:33:43,8.88,8.88,8.8498,8.8498,1742.0
2025-08-06T09:33:45,8.84,8.85,8.7303,8.7303,3852.0
2025-08-06T09:33:46,8.73,8.87,8.62,8.635,31015.0
2025-08-06T09:33:47,8.66,8.787,8.62,8.6716,7661.0
2025-08-06T09:33:48,8.645,8.645,8.645,8.645,1500.0
2025-08-06T09:33:49,8.63,8.63,8.63,8.63,1320.0
2025-08-06T09:33:51,8.6322,8.6322,8.63,8.63,705.0
2025-08-06T09:33:52,8.6495,8.6495,8.6,8.615,1744.0
2025-08-06T09:33:53,8.62,8.6414,8.6025,8.605,2200.0
2025-08-06T09:33:54,8.6,8.6,8.53,8.53,3047.0
2025-08-06T09:33:55,8.58,8.58,8.52,8.55,2700.0
2025-08-06T09:33:56,8.57,8.57,8.57,8.57,2016.0
2025-08-06T09:33:57,8.5988,8.5988,8.53,8.5433,3388.0
2025-08-06T09:33:58,8.6015,8.6015,8.5433,8.57,1601.0
2025-08-06T09:33:59,8.6278,8.6278,8.6278,8.6278,1075.0
2025-08-06T09:34:00,8.55,8.6299,8.55,8.55,5626.0
2025-08-06T09:34:01,8.585,8.585,8.5601,8.5601,1076.0
2025-08-06T09:34:02,8.6099,8.6099,8.56,8.595,4383.0
2025-08-06T09:34:04,8.57,8.57,8.54,8.57,2083.0
2025-08-06T09:34:05,8.57,8.57,8.565,8.565,1638.0
2025-08-06T09:34:06,8.5996,8.5996,8.58,8.59,900.0
2025-08-06T09:34:07,8.5865,8.5865,8.5865,8.5865,1132.0
2025-08-06T09:34:08,8.6,8.68,8.6,8.68,2708.0
2025-08-06T09:34:09,8.72,8.76,8.6885,8.6885,1629.0
2025-08-06T09:34:10,8.706,8.7478,8.706,8.7478,510.0
2025-08-06T09:34:11,8.745,8.745,8.745,8.745,226.0
2025-08-06T09:34:13,8.71,8.75,8.69,8.69,699.0
2025-08-06T09:34:14,8.665,8.7,8.665,8.7,283.0
2025-08-06T09:34:15,8.665,8.665,8.665,8.665,491.0
2025-08-06T09:34:16,8.6933,8.6933,8.65,8.65,317.0
2025-08-06T09:34:17,8.665,8.665,8.665,8.665,112.0
2025-08-06T09:34:18,8.665,8.665,8.665,8.665,200.0
2025-08-06T09:34:20,8.665,8.665,8.665,8.665,136.0
2025-08-06T09:34:21,8.665,8.6683,8.6,8.63,4202.0
2025-08-06T09:34:22,8.57,8.57,8.57,8.57,663.0
2025-08-06T09:34:23,8.59,8.61,8.58,8.58,1257.0
2025-08-06T09:34:24,8.61,8.71,8.61,8.675,3147.0
2025-08-06T09:34:27,8.6281,8.6281,8.6281,8.6281,301.0
2025-08-06T09:34:28,8.64,8.64,8.64,8.64,147.0
2025-08-06T09:34:29,8.63,8.65,8.6,8.6,4372.0
2025-08-06T09:34:30,8.6,8.6,8.59,8.59,289.0
2025-08-06T09:34:31,8.5734,8.5734,8.5734,8.5734,245.0
2025-08-06T09:34:32,8.571,8.58,8.56,8.58,3048.0
2025-08-06T09:34:34,8.5797,8.58,8.5797,8.58,995.0
2025-08-06T09:34:36,8.61,8.62,8.61,8.62,392.0
2025-08-06T09:34:40,8.595,8.595,8.595,8.595,231.0
2025-08-06T09:34:42,8.5769,8.5769,8.5769,8.5769,138.0
2025-08-06T09:34:43,8.595,8.6195,8.595,8.61,1719.0
2025-08-06T09:34:44,8.595,8.595,8.595,8.595,115.0
2025-08-06T09:34:45,8.59,8.59,8.5703,8.5703,1152.0
2025-08-06T09:34:47,8.62,8.71,8.62,8.65,6517.0
2025-08-06T09:34:48,8.65,8.65,8.65,8.65,184.0
2025-08-06T09:34:49,8.62,8.62,8.62,8.62,1072.0
2025-08-06T09:34:50,8.61,8.65,8.61,8.61,3970.0
2025-08-06T09:34:54,8.64,8.64,8.64,8.64,2547.0
2025-08-06T09:34:55,8.645,8.645,8.6401,8.6401,5250.0
2025-08-06T09:34:56,8.63,8.63,8.59,8.59,873.0
2025-08-06T09:34:57,8.6254,8.6254,8.57,8.57,1177.0
2025-08-06T09:34:58,8.59,8.59,8.55,8.56,4701.0
2025-08-06T09:34:59,8.57,8.57,8.57,8.57,389.0
2025-08-06T09:35:00,8.5869,8.5869,8.5869,8.5869,120.0
2025-08-06T09:35:01,8.57,8.57,8.54,8.55,4543.0
2025-08-06T09:35:02,8.56,8.56,8.56,8.56,278.0
2025-08-06T09:35:03,8.57,8.57,8.57,8.57,706.0
2025-08-06T09:35:04,8.59,8.6,8.59,8.6,528.0
2025-08-06T09:35:05,8.62,8.69,8.6,8.6,3516.0
2025-08-06T09:35:06,8.7225,8.7225,8.665,8.665,5000.0
2025-08-06T09:35:07,8.7299,8.7299,8.7299,8.7299,110.0
2025-08-06T09:35:08,8.7082,8.7082,8.6001,8.6001,2500.0
2025-08-06T09:35:09,8.665,8.665,8.665,8.665,325.0
2025-08-06T09:35:10,8.6896,8.6896,8.6896,8.6896,101.0
2025-08-06T09:35:11,8.63,8.63,8.63,8.63,282.0
2025-08-06T09:35:12,8.7103,8.7103,8.7103,8.7103,1010.0
2025-08-06T09:35:13,8.67,8.67,8.651,8.651,1200.0
2025-08-06T09:35:14,8.645,8.645,8.645,8.645,200.0
2025-08-06T09:35:16,8.66,8.66,8.66,8.66,115.0
2025-08-06T09:35:18,8.67,8.67,8.67,8.67,675.0
2025-08-06T09:35:19,8.6666,8.6666,8.6666,8.6666,250.0
2025-08-06T09:35:23,8.7,8.8,8.7,8.7848,6697.0
2025-08-06T09:35:24,8.79,8.79,8.79,8.79,196.0
2025-08-06T09:35:25,8.785,8.785,8.75,8.7805,1847.0
2025-08-06T09:35:26,8.8206,8.8206,8.7502,8.7502,320.0
2025-08-06T09:35:27,8.78,8.785,8.78,8.785,281.0
2025-08-06T09:35:28,8.8291,8.8291,8.79,8.79,2233.0
2025-08-06T09:35:29,8.824,8.824,8.7744,8.7744,948.0
2025-08-06T09:35:30,8.7814,8.8299,8.7814,8.8299,2394.0
2025-08-06T09:35:31,8.8212,8.8212,8.8212,8.8212,338.0
2025-08-06T09:35:32,8.8231,8.8231,8.7507,8.7507,617.0
2025-08-06T09:35:33,8.8274,8.8274,8.79,8.8,1370.0
2025-08-06T09:35:34,8.83,8.87,8.81,8.83,4804.0
2025-08-06T09:35:36,8.8401,8.8572,8.8401,8.8572,6550.0
2025-08-06T09:35:37,8.85,8.85,8.79,8.815,2236.0
2025-08-06T09:35:40,8.815,8.8528,8.815,8.8528,315.0
2025-08-06T09:35:41,8.786,8.786,8.786,8.786,220.0
2025-08-06T09:35:43,8.73,8.74,8.7,8.7,1332.0
2025-08-06T09:35:44,8.71,8.765,8.7001,8.765,1725.0
2025-08-06T09:35:46,8.765,8.765,8.765,8.765,242.0
2025-08-06T09:35:47,8.78,8.78,8.78,8.78,445.0
2025-08-06T09:35:50,8.755,8.755,8.755,8.755,3060.0
2025-08-06T09:35:51,8.755,8.755,8.65,8.67,3956.0
2025-08-06T09:35:53,8.72,8.72,8.72,8.72,100.0
2025-08-06T09:35:54,8.705,8.705,8.705,8.705,104.0
2025-08-06T09:35:58,8.6714,8.6714,8.6714,8.6714,102.0
2025-08-06T09:36:01,8.705,8.705,8.705,8.705,211.0
2025-08-06T09:36:05,8.7295,8.7295,8.705,8.705,307.0
2025-08-06T09:36:07,8.72,8.72,8.65,8.65,3343.0
2025-08-06T09:36:08,8.665,8.665,8.665,8.665,391.0
2025-08-06T09:36:12,8.66,8.66,8.66,8.66,600.0
2025-08-06T09:36:13,8.673,8.673,8.673,8.673,100.0
2025-08-06T09:36:14,8.66,8.66,8.66,8.66,300.0
2025-08-06T09:36:15,8.64,8.66,8.54,8.54,16061.0
2025-08-06T09:36:16,8.53,8.53,8.53,8.53,125.0
2025-08-06T09:36:17,8.5894,8.619,8.53,8.5411,2161.0
2025-08-06T09:36:18,8.58,8.64,8.58,8.63,11739.0
2025-08-06T09:36:20,8.625,8.625,8.625,8.625,218.0
2025-08-06T09:36:21,8.69,8.75,8.69,8.71,3292.0
2025-08-06T09:36:22,8.7269,8.7269,8.7269,8.7269,100.0
2025-08-06T09:36:28,8.6899,8.6899,8.6899,8.6899,1556.0
2025-08-06T09:36:31,8.6846,8.6846,8.6846,8.6846,115.0
2025-08-06T09:36:33,8.682,8.682,8.68,8.68,514.0
2025-08-06T09:36:39,8.67,8.67,8.67,8.67,547.0
2025-08-06T09:36:40,8.664,8.664,8.664,8.664,200.0
2025-08-06T09:36:43,8.668,8.668,8.668,8.668,1001.0
2025-08-06T09:36:47,8.67,8.67,8.67,8.67,100.0
2025-08-06T09:36:49,8.69,8.7,8.6615,8.7,3872.0
2025-08-06T09:36:51,8.72,8.72,8.72,8.72,120.0
2025-08-06T09:36:52,8.685,8.7,8.685,8.7,587.0
2025-08-06T09:36:56,8.685,8.685,8.685,8.685,170.0
2025-08-06T09:36:58,8.6936,8.6936,8.6936,8.6936,1200.0
2025-08-06T09:37:00,8.69,8.76,8.69,8.71,4526.0
2025-08-06T09:37:01,8.7868,8.8,8.7868,8.79,1607.0
2025-08-06T09:37:02,8.7656,8.7656,8.7656,8.7656,502.0
2025-08-06T09:37:08,8.8,8.8,8.8,8.8,201.0
2025-08-06T09:37:11,8.79,9.0,8.79,8.9099,38131.0
2025-08-06T09:37:12,8.9,8.9,8.89,8.8999,4432.0
2025-08-06T09:37:13,8.86,8.86,8.8334,8.8334,1275.0
2025-08-06T09:37:14,8.85,8.85,8.7612,8.7612,4686.0
2025-08-06T09:37:15,8.8,8.8,8.8,8.8,188.0
2025-08-06T09:37:16,8.73,8.73,8.73,8.73,111.0
2025-08-06T09:37:17,8.7865,8.7865,8.7811,8.7811,1031.0
2025-08-06T09:37:18,8.79,8.8299,8.78,8.8299,1378.0
2025-08-06T09:37:19,8.82,8.82,8.78,8.78,583.0
2025-08-06T09:37:20,8.8193,8.8193,8.8193,8.8193,125.0
2025-08-06T09:37:23,8.73,8.8229,8.73,8.73,1699.0
2025-08-06T09:37:24,8.7301,8.7301,8.7301,8.7301,1012.0
2025-08-06T09:37:25,8.78,8.78,8.78,8.78,532.0
2025-08-06T09:37:26,8.78,8.78,8.78,8.78,300.0
2025-08-06T09:37:27,8.82,8.835,8.82,8.82,1669.0
2025-08-06T09:37:28,8.835,8.835,8.82,8.82,232.0
2025-08-06T09:37:30,8.82,8.82,8.78,8.78,1946.0
2025-08-06T09:37:31,8.785,8.785,8.785,8.785,200.0
2025-08-06T09:37:32,8.785,8.8183,8.785,8.785,540.0
2025-08-06T09:37:33,8.7868,8.7868,8.7868,8.7868,100.0
2025-08-06T09:37:34,8.8,8.885,8.8,8.86,1747.0
2025-08-06T09:37:36,8.89,8.95,8.89,8.95,3354.0
2025-08-06T09:37:37,8.92,8.92,8.92,8.92,554.0
2025-08-06T09:37:38,8.924,8.924,8.85,8.85,4000.0
2025-08-06T09:37:39,8.896,8.896,8.896,8.896,1028.0
2025-08-06T09:37:40,8.932,8.932,8.932,8.932,265.0
2025-08-06T09:37:42,8.86,8.8928,8.74,8.83,8124.0
2025-08-06T09:37:43,8.8405,8.8405,8.8405,8.8405,821.0
2025-08-06T09:37:44,8.8857,8.899,8.83,8.899,1383.0
2025-08-06T09:37:48,8.863,8.89,8.8347,8.8347,633.0
2025-08-06T09:37:49,8.94,8.94,8.89,8.89,1250.0
2025-08-06T09:37:50,8.906904,8.906904,8.906904,8.906904,252.0
2025-08-06T09:37:51,8.939,8.939,8.9332,8.9332,2016.0
2025-08-06T09:37:52,8.926,8.94,8.926,8.94,1390.0
2025-08-06T09:37:53,8.89,8.9336,8.89,8.9336,1150.0
2025-08-06T09:37:55,8.94,8.96,8.93,8.93,3295.0
2025-08-06T09:37:56,8.92,8.92,8.92,8.92,1123.0
2025-08-06T09:37:58,8.9,8.9366,8.9,8.9366,2233.0
2025-08-06T09:37:59,8.884,8.884,8.88,8.88,370.0
2025-08-06T09:38:00,8.873,8.873,8.873,8.873,100.0
2025-08-06T09:38:01,8.868,8.868,8.868,8.868,345.0
2025-08-06T09:38:02,8.866,8.866,8.866,8.866,294.0
2025-08-06T09:38:03,8.89,8.89,8.86,8.86,2258.0
2025-08-06T09:38:05,8.8684,8.87,8.8684,8.87,451.0
2025-08-06T09:38:06,8.9,8.9,8.8788,8.8788,335.0
2025-08-06T09:38:09,8.895,8.92,8.895,8.92,1591.0
2025-08-06T09:38:10,8.91,8.91,8.91,8.91,100.0
2025-08-06T09:38:11,8.92,8.92,8.92,8.92,122.0
2025-08-06T09:38:12,8.9088,9.0,8.9088,8.98,6832.0
2025-08-06T09:38:13,9.0,9.0,9.0,9.0,452.0
2025-08-06T09:38:14,8.97,8.9809,8.93,8.97,3155.0
2025-08-06T09:38:15,8.9301,8.9999,8.9301,8.9906,3420.0
2025-08-06T09:38:17,8.9414,8.952,8.9414,8.946,1000.0
2025-08-06T09:38:18,8.952,8.9999,8.94,8.94,1713.0
2025-08-06T09:38:19,8.945,8.9899,8.945,8.9833,1103.0
2025-08-06T09:38:20,8.9897,8.9897,8.96,8.96,305.0
2025-08-06T09:38:23,8.97,8.99,8.9532,8.9532,2650.0
2025-08-06T09:38:24,8.97,8.97,8.97,8.97,1050.0
2025-08-06T09:38:25,8.97,8.985,8.97,8.985,400.0
2025-08-06T09:38:26,8.9501,8.9501,8.94,8.95,1327.0
2025-08-06T09:38:27,8.98,8.98,8.98,8.98,2050.0
2025-08-06T09:38:28,8.99,8.99,8.99,8.99,202.0
2025-08-06T09:38:29,8.9893,8.9893,8.9893,8.9893,211.0
2025-08-06T09:38:30,8.98,8.98,8.98,8.98,522.0
2025-08-06T09:38:31,8.99,8.99,8.97,8.97,1816.0
2025-08-06T09:38:32,8.975,8.975,8.975,8.975,810.0
2025-08-06T09:38:33,8.95,8.95,8.831,8.831,16379.0
2025-08-06T09:38:34,8.86,8.86,8.86,8.86,275.0
2025-08-06T09:38:35,8.86,8.86,8.73,8.766,17950.0
2025-08-06T09:38:36,8.785,8.785,8.7805,8.7805,1174.0
2025-08-06T09:38:37,8.7477,8.83,8.7477,8.83,760.0
2025-08-06T09:38:38,8.7401,8.75,8.67,8.71,13845.0
2025-08-06T09:38:39,8.71,8.71,8.71,8.71,694.0
2025-08-06T09:38:40,8.7423,8.7423,8.71,8.71,3810.0
2025-08-06T09:38:41,8.7499,8.7499,8.7499,8.7499,178.0
2025-08-06T09:38:42,8.71,8.71,8.71,8.71,108.0
2025-08-06T09:38:43,8.73,8.81,8.73,8.81,6449.0
2025-08-06T09:38:44,8.77,8.8491,8.73,8.8491,5790.0
2025-08-06T09:38:45,8.7681,8.805,8.7681,8.805,366.0
2025-08-06T09:38:46,8.8599,8.8599,8.82,8.82,1304.0
2025-08-06T09:38:48,8.8886,8.8886,8.82,8.82,321.0
2025-08-06T09:38:49,8.89,8.89,8.89,8.89,1180.0
2025-08-06T09:38:54,8.7901,8.8,8.7901,8.8,300.0
2025-08-06T09:38:55,8.8652,8.8652,8.8652,8.8652,148.0
2025-08-06T09:38:56,8.84,8.84,8.84,8.84,800.0
2025-08-06T09:38:57,8.84,8.843,8.84,8.843,5350.0
2025-08-06T09:38:58,8.8479,8.8479,8.8,8.8,422.0
2025-08-06T09:38:59,8.835,8.835,8.835,8.835,2583.0
2025-08-06T09:39:01,8.8791,8.8791,8.8791,8.8791,244.0
2025-08-06T09:39:02,8.8,8.8,8.8,8.8,2054.0
2025-08-06T09:39:03,8.8193,8.8193,8.8193,8.8193,507.0
2025-08-06T09:39:04,8.8269,8.8269,8.8269,8.8269,562.0
2025-08-06T09:39:05,8.802,8.802,8.8,8.8,1120.0
2025-08-06T09:39:06,8.8,8.8,8.75,8.75,1400.0
2025-08-06T09:39:07,8.76,8.76,8.76,8.76,457.0
2025-08-06T09:39:09,8.82,8.82,8.82,8.82,404.0
2025-08-06T09:39:10,8.828,8.828,8.828,8.828,300.0
2025-08-06T09:39:11,8.785,8.785,8.785,8.785,246.0
2025-08-06T09:39:12,8.805,8.81,8.78,8.78,953.0
2025-08-06T09:39:15,8.81,8.8209,8.81,8.82,2994.0
2025-08-06T09:39:18,8.83,8.84,8.812,8.812,2750.0
2025-08-06T09:39:19,8.79,8.79,8.63,8.69,6574.0
2025-08-06T09:39:20,8.68,8.72,8.653,8.695,937.0
2025-08-06T09:39:21,8.72,8.72,8.71,8.71,648.0
2025-08-06T09:39:23,8.7434,8.7434,8.6789,8.6789,1344.0
2025-08-06T09:39:24,8.71,8.71,8.7,8.7,1132.0
2025-08-06T09:39:25,8.7394,8.7394,8.7394,8.7394,115.0
2025-08-06T09:39:26,8.6884,8.6884,8.6884,8.6884,100.0
2025-08-06T09:39:32,8.755,8.755,8.755,8.755,132.0
2025-08-06T09:39:34,8.755,8.78,8.75,8.78,10347.0
2025-08-06T09:39:35,8.812,8.812,8.812,8.812,204.0
2025-08-06T09:39:36,8.79,8.79,8.777,8.777,2100.0
2025-08-06T09:39:37,8.775,8.8,8.775,8.7999,11832.0
2025-08-06T09:39:38,8.8,8.8,8.8,8.8,1250.0
2025-08-06T09:39:39,8.8487,8.8487,8.8487,8.8487,2806.0
2025-08-06T09:39:40,8.81,8.81,8.7757,8.7757,6317.0
2025-08-06T09:39:41,8.7708,8.7708,8.75,8.75,3122.0
2025-08-06T09:39:42,8.73,8.73,8.68,8.68,1685.0
2025-08-06T09:39:43,8.6853,8.715,8.6853,8.715,1944.0
2025-08-06T09:39:44,8.715,8.742,8.715,8.74,1400.0
2025-08-06T09:39:45,8.745,8.745,8.745,8.745,804.0
2025-08-06T09:39:46,8.75,8.75,8.75,8.75,1143.0
2025-08-06T09:39:48,8.735,8.735,8.735,8.735,369.0
2025-08-06T09:39:49,8.735,8.735,8.735,8.735,609.0
2025-08-06T09:39:53,8.7,8.7571,8.7,8.7571,3007.0
2025-08-06T09:39:54,8.7,8.717,8.7,8.717,363.0
2025-08-06T09:39:56,8.7,8.7,8.64,8.64,23627.0
2025-08-06T09:40:01,8.685,8.685,8.685,8.685,200.0
2025-08-06T09:40:02,8.675,8.69,8.675,8.69,1786.0
2025-08-06T09:40:03,8.74,8.74,8.74,8.74,310.0
2025-08-06T09:40:04,8.76,8.8,8.7599,8.7599,16765.0
2025-08-06T09:40:06,8.81,8.81,8.72,8.72,1908.0
2025-08-06T09:40:07,8.725,8.725,8.725,8.725,100.0
2025-08-06T09:40:11,8.7182,8.7888,8.7182,8.7888,414.0
2025-08-06T09:40:12,8.7991,8.7991,8.7991,8.7991,220.0
2025-08-06T09:40:14,8.755,8.7599,8.755,8.7599,810.0
2025-08-06T09:40:17,8.755,8.755,8.755,8.755,101.0
2025-08-06T09:40:19,8.7496,8.7496,8.718,8.718,700.0
2025-08-06T09:40:22,8.75,8.75,8.72,8.72,302.0
2025-08-06T09:40:24,8.74,8.75,8.74,8.75,439.0
2025-08-06T09:40:26,8.74,8.74,8.74,8.74,133.0
2025-08-06T09:40:28,8.7201,8.7201,8.7201,8.7201,100.0
2025-08-06T09:40:29,8.755,8.755,8.755,8.755,413.0
2025-08-06T09:40:30,8.78,8.78,8.78,8.78,450.0
2025-08-06T09:40:31,8.755,8.755,8.755,8.755,250.0
2025-08-06T09:40:41,8.7968,8.7968,8.7968,8.7968,258.0
2025-08-06T09:40:43,8.76,8.76,8.76,8.76,311.0
2025-08-06T09:40:44,8.7377,8.76,8.7377,8.76,376.0
2025-08-06T09:40:46,8.775,8.775,8.775,8.775,100.0
2025-08-06T09:40:49,8.775,8.775,8.775,8.775,125.0
2025-08-06T09:40:52,8.78,8.78,8.78,8.78,683.0
2025-08-06T09:40:55,8.76,8.795,8.76,8.795,2558.0
2025-08-06T09:40:56,8.83,8.85,8.83,8.85,767.0
2025-08-06T09:40:57,8.88,8.9,8.88,8.9,1234.0
2025-08-06T09:40:58,8.91,8.91,8.8101,8.8101,4049.0
2025-08-06T09:40:59,8.8211,8.8595,8.8211,8.8595,563.0
2025-08-06T09:41:00,8.865,8.92,8.865,8.92,1100.0
2025-08-06T09:41:02,8.9268,8.9268,8.864,8.864,1160.0
2025-08-06T09:41:03,8.91,8.95,8.91,8.9299,14747.0
2025-08-06T09:41:05,8.92,8.92,8.92,8.92,176.0
2025-08-06T09:41:06,8.8701,8.9554,8.8701,8.9554,1685.0
2025-08-06T09:41:07,8.91,8.91,8.91,8.91,600.0
2025-08-06T09:41:08,8.9,8.91,8.9,8.91,526.0
2025-08-06T09:41:09,8.9,8.9,8.8801,8.8801,1289.0
2025-08-06T09:41:10,8.8858,8.91,8.8858,8.91,406.0
2025-08-06T09:41:11,8.89,8.8982,8.86,8.86,1198.0
2025-08-06T09:41:12,8.85,8.85,8.85,8.85,200.0
2025-08-06T09:41:13,8.86,8.86,8.86,8.86,140.0
2025-08-06T09:41:15,8.86,8.8977,8.86,8.8977,215.0
2025-08-06T09:41:17,8.9,8.9,8.9,8.9,606.0
2025-08-06T09:41:18,8.8719,8.8719,8.8373,8.865,471.0
2025-08-06T09:41:19,8.8832,8.8832,8.8832,8.8832,529.0
2025-08-06T09:41:20,8.88,8.9,8.88,8.895,1516.0
2025-08-06T09:41:21,8.91,8.91,8.91,8.91,411.0
2025-08-06T09:41:23,8.9,8.9,8.9,8.9,506.0
2025-08-06T09:41:27,8.89,8.89,8.89,8.89,100.0
2025-08-06T09:41:28,8.89,8.89,8.89,8.89,213.0
2025-08-06T09:41:30,8.87,8.87,8.86,8.86,747.0
2025-08-06T09:41:32,8.855,8.855,8.855,8.855,116.0
2025-08-06T09:41:36,8.85,8.85,8.85,8.85,336.0
2025-08-06T09:41:37,8.85,8.85,8.85,8.85,266.0
2025-08-06T09:41:38,8.852,8.852,8.85,8.85,1946.0
2025-08-06T09:41:39,8.855,8.89,8.83,8.87,5024.0
2025-08-06T09:41:40,8.86,8.86,8.86,8.86,478.0
2025-08-06T09:41:41,8.8896,8.8896,8.8896,8.8896,101.0
2025-08-06T09:41:44,8.86,8.8699,8.84,8.8699,7940.0
2025-08-06T09:41:45,8.845,8.86,8.845,8.86,2247.0
2025-08-06T09:41:46,8.8593,8.8699,8.8593,8.8699,729.0
2025-08-06T09:41:48,8.852,8.852,8.852,8.852,527.0
2025-08-06T09:41:49,8.83,8.83,8.83,8.83,342.0
2025-08-06T09:41:50,8.825,8.825,8.825,8.825,293.0
2025-08-06T09:41:51,8.85,8.85,8.85,8.85,1049.0
2025-08-06T09:41:52,8.8006,8.8594,8.8006,8.8594,701.0
2025-08-06T09:41:53,8.8,8.8,8.8,8.8,190.0
2025-08-06T09:41:54,8.83,8.8585,8.83,8.8585,233.0
2025-08-06T09:41:55,8.83,8.83,8.83,8.83,201.0
2025-08-06T09:41:59,8.86,8.86,8.86,8.86,150.0
2025-08-06T09:42:00,8.8,8.8186,8.78,8.8186,3302.0
2025-08-06T09:42:01,8.8162,8.8162,8.815,8.815,1292.0
2025-08-06T09:42:03,8.815,8.83,8.815,8.83,2673.0
2025-08-06T09:42:05,8.8,8.8,8.77,8.77,1019.0
2025-08-06T09:42:06,8.77,8.8369,8.77,8.8369,965.0
2025-08-06T09:42:07,8.77,8.77,8.77,8.77,278.0
2025-08-06T09:42:09,8.805,8.805,8.805,8.805,100.0
2025-08-06T09:42:10,8.8325,8.8325,8.8325,8.8325,200.0
2025-08-06T09:42:12,8.805,8.805,8.805,8.805,100.0
2025-08-06T09:42:15,8.7732,8.7732,8.7732,8.7732,476.0
2025-08-06T09:42:16,8.78,8.78,8.78,8.78,125.0
2025-08-06T09:42:17,8.82,8.82,8.82,8.82,605.0
2025-08-06T09:42:23,8.805,8.805,8.805,8.805,176.0
2025-08-06T09:42:24,8.805,8.805,8.795,8.795,202.0
2025-08-06T09:42:25,8.795,8.795,8.795,8.795,275.0
2025-08-06T09:42:26,8.795,8.795,8.795,8.795,400.0
2025-08-06T09:42:27,8.795,8.795,8.795,8.795,1172.0
2025-08-06T09:42:29,8.82,8.82,8.795,8.8,1115.0
2025-08-06T09:42:32,8.78,8.8469,8.78,8.78,1344.0
2025-08-06T09:42:35,8.8405,8.8405,8.8405,8.8405,261.0
2025-08-06T09:42:40,8.815,8.825,8.81,8.825,300.0
2025-08-06T09:42:41,8.815,8.815,8.815,8.815,1600.0
2025-08-06T09:42:43,8.8,8.8,8.76,8.76,2220.0
2025-08-06T09:42:47,8.7367,8.7367,8.7367,8.7367,100.0
2025-08-06T09:42:51,8.75,8.79,8.75,8.75,1615.0
2025-08-06T09:42:53,8.76,8.76,8.76,8.76,701.0
2025-08-06T09:42:54,8.76,8.76,8.76,8.76,214.0
2025-08-06T09:43:00,8.73,8.73,8.7,8.7,2449.0
2025-08-06T09:43:01,8.7,8.7169,8.7,8.7169,1301.0
2025-08-06T09:43:02,8.6817,8.6817,8.6817,8.6817,2037.0
2025-08-06T09:43:03,8.68,8.68,8.62,8.626,3759.0
2025-08-06T09:43:04,8.6466,8.6466,8.645,8.645,683.0
2025-08-06T09:43:05,8.6201,8.67,8.6201,8.67,5208.0
2025-08-06T09:43:06,8.67,8.682,8.6,8.6,12026.0
2025-08-06T09:43:07,8.625,8.625,8.55,8.55,10831.0
2025-08-06T09:43:08,8.53,8.545,8.51,8.545,8706.0
2025-08-06T09:43:09,8.545,8.59,8.5401,8.57,21515.0
2025-08-06T09:43:10,8.5537,8.5994,8.5537,8.5994,1132.0
2025-08-06T09:43:11,8.57,8.57,8.57,8.57,103.0
2025-08-06T09:43:12,8.6,8.6333,8.6,8.615,833.0
2025-08-06T09:43:13,8.625,8.6595,8.6101,8.6595,1782.0
2025-08-06T09:43:14,8.61,8.61,8.61,8.61,880.0
2025-08-06T09:43:15,8.61,8.61,8.57,8.5701,1044.0
2025-08-06T09:43:16,8.5771,8.5771,8.5771,8.5771,167.0
2025-08-06T09:43:17,8.5966,8.6146,8.595,8.595,1350.0
2025-08-06T09:43:19,8.6,8.61,8.6,8.61,622.0
2025-08-06T09:43:20,8.61,8.62,8.57,8.59,4137.0
2025-08-06T09:43:21,8.57,8.57,8.57,8.57,303.0
2025-08-06T09:43:22,8.5924,8.6,8.54,8.54,13955.0
2025-08-06T09:43:23,8.5669,8.57,8.53,8.53,3862.0
2025-08-06T09:43:24,8.59,8.59,8.55,8.55,616.0
2025-08-06T09:43:25,8.5797,8.5797,8.54,8.54,1609.0
2025-08-06T09:43:26,8.52,8.52,8.52,8.52,481.0
2025-08-06T09:43:27,8.5693,8.58,8.5693,8.57,1221.0
2025-08-06T09:43:31,8.5899,8.59,8.5899,8.59,10924.0
2025-08-06T09:43:32,8.622,8.63,8.595,8.62,1421.0
2025-08-06T09:43:33,8.595,8.6,8.59,8.59,2276.0
2025-08-06T09:43:34,8.5805,8.6299,8.5805,8.6299,10050.0
2025-08-06T09:43:35,8.6299,8.6299,8.58,8.58,9151.0
2025-08-06T09:43:36,8.585,8.585,8.58,8.58,462.0
2025-08-06T09:43:40,8.59,8.6299,8.55,8.55,9137.0
2025-08-06T09:43:41,8.59,8.59,8.59,8.59,2558.0
2025-08-06T09:43:43,8.585,8.585,8.585,8.585,321.0
2025-08-06T09:43:45,8.6136,8.6136,8.6136,8.6136,110.0
2025-08-06T09:43:46,8.585,8.585,8.585,8.585,113.0
2025-08-06T09:43:48,8.5531,8.585,8.5531,8.585,701.0
2025-08-06T09:43:56,8.58,8.6,8.51,8.575,12751.0
2025-08-06T09:43:59,8.6,8.6,8.6,8.6,5000.0
2025-08-06T09:44:00,8.5824,8.5824,8.5824,8.5824,384.0
2025-08-06T09:44:03,8.58,8.58,8.5531,8.5531,386.0
2025-08-06T09:44:04,8.58,8.58,8.58,8.58,165.0
2025-08-06T09:44:06,8.5506,8.5506,8.5506,8.5506,100.0
2025-08-06T09:44:07,8.58,8.58,8.58,8.58,832.0
2025-08-06T09:44:08,8.58,8.6,8.58,8.6,2719.0
2025-08-06T09:44:09,8.58,8.6199,8.58,8.6199,3101.0
2025-08-06T09:44:10,8.585,8.585,8.585,8.585,367.0
2025-08-06T09:44:12,8.5594,8.5594,8.5594,8.5594,500.0
2025-08-06T09:44:13,8.6,8.6,8.6,8.6,208.0
2025-08-06T09:44:17,8.585,8.585,8.585,8.585,112.0
2025-08-06T09:44:18,8.5572,8.5572,8.5572,8.5572,287.0
2025-08-06T09:44:20,8.585,8.585,8.585,8.585,180.0
2025-08-06T09:44:22,8.57,8.59,8.57,8.59,572.0
2025-08-06T09:44:31,8.59,8.62,8.59,8.62,730.0
2025-08-06T09:44:33,8.5969,8.5969,8.5969,8.5969,531.0
2025-08-06T09:44:34,8.5668,8.5668,8.55,8.56,1046.0
2025-08-06T09:44:35,8.55,8.56,8.545,8.56,1115.0
2025-08-06T09:44:36,8.5855,8.5855,8.585,8.585,3551.0
2025-08-06T09:44:37,8.585,8.62,8.5612,8.62,1552.0
2025-08-06T09:44:39,8.6,8.605,8.6,8.605,758.0
2025-08-06T09:44:46,8.61,8.62,8.61,8.62,237.0
2025-08-06T09:44:49,8.6,8.6,8.6,8.6,912.0
2025-08-06T09:44:50,8.6,8.6,8.6,8.6,411.0
2025-08-06T09:44:55,8.595,8.604,8.58,8.604,1272.0
2025-08-06T09:44:56,8.59,8.59,8.59,8.59,309.0
2025-08-06T09:44:57,8.58,8.58,8.55,8.55,1125.0
2025-08-06T09:45:00,8.55,8.55,8.55,8.55,204.0
2025-08-06T09:45:02,8.5635,8.59,8.55,8.585,5035.0
2025-08-06T09:45:03,8.57,8.57,8.55,8.55,1103.0
2025-08-06T09:45:11,8.5635,8.5635,8.5635,8.5635,225.0
2025-08-06T09:45:13,8.57,8.57,8.57,8.57,130.0
2025-08-06T09:45:17,8.59,8.59,8.59,8.59,3010.0
2025-08-06T09:45:20,8.57,8.6,8.54,8.6,4287.0
2025-08-06T09:45:21,8.61,8.615,8.6,8.6,1376.0
2025-08-06T09:45:29,8.61,8.66,8.61,8.66,1740.0
2025-08-06T09:45:33,8.6207,8.63,8.6207,8.63,1477.0
2025-08-06T09:45:35,8.6741,8.6741,8.6741,8.6741,3500.0
2025-08-06T09:45:40,8.68,8.68,8.68,8.68,118.0
2025-08-06T09:45:41,8.6794,8.6794,8.6794,8.6794,124.0
2025-08-06T09:45:45,8.64,8.64,8.58,8.59,3273.0
2025-08-06T09:45:46,8.615,8.615,8.615,8.615,202.0
2025-08-06T09:45:47,8.5876,8.5876,8.5876,8.5876,190.0
2025-08-06T09:45:48,8.61,8.61,8.61,8.61,593.0
2025-08-06T09:45:49,8.615,8.615,8.615,8.615,513.0
2025-08-06T09:45:53,8.62,8.62,8.62,8.62,100.0
2025-08-06T09:45:55,8.62,8.62,8.5915,8.62,432.0
2025-08-06T09:45:59,8.6481,8.6481,8.6481,8.6481,211.0
2025-08-06T09:46:00,8.6,8.6199,8.58,8.6199,11544.0
2025-08-06T09:46:01,8.58,8.631,8.58,8.631,507.0
2025-08-06T09:46:04,8.63,8.66,8.63,8.648,3130.0
2025-08-06T09:46:14,8.66,8.674,8.64,8.645,4038.0
2025-08-06T09:46:15,8.65,8.69,8.65,8.69,3483.0
2025-08-06T09:46:16,8.665,8.665,8.665,8.665,2500.0
2025-08-06T09:46:18,8.69,8.69,8.69,8.69,2916.0
2025-08-06T09:46:19,8.665,8.665,8.665,8.665,162.0
2025-08-06T09:46:22,8.665,8.665,8.665,8.665,5000.0
2025-08-06T09:46:25,8.6999,8.6999,8.639,8.665,415.0
2025-08-06T09:46:36,8.69,8.6969,8.69,8.6969,467.0
2025-08-06T09:46:37,8.68,8.68,8.68,8.68,200.0
2025-08-06T09:46:42,8.675,8.675,8.675,8.675,1137.0
2025-08-06T09:46:43,8.66,8.6699,8.62,8.6699,2603.0
2025-08-06T09:46:45,8.62,8.62,8.62,8.62,579.0
2025-08-06T09:46:46,8.615,8.615,8.615,8.615,179.0
2025-08-06T09:46:48,8.6,8.6,8.58,8.58,639.0
2025-08-06T09:46:49,8.6343,8.6343,8.5801,8.5801,2700.0
2025-08-06T09:46:52,8.5835,8.61,8.58,8.58,491.0
2025-08-06T09:46:53,8.585,8.585,8.585,8.585,5100.0
2025-08-06T09:46:56,8.57,8.585,8.57,8.585,534.0
2025-08-06T09:46:57,8.565,8.58,8.565,8.58,3034.0
2025-08-06T09:47:01,8.62,8.62,8.62,8.62,154.0
2025-08-06T09:47:02,8.55,8.57,8.55,8.57,1014.0
2025-08-06T09:47:03,8.57,8.57,8.57,8.57,261.0
2025-08-06T09:47:05,8.585,8.585,8.56,8.565,1228.0
2025-08-06T09:47:08,8.565,8.565,8.565,8.565,200.0
2025-08-06T09:47:09,8.55,8.57,8.55,8.55,9291.0
2025-08-06T09:47:12,8.59,8.59,8.59,8.59,100.0
2025-08-06T09:47:14,8.58,8.63,8.58,8.6095,1532.0
2025-08-06T09:47:16,8.62,8.62,8.62,8.62,158.0
2025-08-06T09:47:17,8.62,8.62,8.6005,8.6005,538.0
2025-08-06T09:47:26,8.62,8.62,8.5931,8.5931,499.0
2025-08-06T09:47:27,8.63,8.63,8.6,8.6,822.0
2025-08-06T09:47:30,8.62,8.62,8.6,8.6,763.0
2025-08-06T09:47:35,8.625,8.69,8.625,8.675,7373.0
2025-08-06T09:47:37,8.7,8.73,8.6999,8.73,5009.0
2025-08-06T09:47:38,8.71,8.71,8.71,8.71,402.0
2025-08-06T09:47:44,8.71,8.71,8.71,8.71,501.0
2025-08-06T09:47:45,8.71,8.71,8.71,8.71,721.0
2025-08-06T09:47:48,8.67,8.67,8.66,8.66,1684.0
2025-08-06T09:47:50,8.67,8.67,8.67,8.67,222.0
2025-08-06T09:47:52,8.68,8.72,8.68,8.7069,1308.0
2025-08-06T09:47:53,8.75,8.75,8.69,8.71,8220.0
2025-08-06T09:47:55,8.685,8.685,8.685,8.685,110.0
2025-08-06T09:47:58,8.7199,8.7199,8.7199,8.7199,2000.0
2025-08-06T09:48:00,8.66,8.665,8.65,8.66,1169.0
2025-08-06T09:48:01,8.67,8.6859,8.67,8.6859,1250.0
2025-08-06T09:48:02,8.6682,8.67,8.6682,8.67,302.0
2025-08-06T09:48:03,8.64,8.695,8.635,8.695,4009.0
2025-08-06T09:48:06,8.67,8.67,8.67,8.67,344.0
2025-08-06T09:48:09,8.66,8.66,8.66,8.66,787.0
2025-08-06T09:48:10,8.67,8.67,8.67,8.67,171.0
2025-08-06T09:48:12,8.66,8.66,8.66,8.66,478.0
2025-08-06T09:48:13,8.65,8.65,8.65,8.65,302.0
2025-08-06T09:48:14,8.65,8.65,8.65,8.65,165.0
2025-08-06T09:48:15,8.65,8.65,8.65,8.65,326.0
2025-08-06T09:48:16,8.66,8.66,8.66,8.66,1077.0
2025-08-06T09:48:17,8.65,8.65,8.65,8.65,201.0
2025-08-06T09:48:19,8.64,8.65,8.64,8.65,398.0
2025-08-06T09:48:21,8.67,8.67,8.64,8.67,3397.0
2025-08-06T09:48:22,8.67,8.67,8.67,8.67,114.0
2025-08-06T09:48:25,8.67,8.67,8.67,8.67,114.0
2025-08-06T09:48:31,8.67,8.67,8.67,8.67,507.0
2025-08-06T09:48:39,8.69,8.7,8.68,8.68,763.0
2025-08-06T09:48:41,8.68,8.68,8.68,8.68,633.0
2025-08-06T09:48:49,8.7,8.7,8.7,8.7,1500.0
2025-08-06T09:48:50,8.7,8.7399,8.7,8.7399,951.0
2025-08-06T09:48:52,8.73,8.73,8.73,8.73,100.0
2025-08-06T09:48:53,8.69,8.69,8.68,8.68,2825.0
2025-08-06T09:48:58,8.72,8.72,8.72,8.72,200.0
2025-08-06T09:49:00,8.6629,8.6629,8.6629,8.6629,1041.0
2025-08-06T09:49:05,8.68,8.69,8.68,8.69,801.0
2025-08-06T09:49:06,8.71,8.71,8.71,8.71,100.0
2025-08-06T09:49:07,8.69,8.72,8.69,8.72,500.0
2025-08-06T09:49:11,8.72,8.72,8.6985,8.72,969.0
2025-08-06T09:49:12,8.705,8.73,8.705,8.73,334.0
2025-08-06T09:49:13,8.73,8.75,8.71,8.715,1127.0
2025-08-06T09:49:14,8.69,8.71,8.69,8.71,1320.0
2025-08-06T09:49:15,8.715,8.715,8.715,8.715,172.0
2025-08-06T09:49:18,8.715,8.715,8.715,8.715,417.0
2025-08-06T09:49:20,8.6806,8.6806,8.6806,8.6806,155.0
2025-08-06T09:49:26,8.707,8.707,8.707,8.707,2550.0
2025-08-06T09:49:28,8.68,8.68,8.66,8.66,1289.0
2025-08-06T09:49:37,8.685,8.73,8.685,8.71,2673.0
2025-08-06T09:49:38,8.69,8.69,8.68,8.69,1556.0
2025-08-06T09:49:45,8.71,8.71,8.71,8.71,152.0
2025-08-06T09:49:46,8.6866,8.6866,8.6866,8.6866,450.0
2025-08-06T09:49:49,8.68,8.68,8.64,8.645,3652.0
2025-08-06T09:49:50,8.6101,8.6101,8.61,8.61,1172.0
2025-08-06T09:49:57,8.68,8.68,8.68,8.68,1018.0
2025-08-06T09:50:03,8.62,8.62,8.62,8.62,400.0
2025-08-06T09:50:05,8.6101,8.63,8.6101,8.63,9851.0
2025-08-06T09:50:06,8.63,8.642,8.63,8.64,1002.0
2025-08-06T09:50:09,8.6424,8.6424,8.6424,8.6424,1066.0
2025-08-06T09:50:12,8.645,8.645,8.645,8.645,117.0
2025-08-06T09:50:16,8.64,8.65,8.64,8.65,613.0
2025-08-06T09:50:19,8.65,8.65,8.65,8.65,147.0
2025-08-06T09:50:21,8.62,8.62,8.61,8.61,1161.0
2025-08-06T09:50:24,8.6001,8.6001,8.6001,8.6001,1000.0
2025-08-06T09:50:27,8.6005,8.6005,8.59,8.6,2565.0
2025-08-06T09:50:28,8.58,8.58,8.55,8.55,2526.0
2025-08-06T09:50:29,8.55,8.55,8.53,8.544,900.0
2025-08-06T09:50:30,8.5358,8.5358,8.5358,8.5358,1010.0
2025-08-06T09:50:40,8.5549,8.5549,8.5549,8.5549,160.0
2025-08-06T09:50:44,8.5402,8.55,8.53,8.54,5937.0
2025-08-06T09:50:45,8.55,8.55,8.53,8.54,1962.0
2025-08-06T09:50:47,8.557,8.557,8.557,8.557,1130.0
2025-08-06T09:50:49,8.54,8.54,8.54,8.54,372.0
2025-08-06T09:50:51,8.5599,8.5599,8.5599,8.5599,100.0
2025-08-06T09:50:53,8.53,8.54,8.53,8.54,261.0
2025-08-06T09:50:54,8.54,8.54,8.54,8.54,1614.0
2025-08-06T09:50:57,8.52,8.52,8.42,8.5,11765.0
2025-08-06T09:50:58,8.4712,8.5,8.47,8.47,1817.0
2025-08-06T09:50:59,8.4795,8.54,8.44,8.5,3769.0
2025-08-06T09:51:00,8.49,8.52,8.48,8.48,1707.0
2025-08-06T09:51:01,8.48,8.52,8.48,8.5,1455.0
2025-08-06T09:51:02,8.5446,8.5446,8.5446,8.5446,100.0
2025-08-06T09:51:03,8.49,8.49,8.49,8.49,353.0
2025-08-06T09:51:04,8.5,8.5,8.5,8.5,500.0
2025-08-06T09:51:06,8.51,8.51,8.51,8.51,865.0
2025-08-06T09:51:07,8.51,8.51,8.51,8.51,408.0
2025-08-06T09:51:08,8.53,8.53,8.51,8.51,1139.0
2025-08-06T09:51:10,8.53,8.53,8.53,8.53,324.0
2025-08-06T09:51:11,8.53,8.54,8.53,8.53,423.0
2025-08-06T09:51:14,8.51,8.53,8.51,8.53,630.0
2025-08-06T09:51:15,8.54,8.54,8.54,8.54,150.0
2025-08-06T09:51:16,8.5207,8.5207,8.5207,8.5207,400.0
2025-08-06T09:51:17,8.535,8.535,8.535,8.535,400.0
2025-08-06T09:51:19,8.53,8.56,8.53,8.56,1782.0
2025-08-06T09:51:20,8.535,8.535,8.535,8.535,2100.0
2025-08-06T09:51:22,8.54,8.54,8.54,8.54,102.0
2025-08-06T09:51:25,8.5599,8.56,8.55,8.55,1687.0
2025-08-06T09:51:26,8.5551,8.5551,8.55,8.55,968.0
2025-08-06T09:51:27,8.55,8.55,8.5357,8.5357,600.0
2025-08-06T09:51:30,8.55,8.55,8.5,8.52,2466.0
2025-08-06T09:51:32,8.53,8.53,8.53,8.53,124.0
2025-08-06T09:51:33,8.535,8.535,8.535,8.535,299.0
2025-08-06T09:51:36,8.535,8.535,8.535,8.535,100.0
2025-08-06T09:51:37,8.535,8.535,8.535,8.535,611.0
2025-08-06T09:51:39,8.57,8.59,8.545,8.59,810.0
2025-08-06T09:51:40,8.53,8.53,8.53,8.53,21621.0
2025-08-06T09:51:48,8.62,8.63,8.545,8.545,4753.0
2025-08-06T09:51:52,8.56,8.56,8.54,8.54,324.0
2025-08-06T09:51:53,8.545,8.58,8.545,8.58,200.0
2025-08-06T09:51:54,8.55,8.55,8.55,8.55,300.0
2025-08-06T09:51:59,8.565,8.565,8.565,8.565,208.0
2025-08-06T09:52:05,8.545,8.545,8.545,8.545,1900.0
2025-08-06T09:52:06,8.57,8.57,8.525,8.525,1834.0
2025-08-06T09:52:11,8.55,8.55,8.52,8.52,1550.0
2025-08-06T09:52:13,8.547,8.55,8.547,8.55,1134.0
2025-08-06T09:52:16,8.5206,8.5206,8.5206,8.5206,100.0
2025-08-06T09:52:17,8.55,8.55,8.55,8.55,1181.0
2025-08-06T09:52:19,8.54,8.54,8.54,8.54,244.0
2025-08-06T09:52:24,8.54,8.57,8.54,8.57,4389.0
2025-08-06T09:52:25,8.56,8.57,8.56,8.56,995.0
2025-08-06T09:52:26,8.5796,8.5796,8.5796,8.5796,400.0
2025-08-06T09:52:29,8.5799,8.5799,8.572,8.572,2600.0
2025-08-06T09:52:30,8.58,8.58,8.56,8.58,3674.0
2025-08-06T09:52:31,8.55,8.56,8.55,8.555,1929.0
2025-08-06T09:52:33,8.555,8.555,8.555,8.555,1000.0
2025-08-06T09:52:43,8.56,8.57,8.55,8.57,521.0
2025-08-06T09:52:49,8.56,8.56,8.56,8.56,112.0
2025-08-06T09:52:54,8.57,8.57,8.57,8.57,116.0
2025-08-06T09:53:00,8.575,8.575,8.575,8.575,273.0
2025-08-06T09:53:01,8.575,8.575,8.5534,8.5534,1111.0
2025-08-06T09:53:03,8.575,8.575,8.575,8.575,103.0
2025-08-06T09:53:16,8.6,8.67,8.6,8.6,9780.0
2025-08-06T09:53:18,8.6547,8.6547,8.6,8.6,5304.0
2025-08-06T09:53:20,8.5999,8.5999,8.5999,8.5999,254.0
2025-08-06T09:53:22,8.6,8.6,8.6,8.6,139.0
2025-08-06T09:53:25,8.57,8.57,8.57,8.57,313.0
2025-08-06T09:53:33,8.6,8.6,8.59,8.59,22728.0
2025-08-06T09:53:36,8.62,8.65,8.6,8.64,5347.0
2025-08-06T09:53:42,8.6303,8.6303,8.6303,8.6303,200.0
2025-08-06T09:53:43,8.61,8.61,8.6,8.6,828.0
2025-08-06T09:53:46,8.6,8.6,8.6,8.6,1000.0
2025-08-06T09:53:47,8.57,8.57,8.57,8.57,394.0
2025-08-06T09:53:48,8.56,8.56,8.56,8.56,291.0
2025-08-06T09:53:49,8.62,8.62,8.62,8.62,150.0
2025-08-06T09:53:53,8.57,8.57,8.57,8.57,200.0
2025-08-06T09:54:00,8.57,8.57,8.57,8.57,309.0
2025-08-06T09:54:01,8.561,8.561,8.56,8.56,1176.0
2025-08-06T09:54:02,8.55,8.565,8.55,8.565,2753.0
2025-08-06T09:54:06,8.555,8.555,8.5,8.525,2939.0
2025-08-06T09:54:07,8.525,8.56,8.525,8.545,4454.0
2025-08-06T09:54:08,8.53,8.53,8.5,8.5,473.0
2025-08-06T09:54:09,8.53,8.53,8.51,8.51,580.0
2025-08-06T09:54:10,8.5101,8.53,8.5101,8.53,1413.0
2025-08-06T09:54:13,8.53,8.53,8.53,8.53,312.0
2025-08-06T09:54:17,8.535,8.535,8.5,8.5,1464.0
2025-08-06T09:54:18,8.5,8.5,8.45,8.46,4533.0
2025-08-06T09:54:19,8.4501,8.47,8.4501,8.47,1244.0
2025-08-06T09:54:21,8.485,8.485,8.485,8.485,700.0
2025-08-06T09:54:27,8.505,8.505,8.505,8.505,283.0
2025-08-06T09:54:32,8.52,8.53,8.52,8.53,1015.0
2025-08-06T09:54:41,8.525,8.54,8.525,8.53,3298.0
2025-08-06T09:54:43,8.54,8.54,8.54,8.54,300.0
2025-08-06T09:54:47,8.5408,8.57,8.5408,8.57,3576.0
2025-08-06T09:54:48,8.55,8.56,8.54,8.56,410.0
2025-08-06T09:54:52,8.5528,8.581,8.5528,8.581,300.0
2025-08-06T09:54:55,8.56,8.56,8.56,8.56,101.0
2025-08-06T09:54:57,8.5406,8.5406,8.5406,8.5406,112.0
2025-08-06T09:54:58,8.54,8.54,8.54,8.54,158.0
2025-08-06T09:55:03,8.54,8.55,8.54,8.55,3104.0
2025-08-06T09:55:10,8.55,8.625,8.55,8.59,11113.0
2025-08-06T09:55:11,8.62,8.6398,8.6,8.6357,4750.0
2025-08-06T09:55:18,8.6,8.6396,8.6,8.6396,1564.0
2025-08-06T09:55:19,8.6017,8.6017,8.6017,8.6017,357.0
2025-08-06T09:55:22,8.62,8.62,8.62,8.62,101.0
2025-08-06T09:55:24,8.62,8.62,8.62,8.62,1694.0
2025-08-06T09:55:25,8.6041,8.6041,8.6041,8.6041,648.0
2025-08-06T09:55:26,8.64,8.64,8.64,8.64,1597.0
2025-08-06T09:55:27,8.64,8.64,8.64,8.64,148.0
2025-08-06T09:55:28,8.6399,8.653645,8.6399,8.64,2318.0
2025-08-06T09:55:31,8.64,8.67,8.61,8.61,6024.0
2025-08-06T09:55:38,8.61,8.61,8.585,8.605,2172.0
2025-08-06T09:55:41,8.61,8.61,8.57,8.57,2960.0
2025-08-06T09:55:46,8.55,8.55,8.52,8.53,9879.0
2025-08-06T09:55:47,8.53,8.53,8.51,8.528,3470.0
2025-08-06T09:55:49,8.55,8.55,8.49,8.51,6576.0
2025-08-06T09:55:50,8.524,8.55,8.51,8.52,9913.0
2025-08-06T09:55:57,8.5,8.5,8.5,8.5,695.0
2025-08-06T09:55:58,8.46,8.46,8.46,8.46,2044.0
2025-08-06T09:55:59,8.455,8.4848,8.455,8.455,1500.0
2025-08-06T09:56:00,8.455,8.455,8.455,8.455,230.0
2025-08-06T09:56:01,8.4549,8.4549,8.4549,8.4549,210.0
2025-08-06T09:56:03,8.43,8.43,8.35,8.39,15769.0
2025-08-06T09:56:04,8.405,8.405,8.3701,8.3701,1473.0
2025-08-06T09:56:05,8.3702,8.3702,8.3702,8.3702,5010.0
2025-08-06T09:56:06,8.3787,8.3787,8.3787,8.3787,160.0
2025-08-06T09:56:10,8.405,8.405,8.405,8.405,300.0
2025-08-06T09:56:11,8.405,8.405,8.405,8.405,584.0
2025-08-06T09:56:13,8.3847,8.3847,8.3847,8.3847,300.0
2025-08-06T09:56:14,8.41,8.41,8.41,8.41,1385.0
2025-08-06T09:56:18,8.43,8.43,8.43,8.43,1067.0
2025-08-06T09:56:20,8.44,8.45,8.44,8.45,869.0
2025-08-06T09:56:22,8.44,8.44,8.43,8.43,1204.0
2025-08-06T09:56:30,8.4251,8.4251,8.4251,8.4251,500.0
2025-08-06T09:56:31,8.45,8.45,8.45,8.45,564.0
2025-08-06T09:56:32,8.45,8.45,8.45,8.45,1348.0
2025-08-06T09:56:33,8.48,8.53,8.48,8.53,1981.0
2025-08-06T09:56:35,8.4901,8.4901,8.4901,8.4901,108.0
2025-08-06T09:56:36,8.512,8.512,8.512,8.512,215.0
2025-08-06T09:56:37,8.51,8.51,8.51,8.51,2500.0
2025-08-06T09:56:38,8.49,8.49,8.45,8.45,610.0
2025-08-06T09:56:41,8.475,8.475,8.475,8.475,200.0
2025-08-06T09:56:42,8.4401,8.4401,8.4401,8.4401,110.0
2025-08-06T09:56:43,8.4843,8.4843,8.4843,8.4843,201.0
2025-08-06T09:56:46,8.4201,8.4201,8.4201,8.4201,6335.0
2025-08-06T09:56:48,8.465,8.465,8.465,8.465,122.0
2025-08-06T09:56:56,8.526,8.526,8.526,8.526,100.0
2025-08-06T09:56:57,8.526,8.526,8.44,8.49,7336.0
2025-08-06T09:57:02,8.5169,8.5169,8.495,8.495,714.0
2025-08-06T09:57:29,8.5,8.51,8.5,8.51,908.0
2025-08-06T09:57:30,8.505,8.52,8.505,8.52,1070.0
2025-08-06T09:57:31,8.49,8.49,8.49,8.49,11997.0
2025-08-06T09:57:32,8.5074,8.5074,8.5074,8.5074,1000.0
2025-08-06T09:57:36,8.505,8.505,8.505,8.505,300.0
2025-08-06T09:57:39,8.49,8.49,8.49,8.49,705.0
2025-08-06T09:57:40,8.495,8.495,8.495,8.495,405.0
2025-08-06T09:58:00,8.51,8.51,8.51,8.51,200.0
2025-08-06T09:58:04,8.52,8.52,8.52,8.52,4114.0
2025-08-06T09:58:05,8.51,8.52,8.51,8.52,566.0
2025-08-06T09:58:06,8.5,8.5,8.5,8.5,2358.0
2025-08-06T09:58:08,8.49,8.49,8.48,8.48,479.0
2025-08-06T09:58:10,8.48,8.48,8.466,8.466,489.0
2025-08-06T09:58:13,8.48,8.48,8.48,8.48,300.0
2025-08-06T09:58:16,8.48,8.48,8.48,8.48,1315.0
2025-08-06T09:58:17,8.485,8.485,8.485,8.485,600.0
2025-08-06T09:58:25,8.484,8.484,8.4801,8.4801,1531.0
2025-08-06T09:58:26,8.49,8.49,8.49,8.49,200.0
2025-08-06T09:58:29,8.49,8.49,8.49,8.49,304.0
2025-08-06T09:58:31,8.49,8.49,8.49,8.49,129.0
2025-08-06T09:58:35,8.49,8.49,8.46,8.46,3514.0
2025-08-06T09:58:36,8.44,8.44,8.44,8.44,518.0
2025-08-06T09:58:37,8.42,8.4201,8.42,8.4201,4163.0
2025-08-06T09:58:38,8.42,8.42,8.385,8.385,1468.0
2025-08-06T09:58:39,8.385,8.385,8.385,8.385,4000.0
2025-08-06T09:58:41,8.4,8.43,8.385,8.385,1158.0
2025-08-06T09:58:42,8.42,8.42,8.42,8.42,958.0
2025-08-06T09:58:43,8.39,8.39,8.39,8.39,1019.0
2025-08-06T09:58:45,8.39,8.39,8.39,8.39,957.0
2025-08-06T09:58:47,8.38,8.39,8.31,8.32,10231.0
2025-08-06T09:58:48,8.345,8.345,8.345,8.345,437.0
2025-08-06T09:58:49,8.3847,8.3847,8.3847,8.3847,1181.0
2025-08-06T09:58:51,8.342,8.342,8.33,8.3311,6292.0
2025-08-06T09:58:54,8.35,8.35,8.34,8.34,745.0
2025-08-06T09:58:55,8.34,8.34,8.34,8.34,134.0
2025-08-06T09:58:58,8.365,8.365,8.365,8.365,342.0
2025-08-06T09:58:59,8.35,8.35,8.35,8.35,241.0
2025-08-06T09:59:00,8.35,8.3604,8.31,8.36,5054.0
2025-08-06T09:59:02,8.365,8.365,8.365,8.365,1515.0
2025-08-06T09:59:05,8.365,8.365,8.365,8.365,110.0
2025-08-06T09:59:07,8.35,8.35,8.34,8.34,1420.0
2025-08-06T09:59:09,8.3503,8.3503,8.31,8.31,4141.0
2025-08-06T09:59:15,8.35,8.35,8.35,8.35,278.0
2025-08-06T09:59:16,8.3,8.31,8.26,8.26,11275.0
2025-08-06T09:59:17,8.28,8.31,8.27,8.27,2756.0
2025-08-06T09:59:18,8.2666,8.2666,8.2666,8.2666,282.0
2025-08-06T09:59:19,8.29,8.29,8.29,8.29,4000.0
2025-08-06T09:59:20,8.26,8.2682,8.26,8.2682,254.0
2025-08-06T09:59:21,8.287,8.287,8.287,8.287,1000.0
2025-08-06T09:59:24,8.274,8.28,8.274,8.28,1148.0
2025-08-06T09:59:26,8.3148,8.3148,8.28,8.28,756.0
2025-08-06T09:59:27,8.2694,8.2694,8.2694,8.2694,113.0
2025-08-06T09:59:28,8.295,8.295,8.295,8.295,2125.0
2025-08-06T09:59:29,8.26,8.27,8.24,8.2625,2427.0
2025-08-06T09:59:30,8.3,8.3,8.27,8.29,1555.0
2025-08-06T09:59:31,8.33,8.35,8.31,8.35,2298.0
2025-08-06T09:59:32,8.32,8.325,8.2804,8.325,2414.0
2025-08-06T09:59:33,8.3251,8.3251,8.26,8.26,875.0
2025-08-06T09:59:35,8.345,8.35,8.345,8.35,1220.0
2025-08-06T09:59:39,8.374,8.374,8.374,8.374,992.0
2025-08-06T09:59:41,8.33,8.33,8.33,8.33,150.0
2025-08-06T09:59:42,8.342,8.342,8.33,8.33,414.0
2025-08-06T09:59:49,8.36,8.36,8.36,8.36,263.0
2025-08-06T09:59:51,8.34,8.34,8.32,8.34,22963.0
2025-08-06T09:59:52,8.3499,8.3499,8.3499,8.3499,1061.0
2025-08-06T09:59:57,8.38,8.41,8.38,8.41,1113.0
2025-08-06T09:59:58,8.39,8.39,8.3311,8.3311,1197.0
2025-08-06T10:00:03,8.385,8.385,8.385,8.385,553.0
2025-08-06T10:00:05,8.385,8.39,8.385,8.39,5229.0
2025-08-06T10:00:08,8.39,8.39,8.39,8.39,137.0
2025-08-06T10:00:09,8.44,8.44,8.44,8.44,242.0
2025-08-06T10:00:10,8.4799,8.4799,8.4799,8.4799,4000.0
2025-08-06T10:00:14,8.455,8.455,8.455,8.455,100.0
2025-08-06T10:00:17,8.43,8.43,8.41,8.42,3204.0
2025-08-06T10:00:22,8.385,8.385,8.385,8.385,200.0
2025-08-06T10:00:24,8.35,8.37,8.35,8.37,2672.0
2025-08-06T10:00:26,8.36,8.36,8.36,8.36,329.0
2025-08-06T10:00:27,8.35,8.35,8.34,8.34,662.0
2025-08-06T10:00:28,8.37,8.37,8.365,8.365,592.0
2025-08-06T10:00:31,8.385,8.385,8.385,8.385,10402.0
2025-08-06T10:00:35,8.393,8.393,8.39,8.39,518.0
2025-08-06T10:00:41,8.4,8.47,8.4,8.47,13620.0
2025-08-06T10:00:42,8.47,8.49,8.42,8.42,3451.0
2025-08-06T10:00:47,8.47,8.47,8.47,8.47,547.0
2025-08-06T10:00:52,8.5,8.5,8.5,8.5,4114.0
2025-08-06T10:00:53,8.5,8.5,8.5,8.5,223.0
2025-08-06T10:00:56,8.51,8.51,8.51,8.51,1821.0
2025-08-06T10:00:57,8.525,8.525,8.525,8.525,320.0
2025-08-06T10:00:58,8.525,8.525,8.525,8.525,1211.0
2025-08-06T10:01:00,8.5699,8.5699,8.5699,8.5699,9037.0
2025-08-06T10:01:04,8.535,8.535,8.535,8.535,205.0
2025-08-06T10:01:06,8.535,8.535,8.535,8.535,201.0
2025-08-06T10:01:07,8.5,8.535,8.5,8.5017,811.0
2025-08-06T10:01:09,8.535,8.535,8.5,8.5,553.0
2025-08-06T10:01:10,8.56,8.56,8.56,8.56,133.0
2025-08-06T10:01:15,8.54,8.54,8.54,8.54,778.0
2025-08-06T10:01:18,8.52,8.56,8.52,8.5599,3680.0
2025-08-06T10:01:21,8.55,8.6,8.55,8.6,2165.0
2025-08-06T10:01:23,8.5041,8.5041,8.5041,8.5041,1100.0
2025-08-06T10:01:25,8.565,8.565,8.565,8.565,201.0
2025-08-06T10:01:27,8.565,8.565,8.565,8.565,1069.0
2025-08-06T10:01:28,8.64,8.66,8.58,8.6075,9339.0
2025-08-06T10:01:31,8.595,8.595,8.595,8.595,209.0
2025-08-06T10:01:33,8.63,8.64,8.5968,8.64,650.0
2025-08-06T10:01:34,8.64,8.64,8.64,8.64,155.0
2025-08-06T10:01:35,8.637,8.637,8.637,8.637,1000.0
2025-08-06T10:01:36,8.64,8.64,8.6182,8.64,320.0
2025-08-06T10:01:39,8.64,8.64,8.64,8.64,393.0
2025-08-06T10:01:41,8.67,8.67,8.64,8.64,459.0
2025-08-06T10:01:42,8.67,8.67,8.67,8.67,104.0
2025-08-06T10:01:43,8.6669,8.6669,8.6669,8.6669,191.0
2025-08-06T10:01:46,8.64,8.64,8.61,8.61,2767.0
2025-08-06T10:01:47,8.605,8.605,8.605,8.605,2500.0
2025-08-06T10:01:52,8.605,8.605,8.605,8.605,137.0
2025-08-06T10:01:53,8.605,8.605,8.6,8.6,1158.0
2025-08-06T10:01:54,8.5744,8.5744,8.5744,8.5744,219.0
2025-08-06T10:01:58,8.61,8.61,8.61,8.61,223.0
2025-08-06T10:02:00,8.63,8.63,8.6,8.6,1004.0
2025-08-06T10:02:03,8.6294,8.6294,8.6294,8.6294,100.0
2025-08-06T10:02:04,8.6069,8.6069,8.6069,8.6069,1038.0
2025-08-06T10:02:06,8.582,8.582,8.582,8.582,320.0
2025-08-06T10:02:07,8.63,8.66,8.63,8.66,5539.0
2025-08-06T10:02:08,8.6525,8.6525,8.645,8.645,600.0
2025-08-06T10:02:09,8.645,8.65,8.645,8.65,422.0
2025-08-06T10:02:10,8.65,8.65,8.65,8.65,100.0
2025-08-06T10:02:11,8.65,8.65,8.65,8.65,100.0
2025-08-06T10:02:12,8.645,8.645,8.645,8.645,100.0
2025-08-06T10:02:15,8.65,8.65,8.64,8.645,824.0
2025-08-06T10:02:16,8.645,8.65,8.645,8.65,464.0
2025-08-06T10:02:17,8.64,8.65,8.64,8.64,2610.0
2025-08-06T10:02:19,8.65,8.65,8.61,8.61,2937.0
2025-08-06T10:02:23,8.63,8.63,8.61,8.63,2023.0
2025-08-06T10:02:25,8.6,8.6,8.6,8.6,100.0
2025-08-06T10:02:26,8.64,8.64,8.64,8.64,1003.0
2025-08-06T10:02:29,8.604,8.604,8.604,8.604,1173.0
2025-08-06T10:02:30,8.625,8.625,8.625,8.625,345.0
2025-08-06T10:02:35,8.65,8.66,8.6425,8.6425,4269.0
2025-08-06T10:02:39,8.6541,8.6541,8.56,8.56,4776.0
2025-08-06T10:02:42,8.56,8.56,8.54,8.56,2577.0
2025-08-06T10:02:44,8.565,8.565,8.565,8.565,130.0
2025-08-06T10:02:46,8.58,8.58,8.58,8.58,337.0
2025-08-06T10:02:47,8.59,8.59,8.59,8.59,111.0
2025-08-06T10:02:50,8.57,8.57,8.57,8.57,965.0
2025-08-06T10:02:54,8.587,8.59,8.58,8.58,644.0
2025-08-06T10:02:56,8.595,8.6,8.595,8.6,304.0
2025-08-06T10:02:58,8.62,8.62,8.62,8.62,200.0
2025-08-06T10:03:02,8.59,8.59,8.58,8.58,599.0
2025-08-06T10:03:03,8.55,8.55,8.53,8.53,1822.0
2025-08-06T10:03:04,8.5399,8.5544,8.53,8.53,2901.0
2025-08-06T10:03:05,8.53,8.53,8.53,8.53,200.0
2025-08-06T10:03:10,8.52,8.52,8.5,8.5,772.0
2025-08-06T10:03:12,8.5,8.5,8.5,8.5,100.0
2025-08-06T10:03:13,8.51,8.51,8.45,8.45,1984.0
2025-08-06T10:03:16,8.48,8.48,8.48,8.48,311.0
2025-08-06T10:03:19,8.48,8.48,8.48,8.48,400.0
2025-08-06T10:03:20,8.46,8.46,8.46,8.46,310.0
2025-08-06T10:03:22,8.5,8.5,8.485,8.485,945.0
2025-08-06T10:03:24,8.47,8.4725,8.47,8.4725,1113.0
2025-08-06T10:03:25,8.4638,8.4638,8.4638,8.4638,100.0
2025-08-06T10:03:27,8.47,8.477,8.47,8.477,975.0
2025-08-06T10:03:29,8.4665,8.4665,8.4665,8.4665,200.0
2025-08-06T10:03:30,8.47,8.47,8.44,8.4525,1391.0
2025-08-06T10:03:32,8.4469,8.4469,8.4469,8.4469,119.0
2025-08-06T10:03:33,8.445,8.445,8.445,8.445,350.0
2025-08-06T10:03:41,8.44,8.44,8.44,8.44,625.0
2025-08-06T10:03:45,8.43,8.43,8.41,8.425,661.0
2025-08-06T10:03:47,8.3607,8.3607,8.3607,8.3607,518.0
2025-08-06T10:03:50,8.4094,8.4094,8.4094,8.4094,500.0
2025-08-06T10:03:52,8.43,8.43,8.43,8.43,150.0
2025-08-06T10:03:55,8.405,8.405,8.405,8.405,117.0
2025-08-06T10:04:04,8.4,8.4,8.4,8.4,231.0
2025-08-06T10:04:06,8.452,8.452,8.452,8.452,400.0
2025-08-06T10:04:10,8.4114,8.4114,8.4114,8.4114,100.0
2025-08-06T10:04:14,8.48,8.48,8.48,8.48,367.0
2025-08-06T10:04:15,8.5,8.54,8.5,8.535,5746.0
2025-08-06T10:04:16,8.54,8.54,8.54,8.54,200.0
2025-08-06T10:04:18,8.54,8.54,8.54,8.54,222.0
2025-08-06T10:04:20,8.5895,8.5895,8.5895,8.5895,205.0
2025-08-06T10:04:21,8.5075,8.5075,8.5075,8.5075,1000.0
2025-08-06T10:04:23,8.6,8.6,8.54,8.54,1200.0
2025-08-06T10:04:24,8.54,8.59,8.54,8.54,850.0
2025-08-06T10:04:28,8.6,8.6,8.6,8.6,1201.0
2025-08-06T10:04:29,8.6,8.6,8.6,8.6,152.0
2025-08-06T10:04:31,8.57,8.57,8.57,8.57,192.0
2025-08-06T10:04:32,8.57,8.57,8.57,8.57,173.0
2025-08-06T10:04:34,8.59,8.59,8.59,8.59,500.0
2025-08-06T10:04:37,8.5547,8.5547,8.5547,8.5547,1103.0
2025-08-06T10:04:42,8.5531,8.5531,8.5531,8.5531,173.0
2025-08-06T10:04:50,8.58,8.58,8.58,8.58,111.0
2025-08-06T10:04:52,8.57,8.57,8.57,8.57,250.0
2025-08-06T10:04:54,8.57,8.58,8.57,8.58,320.0
2025-08-06T10:04:56,8.56,8.56,8.56,8.56,762.0
2025-08-06T10:04:57,8.5501,8.5501,8.5501,8.5501,2500.0
2025-08-06T10:05:00,8.5892,8.5892,8.5892,8.5892,104.0
2025-08-06T10:05:12,8.5593,8.5593,8.5593,8.5593,325.0
2025-08-06T10:05:16,8.55,8.56,8.54,8.56,800.0
2025-08-06T10:05:35,8.5932,8.5932,8.5932,8.5932,474.0
2025-08-06T10:05:37,8.575,8.575,8.575,8.575,250.0
2025-08-06T10:05:38,8.575,8.575,8.505,8.56,1416.0
2025-08-06T10:05:58,8.56,8.66,8.545,8.66,14067.0
2025-08-06T10:06:02,8.66,8.66,8.6599,8.6599,1332.0
2025-08-06T10:06:03,8.5924,8.616,8.5924,8.616,2000.0
2025-08-06T10:06:05,8.65,8.65,8.65,8.65,200.0
2025-08-06T10:06:09,8.66,8.66,8.64,8.65,2342.0
2025-08-06T10:06:11,8.62,8.6309,8.58,8.6,4629.0
2025-08-06T10:06:12,8.61,8.61,8.61,8.61,235.0
2025-08-06T10:06:13,8.57,8.57,8.57,8.57,100.0
2025-08-06T10:06:22,8.6277,8.6277,8.6277,8.6277,165.0
2025-08-06T10:06:29,8.58,8.595,8.58,8.595,614.0
2025-08-06T10:06:32,8.5883,8.5883,8.5883,8.5883,301.0
2025-08-06T10:06:35,8.55,8.55,8.55,8.55,649.0
2025-08-06T10:06:39,8.5933,8.5933,8.5933,8.5933,150.0
2025-08-06T10:06:40,8.573,8.573,8.573,8.573,456.0
2025-08-06T10:06:44,8.5929,8.5929,8.5929,8.5929,136.0
2025-08-06T10:06:47,8.57,8.57,8.57,8.57,232.0
2025-08-06T10:07:01,8.64,8.66,8.64,8.66,788.0
2025-08-06T10:07:09,8.6569,8.6569,8.625,8.625,339.0
2025-08-06T10:07:14,8.66,8.66,8.66,8.66,397.0
2025-08-06T10:07:15,8.6647,8.6647,8.6647,8.6647,231.0
2025-08-06T10:07:17,8.65,8.65,8.65,8.65,1100.0
2025-08-06T10:07:20,8.652,8.652,8.652,8.652,207.0
2025-08-06T10:07:22,8.6634,8.6634,8.6634,8.6634,120.0
2025-08-06T10:07:23,8.65,8.65,8.65,8.65,106.0
2025-08-06T10:07:27,8.64,8.64,8.64,8.64,1000.0
2025-08-06T10:07:28,8.65,8.65,8.59,8.59,2995.0
2025-08-06T10:07:29,8.65,8.65,8.6,8.6295,1383.0
2025-08-06T10:07:34,8.62,8.62,8.62,8.62,200.0
2025-08-06T10:07:46,8.645,8.645,8.645,8.645,206.0
2025-08-06T10:07:52,8.62,8.62,8.62,8.62,203.0
2025-08-06T10:08:02,8.65,8.65,8.65,8.65,183.0
2025-08-06T10:08:05,8.62,8.62,8.62,8.62,409.0
2025-08-06T10:08:06,8.62,8.62,8.62,8.62,100.0
2025-08-06T10:08:07,8.63,8.63,8.63,8.63,100.0
2025-08-06T10:08:12,8.65,8.65,8.63,8.63,8156.0
2025-08-06T10:08:13,8.63,8.65,8.62,8.64,2352.0
2025-08-06T10:08:15,8.64,8.64,8.64,8.64,312.0
2025-08-06T10:08:16,8.64,8.64,8.64,8.64,219.0
2025-08-06T10:08:18,8.63,8.63,8.63,8.63,551.0
2025-08-06T10:08:22,8.64,8.64,8.64,8.64,130.0
2025-08-06T10:08:23,8.63,8.63,8.62,8.63,1139.0
2025-08-06T10:08:31,8.615,8.615,8.615,8.615,506.0
2025-08-06T10:08:36,8.6,8.6,8.59,8.59,997.0
2025-08-06T10:08:38,8.58,8.58,8.55,8.55,1814.0
2025-08-06T10:08:59,8.57,8.57,8.57,8.57,1028.0
2025-08-06T10:09:02,8.6225,8.6225,8.6225,8.6225,120.0
2025-08-06T10:09:04,8.6,8.6299,8.6,8.6,2745.0
2025-08-06T10:09:09,8.6269,8.6269,8.6269,8.6269,349.0
2025-08-06T10:09:16,8.6,8.6299,8.6,8.6299,1154.0
2025-08-06T10:09:17,8.6,8.6,8.6,8.6,165.0
2025-08-06T10:09:21,8.58,8.625,8.58,8.625,472.0
2025-08-06T10:09:27,8.62,8.62,8.61,8.615,1495.0
2025-08-06T10:09:37,8.595,8.595,8.595,8.595,200.0
2025-08-06T10:09:41,8.5903,8.5903,8.5903,8.5903,2518.0
2025-08-06T10:09:42,8.615,8.615,8.615,8.615,522.0
2025-08-06T10:09:44,8.615,8.615,8.615,8.615,228.0
2025-08-06T10:09:52,8.59,8.59,8.59,8.59,403.0
2025-08-06T10:09:59,8.6269,8.6269,8.61,8.61,250.0
2025-08-06T10:10:03,8.6,8.6,8.6,8.6,100.0
2025-08-06T10:10:21,8.6005,8.6005,8.6005,8.6005,598.0
2025-08-06T10:10:38,8.63,8.63,8.63,8.63,200.0
2025-08-06T10:10:40,8.624,8.63,8.615,8.615,2725.0
2025-08-06T10:10:57,8.61,8.61,8.61,8.61,1077.0
2025-08-06T10:10:58,8.62,8.62,8.6,8.605,3043.0
2025-08-06T10:11:02,8.605,8.605,8.605,8.605,150.0
2025-08-06T10:11:09,8.605,8.61,8.6,8.61,2158.0
2025-08-06T10:11:10,8.61,8.64,8.61,8.64,6749.0
2025-08-06T10:11:11,8.64,8.64,8.64,8.64,100.0
2025-08-06T10:11:13,8.6595,8.6595,8.64,8.64,345.0
2025-08-06T10:11:14,8.66,8.66,8.645,8.645,317.0
2025-08-06T10:11:15,8.645,8.645,8.62,8.62,3116.0
2025-08-06T10:11:16,8.63,8.63,8.63,8.63,104.0
2025-08-06T10:11:18,8.61,8.61,8.6,8.6,1633.0
2025-08-06T10:11:20,8.5902,8.5902,8.5902,8.5902,2623.0
2025-08-06T10:11:23,8.59,8.59,8.59,8.59,1068.0
2025-08-06T10:11:24,8.57,8.57,8.57,8.57,930.0
2025-08-06T10:11:29,8.59,8.59,8.59,8.59,100.0
2025-08-06T10:11:39,8.59,8.6051,8.59,8.6051,1029.0
2025-08-06T10:11:40,8.57,8.58,8.566,8.566,1936.0
2025-08-06T10:11:43,8.5899,8.5899,8.5899,8.5899,1002.0
2025-08-06T10:11:47,8.575,8.59,8.575,8.579,1800.0
2025-08-06T10:11:48,8.5714,8.5714,8.5714,8.5714,127.0
2025-08-06T10:11:59,8.57,8.57,8.57,8.57,186.0
2025-08-06T10:12:02,8.565,8.565,8.565,8.565,415.0
2025-08-06T10:12:03,8.57,8.57,8.57,8.57,150.0
2025-08-06T10:12:06,8.57,8.59,8.57,8.59,1100.0
2025-08-06T10:12:07,8.61,8.61,8.61,8.61,504.0
2025-08-06T10:12:12,8.61,8.61,8.61,8.61,506.0
2025-08-06T10:12:24,8.625,8.625,8.625,8.625,200.0
2025-08-06T10:12:26,8.63,8.63,8.63,8.63,242.0
2025-08-06T10:12:47,8.62,8.62,8.62,8.62,195.0
2025-08-06T10:12:52,8.62,8.62,8.62,8.62,288.0
2025-08-06T10:12:53,8.64,8.66,8.63,8.645,16454.0
2025-08-06T10:12:54,8.65,8.65,8.65,8.65,489.0
2025-08-06T10:13:00,8.64,8.7,8.64,8.685,12346.0
2025-08-06T10:13:02,8.685,8.705,8.685,8.7,1350.0
2025-08-06T10:13:04,8.74,8.76,8.73,8.75,2599.0
2025-08-06T10:13:05,8.77,8.78,8.74,8.78,1170.0
2025-08-06T10:13:06,8.75,8.775,8.7375,8.7375,4804.0
2025-08-06T10:13:10,8.7899,8.7899,8.7899,8.7899,611.0
2025-08-06T10:13:11,8.7585,8.78,8.755,8.755,2192.0
2025-08-06T10:13:13,8.78,8.78,8.7675,8.7675,245.0
2025-08-06T10:13:15,8.79,8.79,8.74,8.79,1991.0
2025-08-06T10:13:16,8.7795,8.7795,8.7795,8.7795,1000.0
2025-08-06T10:13:17,8.7232,8.7232,8.7232,8.7232,121.0
2025-08-06T10:13:21,8.74,8.74,8.7,8.73,3840.0
2025-08-06T10:13:25,8.72,8.7494,8.72,8.7494,446.0
2025-08-06T10:13:26,8.71,8.725,8.71,8.725,2424.0
2025-08-06T10:13:28,8.74,8.74,8.74,8.74,222.0
2025-08-06T10:13:29,8.738,8.74,8.738,8.74,2741.0
2025-08-06T10:13:33,8.74,8.74,8.74,8.74,202.0
2025-08-06T10:13:35,8.76,8.76,8.76,8.76,205.0
2025-08-06T10:13:36,8.76,8.76,8.76,8.76,237.0
2025-08-06T10:13:39,8.755,8.776,8.755,8.776,652.0
2025-08-06T10:13:40,8.79,8.79,8.755,8.755,3681.0
2025-08-06T10:13:41,8.79,8.82,8.7591,8.7591,9575.0
2025-08-06T10:13:43,8.7999,8.8399,8.75,8.8399,4471.0
2025-08-06T10:13:44,8.83,8.85,8.8,8.81,14529.0
2025-08-06T10:13:45,8.81,8.81,8.79,8.7999,2893.0
2025-08-06T10:13:46,8.7824,8.83,8.72,8.83,5044.0
2025-08-06T10:13:47,8.8388,8.8388,8.8388,8.8388,529.0
2025-08-06T10:13:48,8.83,8.83,8.83,8.83,203.0
2025-08-06T10:13:49,8.8365,8.845,8.8365,8.845,1105.0
2025-08-06T10:13:51,8.835,8.85,8.835,8.85,405.0
2025-08-06T10:13:53,8.835,8.845,8.835,8.845,254.0
2025-08-06T10:13:54,8.85,8.85,8.835,8.835,930.0
2025-08-06T10:13:55,8.844,8.844,8.844,8.844,201.0
2025-08-06T10:13:56,8.8362,8.8362,8.8362,8.8362,245.0
2025-08-06T10:13:58,8.835,8.835,8.835,8.835,551.0
2025-08-06T10:13:59,8.85,8.8682,8.85,8.8682,2291.0
2025-08-06T10:14:00,8.8475,8.8475,8.843,8.843,379.0
2025-08-06T10:14:01,8.85,8.855,8.82,8.8401,4422.0
2025-08-06T10:14:02,8.82,8.84,8.82,8.84,4410.0
2025-08-06T10:14:05,8.81,8.81,8.81,8.81,261.0
2025-08-06T10:14:07,8.84,8.84,8.84,8.84,309.0
2025-08-06T10:14:08,8.85,8.85,8.85,8.85,214.0
2025-08-06T10:14:09,8.8668,8.8668,8.85,8.85,496.0
2025-08-06T10:14:11,8.85,8.87,8.85,8.865,5488.0
2025-08-06T10:14:13,8.8636,8.8636,8.8636,8.8636,100.0
2025-08-06T10:14:14,8.86,8.86,8.86,8.86,416.0
2025-08-06T10:14:15,8.85,8.85,8.85,8.85,204.0
2025-08-06T10:14:16,8.85,8.85,8.85,8.85,301.0
2025-08-06T10:14:18,8.865,8.865,8.865,8.865,1105.0
2025-08-06T10:14:19,8.8734,8.88,8.8734,8.88,343.0
2025-08-06T10:14:21,8.8767,8.8767,8.865,8.865,2539.0
2025-08-06T10:14:23,8.8796,8.8799,8.8796,8.8799,579.0
2025-08-06T10:14:24,8.8799,8.8799,8.8799,8.8799,1000.0
2025-08-06T10:14:25,8.8734,8.88,8.8734,8.88,266.0
2025-08-06T10:14:26,8.88,8.9,8.88,8.9,4264.0
2025-08-06T10:14:27,8.8944,8.895,8.89,8.89,727.0
2025-08-06T10:14:28,8.9,8.9,8.8854,8.8854,2003.0
2025-08-06T10:14:29,8.9,8.9,8.9,8.9,1289.0
2025-08-06T10:14:30,8.93,8.93,8.9,8.9,2219.0
2025-08-06T10:14:31,8.915,8.925,8.9101,8.925,1713.0
2025-08-06T10:14:32,8.9349,8.94,8.9349,8.94,674.0
2025-08-06T10:14:33,8.91,8.94,8.91,8.94,1470.0
2025-08-06T10:14:36,8.94,8.94,8.94,8.94,1238.0
2025-08-06T10:14:37,8.915,8.9241,8.915,8.9241,209.0
2025-08-06T10:14:38,8.93,8.93,8.93,8.93,1047.0
2025-08-06T10:14:39,8.92,8.92,8.92,8.92,177.0
2025-08-06T10:14:40,8.9092,8.918,8.9001,8.9001,340.0
2025-08-06T10:14:41,8.918,8.918,8.9056,8.9056,2102.0
2025-08-06T10:14:42,8.9399,8.9399,8.9399,8.9399,149.0
2025-08-06T10:14:43,8.9216,8.9216,8.9216,8.9216,273.0
2025-08-06T10:14:44,8.94,8.94,8.94,8.94,684.0
2025-08-06T10:14:45,8.94,8.94,8.9134,8.9134,624.0
2025-08-06T10:14:47,8.94,8.94,8.94,8.94,149.0
2025-08-06T10:14:48,8.92,8.92,8.92,8.92,743.0
2025-08-06T10:14:51,8.9367,8.94,8.9367,8.94,766.0
2025-08-06T10:14:52,8.925,8.94,8.92,8.92,951.0
2025-08-06T10:14:54,8.94,8.94,8.92,8.924,624.0
2025-08-06T10:14:55,8.92,8.92,8.92,8.92,1064.0
2025-08-06T10:14:56,8.92,8.92,8.895,8.895,12318.0
2025-08-06T10:14:57,8.87,8.89,8.87,8.8706,9682.0
2025-08-06T10:14:58,8.9,8.93,8.9,8.93,239.0
2025-08-06T10:15:00,8.9,8.9,8.9,8.9,2005.0
2025-08-06T10:15:02,8.87,8.87,8.86,8.86,681.0
2025-08-06T10:15:03,8.88,8.88,8.86,8.86,1100.0
2025-08-06T10:15:04,8.86,8.86,8.86,8.86,374.0
2025-08-06T10:15:05,8.868,8.868,8.868,8.868,181.0
2025-08-06T10:15:06,8.8948,8.8948,8.8948,8.8948,221.0
2025-08-06T10:15:07,8.88,8.88,8.88,8.88,335.0
2025-08-06T10:15:08,8.86,8.88,8.86,8.88,453.0
2025-08-06T10:15:09,8.86,8.8999,8.86,8.8999,3920.0
2025-08-06T10:15:10,8.88,8.88,8.87,8.88,639.0
2025-08-06T10:15:11,8.88,8.88,8.88,8.88,103.0
2025-08-06T10:15:12,8.88,8.88,8.88,8.88,108.0
2025-08-06T10:15:14,8.9,8.9,8.9,8.9,201.0
2025-08-06T10:15:15,8.89,8.89,8.89,8.89,286.0
2025-08-06T10:15:16,8.8605,8.8605,8.8605,8.8605,114.0
2025-08-06T10:15:20,8.88,8.8801,8.86,8.88,6415.0
2025-08-06T10:15:22,8.88,8.89,8.88,8.89,369.0
2025-08-06T10:15:31,8.885,8.885,8.885,8.885,475.0
2025-08-06T10:15:32,8.87,8.87,8.87,8.87,166.0
2025-08-06T10:15:35,8.86,8.8601,8.81,8.81,2256.0
2025-08-06T10:15:36,8.83,8.83,8.83,8.83,159.0
2025-08-06T10:15:37,8.8461,8.8461,8.8461,8.8461,1002.0
2025-08-06T10:15:38,8.84,8.85,8.84,8.85,1250.0
2025-08-06T10:15:39,8.87,8.87,8.87,8.87,374.0
2025-08-06T10:15:43,8.85,8.85,8.85,8.85,150.0
2025-08-06T10:15:47,8.85,8.85,8.85,8.85,173.0
2025-08-06T10:15:48,8.88,8.88,8.88,8.88,515.0
2025-08-06T10:15:53,8.83,8.85,8.82,8.85,4319.0
2025-08-06T10:15:59,8.85,8.85,8.85,8.85,189.0
2025-08-06T10:16:00,8.85,8.85,8.85,8.85,129.0
2025-08-06T10:16:02,8.85,8.85,8.85,8.85,101.0
2025-08-06T10:16:04,8.85,8.85,8.85,8.85,112.0
2025-08-06T10:16:14,8.83,8.83,8.83,8.83,104.0
2025-08-06T10:16:16,8.82,8.82,8.82,8.82,265.0
2025-08-06T10:16:17,8.829,8.835,8.829,8.835,300.0
2025-08-06T10:16:18,8.835,8.835,8.835,8.835,302.0
2025-08-06T10:16:19,8.83,8.835,8.8,8.81,2755.0
2025-08-06T10:16:21,8.8053,8.8053,8.8053,8.8053,229.0
2025-08-06T10:16:25,8.795,8.81,8.795,8.81,889.0
2025-08-06T10:16:26,8.82,8.82,8.82,8.82,2008.0
2025-08-06T10:16:29,8.81,8.81,8.8,8.8,261.0
2025-08-06T10:16:37,8.8225,8.8225,8.8225,8.8225,804.0
2025-08-06T10:16:38,8.83,8.83,8.83,8.83,542.0
2025-08-06T10:16:39,8.83,8.85,8.83,8.85,339.0
2025-08-06T10:16:40,8.85,8.85,8.85,8.85,407.0
2025-08-06T10:16:44,8.83,8.83,8.83,8.83,1054.0
2025-08-06T10:16:46,8.85,8.88,8.85,8.873,3670.0
2025-08-06T10:16:48,8.9,8.9,8.9,8.9,561.0
2025-08-06T10:16:52,8.9144,8.92,8.9,8.92,3689.0
2025-08-06T10:16:53,8.92,8.93,8.92,8.93,872.0
2025-08-06T10:16:54,8.92,8.92,8.92,8.92,2010.0
2025-08-06T10:16:57,8.93,8.93,8.915,8.915,303.0
2025-08-06T10:16:58,8.94,8.94,8.91,8.9338,1857.0
2025-08-06T10:16:59,8.9396,8.9396,8.9075,8.9075,612.0
2025-08-06T10:17:01,8.915,8.915,8.915,8.915,123.0
2025-08-06T10:17:03,8.93,8.93,8.93,8.93,251.0
2025-08-06T10:17:04,8.9399,8.9399,8.91,8.91,1338.0
2025-08-06T10:17:06,8.93,8.93,8.93,8.93,204.0
2025-08-06T10:17:09,8.925,8.93,8.9,8.9,2131.0
2025-08-06T10:17:11,8.9097,8.9097,8.9097,8.9097,2602.0
2025-08-06T10:17:14,8.88,8.88,8.87,8.87,2624.0
2025-08-06T10:17:15,8.81,8.83,8.78,8.78,4745.0
2025-08-06T10:17:16,8.7937,8.7937,8.7937,8.7937,459.0
2025-08-06T10:17:17,8.8332,8.8332,8.83,8.83,200.0
2025-08-06T10:17:18,8.83,8.83,8.82,8.8201,2052.0
2025-08-06T10:17:21,8.85,8.85,8.85,8.85,266.0
2025-08-06T10:17:28,8.8578,8.8578,8.855,8.855,442.0
2025-08-06T10:17:31,8.86,8.86,8.86,8.86,250.0
2025-08-06T10:17:32,8.855,8.855,8.855,8.855,878.0
2025-08-06T10:17:40,8.87,8.87,8.87,8.87,201.0
2025-08-06T10:17:44,8.87,8.87,8.87,8.87,137.0
2025-08-06T10:17:45,8.8896,8.8896,8.8896,8.8896,228.0
2025-08-06T10:17:50,8.8861,8.8861,8.88,8.88,201.0
2025-08-06T10:17:53,8.875,8.875,8.875,8.875,142.0
2025-08-06T10:18:03,8.875,8.8991,8.875,8.8991,1024.0
2025-08-06T10:18:05,8.8997,8.8997,8.8997,8.8997,786.0
2025-08-06T10:18:07,8.87,8.87,8.84,8.84,1106.0
2025-08-06T10:18:08,8.8615,8.8615,8.8615,8.8615,704.0
2025-08-06T10:18:09,8.88,8.88,8.88,8.88,514.0
2025-08-06T10:18:11,8.8401,8.8401,8.8401,8.8401,102.0
2025-08-06T10:18:14,8.8572,8.8572,8.8572,8.8572,101.0
2025-08-06T10:18:23,8.89,8.89,8.89,8.89,976.0
2025-08-06T10:18:25,8.91,8.92,8.91,8.92,2178.0
2025-08-06T10:18:31,8.895,8.895,8.895,8.895,2000.0
2025-08-06T10:18:35,8.87,8.89,8.87,8.871,2111.0
2025-08-06T10:18:36,8.873,8.885,8.873,8.885,503.0
2025-08-06T10:18:37,8.89,8.89,8.89,8.89,332.0
2025-08-06T10:18:47,8.8801,8.8801,8.8801,8.8801,166.0
2025-08-06T10:18:51,8.9,8.9,8.9,8.9,1024.0
2025-08-06T10:18:53,8.92,8.92,8.92,8.92,501.0
2025-08-06T10:18:54,8.88,8.88,8.88,8.88,113.0
2025-08-06T10:18:56,8.8898,8.89,8.8898,8.89,811.0
2025-08-06T10:18:58,8.9,8.9,8.89,8.9,1976.0
2025-08-06T10:19:00,8.9,8.9,8.9,8.9,1648.0
2025-08-06T10:19:01,8.91,8.91,8.91,8.91,151.0
2025-08-06T10:19:03,8.9,8.92,8.9,8.92,410.0
2025-08-06T10:19:04,8.9395,8.9395,8.9395,8.9395,2501.0
2025-08-06T10:19:05,8.9,8.9,8.9,8.9,413.0
2025-08-06T10:19:06,8.915,8.915,8.915,8.915,121.0
2025-08-06T10:19:09,8.9399,8.9399,8.9399,8.9399,177.0
2025-08-06T10:19:10,8.915,8.915,8.915,8.915,114.0
2025-08-06T10:19:21,8.92,8.92,8.92,8.92,173.0
2025-08-06T10:19:22,8.92,8.92,8.92,8.92,316.0
2025-08-06T10:19:28,8.92,8.92,8.92,8.92,228.0
2025-08-06T10:19:31,8.91,8.9208,8.895,8.905,1941.0
2025-08-06T10:19:32,8.905,8.905,8.905,8.905,100.0
2025-08-06T10:19:37,8.94,8.94,8.87,8.87,4390.0
2025-08-06T10:19:42,8.89,8.89,8.875,8.875,601.0
2025-08-06T10:19:43,8.875,8.89,8.86,8.86,6248.0
2025-08-06T10:19:45,8.88,8.88,8.8501,8.8501,2100.0
2025-08-06T10:19:48,8.85,8.85,8.85,8.85,100.0
2025-08-06T10:19:53,8.8635,8.8635,8.8635,8.8635,1128.0
2025-08-06T10:19:54,8.8695,8.8695,8.8695,8.8695,1000.0
2025-08-06T10:19:56,8.8501,8.8501,8.8501,8.8501,102.0
2025-08-06T10:19:57,8.87,8.87,8.86,8.86,781.0
2025-08-06T10:19:59,8.85,8.88,8.85,8.88,4127.0
2025-08-06T10:20:01,8.905,9.01,8.905,9.0091,26254.0
2025-08-06T10:20:02,8.97,8.97,8.97,8.97,546.0
2025-08-06T10:20:04,8.998,8.998,8.9753,8.9753,344.0
2025-08-06T10:20:05,9.0027,9.0027,9.0027,9.0027,300.0
2025-08-06T10:20:06,9.01,9.01,9.01,9.01,200.0
2025-08-06T10:20:08,8.98,8.98,8.93,8.93,1341.0
2025-08-06T10:20:11,8.9536,8.9536,8.9536,8.9536,100.0
2025-08-06T10:20:13,8.933,8.933,8.93,8.93,2780.0
2025-08-06T10:20:16,8.91,8.92,8.91,8.92,1278.0
2025-08-06T10:20:17,8.9246,8.9246,8.9246,8.9246,100.0
2025-08-06T10:20:20,8.91,8.91,8.91,8.91,125.0
2025-08-06T10:20:21,8.91,8.91,8.91,8.91,100.0
2025-08-06T10:20:22,8.92,8.92,8.92,8.92,232.0
2025-08-06T10:20:23,8.8901,8.8901,8.8901,8.8901,263.0
2025-08-06T10:20:26,8.91,8.91,8.91,8.91,100.0
2025-08-06T10:20:28,8.91,8.91,8.91,8.91,200.0
2025-08-06T10:20:30,8.9299,8.9299,8.9299,8.9299,300.0
2025-08-06T10:20:32,8.95,8.95,8.95,8.95,729.0
2025-08-06T10:20:39,9.0,9.0,9.0,9.0,1000.0
2025-08-06T10:20:45,8.9256,8.9256,8.9256,8.9256,101.0
2025-08-06T10:20:46,8.9999,8.9999,8.9999,8.9999,106.0
2025-08-06T10:20:47,8.9834,8.9999,8.9834,8.9999,210.0
2025-08-06T10:20:48,8.965,8.965,8.965,8.965,411.0
2025-08-06T10:20:49,8.9388,8.9388,8.9388,8.9388,108.0
2025-08-06T10:20:53,9.0,9.0,8.97,8.98,1401.0
2025-08-06T10:20:55,8.94,8.99,8.94,8.99,3530.0
2025-08-06T10:20:57,8.9863,8.9863,8.9863,8.9863,1005.0
2025-08-06T10:20:58,8.9432,8.9432,8.9432,8.9432,235.0
2025-08-06T10:21:01,8.94,8.94,8.94,8.94,416.0
2025-08-06T10:21:03,8.9854,8.9854,8.942,8.942,512.0
2025-08-06T10:21:06,8.9631,8.9631,8.9631,8.9631,100.0
2025-08-06T10:21:07,8.94,8.94,8.92,8.92,515.0
2025-08-06T10:21:08,8.9399,8.9399,8.93,8.93,2377.0
2025-08-06T10:21:11,8.93,8.93,8.93,8.93,214.0
2025-08-06T10:21:18,8.92,8.92,8.8962,8.92,907.0
2025-08-06T10:21:20,8.89,8.89,8.89,8.89,3006.0
2025-08-06T10:21:21,8.88,8.8801,8.79,8.83,20481.0
2025-08-06T10:21:22,8.8001,8.8001,8.8001,8.8001,9211.0
2025-08-06T10:21:24,8.808,8.808,8.808,8.808,240.0
2025-08-06T10:21:30,8.8495,8.8495,8.8495,8.8495,1110.0
2025-08-06T10:21:33,8.8001,8.8001,8.8001,8.8001,9022.0
2025-08-06T10:21:34,8.8,8.801,8.64,8.705,24635.0
2025-08-06T10:21:35,8.65,8.73,8.65,8.7294,2919.0
2025-08-06T10:21:36,8.7,8.7,8.7,8.7,586.0
2025-08-06T10:21:37,8.68,8.705,8.67,8.705,3149.0
2025-08-06T10:21:38,8.7078,8.71,8.7078,8.71,1306.0
2025-08-06T10:21:39,8.731,8.731,8.731,8.731,100.0
2025-08-06T10:21:40,8.6926,8.7,8.6926,8.7,532.0
2025-08-06T10:21:41,8.73,8.76,8.724,8.76,3892.0
2025-08-06T10:21:42,8.73,8.7594,8.73,8.7594,500.0
2025-08-06T10:21:45,8.7202,8.7401,8.6963,8.7401,3406.0
2025-08-06T10:21:46,8.74,8.74,8.701,8.701,1497.0
2025-08-06T10:21:51,8.73,8.7455,8.73,8.7455,673.0
2025-08-06T10:21:53,8.7078,8.77,8.7078,8.77,494.0
2025-08-06T10:21:56,8.7,8.7,8.7,8.7,617.0
2025-08-06T10:21:57,8.7,8.7,8.7,8.7,410.0
2025-08-06T10:22:01,8.7699,8.7699,8.7699,8.7699,1186.0
2025-08-06T10:22:02,8.75,8.77,8.75,8.77,1828.0
2025-08-06T10:22:12,8.7201,8.7201,8.7201,8.7201,500.0
2025-08-06T10:22:15,8.77,8.77,8.77,8.77,631.0
2025-08-06T10:22:16,8.75,8.75,8.75,8.75,188.0
2025-08-06T10:22:23,8.75,8.7645,8.75,8.7645,482.0
2025-08-06T10:22:37,8.76,8.76,8.72,8.72,1361.0
2025-08-06T10:22:42,8.755,8.755,8.755,8.755,557.0
2025-08-06T10:22:43,8.77,8.77,8.77,8.77,907.0
2025-08-06T10:22:47,8.7975,8.7975,8.7975,8.7975,100.0
2025-08-06T10:22:52,8.7975,8.7975,8.7975,8.7975,100.0
2025-08-06T10:22:53,8.77,8.77,8.77,8.77,288.0
2025-08-06T10:22:57,8.78,8.8099,8.78,8.8099,2900.0
2025-08-06T10:22:58,8.7999,8.7999,8.7999,8.7999,200.0
2025-08-06T10:23:06,8.75,8.75,8.75,8.75,445.0
2025-08-06T10:23:12,8.7829,8.7829,8.7829,8.7829,200.0
2025-08-06T10:23:18,8.785,8.785,8.785,8.785,227.0
2025-08-06T10:23:41,8.79,8.79,8.79,8.79,296.0
2025-08-06T10:23:44,8.74,8.74,8.74,8.74,801.0
2025-08-06T10:23:50,8.77,8.77,8.77,8.77,167.0
2025-08-06T10:23:53,8.768,8.768,8.768,8.768,102.0
2025-08-06T10:23:59,8.75,8.7895,8.74,8.7895,1218.0
2025-08-06T10:24:00,8.75,8.75,8.75,8.75,300.0
2025-08-06T10:24:07,8.755,8.755,8.755,8.755,178.0
2025-08-06T10:24:09,8.7405,8.7405,8.7405,8.7405,400.0
2025-08-06T10:24:16,8.74,8.7401,8.74,8.7401,1565.0
2025-08-06T10:24:19,8.74,8.74,8.74,8.74,100.0
2025-08-06T10:24:22,8.77,8.77,8.74,8.76,1464.0
2025-08-06T10:24:29,8.755,8.755,8.755,8.755,134.0
2025-08-06T10:24:31,8.755,8.7598,8.755,8.7594,928.0
2025-08-06T10:24:50,8.77,8.77,8.73,8.73,202.0
2025-08-06T10:24:54,8.755,8.755,8.755,8.755,191.0
2025-08-06T10:24:55,8.755,8.755,8.755,8.755,108.0
2025-08-06T10:25:03,8.73,8.73,8.73,8.73,623.0
2025-08-06T10:25:06,8.755,8.755,8.755,8.755,239.0
2025-08-06T10:25:09,8.76,8.76,8.76,8.76,150.0
2025-08-06T10:25:17,8.74,8.74,8.74,8.74,587.0
2025-08-06T10:25:24,8.74,8.74,8.74,8.74,400.0
2025-08-06T10:25:25,8.735,8.735,8.735,8.735,170.0
2025-08-06T10:25:26,8.7469,8.7469,8.7469,8.7469,500.0
2025-08-06T10:25:28,8.7365,8.7365,8.7365,8.7365,2500.0
2025-08-06T10:25:36,8.75,8.75,8.75,8.75,548.0
2025-08-06T10:25:40,8.7304,8.74,8.7304,8.74,458.0
2025-08-06T10:25:42,8.73,8.73,8.72,8.72,1726.0
2025-08-06T10:25:43,8.7699,8.7699,8.65,8.72,4988.0
2025-08-06T10:25:44,8.69,8.69,8.6501,8.69,1096.0
2025-08-06T10:25:49,8.695,8.695,8.6703,8.6703,886.0
2025-08-06T10:25:58,8.68,8.68,8.68,8.68,101.0
2025-08-06T10:25:59,8.68,8.68,8.67,8.67,951.0
2025-08-06T10:26:00,8.72,8.72,8.72,8.72,895.0
2025-08-06T10:26:03,8.71,8.71,8.7,8.7,900.0
2025-08-06T10:26:10,8.722,8.722,8.722,8.722,2500.0
2025-08-06T10:26:12,8.7211,8.7211,8.7211,8.7211,100.0
2025-08-06T10:26:14,8.72,8.72,8.72,8.72,1003.0
2025-08-06T10:26:19,8.7,8.7,8.7,8.7,100.0
2025-08-06T10:26:20,8.7,8.7,8.7,8.7,120.0
2025-08-06T10:26:21,8.72,8.72,8.7,8.7,2052.0
2025-08-06T10:26:23,8.7,8.7,8.7,8.7,200.0
2025-08-06T10:26:24,8.7,8.7,8.7,8.7,385.0
2025-08-06T10:26:33,8.725,8.76,8.72,8.76,2217.0
2025-08-06T10:26:35,8.735,8.735,8.735,8.735,2150.0
2025-08-06T10:26:39,8.7595,8.7595,8.7595,8.7595,500.0
2025-08-06T10:26:42,8.7177,8.7177,8.7177,8.7177,230.0
2025-08-06T10:26:52,8.72,8.74,8.72,8.74,1659.0
2025-08-06T10:26:59,8.7101,8.7101,8.7101,8.7101,120.0
2025-08-06T10:27:00,8.72,8.72,8.72,8.72,293.0
2025-08-06T10:27:02,8.735,8.735,8.735,8.735,101.0
2025-08-06T10:27:04,8.7375,8.7375,8.7375,8.7375,1009.0
2025-08-06T10:27:08,8.71,8.71,8.7,8.7,1380.0
2025-08-06T10:27:13,8.7269,8.7269,8.7269,8.7269,240.0
2025-08-06T10:27:16,8.72,8.72,8.72,8.72,100.0
2025-08-06T10:27:19,8.705,8.705,8.68,8.68,700.0
2025-08-06T10:27:24,8.71,8.71,8.71,8.71,100.0
2025-08-06T10:27:36,8.707,8.707,8.707,8.707,220.0
2025-08-06T10:27:40,8.69,8.71,8.69,8.71,200.0
2025-08-06T10:27:43,8.74,8.74,8.74,8.74,200.0
2025-08-06T10:27:44,8.71,8.71,8.71,8.71,665.0
2025-08-06T10:27:48,8.68,8.68,8.67,8.67,1153.0
2025-08-06T10:27:49,8.65,8.6516,8.6,8.6,9029.0
2025-08-06T10:27:50,8.6,8.62,8.6,8.604,5551.0
2025-08-06T10:27:51,8.62,8.62,8.62,8.62,255.0
2025-08-06T10:27:52,8.65,8.65,8.65,8.65,1001.0
2025-08-06T10:28:05,8.61,8.61,8.61,8.61,200.0
2025-08-06T10:28:13,8.61,8.61,8.61,8.61,395.0
2025-08-06T10:28:15,8.63,8.63,8.63,8.63,1151.0
2025-08-06T10:28:16,8.61,8.6101,8.61,8.6101,539.0
2025-08-06T10:28:23,8.626,8.626,8.626,8.626,756.0
2025-08-06T10:28:24,8.619,8.619,8.619,8.619,1000.0
2025-08-06T10:28:25,8.62,8.62,8.62,8.62,1000.0
2025-08-06T10:28:26,8.61,8.62,8.6,8.62,1586.0
2025-08-06T10:28:30,8.6001,8.6001,8.6001,8.6001,102.0
2025-08-06T10:28:31,8.6227,8.6227,8.62,8.62,200.0
2025-08-06T10:28:37,8.62,8.63,8.62,8.63,1073.0
2025-08-06T10:28:40,8.62,8.62,8.62,8.62,1150.0
2025-08-06T10:28:43,8.62,8.62,8.6,8.6,1227.0
2025-08-06T10:28:45,8.62,8.62,8.62,8.62,172.0
2025-08-06T10:28:47,8.64,8.64,8.62,8.64,4477.0
2025-08-06T10:28:48,8.64,8.64,8.6,8.6001,4672.0
2025-08-06T10:29:03,8.61,8.61,8.61,8.61,1422.0
2025-08-06T10:29:05,8.6,8.6,8.6,8.6,100.0
2025-08-06T10:29:06,8.6,8.6,8.6,8.6,1557.0
2025-08-06T10:29:20,8.596,8.596,8.596,8.596,148.0
2025-08-06T10:29:29,8.62,8.62,8.6,8.61,4605.0
2025-08-06T10:29:30,8.62,8.6201,8.62,8.6201,729.0
2025-08-06T10:29:34,8.63,8.65,8.63,8.65,766.0
2025-08-06T10:29:35,8.61,8.61,8.61,8.61,101.0
2025-08-06T10:29:37,8.62,8.62,8.62,8.62,228.0
2025-08-06T10:29:40,8.61,8.61,8.61,8.61,146.0
2025-08-06T10:29:44,8.615,8.615,8.615,8.615,225.0
2025-08-06T10:29:51,8.59,8.59,8.59,8.59,455.0
2025-08-06T10:29:53,8.605,8.605,8.605,8.605,663.0
2025-08-06T10:29:55,8.61,8.61,8.61,8.61,110.0
2025-08-06T10:30:00,8.64,8.64,8.64,8.64,200.0
2025-08-06T10:30:02,8.62,8.64,8.62,8.64,2379.0
2025-08-06T10:30:18,8.625,8.63,8.6,8.63,5590.0
2025-08-06T10:30:26,8.62,8.62,8.62,8.62,751.0
2025-08-06T10:30:28,8.6,8.6,8.6,8.6,236.0
2025-08-06T10:30:31,8.59,8.59,8.59,8.59,100.0
2025-08-06T10:30:38,8.58,8.58,8.56,8.5631,4634.0
2025-08-06T10:30:40,8.56,8.56,8.56,8.56,152.0
2025-08-06T10:30:46,8.585,8.585,8.585,8.585,200.0
2025-08-06T10:30:50,8.585,8.585,8.56,8.56,2855.0
2025-08-06T10:30:59,8.57,8.57,8.57,8.57,223.0
2025-08-06T10:31:26,8.5765,8.5765,8.5765,8.5765,100.0
2025-08-06T10:31:33,8.572,8.576,8.572,8.576,627.0
2025-08-06T10:31:49,8.57,8.57,8.57,8.57,713.0
2025-08-06T10:31:51,8.576,8.576,8.57,8.57,334.0
2025-08-06T10:31:52,8.57,8.57,8.56,8.56,2598.0
2025-08-06T10:32:01,8.58,8.58,8.58,8.58,100.0
2025-08-06T10:32:17,8.5969,8.5969,8.56,8.56,1637.0
2025-08-06T10:32:20,8.59,8.59,8.59,8.59,305.0
2025-08-06T10:32:22,8.58,8.58,8.58,8.58,199.0
2025-08-06T10:32:26,8.58,8.58,8.58,8.58,221.0
2025-08-06T10:32:33,8.58,8.58,8.58,8.58,351.0
2025-08-06T10:33:06,8.58,8.58,8.58,8.58,500.0
2025-08-06T10:33:19,8.57,8.57,8.55,8.55,5941.0
2025-08-06T10:33:21,8.545,8.59,8.545,8.57,2585.0
2025-08-06T10:33:37,8.6,8.61,8.6,8.6,2597.0
2025-08-06T10:33:39,8.62,8.62,8.62,8.62,104.0
2025-08-06T10:33:42,8.61,8.61,8.61,8.61,179.0
2025-08-06T10:33:53,8.63,8.67,8.63,8.67,1666.0
2025-08-06T10:33:56,8.69,8.7,8.69,8.7,475.0
2025-08-06T10:34:10,8.6915,8.6915,8.675662,8.68431,804.0
2025-08-06T10:34:14,8.675,8.675,8.675,8.675,200.0
2025-08-06T10:34:17,8.6999,8.6999,8.6999,8.6999,149.0
2025-08-06T10:34:18,8.6775,8.6775,8.6775,8.6775,500.0
2025-08-06T10:34:19,8.69,8.69,8.69,8.69,675.0
2025-08-06T10:34:20,8.697,8.697,8.697,8.697,500.0
2025-08-06T10:34:24,8.69,8.69,8.69,8.69,130.0
2025-08-06T10:34:30,8.69,8.69,8.69,8.69,584.0
2025-08-06T10:34:31,8.69,8.69,8.69,8.69,101.0
2025-08-06T10:34:39,8.68,8.68,8.68,8.68,501.0
2025-08-06T10:34:45,8.685,8.685,8.67,8.6701,5287.0
2025-08-06T10:34:48,8.659,8.659,8.659,8.659,126.0
2025-08-06T10:34:51,8.6614,8.6614,8.6614,8.6614,284.0
2025-08-06T10:34:54,8.65,8.65,8.65,8.65,513.0
2025-08-06T10:35:04,8.645,8.645,8.645,8.645,107.0
2025-08-06T10:35:25,8.645,8.645,8.645,8.645,205.0
2025-08-06T10:35:44,8.63,8.63,8.62,8.62,1088.0
2025-08-06T10:36:15,8.59,8.59,8.59,8.59,100.0
2025-08-06T10:36:16,8.605,8.605,8.605,8.605,2622.0
2025-08-06T10:36:20,8.6,8.6,8.6,8.6,286.0
2025-08-06T10:36:24,8.61,8.61,8.61,8.61,1000.0
2025-08-06T10:36:35,8.61,8.61,8.61,8.61,234.0
2025-08-06T10:36:47,8.62,8.62,8.62,8.62,202.0
2025-08-06T10:36:53,8.63,8.63,8.63,8.63,717.0
2025-08-06T10:36:55,8.6384,8.6384,8.6384,8.6384,159.0
2025-08-06T10:37:02,8.62,8.62,8.62,8.62,296.0
2025-08-06T10:37:08,8.6001,8.6001,8.6001,8.6001,113.0
2025-08-06T10:37:45,8.625,8.625,8.625,8.625,500.0
2025-08-06T10:37:53,8.63,8.63,8.63,8.63,284.0
2025-08-06T10:38:04,8.64,8.64,8.61,8.61,1091.0
2025-08-06T10:38:56,8.63,8.63,8.63,8.63,128.0
2025-08-06T10:39:03,8.6616,8.6616,8.6616,8.6616,1000.0
2025-08-06T10:39:14,8.6499,8.6499,8.6499,8.6499,100.0
2025-08-06T10:39:32,8.64,8.64,8.64,8.64,200.0
2025-08-06T10:39:35,8.6398,8.6398,8.6398,8.6398,100.0
2025-08-06T10:39:38,8.62,8.62,8.6,8.6,2378.0
2025-08-06T10:39:45,8.56,8.583,8.56,8.583,4638.0
2025-08-06T10:40:15,8.6,8.62,8.595,8.595,1192.0
2025-08-06T10:40:42,8.625,8.625,8.62,8.62,404.0
2025-08-06T10:40:48,8.6569,8.6569,8.6569,8.6569,227.0
2025-08-06T10:40:50,8.63,8.63,8.63,8.63,2522.0
2025-08-06T10:41:04,8.65,8.65,8.65,8.65,100.0
2025-08-06T10:41:05,8.65,8.65,8.65,8.65,253.0
2025-08-06T10:41:14,8.65,8.65,8.65,8.65,203.0
2025-08-06T10:41:17,8.66,8.66,8.64,8.65,1522.0
2025-08-06T10:41:22,8.66,8.66,8.66,8.66,391.0
2025-08-06T10:41:42,8.6936,8.7,8.6936,8.7,2156.0
2025-08-06T10:41:43,8.6921,8.6921,8.6921,8.6921,109.0
2025-08-06T10:41:47,8.69,8.73,8.675,8.72,7256.0
2025-08-06T10:41:49,8.725,8.725,8.725,8.725,140.0
2025-08-06T10:41:50,8.725,8.7385,8.725,8.73,2500.0
2025-08-06T10:42:16,8.73,8.73,8.73,8.73,600.0
2025-08-06T10:42:20,8.722,8.722,8.722,8.722,189.0
2025-08-06T10:42:25,8.72,8.72,8.71,8.71,266.0
2025-08-06T10:42:26,8.73,8.73,8.73,8.73,1223.0
2025-08-06T10:42:33,8.73,8.73,8.73,8.73,2534.0
2025-08-06T10:42:35,8.73,8.73,8.73,8.73,900.0
2025-08-06T10:42:42,8.72,8.72,8.69,8.69,2466.0
2025-08-06T10:42:43,8.7,8.7,8.7,8.7,100.0
2025-08-06T10:42:44,8.68,8.68,8.68,8.68,102.0
2025-08-06T10:42:54,8.68,8.68,8.68,8.68,416.0
2025-08-06T10:42:59,8.65,8.68,8.65,8.68,1402.0
2025-08-06T10:43:11,8.7193,8.7193,8.68,8.68,1100.0
2025-08-06T10:44:03,8.67,8.67,8.67,8.67,100.0
2025-08-06T10:44:06,8.68,8.68,8.68,8.68,1081.0
2025-08-06T10:44:07,8.67,8.67,8.67,8.67,2500.0
2025-08-06T10:44:08,8.66,8.66,8.65,8.65,1261.0
2025-08-06T10:44:10,8.648,8.648,8.648,8.648,2526.0
2025-08-06T10:44:11,8.66,8.66,8.66,8.66,466.0
2025-08-06T10:44:12,8.6612,8.6612,8.6612,8.6612,2330.0
2025-08-06T10:44:26,8.65,8.65,8.65,8.65,266.0
2025-08-06T10:44:28,8.6426,8.6426,8.63,8.63,756.0
2025-08-06T10:44:31,8.6315,8.6315,8.6315,8.6315,333.0
2025-08-06T10:45:21,8.61,8.61,8.605,8.605,451.0
2025-08-06T10:45:31,8.615,8.615,8.615,8.615,2000.0
2025-08-06T10:45:35,8.58,8.58,8.58,8.58,1000.0
2025-08-06T10:45:46,8.5871,8.615,8.5867,8.5867,1637.0
2025-08-06T10:45:56,8.6,8.6,8.6,8.6,751.0
2025-08-06T10:45:57,8.58,8.58,8.58,8.58,211.0
2025-08-06T10:46:04,8.61,8.61,8.61,8.61,316.0
2025-08-06T10:46:22,8.6,8.6,8.6,8.6,285.0
2025-08-06T10:46:29,8.6,8.6,8.6,8.6,377.0
2025-08-06T10:46:37,8.61,8.62,8.61,8.61,1036.0
2025-08-06T10:46:45,8.615,8.615,8.59,8.59,1189.0
2025-08-06T10:46:48,8.587,8.587,8.587,8.587,100.0
2025-08-06T10:46:57,8.58,8.58,8.58,8.58,1000.0
2025-08-06T10:47:15,8.58,8.58,8.58,8.58,103.0
2025-08-06T10:47:32,8.58,8.58,8.58,8.58,1412.0
2025-08-06T10:47:35,8.59,8.61,8.59,8.61,1659.0
2025-08-06T10:47:36,8.61,8.61,8.61,8.61,409.0
2025-08-06T10:47:43,8.62,8.62,8.62,8.62,492.0
2025-08-06T10:47:44,8.6496,8.6496,8.6496,8.6496,2573.0
2025-08-06T10:47:47,8.63,8.63,8.62,8.62,1100.0
2025-08-06T10:47:48,8.622,8.622,8.622,8.622,300.0
2025-08-06T10:47:54,8.6146,8.63,8.6146,8.63,3014.0
2025-08-06T10:47:59,8.64,8.64,8.64,8.64,420.0
2025-08-06T10:48:03,8.645,8.67,8.645,8.67,2062.0
2025-08-06T10:48:10,8.65,8.65,8.65,8.65,300.0
2025-08-06T10:48:15,8.66,8.66,8.66,8.66,100.0
2025-08-06T10:48:25,8.63,8.64,8.63,8.64,1010.0
2025-08-06T10:48:28,8.64,8.64,8.64,8.64,100.0
2025-08-06T10:48:35,8.66,8.66,8.66,8.66,591.0
2025-08-06T10:48:39,8.6744,8.6744,8.6744,8.6744,401.0
2025-08-06T10:48:43,8.6756,8.6756,8.6756,8.6756,100.0
2025-08-06T10:48:50,8.6769,8.6769,8.6769,8.6769,174.0
2025-08-06T10:49:05,8.68,8.68,8.68,8.68,100.0
2025-08-06T10:49:07,8.68,8.68,8.68,8.68,1185.0
2025-08-06T10:49:19,8.665,8.665,8.665,8.665,151.0
2025-08-06T10:49:23,8.66,8.66,8.66,8.66,100.0
2025-08-06T10:49:42,8.68,8.68,8.665,8.665,200.0
2025-08-06T10:49:57,8.67,8.67,8.65,8.65,1904.0
2025-08-06T10:49:58,8.635,8.638,8.635,8.638,2716.0
2025-08-06T10:50:02,8.65,8.65,8.65,8.65,100.0
2025-08-06T10:50:04,8.65,8.65,8.65,8.65,345.0
2025-08-06T10:50:10,8.68,8.68,8.68,8.68,1267.0
2025-08-06T10:50:11,8.6802,8.73,8.6802,8.71,4739.0
2025-08-06T10:50:12,8.75,8.75,8.75,8.75,245.0
2025-08-06T10:50:17,8.76,8.76,8.76,8.76,544.0
2025-08-06T10:50:18,8.78,8.78,8.78,8.78,179.0
2025-08-06T10:50:23,8.78,8.79,8.78,8.79,1584.0
2025-08-06T10:50:25,8.8,8.86,8.8,8.85,6503.0
2025-08-06T10:50:26,8.83,8.84,8.83,8.84,1149.0
2025-08-06T10:50:28,8.815,8.815,8.815,8.815,2547.0
2025-08-06T10:50:32,8.815,8.815,8.815,8.815,102.0
2025-08-06T10:50:36,8.827,8.827,8.827,8.827,311.0
2025-08-06T10:50:37,8.85,8.85,8.85,8.85,184.0
2025-08-06T10:50:39,8.8,8.8,8.8,8.8,1505.0
2025-08-06T10:50:54,8.81,8.81,8.81,8.81,132.0
2025-08-06T10:50:55,8.83,8.83,8.83,8.83,101.0
2025-08-06T10:51:00,8.83,8.83,8.83,8.83,200.0
2025-08-06T10:51:01,8.84,8.84,8.84,8.84,342.0
2025-08-06T10:51:16,8.83,8.83,8.83,8.83,100.0
2025-08-06T10:51:18,8.836,8.836,8.83,8.83,255.0
2025-08-06T10:51:22,8.83,8.83,8.83,8.83,257.0
2025-08-06T10:51:23,8.83,8.83,8.83,8.83,100.0
2025-08-06T10:51:28,8.85,8.8549,8.85,8.8549,1964.0
2025-08-06T10:51:29,8.845,8.845,8.845,8.845,132.0
2025-08-06T10:51:34,8.845,8.845,8.845,8.845,250.0
2025-08-06T10:51:45,8.83,8.83,8.83,8.83,124.0
2025-08-06T10:52:04,8.85,8.85,8.85,8.85,100.0
2025-08-06T10:52:17,8.862,8.862,8.862,8.862,152.0
2025-08-06T10:52:24,8.85,8.85,8.85,8.85,135.0
2025-08-06T10:52:27,8.87,8.88,8.84,8.84,7094.0
2025-08-06T10:52:28,8.84,8.84,8.82,8.83,3941.0
2025-08-06T10:52:35,8.8768,8.8768,8.8768,8.8768,509.0
2025-08-06T10:52:50,8.8778,8.8778,8.8778,8.8778,1001.0
2025-08-06T10:52:59,8.8703,8.8703,8.8703,8.8703,110.0
2025-08-06T10:53:03,8.855,8.855,8.83,8.83,2264.0
2025-08-06T10:53:05,8.855,8.855,8.855,8.855,421.0
2025-08-06T10:53:06,8.8799,8.8799,8.8799,8.8799,137.0
2025-08-06T10:53:07,8.8495,8.8495,8.8495,8.8495,150.0
2025-08-06T10:53:12,8.85,8.85,8.85,8.85,306.0
2025-08-06T10:53:14,8.86,8.86,8.86,8.86,550.0
2025-08-06T10:53:21,8.87,8.87,8.87,8.87,100.0
2025-08-06T10:53:22,8.872,8.872,8.86,8.87,1736.0
2025-08-06T10:53:31,8.87,8.94,8.87,8.91,14150.0
2025-08-06T10:53:34,8.9397,8.9397,8.9397,8.9397,370.0
2025-08-06T10:53:36,8.9205,8.9205,8.9205,8.9205,169.0
2025-08-06T10:53:40,8.9102,8.9102,8.9102,8.9102,500.0
2025-08-06T10:53:41,8.915,8.915,8.915,8.915,500.0
2025-08-06T10:53:43,8.93,8.93,8.93,8.93,948.0
2025-08-06T10:53:45,8.9067,8.9067,8.9067,8.9067,711.0
2025-08-06T10:53:48,8.93,8.9355,8.92,8.92,1446.0
2025-08-06T10:53:51,8.91,8.9101,8.91,8.9101,600.0
2025-08-06T10:53:52,8.91,8.92,8.91,8.91,3319.0
2025-08-06T10:53:53,8.91,8.92,8.91,8.91,2600.0
2025-08-06T10:53:54,8.9,8.905,8.88,8.905,3096.0
2025-08-06T10:53:56,8.9058,8.9058,8.9058,8.9058,180.0
2025-08-06T10:54:01,8.9,8.9,8.8904,8.8904,1132.0
2025-08-06T10:54:02,8.91,8.91,8.91,8.91,250.0
2025-08-06T10:54:04,8.9094,8.9094,8.9094,8.9094,100.0
2025-08-06T10:54:05,8.91,8.91,8.91,8.91,900.0
2025-08-06T10:54:06,8.91,8.91,8.91,8.91,107.0
2025-08-06T10:54:11,8.91,8.91,8.91,8.91,290.0
2025-08-06T10:54:16,8.9,8.9,8.87,8.87,3219.0
2025-08-06T10:54:17,8.86,8.86,8.86,8.86,465.0
2025-08-06T10:54:18,8.8612,8.8612,8.8612,8.8612,2298.0
2025-08-06T10:54:19,8.88,8.88,8.8795,8.8795,613.0
2025-08-06T10:54:30,8.86,8.86,8.86,8.86,122.0
2025-08-06T10:54:40,8.86,8.86,8.86,8.86,293.0
2025-08-06T10:54:47,8.86,8.86,8.86,8.86,358.0
2025-08-06T10:54:50,8.88,8.88,8.88,8.88,211.0
2025-08-06T10:54:51,8.88,8.88,8.88,8.88,217.0
2025-08-06T10:54:53,8.87,8.87,8.87,8.87,693.0
2025-08-06T10:54:54,8.86,8.86,8.83,8.85,2957.0
2025-08-06T10:55:03,8.89,8.89,8.89,8.89,233.0
2025-08-06T10:55:05,8.895,8.895,8.895,8.895,280.0
2025-08-06T10:55:08,8.88,8.88,8.88,8.88,3480.0
2025-08-06T10:55:09,8.895,8.895,8.88,8.88,307.0
2025-08-06T10:55:10,8.9,8.9,8.9,8.9,411.0
2025-08-06T10:55:11,8.89,8.89,8.89,8.89,297.0
2025-08-06T10:55:12,8.895,8.9,8.895,8.9,1000.0
2025-08-06T10:55:22,8.9065,8.9065,8.9065,8.9065,250.0
2025-08-06T10:55:25,8.89,8.89,8.89,8.89,602.0
2025-08-06T10:55:29,8.89,8.89,8.89,8.89,642.0
2025-08-06T10:55:32,8.89,8.89,8.89,8.89,200.0
2025-08-06T10:55:33,8.89,8.89,8.89,8.89,317.0
2025-08-06T10:55:35,8.891,8.891,8.891,8.891,500.0
2025-08-06T10:55:36,8.88,8.88,8.88,8.88,300.0
2025-08-06T10:55:40,8.88,8.88,8.88,8.88,2867.0
2025-08-06T10:55:41,8.87,8.87,8.87,8.87,235.0
2025-08-06T10:55:42,8.8501,8.8501,8.8501,8.8501,200.0
2025-08-06T10:56:04,8.8716,8.8716,8.8716,8.8716,100.0
2025-08-06T10:56:19,8.87,8.87,8.87,8.87,3729.0
2025-08-06T10:56:20,8.85,8.85,8.83,8.83,1037.0
2025-08-06T10:56:21,8.85,8.86,8.85,8.86,1522.0
2025-08-06T10:56:22,8.8177,8.8177,8.8177,8.8177,431.0
2025-08-06T10:56:24,8.8532,8.8532,8.8532,8.8532,100.0
2025-08-06T10:56:34,8.83,8.85,8.81,8.83,1676.0
2025-08-06T10:56:40,8.84,8.84,8.84,8.84,218.0
2025-08-06T10:56:45,8.85,8.86,8.85,8.855,1393.0
2025-08-06T10:57:18,8.85,8.85,8.85,8.85,402.0
2025-08-06T10:57:24,8.85,8.85,8.83,8.83,1270.0
2025-08-06T10:57:27,8.84,8.84,8.84,8.84,501.0
2025-08-06T10:57:31,8.855,8.855,8.855,8.855,623.0
2025-08-06T10:57:32,8.87,8.87,8.84,8.86,3351.0
2025-08-06T10:57:39,8.85,8.85,8.85,8.85,420.0
2025-08-06T10:57:41,8.85,8.85,8.85,8.85,110.0
2025-08-06T10:57:52,8.847,8.847,8.847,8.847,1000.0
2025-08-06T10:57:59,8.85,8.89,8.85,8.87,12204.0
2025-08-06T10:58:00,8.87,8.87,8.87,8.87,202.0
2025-08-06T10:58:05,8.89,8.89,8.88,8.88,1006.0
2025-08-06T10:58:06,8.89,8.9,8.89,8.9,650.0
2025-08-06T10:58:13,8.89,8.9099,8.89,8.9099,313.0
2025-08-06T10:58:26,8.89,8.89,8.89,8.89,153.0
2025-08-06T10:58:36,8.89,8.89,8.89,8.89,210.0
2025-08-06T10:58:39,8.885,8.885,8.885,8.885,101.0
2025-08-06T10:58:44,8.87,8.87,8.87,8.87,831.0
2025-08-06T10:58:45,8.8504,8.8504,8.8504,8.8504,2511.0
2025-08-06T10:58:46,8.87,8.87,8.87,8.87,100.0
2025-08-06T10:58:49,8.85,8.85,8.83,8.83,1516.0
2025-08-06T10:58:54,8.8232,8.8232,8.8232,8.8232,311.0
2025-08-06T10:59:09,8.8362,8.8362,8.8,8.8,1363.0
2025-08-06T10:59:10,8.8,8.8,8.8,8.8,100.0
2025-08-06T10:59:11,8.8001,8.8001,8.8001,8.8001,100.0
2025-08-06T10:59:14,8.8297,8.8297,8.8297,8.8297,102.0
2025-08-06T10:59:28,8.8,8.8,8.8,8.8,601.0
2025-08-06T10:59:30,8.79,8.79,8.79,8.79,527.0
2025-08-06T10:59:31,8.79,8.83,8.78,8.79,7337.0
2025-08-06T10:59:32,8.78,8.78,8.77,8.77,1296.0
2025-08-06T10:59:33,8.8,8.8,8.8,8.8,355.0
2025-08-06T10:59:36,8.7696,8.7696,8.7696,8.7696,350.0
2025-08-06T10:59:37,8.785,8.785,8.76,8.78,2360.0
2025-08-06T10:59:44,8.8,8.8,8.8,8.8,1557.0
2025-08-06T10:59:45,8.805,8.8299,8.805,8.8299,2777.0
2025-08-06T10:59:46,8.78,8.78,8.78,8.78,200.0
2025-08-06T10:59:47,8.76,8.78,8.76,8.78,2181.0
2025-08-06T10:59:49,8.77,8.77,8.77,8.77,20077.0
2025-08-06T10:59:51,8.7825,8.7825,8.7825,8.7825,2741.0
2025-08-06T11:00:01,8.81,8.81,8.81,8.81,388.0
2025-08-06T11:00:06,8.79,8.79,8.79,8.79,472.0
2025-08-06T11:00:31,8.8,8.8,8.8,8.8,600.0
2025-08-06T11:00:41,8.78,8.78,8.738,8.738,1465.0
2025-08-06T11:00:42,8.7403,8.7403,8.7403,8.7403,2502.0
2025-08-06T11:00:43,8.74,8.74,8.74,8.74,384.0
2025-08-06T11:00:44,8.745,8.77,8.73,8.77,2961.0
2025-08-06T11:00:52,8.775,8.775,8.775,8.775,200.0
2025-08-06T11:00:59,8.776,8.776,8.776,8.776,275.0
2025-08-06T11:01:07,8.758,8.758,8.758,8.758,148.0
2025-08-06T11:01:10,8.7896,8.7896,8.7896,8.7896,2204.0
2025-08-06T11:01:12,8.77,8.77,8.77,8.77,100.0
2025-08-06T11:01:20,8.768,8.768,8.768,8.768,1001.0
2025-08-06T11:01:22,8.78,8.78,8.78,8.78,200.0
2025-08-06T11:01:23,8.79,8.79,8.78,8.79,3910.0
2025-08-06T11:01:24,8.78,8.78,8.75,8.75,1300.0
2025-08-06T11:01:26,8.7725,8.7725,8.7725,8.7725,252.0
2025-08-06T11:01:40,8.75,8.75,8.75,8.75,280.0
2025-08-06T11:01:41,8.74,8.74,8.74,8.74,600.0
2025-08-06T11:01:42,8.755,8.7562,8.755,8.7562,2782.0
2025-08-06T11:01:59,8.76,8.76,8.76,8.76,100.0
2025-08-06T11:02:07,8.765,8.765,8.765,8.765,401.0
2025-08-06T11:02:14,8.77,8.7799,8.77,8.7799,2500.0
2025-08-06T11:02:15,8.77,8.77,8.77,8.77,1103.0
2025-08-06T11:02:32,8.77,8.77,8.77,8.77,100.0
2025-08-06T11:02:42,8.77,8.77,8.77,8.77,334.0
2025-08-06T11:02:43,8.76,8.76,8.76,8.76,120.0
2025-08-06T11:02:50,8.75,8.75,8.74,8.74,471.0
2025-08-06T11:02:51,8.74,8.74,8.74,8.74,231.0
2025-08-06T11:02:54,8.745,8.745,8.7353,8.7353,2800.0
2025-08-06T11:03:01,8.7368,8.7368,8.7368,8.7368,209.0
2025-08-06T11:03:02,8.743318,8.743318,8.7376,8.7376,601.0
2025-08-06T11:03:04,8.745,8.745,8.745,8.745,209.0
2025-08-06T11:03:08,8.73,8.73,8.69,8.69,1584.0
2025-08-06T11:03:13,8.6901,8.6901,8.6901,8.6901,170.0
2025-08-06T11:03:14,8.705,8.705,8.705,8.705,101.0
2025-08-06T11:03:17,8.72,8.72,8.72,8.72,176.0
2025-08-06T11:03:18,8.6929,8.6929,8.6929,8.6929,1376.0
2025-08-06T11:03:19,8.705,8.705,8.7,8.7,841.0
2025-08-06T11:03:21,8.72,8.765,8.71,8.765,10653.0
2025-08-06T11:03:22,8.77,8.77,8.77,8.77,101.0
2025-08-06T11:03:37,8.7501,8.7501,8.75,8.75,1553.0
2025-08-06T11:03:58,8.7104,8.7104,8.71,8.71,3129.0
2025-08-06T11:04:03,8.7,8.7,8.69,8.69,1467.0
2025-08-06T11:04:04,8.685,8.685,8.685,8.685,210.0
2025-08-06T11:04:06,8.69,8.69,8.69,8.69,2522.0
2025-08-06T11:04:07,8.69,8.69,8.69,8.69,220.0
2025-08-06T11:04:15,8.69,8.69,8.69,8.69,200.0
2025-08-06T11:04:16,8.67,8.67,8.67,8.67,405.0
2025-08-06T11:04:19,8.69,8.69,8.69,8.69,200.0
2025-08-06T11:04:38,8.66,8.66,8.66,8.66,568.0
2025-08-06T11:04:51,8.645,8.645,8.645,8.645,302.0
2025-08-06T11:05:00,8.6231,8.6231,8.6231,8.6231,437.0
2025-08-06T11:05:06,8.6699,8.6699,8.6699,8.6699,1002.0
2025-08-06T11:05:07,8.645,8.645,8.645,8.645,100.0
2025-08-06T11:05:08,8.65,8.67,8.65,8.67,817.0
2025-08-06T11:05:14,8.6695,8.6695,8.6695,8.6695,332.0
2025-08-06T11:05:17,8.64,8.64,8.64,8.64,200.0
2025-08-06T11:05:22,8.64,8.65,8.64,8.65,540.0
2025-08-06T11:05:24,8.64,8.642,8.64,8.642,587.0
2025-08-06T11:05:35,8.65,8.65,8.65,8.65,520.0
2025-08-06T11:05:40,8.65,8.66,8.65,8.66,1584.0
2025-08-06T11:05:41,8.67,8.67,8.6699,8.6699,3100.0
2025-08-06T11:05:45,8.6699,8.6699,8.6699,8.6699,113.0
2025-08-06T11:05:46,8.67,8.67,8.67,8.67,154.0
2025-08-06T11:05:47,8.67,8.67,8.67,8.67,154.0
2025-08-06T11:05:49,8.66,8.66,8.66,8.66,107.0
2025-08-06T11:05:50,8.65,8.65,8.65,8.65,550.0
2025-08-06T11:05:53,8.63,8.63,8.63,8.63,1659.0
2025-08-06T11:05:54,8.6202,8.6202,8.6202,8.6202,2500.0
2025-08-06T11:05:58,8.62,8.62,8.61,8.615,868.0
2025-08-06T11:06:17,8.62,8.62,8.62,8.62,100.0
2025-08-06T11:06:34,8.62,8.66,8.62,8.66,8193.0
2025-08-06T11:06:36,8.65,8.65,8.65,8.65,267.0
2025-08-06T11:07:15,8.645,8.645,8.645,8.645,3525.0
2025-08-06T11:07:16,8.645,8.645,8.62,8.62,1566.0
2025-08-06T11:07:17,8.628,8.628,8.628,8.628,1021.0
2025-08-06T11:07:19,8.6509,8.6509,8.6509,8.6509,100.0
2025-08-06T11:07:35,8.615,8.615,8.53,8.565,7508.0
2025-08-06T11:07:36,8.5403,8.565,8.5403,8.565,3445.0
2025-08-06T11:07:37,8.5675,8.5675,8.5675,8.5675,302.0
2025-08-06T11:07:51,8.55,8.55,8.55,8.55,100.0
2025-08-06T11:07:57,8.565,8.565,8.565,8.565,202.0
2025-08-06T11:08:01,8.565,8.565,8.565,8.565,117.0
2025-08-06T11:08:08,8.59,8.59,8.59,8.59,200.0
2025-08-06T11:08:12,8.57,8.5893,8.57,8.5893,1154.0
2025-08-06T11:08:22,8.57,8.59,8.54,8.55,7240.0
2025-08-06T11:08:23,8.55,8.55,8.55,8.55,428.0
2025-08-06T11:08:30,8.55,8.55,8.55,8.55,192.0
2025-08-06T11:08:31,8.55,8.55,8.55,8.55,1155.0
2025-08-06T11:08:34,8.55,8.55,8.55,8.55,401.0
2025-08-06T11:08:35,8.55,8.55,8.55,8.55,1327.0
2025-08-06T11:08:37,8.5301,8.5301,8.5301,8.5301,1002.0
2025-08-06T11:08:45,8.54,8.54,8.53,8.53,866.0
2025-08-06T11:08:46,8.54,8.54,8.54,8.54,875.0
2025-08-06T11:08:48,8.54,8.54,8.54,8.54,250.0
2025-08-06T11:08:49,8.52,8.52,8.52,8.52,1058.0
2025-08-06T11:08:53,8.53,8.53,8.53,8.53,201.0
2025-08-06T11:09:03,8.5365,8.5365,8.53,8.53,573.0
2025-08-06T11:09:09,8.53,8.53,8.53,8.53,211.0
2025-08-06T11:09:24,8.525,8.525,8.525,8.525,190.0
2025-08-06T11:09:26,8.51,8.51,8.45,8.48,14620.0
2025-08-06T11:09:27,8.48,8.48,8.48,8.48,104.0
2025-08-06T11:09:35,8.5068,8.5068,8.5068,8.5068,350.0
2025-08-06T11:09:36,8.48,8.48,8.48,8.48,156.0
2025-08-06T11:09:37,8.48,8.51,8.48,8.48,7276.0
2025-08-06T11:09:38,8.475,8.475,8.475,8.475,330.0
2025-08-06T11:09:39,8.497,8.497,8.497,8.497,600.0
2025-08-06T11:09:43,8.475,8.475,8.475,8.475,313.0
2025-08-06T11:09:44,8.475,8.475,8.475,8.475,271.0
2025-08-06T11:09:45,8.48,8.5,8.48,8.5,272.0
2025-08-06T11:09:50,8.46,8.46,8.46,8.46,618.0
2025-08-06T11:09:55,8.4601,8.4601,8.4601,8.4601,1001.0
2025-08-06T11:09:58,8.49,8.49,8.49,8.49,118.0
2025-08-06T11:10:04,8.48,8.48,8.48,8.48,110.0
2025-08-06T11:10:14,8.48,8.48,8.45,8.45,2962.0
2025-08-06T11:10:15,8.48,8.49,8.48,8.49,1932.0
2025-08-06T11:10:16,8.475,8.4948,8.475,8.475,1806.0
2025-08-06T11:10:21,8.46,8.48,8.46,8.48,606.0
2025-08-06T11:10:22,8.47,8.49,8.46,8.49,4164.0
2025-08-06T11:10:24,8.48,8.48,8.48,8.48,100.0
2025-08-06T11:10:25,8.48,8.48,8.4601,8.4601,1431.0
2025-08-06T11:10:26,8.4729,8.4729,8.4729,8.4729,380.0
2025-08-06T11:10:44,8.47,8.47,8.47,8.47,273.0
2025-08-06T11:10:48,8.48,8.48,8.48,8.48,100.0
2025-08-06T11:10:58,8.47,8.47,8.47,8.47,474.0
2025-08-06T11:11:00,8.46,8.46,8.45,8.45,5025.0
2025-08-06T11:11:01,8.44,8.44,8.44,8.44,1091.0
2025-08-06T11:11:08,8.43,8.43,8.42,8.42,482.0
2025-08-06T11:11:10,8.41,8.44,8.41,8.44,1466.0
2025-08-06T11:11:13,8.425,8.425,8.425,8.425,939.0
2025-08-06T11:11:23,8.42,8.42,8.42,8.42,213.0
2025-08-06T11:11:28,8.41,8.43,8.41,8.425,4287.0
2025-08-06T11:11:50,8.41,8.42,8.38,8.39,8757.0
2025-08-06T11:11:51,8.38,8.41,8.38,8.41,713.0
2025-08-06T11:11:55,8.4365,8.4365,8.4365,8.4365,400.0
2025-08-06T11:11:58,8.42,8.42,8.42,8.42,301.0
2025-08-06T11:12:01,8.405,8.405,8.39,8.39,1592.0
2025-08-06T11:12:31,8.405,8.405,8.405,8.405,607.0
2025-08-06T11:12:32,8.4,8.4,8.4,8.4,100.0
2025-08-06T11:12:35,8.4,8.46,8.4,8.45,3917.0
2025-08-06T11:12:36,8.45,8.45,8.45,8.45,200.0
2025-08-06T11:12:37,8.45,8.45,8.45,8.45,126.0
2025-08-06T11:12:41,8.4699,8.4699,8.4699,8.4699,100.0
2025-08-06T11:12:45,8.45,8.45,8.45,8.45,270.0
2025-08-06T11:12:50,8.45,8.45,8.45,8.45,1240.0
2025-08-06T11:12:56,8.46,8.46,8.46,8.46,134.0
2025-08-06T11:13:06,8.46,8.46,8.46,8.46,169.0
2025-08-06T11:13:09,8.46,8.48,8.46,8.48,780.0
2025-08-06T11:13:11,8.489,8.489,8.489,8.489,500.0
2025-08-06T11:13:13,8.465,8.465,8.465,8.465,100.0
2025-08-06T11:13:17,8.465,8.465,8.465,8.465,396.0
2025-08-06T11:13:18,8.4802,8.4802,8.4802,8.4802,100.0
2025-08-06T11:13:29,8.46,8.46,8.46,8.46,2786.0
2025-08-06T11:13:34,8.475,8.475,8.46,8.4675,1785.0
2025-08-06T11:13:35,8.48,8.48,8.47,8.48,500.0
2025-08-06T11:13:36,8.4809,8.4809,8.4401,8.4401,1100.0
2025-08-06T11:13:50,8.46,8.46,8.46,8.46,417.0
2025-08-06T11:13:52,8.45,8.47,8.44,8.47,5301.0
2025-08-06T11:13:53,8.4631,8.4631,8.4631,8.4631,229.0
2025-08-06T11:13:54,8.475,8.475,8.45,8.46,1802.0
2025-08-06T11:14:00,8.455,8.455,8.455,8.455,241.0
2025-08-06T11:14:25,8.46,8.46,8.46,8.46,983.0
2025-08-06T11:14:34,8.46,8.46,8.43,8.43,1507.0
2025-08-06T11:14:35,8.45,8.45,8.45,8.45,300.0
2025-08-06T11:15:18,8.48,8.51,8.48,8.51,2252.0
2025-08-06T11:15:20,8.53,8.54,8.53,8.54,748.0
2025-08-06T11:15:44,8.6,8.6,8.6,8.6,427.0
2025-08-06T11:15:52,8.59,8.6099,8.59,8.59,1522.0
2025-08-06T11:15:57,8.6262,8.6262,8.605,8.605,405.0
2025-08-06T11:16:05,8.6592,8.6592,8.6592,8.6592,584.0
2025-08-06T11:16:14,8.65,8.655,8.64,8.655,496.0
2025-08-06T11:16:17,8.6201,8.6201,8.6201,8.6201,102.0
2025-08-06T11:16:26,8.652,8.652,8.652,8.652,510.0
2025-08-06T11:16:28,8.6231,8.6569,8.6231,8.6569,725.0
2025-08-06T11:16:30,8.6204,8.6204,8.6204,8.6204,106.0
2025-08-06T11:16:31,8.66,8.66,8.66,8.66,900.0
2025-08-06T11:16:32,8.66,8.66,8.66,8.66,401.0
2025-08-06T11:16:36,8.66,8.66,8.66,8.66,100.0
2025-08-06T11:16:37,8.67,8.6766,8.66,8.6766,5909.0
2025-08-06T11:16:55,8.675,8.675,8.675,8.675,141.0
2025-08-06T11:17:07,8.69,8.69,8.69,8.69,1227.0
2025-08-06T11:17:08,8.72,8.79,8.72,8.77,10843.0
2025-08-06T11:17:11,8.785,8.785,8.785,8.785,110.0
2025-08-06T11:17:12,8.785,8.785,8.78,8.78,250.0
2025-08-06T11:17:14,8.76,8.76,8.76,8.76,577.0
2025-08-06T11:17:15,8.76,8.761,8.74,8.761,4941.0
2025-08-06T11:17:24,8.77,8.77,8.77,8.77,105.0
2025-08-06T11:17:32,8.75,8.75,8.7497,8.7497,1075.0
2025-08-06T11:17:35,8.7469,8.7469,8.7469,8.7469,331.0
2025-08-06T11:17:55,8.72,8.72,8.72,8.72,105.0
2025-08-06T11:18:09,8.75,8.76,8.75,8.76,1450.0
2025-08-06T11:18:10,8.76,8.76,8.76,8.76,100.0
2025-08-06T11:18:13,8.76,8.76,8.76,8.76,204.0
2025-08-06T11:18:15,8.76,8.76,8.76,8.76,400.0
2025-08-06T11:18:26,8.741,8.77,8.74,8.77,5774.0
2025-08-06T11:18:27,8.7604,8.7617,8.76,8.76,827.0
2025-08-06T11:18:33,8.769,8.81,8.769,8.81,4530.0
2025-08-06T11:18:37,8.8199,8.8199,8.8199,8.8199,100.0
2025-08-06T11:18:41,8.799,8.799,8.799,8.799,300.0
2025-08-06T11:18:46,8.82,8.82,8.8199,8.8199,5180.0
2025-08-06T11:18:55,8.8198,8.8198,8.8198,8.8198,397.0
2025-08-06T11:19:02,8.8,8.805,8.76,8.76,3741.0
2025-08-06T11:19:05,8.76,8.7771,8.7424,8.7771,1537.0
2025-08-06T11:19:14,8.7918,8.7918,8.7918,8.7918,200.0
2025-08-06T11:19:15,8.79,8.79,8.79,8.79,101.0
2025-08-06T11:19:20,8.7954,8.7954,8.7954,8.7954,534.0
2025-08-06T11:19:23,8.77,8.77,8.77,8.77,611.0
2025-08-06T11:19:24,8.79,8.79,8.79,8.79,102.0
2025-08-06T11:19:28,8.7724,8.7724,8.7724,8.7724,116.0
2025-08-06T11:19:30,8.8,8.8,8.8,8.8,1002.0
2025-08-06T11:19:31,8.79,8.805,8.79,8.805,253.0
2025-08-06T11:19:32,8.79,8.8041,8.79,8.8041,3572.0
2025-08-06T11:19:38,8.7949,8.7949,8.7949,8.7949,100.0
2025-08-06T11:19:43,8.79,8.79,8.79,8.79,342.0
2025-08-06T11:19:46,8.78,8.79,8.78,8.79,357.0
2025-08-06T11:19:52,8.785,8.785,8.77,8.77,797.0
2025-08-06T11:20:09,8.77,8.78,8.76,8.77,3251.0
2025-08-06T11:20:11,8.8,8.8,8.8,8.8,325.0
2025-08-06T11:20:14,8.7732,8.7732,8.7732,8.7732,169.0
2025-08-06T11:20:21,8.8,8.8,8.8,8.8,397.0
2025-08-06T11:20:37,8.815,8.815,8.815,8.815,1000.0
2025-08-06T11:20:41,8.7962,8.7962,8.7962,8.7962,721.0
2025-08-06T11:20:45,8.8197,8.8197,8.8197,8.8197,1000.0
2025-08-06T11:20:50,8.82,8.82,8.81,8.81,1795.0
2025-08-06T11:20:51,8.82,8.82,8.82,8.82,1461.0
2025-08-06T11:21:04,8.84,8.84,8.84,8.84,454.0
2025-08-06T11:21:08,8.84,8.84,8.84,8.84,300.0
2025-08-06T11:21:10,8.83,8.8301,8.8,8.8301,5754.0
2025-08-06T11:21:17,8.8133,8.8133,8.8133,8.8133,550.0
2025-08-06T11:21:38,8.7968,8.7968,8.7968,8.7968,285.0
2025-08-06T11:21:42,8.78,8.78,8.7659,8.7659,703.0
2025-08-06T11:21:43,8.778,8.778,8.778,8.778,550.0
2025-08-06T11:21:54,8.7603,8.7603,8.7603,8.7603,100.0
2025-08-06T11:22:02,8.77,8.78,8.76,8.78,3172.0
2025-08-06T11:22:07,8.8,8.81,8.8,8.8,668.0
2025-08-06T11:22:14,8.805,8.805,8.805,8.805,100.0
2025-08-06T11:22:20,8.8136,8.8136,8.8136,8.8136,410.0
2025-08-06T11:22:32,8.79,8.79,8.79,8.79,250.0
2025-08-06T11:22:36,8.81,8.81,8.81,8.81,492.0
2025-08-06T11:22:41,8.8,8.8,8.79,8.79,569.0
2025-08-06T11:22:45,8.7965,8.7965,8.7965,8.7965,502.0
2025-08-06T11:22:47,8.7801,8.7801,8.7801,8.7801,100.0
2025-08-06T11:22:50,8.795,8.795,8.78,8.795,751.0
2025-08-06T11:23:00,8.8,8.8,8.8,8.8,100.0
2025-08-06T11:23:06,8.79,8.79,8.79,8.79,183.0
2025-08-06T11:23:07,8.7884,8.7884,8.7884,8.7884,100.0
2025-08-06T11:23:11,8.78,8.78,8.78,8.78,235.0
2025-08-06T11:23:14,8.79,8.79,8.76,8.76,1692.0
2025-08-06T11:23:20,8.75,8.75,8.75,8.75,100.0
2025-08-06T11:23:21,8.7797,8.7797,8.7797,8.7797,100.0
2025-08-06T11:23:25,8.77,8.77,8.77,8.77,200.0
2025-08-06T11:23:31,8.75,8.75,8.75,8.75,100.0
2025-08-06T11:23:33,8.765,8.765,8.765,8.765,330.0
2025-08-06T11:23:37,8.765,8.765,8.75,8.75,600.0
2025-08-06T11:23:39,8.76,8.76,8.76,8.76,222.0
2025-08-06T11:23:52,8.7501,8.7501,8.7501,8.7501,512.0
2025-08-06T11:23:53,8.77,8.8,8.77,8.79,3156.0
2025-08-06T11:24:00,8.81,8.81,8.81,8.81,773.0
2025-08-06T11:24:02,8.81,8.81,8.81,8.81,500.0
2025-08-06T11:24:08,8.7979,8.7979,8.7979,8.7979,100.0
2025-08-06T11:24:11,8.79,8.79,8.79,8.79,704.0
2025-08-06T11:24:23,8.82,8.82,8.82,8.82,313.0
2025-08-06T11:24:30,8.7932,8.7932,8.7932,8.7932,500.0
2025-08-06T11:24:34,8.81,8.81,8.81,8.81,100.0
2025-08-06T11:24:42,8.81,8.82,8.79,8.82,8506.0
2025-08-06T11:24:45,8.8,8.8,8.8,8.8,246.0
2025-08-06T11:25:01,8.8,8.8,8.78,8.7854,1692.0
2025-08-06T11:25:10,8.78,8.78,8.78,8.78,589.0
2025-08-06T11:25:17,8.77,8.77,8.77,8.77,116.0
2025-08-06T11:25:29,8.79,8.79,8.79,8.79,598.0
2025-08-06T11:25:30,8.78,8.78,8.78,8.78,162.0
2025-08-06T11:25:32,8.795,8.795,8.795,8.795,115.0
2025-08-06T11:25:40,8.8042,8.8042,8.8042,8.8042,110.0
2025-08-06T11:25:43,8.78,8.78,8.78,8.78,100.0
2025-08-06T11:25:49,8.78,8.78,8.78,8.78,129.0
2025-08-06T11:25:50,8.78,8.78,8.78,8.78,101.0
2025-08-06T11:26:06,8.785,8.785,8.785,8.785,119.0
2025-08-06T11:26:17,8.8,8.8,8.8,8.8,2531.0
2025-08-06T11:26:21,8.79,8.79,8.79,8.79,155.0
2025-08-06T11:26:30,8.79,8.81,8.79,8.81,1290.0
2025-08-06T11:26:41,8.79,8.79,8.77,8.77,1241.0
2025-08-06T11:26:49,8.7505,8.7505,8.7505,8.7505,207.0
2025-08-06T11:27:00,8.75,8.75,8.75,8.75,355.0
2025-08-06T11:27:05,8.76,8.76,8.75,8.75,461.0
2025-08-06T11:27:09,8.745,8.745,8.745,8.745,250.0
2025-08-06T11:27:16,8.76,8.76,8.76,8.76,204.0
2025-08-06T11:27:17,8.74,8.74,8.74,8.74,319.0
2025-08-06T11:27:18,8.74,8.75,8.7332,8.7332,499.0
2025-08-06T11:27:20,8.74,8.74,8.74,8.74,300.0
2025-08-06T11:27:21,8.77,8.77,8.77,8.77,2355.0
2025-08-06T11:27:22,8.77,8.77,8.77,8.77,123.0
2025-08-06T11:27:57,8.79,8.79,8.79,8.79,100.0
2025-08-06T11:28:00,8.77,8.77,8.77,8.77,102.0
2025-08-06T11:28:27,8.788,8.788,8.77,8.77,1122.0
2025-08-06T11:28:30,8.77,8.77,8.77,8.77,1489.0
2025-08-06T11:28:31,8.75,8.75,8.75,8.75,827.0
2025-08-06T11:28:35,8.75,8.75,8.75,8.75,198.0
2025-08-06T11:28:37,8.74,8.74,8.74,8.74,100.0
2025-08-06T11:28:41,8.745,8.745,8.745,8.745,102.0
2025-08-06T11:28:51,8.74,8.74,8.72,8.73,1467.0
2025-08-06T11:28:53,8.73,8.73,8.73,8.73,100.0
2025-08-06T11:28:55,8.74,8.74,8.73,8.73,820.0
2025-08-06T11:28:59,8.745,8.745,8.745,8.745,368.0
2025-08-06T11:29:00,8.75,8.75,8.74,8.75,1034.0
2025-08-06T11:29:04,8.73,8.73,8.73,8.73,277.0
2025-08-06T11:29:09,8.72,8.72,8.72,8.72,531.0
2025-08-06T11:29:17,8.7187,8.7187,8.7187,8.7187,100.0
2025-08-06T11:29:21,8.71,8.71,8.71,8.71,307.0
2025-08-06T11:29:33,8.735,8.75,8.735,8.75,511.0
2025-08-06T11:29:53,8.74,8.74,8.72,8.72,403.0
2025-08-06T11:30:08,8.74,8.74,8.74,8.74,100.0
2025-08-06T11:30:11,8.75,8.75,8.75,8.75,121.0
2025-08-06T11:30:20,8.75,8.76,8.75,8.76,1012.0
2025-08-06T11:30:22,8.76,8.76,8.76,8.76,293.0
2025-08-06T11:30:24,8.7683,8.7683,8.7683,8.7683,120.0
2025-08-06T11:30:43,8.76,8.76,8.76,8.76,1063.0
2025-08-06T11:30:44,8.75,8.75,8.73,8.7325,1779.0
2025-08-06T11:31:19,8.76,8.76,8.755,8.755,641.0
2025-08-06T11:31:25,8.755,8.755,8.755,8.755,301.0
2025-08-06T11:31:28,8.74,8.74,8.74,8.74,622.0
2025-08-06T11:31:32,8.74,8.74,8.74,8.74,199.0
2025-08-06T11:31:52,8.745,8.75,8.745,8.75,578.0
2025-08-06T11:32:03,8.76,8.76,8.75,8.75,831.0
2025-08-06T11:32:11,8.75,8.75,8.75,8.75,121.0
2025-08-06T11:32:14,8.75,8.75,8.74,8.74,574.0
2025-08-06T11:32:42,8.76,8.76,8.745,8.745,1094.0
2025-08-06T11:32:43,8.74,8.74,8.725,8.725,3737.0
2025-08-06T11:32:46,8.72,8.72,8.72,8.72,167.0
2025-08-06T11:32:47,8.72,8.73,8.72,8.73,844.0
2025-08-06T11:32:50,8.73,8.73,8.73,8.73,1130.0
2025-08-06T11:32:52,8.735,8.735,8.735,8.735,100.0
2025-08-06T11:32:54,8.74,8.74,8.74,8.74,547.0
2025-08-06T11:33:11,8.77,8.77,8.77,8.77,1343.0
2025-08-06T11:33:26,8.7716,8.7716,8.7716,8.7716,100.0
2025-08-06T11:33:44,8.77,8.78,8.755,8.76,14782.0
2025-08-06T11:33:47,8.752,8.752,8.752,8.752,100.0
2025-08-06T11:34:03,8.76,8.76,8.76,8.76,321.0
2025-08-06T11:34:04,8.77,8.77,8.77,8.77,489.0
2025-08-06T11:34:09,8.7887,8.7887,8.7887,8.7887,1032.0
2025-08-06T11:34:17,8.7717,8.7717,8.7717,8.7717,353.0
2025-08-06T11:34:25,8.79,8.79,8.78,8.786,1148.0
2025-08-06T11:34:26,8.79,8.79,8.78,8.78,823.0
2025-08-06T11:34:30,8.79,8.79,8.78,8.78,574.0
2025-08-06T11:34:31,8.78,8.78,8.78,8.78,634.0
2025-08-06T11:34:46,8.8,8.8,8.785,8.8,1802.0
2025-08-06T11:34:53,8.8068,8.8068,8.8068,8.8068,228.0
2025-08-06T11:34:54,8.795,8.8069,8.795,8.795,955.0
2025-08-06T11:35:05,8.79,8.8,8.77,8.77,7523.0
2025-08-06T11:35:09,8.78,8.78,8.78,8.78,330.0
2025-08-06T11:35:10,8.799,8.81,8.799,8.81,1363.0
2025-08-06T11:35:20,8.82,8.825,8.82,8.825,1069.0
2025-08-06T11:35:22,8.82,8.82,8.82,8.82,200.0
2025-08-06T11:35:24,8.82,8.82,8.82,8.82,149.0
2025-08-06T11:35:27,8.82,8.84,8.82,8.84,535.0
2025-08-06T11:35:29,8.82,8.82,8.82,8.82,521.0
2025-08-06T11:35:30,8.83,8.83,8.83,8.83,200.0
2025-08-06T11:35:41,8.82,8.82,8.81,8.81,855.0
2025-08-06T11:35:42,8.8011,8.8011,8.8011,8.8011,608.0
2025-08-06T11:35:44,8.8199,8.82,8.81,8.81,2150.0
2025-08-06T11:35:48,8.82,8.82,8.82,8.82,177.0
2025-08-06T11:35:58,8.8,8.8,8.8,8.8,803.0
2025-08-06T11:36:07,8.7904,8.7904,8.7904,8.7904,106.0
2025-08-06T11:36:08,8.7823,8.7823,8.7823,8.7823,696.0
2025-08-06T11:36:09,8.795,8.81,8.795,8.81,382.0
2025-08-06T11:36:12,8.81,8.81,8.795,8.81,2085.0
2025-08-06T11:36:16,8.8,8.8,8.8,8.8,131.0
2025-08-06T11:36:34,8.8,8.8,8.8,8.8,530.0
2025-08-06T11:36:39,8.81,8.81,8.81,8.81,165.0
2025-08-06T11:36:41,8.78,8.78,8.78,8.78,1346.0
2025-08-06T11:36:51,8.77,8.78,8.77,8.78,1416.0
2025-08-06T11:36:52,8.76,8.76,8.76,8.76,100.0
2025-08-06T11:37:06,8.75,8.751,8.734,8.734,4250.0
2025-08-06T11:37:11,8.73,8.73,8.73,8.73,823.0
2025-08-06T11:37:17,8.75,8.75,8.75,8.75,1300.0
2025-08-06T11:37:18,8.73,8.73,8.73,8.73,185.0
2025-08-06T11:37:19,8.73,8.73,8.73,8.73,565.0
2025-08-06T11:37:20,8.75,8.75,8.75,8.75,103.0
2025-08-06T11:37:33,8.77,8.77,8.77,8.77,162.0
2025-08-06T11:37:34,8.77,8.77,8.77,8.77,853.0
2025-08-06T11:37:53,8.8,8.8,8.8,8.8,188.0
2025-08-06T11:38:03,8.8,8.84,8.775,8.84,12339.0
2025-08-06T11:38:11,8.84,8.84,8.84,8.84,410.0
2025-08-06T11:38:23,8.8,8.81,8.8,8.81,1146.0
2025-08-06T11:38:35,8.81,8.81,8.81,8.81,1056.0
2025-08-06T11:38:38,8.81,8.81,8.79,8.79,2312.0
2025-08-06T11:38:40,8.8256,8.8256,8.8256,8.8256,900.0
2025-08-06T11:38:49,8.79,8.79,8.79,8.79,409.0
2025-08-06T11:38:51,8.8086,8.8086,8.8086,8.8086,1000.0
2025-08-06T11:39:17,8.795,8.795,8.79,8.79,277.0
2025-08-06T11:39:18,8.795,8.795,8.795,8.795,100.0
2025-08-06T11:39:22,8.8,8.81,8.8,8.81,1308.0
2025-08-06T11:39:42,8.79,8.79,8.79,8.79,486.0
2025-08-06T11:39:53,8.78,8.78,8.78,8.78,407.0
2025-08-06T11:40:18,8.78,8.78,8.78,8.78,908.0
2025-08-06T11:40:24,8.76,8.77,8.76,8.77,902.0
2025-08-06T11:40:53,8.75,8.75,8.75,8.75,454.0
2025-08-06T11:40:54,8.755,8.755,8.755,8.755,500.0
2025-08-06T11:40:57,8.755,8.755,8.755,8.755,209.0
2025-08-06T11:41:02,8.76,8.76,8.74,8.74,433.0
2025-08-06T11:41:04,8.74,8.74,8.74,8.74,150.0
2025-08-06T11:41:10,8.77,8.78,8.77,8.7775,942.0
2025-08-06T11:41:13,8.785,8.785,8.785,8.785,100.0
2025-08-06T11:42:49,8.785,8.785,8.77,8.785,1400.0
2025-08-06T11:42:51,8.785,8.8,8.76,8.78,14630.0
2025-08-06T11:42:59,8.8,8.8,8.8,8.8,150.0
2025-08-06T11:43:14,8.79,8.79,8.79,8.79,400.0
2025-08-06T11:43:26,8.8099,8.8099,8.8099,8.8099,200.0
2025-08-06T11:43:48,8.8,8.8,8.8,8.8,200.0
2025-08-06T11:43:51,8.81,8.81,8.79,8.8,1333.0
2025-08-06T11:43:52,8.79,8.79,8.77,8.77,1429.0
2025-08-06T11:43:57,8.76,8.76,8.76,8.76,1008.0
2025-08-06T11:44:04,8.75,8.75,8.75,8.75,153.0
2025-08-06T11:44:10,8.765,8.765,8.765,8.765,112.0
2025-08-06T11:44:12,8.75,8.75,8.75,8.75,127.0
2025-08-06T11:44:17,8.765,8.765,8.765,8.765,120.0
2025-08-06T11:44:41,8.75,8.76,8.74,8.75,3298.0
2025-08-06T11:45:03,8.76,8.76,8.76,8.76,368.0
2025-08-06T11:45:36,8.76,8.76,8.76,8.76,660.0
2025-08-06T11:45:44,8.765,8.765,8.765,8.765,100.0
2025-08-06T11:46:02,8.74,8.74,8.74,8.74,746.0
2025-08-06T11:46:22,8.755,8.755,8.755,8.755,461.0
2025-08-06T11:46:26,8.755,8.755,8.755,8.755,200.0
2025-08-06T11:46:34,8.755,8.755,8.755,8.755,145.0
2025-08-06T11:47:04,8.755,8.755,8.755,8.755,893.0
2025-08-06T11:47:39,8.755,8.755,8.755,8.755,274.0
2025-08-06T11:47:44,8.74,8.74,8.74,8.74,1133.0
2025-08-06T11:48:06,8.7351,8.7351,8.7351,8.7351,720.0
2025-08-06T11:48:16,8.7301,8.7301,8.7301,8.7301,1090.0
2025-08-06T11:48:26,8.73,8.73,8.73,8.73,100.0
2025-08-06T11:48:28,8.73,8.73,8.73,8.73,321.0
2025-08-06T11:48:41,8.75,8.75,8.74,8.74,810.0
2025-08-06T11:48:56,8.74,8.74,8.74,8.74,500.0
2025-08-06T11:48:57,8.74,8.74,8.74,8.74,963.0
2025-08-06T11:49:00,8.75,8.75,8.74,8.75,1228.0
2025-08-06T11:49:03,8.74,8.74,8.74,8.74,100.0
2025-08-06T11:49:14,8.74,8.74,8.74,8.74,200.0
2025-08-06T11:49:17,8.74,8.74,8.74,8.74,100.0
2025-08-06T11:50:04,8.74,8.74,8.74,8.74,200.0
2025-08-06T11:50:13,8.75,8.76,8.75,8.76,1070.0
2025-08-06T11:50:14,8.76,8.76,8.76,8.76,100.0
2025-08-06T11:50:20,8.77,8.77,8.77,8.77,1811.0
2025-08-06T11:50:21,8.77,8.77,8.76,8.77,2599.0
2025-08-06T11:50:23,8.765,8.765,8.76,8.765,640.0
2025-08-06T11:50:24,8.77,8.77,8.77,8.77,555.0
2025-08-06T11:50:28,8.765,8.765,8.765,8.765,224.0
2025-08-06T11:50:33,8.75,8.75,8.73,8.73,1132.0
2025-08-06T11:50:34,8.72,8.72,8.72,8.72,1068.0
2025-08-06T11:50:50,8.711,8.711,8.711,8.711,144.0
2025-08-06T11:50:55,8.71,8.72,8.7,8.72,2064.0
2025-08-06T11:51:14,8.725,8.73,8.725,8.73,561.0
2025-08-06T11:51:19,8.71,8.71,8.71,8.71,736.0
2025-08-06T11:51:28,8.7,8.7,8.7,8.7,500.0
2025-08-06T11:51:36,8.7,8.7,8.7,8.7,100.0
2025-08-06T11:51:42,8.71,8.71,8.71,8.71,250.0
2025-08-06T11:51:43,8.7008,8.7008,8.7008,8.7008,100.0
2025-08-06T11:51:59,8.73,8.73,8.73,8.73,100.0
2025-08-06T11:52:00,8.73,8.73,8.715,8.715,250.0
2025-08-06T11:52:08,8.72,8.72,8.715,8.715,613.0
2025-08-06T11:52:09,8.715,8.73,8.715,8.725,2277.0
2025-08-06T11:52:15,8.72,8.72,8.72,8.72,200.0
2025-08-06T11:52:16,8.71,8.71,8.7,8.71,1931.0
2025-08-06T11:52:56,8.69,8.69,8.6757,8.6757,1090.0
2025-08-06T11:53:00,8.7054,8.7054,8.69,8.69,500.0
2025-08-06T11:53:03,8.69,8.69,8.69,8.69,100.0
2025-08-06T11:53:05,8.69,8.69,8.69,8.69,100.0
2025-08-06T11:53:06,8.69,8.69,8.69,8.69,100.0
2025-08-06T11:53:09,8.69,8.69,8.69,8.69,201.0
2025-08-06T11:53:17,8.7,8.7,8.7,8.7,120.0
2025-08-06T11:53:20,8.69,8.69,8.69,8.69,100.0
2025-08-06T11:53:24,8.69,8.69,8.69,8.69,305.0
2025-08-06T11:53:29,8.68,8.68,8.67,8.68,958.0
2025-08-06T11:54:03,8.69,8.69,8.69,8.69,100.0
2025-08-06T11:54:04,8.69,8.69,8.69,8.69,133.0
2025-08-06T11:54:11,8.69,8.7,8.68,8.7,5174.0
2025-08-06T11:54:18,8.69,8.69,8.69,8.69,213.0
2025-08-06T11:54:49,8.6901,8.6901,8.6901,8.6901,2807.0
2025-08-06T11:55:04,8.7,8.7,8.7,8.7,229.0
2025-08-06T11:55:17,8.69,8.69,8.69,8.69,100.0
2025-08-06T11:55:18,8.708,8.708,8.708,8.708,100.0
2025-08-06T11:55:27,8.69,8.71,8.69,8.71,2955.0
2025-08-06T11:55:28,8.71,8.71,8.71,8.71,515.0
2025-08-06T11:55:31,8.71,8.71,8.71,8.71,500.0
2025-08-06T11:55:35,8.7262,8.7262,8.7262,8.7262,250.0
2025-08-06T11:55:52,8.7032,8.7032,8.7032,8.7032,151.0
2025-08-06T11:56:05,8.715,8.715,8.715,8.715,159.0
2025-08-06T11:56:16,8.7,8.7,8.7,8.7,778.0
2025-08-06T11:56:17,8.6924,8.6924,8.6924,8.6924,210.0
2025-08-06T11:56:37,8.7,8.71,8.7,8.71,2075.0
2025-08-06T11:57:02,8.7099,8.74,8.7,8.71,15824.0
2025-08-06T11:57:03,8.7275,8.76,8.7275,8.76,1160.0
2025-08-06T11:57:05,8.765,8.79,8.765,8.79,10928.0
2025-08-06T11:57:06,8.775,8.775,8.775,8.775,200.0
2025-08-06T11:57:07,8.7999,8.86,8.78,8.82,37823.0
2025-08-06T11:57:08,8.82,8.82,8.82,8.82,1890.0
2025-08-06T11:57:17,8.81,8.81,8.8,8.8,450.0
2025-08-06T11:57:19,8.79,8.79,8.79,8.79,220.0
2025-08-06T11:57:21,8.79,8.79,8.79,8.79,400.0
2025-08-06T11:57:25,8.79,8.79,8.79,8.79,106.0
2025-08-06T11:57:34,8.8,8.8,8.76,8.76,711.0
2025-08-06T11:57:37,8.76,8.76,8.76,8.76,312.0
2025-08-06T11:57:39,8.76,8.76,8.76,8.76,150.0
2025-08-06T11:57:42,8.7513,8.7513,8.7513,8.7513,250.0
2025-08-06T11:57:44,8.76,8.76,8.76,8.76,670.0
2025-08-06T11:57:45,8.76,8.76,8.76,8.76,202.0
2025-08-06T11:57:47,8.76,8.76,8.75,8.755,2164.0
2025-08-06T11:57:49,8.75,8.75,8.74,8.74,1425.0
2025-08-06T11:57:54,8.76,8.76,8.745,8.76,719.0
2025-08-06T11:58:04,8.745,8.7958,8.745,8.7958,3788.0
2025-08-06T11:58:05,8.75,8.75,8.74,8.75,501.0
2025-08-06T11:58:10,8.77,8.77,8.77,8.77,300.0
2025-08-06T11:58:11,8.77,8.77,8.77,8.77,220.0
2025-08-06T11:58:16,8.77,8.77,8.77,8.77,100.0
2025-08-06T11:58:18,8.7968,8.7968,8.75,8.75,401.0
2025-08-06T11:58:19,8.7969,8.7969,8.7969,8.7969,500.0
2025-08-06T11:58:26,8.77,8.77,8.77,8.77,162.0
2025-08-06T11:58:32,8.77,8.773,8.755,8.755,2209.0
2025-08-06T11:58:34,8.76,8.76,8.76,8.76,229.0
2025-08-06T11:58:48,8.7847,8.7847,8.7847,8.7847,120.0
2025-08-06T11:58:49,8.7999,8.7999,8.7999,8.7999,2664.0
2025-08-06T11:58:50,8.78,8.78,8.78,8.78,100.0
2025-08-06T11:58:51,8.77,8.77,8.77,8.77,100.0
2025-08-06T11:58:57,8.785,8.8,8.785,8.785,5625.0
2025-08-06T11:58:58,8.77,8.77,8.77,8.77,500.0
2025-08-06T11:59:03,8.77,8.7701,8.77,8.7701,3420.0
2025-08-06T11:59:09,8.77,8.77,8.77,8.77,1022.0
2025-08-06T11:59:17,8.78,8.78,8.78,8.78,128.0
2025-08-06T11:59:18,8.78,8.78,8.78,8.78,200.0
2025-08-06T11:59:26,8.78,8.78,8.78,8.78,100.0
2025-08-06T11:59:43,8.8,8.8,8.78,8.78,662.0
2025-08-06T11:59:53,8.79,8.7995,8.79,8.7995,2522.0
2025-08-06T12:00:01,8.81,8.81,8.8,8.8,500.0
2025-08-06T12:00:02,8.8286,8.8286,8.8286,8.8286,255.0
2025-08-06T12:00:09,8.7779,8.8398,8.7779,8.8398,4390.0
2025-08-06T12:00:10,8.79,8.79,8.76,8.79,6318.0
2025-08-06T12:00:11,8.7875,8.85,8.7875,8.84,14251.0
2025-08-06T12:00:12,8.851,8.851,8.851,8.851,121.0
2025-08-06T12:00:16,8.85,8.85,8.85,8.85,100.0
2025-08-06T12:00:18,8.85,8.85,8.85,8.85,2631.0
2025-08-06T12:00:19,8.8501,8.8501,8.8501,8.8501,120.0
2025-08-06T12:00:20,8.8422,8.8422,8.8422,8.8422,100.0
2025-08-06T12:00:21,8.85,8.85,8.84,8.84,2202.0
2025-08-06T12:00:22,8.835,8.835,8.835,8.835,146.0
2025-08-06T12:00:24,8.8398,8.855,8.83,8.855,2134.0
2025-08-06T12:00:33,8.83,8.83,8.83,8.83,502.0
2025-08-06T12:00:39,8.8694,8.8694,8.8694,8.8694,2000.0
2025-08-06T12:00:41,8.84,8.84,8.84,8.84,1130.0
2025-08-06T12:00:43,8.8576,8.864,8.85,8.86,1571.0
2025-08-06T12:00:59,8.8692,8.87,8.8692,8.87,2457.0
2025-08-06T12:01:08,8.886,8.886,8.88,8.88,444.0
2025-08-06T12:01:09,8.88,8.88,8.88,8.88,147.0
2025-08-06T12:01:21,8.89,8.89,8.89,8.89,104.0
2025-08-06T12:01:22,8.88,8.89,8.88,8.88,654.0
2025-08-06T12:01:24,8.89,8.9,8.885,8.895,2012.0
2025-08-06T12:01:31,8.8984,8.8984,8.8984,8.8984,400.0
2025-08-06T12:01:37,8.912,8.912,8.9,8.9,300.0
2025-08-06T12:01:56,8.89,8.89,8.89,8.89,551.0
2025-08-06T12:01:59,8.89,8.89,8.89,8.89,300.0
2025-08-06T12:02:07,8.89,8.89,8.89,8.89,2024.0
2025-08-06T12:02:12,8.89,8.89,8.86,8.88,3028.0
2025-08-06T12:02:19,8.88,8.88,8.88,8.88,1028.0
2025-08-06T12:02:22,8.88,8.9,8.88,8.895,1667.0
2025-08-06T12:02:23,8.88,8.9,8.88,8.9,4681.0
2025-08-06T12:02:28,8.91,8.91,8.91,8.91,175.0
2025-08-06T12:02:38,8.89,8.89,8.89,8.89,1003.0
2025-08-06T12:02:48,8.88,8.88,8.88,8.88,280.0
2025-08-06T12:02:52,8.895,8.895,8.895,8.895,118.0
2025-08-06T12:02:58,8.895,8.895,8.895,8.895,200.0
2025-08-06T12:03:02,8.9,8.9,8.89,8.89,1762.0
2025-08-06T12:03:03,8.9098,8.9098,8.9098,8.9098,100.0
2025-08-06T12:03:04,8.9,8.9,8.9,8.9,715.0
2025-08-06T12:03:13,8.9025,8.91,8.9025,8.91,875.0
2025-08-06T12:03:20,8.9075,8.9075,8.9075,8.9075,169.0
2025-08-06T12:03:21,8.9,8.91,8.9,8.91,1960.0
2025-08-06T12:03:22,8.8984,8.8984,8.8984,8.8984,112.0
2025-08-06T12:03:23,8.9084,8.9084,8.9084,8.9084,2020.0
2025-08-06T12:03:30,8.89,8.89,8.89,8.89,100.0
2025-08-06T12:03:32,8.93,8.93,8.93,8.93,125.0
2025-08-06T12:03:34,8.93,8.93,8.93,8.93,500.0
2025-08-06T12:03:37,8.92,8.92,8.915,8.915,617.0
2025-08-06T12:03:39,8.915,8.915,8.915,8.915,159.0
2025-08-06T12:03:40,8.915,8.915,8.915,8.915,100.0
2025-08-06T12:03:45,8.9297,8.9297,8.915,8.915,702.0
2025-08-06T12:03:52,8.9,8.9,8.9,8.9,857.0
2025-08-06T12:03:57,8.905,8.905,8.8907,8.894,723.0
2025-08-06T12:03:58,8.91,8.93,8.91,8.93,200.0
2025-08-06T12:04:07,8.9,8.9,8.9,8.9,300.0
2025-08-06T12:04:19,8.93,8.93,8.93,8.93,100.0
2025-08-06T12:04:23,8.9,8.9,8.9,8.9,575.0
2025-08-06T12:04:24,8.9268,8.9268,8.9268,8.9268,520.0
2025-08-06T12:04:25,8.89,8.89,8.89,8.89,1261.0
2025-08-06T12:04:31,8.88,8.88,8.87,8.87,893.0
2025-08-06T12:04:35,8.88,8.88,8.88,8.88,178.0
2025-08-06T12:04:38,8.89,8.89,8.88,8.88,218.0
2025-08-06T12:04:43,8.8604,8.8604,8.8604,8.8604,500.0
2025-08-06T12:04:44,8.88,8.88,8.88,8.88,200.0
2025-08-06T12:04:51,8.86,8.86,8.86,8.86,500.0
2025-08-06T12:04:52,8.88,8.88,8.88,8.88,177.0
2025-08-06T12:04:56,8.88,8.88,8.8632,8.8632,3404.0
2025-08-06T12:04:58,8.9,8.9,8.9,8.9,300.0
2025-08-06T12:05:14,8.89,8.89,8.89,8.89,113.0
2025-08-06T12:05:15,8.89,8.89,8.87,8.87,1269.0
2025-08-06T12:05:17,8.863,8.863,8.863,8.863,619.0
2025-08-06T12:05:19,8.86,8.86,8.85,8.86,1348.0
2025-08-06T12:05:22,8.86,8.86,8.86,8.86,500.0
2025-08-06T12:05:48,8.8635,8.8635,8.8635,8.8635,200.0
2025-08-06T12:05:49,8.84,8.84,8.81,8.81,1735.0
2025-08-06T12:05:50,8.8,8.8,8.8,8.8,418.0
2025-08-06T12:05:59,8.79,8.8105,8.79,8.8105,256.0
2025-08-06T12:06:04,8.79,8.79,8.79,8.79,816.0
2025-08-06T12:06:05,8.7859,8.7859,8.7859,8.7859,100.0
2025-08-06T12:06:06,8.7801,8.7801,8.7801,8.7801,2696.0
2025-08-06T12:06:14,8.78,8.78,8.78,8.78,500.0
2025-08-06T12:06:15,8.79,8.79,8.79,8.79,153.0
2025-08-06T12:06:25,8.7965,8.7965,8.7965,8.7965,285.0
2025-08-06T12:06:27,8.78,8.78,8.78,8.78,301.0
2025-08-06T12:06:43,8.7734,8.7734,8.75,8.75,306.0
2025-08-06T12:06:44,8.7428,8.7697,8.7428,8.7697,489.0
2025-08-06T12:06:46,8.75,8.75,8.75,8.75,100.0
2025-08-06T12:06:49,8.76,8.76,8.76,8.76,2049.0
2025-08-06T12:06:53,8.7625,8.7625,8.7625,8.7625,120.0
2025-08-06T12:06:54,8.7505,8.7505,8.7505,8.7505,100.0
2025-08-06T12:07:01,8.76,8.76,8.74,8.74,4130.0
2025-08-06T12:07:02,8.73,8.73,8.7,8.7,978.0
2025-08-06T12:07:03,8.723,8.723,8.6902,8.6902,1138.0
2025-08-06T12:07:05,8.69,8.69,8.69,8.69,2500.0
2025-08-06T12:07:13,8.7309,8.7309,8.7,8.7,600.0
2025-08-06T12:07:24,8.69,8.69,8.69,8.69,209.0
2025-08-06T12:07:26,8.7,8.7,8.68,8.68,300.0
2025-08-06T12:07:30,8.72,8.72,8.72,8.72,281.0
2025-08-06T12:07:36,8.7,8.7,8.7,8.7,1000.0
2025-08-06T12:07:38,8.7,8.7,8.7,8.7,103.0
2025-08-06T12:07:48,8.7134,8.7134,8.7134,8.7134,200.0
2025-08-06T12:07:49,8.71,8.71,8.71,8.71,637.0
2025-08-06T12:07:50,8.7083,8.7083,8.7083,8.7083,495.0
2025-08-06T12:08:00,8.69,8.69,8.68,8.68,828.0
2025-08-06T12:08:07,8.668,8.668,8.668,8.668,100.0
2025-08-06T12:08:10,8.6601,8.6601,8.6601,8.6601,503.0
2025-08-06T12:08:14,8.67,8.6849,8.67,8.6849,5470.0
2025-08-06T12:08:18,8.68,8.68,8.68,8.68,225.0
2025-08-06T12:08:29,8.69,8.7,8.69,8.6998,1563.0
2025-08-06T12:08:37,8.69,8.69,8.68,8.68,948.0
2025-08-06T12:08:38,8.68,8.68,8.68,8.68,400.0
2025-08-06T12:08:39,8.68,8.68,8.68,8.68,1160.0
2025-08-06T12:08:49,8.67,8.675,8.66,8.675,656.0
2025-08-06T12:08:51,8.68,8.68,8.68,8.68,100.0
2025-08-06T12:09:00,8.7,8.7,8.7,8.7,106.0
2025-08-06T12:09:04,8.692,8.6944,8.692,8.6944,220.0
2025-08-06T12:09:05,8.68,8.68,8.66,8.67,1156.0
2025-08-06T12:09:11,8.6969,8.72,8.6969,8.72,3896.0
2025-08-06T12:09:26,8.72,8.74,8.72,8.74,1703.0
2025-08-06T12:09:28,8.7799,8.78,8.7799,8.78,795.0
2025-08-06T12:09:32,8.7535,8.7535,8.7535,8.7535,2714.0
2025-08-06T12:09:37,8.765,8.765,8.765,8.765,100.0
2025-08-06T12:09:44,8.76,8.76,8.76,8.76,882.0
2025-08-06T12:09:45,8.755,8.755,8.755,8.755,403.0
2025-08-06T12:09:46,8.755,8.755,8.755,8.755,500.0
2025-08-06T12:10:00,8.7637,8.7637,8.7637,8.7637,151.0
2025-08-06T12:10:01,8.75,8.75,8.75,8.75,298.0
2025-08-06T12:10:02,8.75,8.77,8.75,8.77,810.0
2025-08-06T12:10:06,8.755,8.77,8.755,8.77,774.0
2025-08-06T12:10:08,8.7575,8.7575,8.7575,8.7575,605.0
2025-08-06T12:10:09,8.77,8.77,8.77,8.77,108.0
2025-08-06T12:10:18,8.7673,8.7673,8.75,8.75,3747.0
2025-08-06T12:10:19,8.7753,8.7753,8.7753,8.7753,251.0
2025-08-06T12:10:23,8.75,8.75,8.75,8.75,1172.0
2025-08-06T12:10:30,8.73,8.73,8.73,8.73,101.0
2025-08-06T12:10:39,8.752,8.752,8.752,8.752,300.0
2025-08-06T12:10:46,8.73,8.7447,8.73,8.7447,685.0
2025-08-06T12:10:50,8.73,8.73,8.73,8.73,344.0
2025-08-06T12:10:57,8.72,8.77,8.72,8.75,1457.0
2025-08-06T12:10:58,8.77,8.77,8.77,8.77,100.0
2025-08-06T12:11:00,8.78,8.88,8.78,8.88,5173.0
2025-08-06T12:11:09,8.89,8.89,8.89,8.89,2091.0
2025-08-06T12:11:11,8.89,8.89,8.89,8.89,108.0
2025-08-06T12:11:14,8.882,8.882,8.882,8.882,114.0
2025-08-06T12:11:17,8.89,8.89,8.89,8.89,300.0
2025-08-06T12:11:21,8.8976,8.9,8.8976,8.9,1792.0
2025-08-06T12:11:24,8.915,8.95,8.91,8.95,4230.0
2025-08-06T12:11:25,8.96,8.96,8.96,8.96,112.0
2025-08-06T12:11:27,8.9697,9.0,8.955,9.0,17371.0
2025-08-06T12:11:29,8.95,8.95,8.95,8.95,200.0
2025-08-06T12:11:30,8.9666,8.9666,8.9666,8.9666,1000.0
2025-08-06T12:11:31,8.9564,8.9564,8.9564,8.9564,408.0
2025-08-06T12:11:32,8.9498,8.9498,8.939,8.939,705.0
2025-08-06T12:11:33,8.94,8.94,8.94,8.94,300.0
2025-08-06T12:11:36,8.94,8.94,8.92,8.92,3294.0
2025-08-06T12:11:38,8.9397,8.9397,8.9397,8.9397,2024.0
2025-08-06T12:11:43,8.94,8.94,8.94,8.94,354.0
2025-08-06T12:12:00,8.92,8.93,8.92,8.93,1001.0
2025-08-06T12:12:01,8.92,8.92,8.92,8.92,1623.0
2025-08-06T12:12:03,8.91,8.91,8.91,8.91,553.0
2025-08-06T12:12:13,8.88,8.88,8.88,8.88,1995.0
2025-08-06T12:12:15,8.88,8.88,8.88,8.88,193.0
2025-08-06T12:12:17,8.885,8.885,8.885,8.885,2024.0
2025-08-06T12:12:30,8.88,8.88,8.88,8.88,501.0
2025-08-06T12:12:43,8.87,8.87,8.87,8.87,1502.0
2025-08-06T12:12:46,8.85,8.85,8.85,8.85,100.0
2025-08-06T12:12:55,8.86,8.88,8.8501,8.88,3015.0
2025-08-06T12:12:58,8.86,8.86,8.86,8.86,409.0
2025-08-06T12:13:08,8.85,8.87,8.84,8.87,1429.0
2025-08-06T12:13:09,8.862,8.89,8.86,8.87,3408.0
2025-08-06T12:13:17,8.88,8.88,8.88,8.88,550.0
2025-08-06T12:13:38,8.87,8.87,8.85,8.85,980.0
2025-08-06T12:13:51,8.8522,8.8522,8.8522,8.8522,423.0
2025-08-06T12:13:53,8.85,8.85,8.85,8.85,234.0
2025-08-06T12:14:05,8.8899,8.8899,8.8899,8.8899,249.0
2025-08-06T12:14:28,8.858,8.858,8.858,8.858,475.0
2025-08-06T12:14:32,8.85,8.85,8.85,8.85,1151.0
2025-08-06T12:14:50,8.86,8.86,8.86,8.86,300.0
2025-08-06T12:14:54,8.85,8.85,8.85,8.85,525.0
2025-08-06T12:15:15,8.86,8.86,8.86,8.86,100.0
2025-08-06T12:15:20,8.86,8.87,8.86,8.87,300.0
2025-08-06T12:15:22,8.87,8.9,8.87,8.9,2671.0
2025-08-06T12:15:24,8.88,8.88,8.88,8.88,200.0
2025-08-06T12:15:25,8.88,8.88,8.88,8.88,100.0
2025-08-06T12:15:53,8.88,8.88,8.88,8.88,152.0
2025-08-06T12:15:55,8.88,8.89,8.88,8.89,476.0
2025-08-06T12:15:59,8.89,8.89,8.89,8.89,100.0
2025-08-06T12:16:08,8.885,8.89,8.885,8.89,300.0
2025-08-06T12:16:23,8.88,8.88,8.88,8.88,100.0
2025-08-06T12:16:27,8.885,8.885,8.885,8.885,141.0
2025-08-06T12:16:49,8.8792,8.886,8.8792,8.886,676.0
2025-08-06T12:16:56,8.881,8.9,8.87,8.87,11256.0
2025-08-06T12:16:57,8.89,8.89,8.88,8.89,3418.0
2025-08-06T12:17:03,8.88,8.88,8.88,8.88,102.0
2025-08-06T12:17:04,8.88,8.88,8.88,8.88,100.0
2025-08-06T12:17:10,8.8701,8.8701,8.8701,8.8701,100.0
2025-08-06T12:17:13,8.88,8.9,8.88,8.88,3180.0
2025-08-06T12:17:15,8.9,8.91,8.885,8.9,2627.0
2025-08-06T12:17:25,8.92,8.92,8.92,8.92,300.0
2025-08-06T12:17:30,8.93,8.93,8.93,8.93,483.0
2025-08-06T12:17:31,8.92,8.95,8.92,8.95,3614.0
2025-08-06T12:17:34,8.94,8.94,8.94,8.94,200.0
2025-08-06T12:17:38,8.9596,8.9596,8.9596,8.9596,280.0
2025-08-06T12:17:41,8.94,8.94,8.94,8.94,228.0
2025-08-06T12:17:42,8.94,8.94,8.94,8.94,544.0
2025-08-06T12:17:45,8.94,8.94,8.94,8.94,412.0
2025-08-06T12:17:46,8.94,8.95,8.94,8.95,965.0
2025-08-06T12:17:50,8.934,8.934,8.934,8.934,112.0
2025-08-06T12:17:52,8.93,8.93,8.92,8.924,1501.0
2025-08-06T12:18:01,8.92,8.92,8.92,8.92,110.0
2025-08-06T12:18:03,8.93,8.93,8.93,8.93,552.0
2025-08-06T12:18:07,8.94,8.94,8.94,8.94,100.0
2025-08-06T12:18:11,8.931,8.94,8.93,8.94,2300.0
2025-08-06T12:18:18,8.934,8.934,8.934,8.934,277.0
2025-08-06T12:18:25,8.93,8.93,8.93,8.93,320.0
2025-08-06T12:18:28,8.93,8.9476,8.925,8.9476,695.0
2025-08-06T12:18:32,8.92,8.92,8.92,8.92,100.0
2025-08-06T12:18:33,8.9376,8.9376,8.9376,8.9376,250.0
2025-08-06T12:18:37,8.93,8.93,8.93,8.93,394.0
2025-08-06T12:18:42,8.92,8.92,8.92,8.92,281.0
2025-08-06T12:19:07,8.9333,8.9333,8.9333,8.9333,100.0
2025-08-06T12:19:23,8.9324,8.9324,8.9324,8.9324,137.0
2025-08-06T12:19:29,8.92,8.92,8.92,8.92,779.0
2025-08-06T12:19:31,8.925,8.93,8.925,8.93,602.0
2025-08-06T12:19:52,8.93,8.93,8.93,8.93,100.0
2025-08-06T12:19:54,8.92,8.92,8.916,8.916,1019.0
2025-08-06T12:20:06,8.91,8.91,8.91,8.91,400.0
2025-08-06T12:20:11,8.925,8.925,8.925,8.925,101.0
2025-08-06T12:20:23,8.925,8.94,8.925,8.93,1781.0
2025-08-06T12:20:26,8.94,8.95,8.94,8.95,835.0
2025-08-06T12:20:31,8.94,8.95,8.94,8.95,4757.0
2025-08-06T12:20:33,8.95,8.95,8.95,8.95,100.0
2025-08-06T12:20:37,8.95,8.95,8.95,8.95,135.0
2025-08-06T12:20:39,8.9541,8.9541,8.9541,8.9541,200.0
2025-08-06T12:20:49,8.951,8.951,8.951,8.951,1001.0
2025-08-06T12:20:51,8.9402,8.9402,8.9402,8.9402,190.0
2025-08-06T12:20:53,8.95,8.96,8.95,8.96,2364.0
2025-08-06T12:20:54,8.95,8.95,8.95,8.95,105.0
2025-08-06T12:21:13,8.96,8.96,8.96,8.96,300.0
2025-08-06T12:21:18,8.97,8.97,8.97,8.97,200.0
2025-08-06T12:21:21,8.97,8.97,8.97,8.97,435.0
2025-08-06T12:21:23,8.98,8.98,8.97,8.97,1020.0
2025-08-06T12:21:26,8.97,8.97,8.97,8.97,620.0
2025-08-06T12:21:39,8.96,8.96,8.96,8.96,339.0
2025-08-06T12:21:40,8.9688,8.9688,8.9688,8.9688,279.0
2025-08-06T12:21:49,8.97,8.97,8.97,8.97,864.0
2025-08-06T12:21:50,8.99,8.99,8.99,8.99,171.0
2025-08-06T12:22:01,8.98,8.98,8.98,8.98,1122.0
2025-08-06T12:22:03,8.969,8.969,8.96,8.96,2369.0
2025-08-06T12:22:04,8.965,8.965,8.9601,8.9601,282.0
2025-08-06T12:22:05,8.96,8.986,8.96,8.986,1783.0
2025-08-06T12:22:10,8.97,8.97,8.97,8.97,522.0
2025-08-06T12:22:12,8.98,8.98,8.98,8.98,118.0
2025-08-06T12:22:13,8.98,8.98,8.98,8.98,101.0
2025-08-06T12:22:23,8.97,8.97,8.97,8.97,1200.0
2025-08-06T12:22:27,8.9785,8.9785,8.9785,8.9785,100.0
2025-08-06T12:22:39,8.98,8.98,8.98,8.98,155.0
2025-08-06T12:22:47,8.98,8.98,8.98,8.98,113.0
2025-08-06T12:22:49,8.981,8.981,8.981,8.981,100.0
2025-08-06T12:23:00,8.98,8.99,8.98,8.98,4468.0
2025-08-06T12:23:13,8.9722,8.9722,8.9722,8.9722,100.0
2025-08-06T12:23:23,8.98,8.98,8.98,8.98,481.0
2025-08-06T12:23:29,8.986,8.988,8.98,8.98,1256.0
2025-08-06T12:23:37,8.99,9.04,8.985,8.995,35330.0
2025-08-06T12:23:38,8.995,8.995,8.995,8.995,219.0
2025-08-06T12:23:39,8.99,8.99,8.987,8.99,2772.0
2025-08-06T12:23:40,8.9801,8.9801,8.9801,8.9801,395.0
2025-08-06T12:23:42,8.99,8.99,8.99,8.99,200.0
2025-08-06T12:23:52,8.99,8.99,8.99,8.99,200.0
2025-08-06T12:23:56,8.98,8.98,8.98,8.98,1961.0
2025-08-06T12:24:03,8.9805,8.9884,8.9805,8.9884,612.0
2025-08-06T12:24:06,8.97,8.97,8.97,8.97,344.0
2025-08-06T12:24:07,8.9684,8.97,8.9684,8.97,621.0
2025-08-06T12:24:13,8.972,8.972,8.972,8.972,312.0
2025-08-06T12:24:16,8.97,8.97,8.97,8.97,269.0
2025-08-06T12:24:18,8.98,8.98,8.98,8.98,1021.0
2025-08-06T12:24:22,8.9886,8.9886,8.9886,8.9886,263.0
2025-08-06T12:24:52,8.97,8.97,8.97,8.97,1200.0
2025-08-06T12:24:55,8.9818,8.9818,8.9818,8.9818,120.0
2025-08-06T12:24:59,8.9544,8.9544,8.95,8.95,1400.0
2025-08-06T12:25:01,8.97,8.97,8.97,8.97,176.0
2025-08-06T12:25:02,8.974,8.974,8.974,8.974,117.0
2025-08-06T12:25:21,8.97,8.97,8.97,8.97,500.0
2025-08-06T12:25:32,8.965,8.965,8.965,8.965,100.0
2025-08-06T12:25:48,8.9745,8.9745,8.965,8.965,868.0
2025-08-06T12:25:50,8.965,8.965,8.965,8.965,100.0
2025-08-06T12:26:01,8.98,8.98,8.98,8.98,500.0
2025-08-06T12:26:04,8.95,8.95,8.9,8.9,3351.0
2025-08-06T12:26:11,8.939,8.939,8.939,8.939,2686.0
2025-08-06T12:26:12,8.94,8.94,8.94,8.94,200.0
2025-08-06T12:26:25,8.94,8.94,8.94,8.94,200.0
2025-08-06T12:26:33,8.96,8.96,8.96,8.96,113.0
2025-08-06T12:26:38,8.97,8.98,8.96,8.97,1668.0
2025-08-06T12:26:42,8.96,8.96,8.96,8.96,100.0
2025-08-06T12:26:51,8.95,8.95,8.95,8.95,223.0
2025-08-06T12:26:52,8.95,8.95,8.95,8.95,160.0
2025-08-06T12:26:56,8.96,8.96,8.96,8.96,310.0
2025-08-06T12:27:02,8.96,8.96,8.96,8.96,220.0
2025-08-06T12:27:30,8.95,8.95,8.95,8.95,112.0
2025-08-06T12:27:37,8.96,8.97,8.96,8.965,3383.0
2025-08-06T12:27:52,8.97,8.97,8.97,8.97,285.0
2025-08-06T12:28:02,8.9868,8.9868,8.9868,8.9868,374.0
2025-08-06T12:28:09,8.96,8.96,8.96,8.96,170.0
2025-08-06T12:28:21,8.98,8.98,8.98,8.98,784.0
2025-08-06T12:28:37,8.97,8.97,8.97,8.97,100.0
2025-08-06T12:28:44,8.98,8.99,8.98,8.99,984.0
2025-08-06T12:28:51,8.99,8.99,8.99,8.99,440.0
2025-08-06T12:28:52,8.99,8.99,8.99,8.99,202.0
2025-08-06T12:29:02,8.99,9.0,8.99,9.0,983.0
2025-08-06T12:29:10,8.995,8.995,8.995,8.995,121.0
2025-08-06T12:29:17,8.995,9.14,8.995,9.11,16820.0
2025-08-06T12:29:18,9.115,9.12,9.11,9.12,1963.0
2025-08-06T12:29:19,9.11,9.11,9.11,9.11,171.0
2025-08-06T12:29:20,9.11,9.12,9.09,9.12,1505.0
2025-08-06T12:29:21,9.09,9.09,9.09,9.09,1378.0
2025-08-06T12:29:22,9.08,9.1,9.08,9.1,483.0
2025-08-06T12:29:23,9.095,9.095,9.095,9.095,133.0
2025-08-06T12:29:24,9.09,9.09,9.09,9.09,119.0
2025-08-06T12:29:25,9.095,9.095,9.095,9.095,250.0
2025-08-06T12:29:27,9.091,9.091,9.091,9.091,722.0
2025-08-06T12:29:31,9.0823,9.0823,9.0823,9.0823,595.0
2025-08-06T12:29:34,9.09,9.09,9.09,9.09,600.0
2025-08-06T12:29:35,9.0998,9.0998,9.0801,9.0801,500.0
2025-08-06T12:29:37,9.0906,9.0906,9.0906,9.0906,150.0
2025-08-06T12:29:41,9.08,9.08,9.065,9.07,1676.0
2025-08-06T12:29:47,9.07,9.07,9.07,9.07,673.0
2025-08-06T12:29:48,9.07,9.1,9.07,9.08,13503.0
2025-08-06T12:29:52,9.085,9.085,9.085,9.085,300.0
2025-08-06T12:29:53,9.085,9.085,9.085,9.085,284.0
2025-08-06T12:29:54,9.08,9.08,9.08,9.08,111.0
2025-08-06T12:29:57,9.1,9.1,9.095,9.095,1196.0
2025-08-06T12:29:58,9.1,9.1,9.1,9.1,197.0
2025-08-06T12:30:00,9.1,9.11,9.1,9.1,2058.0
2025-08-06T12:30:01,9.11,9.11,9.11,9.11,160.0
2025-08-06T12:30:02,9.115,9.12,9.0968,9.0968,1414.0
2025-08-06T12:30:06,9.121979,9.121979,9.121979,9.121979,100.0
2025-08-06T12:30:12,9.1444,9.1444,9.1444,9.1444,821.0
2025-08-06T12:30:14,9.11,9.11,9.09,9.11,1608.0
2025-08-06T12:30:15,9.1494,9.1494,9.1494,9.1494,311.0
2025-08-06T12:30:22,9.1188,9.1188,9.1188,9.1188,2624.0
2025-08-06T12:30:24,9.1211,9.125,9.1211,9.125,252.0
2025-08-06T12:30:27,9.125,9.125,9.125,9.125,1627.0
2025-08-06T12:30:29,9.11,9.14,9.11,9.14,462.0
2025-08-06T12:30:31,9.13,9.1483,9.13,9.14,2710.0
2025-08-06T12:30:33,9.1483,9.1483,9.1483,9.1483,526.0
2025-08-06T12:30:35,9.14,9.15,9.14,9.15,2123.0
2025-08-06T12:30:36,9.1475,9.1699,9.1475,9.1699,610.0
2025-08-06T12:30:39,9.15,9.15,9.15,9.15,485.0
2025-08-06T12:30:40,9.155,9.1697,9.15,9.15,300.0
2025-08-06T12:30:41,9.14,9.14,9.12,9.1221,1310.0
2025-08-06T12:30:43,9.14,9.14,9.13,9.13,1013.0
2025-08-06T12:30:46,9.1272,9.1272,9.1272,9.1272,100.0
2025-08-06T12:30:55,9.13,9.136,9.13,9.136,655.0
2025-08-06T12:30:56,9.13,9.13,9.13,9.13,102.0
2025-08-06T12:30:58,9.12,9.12,9.12,9.12,469.0
2025-08-06T12:31:04,9.121,9.121,9.12,9.12,2187.0
2025-08-06T12:31:06,9.11,9.115,9.11,9.11,1735.0
2025-08-06T12:31:07,9.11,9.11,9.11,9.11,421.0
2025-08-06T12:31:08,9.11,9.11,9.11,9.11,309.0
2025-08-06T12:31:12,9.11,9.11,9.11,9.11,101.0
2025-08-06T12:31:14,9.11,9.11,9.11,9.11,603.0
2025-08-06T12:31:17,9.11,9.11,9.11,9.11,235.0
2025-08-06T12:31:18,9.12,9.13,9.12,9.1299,5804.0
2025-08-06T12:31:19,9.125,9.14,9.125,9.13,1961.0
2025-08-06T12:31:24,9.145,9.21,9.135,9.2,24378.0
2025-08-06T12:31:25,9.1899,9.1899,9.1899,9.1899,139.0
2025-08-06T12:31:26,9.181,9.181,9.181,9.181,101.0
2025-08-06T12:31:31,9.18,9.18,9.17,9.18,651.0
2025-08-06T12:31:37,9.1867,9.1867,9.18,9.18,1570.0
2025-08-06T12:31:38,9.17,9.17,9.17,9.17,312.0
2025-08-06T12:31:40,9.184,9.184,9.184,9.184,108.0
2025-08-06T12:31:41,9.175,9.175,9.13,9.13,5866.0
2025-08-06T12:31:43,9.157,9.157,9.157,9.157,368.0
2025-08-06T12:31:49,9.145,9.145,9.145,9.145,292.0
2025-08-06T12:31:53,9.155,9.155,9.155,9.155,413.0
2025-08-06T12:31:54,9.1525,9.1525,9.1525,9.1525,501.0
2025-08-06T12:32:01,9.13,9.13,9.07,9.11,3283.0
2025-08-06T12:32:05,9.12,9.12,9.09,9.09,629.0
2025-08-06T12:32:10,9.09,9.09,9.09,9.09,720.0
2025-08-06T12:32:15,9.09,9.09,9.09,9.09,221.0
2025-08-06T12:32:18,9.09,9.09,9.09,9.09,100.0
2025-08-06T12:32:19,9.0601,9.0601,9.0601,9.0601,1227.0
2025-08-06T12:32:20,9.067,9.067,9.067,9.067,439.0
2025-08-06T12:32:22,9.13,9.13,9.06,9.09,2890.0
2025-08-06T12:32:23,9.07,9.07,9.06,9.06,520.0
2025-08-06T12:32:24,9.09,9.09,9.09,9.09,198.0
2025-08-06T12:32:32,9.07,9.07,9.06,9.06,609.0
2025-08-06T12:32:33,9.0799,9.14,9.0799,9.11,8471.0
2025-08-06T12:32:47,9.1387,9.1387,9.1387,9.1387,120.0
2025-08-06T12:32:49,9.13,9.13,9.13,9.13,125.0
2025-08-06T12:33:01,9.12,9.12,9.12,9.12,164.0
2025-08-06T12:33:02,9.1381,9.1381,9.1381,9.1381,273.0
2025-08-06T12:33:03,9.1216,9.1216,9.1216,9.1216,164.0
2025-08-06T12:33:05,9.136,9.136,9.136,9.136,175.0
2025-08-06T12:33:06,9.1376,9.14,9.08,9.08,5498.0
2025-08-06T12:33:23,9.08,9.08,9.08,9.08,1000.0
2025-08-06T12:33:25,9.085,9.085,9.085,9.085,100.0
2025-08-06T12:33:26,9.083,9.083,9.07,9.07,419.0
2025-08-06T12:33:32,9.07,9.07,9.07,9.07,1000.0
2025-08-06T12:33:41,9.085,9.085,9.085,9.085,100.0
2025-08-06T12:33:48,9.08,9.08,9.08,9.08,101.0
2025-08-06T12:33:49,9.085,9.085,9.085,9.085,200.0
2025-08-06T12:33:50,9.085,9.085,9.085,9.085,484.0
2025-08-06T12:34:18,9.09,9.09,9.07,9.07,1462.0
2025-08-06T12:34:20,9.08,9.08,9.08,9.08,100.0
2025-08-06T12:34:23,9.08,9.08,9.08,9.08,101.0
2025-08-06T12:34:24,9.08,9.08,9.08,9.08,100.0
2025-08-06T12:34:32,9.068,9.068,9.068,9.068,120.0
2025-08-06T12:34:33,9.06,9.06,9.06,9.06,100.0
2025-08-06T12:34:53,9.0876,9.0876,9.0876,9.0876,111.0
2025-08-06T12:34:59,9.07,9.07,9.07,9.07,249.0
2025-08-06T12:35:05,9.06,9.06,9.06,9.06,966.0
2025-08-06T12:35:11,9.0401,9.0401,9.04,9.04,1500.0
2025-08-06T12:35:20,9.04,9.05,9.04,9.05,1183.0
2025-08-06T12:35:21,9.04,9.04,9.04,9.04,2520.0
2025-08-06T12:35:22,9.03,9.0516,9.03,9.03,897.0
2025-08-06T12:35:25,9.02,9.02,9.02,9.02,102.0
2025-08-06T12:35:26,9.02,9.02,9.02,9.02,100.0
2025-08-06T12:35:27,9.02,9.02,9.02,9.02,100.0
2025-08-06T12:35:36,9.03,9.04,9.03,9.04,1350.0
2025-08-06T12:35:44,9.035,9.035,9.035,9.035,105.0
2025-08-06T12:35:46,9.05,9.05,9.035,9.035,831.0
2025-08-06T12:35:52,9.055,9.055,9.055,9.055,100.0
2025-08-06T12:35:57,9.04,9.04,9.04,9.04,100.0
2025-08-06T12:35:58,9.03,9.03,9.03,9.03,385.0
2025-08-06T12:36:02,9.02,9.02,9.02,9.02,1138.0
2025-08-06T12:36:05,9.04,9.04,9.0394,9.04,2001.0
2025-08-06T12:36:06,9.0188,9.0188,9.0188,9.0188,4000.0
2025-08-06T12:36:07,9.02,9.07,9.02,9.07,1924.0
2025-08-06T12:36:12,9.06,9.06,9.06,9.06,170.0
2025-08-06T12:36:24,9.08,9.08,9.07,9.07,712.0
2025-08-06T12:36:27,9.082,9.082,9.07,9.07,397.0
2025-08-06T12:36:35,9.07,9.07,9.07,9.07,101.0
2025-08-06T12:36:38,9.0561,9.08,9.0561,9.08,751.0
2025-08-06T12:36:48,9.09,9.09,9.08,9.09,1433.0
2025-08-06T12:36:49,9.09,9.09,9.09,9.09,100.0
2025-08-06T12:36:52,9.09,9.09,9.09,9.09,100.0
2025-08-06T12:36:53,9.09,9.11,9.09,9.11,1387.0
2025-08-06T12:36:56,9.106,9.106,9.106,9.106,100.0
2025-08-06T12:37:00,9.11,9.11,9.11,9.11,1004.0
2025-08-06T12:37:02,9.1,9.1,9.1,9.1,1200.0
2025-08-06T12:37:06,9.1,9.1,9.1,9.1,1000.0
2025-08-06T12:37:12,9.09,9.09,9.09,9.09,853.0
2025-08-06T12:37:13,9.075,9.075,9.075,9.075,111.0
2025-08-06T12:37:29,9.075,9.075,9.075,9.075,100.0
2025-08-06T12:37:32,9.07,9.07,9.07,9.07,243.0
2025-08-06T12:37:33,9.055,9.055,9.055,9.055,186.0
2025-08-06T12:37:38,9.0501,9.0588,9.0501,9.0588,1500.0
2025-08-06T12:37:39,9.06,9.06,9.06,9.06,282.0
2025-08-06T12:37:46,9.0591,9.0591,9.0591,9.0591,201.0
2025-08-06T12:37:49,9.0508,9.0508,9.0508,9.0508,100.0
2025-08-06T12:37:52,9.055,9.06,9.055,9.06,1966.0
2025-08-06T12:37:56,9.05,9.05,9.05,9.05,1000.0
2025-08-06T12:37:57,9.05,9.05,9.05,9.05,390.0
2025-08-06T12:38:11,9.05,9.05,9.05,9.05,100.0
2025-08-06T12:38:14,9.045,9.045,9.045,9.045,500.0
2025-08-06T12:38:23,9.03,9.03,9.02,9.02,488.0
2025-08-06T12:38:28,9.0465,9.0465,9.0465,9.0465,1000.0
2025-08-06T12:38:30,9.03,9.03,9.03,9.03,100.0
2025-08-06T12:38:40,9.0004,9.02,9.0,9.0,4627.0
2025-08-06T12:38:45,9.01,9.01,9.01,9.01,200.0
2025-08-06T12:38:53,9.0,9.01,9.0,9.005,1321.0
2025-08-06T12:38:54,9.005,9.005,9.005,9.005,203.0
2025-08-06T12:38:55,9.0,9.005,9.0,9.005,700.0
2025-08-06T12:38:57,9.0095,9.0095,9.0095,9.0095,1028.0
2025-08-06T12:38:59,9.0075,9.01,9.0075,9.01,203.0
2025-08-06T12:39:13,9.0,9.0,9.0,9.0,1380.0
2025-08-06T12:39:14,9.0199,9.0199,8.98,8.98,764.0
2025-08-06T12:39:15,8.9835,8.9835,8.9835,8.9835,414.0
2025-08-06T12:39:16,9.01,9.01,9.0,9.0,200.0
2025-08-06T12:39:18,9.0,9.0,9.0,9.0,101.0
2025-08-06T12:39:19,9.0,9.02,9.0,9.0075,2314.0
2025-08-06T12:39:21,8.99,8.99,8.98,8.98,795.0
2025-08-06T12:39:24,8.975,8.975,8.975,8.975,127.0
2025-08-06T12:39:29,8.975,8.975,8.975,8.975,1334.0
2025-08-06T12:39:32,8.99,8.99,8.99,8.99,842.0
2025-08-06T12:39:34,8.9801,8.9801,8.9801,8.9801,1014.0
2025-08-06T12:39:37,9.0,9.0,8.98,8.98,7847.0
2025-08-06T12:39:39,8.96,8.96,8.95,8.95,2399.0
2025-08-06T12:39:45,8.9501,8.9501,8.95,8.95,5937.0
2025-08-06T12:39:46,8.93,8.93,8.91,8.91,237.0
2025-08-06T12:39:47,8.91,8.91,8.91,8.91,906.0
2025-08-06T12:39:49,8.93,8.93,8.902,8.9101,7155.0
2025-08-06T12:39:50,8.9,8.92,8.9,8.92,1511.0
2025-08-06T12:39:52,8.91,8.9375,8.9,8.9375,1260.0
2025-08-06T12:39:54,8.9,8.9,8.9,8.9,110.0
2025-08-06T12:39:56,8.9,8.9,8.9,8.9,603.0
2025-08-06T12:39:57,8.87,8.87,8.87,8.87,327.0
2025-08-06T12:40:00,8.9,8.9,8.88,8.88,1846.0
2025-08-06T12:40:04,8.87,8.87,8.865,8.865,208.0
2025-08-06T12:40:05,8.86,8.8697,8.85,8.8697,1862.0
2025-08-06T12:40:07,8.85,8.862,8.85,8.862,347.0
2025-08-06T12:40:09,8.85,8.858,8.85,8.858,653.0
2025-08-06T12:40:14,8.84,8.8475,8.84,8.8475,586.0
2025-08-06T12:40:15,8.85,8.85,8.85,8.85,100.0
2025-08-06T12:40:19,8.85,8.85,8.85,8.85,625.0
2025-08-06T12:40:22,8.86,8.86,8.8552,8.8552,3694.0
2025-08-06T12:40:23,8.855,8.855,8.855,8.855,101.0
2025-08-06T12:40:30,8.87,8.88,8.87,8.875,661.0
2025-08-06T12:40:32,8.8792,8.8792,8.8792,8.8792,400.0
2025-08-06T12:40:33,8.86,8.86,8.845,8.845,713.0
2025-08-06T12:40:37,8.84,8.84,8.84,8.84,100.0
2025-08-06T12:40:41,8.83,8.83,8.82,8.83,1818.0
2025-08-06T12:40:45,8.8101,8.8101,8.8101,8.8101,1200.0
2025-08-06T12:40:48,8.8145,8.8145,8.8145,8.8145,184.0
2025-08-06T12:40:49,8.84,8.84,8.84,8.84,306.0
2025-08-06T12:40:50,8.81,8.81,8.81,8.81,100.0
2025-08-06T12:40:51,8.81,8.81,8.81,8.81,101.0
2025-08-06T12:40:52,8.81,8.81,8.81,8.81,1401.0
2025-08-06T12:41:03,8.81,8.81,8.81,8.81,1468.0
2025-08-06T12:41:09,8.8,8.81,8.8,8.8,1189.0
2025-08-06T12:41:13,8.8,8.8,8.8,8.8,135.0
2025-08-06T12:41:17,8.815,8.815,8.815,8.815,100.0
2025-08-06T12:41:23,8.8,8.81,8.8,8.8,5054.0
2025-08-06T12:41:24,8.83,8.84,8.83,8.84,1682.0
2025-08-06T12:41:29,8.84,8.85,8.84,8.85,413.0
2025-08-06T12:41:31,8.8504,8.8504,8.8504,8.8504,121.0
2025-08-06T12:41:34,8.86,8.86,8.86,8.86,500.0
2025-08-06T12:41:35,8.86,8.87,8.845,8.87,1490.0
2025-08-06T12:41:36,8.855,8.91,8.855,8.91,26238.0
2025-08-06T12:41:37,8.87,8.87,8.87,8.87,158.0
2025-08-06T12:41:39,8.85,8.85,8.85,8.85,315.0
2025-08-06T12:41:40,8.84,8.84,8.84,8.84,586.0
2025-08-06T12:41:43,8.84,8.86,8.83,8.86,2301.0
2025-08-06T12:41:44,8.85,8.85,8.85,8.85,200.0
2025-08-06T12:41:52,8.84,8.84,8.84,8.84,284.0
2025-08-06T12:41:57,8.82,8.82,8.82,8.82,428.0
2025-08-06T12:42:03,8.825,8.825,8.825,8.825,102.0
2025-08-06T12:42:07,8.81,8.81,8.81,8.81,320.0
2025-08-06T12:42:10,8.815,8.815,8.815,8.815,200.0
2025-08-06T12:42:11,8.8,8.8,8.8,8.8,101.0
2025-08-06T12:42:20,8.82,8.83,8.815,8.815,1759.0
2025-08-06T12:42:23,8.819,8.819,8.819,8.819,1630.0
2025-08-06T12:42:32,8.85,8.85,8.84,8.845,2649.0
2025-08-06T12:42:39,8.83,8.83,8.83,8.83,572.0
2025-08-06T12:42:45,8.82,8.82,8.82,8.82,500.0
2025-08-06T12:42:56,8.82,8.82,8.81,8.81,2007.0
2025-08-06T12:42:57,8.8,8.8,8.8,8.8,100.0
2025-08-06T12:43:00,8.81,8.81,8.81,8.81,154.0
2025-08-06T12:43:01,8.8,8.8175,8.8,8.815,6135.0
2025-08-06T12:43:05,8.81,8.81,8.8,8.8,400.0
2025-08-06T12:43:10,8.8,8.8,8.8,8.8,110.0
2025-08-06T12:43:15,8.83,8.83,8.83,8.83,1167.0
2025-08-06T12:43:16,8.82,8.82,8.82,8.82,223.0
2025-08-06T12:43:18,8.8006,8.8006,8.8006,8.8006,111.0
2025-08-06T12:43:30,8.82,8.82,8.82,8.82,1009.0
2025-08-06T12:43:31,8.84,8.84,8.84,8.84,500.0
2025-08-06T12:43:44,8.8001,8.8001,8.8001,8.8001,500.0
2025-08-06T12:43:53,8.82,8.82,8.82,8.82,1500.0
2025-08-06T12:43:57,8.82,8.82,8.82,8.82,1126.0
2025-08-06T12:43:59,8.8368,8.8368,8.8368,8.8368,140.0
2025-08-06T12:44:05,8.82,8.82,8.82,8.82,200.0
2025-08-06T12:44:08,8.82,8.82,8.8,8.8,1808.0
2025-08-06T12:44:11,8.8,8.8,8.8,8.8,100.0
2025-08-06T12:44:14,8.8,8.82,8.79,8.82,4743.0
2025-08-06T12:44:15,8.8075,8.8075,8.8075,8.8075,150.0
2025-08-06T12:44:17,8.83,8.83,8.83,8.83,100.0
2025-08-06T12:44:24,8.8353,8.84,8.825,8.83,1101.0
2025-08-06T12:44:25,8.835,8.835,8.835,8.835,150.0
2025-08-06T12:44:31,8.81,8.86,8.81,8.86,3576.0
2025-08-06T12:44:32,8.845,8.845,8.845,8.845,446.0
2025-08-06T12:44:41,8.83,8.83,8.83,8.83,100.0
2025-08-06T12:44:49,8.83,8.83,8.83,8.83,791.0
2025-08-06T12:44:55,8.85,8.85,8.85,8.85,101.0
2025-08-06T12:44:58,8.85,8.86,8.85,8.85,582.0
2025-08-06T12:45:03,8.86,8.88,8.86,8.87,3169.0
2025-08-06T12:45:09,8.86,8.86,8.86,8.86,143.0
2025-08-06T12:45:10,8.8698,8.8698,8.8698,8.8698,178.0
2025-08-06T12:45:20,8.865,8.865,8.865,8.865,101.0
2025-08-06T12:45:27,8.89,8.89,8.87,8.87,1818.0
2025-08-06T12:45:37,8.869,8.869,8.869,8.869,150.0
2025-08-06T12:45:39,8.86,8.88,8.85,8.88,3234.0
2025-08-06T12:45:44,8.9,8.9,8.9,8.9,401.0
2025-08-06T12:45:49,8.9,8.9,8.9,8.9,200.0
2025-08-06T12:45:53,8.866,8.866,8.866,8.866,335.0
2025-08-06T12:46:00,8.88,8.88,8.88,8.88,248.0
2025-08-06T12:46:06,8.885,8.885,8.885,8.885,100.0
2025-08-06T12:46:07,8.87,8.87,8.87,8.87,1276.0
2025-08-06T12:46:09,8.88,8.885,8.88,8.88,429.0
2025-08-06T12:46:10,8.8997,8.906,8.885,8.906,10107.0
2025-08-06T12:46:15,8.9,8.9,8.89,8.89,1040.0
2025-08-06T12:46:33,8.91,8.93,8.9,8.93,18677.0
2025-08-06T12:46:42,8.905,8.905,8.905,8.905,200.0
2025-08-06T12:46:43,8.905,8.92,8.905,8.92,1449.0
2025-08-06T12:46:48,8.925,8.925,8.925,8.925,286.0
2025-08-06T12:47:04,8.9224,8.9224,8.9224,8.9224,341.0
2025-08-06T12:47:08,8.9399,8.9399,8.9399,8.9399,2020.0
2025-08-06T12:47:16,8.93,8.93,8.93,8.93,631.0
2025-08-06T12:47:24,8.922,8.93,8.92,8.92,451.0
2025-08-06T12:47:31,8.92,8.92,8.92,8.92,210.0
2025-08-06T12:47:40,8.8824,8.8824,8.8824,8.8824,500.0
2025-08-06T12:47:46,8.895,8.895,8.895,8.895,102.0
2025-08-06T12:47:50,8.895,8.9,8.8832,8.8832,713.0
2025-08-06T12:47:53,8.9,8.9,8.9,8.9,295.0
2025-08-06T12:47:58,8.91,8.91,8.91,8.91,142.0
2025-08-06T12:48:01,8.91,8.91,8.91,8.91,159.0
2025-08-06T12:49:42,8.91,8.91,8.91,8.91,588.0
2025-08-06T12:50:08,8.92,8.92,8.915,8.92,1862.0
2025-08-06T12:50:18,8.915,8.915,8.915,8.915,820.0
2025-08-06T12:50:27,8.9298,8.9298,8.9298,8.9298,120.0
2025-08-06T12:50:31,8.93,8.93,8.92,8.93,1981.0
2025-08-06T12:50:32,8.93,8.93,8.93,8.93,141.0
2025-08-06T12:50:33,8.9369,8.9369,8.925,8.925,1516.0
2025-08-06T12:50:45,8.925,8.925,8.925,8.925,520.0
2025-08-06T12:50:52,8.92,8.92,8.92,8.92,100.0
2025-08-06T12:51:23,8.93,8.93,8.93,8.93,100.0
2025-08-06T12:51:34,8.93,8.93,8.93,8.93,229.0
2025-08-06T12:51:43,8.92,8.92,8.91,8.91,801.0
2025-08-06T12:52:10,8.9,8.9,8.9,8.9,500.0
2025-08-06T12:52:16,8.9,8.9,8.9,8.9,423.0
2025-08-06T12:52:33,8.89,8.89,8.89,8.89,295.0
2025-08-06T12:52:34,8.9,8.9,8.9,8.9,602.0
2025-08-06T12:52:38,8.89,8.89,8.89,8.89,296.0
2025-08-06T12:52:41,8.9,8.9,8.9,8.9,412.0
2025-08-06T12:52:42,8.89,8.9,8.89,8.9,1438.0
2025-08-06T12:52:43,8.89,8.89,8.88,8.89,2480.0
2025-08-06T12:52:49,8.893,8.9,8.893,8.9,2320.0
2025-08-06T12:52:54,8.9,8.9,8.89,8.89,801.0
2025-08-06T12:52:58,8.9,8.9,8.9,8.9,100.0
2025-08-06T12:52:59,8.9,8.9,8.9,8.9,100.0
2025-08-06T12:53:04,8.9,8.9,8.9,8.9,101.0
2025-08-06T12:53:07,8.9,8.91,8.9,8.9,2490.0
2025-08-06T12:53:19,8.89,8.89,8.89,8.89,211.0
2025-08-06T12:53:27,8.89,8.89,8.89,8.89,530.0
2025-08-06T12:53:33,8.89,8.89,8.89,8.89,300.0
2025-08-06T12:53:47,8.89,8.89,8.89,8.89,100.0
2025-08-06T12:53:57,8.88,8.88,8.861,8.861,589.0
2025-08-06T12:53:58,8.88,8.88,8.88,8.88,100.0
2025-08-06T12:54:02,8.8877,8.8877,8.8877,8.8877,1012.0
2025-08-06T12:54:06,8.88,8.88,8.88,8.88,168.0
2025-08-06T12:54:08,8.88,8.88,8.84,8.85,11925.0
2025-08-06T12:54:19,8.845,8.86,8.8301,8.8301,13391.0
2025-08-06T12:54:22,8.8301,8.8301,8.82,8.82,10073.0
2025-08-06T12:54:25,8.82,8.8201,8.73,8.7772,19511.0
2025-08-06T12:54:26,8.7601,8.7746,8.75,8.7501,10231.0
2025-08-06T12:54:27,8.7503,8.7503,8.7503,8.7503,603.0
2025-08-06T12:54:29,8.7755,8.7755,8.7755,8.7755,469.0
2025-08-06T12:54:30,8.765,8.765,8.765,8.765,9046.0
2025-08-06T12:54:36,8.76,8.76,8.76,8.76,351.0
2025-08-06T12:54:40,8.78,8.78,8.78,8.78,238.0
2025-08-06T12:54:43,8.76,8.76,8.76,8.76,938.0
2025-08-06T12:54:45,8.755,8.76,8.73,8.73,1830.0
2025-08-06T12:54:48,8.72,8.72,8.72,8.72,892.0
2025-08-06T12:54:55,8.72,8.72,8.67,8.67,3442.0
2025-08-06T12:54:56,8.7017,8.72,8.6701,8.6701,1923.0
2025-08-06T12:55:02,8.68,8.68,8.68,8.68,600.0
2025-08-06T12:55:03,8.7,8.7,8.7,8.7,501.0
2025-08-06T12:55:08,8.8,8.8,8.7,8.72,31922.0
2025-08-06T12:55:09,8.72,8.72,8.72,8.72,247.0
2025-08-06T12:55:12,8.71,8.72,8.71,8.72,2330.0
2025-08-06T12:55:16,8.7,8.7,8.7,8.7,895.0
2025-08-06T12:55:23,8.7,8.7,8.7,8.7,560.0
2025-08-06T12:55:24,8.71,8.71,8.71,8.71,134.0
2025-08-06T12:55:25,8.715,8.715,8.715,8.715,100.0
2025-08-06T12:55:27,8.72,8.74,8.72,8.74,2048.0
2025-08-06T12:55:29,8.775,8.775,8.775,8.775,861.0
2025-08-06T12:55:31,8.8178,8.8178,8.8178,8.8178,100.0
2025-08-06T12:55:33,8.78,8.79,8.78,8.79,400.0
2025-08-06T12:55:34,8.8,8.8,8.8,8.8,100.0
2025-08-06T12:55:39,8.79,8.79,8.79,8.79,101.0
2025-08-06T12:55:43,8.76,8.76,8.76,8.76,200.0
2025-08-06T12:55:51,8.76,8.76,8.76,8.76,300.0
2025-08-06T12:56:01,8.76,8.76,8.745,8.745,2901.0
2025-08-06T12:56:04,8.7768,8.7768,8.7768,8.7768,115.0
2025-08-06T12:56:14,8.75,8.75,8.75,8.75,200.0
2025-08-06T12:56:21,8.78,8.78,8.78,8.78,264.0
2025-08-06T12:56:37,8.77,8.77,8.77,8.77,300.0
2025-08-06T12:56:52,8.76,8.76,8.76,8.76,483.0
2025-08-06T12:56:57,8.72,8.73,8.72,8.73,2673.0
2025-08-06T12:57:00,8.7207,8.7207,8.7207,8.7207,200.0
2025-08-06T12:57:15,8.7288,8.7288,8.7288,8.7288,642.0
2025-08-06T12:57:29,8.73,8.73,8.73,8.73,1636.0
2025-08-06T12:57:40,8.74,8.74,8.74,8.74,778.0
2025-08-06T12:57:41,8.72,8.72,8.72,8.72,200.0
2025-08-06T12:57:44,8.75,8.75,8.74,8.74,322.0
2025-08-06T12:57:54,8.72,8.755,8.72,8.755,425.0
2025-08-06T12:57:56,8.75,8.76,8.75,8.76,520.0
2025-08-06T12:58:02,8.73,8.73,8.73,8.73,2716.0
2025-08-06T12:58:05,8.76,8.76,8.73,8.73,1165.0
2025-08-06T12:58:09,8.7833,8.7833,8.7833,8.7833,154.0
2025-08-06T12:58:16,8.73,8.73,8.73,8.73,782.0
2025-08-06T12:58:19,8.76,8.76,8.76,8.76,200.0
2025-08-06T12:58:27,8.73,8.76,8.73,8.76,700.0
2025-08-06T12:58:55,8.76,8.76,8.76,8.76,301.0
2025-08-06T12:58:58,8.74,8.74,8.7,8.72,4104.0
2025-08-06T12:59:10,8.7136,8.7136,8.7136,8.7136,150.0
2025-08-06T12:59:53,8.68,8.68,8.68,8.68,314.0
2025-08-06T12:59:54,8.68,8.68,8.68,8.68,301.0
2025-08-06T12:59:55,8.7,8.7,8.68,8.69,1002.0
2025-08-06T13:00:13,8.7027,8.7027,8.7027,8.7027,300.0
2025-08-06T13:00:15,8.7,8.7,8.7,8.7,10340.0
2025-08-06T13:00:18,8.69,8.69,8.69,8.69,775.0
2025-08-06T13:00:46,8.72,8.72,8.68,8.69,3992.0
2025-08-06T13:00:52,8.6824,8.6824,8.6824,8.6824,500.0
2025-08-06T13:00:54,8.68,8.68,8.68,8.68,650.0
2025-08-06T13:00:56,8.66,8.66,8.66,8.66,131.0
2025-08-06T13:00:58,8.6999,8.6999,8.6999,8.6999,101.0
2025-08-06T13:01:50,8.68,8.68,8.68,8.68,104.0
2025-08-06T13:01:54,8.6631,8.6631,8.6631,8.6631,100.0
2025-08-06T13:01:59,8.68,8.68,8.652,8.652,1493.0
2025-08-06T13:02:00,8.6503,8.6503,8.6503,8.6503,100.0
2025-08-06T13:02:22,8.635,8.635,8.61,8.62,760.0
2025-08-06T13:02:25,8.621,8.621,8.62,8.62,2120.0
2025-08-06T13:02:27,8.63,8.63,8.63,8.63,439.0
2025-08-06T13:02:37,8.6435,8.6435,8.6435,8.6435,320.0
2025-08-06T13:02:52,8.65,8.65,8.65,8.65,114.0
2025-08-06T13:02:54,8.65,8.66,8.65,8.66,812.0
2025-08-06T13:03:08,8.67,8.67,8.67,8.67,798.0
2025-08-06T13:03:15,8.6747,8.6747,8.6747,8.6747,250.0
2025-08-06T13:03:24,8.67,8.67,8.67,8.67,124.0
2025-08-06T13:03:40,8.6899,8.6899,8.6899,8.6899,266.0
2025-08-06T13:03:42,8.696,8.696,8.69,8.69,459.0
2025-08-06T13:03:47,8.68,8.685,8.68,8.685,810.0
2025-08-06T13:04:27,8.67,8.67,8.66,8.66,616.0
2025-08-06T13:04:28,8.65,8.65,8.65,8.65,646.0
2025-08-06T13:04:29,8.63,8.63,8.63,8.63,1255.0
2025-08-06T13:04:45,8.63,8.63,8.63,8.63,7524.0
2025-08-06T13:05:19,8.6683,8.6683,8.6683,8.6683,1060.0
2025-08-06T13:05:36,8.63,8.64,8.63,8.64,1200.0
2025-08-06T13:05:37,8.64,8.65,8.64,8.65,1909.0
2025-08-06T13:05:40,8.65,8.65,8.65,8.65,312.0
2025-08-06T13:05:43,8.638,8.638,8.62,8.63,3220.0
2025-08-06T13:05:45,8.61,8.61,8.57,8.61,4059.0
2025-08-06T13:05:46,8.61,8.61,8.59,8.59,1284.0
2025-08-06T13:05:47,8.58,8.58,8.58,8.58,1004.0
2025-08-06T13:05:52,8.5862,8.5862,8.5862,8.5862,250.0
2025-08-06T13:06:02,8.6001,8.63,8.6,8.6,11038.0
2025-08-06T13:06:05,8.625,8.625,8.6031,8.6031,483.0
2025-08-06T13:06:14,8.64,8.64,8.64,8.64,105.0
2025-08-06T13:06:19,8.63,8.63,8.63,8.63,100.0
2025-08-06T13:06:21,8.63,8.63,8.63,8.63,600.0
2025-08-06T13:07:42,8.65,8.65,8.65,8.65,757.0
2025-08-06T13:07:48,8.65,8.65,8.65,8.65,1000.0
2025-08-06T13:07:50,8.67,8.72,8.67,8.72,2165.0
2025-08-06T13:07:56,8.715,8.715,8.715,8.715,579.0
2025-08-06T13:08:03,8.7225,8.7225,8.7225,8.7225,104.0
2025-08-06T13:08:06,8.72,8.72,8.72,8.72,604.0
2025-08-06T13:08:07,8.71,8.72,8.71,8.72,429.0
2025-08-06T13:08:18,8.72,8.72,8.72,8.72,200.0
2025-08-06T13:08:25,8.7183,8.7183,8.7183,8.7183,100.0
2025-08-06T13:08:48,8.7181,8.7181,8.7181,8.7181,130.0
2025-08-06T13:08:50,8.7,8.7,8.7,8.7,468.0
2025-08-06T13:08:55,8.7169,8.7169,8.7169,8.7169,233.0
2025-08-06T13:09:14,8.68,8.7,8.68,8.7,200.0
2025-08-06T13:09:23,8.7,8.7,8.7,8.7,125.0
2025-08-06T13:09:29,8.7196,8.7196,8.7196,8.7196,2000.0
2025-08-06T13:09:32,8.7,8.7,8.7,8.7,100.0
2025-08-06T13:09:34,8.7143,8.7143,8.7143,8.7143,401.0
2025-08-06T13:09:44,8.71,8.72,8.71,8.72,1021.0
2025-08-06T13:10:06,8.75,8.75,8.75,8.75,100.0
2025-08-06T13:10:07,8.73,8.73,8.73,8.73,973.0
2025-08-06T13:10:08,8.73,8.73,8.73,8.73,300.0
2025-08-06T13:10:14,8.73,8.73,8.715,8.715,819.0
2025-08-06T13:10:28,8.7414,8.7414,8.7414,8.7414,120.0
2025-08-06T13:10:38,8.725,8.725,8.725,8.725,119.0
2025-08-06T13:11:12,8.7568,8.7568,8.7568,8.7568,114.0
2025-08-06T13:11:16,8.72,8.72,8.72,8.72,1345.0
2025-08-06T13:11:21,8.7275,8.7275,8.725,8.725,3121.0
2025-08-06T13:11:22,8.7,8.725,8.7,8.725,700.0
2025-08-06T13:11:35,8.725,8.725,8.725,8.725,100.0
2025-08-06T13:11:41,8.72,8.74,8.72,8.74,11482.0
2025-08-06T13:11:50,8.7515,8.7515,8.7515,8.7515,114.0
2025-08-06T13:11:51,8.751311,8.751311,8.751311,8.751311,114.0
2025-08-06T13:12:21,8.7493,8.7493,8.7493,8.7493,102.0
2025-08-06T13:12:36,8.73,8.76,8.73,8.756,2662.0
2025-08-06T13:12:37,8.77,8.78,8.77,8.78,822.0
2025-08-06T13:13:26,8.7646,8.7646,8.7646,8.7646,983.0
2025-08-06T13:13:30,8.7882,8.7882,8.7882,8.7882,1191.0
2025-08-06T13:13:32,8.78,8.78,8.78,8.78,137.0
2025-08-06T13:13:33,8.775,8.775,8.775,8.775,390.0
2025-08-06T13:13:37,8.78,8.78,8.78,8.78,100.0
2025-08-06T13:14:26,8.7898,8.8,8.7898,8.8,2517.0
2025-08-06T13:14:31,8.805,8.805,8.805,8.805,200.0
2025-08-06T13:14:34,8.805,8.805,8.8,8.8,9134.0
2025-08-06T13:14:39,8.79,8.79,8.79,8.79,1517.0
2025-08-06T13:14:40,8.805,8.805,8.76,8.77,1848.0
2025-08-06T13:15:00,8.77,8.77,8.76,8.76,1350.0
2025-08-06T13:15:07,8.775,8.775,8.775,8.775,200.0
2025-08-06T13:15:28,8.78,8.78,8.78,8.78,217.0
2025-08-06T13:15:29,8.7897,8.7897,8.7897,8.7897,400.0
2025-08-06T13:15:33,8.76,8.76,8.76,8.76,772.0
2025-08-06T13:15:46,8.73,8.73,8.73,8.73,1075.0
2025-08-06T13:15:47,8.75,8.75,8.75,8.75,427.0
2025-08-06T13:15:51,8.7239,8.7239,8.7239,8.7239,400.0
2025-08-06T13:15:56,8.7264,8.7264,8.7264,8.7264,102.0
2025-08-06T13:16:06,8.72,8.7349,8.72,8.7201,5030.0
2025-08-06T13:16:07,8.7359,8.7359,8.7359,8.7359,225.0
2025-08-06T13:16:30,8.726,8.726,8.726,8.726,193.0
2025-08-06T13:16:50,8.72,8.72,8.72,8.72,688.0
2025-08-06T13:17:13,8.7268,8.7268,8.7268,8.7268,156.0
2025-08-06T13:18:02,8.72,8.72,8.72,8.72,105.0
2025-08-06T13:18:15,8.72,8.72,8.72,8.72,100.0
2025-08-06T13:18:28,8.71,8.72,8.71,8.72,1009.0
2025-08-06T13:18:38,8.7,8.7,8.7,8.7,661.0
2025-08-06T13:18:48,8.688,8.688,8.688,8.688,3000.0
2025-08-06T13:19:43,8.69,8.69,8.69,8.69,334.0
2025-08-06T13:20:19,8.7,8.7,8.68,8.69,601.0
2025-08-06T13:20:25,8.69,8.69,8.69,8.69,203.0
2025-08-06T13:20:31,8.69,8.69,8.69,8.69,300.0
2025-08-06T13:20:39,8.68,8.68,8.68,8.68,820.0
2025-08-06T13:21:33,8.6401,8.6401,8.64,8.64,321.0
2025-08-06T13:21:34,8.6471,8.6471,8.6471,8.6471,107.0
2025-08-06T13:21:47,8.64,8.65,8.64,8.65,399.0
2025-08-06T13:21:53,8.66,8.66,8.66,8.66,918.0
2025-08-06T13:21:58,8.654,8.66,8.65,8.66,728.0
2025-08-06T13:22:18,8.6403,8.6403,8.6403,8.6403,560.0
2025-08-06T13:22:22,8.655,8.655,8.655,8.655,290.0
2025-08-06T13:23:07,8.6676,8.6676,8.6676,8.6676,208.0
2025-08-06T13:23:08,8.65,8.65,8.65,8.65,100.0
2025-08-06T13:23:11,8.65,8.65,8.65,8.65,836.0
2025-08-06T13:24:08,8.644,8.644,8.644,8.644,1102.0
2025-08-06T13:24:12,8.6565,8.6565,8.6565,8.6565,120.0
2025-08-06T13:24:14,8.655,8.67,8.655,8.67,1037.0
2025-08-06T13:24:15,8.675,8.675,8.675,8.675,100.0
2025-08-06T13:24:19,8.675,8.675,8.675,8.675,106.0
2025-08-06T13:24:29,8.6969,8.6969,8.6969,8.6969,173.0
2025-08-06T13:24:42,8.7,8.71,8.7,8.71,1178.0
2025-08-06T13:25:03,8.72,8.72,8.72,8.72,100.0
2025-08-06T13:25:12,8.7394,8.7394,8.7394,8.7394,100.0
2025-08-06T13:25:26,8.71,8.71,8.7,8.7,890.0
2025-08-06T13:25:37,8.71,8.71,8.71,8.71,100.0
2025-08-06T13:25:40,8.72,8.72,8.72,8.72,203.0
2025-08-06T13:25:43,8.7199,8.7199,8.7199,8.7199,179.0
2025-08-06T13:26:08,8.7,8.7,8.7,8.7,134.0
2025-08-06T13:27:53,8.7,8.7,8.68,8.68,2283.0
2025-08-06T13:27:55,8.665,8.665,8.665,8.665,200.0
2025-08-06T13:28:11,8.65,8.65,8.65,8.65,100.0
2025-08-06T13:28:37,8.665,8.665,8.665,8.665,415.0
2025-08-06T13:28:44,8.665,8.67,8.53,8.5375,68023.0
2025-08-06T13:28:46,8.55,8.57,8.54,8.54,5468.0
2025-08-06T13:28:47,8.58,8.58,8.58,8.58,489.0
2025-08-06T13:28:50,8.585,8.585,8.585,8.585,161.0
2025-08-06T13:28:56,8.57,8.58,8.57,8.58,262.0
2025-08-06T13:29:00,8.5616,8.5616,8.5616,8.5616,187.0
2025-08-06T13:29:01,8.5799,8.58,8.5799,8.58,1469.0
2025-08-06T13:29:18,8.59,8.59,8.59,8.59,202.0
2025-08-06T13:29:19,8.57,8.57,8.57,8.57,200.0
2025-08-06T13:29:23,8.595,8.6,8.57,8.6,1495.0
2025-08-06T13:29:37,8.6,8.6,8.6,8.6,617.0
2025-08-06T13:29:41,8.59,8.59,8.59,8.59,250.0
2025-08-06T13:29:53,8.56,8.56,8.55,8.55,440.0
2025-08-06T13:29:54,8.57,8.57,8.57,8.57,159.0
2025-08-06T13:30:11,8.55,8.55,8.53,8.55,2897.0
2025-08-06T13:30:12,8.55,8.55,8.55,8.55,3800.0
2025-08-06T13:30:28,8.5304,8.5304,8.5304,8.5304,1000.0
2025-08-06T13:30:29,8.548,8.548,8.548,8.548,300.0
2025-08-06T13:30:35,8.55,8.55,8.53,8.53,1600.0
2025-08-06T13:30:38,8.55,8.55,8.55,8.55,579.0
2025-08-06T13:30:40,8.5358,8.5358,8.5358,8.5358,103.0
2025-08-06T13:30:42,8.58,8.58,8.56,8.58,1539.0
2025-08-06T13:30:50,8.6,8.6,8.59,8.59,694.0
2025-08-06T13:31:20,8.6,8.6,8.6,8.6,241.0
2025-08-06T13:31:30,8.6,8.61,8.6,8.61,535.0
2025-08-06T13:31:37,8.62,8.62,8.62,8.62,872.0
2025-08-06T13:31:40,8.61,8.61,8.61,8.61,200.0
2025-08-06T13:32:12,8.62,8.62,8.62,8.62,250.0
2025-08-06T13:32:23,8.6,8.6,8.59,8.59,963.0
2025-08-06T13:32:28,8.6,8.6,8.6,8.6,200.0
2025-08-06T13:32:36,8.59,8.6,8.59,8.6,580.0
2025-08-06T13:32:44,8.595,8.595,8.595,8.595,100.0
2025-08-06T13:33:05,8.6,8.6,8.6,8.6,100.0
2025-08-06T13:33:15,8.6,8.6,8.6,8.6,343.0
2025-08-06T13:34:11,8.58,8.58,8.58,8.58,529.0
2025-08-06T13:34:18,8.58,8.58,8.58,8.58,121.0
2025-08-06T13:34:20,8.58,8.58,8.58,8.58,209.0
2025-08-06T13:34:21,8.58,8.59,8.58,8.59,406.0
2025-08-06T13:34:26,8.58,8.58,8.54,8.55,3567.0
2025-08-06T13:34:34,8.5969,8.5969,8.5969,8.5969,582.0
2025-08-06T13:34:43,8.58,8.58,8.57,8.57,1915.0
2025-08-06T13:35:18,8.55,8.55,8.55,8.55,101.0
2025-08-06T13:35:24,8.54,8.54,8.54,8.54,107.0
2025-08-06T13:35:32,8.5401,8.5401,8.5401,8.5401,140.0
2025-08-06T13:35:43,8.56,8.56,8.56,8.56,725.0
2025-08-06T13:36:04,8.57,8.57,8.55,8.55,1132.0
2025-08-06T13:36:18,8.55,8.55,8.52,8.5425,8581.0
2025-08-06T13:36:27,8.535,8.535,8.535,8.535,263.0
2025-08-06T13:36:37,8.52,8.54,8.47,8.52,10340.0
2025-08-06T13:36:38,8.545,8.545,8.545,8.545,100.0
2025-08-06T13:36:40,8.545,8.545,8.545,8.545,318.0
2025-08-06T13:36:43,8.5443,8.5443,8.5443,8.5443,400.0
2025-08-06T13:36:44,8.55,8.55,8.55,8.55,300.0
2025-08-06T13:36:57,8.5404,8.555,8.54,8.555,3659.0
2025-08-06T13:37:08,8.555,8.555,8.555,8.555,100.0
2025-08-06T13:37:46,8.555,8.555,8.555,8.555,203.0
2025-08-06T13:38:03,8.555,8.555,8.555,8.555,521.0
2025-08-06T13:38:05,8.57,8.57,8.57,8.57,976.0
2025-08-06T13:38:06,8.58,8.58,8.58,8.58,200.0
2025-08-06T13:38:11,8.59,8.6,8.58,8.6,3678.0
2025-08-06T13:38:12,8.61,8.62,8.61,8.62,1389.0
2025-08-06T13:38:14,8.62,8.63,8.62,8.62,1583.0
2025-08-06T13:38:51,8.615,8.615,8.615,8.615,100.0
2025-08-06T13:39:02,8.615,8.615,8.615,8.615,100.0
2025-08-06T13:39:03,8.615,8.6293,8.615,8.6293,200.0
2025-08-06T13:39:16,8.6269,8.6269,8.6269,8.6269,115.0
2025-08-06T13:39:19,8.625,8.625,8.625,8.625,864.0
2025-08-06T13:39:24,8.615,8.615,8.615,8.615,201.0
2025-08-06T13:39:31,8.6,8.6,8.58,8.6,4502.0
2025-08-06T13:39:44,8.5808,8.5808,8.5808,8.5808,100.0
2025-08-06T13:40:27,8.579,8.579,8.57,8.57,1651.0
2025-08-06T13:40:29,8.55,8.55,8.55,8.55,1495.0
2025-08-06T13:40:30,8.55,8.55,8.55,8.55,484.0
2025-08-06T13:40:41,8.56,8.56,8.56,8.56,100.0
2025-08-06T13:40:49,8.57,8.57,8.57,8.57,1201.0
2025-08-06T13:41:18,8.56,8.56,8.55,8.55,513.0
2025-08-06T13:42:08,8.58,8.58,8.58,8.58,200.0
2025-08-06T13:42:39,8.54,8.54,8.54,8.54,509.0
2025-08-06T13:42:56,8.54,8.545,8.54,8.545,2014.0
2025-08-06T13:42:57,8.54,8.54,8.54,8.54,966.0
2025-08-06T13:43:03,8.53,8.53,8.53,8.53,101.0
2025-08-06T13:43:32,8.53,8.53,8.53,8.53,749.0
2025-08-06T13:43:51,8.53,8.53,8.53,8.53,394.0
2025-08-06T13:43:54,8.5499,8.5499,8.54,8.54,427.0
2025-08-06T13:44:02,8.5169,8.5169,8.5169,8.5169,400.0
2025-08-06T13:44:09,8.535,8.535,8.535,8.535,200.0
2025-08-06T13:44:12,8.5306,8.5306,8.5306,8.5306,400.0
2025-08-06T13:44:28,8.535,8.535,8.48,8.48,2542.0
2025-08-06T13:44:29,8.48,8.48,8.47,8.47,461.0
2025-08-06T13:44:39,8.5,8.5,8.485,8.485,531.0
2025-08-06T13:44:45,8.48,8.48,8.48,8.48,108.0
2025-08-06T13:44:48,8.5,8.5,8.5,8.5,200.0
2025-08-06T13:44:54,8.48,8.48,8.48,8.48,224.0
2025-08-06T13:44:58,8.48,8.48,8.48,8.48,105.0
2025-08-06T13:45:00,8.48,8.48,8.48,8.48,318.0
2025-08-06T13:45:03,8.48,8.48,8.48,8.48,126.0
2025-08-06T13:45:04,8.48,8.48,8.48,8.48,126.0
2025-08-06T13:45:06,8.4648,8.47,8.4648,8.47,434.0
2025-08-06T13:45:12,8.48,8.485,8.48,8.485,624.0
2025-08-06T13:45:29,8.49,8.49,8.49,8.49,262.0
2025-08-06T13:46:19,8.485,8.485,8.485,8.485,316.0
2025-08-06T13:46:40,8.485,8.485,8.485,8.485,103.0
2025-08-06T13:47:07,8.49,8.5,8.49,8.49,668.0
2025-08-06T13:47:16,8.49,8.5,8.49,8.5,843.0
2025-08-06T13:47:34,8.52,8.52,8.52,8.52,555.0
2025-08-06T13:47:42,8.49,8.49,8.49,8.49,1900.0
2025-08-06T13:47:48,8.49,8.49,8.49,8.49,100.0
2025-08-06T13:47:49,8.4901,8.4901,8.4901,8.4901,112.0
2025-08-06T13:47:52,8.515,8.515,8.49,8.5,4814.0
2025-08-06T13:47:54,8.53,8.53,8.53,8.53,207.0
2025-08-06T13:47:59,8.525,8.5393,8.525,8.5393,220.0
2025-08-06T13:48:06,8.53,8.58,8.53,8.58,5645.0
2025-08-06T13:48:09,8.5229,8.5229,8.5229,8.5229,1117.0
2025-08-06T13:48:27,8.58,8.58,8.57,8.57,6203.0
2025-08-06T13:48:30,8.6,8.6,8.6,8.6,320.0
2025-08-06T13:48:49,8.5505,8.5505,8.5505,8.5505,224.0
2025-08-06T13:49:41,8.58,8.58,8.58,8.58,380.0
2025-08-06T13:49:54,8.5976,8.5976,8.5976,8.5976,117.0
2025-08-06T13:50:05,8.5981,8.6,8.59,8.6,3296.0
2025-08-06T13:50:14,8.61,8.61,8.61,8.61,127.0
2025-08-06T13:50:34,8.61,8.61,8.605,8.605,516.0
2025-08-06T13:50:57,8.6,8.6,8.6,8.6,174.0
2025-08-06T13:50:58,8.6,8.6,8.6,8.6,344.0
2025-08-06T13:51:30,8.61,8.61,8.61,8.61,1000.0
2025-08-06T13:51:32,8.6,8.61,8.6,8.6,643.0
2025-08-06T13:51:57,8.6,8.61,8.57,8.57,4055.0
2025-08-06T13:52:05,8.56,8.56,8.545,8.545,1026.0
2025-08-06T13:52:54,8.5609,8.5609,8.5609,8.5609,300.0
2025-08-06T13:53:16,8.57,8.58,8.57,8.58,850.0
2025-08-06T13:53:23,8.6,8.62,8.6,8.62,1523.0
2025-08-06T13:53:44,8.6296,8.64,8.6296,8.63,5660.0
2025-08-06T13:54:30,8.655,8.655,8.655,8.655,100.0
2025-08-06T13:54:36,8.66,8.66,8.65,8.65,1455.0
2025-08-06T13:54:39,8.65,8.65,8.65,8.65,100.0
2025-08-06T13:54:42,8.656,8.67,8.656,8.67,2100.0
2025-08-06T13:54:52,8.65,8.65,8.65,8.65,1127.0
2025-08-06T13:55:17,8.65,8.65,8.64,8.64,754.0
2025-08-06T13:55:43,8.67,8.68,8.67,8.68,705.0
2025-08-06T13:56:11,8.69,8.71,8.69,8.71,863.0
2025-08-06T13:56:13,8.72,8.72,8.72,8.72,100.0
2025-08-06T13:56:20,8.7,8.71,8.7,8.71,2382.0
2025-08-06T13:56:49,8.7276,8.7276,8.7276,8.7276,573.0
2025-08-06T13:57:05,8.72,8.73,8.72,8.73,1243.0
2025-08-06T13:57:06,8.73,8.73,8.73,8.73,144.0
2025-08-06T13:57:08,8.7397,8.7397,8.7238,8.7238,1600.0
2025-08-06T13:57:13,8.7377,8.74,8.7377,8.74,1344.0
2025-08-06T13:57:16,8.731,8.731,8.731,8.731,2000.0
2025-08-06T13:57:22,8.73,8.73,8.73,8.73,987.0
2025-08-06T13:57:23,8.7218,8.7218,8.7218,8.7218,177.0
2025-08-06T13:57:41,8.735,8.735,8.735,8.735,120.0
2025-08-06T13:57:45,8.75,8.75,8.75,8.75,100.0
2025-08-06T13:57:48,8.75,8.75,8.75,8.75,1037.0
2025-08-06T13:58:05,8.73,8.73,8.73,8.73,385.0
2025-08-06T13:58:06,8.7335,8.7335,8.7335,8.7335,2000.0
2025-08-06T13:58:07,8.7338,8.7338,8.7338,8.7338,644.0
2025-08-06T13:58:13,8.72,8.72,8.72,8.72,1700.0
2025-08-06T13:58:17,8.7101,8.7101,8.7101,8.7101,2500.0
2025-08-06T13:58:18,8.7336,8.7336,8.7336,8.7336,501.0
2025-08-06T13:58:22,8.7316,8.7316,8.7316,8.7316,1600.0
2025-08-06T13:58:23,8.73,8.73,8.73,8.73,100.0
2025-08-06T13:58:38,8.73,8.73,8.73,8.73,131.0
2025-08-06T13:58:54,8.73,8.73,8.73,8.73,104.0
2025-08-06T13:58:59,8.73,8.73,8.73,8.73,100.0
2025-08-06T13:59:06,8.73,8.73,8.73,8.73,100.0
2025-08-06T13:59:13,8.735,8.735,8.735,8.735,116.0
2025-08-06T14:00:01,8.76,8.76,8.76,8.76,105.0
2025-08-06T14:00:11,8.735,8.74,8.7071,8.7071,3729.0
2025-08-06T14:00:12,8.7,8.7,8.69,8.69,930.0
2025-08-06T14:00:13,8.67,8.695,8.67,8.67,6800.0
2025-08-06T14:00:14,8.6985,8.6985,8.6985,8.6985,141.0
2025-08-06T14:00:26,8.695,8.695,8.695,8.695,131.0
2025-08-06T14:00:51,8.73,8.73,8.72,8.72,824.0
2025-08-06T14:00:52,8.74,8.74,8.74,8.74,201.0
2025-08-06T14:00:54,8.74,8.74,8.74,8.74,300.0
2025-08-06T14:01:19,8.74,8.74,8.74,8.74,343.0
2025-08-06T14:01:22,8.74,8.75,8.74,8.75,300.0
2025-08-06T14:01:32,8.74,8.74,8.74,8.74,345.0
2025-08-06T14:01:35,8.7394,8.7394,8.7394,8.7394,5000.0
2025-08-06T14:01:38,8.73,8.73,8.73,8.73,104.0
2025-08-06T14:01:57,8.74,8.74,8.74,8.74,200.0
2025-08-06T14:02:07,8.75,8.75,8.75,8.75,100.0
2025-08-06T14:02:09,8.739,8.739,8.739,8.739,1500.0
2025-08-06T14:02:12,8.74,8.75,8.73,8.75,4085.0
2025-08-06T14:02:13,8.75,8.765,8.71,8.71,5105.0
2025-08-06T14:02:41,8.695,8.695,8.695,8.695,100.0
2025-08-06T14:02:42,8.69,8.69,8.69,8.69,329.0
2025-08-06T14:02:46,8.7,8.7,8.7,8.7,401.0
2025-08-06T14:03:41,8.695,8.695,8.68,8.68,1414.0
2025-08-06T14:04:04,8.7099,8.7099,8.7099,8.7099,150.0
2025-08-06T14:04:25,8.71,8.71,8.71,8.71,101.0
2025-08-06T14:04:37,8.7,8.73,8.7,8.71,1379.0
2025-08-06T14:04:40,8.72,8.72,8.72,8.72,200.0
2025-08-06T14:04:58,8.73,8.73,8.73,8.73,749.0
2025-08-06T14:05:07,8.72,8.72,8.68,8.68,2101.0
2025-08-06T14:05:18,8.67,8.67,8.66,8.66,859.0
2025-08-06T14:05:19,8.66,8.66,8.66,8.66,100.0
2025-08-06T14:05:20,8.66,8.66,8.66,8.66,100.0
2025-08-06T14:05:21,8.6531,8.6531,8.6531,8.6531,500.0
2025-08-06T14:05:27,8.665,8.665,8.64,8.64,1176.0
2025-08-06T14:05:37,8.64,8.64,8.64,8.64,257.0
2025-08-06T14:05:40,8.64,8.64,8.64,8.64,101.0
2025-08-06T14:05:46,8.64,8.64,8.64,8.64,100.0
2025-08-06T14:05:49,8.64,8.65,8.64,8.65,326.0
2025-08-06T14:05:55,8.64,8.64,8.64,8.64,381.0
2025-08-06T14:06:03,8.62,8.62,8.62,8.62,100.0
2025-08-06T14:06:09,8.65,8.65,8.65,8.65,326.0
2025-08-06T14:06:11,8.635,8.635,8.635,8.635,131.0
2025-08-06T14:06:40,8.635,8.635,8.635,8.635,300.0
2025-08-06T14:06:51,8.62,8.62,8.62,8.62,530.0
2025-08-06T14:07:00,8.625,8.625,8.625,8.625,100.0
2025-08-06T14:07:06,8.62,8.62,8.62,8.62,200.0
2025-08-06T14:08:01,8.62,8.62,8.62,8.62,792.0
2025-08-06T14:08:13,8.63,8.63,8.63,8.63,1159.0
2025-08-06T14:08:20,8.64,8.64,8.64,8.64,341.0
2025-08-06T14:08:53,8.6255,8.64,8.62,8.64,2436.0
2025-08-06T14:08:54,8.64,8.64,8.64,8.64,159.0
2025-08-06T14:08:55,8.64,8.64,8.64,8.64,133.0
2025-08-06T14:09:20,8.6569,8.6569,8.6569,8.6569,116.0
2025-08-06T14:09:30,8.659,8.659,8.659,8.659,302.0
2025-08-06T14:10:04,8.66,8.66,8.655,8.655,687.0
2025-08-06T14:10:34,8.66,8.66,8.65,8.65,1680.0
2025-08-06T14:11:24,8.63,8.63,8.62,8.62,898.0
2025-08-06T14:11:54,8.61,8.61,8.61,8.61,274.0
2025-08-06T14:13:49,8.63,8.63,8.63,8.63,149.0
2025-08-06T14:14:12,8.63,8.63,8.63,8.63,585.0
2025-08-06T14:14:32,8.6569,8.6569,8.6569,8.6569,115.0
2025-08-06T14:14:54,8.635,8.635,8.635,8.635,100.0
2025-08-06T14:14:55,8.635,8.635,8.635,8.635,200.0
2025-08-06T14:15:24,8.635,8.635,8.635,8.635,100.0
2025-08-06T14:16:18,8.63,8.63,8.63,8.63,274.0
2025-08-06T14:16:20,8.64,8.64,8.64,8.64,615.0
2025-08-06T14:16:25,8.64,8.64,8.64,8.64,100.0
2025-08-06T14:16:39,8.6498,8.6498,8.6498,8.6498,108.0
2025-08-06T14:16:49,8.64,8.65,8.64,8.65,1424.0
2025-08-06T14:16:53,8.6384,8.6384,8.6384,8.6384,201.0
2025-08-06T14:16:55,8.67,8.67,8.67,8.67,100.0
2025-08-06T14:17:22,8.675,8.675,8.675,8.675,7021.0
2025-08-06T14:17:25,8.68,8.68,8.68,8.68,413.0
2025-08-06T14:17:40,8.6997,8.7,8.6997,8.7,3418.0
2025-08-06T14:17:45,8.7169,8.7169,8.7169,8.7169,150.0
2025-08-06T14:17:53,8.71,8.71,8.71,8.71,152.0
2025-08-06T14:18:25,8.7,8.7,8.7,8.7,925.0
2025-08-06T14:18:26,8.69,8.7,8.69,8.7,1179.0
2025-08-06T14:18:37,8.7,8.7,8.7,8.7,300.0
2025-08-06T14:18:39,8.71,8.71,8.71,8.71,305.0
2025-08-06T14:18:50,8.71,8.71,8.71,8.71,470.0
2025-08-06T14:19:26,8.7,8.7,8.7,8.7,106.0
2025-08-06T14:19:31,8.7,8.7,8.7,8.7,501.0
2025-08-06T14:20:06,8.69,8.7,8.69,8.7,1120.0
2025-08-06T14:20:12,8.71,8.71,8.71,8.71,237.0
2025-08-06T14:20:18,8.71,8.72,8.71,8.72,337.0
2025-08-06T14:20:50,8.7,8.7,8.7,8.7,2203.0
2025-08-06T14:20:54,8.69,8.69,8.68,8.68,1134.0
2025-08-06T14:21:06,8.685,8.685,8.685,8.685,229.0
2025-08-06T14:21:12,8.67,8.67,8.66,8.66,1425.0
2025-08-06T14:21:50,8.6504,8.6504,8.65,8.65,1679.0
2025-08-06T14:23:10,8.66,8.66,8.66,8.66,409.0
2025-08-06T14:23:16,8.65,8.65,8.64,8.64,1060.0
2025-08-06T14:23:18,8.64,8.64,8.64,8.64,100.0
2025-08-06T14:23:33,8.64,8.64,8.6231,8.64,705.0
2025-08-06T14:24:41,8.64,8.64,8.64,8.64,311.0
2025-08-06T14:25:07,8.652,8.652,8.652,8.652,241.0
2025-08-06T14:25:43,8.62,8.62,8.62,8.62,100.0
2025-08-06T14:26:15,8.6403,8.6403,8.6403,8.6403,781.0
2025-08-06T14:26:33,8.64,8.64,8.64,8.64,102.0
2025-08-06T14:26:55,8.64,8.64,8.64,8.64,100.0
2025-08-06T14:27:48,8.64,8.64,8.64,8.64,100.0
2025-08-06T14:28:03,8.65,8.65,8.65,8.65,428.0
2025-08-06T14:28:17,8.62,8.65,8.62,8.65,425.0
2025-08-06T14:28:26,8.65,8.65,8.65,8.65,309.0
2025-08-06T14:28:43,8.645,8.645,8.645,8.645,230.0
2025-08-06T14:29:16,8.654,8.654,8.654,8.654,120.0
2025-08-06T14:30:35,8.63,8.63,8.63,8.63,810.0
2025-08-06T14:30:48,8.64,8.64,8.64,8.64,200.0
2025-08-06T14:30:53,8.6467,8.6467,8.6467,8.6467,300.0
2025-08-06T14:31:06,8.64,8.65,8.59,8.65,8258.0
2025-08-06T14:31:07,8.58,8.58,8.58,8.58,644.0
2025-08-06T14:31:10,8.59,8.59,8.59,8.59,302.0
2025-08-06T14:31:11,8.59,8.59,8.58,8.58,226.0
2025-08-06T14:31:20,8.59,8.59,8.59,8.59,438.0
2025-08-06T14:31:30,8.595,8.595,8.595,8.595,176.0
2025-08-06T14:31:33,8.595,8.595,8.595,8.595,100.0
2025-08-06T14:31:38,8.6099,8.6099,8.6099,8.6099,100.0
2025-08-06T14:31:40,8.6,8.61,8.6,8.61,894.0
2025-08-06T14:31:52,8.61,8.61,8.61,8.61,520.0
2025-08-06T14:32:00,8.6023,8.6023,8.6023,8.6023,1011.0
2025-08-06T14:32:04,8.61,8.61,8.61,8.61,234.0
2025-08-06T14:32:16,8.6,8.6,8.6,8.6,528.0
2025-08-06T14:32:19,8.59,8.59,8.59,8.59,594.0
2025-08-06T14:32:22,8.589,8.589,8.589,8.589,751.0
2025-08-06T14:32:25,8.6,8.61,8.6,8.61,4089.0
2025-08-06T14:32:55,8.6393,8.6393,8.6393,8.6393,172.0
2025-08-06T14:33:47,8.6,8.6,8.6,8.6,2656.0
2025-08-06T14:34:33,8.64,8.64,8.62,8.62,2029.0
2025-08-06T14:35:00,8.635,8.635,8.635,8.635,298.0
2025-08-06T14:35:10,8.62,8.62,8.62,8.62,257.0
2025-08-06T14:35:30,8.62,8.62,8.62,8.62,818.0
2025-08-06T14:35:50,8.64,8.64,8.64,8.64,2111.0
2025-08-06T14:35:57,8.64,8.64,8.64,8.64,452.0
2025-08-06T14:36:05,8.645,8.645,8.645,8.645,300.0
2025-08-06T14:36:09,8.66,8.66,8.65,8.65,518.0
2025-08-06T14:36:20,8.645,8.645,8.645,8.645,100.0
2025-08-06T14:37:01,8.632,8.65,8.632,8.65,400.0
2025-08-06T14:37:22,8.645,8.645,8.645,8.645,111.0
2025-08-06T14:37:56,8.645,8.645,8.645,8.645,100.0
2025-08-06T14:38:00,8.65,8.66,8.65,8.66,1408.0
2025-08-06T14:39:31,8.655,8.655,8.64,8.64,2750.0
2025-08-06T14:39:34,8.63,8.63,8.63,8.63,1398.0
2025-08-06T14:39:39,8.635,8.635,8.635,8.635,206.0
2025-08-06T14:39:41,8.62,8.62,8.62,8.62,108.0
2025-08-06T14:40:46,8.62,8.62,8.62,8.62,110.0
2025-08-06T14:40:51,8.62,8.62,8.62,8.62,128.0
2025-08-06T14:40:52,8.61,8.611,8.61,8.611,394.0
2025-08-06T14:40:54,8.61,8.61,8.61,8.61,1563.0
2025-08-06T14:40:56,8.62,8.62,8.615,8.62,731.0
2025-08-06T14:41:01,8.61,8.61,8.61,8.61,579.0
2025-08-06T14:41:13,8.62,8.62,8.62,8.62,261.0
2025-08-06T14:41:14,8.62,8.62,8.62,8.62,134.0
2025-08-06T14:41:23,8.62,8.63,8.62,8.62,2230.0
2025-08-06T14:41:24,8.61,8.61,8.61,8.61,633.0
2025-08-06T14:42:42,8.6,8.6,8.6,8.6,2479.0
2025-08-06T14:42:50,8.605,8.61,8.605,8.61,500.0
2025-08-06T14:42:55,8.6,8.6,8.6,8.6,8095.0
2025-08-06T14:43:11,8.59,8.59,8.59,8.59,153.0
2025-08-06T14:43:22,8.5999,8.6,8.5999,8.6,1411.0
2025-08-06T14:43:42,8.59,8.59,8.59,8.59,318.0
2025-08-06T14:44:08,8.58,8.58,8.57,8.57,766.0
2025-08-06T14:44:09,8.55,8.55,8.55,8.55,100.0
2025-08-06T14:44:15,8.564,8.564,8.564,8.564,100.0
2025-08-06T14:44:29,8.58,8.58,8.58,8.58,259.0
2025-08-06T14:44:34,8.56,8.56,8.56,8.56,100.0
2025-08-06T14:45:03,8.57,8.57,8.57,8.57,1002.0
2025-08-06T14:45:15,8.5631,8.5631,8.5631,8.5631,116.0
2025-08-06T14:45:25,8.56,8.56,8.56,8.56,163.0
2025-08-06T14:45:45,8.5762,8.5762,8.5762,8.5762,500.0
2025-08-06T14:46:03,8.58,8.58,8.58,8.58,413.0
2025-08-06T14:46:04,8.57,8.57,8.57,8.57,461.0
2025-08-06T14:47:20,8.5897,8.5897,8.5897,8.5897,136.0
2025-08-06T14:47:24,8.56,8.56,8.56,8.56,606.0
2025-08-06T14:47:54,8.56,8.56,8.56,8.56,210.0
2025-08-06T14:48:01,8.55,8.55,8.55,8.55,306.0
2025-08-06T14:48:03,8.55,8.57,8.55,8.57,3081.0
2025-08-06T14:48:07,8.565,8.565,8.565,8.565,103.0
2025-08-06T14:48:08,8.57,8.57,8.57,8.57,535.0
2025-08-06T14:48:13,8.56,8.56,8.56,8.56,235.0
2025-08-06T14:48:14,8.55,8.55,8.55,8.55,1337.0
2025-08-06T14:48:42,8.565,8.565,8.565,8.565,212.0
2025-08-06T14:49:20,8.57,8.57,8.57,8.57,513.0
2025-08-06T14:49:32,8.57,8.57,8.57,8.57,207.0
2025-08-06T14:49:42,8.56,8.56,8.56,8.56,110.0
2025-08-06T14:49:53,8.56,8.575,8.56,8.575,1844.0
2025-08-06T14:50:05,8.565,8.565,8.565,8.565,109.0
2025-08-06T14:51:10,8.565,8.57,8.565,8.57,800.0
2025-08-06T14:51:33,8.57,8.57,8.57,8.57,289.0
2025-08-06T14:52:15,8.5531,8.5531,8.5531,8.5531,208.0
2025-08-06T14:52:53,8.55,8.55,8.55,8.55,100.0
2025-08-06T14:52:56,8.5769,8.5769,8.5769,8.5769,201.0
2025-08-06T14:53:06,8.565,8.565,8.565,8.565,229.0
2025-08-06T14:53:08,8.5799,8.5799,8.5799,8.5799,100.0
2025-08-06T14:53:10,8.57,8.57,8.57,8.57,300.0
2025-08-06T14:53:33,8.565,8.565,8.565,8.565,300.0
2025-08-06T14:54:20,8.57,8.57,8.57,8.57,225.0
2025-08-06T14:54:43,8.56,8.56,8.56,8.56,100.0
2025-08-06T14:54:47,8.57,8.57,8.57,8.57,143.0
2025-08-06T14:54:55,8.58,8.59,8.58,8.59,2371.0
2025-08-06T14:55:33,8.585,8.585,8.585,8.585,100.0
2025-08-06T14:56:17,8.5974,8.5974,8.5974,8.5974,1121.0
2025-08-06T14:56:30,8.6,8.61,8.59,8.61,2987.0
2025-08-06T14:56:32,8.605,8.605,8.605,8.605,508.0
2025-08-06T14:56:33,8.61,8.61,8.61,8.61,117.0
2025-08-06T14:56:56,8.6,8.6,8.6,8.6,1381.0
2025-08-06T14:57:13,8.605,8.605,8.605,8.605,108.0
2025-08-06T14:57:18,8.61,8.62,8.61,8.61,537.0
2025-08-06T14:57:19,8.63,8.66,8.63,8.66,1311.0
2025-08-06T14:57:33,8.6869,8.6869,8.6869,8.6869,146.0
2025-08-06T14:57:39,8.6895,8.6895,8.6895,8.6895,2559.0
2025-08-06T14:57:59,8.665,8.665,8.665,8.665,300.0
2025-08-06T14:58:35,8.675,8.7,8.675,8.7,1952.0
2025-08-06T14:58:37,8.7,8.71,8.7,8.71,978.0
2025-08-06T14:58:40,8.7,8.7,8.7,8.7,200.0
2025-08-06T14:58:41,8.7,8.7,8.7,8.7,546.0
2025-08-06T14:58:54,8.69,8.69,8.69,8.69,590.0
2025-08-06T14:58:55,8.68,8.695,8.68,8.695,421.0
2025-08-06T14:58:58,8.69,8.69,8.69,8.69,301.0
2025-08-06T14:59:02,8.68,8.69,8.68,8.68,1105.0
2025-08-06T14:59:27,8.685,8.685,8.685,8.685,100.0
2025-08-06T14:59:42,8.68,8.68,8.68,8.68,113.0
2025-08-06T14:59:46,8.693,8.693,8.693,8.693,200.0
2025-08-06T14:59:56,8.6999,8.6999,8.69,8.69,220.0
2025-08-06T15:00:02,8.69,8.7,8.69,8.7,653.0
2025-08-06T15:00:03,8.71,8.71,8.71,8.71,346.0
2025-08-06T15:00:09,8.73,8.73,8.73,8.73,347.0
2025-08-06T15:00:11,8.74,8.74,8.74,8.74,252.0
2025-08-06T15:00:13,8.74,8.74,8.74,8.74,173.0
2025-08-06T15:00:22,8.75,8.75,8.75,8.75,554.0
2025-08-06T15:00:39,8.7409,8.7409,8.7409,8.7409,1000.0
2025-08-06T15:00:48,8.755,8.755,8.755,8.755,1048.0
2025-08-06T15:01:02,8.74,8.74,8.72,8.72,2121.0
2025-08-06T15:01:58,8.71,8.71,8.71,8.71,1210.0
2025-08-06T15:02:01,8.72,8.72,8.72,8.72,2693.0
2025-08-06T15:03:05,8.71,8.71,8.71,8.71,300.0
2025-08-06T15:03:07,8.7017,8.7017,8.7017,8.7017,200.0
2025-08-06T15:03:15,8.7001,8.7001,8.7,8.7,944.0
2025-08-06T15:03:19,8.6924,8.6924,8.6924,8.6924,116.0
2025-08-06T15:03:26,8.7,8.7,8.7,8.7,200.0
2025-08-06T15:03:28,8.71,8.71,8.6924,8.6924,962.0
2025-08-06T15:03:40,8.7031,8.7031,8.7031,8.7031,1000.0
2025-08-06T15:03:41,8.71,8.71,8.71,8.71,201.0
2025-08-06T15:03:42,8.72,8.72,8.72,8.72,401.0
2025-08-06T15:03:43,8.72,8.72,8.72,8.72,300.0
2025-08-06T15:03:50,8.7063,8.7063,8.7063,8.7063,240.0
2025-08-06T15:03:52,8.71,8.71,8.71,8.71,400.0
2025-08-06T15:04:06,8.71,8.71,8.71,8.71,326.0
2025-08-06T15:04:13,8.72,8.72,8.72,8.72,661.0
2025-08-06T15:04:17,8.72,8.72,8.72,8.72,570.0
2025-08-06T15:04:19,8.71,8.71,8.71,8.71,724.0
2025-08-06T15:04:20,8.72,8.72,8.72,8.72,234.0
2025-08-06T15:04:21,8.72,8.72,8.72,8.72,341.0
2025-08-06T15:04:40,8.7,8.7,8.7,8.7,4989.0
2025-08-06T15:04:44,8.695,8.695,8.695,8.695,121.0
2025-08-06T15:04:45,8.695,8.695,8.69,8.69,3212.0
2025-08-06T15:04:53,8.69,8.69,8.69,8.69,678.0
2025-08-06T15:05:13,8.69,8.695,8.69,8.695,1548.0
2025-08-06T15:05:14,8.695,8.695,8.6925,8.695,801.0
2025-08-06T15:05:33,8.695,8.695,8.695,8.695,300.0
2025-08-06T15:05:38,8.695,8.695,8.69,8.695,315.0
2025-08-06T15:05:45,8.695,8.695,8.68,8.69,6148.0
2025-08-06T15:05:54,8.68,8.68,8.68,8.68,100.0
2025-08-06T15:06:03,8.69,8.69,8.69,8.69,398.0
2025-08-06T15:06:25,8.7,8.7,8.7,8.7,1120.0
2025-08-06T15:06:41,8.69,8.7,8.69,8.7,1121.0
2025-08-06T15:06:53,8.6913,8.7,8.6913,8.7,17357.0
2025-08-06T15:07:02,8.69,8.69,8.69,8.69,100.0
2025-08-06T15:07:18,8.69,8.69,8.68,8.68,2603.0
2025-08-06T15:07:35,8.68,8.68,8.68,8.68,252.0
2025-08-06T15:07:45,8.68,8.68,8.68,8.68,429.0
2025-08-06T15:08:17,8.67,8.67,8.67,8.67,800.0
2025-08-06T15:08:41,8.6783,8.6783,8.6783,8.6783,663.0
2025-08-06T15:08:58,8.6799,8.6799,8.6799,8.6799,500.0
2025-08-06T15:09:07,8.67,8.67,8.67,8.67,200.0
2025-08-06T15:09:09,8.6798,8.6798,8.6798,8.6798,504.0
2025-08-06T15:09:21,8.67,8.67,8.66,8.66,881.0
2025-08-06T15:09:24,8.65,8.65,8.65,8.65,111.0
2025-08-06T15:09:31,8.64,8.64,8.64,8.64,474.0
2025-08-06T15:09:32,8.63,8.63,8.59,8.59,1205.0
2025-08-06T15:10:02,8.62,8.63,8.62,8.63,1112.0
2025-08-06T15:10:35,8.63,8.63,8.63,8.63,301.0
2025-08-06T15:10:53,8.63,8.63,8.63,8.63,200.0
2025-08-06T15:11:03,8.63,8.63,8.63,8.63,689.0
2025-08-06T15:12:32,8.64,8.64,8.64,8.64,529.0
2025-08-06T15:12:41,8.63,8.63,8.63,8.63,108.0
2025-08-06T15:12:44,8.63,8.63,8.63,8.63,200.0
2025-08-06T15:12:51,8.63,8.63,8.63,8.63,500.0
2025-08-06T15:12:52,8.63,8.64,8.63,8.64,500.0
2025-08-06T15:13:43,8.63,8.63,8.63,8.63,200.0
2025-08-06T15:13:55,8.6316,8.6316,8.6316,8.6316,115.0
2025-08-06T15:14:07,8.65,8.65,8.65,8.65,100.0
2025-08-06T15:14:16,8.6143,8.6143,8.6143,8.6143,470.0
2025-08-06T15:14:17,8.63,8.63,8.63,8.63,603.0
2025-08-06T15:14:23,8.61,8.61,8.61,8.61,200.0
2025-08-06T15:14:24,8.61,8.61,8.61,8.61,100.0
2025-08-06T15:14:28,8.61,8.61,8.61,8.61,1098.0
2025-08-06T15:14:29,8.63,8.64,8.63,8.63,1483.0
2025-08-06T15:14:39,8.63,8.63,8.63,8.63,1486.0
2025-08-06T15:14:50,8.61,8.61,8.6,8.6,1286.0
2025-08-06T15:15:04,8.58,8.58,8.57,8.57,600.0
2025-08-06T15:15:10,8.55,8.555,8.55,8.555,1901.0
2025-08-06T15:15:22,8.5564,8.5564,8.5564,8.5564,500.0
2025-08-06T15:15:25,8.54,8.546,8.54,8.546,563.0
2025-08-06T15:15:51,8.55,8.55,8.54,8.54,3078.0
2025-08-06T15:15:54,8.55,8.55,8.55,8.55,423.0
2025-08-06T15:15:55,8.545,8.58,8.545,8.57,3819.0
2025-08-06T15:16:04,8.565,8.565,8.565,8.565,200.0
2025-08-06T15:16:26,8.57,8.57,8.57,8.57,272.0
2025-08-06T15:16:57,8.5797,8.5797,8.5797,8.5797,500.0
2025-08-06T15:17:30,8.5769,8.5769,8.5769,8.5769,241.0
2025-08-06T15:17:39,8.5503,8.5503,8.5503,8.5503,1072.0
2025-08-06T15:17:49,8.56,8.56,8.55,8.56,1592.0
2025-08-06T15:17:52,8.565,8.565,8.565,8.565,104.0
2025-08-06T15:18:09,8.5531,8.5531,8.5531,8.5531,348.0
2025-08-06T15:19:15,8.56,8.57,8.56,8.57,330.0
2025-08-06T15:19:39,8.57,8.57,8.57,8.57,1700.0
2025-08-06T15:19:40,8.57,8.57,8.57,8.57,412.0
2025-08-06T15:19:44,8.5601,8.5601,8.5601,8.5601,1500.0
2025-08-06T15:19:51,8.56,8.56,8.56,8.56,100.0
2025-08-06T15:20:06,8.56,8.56,8.56,8.56,1054.0
2025-08-06T15:20:10,8.55,8.55,8.55,8.55,1067.0
2025-08-06T15:20:15,8.55,8.55,8.55,8.55,456.0
2025-08-06T15:20:24,8.56,8.57,8.54,8.54,2406.0
2025-08-06T15:20:29,8.53,8.53,8.53,8.53,100.0
2025-08-06T15:20:34,8.545,8.56,8.545,8.56,2428.0
2025-08-06T15:20:46,8.56,8.56,8.56,8.56,600.0
2025-08-06T15:20:57,8.56,8.56,8.56,8.56,815.0
2025-08-06T15:20:58,8.5502,8.5502,8.5502,8.5502,497.0
2025-08-06T15:21:10,8.54,8.54,8.54,8.54,100.0
2025-08-06T15:21:31,8.54,8.54,8.54,8.54,611.0
2025-08-06T15:21:39,8.53,8.53,8.53,8.53,504.0
2025-08-06T15:21:55,8.53,8.53,8.53,8.53,100.0
2025-08-06T15:21:56,8.56,8.56,8.56,8.56,500.0
2025-08-06T15:22:01,8.54,8.54,8.53,8.53,380.0
2025-08-06T15:22:05,8.53,8.53,8.53,8.53,468.0
2025-08-06T15:22:16,8.53,8.55,8.53,8.54,1943.0
2025-08-06T15:22:22,8.55,8.55,8.55,8.55,500.0
2025-08-06T15:22:28,8.55,8.55,8.55,8.55,303.0
2025-08-06T15:22:29,8.54,8.54,8.535,8.535,937.0
2025-08-06T15:22:34,8.54,8.54,8.535,8.535,600.0
2025-08-06T15:22:40,8.54,8.55,8.54,8.54,2332.0
2025-08-06T15:22:45,8.55,8.58,8.55,8.58,2136.0
2025-08-06T15:22:47,8.58,8.58,8.58,8.58,202.0
2025-08-06T15:22:48,8.59,8.59,8.59,8.59,3922.0
2025-08-06T15:22:53,8.6,8.6,8.6,8.6,1521.0
2025-08-06T15:23:12,8.58,8.58,8.58,8.58,651.0
2025-08-06T15:23:30,8.57,8.57,8.57,8.57,4001.0
2025-08-06T15:23:32,8.56,8.56,8.55,8.55,695.0
2025-08-06T15:23:33,8.545,8.545,8.545,8.545,108.0
2025-08-06T15:24:17,8.55,8.55,8.54,8.54,200.0
2025-08-06T15:24:19,8.54,8.57,8.54,8.57,1742.0
2025-08-06T15:24:46,8.565,8.565,8.565,8.565,1217.0
2025-08-06T15:25:26,8.59,8.59,8.59,8.59,307.0
2025-08-06T15:25:35,8.557,8.557,8.557,8.557,1500.0
2025-08-06T15:26:23,8.58,8.58,8.58,8.58,100.0
2025-08-06T15:26:26,8.5301,8.5301,8.5301,8.5301,1500.0
2025-08-06T15:26:54,8.56,8.56,8.56,8.56,5014.0
2025-08-06T15:26:55,8.58,8.595,8.58,8.595,2094.0
2025-08-06T15:26:56,8.595,8.595,8.595,8.595,625.0
2025-08-06T15:27:26,8.595,8.595,8.595,8.595,353.0
2025-08-06T15:27:31,8.59,8.59,8.59,8.59,3000.0
2025-08-06T15:27:42,8.6,8.6,8.6,8.6,252.0
2025-08-06T15:27:48,8.6,8.61,8.6,8.61,407.0
2025-08-06T15:27:51,8.61,8.61,8.61,8.61,1522.0
2025-08-06T15:27:53,8.61,8.61,8.61,8.61,200.0
2025-08-06T15:27:55,8.61,8.61,8.61,8.61,278.0
2025-08-06T15:27:56,8.58,8.58,8.58,8.58,1500.0
2025-08-06T15:28:17,8.6,8.6,8.6,8.6,316.0
2025-08-06T15:28:31,8.61,8.61,8.59,8.59,2000.0
2025-08-06T15:28:34,8.61,8.61,8.61,8.61,1523.0
2025-08-06T15:28:41,8.585,8.585,8.585,8.585,1500.0
2025-08-06T15:28:45,8.6399,8.6399,8.6399,8.6399,150.0
2025-08-06T15:28:53,8.61,8.61,8.61,8.61,195.0
2025-08-06T15:29:11,8.59,8.59,8.59,8.59,417.0
2025-08-06T15:29:15,8.58,8.58,8.58,8.58,2419.0
2025-08-06T15:29:18,8.59,8.59,8.59,8.59,100.0
2025-08-06T15:30:11,8.6,8.61,8.59,8.6,1604.0
2025-08-06T15:30:21,8.5976,8.5976,8.5976,8.5976,500.0
2025-08-06T15:30:58,8.6,8.6,8.6,8.6,352.0
2025-08-06T15:32:00,8.63,8.66,8.63,8.66,2084.0
2025-08-06T15:32:38,8.65,8.65,8.65,8.65,200.0
2025-08-06T15:32:58,8.653,8.653,8.653,8.653,3000.0
2025-08-06T15:33:07,8.6331,8.6331,8.6331,8.6331,155.0
2025-08-06T15:33:13,8.67,8.706,8.67,8.68,22182.0
2025-08-06T15:33:14,8.7,8.7,8.7,8.7,333.0
2025-08-06T15:33:15,8.71,8.71,8.71,8.71,622.0
2025-08-06T15:33:19,8.71,8.72,8.71,8.71,11485.0
2025-08-06T15:33:21,8.705,8.705,8.705,8.705,3000.0
2025-08-06T15:33:22,8.72,8.72,8.72,8.72,175.0
2025-08-06T15:33:23,8.72,8.72,8.72,8.72,100.0
2025-08-06T15:33:24,8.71,8.72,8.67,8.67,4480.0
2025-08-06T15:33:25,8.68,8.69,8.68,8.69,1279.0
2025-08-06T15:33:29,8.67,8.67,8.67,8.67,100.0
2025-08-06T15:33:45,8.67,8.67,8.66,8.67,3570.0
2025-08-06T15:33:51,8.67,8.68,8.67,8.68,999.0
2025-08-06T15:33:54,8.681,8.681,8.681,8.681,300.0
2025-08-06T15:34:09,8.681,8.681,8.68,8.68,602.0
2025-08-06T15:34:12,8.69,8.69,8.69,8.69,2736.0
2025-08-06T15:34:16,8.7,8.7,8.7,8.7,1446.0
2025-08-06T15:34:21,8.71,8.71,8.71,8.71,3000.0
2025-08-06T15:34:22,8.72,8.72,8.72,8.72,474.0
2025-08-06T15:34:31,8.7,8.7,8.7,8.7,176.0
2025-08-06T15:34:34,8.71,8.71,8.71,8.71,3000.0
2025-08-06T15:34:41,8.7003,8.7003,8.7003,8.7003,121.0
2025-08-06T15:34:42,8.71,8.71,8.71,8.71,134.0
2025-08-06T15:34:55,8.72,8.74,8.72,8.74,11743.0
2025-08-06T15:35:07,8.74,8.74,8.74,8.74,5780.0
2025-08-06T15:35:10,8.74,8.74,8.74,8.74,942.0
2025-08-06T15:35:17,8.74,8.74,8.74,8.74,3000.0
2025-08-06T15:35:36,8.74,8.74,8.74,8.74,1936.0
2025-08-06T15:35:37,8.74,8.7442,8.739,8.7442,602.0
2025-08-06T15:35:55,8.74,8.74,8.66,8.66,7292.0
2025-08-06T15:35:56,8.7,8.7,8.7,8.7,250.0
2025-08-06T15:36:06,8.705,8.705,8.705,8.705,100.0
2025-08-06T15:36:10,8.7,8.7,8.7,8.7,275.0
2025-08-06T15:36:18,8.7,8.7,8.7,8.7,100.0
2025-08-06T15:36:21,8.71,8.71,8.71,8.71,947.0
2025-08-06T15:36:23,8.71,8.71,8.71,8.71,100.0
2025-08-06T15:36:28,8.704,8.704,8.704,8.704,208.0
2025-08-06T15:36:38,8.71,8.71,8.71,8.71,227.0
2025-08-06T15:36:44,8.71,8.71,8.71,8.71,355.0
2025-08-06T15:36:45,8.7,8.7,8.69,8.69,3466.0
2025-08-06T15:37:01,8.7069,8.7069,8.7069,8.7069,115.0
2025-08-06T15:37:06,8.68,8.68,8.68,8.68,150.0
2025-08-06T15:37:07,8.68,8.68,8.68,8.68,671.0
2025-08-06T15:37:09,8.69,8.69,8.69,8.69,121.0
2025-08-06T15:37:14,8.69,8.69,8.69,8.69,600.0
2025-08-06T15:37:51,8.69,8.69,8.69,8.69,175.0
2025-08-06T15:37:54,8.67,8.67,8.67,8.67,559.0
2025-08-06T15:37:56,8.67,8.67,8.67,8.67,894.0
2025-08-06T15:38:11,8.68,8.6801,8.68,8.6801,1100.0
2025-08-06T15:38:13,8.68,8.68,8.68,8.68,157.0
2025-08-06T15:38:34,8.685,8.685,8.685,8.685,1802.0
2025-08-06T15:38:36,8.67,8.67,8.67,8.67,189.0
2025-08-06T15:38:39,8.68,8.68,8.68,8.68,546.0
2025-08-06T15:38:41,8.69,8.69,8.69,8.69,553.0
2025-08-06T15:38:56,8.68,8.68,8.68,8.68,113.0
2025-08-06T15:39:19,8.69,8.69,8.69,8.69,500.0
2025-08-06T15:39:20,8.6894,8.6894,8.6894,8.6894,3000.0
2025-08-06T15:39:28,8.69,8.69,8.69,8.69,100.0
2025-08-06T15:39:40,8.68,8.68,8.68,8.68,113.0
2025-08-06T15:39:41,8.68,8.68,8.68,8.68,824.0
2025-08-06T15:39:54,8.685,8.69,8.685,8.69,1088.0
2025-08-06T15:40:02,8.69,8.69,8.69,8.69,228.0
2025-08-06T15:40:04,8.7,8.7,8.7,8.7,805.0
2025-08-06T15:40:18,8.7,8.7,8.7,8.7,300.0
2025-08-06T15:40:30,8.6803,8.6803,8.6803,8.6803,100.0
2025-08-06T15:40:45,8.686,8.686,8.686,8.686,142.0
2025-08-06T15:40:51,8.695,8.7,8.695,8.7,645.0
2025-08-06T15:41:31,8.695,8.695,8.695,8.695,100.0
2025-08-06T15:42:09,8.7,8.7,8.7,8.7,452.0
2025-08-06T15:42:15,8.7,8.7,8.7,8.7,206.0
2025-08-06T15:42:30,8.7,8.7,8.7,8.7,600.0
2025-08-06T15:42:54,8.69,8.69,8.69,8.69,949.0
2025-08-06T15:43:15,8.68,8.69,8.68,8.69,12018.0
2025-08-06T15:43:26,8.69,8.69,8.69,8.69,325.0
2025-08-06T15:43:32,8.6958,8.6958,8.6958,8.6958,110.0
2025-08-06T15:43:50,8.69,8.69,8.69,8.69,200.0
2025-08-06T15:43:51,8.69,8.69,8.69,8.69,649.0
2025-08-06T15:43:54,8.7,8.7,8.7,8.7,1612.0
2025-08-06T15:44:08,8.705,8.705,8.705,8.705,100.0
2025-08-06T15:44:14,8.705,8.705,8.705,8.705,539.0
2025-08-06T15:44:21,8.7,8.7,8.7,8.7,362.0
2025-08-06T15:44:24,8.7,8.7089,8.7,8.7089,695.0
2025-08-06T15:44:38,8.705,8.71,8.705,8.71,2031.0
2025-08-06T15:44:39,8.71,8.71,8.71,8.71,114.0
2025-08-06T15:44:55,8.71,8.71,8.71,8.71,312.0
2025-08-06T15:44:56,8.71,8.71,8.71,8.71,592.0
2025-08-06T15:45:00,8.704,8.704,8.7,8.7,1722.0
2025-08-06T15:45:01,8.72,8.72,8.72,8.72,100.0
2025-08-06T15:45:02,8.71,8.71,8.71,8.71,160.0
2025-08-06T15:45:10,8.71,8.71,8.71,8.71,100.0
2025-08-06T15:45:12,8.71,8.71,8.71,8.71,454.0
2025-08-06T15:45:15,8.71,8.71,8.71,8.71,184.0
2025-08-06T15:45:16,8.72,8.74,8.72,8.74,1792.0
2025-08-06T15:45:20,8.74,8.76,8.74,8.75,21923.0
2025-08-06T15:45:25,8.75,8.75,8.75,8.75,1156.0
2025-08-06T15:45:29,8.77,8.77,8.77,8.77,191.0
2025-08-06T15:45:30,8.755,8.755,8.755,8.755,541.0
2025-08-06T15:45:41,8.75,8.75,8.75,8.75,352.0
2025-08-06T15:45:42,8.75,8.75,8.74,8.74,1622.0
2025-08-06T15:45:54,8.75,8.755,8.75,8.755,693.0
2025-08-06T15:46:00,8.75,8.76,8.73,8.738,3934.0
2025-08-06T15:46:07,8.735,8.735,8.735,8.735,100.0
2025-08-06T15:46:08,8.74,8.74,8.74,8.74,1321.0
2025-08-06T15:46:22,8.75,8.75,8.75,8.75,191.0
2025-08-06T15:46:37,8.755,8.755,8.73,8.73,1873.0
2025-08-06T15:46:38,8.74,8.75,8.74,8.745,717.0
2025-08-06T15:46:47,8.75,8.76,8.75,8.75,1232.0
2025-08-06T15:46:49,8.75,8.75,8.75,8.75,500.0
2025-08-06T15:47:15,8.76,8.76,8.76,8.76,1291.0
2025-08-06T15:47:16,8.76,8.76,8.76,8.76,115.0
2025-08-06T15:47:17,8.765,8.765,8.765,8.765,101.0
2025-08-06T15:47:26,8.77,8.78,8.77,8.78,1043.0
2025-08-06T15:47:36,8.77,8.77,8.77,8.77,126.0
2025-08-06T15:47:39,8.77,8.77,8.77,8.77,521.0
2025-08-06T15:47:40,8.77,8.77,8.77,8.77,210.0
2025-08-06T15:47:53,8.77,8.77,8.77,8.77,200.0
2025-08-06T15:48:13,8.77,8.77,8.77,8.77,507.0
2025-08-06T15:48:16,8.77,8.78,8.77,8.77,4077.0
2025-08-06T15:48:23,8.77,8.77,8.77,8.77,227.0
2025-08-06T15:48:26,8.77,8.77,8.77,8.77,471.0
2025-08-06T15:48:29,8.7601,8.7601,8.7601,8.7601,1190.0
2025-08-06T15:48:30,8.77,8.77,8.77,8.77,101.0
2025-08-06T15:48:31,8.77,8.77,8.77,8.77,400.0
2025-08-06T15:48:46,8.77,8.77,8.77,8.77,425.0
2025-08-06T15:48:47,8.77,8.77,8.77,8.77,206.0
2025-08-06T15:48:49,8.78,8.78,8.77,8.77,486.0
2025-08-06T15:49:14,8.77,8.77,8.77,8.77,641.0
2025-08-06T15:49:15,8.77,8.77,8.77,8.77,243.0
2025-08-06T15:49:18,8.77,8.77,8.77,8.77,198.0
2025-08-06T15:49:30,8.76,8.78,8.755,8.76,8597.0
2025-08-06T15:49:49,8.765,8.765,8.765,8.765,101.0
2025-08-06T15:49:58,8.78,8.78,8.78,8.78,300.0
2025-08-06T15:50:01,8.75,8.75,8.74,8.74,1775.0
2025-08-06T15:50:02,8.745,8.745,8.745,8.745,168.0
2025-08-06T15:50:06,8.74,8.7499,8.74,8.7499,1200.0
2025-08-06T15:50:09,8.74,8.74,8.74,8.74,101.0
2025-08-06T15:50:18,8.74,8.74,8.74,8.74,101.0
2025-08-06T15:50:32,8.73,8.73,8.72,8.72,2257.0
2025-08-06T15:50:41,8.71,8.71,8.67,8.68,9233.0
2025-08-06T15:50:42,8.685,8.69,8.685,8.69,616.0
2025-08-06T15:50:48,8.675,8.68,8.675,8.68,616.0
2025-08-06T15:50:49,8.675,8.69,8.675,8.69,3371.0
2025-08-06T15:50:52,8.69,8.69,8.69,8.69,300.0
2025-08-06T15:50:57,8.68,8.68,8.68,8.68,100.0
2025-08-06T15:50:58,8.69,8.69,8.69,8.69,427.0
2025-08-06T15:51:01,8.69,8.69,8.69,8.69,511.0
2025-08-06T15:51:14,8.69,8.69,8.69,8.69,337.0
2025-08-06T15:51:17,8.69,8.69,8.69,8.69,157.0
2025-08-06T15:51:28,8.69,8.7,8.69,8.7,580.0
2025-08-06T15:51:32,8.69,8.69,8.69,8.69,315.0
2025-08-06T15:51:43,8.69,8.69,8.69,8.69,175.0
2025-08-06T15:51:51,8.69,8.7,8.69,8.7,1477.0
2025-08-06T15:51:53,8.71,8.71,8.71,8.71,100.0
2025-08-06T15:51:55,8.72,8.72,8.72,8.72,284.0
2025-08-06T15:51:56,8.71,8.725,8.71,8.725,496.0
2025-08-06T15:52:05,8.725,8.7299,8.725,8.7299,1953.0
2025-08-06T15:52:16,8.74,8.74,8.74,8.74,101.0
2025-08-06T15:52:19,8.74,8.74,8.74,8.74,100.0
2025-08-06T15:52:21,8.74,8.74,8.74,8.74,1442.0
2025-08-06T15:52:22,8.735,8.735,8.735,8.735,100.0
2025-08-06T15:52:32,8.73,8.73,8.72,8.72,2683.0
2025-08-06T15:52:33,8.73,8.73,8.73,8.73,468.0
2025-08-06T15:53:01,8.73,8.74,8.72,8.72,4815.0
2025-08-06T15:53:02,8.73,8.74,8.73,8.735,1347.0
2025-08-06T15:53:06,8.73,8.73,8.73,8.73,358.0
2025-08-06T15:53:18,8.7273,8.7273,8.7273,8.7273,520.0
2025-08-06T15:53:19,8.725,8.73,8.725,8.73,2184.0
2025-08-06T15:53:30,8.73,8.73,8.73,8.73,821.0
2025-08-06T15:53:41,8.735,8.735,8.735,8.735,100.0
2025-08-06T15:53:42,8.735,8.735,8.735,8.735,156.0
2025-08-06T15:53:50,8.74,8.745,8.74,8.745,2103.0
2025-08-06T15:53:52,8.7402,8.7402,8.7402,8.7402,1117.0
2025-08-06T15:54:05,8.745,8.745,8.745,8.745,1237.0
2025-08-06T15:54:07,8.745,8.745,8.745,8.745,520.0
2025-08-06T15:54:10,8.74,8.74,8.73,8.74,2255.0
2025-08-06T15:54:24,8.72,8.72,8.72,8.72,330.0
2025-08-06T15:54:26,8.71,8.71,8.71,8.71,1679.0
2025-08-06T15:54:36,8.71,8.71,8.68,8.69,2191.0
2025-08-06T15:54:39,8.68,8.68,8.68,8.68,227.0
2025-08-06T15:54:40,8.69,8.69,8.675,8.675,1585.0
2025-08-06T15:54:41,8.675,8.675,8.675,8.675,300.0
2025-08-06T15:54:43,8.675,8.675,8.67,8.67,1892.0
2025-08-06T15:54:44,8.675,8.675,8.675,8.675,100.0
2025-08-06T15:54:45,8.675,8.68,8.675,8.68,718.0
2025-08-06T15:54:50,8.69,8.69,8.68,8.68,783.0
2025-08-06T15:55:00,8.7,8.71,8.7,8.7,1653.0
2025-08-06T15:55:05,8.7,8.7,8.7,8.7,517.0
2025-08-06T15:55:08,8.7,8.7,8.7,8.7,371.0
2025-08-06T15:55:09,8.7,8.7,8.7,8.7,117.0
2025-08-06T15:55:18,8.705,8.705,8.705,8.705,220.0
2025-08-06T15:55:21,8.705,8.705,8.705,8.705,107.0
2025-08-06T15:55:22,8.705,8.705,8.705,8.705,118.0
2025-08-06T15:55:23,8.7,8.7,8.7,8.7,1476.0
2025-08-06T15:55:32,8.695,8.695,8.695,8.695,1022.0
2025-08-06T15:55:35,8.695,8.7,8.695,8.7,1671.0
2025-08-06T15:55:36,8.7099,8.71,8.705,8.705,1264.0
2025-08-06T15:55:46,8.71,8.719,8.71,8.719,889.0
2025-08-06T15:55:51,8.71,8.71,8.7004,8.7004,1515.0
2025-08-06T15:56:01,8.71,8.71,8.71,8.71,134.0
2025-08-06T15:56:08,8.72,8.72,8.72,8.72,1357.0
2025-08-06T15:56:10,8.72,8.72,8.72,8.72,1110.0
2025-08-06T15:56:14,8.71,8.71,8.71,8.71,134.0
2025-08-06T15:56:15,8.71,8.71,8.71,8.71,200.0
2025-08-06T15:56:17,8.71,8.71,8.71,8.71,361.0
2025-08-06T15:56:24,8.72,8.72,8.7,8.71,1337.0
2025-08-06T15:56:27,8.7,8.72,8.7,8.7,4543.0
2025-08-06T15:56:28,8.725,8.73,8.725,8.725,1088.0
2025-08-06T15:56:35,8.73,8.74,8.73,8.735,1553.0
2025-08-06T15:56:43,8.735,8.735,8.735,8.735,465.0
2025-08-06T15:56:49,8.735,8.74,8.735,8.74,258.0
2025-08-06T15:56:51,8.735,8.735,8.735,8.735,185.0
2025-08-06T15:56:56,8.73,8.73,8.73,8.73,269.0
2025-08-06T15:57:00,8.735,8.735,8.735,8.735,194.0
2025-08-06T15:57:01,8.7345,8.7345,8.7345,8.7345,1061.0
2025-08-06T15:57:06,8.735,8.735,8.735,8.735,355.0
2025-08-06T15:57:07,8.74,8.74,8.74,8.74,101.0
2025-08-06T15:57:08,8.735,8.735,8.735,8.735,100.0
2025-08-06T15:57:14,8.735,8.735,8.735,8.735,162.0
2025-08-06T15:57:15,8.735,8.735,8.735,8.735,319.0
2025-08-06T15:57:20,8.731,8.731,8.731,8.731,250.0
2025-08-06T15:57:24,8.735,8.735,8.735,8.735,414.0
2025-08-06T15:57:26,8.735,8.735,8.735,8.735,102.0
2025-08-06T15:57:27,8.735,8.735,8.735,8.735,287.0
2025-08-06T15:57:28,8.735,8.735,8.735,8.735,191.0
2025-08-06T15:57:29,8.735,8.735,8.735,8.735,206.0
2025-08-06T15:57:32,8.735,8.735,8.735,8.735,236.0
2025-08-06T15:57:35,8.74,8.74,8.735,8.735,3418.0
2025-08-06T15:57:38,8.74,8.75,8.74,8.75,3175.0
2025-08-06T15:57:45,8.74,8.74,8.72,8.72,4774.0
2025-08-06T15:57:50,8.72,8.72,8.72,8.72,222.0
2025-08-06T15:57:51,8.71,8.72,8.71,8.72,1103.0
2025-08-06T15:57:56,8.73,8.73,8.73,8.73,557.0
2025-08-06T15:58:00,8.74,8.75,8.74,8.74,1200.0
2025-08-06T15:58:03,8.74,8.74,8.74,8.74,287.0
2025-08-06T15:58:04,8.74,8.74,8.74,8.74,235.0
2025-08-06T15:58:06,8.74,8.74,8.7345,8.7345,2005.0
2025-08-06T15:58:08,8.735,8.735,8.735,8.735,110.0
2025-08-06T15:58:12,8.735,8.735,8.735,8.735,167.0
2025-08-06T15:58:16,8.735,8.735,8.735,8.735,334.0
2025-08-06T15:58:22,8.735,8.735,8.735,8.735,162.0
2025-08-06T15:58:24,8.735,8.735,8.735,8.735,271.0
2025-08-06T15:58:26,8.735,8.735,8.735,8.735,742.0
2025-08-06T15:58:27,8.73,8.73,8.73,8.73,1822.0
2025-08-06T15:58:28,8.729,8.729,8.729,8.729,124.0
2025-08-06T15:58:30,8.725,8.725,8.725,8.725,434.0
2025-08-06T15:58:32,8.725,8.725,8.725,8.725,244.0
2025-08-06T15:58:35,8.7254,8.7254,8.7254,8.7254,665.0
2025-08-06T15:58:40,8.725,8.74,8.725,8.74,4661.0
2025-08-06T15:58:41,8.74,8.74,8.74,8.74,300.0
2025-08-06T15:58:43,8.74,8.74,8.74,8.74,853.0
2025-08-06T15:58:45,8.74,8.74,8.74,8.74,574.0
2025-08-06T15:58:47,8.73,8.73,8.73,8.73,217.0
2025-08-06T15:58:50,8.735,8.735,8.735,8.735,101.0
2025-08-06T15:58:52,8.73,8.73,8.73,8.73,1879.0
2025-08-06T15:58:53,8.725,8.725,8.725,8.725,200.0
2025-08-06T15:58:56,8.725,8.725,8.725,8.725,100.0
2025-08-06T15:58:57,8.72,8.72,8.716,8.7182,973.0
2025-08-06T15:58:58,8.72,8.72,8.72,8.72,593.0
2025-08-06T15:58:59,8.725,8.725,8.72,8.7201,1300.0
2025-08-06T15:59:00,8.725,8.73,8.725,8.73,2696.0
2025-08-06T15:59:01,8.725,8.725,8.725,8.725,263.0
2025-08-06T15:59:03,8.725,8.7268,8.725,8.7268,499.0
2025-08-06T15:59:05,8.725,8.725,8.725,8.725,270.0
2025-08-06T15:59:08,8.725,8.725,8.725,8.725,342.0
2025-08-06T15:59:10,8.729,8.729,8.725,8.725,566.0
2025-08-06T15:59:11,8.725,8.725,8.725,8.725,200.0
2025-08-06T15:59:12,8.725,8.725,8.725,8.725,217.0
2025-08-06T15:59:13,8.725,8.725,8.725,8.725,197.0
2025-08-06T15:59:14,8.725,8.725,8.725,8.725,253.0
2025-08-06T15:59:15,8.73,8.73,8.725,8.725,462.0
2025-08-06T15:59:16,8.722,8.725,8.72,8.722,793.0
2025-08-06T15:59:17,8.725,8.725,8.725,8.725,171.0
2025-08-06T15:59:20,8.725,8.725,8.7201,8.7201,315.0
2025-08-06T15:59:23,8.7201,8.7201,8.7201,8.7201,4066.0
2025-08-06T15:59:25,8.725,8.725,8.725,8.725,204.0
2025-08-06T15:59:26,8.73,8.73,8.725,8.725,260.0
2025-08-06T15:59:28,8.73,8.745,8.725,8.74,5104.0
2025-08-06T15:59:29,8.73,8.73,8.73,8.73,178.0
2025-08-06T15:59:31,8.73,8.73,8.72,8.72,2480.0
2025-08-06T15:59:33,8.73,8.73,8.73,8.73,101.0
2025-08-06T15:59:34,8.715,8.715,8.71,8.71,889.0
2025-08-06T15:59:35,8.715,8.7189,8.715,8.7189,400.0
2025-08-06T15:59:36,8.72,8.735,8.72,8.735,1649.0
2025-08-06T15:59:37,8.725,8.725,8.725,8.725,100.0
2025-08-06T15:59:39,8.725,8.73,8.725,8.725,480.0
2025-08-06T15:59:41,8.73,8.73,8.73,8.73,206.0
2025-08-06T15:59:42,8.73,8.73,8.73,8.73,100.0
2025-08-06T15:59:43,8.73,8.73,8.725,8.725,421.0
2025-08-06T15:59:44,8.73,8.735,8.73,8.735,1254.0
2025-08-06T15:59:45,8.735,8.735,8.735,8.735,602.0
2025-08-06T15:59:49,8.738,8.738,8.735,8.735,580.0
2025-08-06T15:59:50,8.7391,8.74,8.7391,8.74,1912.0
2025-08-06T15:59:51,8.75,8.75,8.74,8.74,690.0
2025-08-06T15:59:52,8.74,8.74,8.74,8.74,418.0
2025-08-06T15:59:53,8.75,8.75,8.75,8.75,400.0
2025-08-06T15:59:54,8.7478,8.75,8.7478,8.75,354.0
2025-08-06T15:59:55,8.75,8.76,8.75,8.75,2553.0
2025-08-06T15:59:56,8.75,8.75,8.75,8.75,1752.0
2025-08-06T15:59:57,8.75,8.75,8.74,8.75,2110.0
2025-08-06T16:00:00,8.75,8.75,8.75,8.75,7506.0
2025-08-07T09:30:00,9.1,9.17,9.1,9.17,24417.0
2025-08-07T09:30:01,9.025,9.17,9.025,9.15,1779.0
2025-08-07T09:30:06,9.14,9.15,9.03,9.03,500.0
2025-08-07T09:30:12,9.13,9.2,9.13,9.151,3286.0
2025-08-07T09:30:13,9.16,9.16,9.16,9.16,330.0
2025-08-07T09:30:15,9.19,9.21,9.19,9.2,593.0
2025-08-07T09:30:25,9.21,9.28,9.1691,9.28,2779.0
2025-08-07T09:30:26,9.269,9.269,9.269,9.269,249.0
2025-08-07T09:30:30,9.18,9.18,9.18,9.18,367.0
2025-08-07T09:30:31,9.1601,9.1601,9.1601,9.1601,150.0
2025-08-07T09:30:32,9.16,9.1755,9.14,9.1755,1591.0
2025-08-07T09:31:08,9.1497,9.1497,9.1497,9.1497,1000.0
2025-08-07T09:31:24,9.13,9.13,9.13,9.13,407.0
2025-08-07T09:31:33,9.21,9.21,9.21,9.21,220.0
2025-08-07T09:31:35,9.0501,9.0501,9.0501,9.0501,591.0
2025-08-07T09:31:49,9.1965,9.1965,9.1965,9.1965,109.0
2025-08-07T09:31:51,9.15,9.15,9.15,9.15,177.0
2025-08-07T09:32:04,9.182,9.182,9.182,9.182,118.0
2025-08-07T09:32:16,9.1753,9.1753,9.1753,9.1753,175.0
2025-08-07T09:32:29,9.21,9.23,9.21,9.23,1152.0
2025-08-07T09:32:32,9.21,9.21,9.21,9.21,956.0
2025-08-07T09:32:37,9.24,9.26,9.24,9.26,1842.0
2025-08-07T09:32:40,9.2594,9.2594,9.24,9.24,500.0
2025-08-07T09:32:46,9.25,9.25,9.25,9.25,1224.0
2025-08-07T09:32:49,9.2622,9.2622,9.2622,9.2622,305.0
2025-08-07T09:32:52,9.214,9.235,9.202,9.235,1117.0
2025-08-07T09:32:54,9.27,9.27,9.27,9.27,1531.0
2025-08-07T09:33:04,9.237,9.237,9.237,9.237,119.0
2025-08-07T09:33:06,9.268,9.28,9.26,9.26,8609.0
2025-08-07T09:33:07,9.275,9.275,9.268,9.268,315.0
2025-08-07T09:33:08,9.265,9.29,9.265,9.265,1794.0
2025-08-07T09:33:13,9.26,9.27,9.26,9.26,521.0
2025-08-07T09:33:16,9.25,9.25,9.25,9.25,100.0
2025-08-07T09:33:18,9.245,9.25,9.245,9.25,200.0
2025-08-07T09:33:22,9.24,9.24,9.24,9.24,111.0
2025-08-07T09:33:28,9.25,9.25,9.25,9.25,218.0
2025-08-07T09:33:37,9.25,9.25,9.21,9.21,4167.0
2025-08-07T09:33:50,9.2867,9.2867,9.2867,9.2867,405.0
2025-08-07T09:33:59,9.2515,9.2515,9.2515,9.2515,100.0
2025-08-07T09:34:03,9.24,9.25,9.24,9.25,900.0
2025-08-07T09:34:04,9.25,9.252,9.25,9.252,219.0
2025-08-07T09:34:06,9.25,9.25,9.25,9.25,422.0
2025-08-07T09:34:07,9.25,9.2818,9.25,9.2818,2130.0
2025-08-07T09:34:13,9.2197,9.25,9.2197,9.25,300.0
2025-08-07T09:34:14,9.25,9.25,9.25,9.25,123.0
2025-08-07T09:34:15,9.25,9.25,9.25,9.25,200.0
2025-08-07T09:34:29,9.21,9.21,9.21,9.21,100.0
2025-08-07T09:34:30,9.25,9.25,9.25,9.25,160.0
2025-08-07T09:34:31,9.25,9.25,9.25,9.25,310.0
2025-08-07T09:34:34,9.28,9.28,9.28,9.28,117.0
2025-08-07T09:34:37,9.29,9.29,9.29,9.29,100.0
2025-08-07T09:34:43,9.2767,9.2767,9.2767,9.2767,127.0
2025-08-07T09:34:45,9.28,9.43,9.28,9.3701,10449.0
2025-08-07T09:34:49,9.43,9.48,9.42,9.43,4076.0
2025-08-07T09:34:50,9.429,9.429,9.429,9.429,100.0
2025-08-07T09:34:54,9.3947,9.4266,9.3947,9.4266,1860.0
2025-08-07T09:34:55,9.42,9.43,9.42,9.42,1162.0
2025-08-07T09:34:58,9.41,9.42,9.41,9.42,450.0
2025-08-07T09:35:00,9.4266,9.4266,9.4266,9.4266,324.0
2025-08-07T09:35:04,9.397,9.397,9.397,9.397,180.0
2025-08-07T09:35:05,9.3985,9.3985,9.3985,9.3985,1200.0
2025-08-07T09:35:06,9.4055,9.4055,9.4055,9.4055,2268.0
2025-08-07T09:35:10,9.4173,9.4173,9.4173,9.4173,501.0
2025-08-07T09:35:13,9.37,9.38,9.36,9.37,1523.0
2025-08-07T09:35:16,9.38,9.38,9.31,9.315,4747.0
2025-08-07T09:35:17,9.355,9.355,9.355,9.355,192.0
2025-08-07T09:35:18,9.33,9.33,9.33,9.33,500.0
2025-08-07T09:35:19,9.33,9.35,9.33,9.35,922.0
2025-08-07T09:35:24,9.2829,9.2829,9.2829,9.2829,108.0
2025-08-07T09:35:25,9.33,9.33,9.33,9.33,100.0
2025-08-07T09:35:29,9.315,9.315,9.315,9.315,105.0
2025-08-07T09:35:30,9.36,9.36,9.36,9.36,706.0
2025-08-07T09:35:31,9.3643,9.4,9.3643,9.4,1122.0
2025-08-07T09:35:32,9.43,9.43,9.43,9.43,201.0
2025-08-07T09:35:37,9.4293,9.43,9.4293,9.43,1769.0
2025-08-07T09:35:40,9.42,9.42,9.42,9.42,158.0
2025-08-07T09:35:43,9.3721,9.3721,9.3721,9.3721,114.0
2025-08-07T09:35:49,9.37,9.382,9.36,9.37,1743.0
2025-08-07T09:35:56,9.34,9.34,9.34,9.34,283.0
2025-08-07T09:35:59,9.3878,9.3878,9.3878,9.3878,133.0
2025-08-07T09:36:04,9.362,9.362,9.362,9.362,120.0
2025-08-07T09:36:13,9.4,9.4,9.4,9.4,101.0
2025-08-07T09:36:19,9.39,9.39,9.39,9.39,127.0
2025-08-07T09:36:20,9.42,9.42,9.42,9.42,301.0
2025-08-07T09:36:25,9.3534,9.3534,9.3534,9.3534,115.0
2025-08-07T09:36:34,9.4075,9.4075,9.4075,9.4075,253.0
2025-08-07T09:36:50,9.41,9.41,9.41,9.41,501.0
2025-08-07T09:36:57,9.4185,9.4185,9.4185,9.4185,2000.0
2025-08-07T09:37:02,9.4,9.4,9.3,9.3,2950.0
2025-08-07T09:37:04,9.3414,9.345,9.3414,9.345,225.0
2025-08-07T09:37:08,9.3486,9.3486,9.3486,9.3486,104.0
2025-08-07T09:37:31,9.3566,9.3566,9.3566,9.3566,240.0
2025-08-07T09:37:36,9.35,9.35,9.35,9.35,101.0
2025-08-07T09:37:42,9.32,9.32,9.32,9.32,500.0
2025-08-07T09:37:57,9.3,9.3,9.27,9.27,656.0
2025-08-07T09:38:04,9.277,9.277,9.277,9.277,119.0
2025-08-07T09:38:05,9.265,9.265,9.265,9.265,104.0
2025-08-07T09:38:23,9.26,9.26,9.26,9.26,137.0
2025-08-07T09:38:28,9.2527,9.2527,9.2527,9.2527,1000.0
2025-08-07T09:38:32,9.24,9.24,9.21,9.21,601.0
2025-08-07T09:38:37,9.2105,9.2105,9.14,9.1724,7667.0
2025-08-07T09:38:38,9.1433,9.1433,9.1433,9.1433,185.0
2025-08-07T09:38:44,9.1433,9.1433,9.1433,9.1433,319.0
2025-08-07T09:38:45,9.15,9.15,9.12,9.12,701.0
2025-08-07T09:38:47,9.11,9.13,9.11,9.13,442.0
2025-08-07T09:38:52,9.11,9.11,9.11,9.11,800.0
2025-08-07T09:38:54,9.0664,9.0664,9.0664,9.0664,298.0
2025-08-07T09:38:57,9.11,9.11,9.11,9.11,101.0
2025-08-07T09:38:58,9.11,9.11,9.11,9.11,100.0
2025-08-07T09:39:00,9.1,9.1,9.1,9.1,343.0
2025-08-07T09:39:01,9.1,9.1,9.1,9.1,342.0
2025-08-07T09:39:03,9.1,9.1,9.1,9.1,400.0
2025-08-07T09:39:04,9.097,9.097,9.097,9.097,119.0
2025-08-07T09:39:05,9.0633,9.11,9.0633,9.1,1013.0
2025-08-07T09:39:09,9.15,9.15,9.15,9.15,100.0
2025-08-07T09:39:23,9.13,9.14,9.13,9.13,693.0
2025-08-07T09:39:36,9.13,9.13,9.105,9.105,833.0
2025-08-07T09:39:37,9.09,9.09,9.07,9.072,1391.0
2025-08-07T09:40:02,9.07,9.07,9.07,9.07,569.0
2025-08-07T09:40:03,9.08,9.08,9.08,9.08,201.0
2025-08-07T09:40:04,9.08,9.08,9.08,9.08,119.0
2025-08-07T09:40:06,9.06,9.06,9.03,9.03,10213.0
2025-08-07T09:40:17,9.0304,9.0316,9.0304,9.0316,1365.0
2025-08-07T09:40:18,9.03,9.03,8.93,8.95,2069.0
2025-08-07T09:40:25,8.96,8.97,8.905,8.905,2625.0
2025-08-07T09:40:33,8.96,8.96,8.96,8.96,207.0
2025-08-07T09:40:37,9.0,9.0,9.0,9.0,400.0
2025-08-07T09:40:46,8.88,8.99,8.88,8.933,2175.0
2025-08-07T09:41:04,8.967,8.967,8.967,8.967,119.0
2025-08-07T09:41:05,8.9301,8.9301,8.9301,8.9301,100.0
2025-08-07T09:41:15,8.9332,8.9332,8.9332,8.9332,236.0
2025-08-07T09:41:22,8.93,8.93,8.93,8.93,6549.0
2025-08-07T09:41:23,8.94,8.9401,8.9239,8.93,2127.0
2025-08-07T09:41:31,8.9609,8.9609,8.9609,8.9609,134.0
2025-08-07T09:41:33,8.92,8.92,8.92,8.92,300.0
2025-08-07T09:41:40,8.915,8.915,8.915,8.915,196.0
2025-08-07T09:41:41,8.8822,8.8822,8.8822,8.8822,239.0
2025-08-07T09:41:48,8.9478,8.9478,8.9478,8.9478,112.0
2025-08-07T09:42:00,8.85,8.85,8.85,8.85,100.0
2025-08-07T09:42:04,8.902,8.902,8.902,8.902,119.0
2025-08-07T09:42:05,8.86,8.86,8.86,8.86,230.0
2025-08-07T09:42:33,8.87,8.87,8.87,8.87,2002.0
2025-08-07T09:42:39,8.84,8.84,8.84,8.84,500.0
2025-08-07T09:42:42,8.874,8.874,8.874,8.874,101.0
2025-08-07T09:42:56,8.87,8.87,8.83,8.84,1350.0
2025-08-07T09:43:04,8.87,8.87,8.87,8.87,119.0
2025-08-07T09:43:07,8.85,8.85,8.85,8.85,350.0
2025-08-07T09:43:10,8.87,8.87,8.87,8.87,100.0
2025-08-07T09:43:16,8.877,8.877,8.877,8.877,909.0
2025-08-07T09:43:21,8.885,8.885,8.885,8.885,115.0
2025-08-07T09:43:24,8.885,8.91,8.885,8.89,666.0
2025-08-07T09:43:32,8.9201,8.9201,8.9201,8.9201,100.0
2025-08-07T09:43:43,8.88,8.88,8.88,8.88,101.0
2025-08-07T09:43:46,8.88,8.88,8.88,8.88,126.0
2025-08-07T09:43:56,8.885,8.885,8.88,8.88,200.0
2025-08-07T09:44:04,8.88,8.88,8.88,8.88,134.0
2025-08-07T09:44:30,8.8732,8.8732,8.8732,8.8732,100.0
2025-08-07T09:45:02,8.9,8.9,8.9,8.9,122.0
2025-08-07T09:45:04,8.9,8.9,8.9,8.9,119.0
2025-08-07T09:45:09,8.87,8.87,8.87,8.87,361.0
2025-08-07T09:45:11,8.895,8.895,8.895,8.895,114.0
2025-08-07T09:45:21,8.91,8.91,8.91,8.91,2100.0
2025-08-07T09:45:35,8.87,8.87,8.87,8.87,100.0
2025-08-07T09:45:40,8.87,8.87,8.87,8.87,100.0
2025-08-07T09:45:44,8.9,8.9,8.83,8.84,2791.0
2025-08-07T09:45:53,8.85,8.85,8.85,8.85,112.0
2025-08-07T09:46:04,8.832,8.832,8.832,8.832,119.0
2025-08-07T09:46:24,8.86,8.86,8.86,8.86,808.0
2025-08-07T09:46:44,8.86,8.86,8.85,8.85,530.0
2025-08-07T09:46:47,8.82,8.8232,8.82,8.8232,614.0
2025-08-07T09:46:50,8.85,8.85,8.847,8.847,200.0
2025-08-07T09:47:04,8.852,8.852,8.852,8.852,119.0
2025-08-07T09:47:12,8.87,8.88,8.86,8.86,791.0
2025-08-07T09:47:14,8.89,8.89,8.89,8.89,100.0
2025-08-07T09:47:18,8.8951,8.8951,8.8951,8.8951,400.0
2025-08-07T09:47:25,8.9268,8.9268,8.9268,8.9268,112.0
2025-08-07T09:47:28,8.8985,8.8985,8.8985,8.8985,100.0
2025-08-07T09:48:04,8.895,8.895,8.895,8.895,119.0
2025-08-07T09:48:48,8.9189,8.9189,8.9189,8.9189,113.0
2025-08-07T09:48:52,8.8632,8.8632,8.8632,8.8632,217.0
2025-08-07T09:49:04,8.895,8.895,8.895,8.895,253.0
2025-08-07T09:49:42,8.895,8.895,8.895,8.895,1000.0
2025-08-07T09:50:02,8.8632,8.92,8.8632,8.92,1040.0
2025-08-07T09:50:03,8.94,8.94,8.94,8.94,680.0
2025-08-07T09:50:04,8.94,8.94,8.94,8.94,119.0
2025-08-07T09:50:33,8.934,8.94,8.934,8.94,400.0
2025-08-07T09:51:03,8.9464,8.9464,8.9464,8.9464,200.0
2025-08-07T09:51:04,8.942,8.942,8.942,8.942,119.0
2025-08-07T09:51:11,8.9668,8.9668,8.9182,8.9182,698.0
2025-08-07T09:51:23,8.94,8.94,8.94,8.94,103.0
2025-08-07T09:51:50,8.94,8.94,8.94,8.94,265.0
2025-08-07T09:52:04,8.942,8.942,8.942,8.942,123.0
2025-08-07T09:52:17,8.935,8.935,8.935,8.935,238.0
2025-08-07T09:52:28,8.9,8.91,8.9,8.91,1127.0
2025-08-07T09:52:29,8.895,8.895,8.895,8.895,200.0
2025-08-07T09:53:19,8.9,8.9,8.9,8.9,903.0
2025-08-07T09:53:23,8.885,8.885,8.885,8.885,325.0
2025-08-07T09:53:24,8.887,8.887,8.887,8.887,119.0
2025-08-07T09:53:34,8.87,8.87,8.87,8.87,472.0
2025-08-07T09:53:58,8.85,8.85,8.85,8.85,205.0
2025-08-07T09:54:04,8.877,8.877,8.877,8.877,123.0
2025-08-07T09:54:11,8.84,8.84,8.84,8.84,387.0
2025-08-07T09:54:21,8.84,8.84,8.84,8.84,125.0
2025-08-07T09:54:49,8.83,8.83,8.83,8.83,100.0
2025-08-07T09:55:03,8.8511,8.8511,8.8511,8.8511,200.0
2025-08-07T09:55:04,8.852,8.852,8.852,8.852,119.0
2025-08-07T09:55:13,8.83,8.83,8.83,8.83,100.0
2025-08-07T09:55:17,8.83,8.8501,8.83,8.8501,400.0
2025-08-07T09:55:29,8.86,8.86,8.86,8.86,100.0
2025-08-07T09:55:31,8.86,8.86,8.86,8.86,100.0
2025-08-07T09:55:44,8.88,8.88,8.88,8.88,801.0
2025-08-07T09:55:46,8.91,8.915,8.9,8.915,974.0
2025-08-07T09:55:48,8.89,8.89,8.89,8.89,194.0
2025-08-07T09:55:49,8.88,8.89,8.88,8.89,392.0
2025-08-07T09:55:54,8.885,8.885,8.885,8.885,100.0
2025-08-07T09:56:04,8.902,8.902,8.902,8.902,119.0
2025-08-07T09:57:04,8.907,8.907,8.907,8.907,119.0
2025-08-07T09:57:11,8.91,8.91,8.91,8.91,101.0
2025-08-07T09:57:24,8.9336,8.9336,8.9336,8.9336,127.0
2025-08-07T09:57:49,8.91,8.91,8.84,8.84,1268.0
2025-08-07T09:57:52,8.81,8.82,8.79,8.79,11395.0
2025-08-07T09:57:56,8.82,8.82,8.78,8.78,3841.0
2025-08-07T09:58:03,8.79,8.79,8.79,8.79,202.0
2025-08-07T09:58:04,8.79,8.822,8.79,8.822,353.0
2025-08-07T09:58:05,8.79,8.79,8.77,8.77,394.0
2025-08-07T09:58:06,8.76,8.76,8.7509,8.76,1100.0
2025-08-07T09:58:07,8.785,8.785,8.785,8.785,100.0
2025-08-07T09:58:24,8.7693,8.7693,8.7693,8.7693,151.0
2025-08-07T09:58:29,8.7674,8.7674,8.7674,8.7674,1600.0
2025-08-07T09:58:30,8.75,8.755,8.74,8.74,1371.0
2025-08-07T09:58:32,8.73,8.736,8.66,8.669,6588.0
2025-08-07T09:58:49,8.7,8.7,8.63,8.66,4883.0
2025-08-07T09:58:51,8.6231,8.66,8.6231,8.66,223.0
2025-08-07T09:58:52,8.66,8.66,8.66,8.66,180.0
2025-08-07T09:58:59,8.6969,8.6969,8.6969,8.6969,114.0
2025-08-07T09:59:04,8.672,8.672,8.672,8.672,122.0
2025-08-07T09:59:06,8.6306,8.66,8.6306,8.66,1148.0
2025-08-07T09:59:09,8.6576,8.6576,8.6576,8.6576,100.0
2025-08-07T09:59:11,8.6901,8.6901,8.6901,8.6901,100.0
2025-08-07T09:59:19,8.66,8.66,8.66,8.66,128.0
2025-08-07T09:59:31,8.692,8.692,8.66,8.66,510.0
2025-08-07T09:59:45,8.6573,8.6573,8.65,8.65,2503.0
2025-08-07T10:00:04,8.62,8.62,8.62,8.62,136.0
2025-08-07T10:00:06,8.634,8.634,8.634,8.634,137.0
2025-08-07T10:00:08,8.66,8.66,8.66,8.66,100.0
2025-08-07T10:00:12,8.63,8.63,8.61,8.61,1066.0
2025-08-07T10:00:13,8.63,8.63,8.63,8.63,150.0
2025-08-07T10:00:17,8.65,8.7,8.635,8.7,1656.0
2025-08-07T10:00:24,8.705,8.705,8.705,8.705,120.0
2025-08-07T10:00:32,8.6931,8.6931,8.6931,8.6931,298.0
2025-08-07T10:00:35,8.6932,8.6932,8.69,8.69,542.0
2025-08-07T10:00:41,8.715,8.715,8.715,8.715,113.0
2025-08-07T10:00:44,8.715,8.715,8.715,8.715,200.0
2025-08-07T10:00:45,8.7314,8.7314,8.7314,8.7314,324.0
2025-08-07T10:00:47,8.7293,8.7293,8.69,8.69,485.0
2025-08-07T10:00:48,8.7369,8.7369,8.7369,8.7369,229.0
2025-08-07T10:00:54,8.63,8.63,8.61,8.625,1650.0
2025-08-07T10:00:59,8.6631,8.6631,8.6631,8.6631,150.0
2025-08-07T10:01:02,8.664,8.664,8.664,8.664,300.0
2025-08-07T10:01:04,8.66,8.66,8.66,8.66,143.0
2025-08-07T10:01:21,8.6946,8.6946,8.6946,8.6946,115.0
2025-08-07T10:01:29,8.67,8.67,8.67,8.67,100.0
2025-08-07T10:01:34,8.71,8.71,8.63,8.67,1986.0
2025-08-07T10:01:44,8.675,8.675,8.675,8.675,101.0
2025-08-07T10:01:47,8.7393,8.7393,8.7393,8.7393,151.0
2025-08-07T10:01:52,8.705,8.705,8.705,8.705,294.0
2025-08-07T10:02:07,8.6731,8.6731,8.6731,8.6731,268.0
2025-08-07T10:02:32,8.705,8.705,8.705,8.705,293.0
2025-08-07T10:02:34,8.7085,8.7085,8.7085,8.7085,1175.0
2025-08-07T10:02:43,8.665,8.68,8.655,8.655,1033.0
2025-08-07T10:02:46,8.6663,8.6663,8.6663,8.6663,111.0
2025-08-07T10:02:53,8.64,8.64,8.64,8.64,100.0
2025-08-07T10:03:00,8.6891,8.6891,8.6891,8.6891,101.0
2025-08-07T10:03:16,8.665,8.665,8.665,8.665,121.0
2025-08-07T10:03:18,8.665,8.665,8.665,8.665,232.0
2025-08-07T10:03:19,8.67,8.67,8.67,8.67,1064.0
2025-08-07T10:03:22,8.6637,8.665,8.63,8.63,1434.0
2025-08-07T10:03:23,8.679872,8.679872,8.679872,8.679872,123.0
2025-08-07T10:03:32,8.64,8.64,8.64,8.64,100.0
2025-08-07T10:03:34,8.6689,8.6689,8.6689,8.6689,101.0
2025-08-07T10:03:46,8.665,8.665,8.665,8.665,100.0
2025-08-07T10:03:48,8.6836,8.6836,8.6836,8.6836,104.0
2025-08-07T10:03:54,8.65,8.65,8.47,8.491,23700.0
2025-08-07T10:03:58,8.495,8.495,8.495,8.495,362.0
2025-08-07T10:03:59,8.48,8.5,8.48,8.5,5535.0
2025-08-07T10:04:01,8.52,8.52,8.52,8.52,604.0
2025-08-07T10:04:04,8.5199,8.5199,8.5199,8.5199,2215.0
2025-08-07T10:04:17,8.5,8.5,8.5,8.5,100.0
2025-08-07T10:04:30,8.5,8.52,8.5,8.51,2264.0
2025-08-07T10:04:32,8.5262,8.5262,8.5262,8.5262,307.0
2025-08-07T10:04:34,8.53,8.53,8.53,8.53,930.0
2025-08-07T10:04:45,8.55,8.55,8.55,8.55,200.0
2025-08-07T10:04:46,8.53,8.53,8.53,8.53,300.0
2025-08-07T10:04:47,8.5201,8.5201,8.52,8.52,5263.0
2025-08-07T10:05:03,8.5509,8.5509,8.5509,8.5509,112.0
2025-08-07T10:05:05,8.56,8.56,8.56,8.56,379.0
2025-08-07T10:05:27,8.625,8.625,8.62,8.62,1240.0
2025-08-07T10:05:48,8.7213,8.7213,8.7213,8.7213,558.0
2025-08-07T10:05:56,8.73,8.73,8.73,8.73,150.0
2025-08-07T10:06:00,8.7288,8.7288,8.7288,8.7288,137.0
2025-08-07T10:06:02,8.67,8.67,8.67,8.67,557.0
2025-08-07T10:06:06,8.67,8.67,8.67,8.67,200.0
2025-08-07T10:06:09,8.71,8.74,8.71,8.72,2714.0
2025-08-07T10:06:10,8.736,8.736,8.736,8.736,233.0
2025-08-07T10:06:20,8.75,8.75,8.75,8.75,1047.0
2025-08-07T10:06:21,8.75,8.75,8.75,8.75,105.0
2025-08-07T10:06:27,8.754,8.754,8.754,8.754,100.0
2025-08-07T10:06:33,8.7327,8.7327,8.7327,8.7327,200.0
2025-08-07T10:06:38,8.7301,8.7301,8.7301,8.7301,150.0
2025-08-07T10:06:40,8.77,8.77,8.77,8.77,326.0
2025-08-07T10:06:46,8.77,8.77,8.77,8.77,100.0
2025-08-07T10:06:47,8.77,8.77,8.77,8.77,100.0
2025-08-07T10:06:49,8.75,8.75,8.75,8.75,130.0
2025-08-07T10:06:52,8.775,8.81,8.775,8.81,1397.0
2025-08-07T10:06:59,8.775,8.775,8.775,8.775,100.0
2025-08-07T10:07:09,8.75,8.75,8.745,8.745,740.0
2025-08-07T10:07:12,8.755,8.755,8.755,8.755,246.0
2025-08-07T10:07:17,8.7332,8.7332,8.7332,8.7332,229.0
2025-08-07T10:07:53,8.76,8.76,8.71,8.73,2335.0
2025-08-07T10:08:19,8.6872,8.6872,8.6872,8.6872,214.0
2025-08-07T10:08:36,8.72,8.72,8.72,8.72,1450.0
2025-08-07T10:08:51,8.7214,8.7214,8.7214,8.7214,400.0
2025-08-07T10:08:58,8.725,8.725,8.725,8.725,200.0
2025-08-07T10:09:25,8.69,8.69,8.66,8.68,1445.0
2025-08-07T10:09:43,8.645,8.645,8.645,8.645,136.0
2025-08-07T10:09:54,8.61,8.61,8.595,8.595,894.0
2025-08-07T10:10:04,8.59,8.59,8.59,8.59,202.0
2025-08-07T10:10:33,8.58,8.58,8.57,8.57,237.0
2025-08-07T10:10:40,8.57,8.57,8.57,8.57,101.0
2025-08-07T10:10:49,8.6,8.6,8.6,8.6,1027.0
2025-08-07T10:10:50,8.595,8.595,8.595,8.595,101.0
2025-08-07T10:10:57,8.625,8.625,8.625,8.625,151.0
2025-08-07T10:10:59,8.625,8.625,8.625,8.625,100.0
2025-08-07T10:11:03,8.625,8.625,8.625,8.625,100.0
2025-08-07T10:11:04,8.625,8.625,8.625,8.625,100.0
2025-08-07T10:11:09,8.6285,8.6285,8.6285,8.6285,200.0
2025-08-07T10:11:14,8.642,8.642,8.642,8.642,141.0
2025-08-07T10:11:27,8.6699,8.6699,8.6699,8.6699,100.0
2025-08-07T10:11:41,8.63,8.63,8.63,8.63,100.0
2025-08-07T10:11:45,8.6692,8.6692,8.6692,8.6692,100.0
2025-08-07T10:11:49,8.63,8.63,8.63,8.63,100.0
2025-08-07T10:11:58,8.67,8.69,8.67,8.685,663.0
2025-08-07T10:11:59,8.67,8.67,8.67,8.67,205.0
2025-08-07T10:12:10,8.675,8.675,8.675,8.675,100.0
2025-08-07T10:12:12,8.73,8.73,8.73,8.73,100.0
2025-08-07T10:12:14,8.73,8.73,8.73,8.73,111.0
2025-08-07T10:12:19,8.6695,8.6695,8.6695,8.6695,1000.0
2025-08-07T10:12:52,8.69,8.69,8.69,8.69,151.0
2025-08-07T10:13:03,8.7384,8.7384,8.7384,8.7384,552.0
2025-08-07T10:13:18,8.725,8.725,8.725,8.725,255.0
2025-08-07T10:13:39,8.725,8.725,8.725,8.725,100.0
2025-08-07T10:13:40,8.7367,8.7367,8.7367,8.7367,226.0
2025-08-07T10:13:47,8.73,8.73,8.73,8.73,120.0
2025-08-07T10:14:18,8.7,8.7,8.7,8.7,451.0
2025-08-07T10:14:19,8.7,8.7,8.7,8.7,100.0
2025-08-07T10:14:24,8.7025,8.7025,8.7025,8.7025,139.0
2025-08-07T10:14:31,8.735,8.735,8.735,8.735,100.0
2025-08-07T10:14:52,8.716,8.716,8.716,8.716,427.0
2025-08-07T10:15:07,8.745,8.745,8.745,8.745,180.0
2025-08-07T10:15:22,8.72,8.72,8.71,8.715,858.0
2025-08-07T10:15:23,8.715,8.715,8.715,8.715,686.0
2025-08-07T10:15:41,8.6905,8.6905,8.6905,8.6905,122.0
2025-08-07T10:15:49,8.715,8.715,8.715,8.715,175.0
2025-08-07T10:16:03,8.71,8.71,8.71,8.71,951.0
2025-08-07T10:16:04,8.705,8.705,8.705,8.705,323.0
2025-08-07T10:16:05,8.69,8.69,8.68,8.69,668.0
2025-08-07T10:16:16,8.685,8.685,8.685,8.685,138.0
2025-08-07T10:16:23,8.7,8.7,8.7,8.7,292.0
2025-08-07T10:16:42,8.72,8.72,8.72,8.72,4282.0
2025-08-07T10:17:05,8.71,8.71,8.71,8.71,200.0
2025-08-07T10:17:21,8.7256,8.7256,8.7256,8.7256,114.0
2025-08-07T10:17:58,8.7184,8.7184,8.7184,8.7184,532.0
2025-08-07T10:18:11,8.74,8.74,8.73,8.74,552.0
2025-08-07T10:18:13,8.74,8.74,8.74,8.74,100.0
2025-08-07T10:18:17,8.76,8.77,8.76,8.77,447.0
2025-08-07T10:18:43,8.75,8.75,8.74,8.74,1679.0
2025-08-07T10:18:57,8.755,8.755,8.755,8.755,120.0
2025-08-07T10:19:10,8.73,8.73,8.72,8.72,363.0
2025-08-07T10:19:11,8.7399,8.7399,8.7399,8.7399,844.0
2025-08-07T10:19:51,8.71,8.71,8.7,8.7,678.0
2025-08-07T10:19:56,8.67,8.67,8.665,8.665,388.0
2025-08-07T10:20:00,8.6776,8.6776,8.6776,8.6776,100.0
2025-08-07T10:20:25,8.67,8.67,8.67,8.67,106.0
2025-08-07T10:20:52,8.6941,8.6941,8.6941,8.6941,1997.0
2025-08-07T10:20:53,8.69,8.69,8.69,8.69,200.0
2025-08-07T10:20:54,8.66,8.66,8.66,8.66,630.0
2025-08-07T10:20:57,8.69,8.69,8.69,8.69,100.0
2025-08-07T10:21:05,8.685,8.685,8.685,8.685,1157.0
2025-08-07T10:21:21,8.67,8.67,8.67,8.67,101.0
2025-08-07T10:21:42,8.685,8.685,8.685,8.685,300.0
2025-08-07T10:21:45,8.685,8.685,8.685,8.685,141.0
2025-08-07T10:21:50,8.69,8.69,8.67,8.67,947.0
2025-08-07T10:21:58,8.68,8.7,8.68,8.696,1421.0
2025-08-07T10:21:59,8.7014,8.7014,8.7014,8.7014,1659.0
2025-08-07T10:22:00,8.71,8.72,8.71,8.72,529.0
2025-08-07T10:22:01,8.725,8.725,8.725,8.725,106.0
2025-08-07T10:22:02,8.73,8.74,8.73,8.74,286.0
2025-08-07T10:22:25,8.74,8.74,8.74,8.74,100.0
2025-08-07T10:23:03,8.72,8.72,8.72,8.72,307.0
2025-08-07T10:23:19,8.71,8.71,8.71,8.71,541.0
2025-08-07T10:23:20,8.71,8.71,8.71,8.71,100.0
2025-08-07T10:23:49,8.725,8.77,8.725,8.77,1492.0
2025-08-07T10:23:50,8.77,8.77,8.77,8.77,211.0
2025-08-07T10:23:57,8.775,8.775,8.775,8.775,200.0
2025-08-07T10:24:16,8.76,8.76,8.74,8.75,1228.0
2025-08-07T10:24:31,8.76,8.76,8.76,8.76,200.0
2025-08-07T10:24:33,8.76,8.76,8.76,8.76,200.0
2025-08-07T10:25:28,8.7468,8.7468,8.7468,8.7468,863.0
2025-08-07T10:25:35,8.73,8.73,8.715,8.715,2265.0
2025-08-07T10:25:39,8.71,8.71,8.71,8.71,146.0
2025-08-07T10:25:42,8.72,8.72,8.72,8.72,100.0
2025-08-07T10:25:48,8.73,8.73,8.73,8.73,305.0
2025-08-07T10:25:51,8.74,8.74,8.74,8.74,225.0
2025-08-07T10:25:54,8.7202,8.7202,8.7202,8.7202,1000.0
2025-08-07T10:26:07,8.74,8.74,8.74,8.74,155.0
2025-08-07T10:26:12,8.74,8.74,8.74,8.74,200.0
2025-08-07T10:26:25,8.76,8.765,8.76,8.765,309.0
2025-08-07T10:26:34,8.73,8.73,8.72,8.72,944.0
2025-08-07T10:27:16,8.725,8.725,8.725,8.725,135.0
2025-08-07T10:27:20,8.725,8.725,8.725,8.725,149.0
2025-08-07T10:27:26,8.725,8.725,8.725,8.725,120.0
2025-08-07T10:27:31,8.725,8.725,8.725,8.725,103.0
2025-08-07T10:27:41,8.735,8.735,8.735,8.735,303.0
2025-08-07T10:28:04,8.735,8.735,8.735,8.735,201.0
2025-08-07T10:28:06,8.735,8.735,8.735,8.735,100.0
2025-08-07T10:28:31,8.73,8.73,8.73,8.73,158.0
2025-08-07T10:28:41,8.7311,8.7311,8.7311,8.7311,116.0
2025-08-07T10:29:15,8.725,8.725,8.725,8.725,986.0
2025-08-07T10:29:16,8.725,8.725,8.725,8.725,100.0
2025-08-07T10:29:51,8.73,8.73,8.73,8.73,232.0
2025-08-07T10:29:53,8.75,8.75,8.75,8.75,620.0
2025-08-07T10:29:55,8.78,8.78,8.77,8.77,681.0
2025-08-07T10:30:01,8.77,8.77,8.77,8.77,101.0
2025-08-07T10:30:05,8.757,8.757,8.757,8.757,149.0
2025-08-07T10:30:14,8.77,8.77,8.77,8.77,351.0
2025-08-07T10:30:21,8.77,8.77,8.77,8.77,337.0
2025-08-07T10:30:30,8.775,8.775,8.775,8.775,114.0
2025-08-07T10:30:39,8.7642,8.7642,8.7642,8.7642,130.0
2025-08-07T10:30:54,8.775,8.775,8.775,8.775,103.0
2025-08-07T10:30:57,8.7755,8.7755,8.7755,8.7755,301.0
2025-08-07T10:30:59,8.775,8.775,8.775,8.775,101.0
2025-08-07T10:31:01,8.775,8.775,8.775,8.775,100.0
2025-08-07T10:31:03,8.775,8.775,8.775,8.775,100.0
2025-08-07T10:31:04,8.775,8.775,8.775,8.775,200.0
2025-08-07T10:31:34,8.775,8.775,8.775,8.775,100.0
2025-08-07T10:31:40,8.79,8.79,8.79,8.79,132.0
2025-08-07T10:32:07,8.775,8.775,8.775,8.775,100.0
2025-08-07T10:32:19,8.775,8.775,8.775,8.775,132.0
2025-08-07T10:32:20,8.775,8.775,8.775,8.775,132.0
2025-08-07T10:32:22,8.77,8.77,8.76,8.76,668.0
2025-08-07T10:32:24,8.765,8.765,8.75,8.75,1919.0
2025-08-07T10:33:17,8.74,8.74,8.74,8.74,100.0
2025-08-07T10:33:22,8.745,8.745,8.745,8.745,200.0
2025-08-07T10:33:26,8.745,8.745,8.745,8.745,122.0
2025-08-07T10:33:37,8.74,8.74,8.74,8.74,213.0
2025-08-07T10:34:53,8.73,8.73,8.72,8.725,4086.0
2025-08-07T10:34:54,8.73,8.73,8.73,8.73,400.0
2025-08-07T10:34:55,8.73,8.73,8.73,8.73,100.0
2025-08-07T10:35:11,8.74,8.75,8.74,8.745,919.0
2025-08-07T10:35:13,8.745,8.745,8.745,8.745,100.0
2025-08-07T10:35:22,8.745,8.745,8.745,8.745,102.0
2025-08-07T10:35:28,8.73,8.73,8.73,8.73,2035.0
2025-08-07T10:35:29,8.745,8.745,8.745,8.745,100.0
2025-08-07T10:36:08,8.7424,8.7424,8.7424,8.7424,400.0
2025-08-07T10:36:12,8.745,8.745,8.745,8.745,234.0
2025-08-07T10:36:41,8.745,8.745,8.745,8.745,360.0
2025-08-07T10:36:46,8.745,8.745,8.745,8.745,212.0
2025-08-07T10:37:10,8.745,8.745,8.745,8.745,102.0
2025-08-07T10:37:12,8.745,8.745,8.745,8.745,122.0
2025-08-07T10:37:16,8.745,8.745,8.745,8.745,100.0
2025-08-07T10:37:30,8.745,8.745,8.745,8.745,100.0
2025-08-07T10:37:31,8.75,8.76,8.75,8.75,1036.0
2025-08-07T10:37:32,8.77,8.78,8.77,8.78,478.0
2025-08-07T10:37:37,8.8,8.815,8.8,8.815,705.0
2025-08-07T10:37:38,8.82,8.89,8.82,8.89,7368.0
2025-08-07T10:37:40,8.88,8.88,8.88,8.88,104.0
2025-08-07T10:37:55,8.865,8.865,8.865,8.865,250.0
2025-08-07T10:37:57,8.86,8.86,8.86,8.86,175.0
2025-08-07T10:38:16,8.87,8.87,8.86,8.86,401.0
2025-08-07T10:38:31,8.86,8.86,8.86,8.86,701.0
2025-08-07T10:38:32,8.86,8.86,8.86,8.86,122.0
2025-08-07T10:38:42,8.8489,8.8489,8.8489,8.8489,100.0
2025-08-07T10:38:43,8.86,8.86,8.86,8.86,102.0
2025-08-07T10:38:54,8.8584,8.8584,8.8584,8.8584,220.0
2025-08-07T10:39:07,8.855,8.855,8.855,8.855,104.0
2025-08-07T10:39:10,8.87,8.87,8.87,8.87,130.0
2025-08-07T10:39:22,8.865,8.865,8.865,8.865,100.0
2025-08-07T10:39:28,8.8662,8.8662,8.8662,8.8662,100.0
2025-08-07T10:40:10,8.85,8.85,8.85,8.85,1355.0
2025-08-07T10:40:11,8.85,8.85,8.85,8.85,100.0
2025-08-07T10:40:12,8.84,8.85,8.84,8.85,223.0
2025-08-07T10:40:22,8.851,8.851,8.851,8.851,1626.0
2025-08-07T10:40:31,8.86,8.88,8.85,8.875,1513.0
2025-08-07T10:40:32,8.875,8.875,8.875,8.875,320.0
2025-08-07T10:40:48,8.87,8.87,8.87,8.87,432.0
2025-08-07T10:40:56,8.87,8.87,8.87,8.87,206.0
2025-08-07T10:41:05,8.87,8.87,8.87,8.87,143.0
2025-08-07T10:41:56,8.87,8.87,8.87,8.87,100.0
2025-08-07T10:42:43,8.875,8.875,8.875,8.875,271.0
2025-08-07T10:42:50,8.875,8.875,8.875,8.875,100.0
2025-08-07T10:42:54,8.88,8.905,8.88,8.905,1082.0
2025-08-07T10:42:55,8.905,8.905,8.905,8.905,100.0
2025-08-07T10:43:06,8.92,8.93,8.92,8.93,613.0
2025-08-07T10:43:07,8.93,8.93,8.93,8.93,120.0
2025-08-07T10:43:28,8.94,8.955,8.94,8.955,1304.0
2025-08-07T10:43:30,8.9333,8.9333,8.9333,8.9333,943.0
2025-08-07T10:43:40,8.945,8.945,8.945,8.945,477.0
2025-08-07T10:43:56,8.945,8.945,8.945,8.945,131.0
2025-08-07T10:44:01,8.945,8.95,8.8766,8.8766,6520.0
2025-08-07T10:44:02,8.945,8.945,8.945,8.945,1073.0
2025-08-07T10:44:17,8.9,8.9,8.9,8.9,1052.0
2025-08-07T10:44:31,8.91,8.91,8.91,8.91,1021.0
2025-08-07T10:45:00,8.9122,8.9122,8.9122,8.9122,200.0
2025-08-07T10:45:26,8.91,8.91,8.91,8.91,212.0
2025-08-07T10:45:30,8.91,8.91,8.91,8.91,104.0
2025-08-07T10:45:31,8.91,8.91,8.91,8.91,200.0
2025-08-07T10:46:01,8.91,8.91,8.91,8.91,100.0
2025-08-07T10:46:21,8.89,8.89,8.89,8.89,1188.0
2025-08-07T10:46:53,8.87,8.89,8.87,8.89,1584.0
2025-08-07T10:47:09,8.885,8.885,8.885,8.885,200.0
2025-08-07T10:47:31,8.885,8.885,8.885,8.885,158.0
2025-08-07T10:47:35,8.885,8.885,8.885,8.885,500.0
2025-08-07T10:48:03,8.885,8.885,8.885,8.885,100.0
2025-08-07T10:48:16,8.89,8.89,8.89,8.89,114.0
2025-08-07T10:48:40,8.9,8.93,8.9,8.905,1552.0
2025-08-07T10:49:01,8.925,8.925,8.925,8.925,100.0
2025-08-07T10:49:50,8.96,8.96,8.96,8.96,1367.0
2025-08-07T10:50:26,8.965,8.965,8.965,8.965,101.0
2025-08-07T10:50:41,8.96,8.96,8.96,8.96,680.0
2025-08-07T10:51:09,8.96,8.96,8.96,8.96,300.0
2025-08-07T10:51:33,8.94,8.94,8.93,8.94,1972.0
2025-08-07T10:51:44,8.925,8.925,8.925,8.925,255.0
2025-08-07T10:51:57,8.925,8.925,8.925,8.925,124.0
2025-08-07T10:52:23,8.9225,8.9225,8.9225,8.9225,115.0
2025-08-07T10:52:50,8.92,8.92,8.92,8.92,200.0
2025-08-07T10:52:56,8.94,8.945,8.94,8.945,1224.0
2025-08-07T10:52:57,8.945,8.945,8.945,8.945,100.0
2025-08-07T10:52:58,8.945,8.945,8.945,8.945,100.0
2025-08-07T10:53:05,8.97,8.99,8.97,8.99,1507.0
2025-08-07T10:53:17,8.99,8.99,8.99,8.99,460.0
2025-08-07T10:53:18,8.985,8.985,8.985,8.985,101.0
2025-08-07T10:53:42,8.96,8.96,8.96,8.96,986.0
2025-08-07T10:54:23,8.96,8.96,8.96,8.96,100.0
2025-08-07T10:55:15,8.98,8.98,8.98,8.98,111.0
2025-08-07T10:55:50,8.94,8.94,8.93,8.93,1963.0
2025-08-07T10:56:57,8.925,8.925,8.925,8.925,644.0
2025-08-07T10:57:01,8.925,8.925,8.925,8.925,200.0
2025-08-07T10:57:06,8.925,8.9457,8.925,8.9457,1100.0
2025-08-07T10:57:16,8.925,8.925,8.925,8.925,121.0
2025-08-07T10:57:19,8.925,8.925,8.925,8.925,100.0
2025-08-07T10:57:31,8.925,8.925,8.925,8.925,100.0
2025-08-07T10:57:38,8.93,8.94,8.93,8.94,419.0
2025-08-07T10:57:39,8.94,8.94,8.94,8.94,400.0
2025-08-07T10:57:58,8.93,8.93,8.93,8.93,1994.0
2025-08-07T10:58:04,8.91,8.91,8.91,8.91,191.0
2025-08-07T10:58:38,8.93,8.93,8.93,8.93,200.0
2025-08-07T10:58:57,8.95,8.97,8.95,8.97,1883.0
2025-08-07T10:59:16,8.96,8.96,8.96,8.96,100.0
2025-08-07T10:59:24,8.96,8.96,8.96,8.96,391.0
2025-08-07T10:59:31,8.98,8.98,8.98,8.98,550.0
2025-08-07T10:59:58,8.98,8.99,8.98,8.99,672.0
2025-08-07T10:59:59,8.99,8.99,8.99,8.99,103.0
2025-08-07T11:00:00,8.98,8.98,8.98,8.98,400.0
2025-08-07T11:00:15,8.98,8.98,8.98,8.98,368.0
2025-08-07T11:00:16,8.98,8.98,8.98,8.98,100.0
2025-08-07T11:00:21,8.98,8.98,8.98,8.98,3040.0
2025-08-07T11:00:26,8.98,8.98,8.98,8.98,100.0
2025-08-07T11:00:29,9.0,9.0,9.0,9.0,1263.0
2025-08-07T11:00:31,8.97,8.97,8.96,8.96,3061.0
2025-08-07T11:00:56,8.925,8.925,8.925,8.925,295.0
2025-08-07T11:01:09,8.92,8.93,8.92,8.9275,604.0
2025-08-07T11:02:01,8.92,8.92,8.92,8.92,100.0
2025-08-07T11:02:10,8.92,8.92,8.92,8.92,100.0
2025-08-07T11:03:26,8.92,8.92,8.92,8.92,100.0
2025-08-07T11:03:34,8.9134,8.9134,8.9134,8.9134,297.0
2025-08-07T11:04:02,8.9106,8.925,8.9106,8.925,1655.0
2025-08-07T11:04:41,8.91,8.91,8.88,8.88,1696.0
2025-08-07T11:04:43,8.87,8.87,8.87,8.87,261.0
2025-08-07T11:05:41,8.88,8.88,8.88,8.88,100.0
2025-08-07T11:06:53,8.88,8.88,8.88,8.88,100.0
2025-08-07T11:06:55,8.88,8.88,8.88,8.88,123.0
2025-08-07T11:06:58,8.86,8.865,8.84,8.865,4486.0
2025-08-07T11:07:00,8.865,8.865,8.865,8.865,100.0
2025-08-07T11:07:13,8.8432,8.8432,8.8432,8.8432,101.0
2025-08-07T11:07:51,8.87,8.87,8.87,8.87,100.0
2025-08-07T11:08:04,8.88,8.88,8.88,8.88,327.0
2025-08-07T11:08:16,8.85,8.85,8.85,8.85,100.0
2025-08-07T11:08:26,8.86,8.86,8.86,8.86,310.0
2025-08-07T11:08:40,8.86,8.86,8.83,8.84,4918.0
2025-08-07T11:09:02,8.8033,8.8033,8.8,8.8,4005.0
2025-08-07T11:09:09,8.765,8.775,8.765,8.775,355.0
2025-08-07T11:09:21,8.765,8.765,8.765,8.765,174.0
2025-08-07T11:09:28,8.77,8.79,8.77,8.78,895.0
2025-08-07T11:09:41,8.78,8.78,8.78,8.78,300.0
2025-08-07T11:09:48,8.8,8.8,8.8,8.8,317.0
2025-08-07T11:10:46,8.78,8.78,8.77,8.77,589.0
2025-08-07T11:10:49,8.76,8.76,8.76,8.76,152.0
2025-08-07T11:11:52,8.7816,8.7816,8.7816,8.7816,279.0
2025-08-07T11:12:01,8.76,8.775,8.76,8.775,538.0
2025-08-07T11:13:21,8.7632,8.7632,8.7632,8.7632,228.0
2025-08-07T11:13:25,8.76,8.76,8.73,8.74,4133.0
2025-08-07T11:13:26,8.74,8.74,8.74,8.74,156.0
2025-08-07T11:13:30,8.73,8.73,8.7,8.7,5199.0
2025-08-07T11:13:35,8.68,8.68,8.68,8.68,262.0
2025-08-07T11:13:36,8.67,8.67,8.67,8.67,335.0
2025-08-07T11:13:37,8.68,8.68,8.68,8.68,100.0
2025-08-07T11:13:43,8.675,8.675,8.651,8.651,2100.0
2025-08-07T11:13:47,8.6394,8.6394,8.6394,8.6394,100.0
2025-08-07T11:14:48,8.62,8.62,8.62,8.62,100.0
2025-08-07T11:15:01,8.68,8.68,8.68,8.68,130.0
2025-08-07T11:15:07,8.655,8.655,8.655,8.655,200.0
2025-08-07T11:15:10,8.65,8.65,8.65,8.65,115.0
2025-08-07T11:15:11,8.65,8.65,8.65,8.65,171.0
2025-08-07T11:15:31,8.65,8.65,8.65,8.65,129.0
2025-08-07T11:16:46,8.66,8.67,8.66,8.67,939.0
2025-08-07T11:16:48,8.68,8.68,8.68,8.68,356.0
2025-08-07T11:17:03,8.7,8.74,8.7,8.7,4004.0
2025-08-07T11:17:29,8.76,8.79,8.76,8.79,278.0
2025-08-07T11:17:31,8.75,8.755,8.75,8.755,950.0
2025-08-07T11:17:34,8.755,8.755,8.755,8.755,100.0
2025-08-07T11:18:36,8.77,8.77,8.77,8.77,100.0
2025-08-07T11:19:27,8.75,8.75,8.75,8.75,1170.0
2025-08-07T11:21:01,8.765,8.765,8.765,8.765,100.0
2025-08-07T11:21:10,8.79,8.79,8.79,8.79,898.0
2025-08-07T11:21:32,8.76,8.765,8.755,8.755,575.0
2025-08-07T11:21:43,8.76,8.76,8.76,8.76,100.0
2025-08-07T11:22:04,8.76,8.76,8.76,8.76,389.0
2025-08-07T11:22:47,8.76,8.76,8.76,8.76,596.0
2025-08-07T11:23:50,8.74,8.74,8.72,8.72,1100.0
2025-08-07T11:24:16,8.7,8.7,8.7,8.7,493.0
2025-08-07T11:25:04,8.685,8.685,8.685,8.685,100.0
2025-08-07T11:25:05,8.685,8.685,8.685,8.685,100.0
2025-08-07T11:25:31,8.685,8.685,8.685,8.685,172.0
2025-08-07T11:25:43,8.68,8.68,8.68,8.68,266.0
2025-08-07T11:25:47,8.68,8.68,8.68,8.68,138.0
2025-08-07T11:25:49,8.68,8.68,8.68,8.68,350.0
2025-08-07T11:26:04,8.675,8.675,8.675,8.675,200.0
2025-08-07T11:26:11,8.675,8.675,8.675,8.675,200.0
2025-08-07T11:26:26,8.675,8.675,8.675,8.675,100.0
2025-08-07T11:26:31,8.66,8.66,8.66,8.66,600.0
2025-08-07T11:26:42,8.66,8.66,8.66,8.66,100.0
2025-08-07T11:27:01,8.675,8.675,8.675,8.675,720.0
2025-08-07T11:27:31,8.675,8.675,8.675,8.675,100.0
2025-08-07T11:27:33,8.675,8.675,8.675,8.675,200.0
2025-08-07T11:27:42,8.675,8.675,8.675,8.675,100.0
2025-08-07T11:27:45,8.67,8.675,8.67,8.675,517.0
2025-08-07T11:27:48,8.67,8.67,8.67,8.67,100.0
2025-08-07T11:27:56,8.67,8.67,8.67,8.67,399.0
2025-08-07T11:27:58,8.665,8.665,8.665,8.665,100.0
2025-08-07T11:28:00,8.665,8.665,8.665,8.665,300.0
2025-08-07T11:28:56,8.665,8.665,8.665,8.665,100.0
2025-08-07T11:29:14,8.65,8.65,8.65,8.65,116.0
2025-08-07T11:29:21,8.68,8.68,8.67,8.67,1066.0
2025-08-07T11:29:22,8.69,8.69,8.69,8.69,406.0
2025-08-07T11:29:55,8.685,8.685,8.685,8.685,398.0
2025-08-07T11:30:55,8.68,8.68,8.68,8.68,395.0
2025-08-07T11:31:26,8.68,8.68,8.68,8.68,200.0
2025-08-07T11:31:50,8.68,8.68,8.68,8.68,100.0
2025-08-07T11:32:00,8.68,8.68,8.68,8.68,100.0
2025-08-07T11:32:22,8.68,8.68,8.68,8.68,858.0
2025-08-07T11:33:03,8.67,8.67,8.66,8.66,534.0
2025-08-07T11:33:05,8.665,8.665,8.665,8.665,100.0
2025-08-07T11:33:13,8.66,8.66,8.66,8.66,102.0
2025-08-07T11:33:14,8.66,8.66,8.66,8.66,130.0
2025-08-07T11:33:24,8.65,8.65,8.65,8.65,675.0
2025-08-07T11:33:42,8.65,8.65,8.65,8.65,100.0
2025-08-07T11:34:46,8.655,8.655,8.655,8.655,200.0
2025-08-07T11:34:50,8.655,8.655,8.655,8.655,100.0
2025-08-07T11:34:57,8.67,8.67,8.67,8.67,732.0
2025-08-07T11:34:58,8.68,8.69,8.68,8.69,480.0
2025-08-07T11:35:57,8.68,8.68,8.68,8.68,404.0
2025-08-07T11:36:41,8.67,8.67,8.67,8.67,106.0
2025-08-07T11:37:28,8.66,8.665,8.66,8.665,1117.0
2025-08-07T11:37:31,8.675,8.675,8.675,8.675,620.0
2025-08-07T11:37:32,8.69,8.72,8.69,8.72,1187.0
2025-08-07T11:37:46,8.74,8.74,8.74,8.74,100.0
2025-08-07T11:38:43,8.765,8.765,8.765,8.765,100.0
2025-08-07T11:39:27,8.76,8.76,8.75,8.75,546.0
2025-08-07T11:40:04,8.74,8.75,8.72,8.72,786.0
2025-08-07T11:40:25,8.71,8.71,8.71,8.71,716.0
2025-08-07T11:41:51,8.73,8.73,8.73,8.73,230.0
2025-08-07T11:41:52,8.73,8.73,8.73,8.73,100.0
2025-08-07T11:41:53,8.73,8.73,8.73,8.73,100.0
2025-08-07T11:41:54,8.74,8.74,8.74,8.74,231.0
2025-08-07T11:42:28,8.735,8.735,8.735,8.735,100.0
2025-08-07T11:43:11,8.74,8.74,8.74,8.74,100.0
2025-08-07T11:43:39,8.7318,8.7318,8.7318,8.7318,200.0
2025-08-07T11:43:41,8.74,8.74,8.74,8.74,243.0
2025-08-07T11:43:58,8.73,8.75,8.72,8.75,2075.0
2025-08-07T11:43:59,8.76,8.77,8.76,8.77,676.0
2025-08-07T11:46:00,8.775,8.775,8.775,8.775,327.0
2025-08-07T11:46:07,8.775,8.775,8.775,8.775,116.0
2025-08-07T11:46:09,8.77,8.77,8.77,8.77,344.0
2025-08-07T11:47:55,8.79,8.79,8.79,8.79,659.0
2025-08-07T11:47:56,8.79,8.79,8.79,8.79,100.0
2025-08-07T11:48:23,8.8,8.8,8.8,8.8,502.0
2025-08-07T11:48:36,8.805,8.805,8.805,8.805,200.0
2025-08-07T11:48:48,8.79,8.79,8.78,8.79,1323.0
2025-08-07T11:50:28,8.7924,8.7924,8.7924,8.7924,565.0
2025-08-07T11:50:35,8.79,8.79,8.79,8.79,320.0
2025-08-07T11:50:54,8.78,8.78,8.78,8.78,328.0
2025-08-07T11:50:56,8.76,8.76,8.76,8.76,435.0
2025-08-07T11:50:58,8.75,8.75,8.75,8.75,127.0
2025-08-07T11:53:26,8.76,8.76,8.76,8.76,110.0
2025-08-07T11:53:55,8.76,8.76,8.76,8.76,100.0
2025-08-07T11:54:01,8.76,8.76,8.76,8.76,110.0
2025-08-07T11:54:10,8.78,8.78,8.78,8.78,1471.0
2025-08-07T11:55:02,8.775,8.775,8.775,8.775,100.0
2025-08-07T11:55:11,8.78,8.78,8.78,8.78,157.0
2025-08-07T11:55:58,8.77,8.77,8.77,8.77,441.0
2025-08-07T11:56:12,8.77,8.77,8.72,8.725,4389.0
2025-08-07T11:57:04,8.72,8.72,8.72,8.72,1434.0
2025-08-07T11:57:32,8.71,8.71,8.7,8.7,613.0
2025-08-07T11:57:43,8.7,8.7,8.7,8.7,100.0
2025-08-07T11:58:12,8.695,8.695,8.695,8.695,19700.0
2025-08-07T11:58:13,8.695,8.695,8.63,8.63,10040.0
2025-08-07T11:58:14,8.655,8.655,8.625,8.625,400.0
2025-08-07T11:58:48,8.61,8.61,8.61,8.61,100.0
2025-08-07T11:58:56,8.61,8.61,8.6,8.6,803.0
2025-08-07T11:59:22,8.6198,8.6198,8.6198,8.6198,2091.0
2025-08-07T11:59:27,8.6,8.6,8.6,8.6,1959.0
2025-08-07T11:59:57,8.6,8.6,8.6,8.6,248.0
2025-08-07T11:59:58,8.6,8.6,8.6,8.6,100.0
2025-08-07T12:01:02,8.6,8.6,8.6,8.6,350.0
2025-08-07T12:01:12,8.6,8.6,8.6,8.6,100.0
2025-08-07T12:02:19,8.605,8.605,8.605,8.605,381.0
2025-08-07T12:03:12,8.59,8.59,8.57,8.57,1431.0
2025-08-07T12:04:27,8.58,8.58,8.58,8.58,330.0
2025-08-07T12:04:36,8.59,8.59,8.59,8.59,323.0
2025-08-07T12:05:01,8.575,8.575,8.575,8.575,100.0
2025-08-07T12:05:03,8.58,8.58,8.58,8.58,200.0
2025-08-07T12:05:26,8.58,8.58,8.58,8.58,200.0
2025-08-07T12:05:41,8.58,8.58,8.58,8.58,100.0
2025-08-07T12:05:42,8.59,8.59,8.59,8.59,1044.0
2025-08-07T12:05:57,8.57,8.57,8.57,8.57,128.0
2025-08-07T12:06:24,8.5854,8.5854,8.5854,8.5854,1759.0
2025-08-07T12:06:54,8.58,8.59,8.58,8.59,1124.0
2025-08-07T12:06:56,8.57,8.57,8.57,8.57,242.0
2025-08-07T12:07:10,8.59,8.59,8.59,8.59,566.0
2025-08-07T12:07:11,8.585,8.585,8.585,8.585,210.0
2025-08-07T12:07:44,8.585,8.6,8.585,8.6,1843.0
2025-08-07T12:07:45,8.585,8.585,8.585,8.585,210.0
2025-08-07T12:07:46,8.5703,8.5703,8.5703,8.5703,3109.0
2025-08-07T12:08:26,8.58,8.58,8.58,8.58,233.0
2025-08-07T12:08:36,8.58,8.58,8.58,8.58,198.0
2025-08-07T12:08:45,8.58,8.58,8.58,8.58,100.0
2025-08-07T12:08:52,8.57,8.57,8.55,8.55,1055.0
2025-08-07T12:08:53,8.55,8.55,8.55,8.55,258.0
2025-08-07T12:11:01,8.55,8.55,8.55,8.55,323.0
2025-08-07T12:11:21,8.55,8.55,8.55,8.55,100.0
2025-08-07T12:11:22,8.56,8.56,8.56,8.56,482.0
2025-08-07T12:11:31,8.56,8.56,8.56,8.56,200.0
2025-08-07T12:11:32,8.55,8.575,8.51,8.575,13070.0
2025-08-07T12:11:38,8.575,8.575,8.575,8.575,211.0
2025-08-07T12:12:30,8.58,8.58,8.58,8.58,421.0
2025-08-07T12:12:43,8.58,8.59,8.56,8.56,3079.0
2025-08-07T12:12:47,8.55,8.55,8.55,8.55,139.0
2025-08-07T12:12:51,8.565,8.565,8.565,8.565,125.0
2025-08-07T12:13:23,8.55,8.55,8.55,8.55,315.0
2025-08-07T12:14:01,8.55,8.55,8.55,8.55,100.0
2025-08-07T12:14:04,8.55,8.55,8.51,8.511,1709.0
2025-08-07T12:14:05,8.52,8.52,8.52,8.52,126.0
2025-08-07T12:14:07,8.53,8.53,8.53,8.53,330.0
2025-08-07T12:14:26,8.54,8.54,8.51,8.51,1284.0
2025-08-07T12:14:27,8.52,8.52,8.52,8.52,416.0
2025-08-07T12:14:45,8.52,8.52,8.52,8.52,100.0
2025-08-07T12:15:29,8.525,8.525,8.525,8.525,401.0
2025-08-07T12:15:35,8.525,8.525,8.525,8.525,129.0
2025-08-07T12:15:36,8.525,8.525,8.525,8.525,310.0
2025-08-07T12:15:37,8.525,8.525,8.525,8.525,100.0
2025-08-07T12:15:47,8.525,8.525,8.525,8.525,150.0
2025-08-07T12:16:26,8.525,8.525,8.525,8.525,100.0
2025-08-07T12:17:16,8.525,8.525,8.525,8.525,300.0
2025-08-07T12:18:25,8.51,8.51,8.51,8.51,819.0
2025-08-07T12:19:12,8.51,8.51,8.5,8.51,852.0
2025-08-07T12:19:34,8.51,8.53,8.51,8.53,951.0
2025-08-07T12:19:39,8.54,8.54,8.54,8.54,161.0
2025-08-07T12:20:49,8.5461,8.5461,8.5461,8.5461,200.0
2025-08-07T12:22:19,8.56,8.59,8.56,8.5765,450.0
2025-08-07T12:22:34,8.56,8.56,8.56,8.56,410.0
2025-08-07T12:24:48,8.57,8.57,8.57,8.57,100.0
2025-08-07T12:25:21,8.575,8.575,8.575,8.575,100.0
2025-08-07T12:25:36,8.5735,8.5735,8.5735,8.5735,100.0
2025-08-07T12:25:49,8.5601,8.5601,8.5601,8.5601,100.0
2025-08-07T12:26:16,8.575,8.575,8.575,8.575,100.0
2025-08-07T12:27:07,8.5797,8.5797,8.5797,8.5797,100.0
2025-08-07T12:28:01,8.58,8.58,8.58,8.58,101.0
2025-08-07T12:28:32,8.5798,8.5798,8.5798,8.5798,141.0
2025-08-07T12:28:48,8.57,8.57,8.57,8.57,424.0
2025-08-07T12:30:02,8.56,8.56,8.54,8.545,1030.0
2025-08-07T12:31:32,8.54,8.54,8.54,8.54,113.0
2025-08-07T12:31:33,8.54,8.54,8.54,8.54,422.0
2025-08-07T12:31:35,8.54,8.54,8.54,8.54,300.0
2025-08-07T12:31:38,8.535,8.535,8.535,8.535,135.0
2025-08-07T12:31:46,8.56,8.56,8.56,8.56,459.0
2025-08-07T12:31:48,8.57,8.57,8.57,8.57,536.0
2025-08-07T12:32:48,8.57,8.57,8.57,8.57,449.0
2025-08-07T12:33:09,8.56,8.56,8.55,8.55,511.0
2025-08-07T12:33:35,8.555,8.555,8.54,8.54,401.0
2025-08-07T12:34:48,8.5297,8.5297,8.5297,8.5297,650.0
2025-08-07T12:36:15,8.52,8.52,8.52,8.52,371.0
2025-08-07T12:36:16,8.52,8.52,8.52,8.52,100.0
2025-08-07T12:36:44,8.51,8.51,8.5,8.5,333.0
2025-08-07T12:38:22,8.485,8.485,8.485,8.485,100.0
2025-08-07T12:38:58,8.485,8.485,8.485,8.485,489.0
2025-08-07T12:39:14,8.4891,8.4891,8.4891,8.4891,100.0
2025-08-07T12:39:16,8.47,8.5,8.47,8.5,6992.0
2025-08-07T12:39:17,8.49,8.49,8.48,8.48,633.0
2025-08-07T12:39:41,8.475,8.475,8.475,8.475,100.0
2025-08-07T12:40:52,8.475,8.475,8.475,8.475,100.0
2025-08-07T12:40:59,8.46,8.4735,8.46,8.4735,300.0
2025-08-07T12:41:07,8.46,8.46,8.46,8.46,100.0
2025-08-07T12:41:17,8.47,8.47,8.47,8.47,125.0
2025-08-07T12:41:21,8.46,8.46,8.44,8.44,1202.0
2025-08-07T12:41:23,8.442,8.45,8.44,8.445,2483.0
2025-08-07T12:41:28,8.44,8.44,8.43,8.43,200.0
2025-08-07T12:41:31,8.4386,8.4386,8.4386,8.4386,500.0
2025-08-07T12:41:44,8.45,8.45,8.45,8.45,1051.0
2025-08-07T12:41:45,8.44,8.45,8.44,8.44,2355.0
2025-08-07T12:41:46,8.43,8.43,8.43,8.43,971.0
2025-08-07T12:41:51,8.43,8.43,8.43,8.43,1056.0
2025-08-07T12:42:01,8.4205,8.4205,8.4205,8.4205,1000.0
2025-08-07T12:42:16,8.42,8.42,8.42,8.42,216.0
2025-08-07T12:42:25,8.41,8.41,8.4,8.4,751.0
2025-08-07T12:42:32,8.4,8.4,8.4,8.4,100.0
2025-08-07T12:42:44,8.405,8.405,8.405,8.405,100.0
2025-08-07T12:42:49,8.4009,8.4009,8.4009,8.4009,1000.0
2025-08-07T12:42:50,8.41,8.41,8.41,8.41,260.0
2025-08-07T12:42:54,8.4,8.4,8.38,8.4,2464.0
2025-08-07T12:42:56,8.405,8.405,8.405,8.405,610.0
2025-08-07T12:42:58,8.4152,8.4152,8.405,8.405,3651.0
2025-08-07T12:43:02,8.3901,8.405,8.3901,8.405,525.0
2025-08-07T12:43:22,8.39,8.39,8.39,8.39,370.0
2025-08-07T12:43:43,8.38,8.38,8.38,8.38,4093.0
2025-08-07T12:43:46,8.385,8.385,8.385,8.385,200.0
2025-08-07T12:43:59,8.385,8.385,8.385,8.385,100.0
2025-08-07T12:44:01,8.37,8.37,8.37,8.37,203.0
2025-08-07T12:44:26,8.375,8.375,8.375,8.375,100.0
2025-08-07T12:44:47,8.37,8.37,8.36,8.36,422.0
2025-08-07T12:45:01,8.38,8.38,8.38,8.38,101.0
2025-08-07T12:45:32,8.397,8.397,8.397,8.397,178.0
2025-08-07T12:45:34,8.37,8.37,8.37,8.37,590.0
2025-08-07T12:46:21,8.4,8.42,8.4,8.42,2297.0
2025-08-07T12:46:23,8.4,8.4,8.4,8.4,214.0
2025-08-07T12:46:48,8.4,8.41,8.4,8.4,1536.0
2025-08-07T12:46:49,8.4,8.4,8.3401,8.3401,2408.0
2025-08-07T12:46:55,8.35,8.35,8.34,8.34,500.0
2025-08-07T12:48:06,8.33,8.33,8.32,8.32,1903.0
2025-08-07T12:48:46,8.34,8.34,8.34,8.34,1987.0
2025-08-07T12:49:07,8.322,8.326,8.32,8.32,2813.0
2025-08-07T12:50:26,8.35,8.35,8.35,8.35,1131.0
2025-08-07T12:51:03,8.355,8.355,8.355,8.355,100.0
2025-08-07T12:51:20,8.355,8.355,8.355,8.355,591.0
2025-08-07T12:51:21,8.38,8.38,8.38,8.38,1553.0
2025-08-07T12:51:58,8.38,8.38,8.38,8.38,731.0
2025-08-07T12:51:59,8.38,8.38,8.38,8.38,210.0
2025-08-07T12:52:22,8.38,8.38,8.37,8.37,370.0
2025-08-07T12:54:16,8.385,8.47,8.38,8.385,20628.0
2025-08-07T12:54:17,8.46,8.46,8.42,8.42,4143.0
2025-08-07T12:54:18,8.44,8.44,8.44,8.44,201.0
2025-08-07T12:54:21,8.445,8.445,8.445,8.445,101.0
2025-08-07T12:54:23,8.445,8.445,8.445,8.445,100.0
2025-08-07T12:55:05,8.5,8.5,8.5,8.5,127.0
2025-08-07T12:55:08,8.5,8.5,8.5,8.5,100.0
2025-08-07T12:55:40,8.5,8.5,8.5,8.5,700.0
2025-08-07T12:55:41,8.505,8.505,8.505,8.505,200.0
2025-08-07T12:56:04,8.505,8.505,8.505,8.505,200.0
2025-08-07T12:56:11,8.49,8.49,8.49,8.49,228.0
2025-08-07T12:56:13,8.49,8.49,8.48,8.48,745.0
2025-08-07T12:56:16,8.4731,8.4731,8.4731,8.4731,155.0
2025-08-07T12:57:45,8.47,8.47,8.47,8.47,341.0
2025-08-07T12:57:46,8.47,8.47,8.45,8.455,939.0
2025-08-07T12:58:00,8.43,8.44,8.43,8.44,508.0
2025-08-07T12:58:17,8.42,8.42,8.42,8.42,217.0
2025-08-07T12:58:19,8.41,8.41,8.41,8.41,300.0
2025-08-07T12:58:26,8.385,8.385,8.385,8.385,200.0
2025-08-07T12:59:10,8.41,8.41,8.41,8.41,107.0
2025-08-07T12:59:24,8.43,8.43,8.43,8.43,120.0
2025-08-07T13:00:06,8.41,8.41,8.41,8.41,205.0
2025-08-07T13:00:07,8.41,8.41,8.41,8.41,220.0
2025-08-07T13:00:10,8.41,8.41,8.41,8.41,220.0
2025-08-07T13:00:11,8.41,8.41,8.41,8.41,200.0
2025-08-07T13:00:57,8.42,8.42,8.42,8.42,1005.0
2025-08-07T13:01:06,8.41,8.41,8.41,8.41,100.0
2025-08-07T13:03:38,8.415,8.415,8.415,8.415,120.0
2025-08-07T13:03:42,8.4,8.4,8.4,8.4,141.0
2025-08-07T13:03:51,8.4,8.4,8.4,8.4,200.0
2025-08-07T13:03:58,8.39,8.41,8.39,8.41,3664.0
2025-08-07T13:04:02,8.41,8.41,8.41,8.41,116.0
2025-08-07T13:05:04,8.42,8.42,8.42,8.42,208.0
2025-08-07T13:05:39,8.415,8.415,8.415,8.415,100.0
2025-08-07T13:06:35,8.43,8.43,8.425,8.425,369.0
2025-08-07T13:07:24,8.425,8.44,8.425,8.44,697.0
2025-08-07T13:09:17,8.42,8.42,8.42,8.42,677.0
2025-08-07T13:10:19,8.42,8.42,8.42,8.42,120.0
2025-08-07T13:10:23,8.42,8.42,8.42,8.42,750.0
2025-08-07T13:11:28,8.4158,8.4158,8.4158,8.4158,100.0
2025-08-07T13:12:34,8.41,8.41,8.39,8.39,2477.0
2025-08-07T13:12:35,8.39,8.39,8.39,8.39,255.0
2025-08-07T13:12:41,8.3828,8.3828,8.3828,8.3828,300.0
2025-08-07T13:12:46,8.39,8.39,8.39,8.39,200.0
2025-08-07T13:13:26,8.39,8.39,8.39,8.39,200.0
2025-08-07T13:13:45,8.39,8.39,8.39,8.39,200.0
2025-08-07T13:13:48,8.39,8.39,8.39,8.39,440.0
2025-08-07T13:13:56,8.39,8.39,8.39,8.39,200.0
2025-08-07T13:14:11,8.39,8.39,8.39,8.39,216.0
2025-08-07T13:14:26,8.39,8.39,8.39,8.39,100.0
2025-08-07T13:14:57,8.4,8.4,8.4,8.4,190.0
2025-08-07T13:16:26,8.39,8.39,8.39,8.39,100.0
2025-08-07T13:16:59,8.385,8.385,8.385,8.385,1096.0
2025-08-07T13:17:43,8.4,8.4,8.4,8.4,592.0
2025-08-07T13:17:44,8.41,8.41,8.41,8.41,448.0
2025-08-07T13:18:42,8.4,8.4,8.4,8.4,453.0
2025-08-07T13:18:45,8.4,8.4,8.4,8.4,100.0
2025-08-07T13:18:56,8.39,8.39,8.39,8.39,2140.0
2025-08-07T13:19:56,8.385,8.385,8.385,8.385,302.0
2025-08-07T13:20:26,8.385,8.385,8.385,8.385,100.0
2025-08-07T13:20:54,8.39,8.39,8.39,8.39,475.0
2025-08-07T13:21:10,8.39,8.39,8.39,8.39,224.0
2025-08-07T13:21:26,8.39,8.39,8.39,8.39,100.0
2025-08-07T13:21:33,8.4,8.4,8.4,8.4,620.0
2025-08-07T13:22:27,8.3951,8.3951,8.3951,8.3951,101.0
2025-08-07T13:22:35,8.383,8.383,8.383,8.383,211.0
2025-08-07T13:22:41,8.395,8.395,8.395,8.395,101.0
2025-08-07T13:23:00,8.41,8.41,8.41,8.41,707.0
2025-08-07T13:23:02,8.42,8.42,8.42,8.42,323.0
2025-08-07T13:23:03,8.42,8.42,8.42,8.42,177.0
2025-08-07T13:23:17,8.4,8.4,8.39,8.39,2146.0
2025-08-07T13:23:39,8.39,8.39,8.39,8.39,614.0
2025-08-07T13:23:47,8.39,8.39,8.39,8.39,1997.0
2025-08-07T13:23:56,8.41,8.42,8.41,8.42,1254.0
2025-08-07T13:24:11,8.42,8.42,8.42,8.42,184.0
2025-08-07T13:24:45,8.44,8.44,8.44,8.44,120.0
2025-08-07T13:25:26,8.42,8.435,8.42,8.435,230.0
2025-08-07T13:25:50,8.45,8.45,8.45,8.45,830.0
2025-08-07T13:27:20,8.45,8.45,8.45,8.45,207.0
2025-08-07T13:27:21,8.45,8.45,8.45,8.45,100.0
2025-08-07T13:27:50,8.46,8.46,8.46,8.46,777.0
2025-08-07T13:27:51,8.46,8.46,8.44,8.44,2156.0
2025-08-07T13:27:55,8.43,8.43,8.39,8.39,6328.0
2025-08-07T13:28:33,8.4,8.4,8.4,8.4,105.0
2025-08-07T13:28:49,8.39,8.39,8.39,8.39,1256.0
2025-08-07T13:28:51,8.39,8.39,8.39,8.39,200.0
2025-08-07T13:29:11,8.39,8.39,8.39,8.39,100.0
2025-08-07T13:29:14,8.41,8.45,8.39,8.39,8425.0
2025-08-07T13:29:18,8.39,8.39,8.39,8.39,700.0
2025-08-07T13:29:19,8.41,8.42,8.4,8.4,1171.0
2025-08-07T13:29:26,8.395,8.395,8.395,8.395,100.0
2025-08-07T13:29:31,8.3764,8.3764,8.3764,8.3764,508.0
2025-08-07T13:29:38,8.39,8.39,8.39,8.39,200.0
2025-08-07T13:30:25,8.39,8.39,8.39,8.39,100.0
2025-08-07T13:30:49,8.39,8.39,8.39,8.39,140.0
2025-08-07T13:31:07,8.41,8.41,8.41,8.41,400.0
2025-08-07T13:31:26,8.385,8.385,8.385,8.385,100.0
2025-08-07T13:32:18,8.385,8.385,8.385,8.385,100.0
2025-08-07T13:32:23,8.4,8.4,8.4,8.4,1259.0
2025-08-07T13:32:24,8.4,8.41,8.4,8.41,300.0
2025-08-07T13:32:39,8.39,8.39,8.39,8.39,1540.0
2025-08-07T13:33:01,8.4,8.4,8.385,8.39,3055.0
2025-08-07T13:33:09,8.4,8.4,8.4,8.4,455.0
2025-08-07T13:33:37,8.39,8.39,8.39,8.39,285.0
2025-08-07T13:33:41,8.39,8.39,8.39,8.39,232.0
2025-08-07T13:34:26,8.4,8.4,8.4,8.4,200.0
2025-08-07T13:34:44,8.42,8.42,8.42,8.42,100.0
2025-08-07T13:35:33,8.41,8.41,8.41,8.41,110.0
2025-08-07T13:36:01,8.41,8.41,8.41,8.41,172.0
2025-08-07T13:36:07,8.43,8.43,8.43,8.43,200.0
2025-08-07T13:36:26,8.415,8.415,8.415,8.415,100.0
2025-08-07T13:37:02,8.415,8.415,8.415,8.415,100.0
2025-08-07T13:37:28,8.415,8.415,8.415,8.415,400.0
2025-08-07T13:37:39,8.4,8.4,8.4,8.4,128.0
2025-08-07T13:38:56,8.43,8.43,8.43,8.43,381.0
2025-08-07T13:39:00,8.43,8.43,8.43,8.43,400.0
2025-08-07T13:39:26,8.43,8.43,8.43,8.43,100.0
2025-08-07T13:39:34,8.42,8.42,8.4,8.4,1078.0
2025-08-07T13:39:48,8.4,8.4,8.4,8.4,220.0
2025-08-07T13:40:01,8.4,8.4,8.4,8.4,102.0
2025-08-07T13:40:36,8.4,8.4,8.4,8.4,100.0
2025-08-07T13:40:45,8.4,8.4,8.4,8.4,320.0
2025-08-07T13:41:33,8.4,8.4,8.4,8.4,200.0
2025-08-07T13:41:50,8.4,8.4,8.4,8.4,100.0
2025-08-07T13:41:56,8.4,8.4,8.4,8.4,210.0
2025-08-07T13:42:33,8.42,8.42,8.405,8.41,1829.0
2025-08-07T13:44:50,8.41,8.41,8.41,8.41,100.0
2025-08-07T13:46:51,8.39,8.39,8.39,8.39,100.0
2025-08-07T13:47:28,8.4,8.4,8.4,8.4,412.0
2025-08-07T13:47:29,8.39,8.39,8.382,8.39,5614.0
2025-08-07T13:47:33,8.39,8.4,8.39,8.4,971.0
2025-08-07T13:48:15,8.38,8.38,8.38,8.38,588.0
2025-08-07T13:48:16,8.38,8.38,8.38,8.38,624.0
2025-08-07T13:48:17,8.38,8.38,8.38,8.38,3788.0
2025-08-07T13:48:20,8.38,8.38,8.38,8.38,424.0
2025-08-07T13:48:21,8.38,8.38,8.38,8.38,207.0
2025-08-07T13:48:22,8.38,8.38,8.38,8.38,275.0
2025-08-07T13:48:25,8.38,8.38,8.38,8.38,2211.0
2025-08-07T13:48:27,8.38,8.38,8.38,8.38,398.0
2025-08-07T13:48:28,8.39,8.39,8.39,8.39,726.0
2025-08-07T13:48:31,8.385,8.385,8.385,8.385,200.0
2025-08-07T13:48:46,8.385,8.385,8.385,8.385,300.0
2025-08-07T13:48:54,8.4,8.4,8.4,8.4,1167.0
2025-08-07T13:49:39,8.4,8.4,8.4,8.4,1493.0
2025-08-07T13:50:23,8.4,8.4,8.4,8.4,100.0
2025-08-07T13:50:28,8.42,8.42,8.42,8.42,521.0
2025-08-07T13:50:51,8.42,8.42,8.42,8.42,100.0
2025-08-07T13:51:23,8.4,8.4,8.4,8.4,100.0
2025-08-07T13:53:42,8.42,8.42,8.42,8.42,900.0
2025-08-07T13:53:45,8.425,8.425,8.425,8.425,100.0
2025-08-07T13:54:30,8.425,8.425,8.425,8.425,100.0
2025-08-07T13:55:54,8.46,8.46,8.46,8.46,200.0
2025-08-07T13:58:00,8.44,8.44,8.42,8.42,1484.0
2025-08-07T13:58:01,8.41,8.41,8.41,8.41,100.0
2025-08-07T13:58:02,8.41,8.41,8.41,8.41,509.0
2025-08-07T13:58:03,8.41,8.41,8.41,8.41,130.0
2025-08-07T13:58:32,8.43,8.43,8.43,8.43,153.0
2025-08-07T13:58:50,8.41,8.41,8.41,8.41,400.0
2025-08-07T13:59:56,8.43,8.43,8.43,8.43,360.0
2025-08-07T14:01:10,8.41,8.41,8.41,8.41,200.0
2025-08-07T14:01:40,8.41,8.41,8.41,8.41,100.0
2025-08-07T14:02:23,8.39,8.39,8.39,8.39,202.0
2025-08-07T14:04:10,8.42,8.42,8.42,8.42,877.0
2025-08-07T14:04:12,8.43,8.43,8.43,8.43,788.0
2025-08-07T14:04:15,8.425,8.425,8.425,8.425,320.0
2025-08-07T14:04:28,8.425,8.425,8.425,8.425,300.0
2025-08-07T14:05:29,8.44,8.44,8.44,8.44,273.0
2025-08-07T14:05:30,8.44,8.44,8.44,8.44,720.0
2025-08-07T14:05:45,8.44,8.44,8.44,8.44,100.0
2025-08-07T14:06:31,8.42,8.42,8.41,8.42,2693.0
2025-08-07T14:07:29,8.4,8.4,8.395,8.4,1607.0
2025-08-07T14:07:43,8.41,8.41,8.41,8.41,686.0
2025-08-07T14:08:32,8.4051,8.4051,8.4051,8.4051,114.0
2025-08-07T14:09:21,8.4051,8.4051,8.4051,8.4051,100.0
2025-08-07T14:11:05,8.39,8.39,8.39,8.39,238.0
2025-08-07T14:12:03,8.42,8.42,8.42,8.42,1858.0
2025-08-07T14:12:07,8.42,8.42,8.42,8.42,220.0
2025-08-07T14:12:13,8.42,8.42,8.42,8.42,100.0
2025-08-07T14:12:54,8.41,8.41,8.41,8.41,533.0
2025-08-07T14:13:47,8.4,8.4,8.4,8.4,829.0
2025-08-07T14:15:32,8.4,8.4,8.4,8.4,123.0
2025-08-07T14:16:13,8.39,8.4018,8.39,8.4018,3844.0
2025-08-07T14:16:16,8.39,8.39,8.37,8.39,8531.0
2025-08-07T14:16:18,8.385,8.385,8.385,8.385,197.0
2025-08-07T14:16:19,8.4,8.4,8.4,8.4,806.0
2025-08-07T14:19:40,8.395,8.395,8.395,8.395,100.0
2025-08-07T14:19:53,8.39,8.39,8.39,8.39,1544.0
2025-08-07T14:20:05,8.4,8.41,8.4,8.41,1481.0
2025-08-07T14:20:08,8.41,8.41,8.41,8.41,100.0
2025-08-07T14:20:10,8.41,8.41,8.41,8.41,230.0
2025-08-07T14:20:17,8.41,8.41,8.4,8.4,656.0
2025-08-07T14:20:21,8.4,8.4,8.37,8.375,6456.0
2025-08-07T14:20:22,8.365,8.39,8.34,8.34,2091.0
2025-08-07T14:21:16,8.325,8.325,8.325,8.325,520.0
2025-08-07T14:21:17,8.34,8.34,8.34,8.34,481.0
2025-08-07T14:21:26,8.35,8.35,8.35,8.35,135.0
2025-08-07T14:23:39,8.37,8.38,8.37,8.38,681.0
2025-08-07T14:23:40,8.38,8.38,8.38,8.38,712.0
2025-08-07T14:25:22,8.38,8.38,8.38,8.38,100.0
2025-08-07T14:28:17,8.4,8.4,8.4,8.4,190.0
2025-08-07T14:30:13,8.4,8.41,8.4,8.41,2091.0
2025-08-07T14:30:18,8.435,8.435,8.435,8.435,433.0
2025-08-07T14:30:36,8.42,8.42,8.41,8.41,841.0
2025-08-07T14:31:09,8.39,8.4,8.39,8.4,207.0
2025-08-07T14:32:31,8.43,8.43,8.43,8.43,365.0
2025-08-07T14:33:38,8.43,8.43,8.43,8.43,141.0
2025-08-07T14:33:43,8.42,8.42,8.42,8.42,1414.0
2025-08-07T14:34:40,8.41,8.41,8.41,8.41,783.0
2025-08-07T14:35:29,8.405,8.405,8.405,8.405,121.0
2025-08-07T14:36:41,8.395,8.41,8.39,8.4,1287.0
2025-08-07T14:36:42,8.4,8.4,8.4,8.4,125.0
2025-08-07T14:36:54,8.4,8.4,8.4,8.4,100.0
2025-08-07T14:37:52,8.4,8.4,8.4,8.4,300.0
2025-08-07T14:38:02,8.41,8.41,8.41,8.41,520.0
2025-08-07T14:39:05,8.418,8.418,8.418,8.418,100.0
2025-08-07T14:39:50,8.4,8.41,8.395,8.395,1829.0
2025-08-07T14:39:52,8.39,8.39,8.39,8.39,603.0
2025-08-07T14:39:59,8.385,8.385,8.385,8.385,100.0
2025-08-07T14:40:24,8.38,8.38,8.38,8.38,217.0
2025-08-07T14:40:25,8.38,8.38,8.38,8.38,313.0
2025-08-07T14:40:26,8.37,8.37,8.37,8.37,203.0
2025-08-07T14:41:22,8.36,8.36,8.36,8.36,300.0
2025-08-07T14:43:05,8.37,8.38,8.37,8.375,896.0
2025-08-07T14:43:54,8.375,8.375,8.375,8.375,100.0
2025-08-07T14:44:53,8.375,8.375,8.375,8.375,100.0
2025-08-07T14:45:08,8.375,8.375,8.375,8.375,100.0
2025-08-07T14:45:33,8.39,8.39,8.39,8.39,477.0
2025-08-07T14:45:47,8.385,8.385,8.385,8.385,460.0
2025-08-07T14:46:17,8.3701,8.3701,8.3701,8.3701,130.0
2025-08-07T14:47:30,8.4,8.4,8.4,8.4,201.0
2025-08-07T14:47:37,8.4,8.4,8.4,8.4,100.0
2025-08-07T14:47:41,8.4,8.4,8.4,8.4,100.0
2025-08-07T14:47:47,8.39,8.39,8.39,8.39,100.0
2025-08-07T14:48:20,8.39,8.39,8.39,8.39,1045.0
2025-08-07T14:48:21,8.38,8.38,8.38,8.38,571.0
2025-08-07T14:48:22,8.38,8.38,8.38,8.38,100.0
2025-08-07T14:48:29,8.39,8.39,8.39,8.39,1595.0
2025-08-07T14:48:38,8.405,8.405,8.405,8.405,225.0
2025-08-07T14:49:09,8.395,8.395,8.395,8.395,443.0
2025-08-07T14:49:58,8.39,8.39,8.385,8.385,703.0
2025-08-07T14:50:04,8.385,8.39,8.385,8.39,931.0
2025-08-07T14:50:05,8.39,8.39,8.39,8.39,143.0
2025-08-07T14:50:07,8.39,8.39,8.39,8.39,426.0
2025-08-07T14:50:27,8.3837,8.3837,8.3837,8.3837,200.0
2025-08-07T14:50:28,8.39,8.39,8.39,8.39,150.0
2025-08-07T14:51:07,8.4,8.41,8.4,8.41,1134.0
2025-08-07T14:52:27,8.415,8.415,8.415,8.415,100.0
2025-08-07T14:54:00,8.44,8.44,8.44,8.44,576.0
2025-08-07T14:55:30,8.49,8.49,8.49,8.49,100.0
2025-08-07T14:55:37,8.49,8.49,8.49,8.49,110.0
2025-08-07T14:55:55,8.49,8.49,8.49,8.49,100.0
2025-08-07T14:56:07,8.5,8.5,8.5,8.5,239.0
2025-08-07T14:56:33,8.48,8.48,8.48,8.48,100.0
2025-08-07T14:56:38,8.47,8.47,8.46,8.46,1378.0
2025-08-07T14:56:40,8.46,8.46,8.46,8.46,382.0
2025-08-07T14:56:58,8.47,8.47,8.47,8.47,319.0
2025-08-07T14:57:02,8.48,8.48,8.48,8.48,354.0
2025-08-07T14:57:03,8.49,8.5,8.49,8.5,563.0
2025-08-07T14:57:07,8.5,8.5,8.5,8.5,2010.0
2025-08-07T14:57:13,8.5,8.5,8.5,8.5,100.0
2025-08-07T14:57:27,8.49,8.49,8.49,8.49,420.0
2025-08-07T14:57:38,8.495,8.495,8.495,8.495,100.0
2025-08-07T14:58:15,8.495,8.495,8.495,8.495,200.0
2025-08-07T14:58:24,8.495,8.495,8.495,8.495,820.0
2025-08-07T14:58:26,8.495,8.495,8.495,8.495,125.0
2025-08-07T14:59:03,8.5099,8.5099,8.5099,8.5099,1243.0
2025-08-07T14:59:50,8.5,8.5,8.48,8.48,267.0
2025-08-07T15:00:21,8.53,8.55,8.5285,8.55,1148.0
2025-08-07T15:00:24,8.56,8.66,8.55,8.56,20365.0
2025-08-07T15:00:25,8.57,8.57,8.549,8.549,2152.0
2025-08-07T15:00:26,8.57,8.57,8.57,8.57,100.0
2025-08-07T15:00:27,8.57,8.57,8.57,8.57,1587.0
2025-08-07T15:01:04,8.565,8.565,8.565,8.565,210.0
2025-08-07T15:01:25,8.57,8.57,8.57,8.57,400.0
2025-08-07T15:01:32,8.565,8.565,8.565,8.565,200.0
2025-08-07T15:01:48,8.57,8.57,8.57,8.57,100.0
2025-08-07T15:02:05,8.565,8.565,8.565,8.565,200.0
2025-08-07T15:02:08,8.56,8.56,8.53,8.54,3415.0
2025-08-07T15:02:09,8.525,8.525,8.525,8.525,147.0
2025-08-07T15:02:20,8.525,8.525,8.51,8.51,3779.0
2025-08-07T15:02:21,8.51,8.51,8.51,8.51,930.0
2025-08-07T15:02:35,8.5228,8.5228,8.5228,8.5228,375.0
2025-08-07T15:02:49,8.51,8.51,8.5,8.5,1027.0
2025-08-07T15:02:50,8.51,8.54,8.51,8.54,1815.0
2025-08-07T15:03:09,8.54,8.54,8.54,8.54,1392.0
2025-08-07T15:03:20,8.53,8.53,8.515,8.515,1375.0
2025-08-07T15:03:30,8.53,8.53,8.53,8.53,124.0
2025-08-07T15:03:39,8.53,8.53,8.53,8.53,604.0
2025-08-07T15:03:42,8.53,8.53,8.53,8.53,533.0
2025-08-07T15:03:52,8.53,8.53,8.53,8.53,122.0
2025-08-07T15:04:02,8.53,8.53,8.53,8.53,323.0
2025-08-07T15:04:36,8.55,8.55,8.55,8.55,213.0
2025-08-07T15:04:37,8.55,8.55,8.55,8.55,100.0
2025-08-07T15:04:45,8.56,8.56,8.55,8.55,1080.0
2025-08-07T15:05:28,8.55,8.55,8.55,8.55,123.0
2025-08-07T15:05:33,8.56,8.56,8.56,8.56,582.0
2025-08-07T15:06:03,8.575,8.575,8.575,8.575,140.0
2025-08-07T15:07:01,8.57,8.57,8.57,8.57,100.0
2025-08-07T15:07:36,8.56,8.56,8.56,8.56,1360.0
2025-08-07T15:07:39,8.5599,8.5599,8.555,8.555,563.0
2025-08-07T15:07:40,8.555,8.555,8.555,8.555,100.0
2025-08-07T15:07:47,8.56,8.56,8.56,8.56,100.0
2025-08-07T15:08:02,8.57,8.57,8.57,8.57,292.0
2025-08-07T15:09:14,8.57,8.57,8.57,8.57,100.0
2025-08-07T15:09:28,8.57,8.57,8.57,8.57,148.0
2025-08-07T15:10:51,8.57,8.57,8.57,8.57,2384.0
2025-08-07T15:10:52,8.57,8.57,8.57,8.57,452.0
2025-08-07T15:12:03,8.58,8.58,8.58,8.58,100.0
2025-08-07T15:12:04,8.59,8.59,8.59,8.59,110.0
2025-08-07T15:12:24,8.58,8.58,8.58,8.58,114.0
2025-08-07T15:12:30,8.59,8.59,8.59,8.59,568.0
2025-08-07T15:12:31,8.59,8.59,8.59,8.59,528.0
2025-08-07T15:12:52,8.59,8.59,8.59,8.59,300.0
2025-08-07T15:13:02,8.59,8.59,8.59,8.59,730.0
2025-08-07T15:13:03,8.59,8.59,8.59,8.59,280.0
2025-08-07T15:13:13,8.59,8.59,8.59,8.59,135.0
2025-08-07T15:14:10,8.5742,8.5742,8.5742,8.5742,688.0
2025-08-07T15:14:15,8.59,8.59,8.59,8.59,100.0
2025-08-07T15:14:53,8.57,8.575,8.56,8.575,2864.0
2025-08-07T15:15:24,8.585,8.585,8.585,8.585,300.0
2025-08-07T15:15:49,8.58,8.58,8.57,8.57,971.0
2025-08-07T15:16:07,8.55,8.55,8.55,8.55,429.0
2025-08-07T15:17:07,8.54,8.54,8.53,8.53,1319.0
2025-08-07T15:17:28,8.535,8.535,8.535,8.535,100.0
2025-08-07T15:18:05,8.52,8.52,8.52,8.52,421.0
2025-08-07T15:18:06,8.515,8.515,8.515,8.515,324.0
2025-08-07T15:18:07,8.515,8.515,8.515,8.515,540.0
2025-08-07T15:18:14,8.5117,8.5117,8.5117,8.5117,200.0
2025-08-07T15:18:19,8.515,8.515,8.515,8.515,400.0
2025-08-07T15:18:20,8.515,8.53,8.515,8.53,400.0
2025-08-07T15:18:21,8.53,8.53,8.53,8.53,386.0
2025-08-07T15:20:20,8.54,8.54,8.54,8.54,450.0
2025-08-07T15:21:39,8.54,8.54,8.54,8.54,100.0
2025-08-07T15:21:46,8.54,8.54,8.54,8.54,523.0
2025-08-07T15:21:59,8.54,8.54,8.54,8.54,100.0
2025-08-07T15:22:13,8.52,8.52,8.515,8.515,1939.0
2025-08-07T15:22:14,8.52,8.52,8.45,8.5,15508.0
2025-08-07T15:22:21,8.44,8.44,8.43,8.44,8840.0
2025-08-07T15:22:24,8.43,8.43,8.43,8.43,543.0
2025-08-07T15:22:46,8.42,8.42,8.41,8.41,1628.0
2025-08-07T15:22:51,8.41,8.41,8.41,8.41,100.0
2025-08-07T15:24:05,8.39,8.39,8.39,8.39,158.0
2025-08-07T15:24:34,8.4,8.4,8.38,8.38,265.0
2025-08-07T15:24:44,8.38,8.38,8.38,8.38,226.0
2025-08-07T15:24:58,8.38,8.38,8.38,8.38,742.0
2025-08-07T15:25:24,8.37,8.37,8.37,8.37,996.0
2025-08-07T15:25:49,8.362,8.362,8.362,8.362,500.0
2025-08-07T15:26:54,8.37,8.37,8.37,8.37,246.0
2025-08-07T15:26:55,8.37,8.37,8.37,8.37,401.0
2025-08-07T15:26:56,8.37,8.37,8.37,8.37,600.0
2025-08-07T15:27:01,8.36,8.36,8.36,8.36,112.0
2025-08-07T15:28:06,8.37,8.375,8.37,8.375,711.0
2025-08-07T15:28:10,8.3755,8.3755,8.3755,8.3755,100.0
2025-08-07T15:28:24,8.37,8.37,8.365,8.365,1708.0
2025-08-07T15:28:25,8.36,8.36,8.355,8.355,796.0
2025-08-07T15:28:39,8.36,8.36,8.36,8.36,100.0
2025-08-07T15:29:43,8.36,8.36,8.36,8.36,111.0
2025-08-07T15:30:02,8.36,8.37,8.36,8.36,2045.0
2025-08-07T15:30:38,8.37,8.37,8.37,8.37,400.0
2025-08-07T15:30:57,8.38,8.38,8.37,8.37,3832.0
2025-08-07T15:31:23,8.3601,8.3605,8.3601,8.3605,600.0
2025-08-07T15:31:25,8.36,8.36,8.35,8.35,1612.0
2025-08-07T15:31:38,8.355,8.355,8.355,8.355,338.0
2025-08-07T15:31:51,8.355,8.36,8.35,8.36,2191.0
2025-08-07T15:31:59,8.35,8.35,8.35,8.35,100.0
2025-08-07T15:32:33,8.35,8.35,8.35,8.35,100.0
2025-08-07T15:32:37,8.35,8.35,8.35,8.35,100.0
2025-08-07T15:32:50,8.35,8.35,8.35,8.35,300.0
2025-08-07T15:32:51,8.34,8.34,8.335,8.335,1192.0
2025-08-07T15:32:52,8.33,8.33,8.33,8.33,600.0
2025-08-07T15:32:54,8.32,8.32,8.32,8.32,764.0
2025-08-07T15:33:11,8.32,8.32,8.32,8.32,577.0
2025-08-07T15:33:13,8.31,8.31,8.27,8.293,3325.0
2025-08-07T15:33:14,8.3,8.3,8.3,8.3,1212.0
2025-08-07T15:33:16,8.31,8.31,8.31,8.31,300.0
2025-08-07T15:33:19,8.3011,8.31,8.3011,8.31,1070.0
2025-08-07T15:33:33,8.31,8.31,8.31,8.31,248.0
2025-08-07T15:33:50,8.31,8.31,8.31,8.31,445.0
2025-08-07T15:34:00,8.305,8.31,8.3007,8.3007,789.0
2025-08-07T15:34:08,8.3,8.3,8.3,8.3,121.0
2025-08-07T15:34:27,8.31,8.31,8.31,8.31,119.0
2025-08-07T15:34:35,8.31,8.31,8.31,8.31,270.0
2025-08-07T15:34:42,8.31,8.31,8.31,8.31,161.0
2025-08-07T15:34:57,8.31,8.31,8.31,8.31,100.0
2025-08-07T15:35:02,8.31,8.31,8.31,8.31,651.0
2025-08-07T15:35:12,8.31,8.31,8.31,8.31,203.0
2025-08-07T15:35:16,8.32,8.32,8.32,8.32,109.0
2025-08-07T15:35:27,8.31,8.31,8.31,8.31,190.0
2025-08-07T15:35:43,8.31,8.31,8.31,8.31,170.0
2025-08-07T15:35:59,8.31,8.31,8.31,8.31,190.0
2025-08-07T15:36:10,8.31,8.31,8.31,8.31,100.0
2025-08-07T15:36:14,8.31,8.31,8.31,8.31,245.0
2025-08-07T15:36:19,8.31,8.31,8.31,8.31,192.0
2025-08-07T15:36:20,8.31,8.31,8.31,8.31,140.0
2025-08-07T15:36:29,8.31,8.31,8.31,8.31,132.0
2025-08-07T15:36:32,8.32,8.32,8.32,8.32,916.0
2025-08-07T15:36:33,8.32,8.32,8.32,8.32,318.0
2025-08-07T15:36:35,8.32,8.32,8.32,8.32,127.0
2025-08-07T15:36:47,8.32,8.32,8.32,8.32,100.0
2025-08-07T15:37:17,8.32,8.34,8.32,8.34,6366.0
2025-08-07T15:37:18,8.34,8.34,8.34,8.34,315.0
2025-08-07T15:37:19,8.34,8.34,8.33,8.33,1043.0
2025-08-07T15:37:26,8.34,8.34,8.34,8.34,100.0
2025-08-07T15:37:37,8.35,8.35,8.34,8.34,996.0
2025-08-07T15:38:03,8.355,8.355,8.355,8.355,177.0
2025-08-07T15:38:06,8.355,8.355,8.34,8.34,1815.0
2025-08-07T15:38:07,8.33,8.33,8.33,8.33,255.0
2025-08-07T15:38:16,8.32,8.32,8.305,8.305,816.0
2025-08-07T15:38:54,8.315,8.315,8.315,8.315,100.0
2025-08-07T15:39:14,8.31,8.31,8.31,8.31,129.0
2025-08-07T15:39:15,8.31,8.31,8.31,8.31,292.0
2025-08-07T15:39:30,8.3,8.3,8.29,8.29,769.0
2025-08-07T15:39:51,8.28,8.29,8.28,8.29,925.0
2025-08-07T15:40:10,8.3,8.3,8.3,8.3,313.0
2025-08-07T15:40:30,8.3,8.31,8.3,8.3,870.0
2025-08-07T15:40:37,8.295,8.295,8.295,8.295,200.0
2025-08-07T15:40:43,8.2948,8.2948,8.2948,8.2948,148.0
2025-08-07T15:41:01,8.2901,8.2901,8.27,8.27,5303.0
2025-08-07T15:41:04,8.275,8.275,8.275,8.275,200.0
2025-08-07T15:41:23,8.27,8.27,8.25,8.25,686.0
2025-08-07T15:41:24,8.25,8.252,8.25,8.252,375.0
2025-08-07T15:41:33,8.26,8.2736,8.26,8.2736,1016.0
2025-08-07T15:41:44,8.29,8.29,8.29,8.29,284.0
2025-08-07T15:41:49,8.29,8.29,8.29,8.29,150.0
2025-08-07T15:42:14,8.29,8.29,8.29,8.29,144.0
2025-08-07T15:42:22,8.2901,8.2901,8.2839,8.29,1520.0
2025-08-07T15:42:37,8.29,8.29,8.29,8.29,301.0
2025-08-07T15:42:46,8.28,8.28,8.27,8.27,1398.0
2025-08-07T15:42:54,8.275,8.28,8.275,8.28,306.0
2025-08-07T15:43:04,8.28,8.28,8.28,8.28,125.0
2025-08-07T15:43:19,8.28,8.28,8.28,8.28,120.0
2025-08-07T15:43:43,8.28,8.28,8.28,8.28,305.0
2025-08-07T15:43:50,8.28,8.28,8.27,8.27,851.0
2025-08-07T15:43:51,8.26,8.26,8.255,8.255,862.0
2025-08-07T15:44:15,8.28,8.28,8.28,8.28,190.0
2025-08-07T15:44:23,8.29,8.29,8.29,8.29,129.0
2025-08-07T15:44:44,8.28,8.29,8.28,8.29,711.0
2025-08-07T15:44:45,8.28,8.28,8.28,8.28,527.0
2025-08-07T15:44:53,8.28,8.28,8.28,8.28,204.0
2025-08-07T15:45:00,8.28,8.28,8.28,8.28,360.0
2025-08-07T15:45:15,8.28,8.28,8.28,8.28,229.0
2025-08-07T15:45:21,8.28,8.28,8.28,8.28,304.0
2025-08-07T15:45:23,8.27,8.27,8.27,8.27,1165.0
2025-08-07T15:45:34,8.25,8.25,8.25,8.25,529.0
2025-08-07T15:45:38,8.24,8.24,8.2,8.21,8495.0
2025-08-07T15:45:39,8.211,8.211,8.211,8.211,240.0
2025-08-07T15:46:03,8.23,8.23,8.23,8.23,100.0
2025-08-07T15:46:15,8.22,8.22,8.22,8.22,153.0
2025-08-07T15:46:16,8.23,8.23,8.23,8.23,250.0
2025-08-07T15:46:33,8.22,8.22,8.22,8.22,1111.0
2025-08-07T15:46:38,8.235,8.24,8.235,8.24,1935.0
2025-08-07T15:46:41,8.22,8.22,8.22,8.22,344.0
2025-08-07T15:46:42,8.23,8.23,8.23,8.23,200.0
2025-08-07T15:46:43,8.23,8.23,8.23,8.23,543.0
2025-08-07T15:46:55,8.23,8.23,8.23,8.23,200.0
2025-08-07T15:47:06,8.23,8.23,8.23,8.23,511.0
2025-08-07T15:47:16,8.23,8.23,8.23,8.23,400.0
2025-08-07T15:47:39,8.24,8.24,8.225,8.225,1863.0
2025-08-07T15:47:40,8.22,8.22,8.22,8.22,821.0
2025-08-07T15:47:41,8.22,8.22,8.22,8.22,170.0
2025-08-07T15:47:44,8.23,8.23,8.23,8.23,752.0
2025-08-07T15:47:51,8.24,8.24,8.24,8.24,1408.0
2025-08-07T15:48:28,8.25,8.25,8.25,8.25,531.0
2025-08-07T15:48:37,8.24,8.24,8.23,8.23,1826.0
2025-08-07T15:48:38,8.23,8.23,8.23,8.23,217.0
2025-08-07T15:48:47,8.2324,8.2324,8.2324,8.2324,1109.0
2025-08-07T15:49:09,8.245,8.245,8.245,8.245,162.0
2025-08-07T15:49:25,8.245,8.245,8.245,8.245,100.0
2025-08-07T15:49:33,8.25,8.25,8.25,8.25,723.0
2025-08-07T15:49:35,8.245,8.245,8.245,8.245,400.0
2025-08-07T15:49:38,8.245,8.245,8.245,8.245,225.0
2025-08-07T15:50:00,8.24,8.245,8.24,8.245,2248.0
2025-08-07T15:50:01,8.23,8.23,8.2,8.21,1988.0
2025-08-07T15:50:02,8.2,8.205,8.2,8.205,596.0
2025-08-07T15:50:11,8.205,8.205,8.205,8.205,300.0
2025-08-07T15:50:31,8.205,8.22,8.205,8.205,2670.0
2025-08-07T15:50:48,8.21,8.21,8.21,8.21,186.0
2025-08-07T15:51:04,8.21,8.21,8.21,8.21,149.0
2025-08-07T15:51:06,8.21,8.21,8.21,8.21,307.0
2025-08-07T15:51:11,8.21,8.22,8.21,8.22,642.0
2025-08-07T15:51:14,8.2105,8.2105,8.2105,8.2105,103.0
2025-08-07T15:51:24,8.205,8.21,8.205,8.21,1303.0
2025-08-07T15:51:47,8.21,8.21,8.21,8.21,2167.0
2025-08-07T15:52:07,8.21,8.21,8.21,8.21,421.0
2025-08-07T15:52:26,8.215,8.215,8.215,8.215,200.0
2025-08-07T15:52:29,8.215,8.215,8.19,8.19,3898.0
2025-08-07T15:52:32,8.185,8.195,8.185,8.195,3524.0
2025-08-07T15:52:34,8.195,8.2,8.195,8.2,524.0
2025-08-07T15:52:46,8.195,8.195,8.195,8.195,1794.0
2025-08-07T15:52:51,8.195,8.195,8.195,8.195,318.0
2025-08-07T15:52:56,8.195,8.195,8.195,8.195,253.0
2025-08-07T15:53:10,8.195,8.195,8.195,8.195,112.0
2025-08-07T15:53:11,8.195,8.195,8.195,8.195,216.0
2025-08-07T15:53:27,8.195,8.195,8.195,8.195,121.0
2025-08-07T15:53:30,8.195,8.195,8.195,8.195,630.0
2025-08-07T15:53:38,8.19,8.19,8.165,8.165,3660.0
2025-08-07T15:53:40,8.165,8.165,8.165,8.165,228.0
2025-08-07T15:53:45,8.165,8.17,8.165,8.17,2704.0
2025-08-07T15:53:47,8.17,8.175,8.16,8.175,1666.0
2025-08-07T15:53:48,8.165,8.1899,8.165,8.1899,2491.0
2025-08-07T15:53:49,8.18,8.19,8.18,8.19,1544.0
2025-08-07T15:53:50,8.18,8.18,8.18,8.18,1344.0
2025-08-07T15:53:54,8.18,8.18,8.18,8.18,322.0
2025-08-07T15:54:04,8.18,8.19,8.18,8.185,3319.0
2025-08-07T15:54:06,8.18,8.18,8.15,8.18,11296.0
2025-08-07T15:54:07,8.18,8.18,8.18,8.18,100.0
2025-08-07T15:54:09,8.18,8.18,8.18,8.18,400.0
2025-08-07T15:54:10,8.17,8.17,8.17,8.17,1152.0
2025-08-07T15:54:19,8.175,8.175,8.175,8.175,131.0
2025-08-07T15:54:23,8.175,8.175,8.175,8.175,100.0
2025-08-07T15:54:25,8.18,8.2,8.18,8.2,5713.0
2025-08-07T15:54:40,8.2,8.22,8.2,8.2,9856.0
2025-08-07T15:54:42,8.2025,8.2025,8.2,8.2,2108.0
2025-08-07T15:54:45,8.1901,8.1901,8.1901,8.1901,104.0
2025-08-07T15:54:47,8.195,8.2,8.195,8.2,417.0
2025-08-07T15:54:50,8.19,8.19,8.18,8.18,1735.0
2025-08-07T15:55:00,8.17,8.17,8.16,8.16,1209.0
2025-08-07T15:55:15,8.16,8.16,8.16,8.16,251.0
2025-08-07T15:55:30,8.16,8.16,8.16,8.16,101.0
2025-08-07T15:55:34,8.16,8.16,8.16,8.16,253.0
2025-08-07T15:55:46,8.16,8.16,8.16,8.16,100.0
2025-08-07T15:55:59,8.16,8.18,8.16,8.16,5820.0
2025-08-07T15:56:00,8.16,8.16,8.14,8.14,8300.0
2025-08-07T15:56:01,8.125,8.1425,8.125,8.1425,4396.0
2025-08-07T15:56:05,8.135,8.14,8.135,8.135,2678.0
2025-08-07T15:56:06,8.135,8.145,8.135,8.145,2262.0
2025-08-07T15:56:10,8.14,8.14,8.115,8.115,4333.0
2025-08-07T15:56:11,8.12,8.12,8.12,8.12,1586.0
2025-08-07T15:56:12,8.125,8.125,8.12,8.12,744.0
2025-08-07T15:56:13,8.12,8.12,8.12,8.12,1500.0
2025-08-07T15:56:18,8.11,8.11,8.11,8.11,6955.0
2025-08-07T15:56:19,8.12,8.13,8.12,8.13,2315.0
2025-08-07T15:56:25,8.14,8.14,8.14,8.14,405.0
2025-08-07T15:56:28,8.15,8.155,8.15,8.155,1817.0
2025-08-07T15:56:34,8.16,8.16,8.16,8.16,978.0
2025-08-07T15:56:36,8.16,8.165,8.16,8.165,27717.0
2025-08-07T15:56:44,8.17,8.17,8.17,8.17,1382.0
2025-08-07T15:57:00,8.18,8.18,8.18,8.18,103.0
2025-08-07T15:57:30,8.18,8.18,8.18,8.18,686.0
2025-08-07T15:57:32,8.18,8.18,8.18,8.18,320.0
2025-08-07T15:57:33,8.18,8.185,8.18,8.185,517.0
2025-08-07T15:57:41,8.185,8.185,8.185,8.185,867.0
2025-08-07T15:57:42,8.19,8.19,8.19,8.19,344.0
2025-08-07T15:57:48,8.185,8.185,8.185,8.185,136.0
2025-08-07T15:57:54,8.19,8.215,8.19,8.215,3661.0
2025-08-07T15:58:01,8.215,8.215,8.215,8.215,223.0
2025-08-07T15:58:02,8.21,8.21,8.21,8.21,7387.0
2025-08-07T15:58:03,8.2,8.2,8.2,8.2,102.0
2025-08-07T15:58:05,8.2,8.2,8.2,8.2,698.0
2025-08-07T15:58:06,8.205,8.205,8.205,8.205,127.0
2025-08-07T15:58:07,8.21,8.225,8.21,8.225,5614.0
2025-08-07T15:58:08,8.225,8.225,8.225,8.225,119.0
2025-08-07T15:58:09,8.23,8.23,8.23,8.23,1605.0
2025-08-07T15:58:10,8.235,8.235,8.235,8.235,104.0
2025-08-07T15:58:22,8.24,8.24,8.235,8.235,387.0
2025-08-07T15:58:24,8.24,8.24,8.235,8.235,2297.0
2025-08-07T15:58:25,8.235,8.235,8.23,8.23,407.0
2025-08-07T15:58:27,8.235,8.235,8.235,8.235,100.0
2025-08-07T15:58:28,8.23,8.23,8.23,8.23,3632.0
2025-08-07T15:58:30,8.235,8.235,8.235,8.235,202.0
2025-08-07T15:58:39,8.23,8.23,8.23,8.23,203.0
2025-08-07T15:58:42,8.23,8.23,8.23,8.23,124.0
2025-08-07T15:58:44,8.235,8.235,8.235,8.235,200.0
2025-08-07T15:58:48,8.235,8.235,8.235,8.235,249.0
2025-08-07T15:58:49,8.235,8.235,8.235,8.235,100.0
2025-08-07T15:58:50,8.235,8.235,8.235,8.235,193.0
2025-08-07T15:58:52,8.235,8.25,8.235,8.24,9258.0
2025-08-07T15:58:53,8.245,8.245,8.245,8.245,200.0
2025-08-07T15:58:54,8.245,8.245,8.235,8.235,4941.0
2025-08-07T15:58:55,8.235,8.235,8.22,8.22,5339.0
2025-08-07T15:58:56,8.225,8.225,8.215,8.215,616.0
2025-08-07T15:58:57,8.215,8.215,8.215,8.215,102.0
2025-08-07T15:58:58,8.22,8.22,8.22,8.22,302.0
2025-08-07T15:58:59,8.215,8.23,8.215,8.22,2160.0
2025-08-07T15:59:16,8.21,8.219,8.21,8.219,598.0
2025-08-07T15:59:17,8.215,8.215,8.215,8.215,124.0
2025-08-07T15:59:19,8.215,8.215,8.215,8.215,323.0
2025-08-07T15:59:23,8.215,8.215,8.215,8.215,258.0
2025-08-07T15:59:25,8.21,8.21,8.21,8.21,3414.0
2025-08-07T15:59:26,8.21,8.21,8.205,8.205,634.0
2025-08-07T15:59:27,8.2,8.205,8.2,8.205,324.0
2025-08-07T15:59:28,8.2,8.205,8.2,8.205,2833.0
2025-08-07T15:59:30,8.205,8.205,8.2,8.2,703.0
2025-08-07T15:59:32,8.195,8.195,8.195,8.195,854.0
2025-08-07T15:59:33,8.195,8.195,8.195,8.195,310.0
2025-08-07T15:59:34,8.19,8.19,8.19,8.19,110.0
2025-08-07T15:59:35,8.192,8.192,8.19,8.19,1090.0
2025-08-07T15:59:36,8.19,8.19,8.19,8.19,409.0
2025-08-07T15:59:37,8.195,8.195,8.195,8.195,100.0
2025-08-07T15:59:38,8.19,8.19,8.19,8.19,127.0
2025-08-07T15:59:40,8.19,8.19,8.19,8.19,988.0
2025-08-07T15:59:41,8.195,8.2,8.195,8.2,221.0
2025-08-07T15:59:42,8.195,8.2,8.195,8.2,939.0
2025-08-07T15:59:43,8.195,8.195,8.1937,8.195,462.0
2025-08-07T15:59:45,8.19,8.205,8.19,8.205,2042.0
2025-08-07T15:59:46,8.2,8.2,8.2,8.2,358.0
2025-08-07T15:59:49,8.21,8.21,8.21,8.21,232.0
2025-08-07T15:59:50,8.21,8.21,8.19,8.19,2750.0
2025-08-07T15:59:51,8.21,8.21,8.2,8.2,475.0
2025-08-07T15:59:52,8.2,8.2,8.2,8.2,568.0
2025-08-07T15:59:53,8.21,8.22,8.21,8.22,546.0
2025-08-07T15:59:54,8.22,8.22,8.2,8.2,383.0
2025-08-07T15:59:55,8.22,8.22,8.19,8.19,1137.0
2025-08-07T15:59:58,8.21,8.215,8.21,8.215,609.0
2025-08-07T15:59:59,8.215,8.215,8.2,8.2,667.0
